월,품목명,HS코드,국가코드,국가명,수출금액_USD,수출중량_KG
2020.01,화장품,330499,CN,중국,143033743,5423222
2020.01,화장품,330499,FR,프랑스,2930974,102810
2020.01,화장품,330499,GB,영국,2312914,79476
2020.01,화장품,330499,HK,홍콩,57402720,1794254
2020.01,화장품,330499,JP,일본,24535112,660151
2020.01,화장품,330499,OTHER,기타,81754172,4054076
2020.01,화장품,330499,PL,폴란드,1183720,40691
2020.01,화장품,330499,US,미국,22668243,1120903
2020.01,화장품,330499,VN,베트남,14630172,349289
2020.01,기초화장품,3304991000,CN,중국,88027312,3354758
2020.01,기초화장품,3304991000,FR,프랑스,2335369,83106
2020.01,기초화장품,3304991000,GB,영국,608366,18632
2020.01,기초화장품,3304991000,HK,홍콩,41033846,1037717
2020.01,기초화장품,3304991000,JP,일본,11020331,334973
2020.01,기초화장품,3304991000,OTHER,기타,46977010,2217873
2020.01,기초화장품,3304991000,PL,폴란드,516893,23678
2020.01,기초화장품,3304991000,US,미국,12773644,572401
2020.01,기초화장품,3304991000,VN,베트남,7377102,214216
2020.01,메이크업화장품,3304992000,CN,중국,12959102,182332
2020.01,메이크업화장품,3304992000,FR,프랑스,374703,10966
2020.01,메이크업화장품,3304992000,GB,영국,4163,169
2020.01,메이크업화장품,3304992000,HK,홍콩,4544834,43970
2020.01,메이크업화장품,3304992000,JP,일본,6813073,136846
2020.01,메이크업화장품,3304992000,OTHER,기타,6943027,240655
2020.01,메이크업화장품,3304992000,PL,폴란드,26861,190
2020.01,메이크업화장품,3304992000,US,미국,4687823,108774
2020.01,메이크업화장품,3304992000,VN,베트남,2323339,30807
2020.01,마스크팩,3307904000,CN,중국,8303268,529094
2020.01,마스크팩,3307904000,FR,프랑스,356312,21501
2020.01,마스크팩,3307904000,GB,영국,150890,10942
2020.01,마스크팩,3307904000,HK,홍콩,2277085,111468
2020.01,마스크팩,3307904000,JP,일본,1383288,100346
2020.01,마스크팩,3307904000,OTHER,기타,4730054,457014
2020.01,마스크팩,3307904000,PL,폴란드,47245,6274
2020.01,마스크팩,3307904000,US,미국,1720843,111467
2020.01,마스크팩,3307904000,VN,베트남,177586,16524
2020.01,변압기,8504,CN,중국,27251607,999180
2020.01,변압기,8504,FR,프랑스,1220084,19415
2020.01,변압기,8504,GB,영국,35273,484
2020.01,변압기,8504,HK,홍콩,3865915,139661
2020.01,변압기,8504,JP,일본,6161697,390634
2020.01,변압기,8504,OTHER,기타,59584690,3706411
2020.01,변압기,8504,PL,폴란드,5291768,145268
2020.01,변압기,8504,US,미국,26448928,1527889
2020.01,변압기,8504,VN,베트남,14576899,487095
2020.01,반도체,8542,CN,중국,2501414984,357358
2020.01,반도체,8542,FR,프랑스,10605017,1898
2020.01,반도체,8542,GB,영국,353276,188
2020.01,반도체,8542,HK,홍콩,1340394705,189607
2020.01,반도체,8542,JP,일본,48664497,13961
2020.01,반도체,8542,OTHER,기타,1104051460,614066
2020.01,반도체,8542,PL,폴란드,11392405,7966
2020.01,반도체,8542,US,미국,109834067,17754
2020.01,반도체,8542,VN,베트남,989496032,127678
2020.02,화장품,330499,CN,중국,183965533,7417915
2020.02,화장품,330499,FR,프랑스,2860242,93626
2020.02,화장품,330499,GB,영국,2063348,61252
2020.02,화장품,330499,HK,홍콩,43576901,1183378
2020.02,화장품,330499,JP,일본,25133561,668380
2020.02,화장품,330499,OTHER,기타,84676123,4145851
2020.02,화장품,330499,PL,폴란드,1986136,119672
2020.02,화장품,330499,US,미국,22917064,1088065
2020.02,화장품,330499,VN,베트남,20396654,504522
2020.02,기초화장품,3304991000,CN,중국,110268642,4167908
2020.02,기초화장품,3304991000,FR,프랑스,1494762,54053
2020.02,기초화장품,3304991000,GB,영국,845727,35146
2020.02,기초화장품,3304991000,HK,홍콩,34665187,812566
2020.02,기초화장품,3304991000,JP,일본,11121565,370462
2020.02,기초화장품,3304991000,OTHER,기타,48459727,2505097
2020.02,기초화장품,3304991000,PL,폴란드,902471,83264
2020.02,기초화장품,3304991000,US,미국,13409021,588037
2020.02,기초화장품,3304991000,VN,베트남,10239687,303959
2020.02,메이크업화장품,3304992000,CN,중국,16756236,245070
2020.02,메이크업화장품,3304992000,FR,프랑스,1019700,21497
2020.02,메이크업화장품,3304992000,GB,영국,4147,238
2020.02,메이크업화장품,3304992000,HK,홍콩,1875042,31988
2020.02,메이크업화장품,3304992000,JP,일본,7927941,136779
2020.02,메이크업화장품,3304992000,OTHER,기타,6623145,190319
2020.02,메이크업화장품,3304992000,PL,폴란드,260934,6835
2020.02,메이크업화장품,3304992000,US,미국,2920552,72415
2020.02,메이크업화장품,3304992000,VN,베트남,2621307,51847
2020.02,마스크팩,3307904000,CN,중국,20371943,1378594
2020.02,마스크팩,3307904000,FR,프랑스,287159,14014
2020.02,마스크팩,3307904000,GB,영국,219289,12999
2020.02,마스크팩,3307904000,HK,홍콩,946722,75204
2020.02,마스크팩,3307904000,JP,일본,1398176,99734
2020.02,마스크팩,3307904000,OTHER,기타,4724152,413298
2020.02,마스크팩,3307904000,PL,폴란드,97188,12360
2020.02,마스크팩,3307904000,US,미국,1093274,100926
2020.02,마스크팩,3307904000,VN,베트남,154171,20216
2020.02,변압기,8504,CN,중국,27436672,2070315
2020.02,변압기,8504,FR,프랑스,78694,1458
2020.02,변압기,8504,GB,영국,76508,1281
2020.02,변압기,8504,HK,홍콩,2842731,88513
2020.02,변압기,8504,JP,일본,8675290,534692
2020.02,변압기,8504,OTHER,기타,72409849,6067888
2020.02,변압기,8504,PL,폴란드,6179255,159252
2020.02,변압기,8504,US,미국,30622047,2124026
2020.02,변압기,8504,VN,베트남,16383999,525355
2020.02,반도체,8542,CN,중국,2445875832,344468
2020.02,반도체,8542,FR,프랑스,11996187,1640
2020.02,반도체,8542,GB,영국,462372,284
2020.02,반도체,8542,HK,홍콩,1597344024,204143
2020.02,반도체,8542,JP,일본,39023417,10913
2020.02,반도체,8542,OTHER,기타,1116460417,572974
2020.02,반도체,8542,PL,폴란드,12550573,9416
2020.02,반도체,8542,US,미국,91527636,18487
2020.02,반도체,8542,VN,베트남,950223432,128431
2020.03,화장품,330499,CN,중국,297553505,11031502
2020.03,화장품,330499,FR,프랑스,1531462,54602
2020.03,화장품,330499,GB,영국,1850530,75774
2020.03,화장품,330499,HK,홍콩,92689710,1949294
2020.03,화장품,330499,JP,일본,39724725,1234585
2020.03,화장품,330499,OTHER,기타,87029213,4337845
2020.03,화장품,330499,PL,폴란드,2237767,131373
2020.03,화장품,330499,US,미국,29620827,1426149
2020.03,화장품,330499,VN,베트남,18290624,580548
2020.03,기초화장품,3304991000,CN,중국,187600323,6490868
2020.03,기초화장품,3304991000,FR,프랑스,954838,40795
2020.03,기초화장품,3304991000,GB,영국,1110424,48837
2020.03,기초화장품,3304991000,HK,홍콩,76980565,1601580
2020.03,기초화장품,3304991000,JP,일본,16140379,545071
2020.03,기초화장품,3304991000,OTHER,기타,49176991,2505365
2020.03,기초화장품,3304991000,PL,폴란드,1117967,72114
2020.03,기초화장품,3304991000,US,미국,16789427,781267
2020.03,기초화장품,3304991000,VN,베트남,9352499,300516
2020.03,메이크업화장품,3304992000,CN,중국,24954858,329811
2020.03,메이크업화장품,3304992000,FR,프랑스,344290,7814
2020.03,메이크업화장품,3304992000,GB,영국,8923,35
2020.03,메이크업화장품,3304992000,HK,홍콩,5313643,58493
2020.03,메이크업화장품,3304992000,JP,일본,14254410,256126
2020.03,메이크업화장품,3304992000,OTHER,기타,5728157,153376
2020.03,메이크업화장품,3304992000,PL,폴란드,56135,1345
2020.03,메이크업화장품,3304992000,US,미국,2467157,74627
2020.03,메이크업화장품,3304992000,VN,베트남,1899890,37021
2020.03,마스크팩,3307904000,CN,중국,45420003,3690142
2020.03,마스크팩,3307904000,FR,프랑스,496961,27974
2020.03,마스크팩,3307904000,GB,영국,252150,14841
2020.03,마스크팩,3307904000,HK,홍콩,3484196,286708
2020.03,마스크팩,3307904000,JP,일본,1701422,113702
2020.03,마스크팩,3307904000,OTHER,기타,6916994,645052
2020.03,마스크팩,3307904000,PL,폴란드,249351,16555
2020.03,마스크팩,3307904000,US,미국,1777415,124192
2020.03,마스크팩,3307904000,VN,베트남,256393,30043
2020.03,변압기,8504,CN,중국,32013390,1908322
2020.03,변압기,8504,FR,프랑스,74762,2982
2020.03,변압기,8504,GB,영국,4785845,716556
2020.03,변압기,8504,HK,홍콩,4135357,139152
2020.03,변압기,8504,JP,일본,7733656,508242
2020.03,변압기,8504,OTHER,기타,88121938,8034976
2020.03,변압기,8504,PL,폴란드,8306740,177704
2020.03,변압기,8504,US,미국,32179773,2533162
2020.03,변압기,8504,VN,베트남,18529260,1013459
2020.03,반도체,8542,CN,중국,2861702054,396093
2020.03,반도체,8542,FR,프랑스,9979602,1555
2020.03,반도체,8542,GB,영국,741575,232
2020.03,반도체,8542,HK,홍콩,1933457132,234057
2020.03,반도체,8542,JP,일본,63033585,13263
2020.03,반도체,8542,OTHER,기타,1225891250,667881
2020.03,반도체,8542,PL,폴란드,9100897,5447
2020.03,반도체,8542,US,미국,105247100,20271
2020.03,반도체,8542,VN,베트남,1013680200,131735
2020.04,화장품,330499,CN,중국,197326821,7513494
2020.04,화장품,330499,FR,프랑스,2211395,71944
2020.04,화장품,330499,GB,영국,2200807,111079
2020.04,화장품,330499,HK,홍콩,45526965,1259982
2020.04,화장품,330499,JP,일본,43612830,2661699
2020.04,화장품,330499,OTHER,기타,63615884,3394229
2020.04,화장품,330499,PL,폴란드,1509701,161751
2020.04,화장품,330499,US,미국,28613139,1552889
2020.04,화장품,330499,VN,베트남,9301976,354466
2020.04,기초화장품,3304991000,CN,중국,121055795,4632654
2020.04,기초화장품,3304991000,FR,프랑스,1014415,36600
2020.04,기초화장품,3304991000,GB,영국,1040786,37732
2020.04,기초화장품,3304991000,HK,홍콩,35565916,978329
2020.04,기초화장품,3304991000,JP,일본,16031072,602098
2020.04,기초화장품,3304991000,OTHER,기타,37045160,1901797
2020.04,기초화장품,3304991000,PL,폴란드,1109611,104476
2020.04,기초화장품,3304991000,US,미국,14806849,723735
2020.04,기초화장품,3304991000,VN,베트남,5174391,196257
2020.04,메이크업화장품,3304992000,CN,중국,18032034,289568
2020.04,메이크업화장품,3304992000,FR,프랑스,874538,22420
2020.04,메이크업화장품,3304992000,GB,영국,12327,128
2020.04,메이크업화장품,3304992000,HK,홍콩,2524585,36593
2020.04,메이크업화장품,3304992000,JP,일본,10583080,166276
2020.04,메이크업화장품,3304992000,OTHER,기타,5246005,135691
2020.04,메이크업화장품,3304992000,PL,폴란드,23362,256
2020.04,메이크업화장품,3304992000,US,미국,3232583,90897
2020.04,메이크업화장품,3304992000,VN,베트남,747764,28291
2020.04,마스크팩,3307904000,CN,중국,35179367,2178462
2020.04,마스크팩,3307904000,FR,프랑스,705889,34236
2020.04,마스크팩,3307904000,GB,영국,682623,56561
2020.04,마스크팩,3307904000,HK,홍콩,2306225,209349
2020.04,마스크팩,3307904000,JP,일본,2060096,128745
2020.04,마스크팩,3307904000,OTHER,기타,4923439,427168
2020.04,마스크팩,3307904000,PL,폴란드,297733,24241
2020.04,마스크팩,3307904000,US,미국,2817450,190962
2020.04,마스크팩,3307904000,VN,베트남,75835,10314
2020.04,변압기,8504,CN,중국,26603768,1126918
2020.04,변압기,8504,FR,프랑스,2901016,110182
2020.04,변압기,8504,GB,영국,3037612,409988
2020.04,변압기,8504,HK,홍콩,4528904,143971
2020.04,변압기,8504,JP,일본,6656476,403416
2020.04,변압기,8504,OTHER,기타,56505688,5041173
2020.04,변압기,8504,PL,폴란드,5540931,80319
2020.04,변압기,8504,US,미국,41889475,3389863
2020.04,변압기,8504,VN,베트남,10423715,466074
2020.04,반도체,8542,CN,중국,2807893178,398576
2020.04,반도체,8542,FR,프랑스,8782095,1625
2020.04,반도체,8542,GB,영국,490703,218
2020.04,반도체,8542,HK,홍콩,1348346111,210468
2020.04,반도체,8542,JP,일본,49643241,13996
2020.04,반도체,8542,OTHER,기타,964984527,569546
2020.04,반도체,8542,PL,폴란드,858867,566
2020.04,반도체,8542,US,미국,73187394,14360
2020.04,반도체,8542,VN,베트남,481477920,74714
2020.05,화장품,330499,CN,중국,215734553,7926995
2020.05,화장품,330499,FR,프랑스,2853479,86459
2020.05,화장품,330499,GB,영국,2009827,72693
2020.05,화장품,330499,HK,홍콩,39696564,1107078
2020.05,화장품,330499,JP,일본,53297210,4660312
2020.05,화장품,330499,OTHER,기타,61163345,3031562
2020.05,화장품,330499,PL,폴란드,1356878,119929
2020.05,화장품,330499,US,미국,24928756,1294923
2020.05,화장품,330499,VN,베트남,10809054,396559
2020.05,기초화장품,3304991000,CN,중국,145081622,4759103
2020.05,기초화장품,3304991000,FR,프랑스,1369384,53527
2020.05,기초화장품,3304991000,GB,영국,1295738,48281
2020.05,기초화장품,3304991000,HK,홍콩,32850580,905100
2020.05,기초화장품,3304991000,JP,일본,16370712,591526
2020.05,기초화장품,3304991000,OTHER,기타,33367429,1648085
2020.05,기초화장품,3304991000,PL,폴란드,887552,66225
2020.05,기초화장품,3304991000,US,미국,14928077,693634
2020.05,기초화장품,3304991000,VN,베트남,6370045,270982
2020.05,메이크업화장품,3304992000,CN,중국,12394531,186828
2020.05,메이크업화장품,3304992000,FR,프랑스,859833,16153
2020.05,메이크업화장품,3304992000,GB,영국,3613,102
2020.05,메이크업화장품,3304992000,HK,홍콩,1244082,22820
2020.05,메이크업화장품,3304992000,JP,일본,8581572,151799
2020.05,메이크업화장품,3304992000,OTHER,기타,3624315,105994
2020.05,메이크업화장품,3304992000,PL,폴란드,40651,1468
2020.05,메이크업화장품,3304992000,US,미국,2534202,89672
2020.05,메이크업화장품,3304992000,VN,베트남,763969,23349
2020.05,마스크팩,3307904000,CN,중국,25842037,2051946
2020.05,마스크팩,3307904000,FR,프랑스,400735,20897
2020.05,마스크팩,3307904000,GB,영국,813352,50241
2020.05,마스크팩,3307904000,HK,홍콩,2453815,192606
2020.05,마스크팩,3307904000,JP,일본,1242531,84357
2020.05,마스크팩,3307904000,OTHER,기타,4784934,400550
2020.05,마스크팩,3307904000,PL,폴란드,84097,9150
2020.05,마스크팩,3307904000,US,미국,1714653,131188
2020.05,마스크팩,3307904000,VN,베트남,440506,40319
2020.05,변압기,8504,CN,중국,26370261,1055289
2020.05,변압기,8504,FR,프랑스,34603,427
2020.05,변압기,8504,GB,영국,6218214,865864
2020.05,변압기,8504,HK,홍콩,4037058,137352
2020.05,변압기,8504,JP,일본,8528456,459626
2020.05,변압기,8504,OTHER,기타,44142783,2774263
2020.05,변압기,8504,PL,폴란드,5330004,119372
2020.05,변압기,8504,US,미국,26594889,2114304
2020.05,변압기,8504,VN,베트남,26242847,933705
2020.05,반도체,8542,CN,중국,3455568451,396357
2020.05,반도체,8542,FR,프랑스,8340577,1523
2020.05,반도체,8542,GB,영국,513449,309
2020.05,반도체,8542,HK,홍콩,1329060291,192938
2020.05,반도체,8542,JP,일본,41052406,14432
2020.05,반도체,8542,OTHER,기타,1120459567,518325
2020.05,반도체,8542,PL,폴란드,1585021,748
2020.05,반도체,8542,US,미국,85371053,16251
2020.05,반도체,8542,VN,베트남,592540511,86027
2020.06,화장품,330499,CN,중국,206436890,8320762
2020.06,화장품,330499,FR,프랑스,4470387,116999
2020.06,화장품,330499,GB,영국,3146665,150255
2020.06,화장품,330499,HK,홍콩,30861661,1056407
2020.06,화장품,330499,JP,일본,32937011,1403845
2020.06,화장품,330499,OTHER,기타,81090376,3901295
2020.06,화장품,330499,PL,폴란드,2371475,114938
2020.06,화장품,330499,US,미국,32124640,1745334
2020.06,화장품,330499,VN,베트남,14144369,455971
2020.06,기초화장품,3304991000,CN,중국,145194891,5112157
2020.06,기초화장품,3304991000,FR,프랑스,1800580,50982
2020.06,기초화장품,3304991000,GB,영국,1669284,100506
2020.06,기초화장품,3304991000,HK,홍콩,25085675,808097
2020.06,기초화장품,3304991000,JP,일본,15028812,451487
2020.06,기초화장품,3304991000,OTHER,기타,43368691,2143709
2020.06,기초화장품,3304991000,PL,폴란드,1189065,87475
2020.06,기초화장품,3304991000,US,미국,21161500,1077386
2020.06,기초화장품,3304991000,VN,베트남,7180872,256646
2020.06,메이크업화장품,3304992000,CN,중국,10348727,183768
2020.06,메이크업화장품,3304992000,FR,프랑스,1577859,41957
2020.06,메이크업화장품,3304992000,GB,영국,15512,540
2020.06,메이크업화장품,3304992000,HK,홍콩,1552518,22869
2020.06,메이크업화장품,3304992000,JP,일본,7377118,117618
2020.06,메이크업화장품,3304992000,OTHER,기타,4271360,110292
2020.06,메이크업화장품,3304992000,PL,폴란드,39999,447
2020.06,메이크업화장품,3304992000,US,미국,2169616,69255
2020.06,메이크업화장품,3304992000,VN,베트남,1120976,26379
2020.06,마스크팩,3307904000,CN,중국,21579273,1796259
2020.06,마스크팩,3307904000,FR,프랑스,480067,22481
2020.06,마스크팩,3307904000,GB,영국,345758,27131
2020.06,마스크팩,3307904000,HK,홍콩,1878326,139769
2020.06,마스크팩,3307904000,JP,일본,764903,65466
2020.06,마스크팩,3307904000,OTHER,기타,5694625,516581
2020.06,마스크팩,3307904000,PL,폴란드,62125,4673
2020.06,마스크팩,3307904000,US,미국,2466787,189429
2020.06,마스크팩,3307904000,VN,베트남,706427,71851
2020.06,변압기,8504,CN,중국,28710351,1067912
2020.06,변압기,8504,FR,프랑스,4501716,72426
2020.06,변압기,8504,GB,영국,4998494,677284
2020.06,변압기,8504,HK,홍콩,3628843,114695
2020.06,변압기,8504,JP,일본,8785409,558143
2020.06,변압기,8504,OTHER,기타,59562661,4849803
2020.06,변압기,8504,PL,폴란드,9323070,165630
2020.06,변압기,8504,US,미국,32618203,1832878
2020.06,변압기,8504,VN,베트남,16237604,674561
2020.06,반도체,8542,CN,중국,3103252992,438131
2020.06,반도체,8542,FR,프랑스,11562495,1778
2020.06,반도체,8542,GB,영국,5033240,351
2020.06,반도체,8542,HK,홍콩,1396202136,198848
2020.06,반도체,8542,JP,일본,65240618,16311
2020.06,반도체,8542,OTHER,기타,1265299566,537358
2020.06,반도체,8542,PL,폴란드,8324938,3901
2020.06,반도체,8542,US,미국,94100977,20162
2020.06,반도체,8542,VN,베트남,776159605,125479
2020.07,화장품,330499,CN,중국,212646599,7990692
2020.07,화장품,330499,FR,프랑스,2455574,71076
2020.07,화장품,330499,GB,영국,3412426,120206
2020.07,화장품,330499,HK,홍콩,44168832,1409976
2020.07,화장품,330499,JP,일본,37203138,994309
2020.07,화장품,330499,OTHER,기타,86302334,4338709
2020.07,화장품,330499,PL,폴란드,1385250,58439
2020.07,화장품,330499,US,미국,37390466,1812288
2020.07,화장품,330499,VN,베트남,13999382,490507
2020.07,기초화장품,3304991000,CN,중국,146941696,5231888
2020.07,기초화장품,3304991000,FR,프랑스,1463781,46222
2020.07,기초화장품,3304991000,GB,영국,1393332,51354
2020.07,기초화장품,3304991000,HK,홍콩,36092907,1121442
2020.07,기초화장품,3304991000,JP,일본,17464624,506018
2020.07,기초화장품,3304991000,OTHER,기타,46744957,2421078
2020.07,기초화장품,3304991000,PL,폴란드,675169,37003
2020.07,기초화장품,3304991000,US,미국,25063970,1187428
2020.07,기초화장품,3304991000,VN,베트남,6339225,265786
2020.07,메이크업화장품,3304992000,CN,중국,15803801,233043
2020.07,메이크업화장품,3304992000,FR,프랑스,853093,21369
2020.07,메이크업화장품,3304992000,GB,영국,29723,560
2020.07,메이크업화장품,3304992000,HK,홍콩,2115732,29004
2020.07,메이크업화장품,3304992000,JP,일본,9531308,161287
2020.07,메이크업화장품,3304992000,OTHER,기타,4602308,122473
2020.07,메이크업화장품,3304992000,PL,폴란드,45106,366
2020.07,메이크업화장품,3304992000,US,미국,1769488,49902
2020.07,메이크업화장품,3304992000,VN,베트남,859675,19073
2020.07,마스크팩,3307904000,CN,중국,16529470,1474751
2020.07,마스크팩,3307904000,FR,프랑스,260834,17723
2020.07,마스크팩,3307904000,GB,영국,277064,22461
2020.07,마스크팩,3307904000,HK,홍콩,2865375,196653
2020.07,마스크팩,3307904000,JP,일본,1488831,113007
2020.07,마스크팩,3307904000,OTHER,기타,7784175,686796
2020.07,마스크팩,3307904000,PL,폴란드,287263,15949
2020.07,마스크팩,3307904000,US,미국,4544773,342198
2020.07,마스크팩,3307904000,VN,베트남,1039818,115532
2020.07,변압기,8504,CN,중국,36518746,1334004
2020.07,변압기,8504,FR,프랑스,106267,1599
2020.07,변압기,8504,GB,영국,2364958,238209
2020.07,변압기,8504,HK,홍콩,3417519,97775
2020.07,변압기,8504,JP,일본,5428546,490837
2020.07,변압기,8504,OTHER,기타,75299385,5104966
2020.07,변압기,8504,PL,폴란드,9486805,189369
2020.07,변압기,8504,US,미국,35530318,2260710
2020.07,변압기,8504,VN,베트남,25296488,865070
2020.07,반도체,8542,CN,중국,3200176680,446274
2020.07,반도체,8542,FR,프랑스,7597033,1745
2020.07,반도체,8542,GB,영국,591934,233
2020.07,반도체,8542,HK,홍콩,1063179049,194943
2020.07,반도체,8542,JP,일본,46866957,14935
2020.07,반도체,8542,OTHER,기타,1251682423,540259
2020.07,반도체,8542,PL,폴란드,23292991,9308
2020.07,반도체,8542,US,미국,128697316,30167
2020.07,반도체,8542,VN,베트남,912794095,150631
2020.08,화장품,330499,CN,중국,243980822,9576823
2020.08,화장품,330499,FR,프랑스,1827852,53958
2020.08,화장품,330499,GB,영국,4311700,173117
2020.08,화장품,330499,HK,홍콩,35112480,967152
2020.08,화장품,330499,JP,일본,32182123,933975
2020.08,화장품,330499,OTHER,기타,76474568,4009873
2020.08,화장품,330499,PL,폴란드,1112945,25071
2020.08,화장품,330499,US,미국,33145943,1748005
2020.08,화장품,330499,VN,베트남,14518110,465638
2020.08,기초화장품,3304991000,CN,중국,166534608,6458671
2020.08,기초화장품,3304991000,FR,프랑스,876443,24451
2020.08,기초화장품,3304991000,GB,영국,1495475,52017
2020.08,기초화장품,3304991000,HK,홍콩,26312284,674679
2020.08,기초화장품,3304991000,JP,일본,15477066,395835
2020.08,기초화장품,3304991000,OTHER,기타,43314371,2335586
2020.08,기초화장품,3304991000,PL,폴란드,482669,12266
2020.08,기초화장품,3304991000,US,미국,21854994,1062023
2020.08,기초화장품,3304991000,VN,베트남,7627252,227697
2020.08,메이크업화장품,3304992000,CN,중국,14510095,251046
2020.08,메이크업화장품,3304992000,FR,프랑스,770792,20988
2020.08,메이크업화장품,3304992000,GB,영국,5336,169
2020.08,메이크업화장품,3304992000,HK,홍콩,1887977,41703
2020.08,메이크업화장품,3304992000,JP,일본,8531267,140311
2020.08,메이크업화장품,3304992000,OTHER,기타,3130754,103540
2020.08,메이크업화장품,3304992000,PL,폴란드,104971,1188
2020.08,메이크업화장품,3304992000,US,미국,2665835,76759
2020.08,메이크업화장품,3304992000,VN,베트남,1008726,23835
2020.08,마스크팩,3307904000,CN,중국,18074968,1327751
2020.08,마스크팩,3307904000,FR,프랑스,108775,4508
2020.08,마스크팩,3307904000,GB,영국,534320,46549
2020.08,마스크팩,3307904000,HK,홍콩,2843425,196699
2020.08,마스크팩,3307904000,JP,일본,2334560,122103
2020.08,마스크팩,3307904000,OTHER,기타,5163608,442707
2020.08,마스크팩,3307904000,PL,폴란드,268874,14006
2020.08,마스크팩,3307904000,US,미국,3268262,195245
2020.08,마스크팩,3307904000,VN,베트남,621178,54286
2020.08,변압기,8504,CN,중국,32457217,1215089
2020.08,변압기,8504,FR,프랑스,5310015,82987
2020.08,변압기,8504,GB,영국,141758,10618
2020.08,변압기,8504,HK,홍콩,3088564,102070
2020.08,변압기,8504,JP,일본,5352474,483189
2020.08,변압기,8504,OTHER,기타,56740782,3747600
2020.08,변압기,8504,PL,폴란드,10343368,217839
2020.08,변압기,8504,US,미국,28330290,1544680
2020.08,변압기,8504,VN,베트남,22154784,1680505
2020.08,반도체,8542,CN,중국,3266904216,445109
2020.08,반도체,8542,FR,프랑스,6377841,1313
2020.08,반도체,8542,GB,영국,2038696,354
2020.08,반도체,8542,HK,홍콩,1166551467,223862
2020.08,반도체,8542,JP,일본,51924434,16302
2020.08,반도체,8542,OTHER,기타,1368170079,605916
2020.08,반도체,8542,PL,폴란드,20748147,7490
2020.08,반도체,8542,US,미국,138072612,34548
2020.08,반도체,8542,VN,베트남,1011824157,155129
2020.09,화장품,330499,CN,중국,361013240,13793307
2020.09,화장품,330499,FR,프랑스,1374396,48071
2020.09,화장품,330499,GB,영국,5754064,204763
2020.09,화장품,330499,HK,홍콩,50901440,1516151
2020.09,화장품,330499,JP,일본,46457314,1459223
2020.09,화장품,330499,OTHER,기타,105710220,5003061
2020.09,화장품,330499,PL,폴란드,2418666,108332
2020.09,화장품,330499,US,미국,37926326,1732259
2020.09,화장품,330499,VN,베트남,20208288,516117
2020.09,기초화장품,3304991000,CN,중국,227095162,8744104
2020.09,기초화장품,3304991000,FR,프랑스,647046,33280
2020.09,기초화장품,3304991000,GB,영국,2742225,119741
2020.09,기초화장품,3304991000,HK,홍콩,41798011,1242778
2020.09,기초화장품,3304991000,JP,일본,18453655,570416
2020.09,기초화장품,3304991000,OTHER,기타,57253633,2911162
2020.09,기초화장품,3304991000,PL,폴란드,1280463,73621
2020.09,기초화장품,3304991000,US,미국,25010665,1043212
2020.09,기초화장품,3304991000,VN,베트남,12520804,288331
2020.09,메이크업화장품,3304992000,CN,중국,32825431,438223
2020.09,메이크업화장품,3304992000,FR,프랑스,348995,6699
2020.09,메이크업화장품,3304992000,GB,영국,9860,269
2020.09,메이크업화장품,3304992000,HK,홍콩,2224297,46058
2020.09,메이크업화장품,3304992000,JP,일본,14237796,236592
2020.09,메이크업화장품,3304992000,OTHER,기타,5772732,151830
2020.09,메이크업화장품,3304992000,PL,폴란드,47508,521
2020.09,메이크업화장품,3304992000,US,미국,3131632,104335
2020.09,메이크업화장품,3304992000,VN,베트남,834073,18602
2020.09,마스크팩,3307904000,CN,중국,36011921,2838534
2020.09,마스크팩,3307904000,FR,프랑스,177639,9316
2020.09,마스크팩,3307904000,GB,영국,450414,40194
2020.09,마스크팩,3307904000,HK,홍콩,3594845,232010
2020.09,마스크팩,3307904000,JP,일본,1570085,92254
2020.09,마스크팩,3307904000,OTHER,기타,6840806,640209
2020.09,마스크팩,3307904000,PL,폴란드,426495,21619
2020.09,마스크팩,3307904000,US,미국,4355384,463610
2020.09,마스크팩,3307904000,VN,베트남,440693,47347
2020.09,변압기,8504,CN,중국,30871447,1102287
2020.09,변압기,8504,FR,프랑스,1630785,36302
2020.09,변압기,8504,GB,영국,79170,3213
2020.09,변압기,8504,HK,홍콩,3016068,89810
2020.09,변압기,8504,JP,일본,4207778,295056
2020.09,변압기,8504,OTHER,기타,80748774,5789888
2020.09,변압기,8504,PL,폴란드,15007142,279025
2020.09,변압기,8504,US,미국,32937147,2215960
2020.09,변압기,8504,VN,베트남,24351589,1883202
2020.09,반도체,8542,CN,중국,3347321348,471695
2020.09,반도체,8542,FR,프랑스,5368626,1196
2020.09,반도체,8542,GB,영국,2110761,175
2020.09,반도체,8542,HK,홍콩,1729306619,234446
2020.09,반도체,8542,JP,일본,62921495,17566
2020.09,반도체,8542,OTHER,기타,1590678974,682310
2020.09,반도체,8542,PL,폴란드,27235687,8486
2020.09,반도체,8542,US,미국,113248538,28772
2020.09,반도체,8542,VN,베트남,966586595,163108
2020.10,화장품,330499,CN,중국,309189888,11654487
2020.10,화장품,330499,FR,프랑스,2209417,66500
2020.10,화장품,330499,GB,영국,4917373,134689
2020.10,화장품,330499,HK,홍콩,53365312,1789169
2020.10,화장품,330499,JP,일본,38738588,1093959
2020.10,화장품,330499,OTHER,기타,89707412,4309127
2020.10,화장품,330499,PL,폴란드,1387561,48623
2020.10,화장품,330499,US,미국,33560143,1645646
2020.10,화장품,330499,VN,베트남,19518418,465055
2020.10,기초화장품,3304991000,CN,중국,206021612,7272002
2020.10,기초화장품,3304991000,FR,프랑스,1375567,48625
2020.10,기초화장품,3304991000,GB,영국,1808570,75365
2020.10,기초화장품,3304991000,HK,홍콩,39843043,1423454
2020.10,기초화장품,3304991000,JP,일본,19868309,735856
2020.10,기초화장품,3304991000,OTHER,기타,48811218,2511955
2020.10,기초화장품,3304991000,PL,폴란드,667486,19566
2020.10,기초화장품,3304991000,US,미국,20532979,970739
2020.10,기초화장품,3304991000,VN,베트남,11225195,256527
2020.10,메이크업화장품,3304992000,CN,중국,23204223,261892
2020.10,메이크업화장품,3304992000,FR,프랑스,216725,5069
2020.10,메이크업화장품,3304992000,GB,영국,5111,208
2020.10,메이크업화장품,3304992000,HK,홍콩,3276031,44975
2020.10,메이크업화장품,3304992000,JP,일본,10509494,174949
2020.10,메이크업화장품,3304992000,OTHER,기타,3392697,103438
2020.10,메이크업화장품,3304992000,PL,폴란드,2407,261
2020.10,메이크업화장품,3304992000,US,미국,2596700,100774
2020.10,메이크업화장품,3304992000,VN,베트남,801305,18463
2020.10,마스크팩,3307904000,CN,중국,37915898,3173965
2020.10,마스크팩,3307904000,FR,프랑스,316301,13992
2020.10,마스크팩,3307904000,GB,영국,308910,23615
2020.10,마스크팩,3307904000,HK,홍콩,7708093,304485
2020.10,마스크팩,3307904000,JP,일본,1715874,102938
2020.10,마스크팩,3307904000,OTHER,기타,5733071,468413
2020.10,마스크팩,3307904000,PL,폴란드,163725,9662
2020.10,마스크팩,3307904000,US,미국,3247979,253880
2020.10,마스크팩,3307904000,VN,베트남,300184,22980
2020.10,변압기,8504,CN,중국,29932952,1073646
2020.10,변압기,8504,FR,프랑스,5474957,92454
2020.10,변압기,8504,GB,영국,142342,12926
2020.10,변압기,8504,HK,홍콩,2812897,77972
2020.10,변압기,8504,JP,일본,6902875,753913
2020.10,변압기,8504,OTHER,기타,65434766,4464813
2020.10,변압기,8504,PL,폴란드,10160776,425184
2020.10,변압기,8504,US,미국,34630957,1928895
2020.10,변압기,8504,VN,베트남,19881256,1539984
2020.10,반도체,8542,CN,중국,3049473554,460520
2020.10,반도체,8542,FR,프랑스,4435653,1240
2020.10,반도체,8542,GB,영국,660267,233
2020.10,반도체,8542,HK,홍콩,1693400266,218471
2020.10,반도체,8542,JP,일본,53508206,16844
2020.10,반도체,8542,OTHER,기타,1606662526,684332
2020.10,반도체,8542,PL,폴란드,22368343,7259
2020.10,반도체,8542,US,미국,98422942,40496
2020.10,반도체,8542,VN,베트남,924498214,140867
2020.11,화장품,330499,CN,중국,309371866,10043345
2020.11,화장품,330499,FR,프랑스,3769378,100169
2020.11,화장품,330499,GB,영국,3605813,85748
2020.11,화장품,330499,HK,홍콩,66998758,1533406
2020.11,화장품,330499,JP,일본,46576219,1183577
2020.11,화장품,330499,OTHER,기타,93608734,4105408
2020.11,화장품,330499,PL,폴란드,1792642,101147
2020.11,화장품,330499,US,미국,39613206,1826533
2020.11,화장품,330499,VN,베트남,20125731,512178
2020.11,기초화장품,3304991000,CN,중국,204703523,6131209
2020.11,기초화장품,3304991000,FR,프랑스,2154637,60547
2020.11,기초화장품,3304991000,GB,영국,1253247,52372
2020.11,기초화장품,3304991000,HK,홍콩,59264862,1271319
2020.11,기초화장품,3304991000,JP,일본,22819607,694770
2020.11,기초화장품,3304991000,OTHER,기타,54195054,2483640
2020.11,기초화장품,3304991000,PL,폴란드,1030728,69536
2020.11,기초화장품,3304991000,US,미국,23518125,1126687
2020.11,기초화장품,3304991000,VN,베트남,10996158,302452
2020.11,메이크업화장품,3304992000,CN,중국,26798318,345580
2020.11,메이크업화장품,3304992000,FR,프랑스,657454,15011
2020.11,메이크업화장품,3304992000,GB,영국,1997,100
2020.11,메이크업화장품,3304992000,HK,홍콩,1818269,25078
2020.11,메이크업화장품,3304992000,JP,일본,11469463,182191
2020.11,메이크업화장품,3304992000,OTHER,기타,3731551,96849
2020.11,메이크업화장품,3304992000,PL,폴란드,51225,686
2020.11,메이크업화장품,3304992000,US,미국,3011435,74164
2020.11,메이크업화장품,3304992000,VN,베트남,912666,20946
2020.11,마스크팩,3307904000,CN,중국,31973528,2248942
2020.11,마스크팩,3307904000,FR,프랑스,733116,34792
2020.11,마스크팩,3307904000,GB,영국,236574,18155
2020.11,마스크팩,3307904000,HK,홍콩,7490887,327524
2020.11,마스크팩,3307904000,JP,일본,2410871,153159
2020.11,마스크팩,3307904000,OTHER,기타,5633234,507939
2020.11,마스크팩,3307904000,PL,폴란드,348177,28227
2020.11,마스크팩,3307904000,US,미국,4481100,357781
2020.11,마스크팩,3307904000,VN,베트남,274126,29112
2020.11,변압기,8504,CN,중국,34266705,1373276
2020.11,변압기,8504,FR,프랑스,156252,2935
2020.11,변압기,8504,GB,영국,1835452,160674
2020.11,변압기,8504,HK,홍콩,2813632,94884
2020.11,변압기,8504,JP,일본,7716793,536698
2020.11,변압기,8504,OTHER,기타,69851472,4177682
2020.11,변압기,8504,PL,폴란드,13185095,426148
2020.11,변압기,8504,US,미국,51113420,3268059
2020.11,변압기,8504,VN,베트남,19369252,1567523
2020.11,반도체,8542,CN,중국,2994819220,434988
2020.11,반도체,8542,FR,프랑스,7508385,1150
2020.11,반도체,8542,GB,영국,1191522,241
2020.11,반도체,8542,HK,홍콩,1805856573,263217
2020.11,반도체,8542,JP,일본,59400603,16682
2020.11,반도체,8542,OTHER,기타,1519202793,711115
2020.11,반도체,8542,PL,폴란드,24016223,8057
2020.11,반도체,8542,US,미국,73877735,42583
2020.11,반도체,8542,VN,베트남,877923043,129571
2020.12,화장품,330499,CN,중국,259266110,7530341
2020.12,화장품,330499,FR,프랑스,3292264,97740
2020.12,화장품,330499,GB,영국,5955770,135930
2020.12,화장품,330499,HK,홍콩,40265182,1147913
2020.12,화장품,330499,JP,일본,46992531,1189091
2020.12,화장품,330499,OTHER,기타,101808856,4114604
2020.12,화장품,330499,PL,폴란드,1558413,73956
2020.12,화장품,330499,US,미국,38544715,1747838
2020.12,화장품,330499,VN,베트남,26685014,679869
2020.12,기초화장품,3304991000,CN,중국,168119668,4767412
2020.12,기초화장품,3304991000,FR,프랑스,1144246,44834
2020.12,기초화장품,3304991000,GB,영국,1825537,57545
2020.12,기초화장품,3304991000,HK,홍콩,31554973,852749
2020.12,기초화장품,3304991000,JP,일본,21908806,693963
2020.12,기초화장품,3304991000,OTHER,기타,53880122,2513870
2020.12,기초화장품,3304991000,PL,폴란드,789739,35920
2020.12,기초화장품,3304991000,US,미국,22008325,1018229
2020.12,기초화장품,3304991000,VN,베트남,14834427,368826
2020.12,메이크업화장품,3304992000,CN,중국,16722016,253125
2020.12,메이크업화장품,3304992000,FR,프랑스,1407797,38739
2020.12,메이크업화장품,3304992000,GB,영국,2563,228
2020.12,메이크업화장품,3304992000,HK,홍콩,2291732,27083
2020.12,메이크업화장품,3304992000,JP,일본,11462943,171669
2020.12,메이크업화장품,3304992000,OTHER,기타,5040360,158866
2020.12,메이크업화장품,3304992000,PL,폴란드,19281,11795
2020.12,메이크업화장품,3304992000,US,미국,3719280,98140
2020.12,메이크업화장품,3304992000,VN,베트남,949467,19806
2020.12,마스크팩,3307904000,CN,중국,25526885,1729888
2020.12,마스크팩,3307904000,FR,프랑스,277833,23853
2020.12,마스크팩,3307904000,GB,영국,224691,20491
2020.12,마스크팩,3307904000,HK,홍콩,3689659,266068
2020.12,마스크팩,3307904000,JP,일본,2074784,170308
2020.12,마스크팩,3307904000,OTHER,기타,7486944,648156
2020.12,마스크팩,3307904000,PL,폴란드,240730,16430
2020.12,마스크팩,3307904000,US,미국,3978975,378200
2020.12,마스크팩,3307904000,VN,베트남,364335,42087
2020.12,변압기,8504,CN,중국,37809544,1420745
2020.12,변압기,8504,FR,프랑스,4518979,57556
2020.12,변압기,8504,GB,영국,109702,4459
2020.12,변압기,8504,HK,홍콩,3506618,114848
2020.12,변압기,8504,JP,일본,7150777,671474
2020.12,변압기,8504,OTHER,기타,108755218,8926514
2020.12,변압기,8504,PL,폴란드,17214442,544390
2020.12,변압기,8504,US,미국,51256412,3282645
2020.12,변압기,8504,VN,베트남,26013010,1445949
2020.12,반도체,8542,CN,중국,3186366028,445328
2020.12,반도체,8542,FR,프랑스,6694426,1735
2020.12,반도체,8542,GB,영국,1975562,433
2020.12,반도체,8542,HK,홍콩,2134016281,256817
2020.12,반도체,8542,JP,일본,58833553,14710
2020.12,반도체,8542,OTHER,기타,1477754282,677830
2020.12,반도체,8542,PL,폴란드,19485498,6925
2020.12,반도체,8542,US,미국,86915030,50147
2020.12,반도체,8542,VN,베트남,882984269,127552
2021.01,화장품,330499,CN,중국,350146271,9448315
2021.01,화장품,330499,FR,프랑스,2424103,76816
2021.01,화장품,330499,GB,영국,3140180,109475
2021.01,화장품,330499,HK,홍콩,45046135,1203699
2021.01,화장품,330499,JP,일본,43638782,1222348
2021.01,화장품,330499,OTHER,기타,89132486,4315794
2021.01,화장품,330499,PL,폴란드,1691010,78897
2021.01,화장품,330499,US,미국,36357171,1643484
2021.01,화장품,330499,VN,베트남,24608128,649486
2021.01,기초화장품,3304991000,CN,중국,246546637,5784691
2021.01,기초화장품,3304991000,FR,프랑스,1055485,40857
2021.01,기초화장품,3304991000,GB,영국,2161207,72570
2021.01,기초화장품,3304991000,HK,홍콩,38893843,1027482
2021.01,기초화장품,3304991000,JP,일본,21630178,811375
2021.01,기초화장품,3304991000,OTHER,기타,54397010,2696285
2021.01,기초화장품,3304991000,PL,폴란드,747341,29287
2021.01,기초화장품,3304991000,US,미국,21650848,947759
2021.01,기초화장품,3304991000,VN,베트남,13756680,371608
2021.01,메이크업화장품,3304992000,CN,중국,26132351,312483
2021.01,메이크업화장품,3304992000,FR,프랑스,697670,20689
2021.01,메이크업화장품,3304992000,GB,영국,5347,277
2021.01,메이크업화장품,3304992000,HK,홍콩,1943744,19200
2021.01,메이크업화장품,3304992000,JP,일본,8630256,135386
2021.01,메이크업화장품,3304992000,OTHER,기타,3284538,96363
2021.01,메이크업화장품,3304992000,PL,폴란드,3941,291
2021.01,메이크업화장품,3304992000,US,미국,4481325,129588
2021.01,메이크업화장품,3304992000,VN,베트남,1130408,20004
2021.01,마스크팩,3307904000,CN,중국,33923922,2844860
2021.01,마스크팩,3307904000,FR,프랑스,401815,29542
2021.01,마스크팩,3307904000,GB,영국,321509,26983
2021.01,마스크팩,3307904000,HK,홍콩,4765949,418201
2021.01,마스크팩,3307904000,JP,일본,2572663,154304
2021.01,마스크팩,3307904000,OTHER,기타,6091055,546980
2021.01,마스크팩,3307904000,PL,폴란드,259717,36675
2021.01,마스크팩,3307904000,US,미국,4867391,413736
2021.01,마스크팩,3307904000,VN,베트남,241630,19304
2021.01,변압기,8504,CN,중국,36869789,1290430
2021.01,변압기,8504,FR,프랑스,433668,34616
2021.01,변압기,8504,GB,영국,144854,3136
2021.01,변압기,8504,HK,홍콩,3586274,132471
2021.01,변압기,8504,JP,일본,4934642,317012
2021.01,변압기,8504,OTHER,기타,67880246,4098398
2021.01,변압기,8504,PL,폴란드,12986632,293635
2021.01,변압기,8504,US,미국,33585239,2483998
2021.01,변압기,8504,VN,베트남,24476958,1247891
2021.01,반도체,8542,CN,중국,3138015944,492356
2021.01,반도체,8542,FR,프랑스,6399612,832
2021.01,반도체,8542,GB,영국,3485668,538
2021.01,반도체,8542,HK,홍콩,1509188945,229964
2021.01,반도체,8542,JP,일본,65948437,20668
2021.01,반도체,8542,OTHER,기타,1568343116,678472
2021.01,반도체,8542,PL,폴란드,29036964,9156
2021.01,반도체,8542,US,미국,87106729,48819
2021.01,반도체,8542,VN,베트남,961678020,125804
2021.02,화장품,330499,CN,중국,242376359,7728598
2021.02,화장품,330499,FR,프랑스,2461229,64279
2021.02,화장품,330499,GB,영국,2837232,119467
2021.02,화장품,330499,HK,홍콩,38596494,1113128
2021.02,화장품,330499,JP,일본,46303809,1465390
2021.02,화장품,330499,OTHER,기타,94303633,4303843
2021.02,화장품,330499,PL,폴란드,1654382,79576
2021.02,화장품,330499,US,미국,38484772,1909390
2021.02,화장품,330499,VN,베트남,18126700,442463
2021.02,기초화장품,3304991000,CN,중국,159051641,4489227
2021.02,기초화장품,3304991000,FR,프랑스,1149363,41722
2021.02,기초화장품,3304991000,GB,영국,1670539,64613
2021.02,기초화장품,3304991000,HK,홍콩,32258503,959847
2021.02,기초화장품,3304991000,JP,일본,23929091,962141
2021.02,기초화장품,3304991000,OTHER,기타,53710409,2720447
2021.02,기초화장품,3304991000,PL,폴란드,700244,40310
2021.02,기초화장품,3304991000,US,미국,21499323,1185494
2021.02,기초화장품,3304991000,VN,베트남,10841620,259201
2021.02,메이크업화장품,3304992000,CN,중국,18496305,244050
2021.02,메이크업화장품,3304992000,FR,프랑스,630068,15248
2021.02,메이크업화장품,3304992000,GB,영국,8396,174
2021.02,메이크업화장품,3304992000,HK,홍콩,1799448,23080
2021.02,메이크업화장품,3304992000,JP,일본,9835661,146661
2021.02,메이크업화장품,3304992000,OTHER,기타,4520179,119636
2021.02,메이크업화장품,3304992000,PL,폴란드,15392,758
2021.02,메이크업화장품,3304992000,US,미국,2893300,89846
2021.02,메이크업화장품,3304992000,VN,베트남,1045938,16399
2021.02,마스크팩,3307904000,CN,중국,18008115,1643473
2021.02,마스크팩,3307904000,FR,프랑스,427010,31232
2021.02,마스크팩,3307904000,GB,영국,121986,10677
2021.02,마스크팩,3307904000,HK,홍콩,1904453,97243
2021.02,마스크팩,3307904000,JP,일본,1954086,138810
2021.02,마스크팩,3307904000,OTHER,기타,7308040,621313
2021.02,마스크팩,3307904000,PL,폴란드,152026,7570
2021.02,마스크팩,3307904000,US,미국,2943501,236644
2021.02,마스크팩,3307904000,VN,베트남,271866,20609
2021.02,변압기,8504,CN,중국,29858419,990679
2021.02,변압기,8504,FR,프랑스,295226,10738
2021.02,변압기,8504,GB,영국,2122674,222462
2021.02,변압기,8504,HK,홍콩,2489034,93002
2021.02,변압기,8504,JP,일본,6035472,473338
2021.02,변압기,8504,OTHER,기타,78697507,5112640
2021.02,변압기,8504,PL,폴란드,12136819,265388
2021.02,변압기,8504,US,미국,36468109,3108703
2021.02,변압기,8504,VN,베트남,22011707,1044402
2021.02,반도체,8542,CN,중국,2893963416,483158
2021.02,반도체,8542,FR,프랑스,9068912,1842
2021.02,반도체,8542,GB,영국,3917800,819
2021.02,반도체,8542,HK,홍콩,1646875561,212142
2021.02,반도체,8542,JP,일본,54224966,15277
2021.02,반도체,8542,OTHER,기타,1654715299,654266
2021.02,반도체,8542,PL,폴란드,19716845,9857
2021.02,반도체,8542,US,미국,89862485,35392
2021.02,반도체,8542,VN,베트남,825123589,117934
2021.03,화장품,330499,CN,중국,353077886,10767842
2021.03,화장품,330499,FR,프랑스,4280972,99178
2021.03,화장품,330499,GB,영국,6090519,186482
2021.03,화장품,330499,HK,홍콩,52994558,1409714
2021.03,화장품,330499,JP,일본,60181724,1739847
2021.03,화장품,330499,OTHER,기타,118454372,5302283
2021.03,화장품,330499,PL,폴란드,2810980,100789
2021.03,화장품,330499,US,미국,42546806,1959760
2021.03,화장품,330499,VN,베트남,29640729,818523
2021.03,기초화장품,3304991000,CN,중국,230973038,6429394
2021.03,기초화장품,3304991000,FR,프랑스,2443135,60939
2021.03,기초화장품,3304991000,GB,영국,3018514,108340
2021.03,기초화장품,3304991000,HK,홍콩,43529922,1098383
2021.03,기초화장품,3304991000,JP,일본,32448223,1117724
2021.03,기초화장품,3304991000,OTHER,기타,64802307,3184036
2021.03,기초화장품,3304991000,PL,폴란드,1084412,52330
2021.03,기초화장품,3304991000,US,미국,30245741,1363708
2021.03,기초화장품,3304991000,VN,베트남,16698765,444204
2021.03,메이크업화장품,3304992000,CN,중국,31573771,357555
2021.03,메이크업화장품,3304992000,FR,프랑스,338241,8701
2021.03,메이크업화장품,3304992000,GB,영국,9045,353
2021.03,메이크업화장품,3304992000,HK,홍콩,1972524,33267
2021.03,메이크업화장품,3304992000,JP,일본,9839026,148248
2021.03,메이크업화장품,3304992000,OTHER,기타,4292784,154125
2021.03,메이크업화장품,3304992000,PL,폴란드,11606,650
2021.03,메이크업화장품,3304992000,US,미국,2810982,87465
2021.03,메이크업화장품,3304992000,VN,베트남,1898488,31522
2021.03,마스크팩,3307904000,CN,중국,33171113,3057098
2021.03,마스크팩,3307904000,FR,프랑스,462296,25014
2021.03,마스크팩,3307904000,GB,영국,323019,36042
2021.03,마스크팩,3307904000,HK,홍콩,3943647,259054
2021.03,마스크팩,3307904000,JP,일본,2901340,163621
2021.03,마스크팩,3307904000,OTHER,기타,10914857,1034699
2021.03,마스크팩,3307904000,PL,폴란드,353718,47316
2021.03,마스크팩,3307904000,US,미국,3223820,285542
2021.03,마스크팩,3307904000,VN,베트남,347713,37285
2021.03,변압기,8504,CN,중국,37268423,1317163
2021.03,변압기,8504,FR,프랑스,1456978,15981
2021.03,변압기,8504,GB,영국,2577722,243579
2021.03,변압기,8504,HK,홍콩,2780670,73012
2021.03,변압기,8504,JP,일본,6420099,336477
2021.03,변압기,8504,OTHER,기타,76296550,4797125
2021.03,변압기,8504,PL,폴란드,12918974,314436
2021.03,변압기,8504,US,미국,68841940,5307261
2021.03,변압기,8504,VN,베트남,22248464,1278816
2021.03,반도체,8542,CN,중국,3221861645,510454
2021.03,반도체,8542,FR,프랑스,5841193,1126
2021.03,반도체,8542,GB,영국,7698952,953
2021.03,반도체,8542,HK,홍콩,2068290536,254559
2021.03,반도체,8542,JP,일본,78361314,30438
2021.03,반도체,8542,OTHER,기타,1717778387,767995
2021.03,반도체,8542,PL,폴란드,27272724,10453
2021.03,반도체,8542,US,미국,103335506,36822
2021.03,반도체,8542,VN,베트남,912200493,132597
2021.04,화장품,330499,CN,중국,402130470,12173539
2021.04,화장품,330499,FR,프랑스,5132241,131145
2021.04,화장품,330499,GB,영국,5536509,153408
2021.04,화장품,330499,HK,홍콩,50340789,1541397
2021.04,화장품,330499,JP,일본,49361925,1755066
2021.04,화장품,330499,OTHER,기타,108906640,5060267
2021.04,화장품,330499,PL,폴란드,2691974,142782
2021.04,화장품,330499,US,미국,45894591,2117879
2021.04,화장품,330499,VN,베트남,25562089,778998
2021.04,기초화장품,3304991000,CN,중국,280271977,8059967
2021.04,기초화장품,3304991000,FR,프랑스,1989979,70102
2021.04,기초화장품,3304991000,GB,영국,1084225,29569
2021.04,기초화장품,3304991000,HK,홍콩,41151038,1242119
2021.04,기초화장품,3304991000,JP,일본,25941525,1234254
2021.04,기초화장품,3304991000,OTHER,기타,60877895,2932919
2021.04,기초화장품,3304991000,PL,폴란드,1338030,73205
2021.04,기초화장품,3304991000,US,미국,30895512,1424909
2021.04,기초화장품,3304991000,VN,베트남,13663293,394545
2021.04,메이크업화장품,3304992000,CN,중국,32456380,422041
2021.04,메이크업화장품,3304992000,FR,프랑스,604449,11734
2021.04,메이크업화장품,3304992000,GB,영국,8794,311
2021.04,메이크업화장품,3304992000,HK,홍콩,4166036,70096
2021.04,메이크업화장품,3304992000,JP,일본,8296715,126876
2021.04,메이크업화장품,3304992000,OTHER,기타,6032534,172882
2021.04,메이크업화장품,3304992000,PL,폴란드,13788,579
2021.04,메이크업화장품,3304992000,US,미국,3825768,123015
2021.04,메이크업화장품,3304992000,VN,베트남,1249518,30963
2021.04,마스크팩,3307904000,CN,중국,32053778,2938620
2021.04,마스크팩,3307904000,FR,프랑스,609777,35096
2021.04,마스크팩,3307904000,GB,영국,196009,16246
2021.04,마스크팩,3307904000,HK,홍콩,4662116,522900
2021.04,마스크팩,3307904000,JP,일본,4453945,369724
2021.04,마스크팩,3307904000,OTHER,기타,9225124,834876
2021.04,마스크팩,3307904000,PL,폴란드,439764,33017
2021.04,마스크팩,3307904000,US,미국,2934757,246606
2021.04,마스크팩,3307904000,VN,베트남,393845,47448
2021.04,변압기,8504,CN,중국,35770481,1420295
2021.04,변압기,8504,FR,프랑스,379821,11106
2021.04,변압기,8504,GB,영국,2459002,273197
2021.04,변압기,8504,HK,홍콩,3330043,121388
2021.04,변압기,8504,JP,일본,11783659,712361
2021.04,변압기,8504,OTHER,기타,68406088,3408310
2021.04,변압기,8504,PL,폴란드,15926866,326258
2021.04,변압기,8504,US,미국,50321929,3951664
2021.04,변압기,8504,VN,베트남,29367401,1451094
2021.04,반도체,8542,CN,중국,3202789449,509286
2021.04,반도체,8542,FR,프랑스,13934102,1440
2021.04,반도체,8542,GB,영국,4025855,369
2021.04,반도체,8542,HK,홍콩,1952149769,257412
2021.04,반도체,8542,JP,일본,75597887,18387
2021.04,반도체,8542,OTHER,기타,1644494989,737310
2021.04,반도체,8542,PL,폴란드,31310194,9652
2021.04,반도체,8542,US,미국,78649579,30079
2021.04,반도체,8542,VN,베트남,881309235,132896
2021.05,화장품,330499,CN,중국,353795728,11104520
2021.05,화장품,330499,FR,프랑스,2422466,50591
2021.05,화장품,330499,GB,영국,4933068,140129
2021.05,화장품,330499,HK,홍콩,37697601,1117980
2021.05,화장품,330499,JP,일본,46414803,1339102
2021.05,화장품,330499,OTHER,기타,104144210,4326691
2021.05,화장품,330499,PL,폴란드,2370199,88692
2021.05,화장품,330499,US,미국,49488066,2276681
2021.05,화장품,330499,VN,베트남,20430647,616558
2021.05,기초화장품,3304991000,CN,중국,236976002,6896302
2021.05,기초화장품,3304991000,FR,프랑스,1650908,38896
2021.05,기초화장품,3304991000,GB,영국,2169358,58815
2021.05,기초화장품,3304991000,HK,홍콩,30046682,872426
2021.05,기초화장품,3304991000,JP,일본,19900076,780087
2021.05,기초화장품,3304991000,OTHER,기타,55276846,2525199
2021.05,기초화장품,3304991000,PL,폴란드,878689,42664
2021.05,기초화장품,3304991000,US,미국,32720707,1456618
2021.05,기초화장품,3304991000,VN,베트남,11377708,345407
2021.05,메이크업화장품,3304992000,CN,중국,33056416,343108
2021.05,메이크업화장품,3304992000,FR,프랑스,201236,3186
2021.05,메이크업화장품,3304992000,GB,영국,312692,3334
2021.05,메이크업화장품,3304992000,HK,홍콩,1935188,58427
2021.05,메이크업화장품,3304992000,JP,일본,8921251,172438
2021.05,메이크업화장품,3304992000,OTHER,기타,6103650,138663
2021.05,메이크업화장품,3304992000,PL,폴란드,8037,818
2021.05,메이크업화장품,3304992000,US,미국,3872536,109333
2021.05,메이크업화장품,3304992000,VN,베트남,1318278,33050
2021.05,마스크팩,3307904000,CN,중국,25643630,2042043
2021.05,마스크팩,3307904000,FR,프랑스,722124,41039
2021.05,마스크팩,3307904000,GB,영국,337735,24631
2021.05,마스크팩,3307904000,HK,홍콩,3373332,211911
2021.05,마스크팩,3307904000,JP,일본,4611350,362143
2021.05,마스크팩,3307904000,OTHER,기타,9259790,805812
2021.05,마스크팩,3307904000,PL,폴란드,315173,32586
2021.05,마스크팩,3307904000,US,미국,3451035,308749
2021.05,마스크팩,3307904000,VN,베트남,298229,27005
2021.05,변압기,8504,CN,중국,32026127,1197662
2021.05,변압기,8504,FR,프랑스,305923,8738
2021.05,변압기,8504,GB,영국,148108,8056
2021.05,변압기,8504,HK,홍콩,2937849,71403
2021.05,변압기,8504,JP,일본,6774160,535523
2021.05,변압기,8504,OTHER,기타,73528530,3097479
2021.05,변압기,8504,PL,폴란드,16940238,394707
2021.05,변압기,8504,US,미국,42191100,2467870
2021.05,변압기,8504,VN,베트남,23056674,1290608
2021.05,반도체,8542,CN,중국,3650205983,566403
2021.05,반도체,8542,FR,프랑스,9597003,1222
2021.05,반도체,8542,GB,영국,5196452,340
2021.05,반도체,8542,HK,홍콩,2121022641,235743
2021.05,반도체,8542,JP,일본,91535703,23370
2021.05,반도체,8542,OTHER,기타,1768746424,741809
2021.05,반도체,8542,PL,폴란드,26972425,8983
2021.05,반도체,8542,US,미국,122434098,30759
2021.05,반도체,8542,VN,베트남,867800558,126562
2021.06,화장품,330499,CN,중국,262780696,8688660
2021.06,화장품,330499,FR,프랑스,3925783,81380
2021.06,화장품,330499,GB,영국,6136419,183143
2021.06,화장품,330499,HK,홍콩,38137026,1422024
2021.06,화장품,330499,JP,일본,53309783,1366868
2021.06,화장품,330499,OTHER,기타,110513637,4620958
2021.06,화장품,330499,PL,폴란드,2623145,107995
2021.06,화장품,330499,US,미국,55427490,2369216
2021.06,화장품,330499,VN,베트남,23429865,623360
2021.06,기초화장품,3304991000,CN,중국,168985855,5520650
2021.06,기초화장품,3304991000,FR,프랑스,2928639,57005
2021.06,기초화장품,3304991000,GB,영국,2487555,96582
2021.06,기초화장품,3304991000,HK,홍콩,29831817,1175217
2021.06,기초화장품,3304991000,JP,일본,25431731,821471
2021.06,기초화장품,3304991000,OTHER,기타,58434716,2759459
2021.06,기초화장품,3304991000,PL,폴란드,1221725,58204
2021.06,기초화장품,3304991000,US,미국,35178120,1437309
2021.06,기초화장품,3304991000,VN,베트남,15859010,344798
2021.06,메이크업화장품,3304992000,CN,중국,33460502,359005
2021.06,메이크업화장품,3304992000,FR,프랑스,421690,8810
2021.06,메이크업화장품,3304992000,GB,영국,56890,1103
2021.06,메이크업화장품,3304992000,HK,홍콩,3215859,63630
2021.06,메이크업화장품,3304992000,JP,일본,8622221,118793
2021.06,메이크업화장품,3304992000,OTHER,기타,6900983,172580
2021.06,메이크업화장품,3304992000,PL,폴란드,99806,1353
2021.06,메이크업화장품,3304992000,US,미국,4577178,122816
2021.06,메이크업화장품,3304992000,VN,베트남,1052098,23516
2021.06,마스크팩,3307904000,CN,중국,21495976,1729292
2021.06,마스크팩,3307904000,FR,프랑스,688034,35576
2021.06,마스크팩,3307904000,GB,영국,727089,61781
2021.06,마스크팩,3307904000,HK,홍콩,5166900,621945
2021.06,마스크팩,3307904000,JP,일본,4025703,306124
2021.06,마스크팩,3307904000,OTHER,기타,9382625,915200
2021.06,마스크팩,3307904000,PL,폴란드,409707,32747
2021.06,마스크팩,3307904000,US,미국,4202915,281001
2021.06,마스크팩,3307904000,VN,베트남,253583,31535
2021.06,변압기,8504,CN,중국,33954097,1175312
2021.06,변압기,8504,FR,프랑스,153621,2465
2021.06,변압기,8504,GB,영국,2134029,227286
2021.06,변압기,8504,HK,홍콩,3477500,365594
2021.06,변압기,8504,JP,일본,7506599,627803
2021.06,변압기,8504,OTHER,기타,94365499,5777088
2021.06,변압기,8504,PL,폴란드,11511502,300225
2021.06,변압기,8504,US,미국,45921904,2475450
2021.06,변압기,8504,VN,베트남,20941620,850795
2021.06,반도체,8542,CN,중국,4102525144,504720
2021.06,반도체,8542,FR,프랑스,13479987,1707
2021.06,반도체,8542,GB,영국,5164708,339
2021.06,반도체,8542,HK,홍콩,2347769879,244541
2021.06,반도체,8542,JP,일본,84318770,21602
2021.06,반도체,8542,OTHER,기타,1853910939,752423
2021.06,반도체,8542,PL,폴란드,23729930,9907
2021.06,반도체,8542,US,미국,126319602,32987
2021.06,반도체,8542,VN,베트남,955586445,142355
2021.07,화장품,330499,CN,중국,257880088,10097158
2021.07,화장품,330499,FR,프랑스,3399083,77722
2021.07,화장품,330499,GB,영국,4899773,135307
2021.07,화장품,330499,HK,홍콩,35134045,1049095
2021.07,화장품,330499,JP,일본,40077859,1221067
2021.07,화장품,330499,OTHER,기타,100303550,4499322
2021.07,화장품,330499,PL,폴란드,2077862,85421
2021.07,화장품,330499,US,미국,46162912,2267412
2021.07,화장품,330499,VN,베트남,14535054,540991
2021.07,기초화장품,3304991000,CN,중국,182490988,7041973
2021.07,기초화장품,3304991000,FR,프랑스,2539814,59843
2021.07,기초화장품,3304991000,GB,영국,2584542,90252
2021.07,기초화장품,3304991000,HK,홍콩,27903026,835499
2021.07,기초화장품,3304991000,JP,일본,19470216,685539
2021.07,기초화장품,3304991000,OTHER,기타,56400121,2655197
2021.07,기초화장품,3304991000,PL,폴란드,799613,47816
2021.07,기초화장품,3304991000,US,미국,29785469,1515210
2021.07,기초화장품,3304991000,VN,베트남,8944370,309598
2021.07,메이크업화장품,3304992000,CN,중국,24370868,366882
2021.07,메이크업화장품,3304992000,FR,프랑스,486736,11598
2021.07,메이크업화장품,3304992000,GB,영국,6964,311
2021.07,메이크업화장품,3304992000,HK,홍콩,2376346,37638
2021.07,메이크업화장품,3304992000,JP,일본,5864602,74932
2021.07,메이크업화장품,3304992000,OTHER,기타,4831574,139505
2021.07,메이크업화장품,3304992000,PL,폴란드,8091,473
2021.07,메이크업화장품,3304992000,US,미국,3737743,114421
2021.07,메이크업화장품,3304992000,VN,베트남,635256,20465
2021.07,마스크팩,3307904000,CN,중국,25018194,1870012
2021.07,마스크팩,3307904000,FR,프랑스,561104,31866
2021.07,마스크팩,3307904000,GB,영국,1129638,83626
2021.07,마스크팩,3307904000,HK,홍콩,3782494,156204
2021.07,마스크팩,3307904000,JP,일본,4534228,378639
2021.07,마스크팩,3307904000,OTHER,기타,8969756,817585
2021.07,마스크팩,3307904000,PL,폴란드,143612,14152
2021.07,마스크팩,3307904000,US,미국,3824419,306716
2021.07,마스크팩,3307904000,VN,베트남,492752,42532
2021.07,변압기,8504,CN,중국,35973180,1345780
2021.07,변압기,8504,FR,프랑스,209988,9690
2021.07,변압기,8504,GB,영국,90671,1137
2021.07,변압기,8504,HK,홍콩,3247148,343231
2021.07,변압기,8504,JP,일본,10686302,761664
2021.07,변압기,8504,OTHER,기타,86802364,5236189
2021.07,변압기,8504,PL,폴란드,11176049,248653
2021.07,변압기,8504,US,미국,51537613,3096754
2021.07,변압기,8504,VN,베트남,29104622,1108054
2021.07,반도체,8542,CN,중국,4195707367,503615
2021.07,반도체,8542,FR,프랑스,11750213,1337
2021.07,반도체,8542,GB,영국,366911,229
2021.07,반도체,8542,HK,홍콩,1777491419,213960
2021.07,반도체,8542,JP,일본,79046402,22398
2021.07,반도체,8542,OTHER,기타,1984795129,774522
2021.07,반도체,8542,PL,폴란드,22866286,8472
2021.07,반도체,8542,US,미국,134164674,46629
2021.07,반도체,8542,VN,베트남,1066219931,145401
2021.08,화장품,330499,CN,중국,309219080,10457804
2021.08,화장품,330499,FR,프랑스,1923351,42531
2021.08,화장품,330499,GB,영국,3834528,114527
2021.08,화장품,330499,HK,홍콩,28785465,883175
2021.08,화장품,330499,JP,일본,38594022,1073128
2021.08,화장품,330499,OTHER,기타,92648602,4059553
2021.08,화장품,330499,PL,폴란드,2744537,76794
2021.08,화장품,330499,US,미국,51494305,2211871
2021.08,화장품,330499,VN,베트남,11390279,394448
2021.08,기초화장품,3304991000,CN,중국,228343944,7497389
2021.08,기초화장품,3304991000,FR,프랑스,1066038,25301
2021.08,기초화장품,3304991000,GB,영국,1343061,49887
2021.08,기초화장품,3304991000,HK,홍콩,24201108,763580
2021.08,기초화장품,3304991000,JP,일본,17961194,652863
2021.08,기초화장품,3304991000,OTHER,기타,48463222,2413074
2021.08,기초화장품,3304991000,PL,폴란드,517611,12533
2021.08,기초화장품,3304991000,US,미국,34243568,1301322
2021.08,기초화장품,3304991000,VN,베트남,6881131,212746
2021.08,메이크업화장품,3304992000,CN,중국,29370575,395694
2021.08,메이크업화장품,3304992000,FR,프랑스,422684,11512
2021.08,메이크업화장품,3304992000,GB,영국,15686,320
2021.08,메이크업화장품,3304992000,HK,홍콩,1801599,25200
2021.08,메이크업화장품,3304992000,JP,일본,7468745,93146
2021.08,메이크업화장품,3304992000,OTHER,기타,4253128,144484
2021.08,메이크업화장품,3304992000,PL,폴란드,5841,572
2021.08,메이크업화장품,3304992000,US,미국,4868636,178246
2021.08,메이크업화장품,3304992000,VN,베트남,681468,12891
2021.08,마스크팩,3307904000,CN,중국,28413492,2768059
2021.08,마스크팩,3307904000,FR,프랑스,297297,14504
2021.08,마스크팩,3307904000,GB,영국,264357,24404
2021.08,마스크팩,3307904000,HK,홍콩,3744891,263099
2021.08,마스크팩,3307904000,JP,일본,2988584,242698
2021.08,마스크팩,3307904000,OTHER,기타,6606165,626935
2021.08,마스크팩,3307904000,PL,폴란드,252544,15392
2021.08,마스크팩,3307904000,US,미국,3222923,287523
2021.08,마스크팩,3307904000,VN,베트남,158788,11876
2021.08,변압기,8504,CN,중국,30149391,981204
2021.08,변압기,8504,FR,프랑스,145497,7395
2021.08,변압기,8504,GB,영국,265324,7005
2021.08,변압기,8504,HK,홍콩,2564083,86681
2021.08,변압기,8504,JP,일본,6636706,477886
2021.08,변압기,8504,OTHER,기타,78872752,6230450
2021.08,변압기,8504,PL,폴란드,19057757,381629
2021.08,변압기,8504,US,미국,41651862,2678530
2021.08,변압기,8504,VN,베트남,27649561,1122496
2021.08,반도체,8542,CN,중국,4181705199,510827
2021.08,반도체,8542,FR,프랑스,11512479,1304
2021.08,반도체,8542,GB,영국,7938730,322
2021.08,반도체,8542,HK,홍콩,2191560678,245510
2021.08,반도체,8542,JP,일본,92138175,32572
2021.08,반도체,8542,OTHER,기타,2137401521,823353
2021.08,반도체,8542,PL,폴란드,20138231,6593
2021.08,반도체,8542,US,미국,149429622,41405
2021.08,반도체,8542,VN,베트남,1242442998,145714
2021.09,화장품,330499,CN,중국,424152640,13768542
2021.09,화장품,330499,FR,프랑스,3279998,92298
2021.09,화장품,330499,GB,영국,3713735,99300
2021.09,화장품,330499,HK,홍콩,42312963,863442
2021.09,화장품,330499,JP,일본,53127263,1182412
2021.09,화장품,330499,OTHER,기타,96136739,4144926
2021.09,화장품,330499,PL,폴란드,1983948,94895
2021.09,화장품,330499,US,미국,45841904,2026417
2021.09,화장품,330499,VN,베트남,14215646,475811
2021.09,기초화장품,3304991000,CN,중국,297732505,9817928
2021.09,기초화장품,3304991000,FR,프랑스,961873,24626
2021.09,기초화장품,3304991000,GB,영국,984749,28824
2021.09,기초화장품,3304991000,HK,홍콩,35823357,696072
2021.09,기초화장품,3304991000,JP,일본,26817434,741793
2021.09,기초화장품,3304991000,OTHER,기타,46032277,2321306
2021.09,기초화장품,3304991000,PL,폴란드,840798,67904
2021.09,기초화장품,3304991000,US,미국,30598498,1351815
2021.09,기초화장품,3304991000,VN,베트남,8328015,262277
2021.09,메이크업화장품,3304992000,CN,중국,36438738,435821
2021.09,메이크업화장품,3304992000,FR,프랑스,1304759,35473
2021.09,메이크업화장품,3304992000,GB,영국,85119,1306
2021.09,메이크업화장품,3304992000,HK,홍콩,957910,13094
2021.09,메이크업화장품,3304992000,JP,일본,8213520,112204
2021.09,메이크업화장품,3304992000,OTHER,기타,4286612,133078
2021.09,메이크업화장품,3304992000,PL,폴란드,52396,428
2021.09,메이크업화장품,3304992000,US,미국,5277237,149479
2021.09,메이크업화장품,3304992000,VN,베트남,1000547,18647
2021.09,마스크팩,3307904000,CN,중국,41537929,3391461
2021.09,마스크팩,3307904000,FR,프랑스,342119,23302
2021.09,마스크팩,3307904000,GB,영국,253935,15506
2021.09,마스크팩,3307904000,HK,홍콩,3769536,214169
2021.09,마스크팩,3307904000,JP,일본,4148362,329509
2021.09,마스크팩,3307904000,OTHER,기타,6542865,663319
2021.09,마스크팩,3307904000,PL,폴란드,303534,21284
2021.09,마스크팩,3307904000,US,미국,3171423,298082
2021.09,마스크팩,3307904000,VN,베트남,300682,27736
2021.09,변압기,8504,CN,중국,27266219,974476
2021.09,변압기,8504,FR,프랑스,583311,54437
2021.09,변압기,8504,GB,영국,1105887,102925
2021.09,변압기,8504,HK,홍콩,2672541,90693
2021.09,변압기,8504,JP,일본,7794551,717035
2021.09,변압기,8504,OTHER,기타,58751778,3443805
2021.09,변압기,8504,PL,폴란드,15419816,432728
2021.09,변압기,8504,US,미국,34058618,1942049
2021.09,변압기,8504,VN,베트남,23480001,948344
2021.09,반도체,8542,CN,중국,4185956226,465872
2021.09,반도체,8542,FR,프랑스,8268460,978
2021.09,반도체,8542,GB,영국,641417,176
2021.09,반도체,8542,HK,홍콩,2622242387,256654
2021.09,반도체,8542,JP,일본,77443267,22751
2021.09,반도체,8542,OTHER,기타,2154785807,835009
2021.09,반도체,8542,PL,폴란드,27760691,10778
2021.09,반도체,8542,US,미국,138449699,36282
2021.09,반도체,8542,VN,베트남,1311636993,155284
2021.10,화장품,330499,CN,중국,373981579,11962671
2021.10,화장품,330499,FR,프랑스,3912885,100016
2021.10,화장품,330499,GB,영국,3982882,144702
2021.10,화장품,330499,HK,홍콩,32669464,902570
2021.10,화장품,330499,JP,일본,39161468,1212750
2021.10,화장품,330499,OTHER,기타,103946035,4874397
2021.10,화장품,330499,PL,폴란드,2108361,70098
2021.10,화장품,330499,US,미국,43494702,2051186
2021.10,화장품,330499,VN,베트남,18680712,617152
2021.10,기초화장품,3304991000,CN,중국,268152810,7966996
2021.10,기초화장품,3304991000,FR,프랑스,2116390,66609
2021.10,기초화장품,3304991000,GB,영국,1357315,36434
2021.10,기초화장품,3304991000,HK,홍콩,27808352,753092
2021.10,기초화장품,3304991000,JP,일본,18739743,679671
2021.10,기초화장품,3304991000,OTHER,기타,56260327,2923845
2021.10,기초화장품,3304991000,PL,폴란드,914569,35699
2021.10,기초화장품,3304991000,US,미국,28449390,1262510
2021.10,기초화장품,3304991000,VN,베트남,9966697,346296
2021.10,메이크업화장품,3304992000,CN,중국,44623244,743417
2021.10,메이크업화장품,3304992000,FR,프랑스,1209322,27651
2021.10,메이크업화장품,3304992000,GB,영국,119859,1256
2021.10,메이크업화장품,3304992000,HK,홍콩,844486,16041
2021.10,메이크업화장품,3304992000,JP,일본,7286881,142950
2021.10,메이크업화장품,3304992000,OTHER,기타,4426972,121994
2021.10,메이크업화장품,3304992000,PL,폴란드,20191,3988
2021.10,메이크업화장품,3304992000,US,미국,4218325,148137
2021.10,메이크업화장품,3304992000,VN,베트남,1280856,24714
2021.10,마스크팩,3307904000,CN,중국,38774065,3136850
2021.10,마스크팩,3307904000,FR,프랑스,103710,7719
2021.10,마스크팩,3307904000,GB,영국,368348,32586
2021.10,마스크팩,3307904000,HK,홍콩,2754676,196474
2021.10,마스크팩,3307904000,JP,일본,5214446,407511
2021.10,마스크팩,3307904000,OTHER,기타,7266903,734877
2021.10,마스크팩,3307904000,PL,폴란드,133380,16724
2021.10,마스크팩,3307904000,US,미국,2838553,255948
2021.10,마스크팩,3307904000,VN,베트남,291163,24641
2021.10,변압기,8504,CN,중국,30279048,1109371
2021.10,변압기,8504,FR,프랑스,4461744,77438
2021.10,변압기,8504,GB,영국,119639,4956
2021.10,변압기,8504,HK,홍콩,2718517,73981
2021.10,변압기,8504,JP,일본,6455421,412440
2021.10,변압기,8504,OTHER,기타,55655043,3765938
2021.10,변압기,8504,PL,폴란드,15417365,540651
2021.10,변압기,8504,US,미국,31950743,2457592
2021.10,변압기,8504,VN,베트남,25140181,1134864
2021.10,반도체,8542,CN,중국,4321224183,499271
2021.10,반도체,8542,FR,프랑스,8564314,1041
2021.10,반도체,8542,GB,영국,808276,312
2021.10,반도체,8542,HK,홍콩,1730346967,214764
2021.10,반도체,8542,JP,일본,93422343,22904
2021.10,반도체,8542,OTHER,기타,2136367439,853203
2021.10,반도체,8542,PL,폴란드,18441312,6940
2021.10,반도체,8542,US,미국,133621532,33202
2021.10,반도체,8542,VN,베트남,1175648497,153338
2021.11,화장품,330499,CN,중국,429361130,9881289
2021.11,화장품,330499,FR,프랑스,3909811,117380
2021.11,화장품,330499,GB,영국,3912094,147518
2021.11,화장품,330499,HK,홍콩,42447144,924848
2021.11,화장품,330499,JP,일본,57599070,1508029
2021.11,화장품,330499,OTHER,기타,110939837,4817752
2021.11,화장품,330499,PL,폴란드,1931379,83328
2021.11,화장품,330499,US,미국,34983422,1723782
2021.11,화장품,330499,VN,베트남,19398352,698202
2021.11,기초화장품,3304991000,CN,중국,356369134,7125347
2021.11,기초화장품,3304991000,FR,프랑스,1330970,57237
2021.11,기초화장품,3304991000,GB,영국,1400916,45737
2021.11,기초화장품,3304991000,HK,홍콩,36972702,759436
2021.11,기초화장품,3304991000,JP,일본,28194733,866280
2021.11,기초화장품,3304991000,OTHER,기타,55267881,2745505
2021.11,기초화장품,3304991000,PL,폴란드,735108,37705
2021.11,기초화장품,3304991000,US,미국,20137003,1075888
2021.11,기초화장품,3304991000,VN,베트남,9677830,372128
2021.11,메이크업화장품,3304992000,CN,중국,27155300,377575
2021.11,메이크업화장품,3304992000,FR,프랑스,2225129,57172
2021.11,메이크업화장품,3304992000,GB,영국,27399,463
2021.11,메이크업화장품,3304992000,HK,홍콩,907440,21533
2021.11,메이크업화장품,3304992000,JP,일본,9882966,136303
2021.11,메이크업화장품,3304992000,OTHER,기타,6140661,168857
2021.11,메이크업화장품,3304992000,PL,폴란드,11364,641
2021.11,메이크업화장품,3304992000,US,미국,3844968,115544
2021.11,메이크업화장품,3304992000,VN,베트남,1565261,29421
2021.11,마스크팩,3307904000,CN,중국,36589090,3108090
2021.11,마스크팩,3307904000,FR,프랑스,189761,10989
2021.11,마스크팩,3307904000,GB,영국,135751,10149
2021.11,마스크팩,3307904000,HK,홍콩,2240045,172001
2021.11,마스크팩,3307904000,JP,일본,4348397,410720
2021.11,마스크팩,3307904000,OTHER,기타,6350907,656262
2021.11,마스크팩,3307904000,PL,폴란드,120491,15523
2021.11,마스크팩,3307904000,US,미국,1754088,138556
2021.11,마스크팩,3307904000,VN,베트남,727032,82557
2021.11,변압기,8504,CN,중국,32430937,1225316
2021.11,변압기,8504,FR,프랑스,187870,4405
2021.11,변압기,8504,GB,영국,90300,5284
2021.11,변압기,8504,HK,홍콩,3211220,119422
2021.11,변압기,8504,JP,일본,8886786,529753
2021.11,변압기,8504,OTHER,기타,86474431,7781907
2021.11,변압기,8504,PL,폴란드,13660146,337147
2021.11,변압기,8504,US,미국,34380851,2008040
2021.11,변압기,8504,VN,베트남,24615948,1421358
2021.11,반도체,8542,CN,중국,4681965933,499017
2021.11,반도체,8542,FR,프랑스,7905638,1068
2021.11,반도체,8542,GB,영국,2755168,270
2021.11,반도체,8542,HK,홍콩,1905093289,238364
2021.11,반도체,8542,JP,일본,93999191,22199
2021.11,반도체,8542,OTHER,기타,2202087159,825512
2021.11,반도체,8542,PL,폴란드,7182795,3762
2021.11,반도체,8542,US,미국,133837777,30122
2021.11,반도체,8542,VN,베트남,1294070896,152026
2021.12,화장품,330499,CN,중국,258445546,7171298
2021.12,화장품,330499,FR,프랑스,4869666,137609
2021.12,화장품,330499,GB,영국,3432943,93391
2021.12,화장품,330499,HK,홍콩,31123397,737227
2021.12,화장품,330499,JP,일본,47212078,1306091
2021.12,화장품,330499,OTHER,기타,106375163,4526461
2021.12,화장품,330499,PL,폴란드,2166032,92881
2021.12,화장품,330499,US,미국,44038798,1815771
2021.12,화장품,330499,VN,베트남,20358466,697138
2021.12,기초화장품,3304991000,CN,중국,181447539,4826554
2021.12,기초화장품,3304991000,FR,프랑스,2360825,70000
2021.12,기초화장품,3304991000,GB,영국,1366637,35134
2021.12,기초화장품,3304991000,HK,홍콩,23000861,590643
2021.12,기초화장품,3304991000,JP,일본,24770638,710295
2021.12,기초화장품,3304991000,OTHER,기타,53720312,2663197
2021.12,기초화장품,3304991000,PL,폴란드,881927,33515
2021.12,기초화장품,3304991000,US,미국,25060053,1041108
2021.12,기초화장품,3304991000,VN,베트남,11450306,417126
2021.12,메이크업화장품,3304992000,CN,중국,25846780,302575
2021.12,메이크업화장품,3304992000,FR,프랑스,1716558,41335
2021.12,메이크업화장품,3304992000,GB,영국,122837,1342
2021.12,메이크업화장품,3304992000,HK,홍콩,1621694,27106
2021.12,메이크업화장품,3304992000,JP,일본,7830105,122768
2021.12,메이크업화장품,3304992000,OTHER,기타,5232584,141978
2021.12,메이크업화장품,3304992000,PL,폴란드,10302,290
2021.12,메이크업화장품,3304992000,US,미국,6490255,231572
2021.12,메이크업화장품,3304992000,VN,베트남,1072710,22516
2021.12,마스크팩,3307904000,CN,중국,18028052,1479004
2021.12,마스크팩,3307904000,FR,프랑스,649105,45322
2021.12,마스크팩,3307904000,GB,영국,380387,24951
2021.12,마스크팩,3307904000,HK,홍콩,2559543,278371
2021.12,마스크팩,3307904000,JP,일본,3823682,287514
2021.12,마스크팩,3307904000,OTHER,기타,7155593,734511
2021.12,마스크팩,3307904000,PL,폴란드,290195,20385
2021.12,마스크팩,3307904000,US,미국,3198386,240709
2021.12,마스크팩,3307904000,VN,베트남,634495,57845
2021.12,변압기,8504,CN,중국,31141387,1252893
2021.12,변압기,8504,FR,프랑스,149966,3564
2021.12,변압기,8504,GB,영국,2346021,201941
2021.12,변압기,8504,HK,홍콩,3436060,111915
2021.12,변압기,8504,JP,일본,9139714,530638
2021.12,변압기,8504,OTHER,기타,106238905,9483002
2021.12,변압기,8504,PL,폴란드,11769943,317759
2021.12,변압기,8504,US,미국,46541660,2494208
2021.12,변압기,8504,VN,베트남,26509380,1335001
2021.12,반도체,8542,CN,중국,4707222462,482882
2021.12,반도체,8542,FR,프랑스,10551595,1088
2021.12,반도체,8542,GB,영국,592788,230
2021.12,반도체,8542,HK,홍콩,2250768851,263442
2021.12,반도체,8542,JP,일본,85812929,20717
2021.12,반도체,8542,OTHER,기타,2252507929,792833
2021.12,반도체,8542,PL,폴란드,21299037,6099
2021.12,반도체,8542,US,미국,115553289,29422
2021.12,반도체,8542,VN,베트남,1301278358,158284
2022.01,화장품,330499,CN,중국,186679735,5550505
2022.01,화장품,330499,FR,프랑스,4310618,142940
2022.01,화장품,330499,GB,영국,3954472,124291
2022.01,화장품,330499,HK,홍콩,23735417,569468
2022.01,화장품,330499,JP,일본,37174884,990288
2022.01,화장품,330499,OTHER,기타,95632285,4429014
2022.01,화장품,330499,PL,폴란드,2628623,84251
2022.01,화장품,330499,US,미국,45110080,1947678
2022.01,화장품,330499,VN,베트남,16493184,549623
2022.01,기초화장품,3304991000,CN,중국,127036778,3704787
2022.01,기초화장품,3304991000,FR,프랑스,1986105,62387
2022.01,기초화장품,3304991000,GB,영국,1325989,32162
2022.01,기초화장품,3304991000,HK,홍콩,16342779,461272
2022.01,기초화장품,3304991000,JP,일본,17266047,570347
2022.01,기초화장품,3304991000,OTHER,기타,50249025,2572842
2022.01,기초화장품,3304991000,PL,폴란드,1494976,63467
2022.01,기초화장품,3304991000,US,미국,26976435,1189362
2022.01,기초화장품,3304991000,VN,베트남,9004932,327607
2022.01,메이크업화장품,3304992000,CN,중국,21849128,230637
2022.01,메이크업화장품,3304992000,FR,프랑스,1407813,39236
2022.01,메이크업화장품,3304992000,GB,영국,17567,317
2022.01,메이크업화장품,3304992000,HK,홍콩,868609,19098
2022.01,메이크업화장품,3304992000,JP,일본,7877141,121043
2022.01,메이크업화장품,3304992000,OTHER,기타,3879351,99745
2022.01,메이크업화장품,3304992000,PL,폴란드,53764,633
2022.01,메이크업화장품,3304992000,US,미국,4813763,154801
2022.01,메이크업화장품,3304992000,VN,베트남,1658113,36198
2022.01,마스크팩,3307904000,CN,중국,16764690,2010037
2022.01,마스크팩,3307904000,FR,프랑스,457807,26510
2022.01,마스크팩,3307904000,GB,영국,293376,16855
2022.01,마스크팩,3307904000,HK,홍콩,2495488,186551
2022.01,마스크팩,3307904000,JP,일본,4428845,378337
2022.01,마스크팩,3307904000,OTHER,기타,7091524,682516
2022.01,마스크팩,3307904000,PL,폴란드,356271,20244
2022.01,마스크팩,3307904000,US,미국,4096563,340537
2022.01,마스크팩,3307904000,VN,베트남,349599,24734
2022.01,변압기,8504,CN,중국,32756753,1327526
2022.01,변압기,8504,FR,프랑스,889781,58180
2022.01,변압기,8504,GB,영국,98471,2506
2022.01,변압기,8504,HK,홍콩,2614049,128313
2022.01,변압기,8504,JP,일본,5933624,403237
2022.01,변압기,8504,OTHER,기타,73949954,5309354
2022.01,변압기,8504,PL,폴란드,14271180,310756
2022.01,변압기,8504,US,미국,37862127,2127803
2022.01,변압기,8504,VN,베트남,26961712,1552896
2022.01,반도체,8542,CN,중국,4304630634,471272
2022.01,반도체,8542,FR,프랑스,10580184,1046
2022.01,반도체,8542,GB,영국,666549,169
2022.01,반도체,8542,HK,홍콩,1430409503,204651
2022.01,반도체,8542,JP,일본,67300324,23854
2022.01,반도체,8542,OTHER,기타,2212918858,856760
2022.01,반도체,8542,PL,폴란드,23001995,8598
2022.01,반도체,8542,US,미국,102034620,20939
2022.01,반도체,8542,VN,베트남,1288762570,171282
2022.02,화장품,330499,CN,중국,207638897,6404959
2022.02,화장품,330499,FR,프랑스,2813481,78063
2022.02,화장품,330499,GB,영국,3214125,68500
2022.02,화장품,330499,HK,홍콩,23993841,600826
2022.02,화장품,330499,JP,일본,42626981,995170
2022.02,화장품,330499,OTHER,기타,96275005,4254449
2022.02,화장품,330499,PL,폴란드,2540158,92447
2022.02,화장품,330499,US,미국,37801259,1715706
2022.02,화장품,330499,VN,베트남,19216232,636122
2022.02,기초화장품,3304991000,CN,중국,136645368,4180282
2022.02,기초화장품,3304991000,FR,프랑스,953106,37709
2022.02,기초화장품,3304991000,GB,영국,1246814,35239
2022.02,기초화장품,3304991000,HK,홍콩,17548495,478138
2022.02,기초화장품,3304991000,JP,일본,16796589,502309
2022.02,기초화장품,3304991000,OTHER,기타,52032833,2574980
2022.02,기초화장품,3304991000,PL,폴란드,853246,34334
2022.02,기초화장품,3304991000,US,미국,21744729,980789
2022.02,기초화장품,3304991000,VN,베트남,10261830,372148
2022.02,메이크업화장품,3304992000,CN,중국,23240876,273395
2022.02,메이크업화장품,3304992000,FR,프랑스,1487663,38483
2022.02,메이크업화장품,3304992000,GB,영국,74642,987
2022.02,메이크업화장품,3304992000,HK,홍콩,604063,10222
2022.02,메이크업화장품,3304992000,JP,일본,10891549,159434
2022.02,메이크업화장품,3304992000,OTHER,기타,3952607,96646
2022.02,메이크업화장품,3304992000,PL,폴란드,29750,2288
2022.02,메이크업화장품,3304992000,US,미국,4448480,113892
2022.02,메이크업화장품,3304992000,VN,베트남,1622736,24184
2022.02,마스크팩,3307904000,CN,중국,17151721,1668615
2022.02,마스크팩,3307904000,FR,프랑스,258075,12655
2022.02,마스크팩,3307904000,GB,영국,439450,31912
2022.02,마스크팩,3307904000,HK,홍콩,1515146,133498
2022.02,마스크팩,3307904000,JP,일본,4217156,383775
2022.02,마스크팩,3307904000,OTHER,기타,7372311,670029
2022.02,마스크팩,3307904000,PL,폴란드,107452,10198
2022.02,마스크팩,3307904000,US,미국,2421668,198723
2022.02,마스크팩,3307904000,VN,베트남,346809,26914
2022.02,변압기,8504,CN,중국,26168115,1199398
2022.02,변압기,8504,FR,프랑스,203263,4838
2022.02,변압기,8504,GB,영국,2340195,239313
2022.02,변압기,8504,HK,홍콩,2563073,80091
2022.02,변압기,8504,JP,일본,8137919,658729
2022.02,변압기,8504,OTHER,기타,69768781,4290989
2022.02,변압기,8504,PL,폴란드,10439730,195457
2022.02,변압기,8504,US,미국,29862613,2221405
2022.02,변압기,8504,VN,베트남,57978093,2087909
2022.02,반도체,8542,CN,중국,3943819388,456149
2022.02,반도체,8542,FR,프랑스,10682300,885
2022.02,반도체,8542,GB,영국,1671608,472
2022.02,반도체,8542,HK,홍콩,1408792593,201433
2022.02,반도체,8542,JP,일본,72959218,27770
2022.02,반도체,8542,OTHER,기타,2192823674,843374
2022.02,반도체,8542,PL,폴란드,12517873,6028
2022.02,반도체,8542,US,미국,92519586,23947
2022.02,반도체,8542,VN,베트남,1221868562,150226
2022.03,화장품,330499,CN,중국,255828493,7846981
2022.03,화장품,330499,FR,프랑스,3074006,81268
2022.03,화장품,330499,GB,영국,4286717,124113
2022.03,화장품,330499,HK,홍콩,27890149,750842
2022.03,화장품,330499,JP,일본,65294528,1501652
2022.03,화장품,330499,OTHER,기타,115021131,4539585
2022.03,화장품,330499,PL,폴란드,2003586,50327
2022.03,화장품,330499,US,미국,48680211,2202646
2022.03,화장품,330499,VN,베트남,19302668,717334
2022.03,기초화장품,3304991000,CN,중국,168016616,5101133
2022.03,기초화장품,3304991000,FR,프랑스,1266454,45670
2022.03,기초화장품,3304991000,GB,영국,1485440,42464
2022.03,기초화장품,3304991000,HK,홍콩,20104715,592578
2022.03,기초화장품,3304991000,JP,일본,28127879,801263
2022.03,기초화장품,3304991000,OTHER,기타,59775026,2731905
2022.03,기초화장품,3304991000,PL,폴란드,574850,18824
2022.03,기초화장품,3304991000,US,미국,30146150,1413596
2022.03,기초화장품,3304991000,VN,베트남,9570947,359503
2022.03,메이크업화장품,3304992000,CN,중국,33618318,389467
2022.03,메이크업화장품,3304992000,FR,프랑스,1120000,27006
2022.03,메이크업화장품,3304992000,GB,영국,5020,440
2022.03,메이크업화장품,3304992000,HK,홍콩,2307936,30999
2022.03,메이크업화장품,3304992000,JP,일본,12466276,175851
2022.03,메이크업화장품,3304992000,OTHER,기타,5265228,121848
2022.03,메이크업화장품,3304992000,PL,폴란드,33295,1354
2022.03,메이크업화장품,3304992000,US,미국,5121830,155276
2022.03,메이크업화장품,3304992000,VN,베트남,1647915,28030
2022.03,마스크팩,3307904000,CN,중국,17652159,1553436
2022.03,마스크팩,3307904000,FR,프랑스,254147,14336
2022.03,마스크팩,3307904000,GB,영국,456321,46509
2022.03,마스크팩,3307904000,HK,홍콩,2294771,159795
2022.03,마스크팩,3307904000,JP,일본,5732370,472958
2022.03,마스크팩,3307904000,OTHER,기타,7996314,702862
2022.03,마스크팩,3307904000,PL,폴란드,255731,28509
2022.03,마스크팩,3307904000,US,미국,4564628,412170
2022.03,마스크팩,3307904000,VN,베트남,783759,119859
2022.03,변압기,8504,CN,중국,31545914,1133048
2022.03,변압기,8504,FR,프랑스,325854,22570
2022.03,변압기,8504,GB,영국,142505,10955
2022.03,변압기,8504,HK,홍콩,3049830,62559
2022.03,변압기,8504,JP,일본,8504554,587113
2022.03,변압기,8504,OTHER,기타,89462946,6885247
2022.03,변압기,8504,PL,폴란드,15386975,268778
2022.03,변압기,8504,US,미국,47501171,2648407
2022.03,변압기,8504,VN,베트남,25968329,1174129
2022.03,반도체,8542,CN,중국,5118131906,560749
2022.03,반도체,8542,FR,프랑스,10531798,995
2022.03,반도체,8542,GB,영국,4396368,360
2022.03,반도체,8542,HK,홍콩,1758914418,190299
2022.03,반도체,8542,JP,일본,92628016,23160
2022.03,반도체,8542,OTHER,기타,2641449427,963321
2022.03,반도체,8542,PL,폴란드,24227050,9186
2022.03,반도체,8542,US,미국,113204986,33599
2022.03,반도체,8542,VN,베트남,1504370630,175143
2022.04,화장품,330499,CN,중국,272193331,7384432
2022.04,화장품,330499,FR,프랑스,3726257,86019
2022.04,화장품,330499,GB,영국,4202537,124460
2022.04,화장품,330499,HK,홍콩,32834180,619485
2022.04,화장품,330499,JP,일본,46831984,1298896
2022.04,화장품,330499,OTHER,기타,109407457,4623579
2022.04,화장품,330499,PL,폴란드,2708787,76091
2022.04,화장품,330499,US,미국,50774051,2239950
2022.04,화장품,330499,VN,베트남,21858604,649168
2022.04,기초화장품,3304991000,CN,중국,186854480,5130417
2022.04,기초화장품,3304991000,FR,프랑스,2157424,67153
2022.04,기초화장품,3304991000,GB,영국,1375238,56497
2022.04,기초화장품,3304991000,HK,홍콩,20659627,464085
2022.04,기초화장품,3304991000,JP,일본,20647800,768753
2022.04,기초화장품,3304991000,OTHER,기타,58010532,2730232
2022.04,기초화장품,3304991000,PL,폴란드,1148606,41841
2022.04,기초화장품,3304991000,US,미국,30195971,1462966
2022.04,기초화장품,3304991000,VN,베트남,13237446,395777
2022.04,메이크업화장품,3304992000,CN,중국,24711092,289181
2022.04,메이크업화장품,3304992000,FR,프랑스,546992,12708
2022.04,메이크업화장품,3304992000,GB,영국,75396,886
2022.04,메이크업화장품,3304992000,HK,홍콩,2798362,41379
2022.04,메이크업화장품,3304992000,JP,일본,14411604,219482
2022.04,메이크업화장품,3304992000,OTHER,기타,5244390,114689
2022.04,메이크업화장품,3304992000,PL,폴란드,29337,316
2022.04,메이크업화장품,3304992000,US,미국,5389233,123039
2022.04,메이크업화장품,3304992000,VN,베트남,984192,22590
2022.04,마스크팩,3307904000,CN,중국,24418979,2078109
2022.04,마스크팩,3307904000,FR,프랑스,364993,30196
2022.04,마스크팩,3307904000,GB,영국,479903,49640
2022.04,마스크팩,3307904000,HK,홍콩,1535125,111259
2022.04,마스크팩,3307904000,JP,일본,7060521,590095
2022.04,마스크팩,3307904000,OTHER,기타,6918509,652131
2022.04,마스크팩,3307904000,PL,폴란드,315553,43381
2022.04,마스크팩,3307904000,US,미국,3898878,296081
2022.04,마스크팩,3307904000,VN,베트남,976611,123440
2022.04,변압기,8504,CN,중국,30915761,1226951
2022.04,변압기,8504,FR,프랑스,164918,3894
2022.04,변압기,8504,GB,영국,6192380,612952
2022.04,변압기,8504,HK,홍콩,2631627,64641
2022.04,변압기,8504,JP,일본,5499731,342394
2022.04,변압기,8504,OTHER,기타,84945664,6028056
2022.04,변압기,8504,PL,폴란드,10487533,170961
2022.04,변압기,8504,US,미국,51386563,2987278
2022.04,변압기,8504,VN,베트남,25145037,1003667
2022.04,반도체,8542,CN,중국,3827160629,434753
2022.04,반도체,8542,FR,프랑스,9358427,1116
2022.04,반도체,8542,GB,영국,1786818,351
2022.04,반도체,8542,HK,홍콩,1485797622,209784
2022.04,반도체,8542,JP,일본,86041065,22000
2022.04,반도체,8542,OTHER,기타,2578835971,929268
2022.04,반도체,8542,PL,폴란드,23888823,9332
2022.04,반도체,8542,US,미국,113509460,36581
2022.04,반도체,8542,VN,베트남,1243099752,172061
2022.05,화장품,330499,CN,중국,395116552,9050452
2022.05,화장품,330499,FR,프랑스,3837972,107028
2022.05,화장품,330499,GB,영국,5508087,158339
2022.05,화장품,330499,HK,홍콩,36995234,701551
2022.05,화장품,330499,JP,일본,51393684,1553804
2022.05,화장품,330499,OTHER,기타,112182140,4547660
2022.05,화장품,330499,PL,폴란드,4054616,135818
2022.05,화장품,330499,US,미국,46066082,2261147
2022.05,화장품,330499,VN,베트남,23626267,1271150
2022.05,기초화장품,3304991000,CN,중국,265113398,6315279
2022.05,기초화장품,3304991000,FR,프랑스,2651944,77217
2022.05,기초화장품,3304991000,GB,영국,2563385,93893
2022.05,기초화장품,3304991000,HK,홍콩,29240467,580763
2022.05,기초화장품,3304991000,JP,일본,21851060,901629
2022.05,기초화장품,3304991000,OTHER,기타,56415081,2696172
2022.05,기초화장품,3304991000,PL,폴란드,1387169,80483
2022.05,기초화장품,3304991000,US,미국,30496576,1552810
2022.05,기초화장품,3304991000,VN,베트남,12242849,428391
2022.05,메이크업화장품,3304992000,CN,중국,40205143,513764
2022.05,메이크업화장품,3304992000,FR,프랑스,869076,20926
2022.05,메이크업화장품,3304992000,GB,영국,54150,668
2022.05,메이크업화장품,3304992000,HK,홍콩,935228,15123
2022.05,메이크업화장품,3304992000,JP,일본,13130391,193066
2022.05,메이크업화장품,3304992000,OTHER,기타,5834503,125571
2022.05,메이크업화장품,3304992000,PL,폴란드,42580,777
2022.05,메이크업화장품,3304992000,US,미국,3325267,82040
2022.05,메이크업화장품,3304992000,VN,베트남,1731264,31591
2022.05,마스크팩,3307904000,CN,중국,21484864,1897903
2022.05,마스크팩,3307904000,FR,프랑스,473806,28559
2022.05,마스크팩,3307904000,GB,영국,485554,52697
2022.05,마스크팩,3307904000,HK,홍콩,1585159,127297
2022.05,마스크팩,3307904000,JP,일본,4512163,387240
2022.05,마스크팩,3307904000,OTHER,기타,6992446,658075
2022.05,마스크팩,3307904000,PL,폴란드,479130,76156
2022.05,마스크팩,3307904000,US,미국,4262699,416692
2022.05,마스크팩,3307904000,VN,베트남,566940,55832
2022.05,변압기,8504,CN,중국,26421940,1043343
2022.05,변압기,8504,FR,프랑스,123225,1204
2022.05,변압기,8504,GB,영국,185871,6878
2022.05,변압기,8504,HK,홍콩,2497246,49620
2022.05,변압기,8504,JP,일본,9000218,696032
2022.05,변압기,8504,OTHER,기타,84486297,5879144
2022.05,변압기,8504,PL,폴란드,11226131,183969
2022.05,변압기,8504,US,미국,54571591,3691584
2022.05,변압기,8504,VN,베트남,23036294,988455
2022.05,반도체,8542,CN,중국,4032437469,467695
2022.05,반도체,8542,FR,프랑스,8758136,947
2022.05,반도체,8542,GB,영국,1572841,383
2022.05,반도체,8542,HK,홍콩,1751408213,225234
2022.05,반도체,8542,JP,일본,105295441,26586
2022.05,반도체,8542,OTHER,기타,2576700786,893377
2022.05,반도체,8542,PL,폴란드,32189940,12839
2022.05,반도체,8542,US,미국,90855768,22448
2022.05,반도체,8542,VN,베트남,1305492030,176592
2022.06,화장품,330499,CN,중국,220599697,7164355
2022.06,화장품,330499,FR,프랑스,3059025,80492
2022.06,화장품,330499,GB,영국,4703363,104230
2022.06,화장품,330499,HK,홍콩,31118494,530676
2022.06,화장품,330499,JP,일본,50534884,1448699
2022.06,화장품,330499,OTHER,기타,118892409,4680634
2022.06,화장품,330499,PL,폴란드,2698207,98797
2022.06,화장품,330499,US,미국,47080582,2171071
2022.06,화장품,330499,VN,베트남,26869582,733496
2022.06,기초화장품,3304991000,CN,중국,133568165,4314373
2022.06,기초화장품,3304991000,FR,프랑스,949973,40465
2022.06,기초화장품,3304991000,GB,영국,1760902,54172
2022.06,기초화장품,3304991000,HK,홍콩,25609142,423772
2022.06,기초화장품,3304991000,JP,일본,19523538,796029
2022.06,기초화장품,3304991000,OTHER,기타,59785996,2748935
2022.06,기초화장품,3304991000,PL,폴란드,976669,63093
2022.06,기초화장품,3304991000,US,미국,28766030,1540991
2022.06,기초화장품,3304991000,VN,베트남,12385904,383599
2022.06,메이크업화장품,3304992000,CN,중국,31005464,449136
2022.06,메이크업화장품,3304992000,FR,프랑스,1036987,26348
2022.06,메이크업화장품,3304992000,GB,영국,37038,711
2022.06,메이크업화장품,3304992000,HK,홍콩,1949556,24566
2022.06,메이크업화장품,3304992000,JP,일본,10967554,182043
2022.06,메이크업화장품,3304992000,OTHER,기타,6701041,173872
2022.06,메이크업화장품,3304992000,PL,폴란드,40447,612
2022.06,메이크업화장품,3304992000,US,미국,4352010,100881
2022.06,메이크업화장품,3304992000,VN,베트남,1376112,31282
2022.06,마스크팩,3307904000,CN,중국,19348374,2226065
2022.06,마스크팩,3307904000,FR,프랑스,412169,18519
2022.06,마스크팩,3307904000,GB,영국,453401,44294
2022.06,마스크팩,3307904000,HK,홍콩,1836442,130679
2022.06,마스크팩,3307904000,JP,일본,4562037,467495
2022.06,마스크팩,3307904000,OTHER,기타,7942947,867630
2022.06,마스크팩,3307904000,PL,폴란드,235893,25881
2022.06,마스크팩,3307904000,US,미국,4229529,323404
2022.06,마스크팩,3307904000,VN,베트남,607173,50840
2022.06,변압기,8504,CN,중국,28762637,1024290
2022.06,변압기,8504,FR,프랑스,4277548,48794
2022.06,변압기,8504,GB,영국,314246,23975
2022.06,변압기,8504,HK,홍콩,3253740,73583
2022.06,변압기,8504,JP,일본,10265386,452360
2022.06,변압기,8504,OTHER,기타,93124937,6183864
2022.06,변압기,8504,PL,폴란드,13190483,292209
2022.06,변압기,8504,US,미국,59049169,3519568
2022.06,변압기,8504,VN,베트남,22378290,855976
2022.06,반도체,8542,CN,중국,4655353919,460591
2022.06,반도체,8542,FR,프랑스,10516071,971
2022.06,반도체,8542,GB,영국,2759372,239
2022.06,반도체,8542,HK,홍콩,1860098428,226142
2022.06,반도체,8542,JP,일본,84367793,20841
2022.06,반도체,8542,OTHER,기타,2637772228,961577
2022.06,반도체,8542,PL,폴란드,15576667,6144
2022.06,반도체,8542,US,미국,109239007,25825
2022.06,반도체,8542,VN,베트남,1236496780,140601
2022.07,화장품,330499,CN,중국,214599194,6974078
2022.07,화장품,330499,FR,프랑스,3992103,86860
2022.07,화장품,330499,GB,영국,5059342,132046
2022.07,화장품,330499,HK,홍콩,17875198,446721
2022.07,화장품,330499,JP,일본,39809186,1340356
2022.07,화장품,330499,OTHER,기타,112897620,5119590
2022.07,화장품,330499,PL,폴란드,2449021,112699
2022.07,화장품,330499,US,미국,43960737,1929144
2022.07,화장품,330499,VN,베트남,30186664,825953
2022.07,기초화장품,3304991000,CN,중국,141820837,4387883
2022.07,기초화장품,3304991000,FR,프랑스,1437122,40069
2022.07,기초화장품,3304991000,GB,영국,2135222,69295
2022.07,기초화장품,3304991000,HK,홍콩,13175369,330239
2022.07,기초화장품,3304991000,JP,일본,16917867,712273
2022.07,기초화장품,3304991000,OTHER,기타,59913248,3048097
2022.07,기초화장품,3304991000,PL,폴란드,1132169,81873
2022.07,기초화장품,3304991000,US,미국,28836273,1344245
2022.07,기초화장품,3304991000,VN,베트남,12606499,377794
2022.07,메이크업화장품,3304992000,CN,중국,20940417,353165
2022.07,메이크업화장품,3304992000,FR,프랑스,1519244,36695
2022.07,메이크업화장품,3304992000,GB,영국,68081,737
2022.07,메이크업화장품,3304992000,HK,홍콩,1181869,19604
2022.07,메이크업화장품,3304992000,JP,일본,9375170,150401
2022.07,메이크업화장품,3304992000,OTHER,기타,5475945,126081
2022.07,메이크업화장품,3304992000,PL,폴란드,43961,1179
2022.07,메이크업화장품,3304992000,US,미국,3920621,95766
2022.07,메이크업화장품,3304992000,VN,베트남,1289776,28013
2022.07,마스크팩,3307904000,CN,중국,22215797,2518143
2022.07,마스크팩,3307904000,FR,프랑스,539685,38622
2022.07,마스크팩,3307904000,GB,영국,524615,42775
2022.07,마스크팩,3307904000,HK,홍콩,1712314,115221
2022.07,마스크팩,3307904000,JP,일본,3936287,411887
2022.07,마스크팩,3307904000,OTHER,기타,7567028,772474
2022.07,마스크팩,3307904000,PL,폴란드,70124,8976
2022.07,마스크팩,3307904000,US,미국,3144058,209701
2022.07,마스크팩,3307904000,VN,베트남,593159,57385
2022.07,변압기,8504,CN,중국,28160734,1249316
2022.07,변압기,8504,FR,프랑스,108498,4409
2022.07,변압기,8504,GB,영국,312324,6239
2022.07,변압기,8504,HK,홍콩,2412787,70604
2022.07,변압기,8504,JP,일본,5549901,378492
2022.07,변압기,8504,OTHER,기타,98946150,7074163
2022.07,변압기,8504,PL,폴란드,12662750,266641
2022.07,변압기,8504,US,미국,67697972,4140515
2022.07,변압기,8504,VN,베트남,24561695,1226572
2022.07,반도체,8542,CN,중국,5036326528,445566
2022.07,반도체,8542,FR,프랑스,11605166,1317
2022.07,반도체,8542,GB,영국,665877,228
2022.07,반도체,8542,HK,홍콩,964062693,153538
2022.07,반도체,8542,JP,일본,79735961,22900
2022.07,반도체,8542,OTHER,기타,2445990889,894913
2022.07,반도체,8542,PL,폴란드,35151227,14872
2022.07,반도체,8542,US,미국,134657921,24570
2022.07,반도체,8542,VN,베트남,1279759243,159015
2022.08,화장품,330499,CN,중국,212604862,6197722
2022.08,화장품,330499,FR,프랑스,3127812,61000
2022.08,화장품,330499,GB,영국,4399848,116329
2022.08,화장품,330499,HK,홍콩,23489455,533017
2022.08,화장품,330499,JP,일본,45667650,1413105
2022.08,화장품,330499,OTHER,기타,113909938,5069918
2022.08,화장품,330499,PL,폴란드,2218274,51667
2022.08,화장품,330499,US,미국,38576467,1572920
2022.08,화장품,330499,VN,베트남,28034350,831184
2022.08,기초화장품,3304991000,CN,중국,136897578,3791014
2022.08,기초화장품,3304991000,FR,프랑스,1289995,25605
2022.08,기초화장품,3304991000,GB,영국,1929170,62076
2022.08,기초화장품,3304991000,HK,홍콩,19043631,433420
2022.08,기초화장품,3304991000,JP,일본,16623975,741563
2022.08,기초화장품,3304991000,OTHER,기타,60633061,3038856
2022.08,기초화장품,3304991000,PL,폴란드,596192,27485
2022.08,기초화장품,3304991000,US,미국,24616133,1012798
2022.08,기초화장품,3304991000,VN,베트남,12322552,430983
2022.08,메이크업화장품,3304992000,CN,중국,19853752,351476
2022.08,메이크업화장품,3304992000,FR,프랑스,1213683,28569
2022.08,메이크업화장품,3304992000,GB,영국,41013,608
2022.08,메이크업화장품,3304992000,HK,홍콩,553467,10909
2022.08,메이크업화장품,3304992000,JP,일본,13910349,178661
2022.08,메이크업화장품,3304992000,OTHER,기타,5616915,145542
2022.08,메이크업화장품,3304992000,PL,폴란드,35600,366
2022.08,메이크업화장품,3304992000,US,미국,3450098,105227
2022.08,메이크업화장품,3304992000,VN,베트남,1222912,27008
2022.08,마스크팩,3307904000,CN,중국,18462410,2125904
2022.08,마스크팩,3307904000,FR,프랑스,139579,11989
2022.08,마스크팩,3307904000,GB,영국,370302,30266
2022.08,마스크팩,3307904000,HK,홍콩,1767152,97820
2022.08,마스크팩,3307904000,JP,일본,4273366,418540
2022.08,마스크팩,3307904000,OTHER,기타,7469868,882081
2022.08,마스크팩,3307904000,PL,폴란드,231365,31952
2022.08,마스크팩,3307904000,US,미국,2306454,167909
2022.08,마스크팩,3307904000,VN,베트남,737439,74532
2022.08,변압기,8504,CN,중국,22762163,812286
2022.08,변압기,8504,FR,프랑스,363662,2954
2022.08,변압기,8504,GB,영국,540990,16322
2022.08,변압기,8504,HK,홍콩,2761275,103108
2022.08,변압기,8504,JP,일본,6760043,343271
2022.08,변압기,8504,OTHER,기타,82798172,5718893
2022.08,변압기,8504,PL,폴란드,6092236,91722
2022.08,변압기,8504,US,미국,68563876,3927848
2022.08,변압기,8504,VN,베트남,25096628,1754431
2022.08,반도체,8542,CN,중국,4142518629,445667
2022.08,반도체,8542,FR,프랑스,12954278,1487
2022.08,반도체,8542,GB,영국,1655516,277
2022.08,반도체,8542,HK,홍콩,1224091399,158428
2022.08,반도체,8542,JP,일본,81758589,26939
2022.08,반도체,8542,OTHER,기타,2772313267,936415
2022.08,반도체,8542,PL,폴란드,30391451,12674
2022.08,반도체,8542,US,미국,133857553,34843
2022.08,반도체,8542,VN,베트남,1265138714,146612
2022.09,화장품,330499,CN,중국,295003599,8900799
2022.09,화장품,330499,FR,프랑스,2492609,62801
2022.09,화장품,330499,GB,영국,4888911,115397
2022.09,화장품,330499,HK,홍콩,25549934,606867
2022.09,화장품,330499,JP,일본,45650108,1501962
2022.09,화장품,330499,OTHER,기타,130199184,5720011
2022.09,화장품,330499,PL,폴란드,2226869,70645
2022.09,화장품,330499,US,미국,41796579,1679908
2022.09,화장품,330499,VN,베트남,25294382,839135
2022.09,기초화장품,3304991000,CN,중국,201509526,5597639
2022.09,기초화장품,3304991000,FR,프랑스,938847,35223
2022.09,기초화장품,3304991000,GB,영국,2163650,71085
2022.09,기초화장품,3304991000,HK,홍콩,20233524,470604
2022.09,기초화장품,3304991000,JP,일본,16031355,689241
2022.09,기초화장품,3304991000,OTHER,기타,67318065,3396523
2022.09,기초화장품,3304991000,PL,폴란드,903289,34420
2022.09,기초화장품,3304991000,US,미국,24638578,1023047
2022.09,기초화장품,3304991000,VN,베트남,12905915,439761
2022.09,메이크업화장품,3304992000,CN,중국,26371132,406854
2022.09,메이크업화장품,3304992000,FR,프랑스,907778,19803
2022.09,메이크업화장품,3304992000,GB,영국,40215,1166
2022.09,메이크업화장품,3304992000,HK,홍콩,703354,12731
2022.09,메이크업화장품,3304992000,JP,일본,13345414,219965
2022.09,메이크업화장품,3304992000,OTHER,기타,7985820,191808
2022.09,메이크업화장품,3304992000,PL,폴란드,34099,1928
2022.09,메이크업화장품,3304992000,US,미국,3764246,96886
2022.09,메이크업화장품,3304992000,VN,베트남,1467401,38978
2022.09,마스크팩,3307904000,CN,중국,17593908,2210302
2022.09,마스크팩,3307904000,FR,프랑스,40469,3029
2022.09,마스크팩,3307904000,GB,영국,264845,23309
2022.09,마스크팩,3307904000,HK,홍콩,2752918,137888
2022.09,마스크팩,3307904000,JP,일본,5238532,506087
2022.09,마스크팩,3307904000,OTHER,기타,7666948,916824
2022.09,마스크팩,3307904000,PL,폴란드,193913,10974
2022.09,마스크팩,3307904000,US,미국,2179112,190312
2022.09,마스크팩,3307904000,VN,베트남,929912,91509
2022.09,변압기,8504,CN,중국,20950042,959596
2022.09,변압기,8504,FR,프랑스,219093,4453
2022.09,변압기,8504,GB,영국,509676,9617
2022.09,변압기,8504,HK,홍콩,3144479,64063
2022.09,변압기,8504,JP,일본,8993305,623210
2022.09,변압기,8504,OTHER,기타,111205418,7679020
2022.09,변압기,8504,PL,폴란드,4283621,126660
2022.09,변압기,8504,US,미국,79152603,5038574
2022.09,변압기,8504,VN,베트남,24892676,1386174
2022.09,반도체,8542,CN,중국,4271630255,447551
2022.09,반도체,8542,FR,프랑스,9082730,1113
2022.09,반도체,8542,GB,영국,1021073,322
2022.09,반도체,8542,HK,홍콩,1790364957,216077
2022.09,반도체,8542,JP,일본,84254155,23171
2022.09,반도체,8542,OTHER,기타,2349724460,933353
2022.09,반도체,8542,PL,폴란드,18887258,7216
2022.09,반도체,8542,US,미국,147830162,27495
2022.09,반도체,8542,VN,베트남,1201443439,166111
2022.10,화장품,330499,CN,중국,284182326,7164729
2022.10,화장품,330499,FR,프랑스,4328999,111281
2022.10,화장품,330499,GB,영국,4467061,111870
2022.10,화장품,330499,HK,홍콩,26923584,606034
2022.10,화장품,330499,JP,일본,34378226,1137224
2022.10,화장품,330499,OTHER,기타,124692668,5099147
2022.10,화장품,330499,PL,폴란드,2589480,64096
2022.10,화장품,330499,US,미국,37823826,1625881
2022.10,화장품,330499,VN,베트남,26432244,856360
2022.10,기초화장품,3304991000,CN,중국,202426102,4604879
2022.10,기초화장품,3304991000,FR,프랑스,987418,40356
2022.10,기초화장품,3304991000,GB,영국,1758512,58912
2022.10,기초화장품,3304991000,HK,홍콩,21428644,463688
2022.10,기초화장품,3304991000,JP,일본,15490108,663197
2022.10,기초화장품,3304991000,OTHER,기타,62586882,2793405
2022.10,기초화장품,3304991000,PL,폴란드,686242,15950
2022.10,기초화장품,3304991000,US,미국,24376855,1038212
2022.10,기초화장품,3304991000,VN,베트남,12088704,466178
2022.10,메이크업화장품,3304992000,CN,중국,29162762,314442
2022.10,메이크업화장품,3304992000,FR,프랑스,2181046,62022
2022.10,메이크업화장품,3304992000,GB,영국,38564,519
2022.10,메이크업화장품,3304992000,HK,홍콩,646269,11714
2022.10,메이크업화장품,3304992000,JP,일본,9450043,160186
2022.10,메이크업화장품,3304992000,OTHER,기타,7125269,156996
2022.10,메이크업화장품,3304992000,PL,폴란드,77817,1997
2022.10,메이크업화장품,3304992000,US,미국,3334143,94452
2022.10,메이크업화장품,3304992000,VN,베트남,943764,21599
2022.10,마스크팩,3307904000,CN,중국,16661304,1978096
2022.10,마스크팩,3307904000,FR,프랑스,573233,31011
2022.10,마스크팩,3307904000,GB,영국,260211,21162
2022.10,마스크팩,3307904000,HK,홍콩,1581895,112120
2022.10,마스크팩,3307904000,JP,일본,6136277,651794
2022.10,마스크팩,3307904000,OTHER,기타,6565848,720837
2022.10,마스크팩,3307904000,PL,폴란드,134691,21633
2022.10,마스크팩,3307904000,US,미국,2580493,160320
2022.10,마스크팩,3307904000,VN,베트남,497803,58666
2022.10,변압기,8504,CN,중국,23975611,1054628
2022.10,변압기,8504,FR,프랑스,495071,12316
2022.10,변압기,8504,GB,영국,1544776,107506
2022.10,변압기,8504,HK,홍콩,2929673,62962
2022.10,변압기,8504,JP,일본,8326413,507673
2022.10,변압기,8504,OTHER,기타,62502361,3466640
2022.10,변압기,8504,PL,폴란드,2713281,45578
2022.10,변압기,8504,US,미국,59267352,3451700
2022.10,변압기,8504,VN,베트남,23091734,1121383
2022.10,반도체,8542,CN,중국,3420885927,424054
2022.10,반도체,8542,FR,프랑스,9479925,1336
2022.10,반도체,8542,GB,영국,1053647,161
2022.10,반도체,8542,HK,홍콩,1320623809,218148
2022.10,반도체,8542,JP,일본,79428050,20450
2022.10,반도체,8542,OTHER,기타,2074147110,905364
2022.10,반도체,8542,PL,폴란드,28858462,8702
2022.10,반도체,8542,US,미국,90839106,18631
2022.10,반도체,8542,VN,베트남,1351719525,143353
2022.11,화장품,330499,CN,중국,221815308,5882128
2022.11,화장품,330499,FR,프랑스,4647592,105647
2022.11,화장품,330499,GB,영국,4666109,109652
2022.11,화장품,330499,HK,홍콩,29975042,726832
2022.11,화장품,330499,JP,일본,43182446,1425712
2022.11,화장품,330499,OTHER,기타,127210103,5496567
2022.11,화장품,330499,PL,폴란드,1675907,29050
2022.11,화장품,330499,US,미국,39595519,1634816
2022.11,화장품,330499,VN,베트남,25364465,1016407
2022.11,기초화장품,3304991000,CN,중국,141467867,3959885
2022.11,기초화장품,3304991000,FR,프랑스,2243806,62867
2022.11,기초화장품,3304991000,GB,영국,1584985,50565
2022.11,기초화장품,3304991000,HK,홍콩,22550319,562151
2022.11,기초화장품,3304991000,JP,일본,17518001,810254
2022.11,기초화장품,3304991000,OTHER,기타,64211803,3112634
2022.11,기초화장품,3304991000,PL,폴란드,620657,17269
2022.11,기초화장품,3304991000,US,미국,26301072,1080423
2022.11,기초화장품,3304991000,VN,베트남,10883753,613676
2022.11,메이크업화장품,3304992000,CN,중국,19270599,261377
2022.11,메이크업화장품,3304992000,FR,프랑스,1058372,27284
2022.11,메이크업화장품,3304992000,GB,영국,14054,442
2022.11,메이크업화장품,3304992000,HK,홍콩,778417,15282
2022.11,메이크업화장품,3304992000,JP,일본,10126499,156635
2022.11,메이크업화장품,3304992000,OTHER,기타,7775291,180757
2022.11,메이크업화장품,3304992000,PL,폴란드,16851,699
2022.11,메이크업화장품,3304992000,US,미국,2778799,69423
2022.11,메이크업화장품,3304992000,VN,베트남,1126668,28248
2022.11,마스크팩,3307904000,CN,중국,13947480,1648884
2022.11,마스크팩,3307904000,FR,프랑스,376660,24092
2022.11,마스크팩,3307904000,GB,영국,185249,15726
2022.11,마스크팩,3307904000,HK,홍콩,1364030,103724
2022.11,마스크팩,3307904000,JP,일본,3238404,350523
2022.11,마스크팩,3307904000,OTHER,기타,7470623,736834
2022.11,마스크팩,3307904000,PL,폴란드,261375,20832
2022.11,마스크팩,3307904000,US,미국,2163983,199774
2022.11,마스크팩,3307904000,VN,베트남,830344,119042
2022.11,변압기,8504,CN,중국,26574202,1247494
2022.11,변압기,8504,FR,프랑스,222328,9958
2022.11,변압기,8504,GB,영국,220874,5279
2022.11,변압기,8504,HK,홍콩,2659458,52527
2022.11,변압기,8504,JP,일본,7310230,409295
2022.11,변압기,8504,OTHER,기타,133912815,9869978
2022.11,변압기,8504,PL,폴란드,3527991,53316
2022.11,변압기,8504,US,미국,80191943,4995081
2022.11,변압기,8504,VN,베트남,19807331,997666
2022.11,반도체,8542,CN,중국,3041518036,367553
2022.11,반도체,8542,FR,프랑스,10044781,1288
2022.11,반도체,8542,GB,영국,1265956,250
2022.11,반도체,8542,HK,홍콩,1102420674,188367
2022.11,반도체,8542,JP,일본,53319140,18047
2022.11,반도체,8542,OTHER,기타,2160741590,833277
2022.11,반도체,8542,PL,폴란드,28387056,9072
2022.11,반도체,8542,US,미국,95962267,18912
2022.11,반도체,8542,VN,베트남,1192826471,148808
2022.12,화장품,330499,CN,중국,167336586,5002184
2022.12,화장품,330499,FR,프랑스,2776926,89950
2022.12,화장품,330499,GB,영국,4553724,105750
2022.12,화장품,330499,HK,홍콩,27444777,633384
2022.12,화장품,330499,JP,일본,32718604,1044294
2022.12,화장품,330499,OTHER,기타,134793709,5532132
2022.12,화장품,330499,PL,폴란드,2079977,68013
2022.12,화장품,330499,US,미국,42834673,1848211
2022.12,화장품,330499,VN,베트남,29201395,698067
2022.12,기초화장품,3304991000,CN,중국,105047531,3520924
2022.12,기초화장품,3304991000,FR,프랑스,1516823,53226
2022.12,기초화장품,3304991000,GB,영국,1503878,45074
2022.12,기초화장품,3304991000,HK,홍콩,20635326,501965
2022.12,기초화장품,3304991000,JP,일본,15872718,621599
2022.12,기초화장품,3304991000,OTHER,기타,67683571,3123769
2022.12,기초화장품,3304991000,PL,폴란드,742475,40686
2022.12,기초화장품,3304991000,US,미국,25027786,1118638
2022.12,기초화장품,3304991000,VN,베트남,11470911,300495
2022.12,메이크업화장품,3304992000,CN,중국,13442965,199621
2022.12,메이크업화장품,3304992000,FR,프랑스,1012718,29066
2022.12,메이크업화장품,3304992000,GB,영국,26351,409
2022.12,메이크업화장품,3304992000,HK,홍콩,922576,13891
2022.12,메이크업화장품,3304992000,JP,일본,6260067,116869
2022.12,메이크업화장품,3304992000,OTHER,기타,7256625,189217
2022.12,메이크업화장품,3304992000,PL,폴란드,19412,522
2022.12,메이크업화장품,3304992000,US,미국,4441724,126059
2022.12,메이크업화장품,3304992000,VN,베트남,710397,19726
2022.12,마스크팩,3307904000,CN,중국,21544421,2027323
2022.12,마스크팩,3307904000,FR,프랑스,698127,34745
2022.12,마스크팩,3307904000,GB,영국,443484,37596
2022.12,마스크팩,3307904000,HK,홍콩,1634118,137420
2022.12,마스크팩,3307904000,JP,일본,4268162,419084
2022.12,마스크팩,3307904000,OTHER,기타,7113725,736639
2022.12,마스크팩,3307904000,PL,폴란드,266006,24496
2022.12,마스크팩,3307904000,US,미국,2386329,182024
2022.12,마스크팩,3307904000,VN,베트남,673486,65034
2022.12,변압기,8504,CN,중국,22271987,830509
2022.12,변압기,8504,FR,프랑스,1031953,10747
2022.12,변압기,8504,GB,영국,4970928,422176
2022.12,변압기,8504,HK,홍콩,2366253,66821
2022.12,변압기,8504,JP,일본,9785978,816114
2022.12,변압기,8504,OTHER,기타,86253819,5319286
2022.12,변압기,8504,PL,폴란드,8317748,100810
2022.12,변압기,8504,US,미국,130066117,5842324
2022.12,변압기,8504,VN,베트남,28430047,1456925
2022.12,반도체,8542,CN,중국,3017673994,380808
2022.12,반도체,8542,FR,프랑스,10959826,1512
2022.12,반도체,8542,GB,영국,379792,590
2022.12,반도체,8542,HK,홍콩,1076408739,177152
2022.12,반도체,8542,JP,일본,63814354,16862
2022.12,반도체,8542,OTHER,기타,2073038947,805064
2022.12,반도체,8542,PL,폴란드,24418934,7919
2022.12,반도체,8542,US,미국,56975186,19777
2022.12,반도체,8542,VN,베트남,1380911701,178173
2023.01,라면,1902301010,CN,중국,15038754,4358629
2023.01,라면,1902301010,FR,프랑스,533797,100861
2023.01,라면,1902301010,GB,영국,2638761,609680
2023.01,라면,1902301010,HK,홍콩,1715978,485155
2023.01,라면,1902301010,JP,일본,5278704,1826496
2023.01,라면,1902301010,OTHER,기타,29494821,7788743
2023.01,라면,1902301010,PL,폴란드,54719,12175
2023.01,라면,1902301010,US,미국,5290664,1237974
2023.01,라면,1902301010,VN,베트남,1459801,410871
2023.01,화장품,330499,CN,중국,103476058,3555823
2023.01,화장품,330499,FR,프랑스,2669631,80659
2023.01,화장품,330499,GB,영국,4312294,123124
2023.01,화장품,330499,HK,홍콩,20800878,548363
2023.01,화장품,330499,JP,일본,38223481,1033926
2023.01,화장품,330499,OTHER,기타,114986011,4650324
2023.01,화장품,330499,PL,폴란드,2596688,96065
2023.01,화장품,330499,US,미국,41913623,1657111
2023.01,화장품,330499,VN,베트남,22340920,529986
2023.01,기초화장품,3304991000,CN,중국,62686800,2720607
2023.01,기초화장품,3304991000,FR,프랑스,1233107,56103
2023.01,기초화장품,3304991000,GB,영국,1722670,67935
2023.01,기초화장품,3304991000,HK,홍콩,17040498,451948
2023.01,기초화장품,3304991000,JP,일본,12490749,521794
2023.01,기초화장품,3304991000,OTHER,기타,57611676,2639739
2023.01,기초화장품,3304991000,PL,폴란드,860455,42907
2023.01,기초화장품,3304991000,US,미국,25679155,1087539
2023.01,기초화장품,3304991000,VN,베트남,8292501,261531
2023.01,메이크업화장품,3304992000,CN,중국,13450423,108873
2023.01,메이크업화장품,3304992000,FR,프랑스,912983,22369
2023.01,메이크업화장품,3304992000,GB,영국,61375,984
2023.01,메이크업화장품,3304992000,HK,홍콩,624148,10511
2023.01,메이크업화장품,3304992000,JP,일본,14121680,250647
2023.01,메이크업화장품,3304992000,OTHER,기타,6053598,151466
2023.01,메이크업화장품,3304992000,PL,폴란드,31413,801
2023.01,메이크업화장품,3304992000,US,미국,4932341,148378
2023.01,메이크업화장품,3304992000,VN,베트남,812115,16297
2023.01,마스크팩,3307904000,CN,중국,10942387,798198
2023.01,마스크팩,3307904000,FR,프랑스,421901,22757
2023.01,마스크팩,3307904000,GB,영국,159216,12970
2023.01,마스크팩,3307904000,HK,홍콩,1195415,95414
2023.01,마스크팩,3307904000,JP,일본,3352801,304190
2023.01,마스크팩,3307904000,OTHER,기타,6368499,612045
2023.01,마스크팩,3307904000,PL,폴란드,197012,22887
2023.01,마스크팩,3307904000,US,미국,1925384,170330
2023.01,마스크팩,3307904000,VN,베트남,501716,53938
2023.01,변압기,8504,CN,중국,22430883,806249
2023.01,변압기,8504,FR,프랑스,1571645,126907
2023.01,변압기,8504,GB,영국,95413,3346
2023.01,변압기,8504,HK,홍콩,1633188,31905
2023.01,변압기,8504,JP,일본,8330759,575659
2023.01,변압기,8504,OTHER,기타,88998448,6161583
2023.01,변압기,8504,PL,폴란드,3522432,46399
2023.01,변압기,8504,US,미국,93366314,5734011
2023.01,변압기,8504,VN,베트남,21135999,592690
2023.01,반도체,8542,CN,중국,2349132622,370019
2023.01,반도체,8542,FR,프랑스,12338330,1409
2023.01,반도체,8542,GB,영국,870444,169
2023.01,반도체,8542,HK,홍콩,612589701,118411
2023.01,반도체,8542,JP,일본,49499488,18251
2023.01,반도체,8542,OTHER,기타,1460306865,799838
2023.01,반도체,8542,PL,폴란드,34913013,10122
2023.01,반도체,8542,US,미국,58930624,17053
2023.01,반도체,8542,VN,베트남,845952954,113149
2023.02,라면,1902301010,CN,중국,18192055,5324843
2023.02,라면,1902301010,FR,프랑스,287085,59952
2023.02,라면,1902301010,GB,영국,2638799,608569
2023.02,라면,1902301010,HK,홍콩,1190153,325137
2023.02,라면,1902301010,JP,일본,4307320,1307011
2023.02,라면,1902301010,OTHER,기타,35148819,9101683
2023.02,라면,1902301010,PL,폴란드,138155,43301
2023.02,라면,1902301010,US,미국,7948192,1929607
2023.02,라면,1902301010,VN,베트남,867532,225266
2023.02,화장품,330499,CN,중국,184586066,6382004
2023.02,화장품,330499,FR,프랑스,4306873,97314
2023.02,화장품,330499,GB,영국,4718900,102969
2023.02,화장품,330499,HK,홍콩,35274886,684376
2023.02,화장품,330499,JP,일본,43842117,1209809
2023.02,화장품,330499,OTHER,기타,142254788,5769344
2023.02,화장품,330499,PL,폴란드,3758138,181409
2023.02,화장품,330499,US,미국,49102269,1861788
2023.02,화장품,330499,VN,베트남,34643576,992714
2023.02,기초화장품,3304991000,CN,중국,112315174,4663991
2023.02,기초화장품,3304991000,FR,프랑스,1772086,50992
2023.02,기초화장품,3304991000,GB,영국,2011762,66952
2023.02,기초화장품,3304991000,HK,홍콩,29142345,560122
2023.02,기초화장품,3304991000,JP,일본,17003133,687407
2023.02,기초화장품,3304991000,OTHER,기타,76468895,3315755
2023.02,기초화장품,3304991000,PL,폴란드,1430116,90859
2023.02,기초화장품,3304991000,US,미국,29770696,1192507
2023.02,기초화장품,3304991000,VN,베트남,14181118,512023
2023.02,메이크업화장품,3304992000,CN,중국,18153298,163027
2023.02,메이크업화장품,3304992000,FR,프랑스,1573531,41870
2023.02,메이크업화장품,3304992000,GB,영국,31569,1024
2023.02,메이크업화장품,3304992000,HK,홍콩,1322653,17306
2023.02,메이크업화장품,3304992000,JP,일본,13681393,218033
2023.02,메이크업화장품,3304992000,OTHER,기타,6886671,162629
2023.02,메이크업화장품,3304992000,PL,폴란드,33654,549
2023.02,메이크업화장품,3304992000,US,미국,4799023,150935
2023.02,메이크업화장품,3304992000,VN,베트남,1354716,32942
2023.02,마스크팩,3307904000,CN,중국,7681639,467878
2023.02,마스크팩,3307904000,FR,프랑스,86672,6739
2023.02,마스크팩,3307904000,GB,영국,279863,19938
2023.02,마스크팩,3307904000,HK,홍콩,1378679,75899
2023.02,마스크팩,3307904000,JP,일본,3926762,382896
2023.02,마스크팩,3307904000,OTHER,기타,7236029,701372
2023.02,마스크팩,3307904000,PL,폴란드,301527,33693
2023.02,마스크팩,3307904000,US,미국,2886515,216298
2023.02,마스크팩,3307904000,VN,베트남,1165746,127983
2023.02,변압기,8504,CN,중국,27696244,953144
2023.02,변압기,8504,FR,프랑스,97708,2268
2023.02,변압기,8504,GB,영국,125250,6164
2023.02,변압기,8504,HK,홍콩,1992852,42630
2023.02,변압기,8504,JP,일본,6430459,366023
2023.02,변압기,8504,OTHER,기타,91435148,5586936
2023.02,변압기,8504,PL,폴란드,6050553,124293
2023.02,변압기,8504,US,미국,112909936,6427948
2023.02,변압기,8504,VN,베트남,22782019,806738
2023.02,반도체,8542,CN,중국,2391440275,333207
2023.02,반도체,8542,FR,프랑스,15451072,1637
2023.02,반도체,8542,GB,영국,385238,239
2023.02,반도체,8542,HK,홍콩,570716739,129110
2023.02,반도체,8542,JP,일본,81393961,20993
2023.02,반도체,8542,OTHER,기타,1409574830,734175
2023.02,반도체,8542,PL,폴란드,32851624,9124
2023.02,반도체,8542,US,미국,53453240,20582
2023.02,반도체,8542,VN,베트남,774154511,111652
2023.03,라면,1902301010,CN,중국,16579259,4819631
2023.03,라면,1902301010,FR,프랑스,324784,74229
2023.03,라면,1902301010,GB,영국,3666236,746463
2023.03,라면,1902301010,HK,홍콩,2026204,559500
2023.03,라면,1902301010,JP,일본,6286707,1829813
2023.03,라면,1902301010,OTHER,기타,36170731,9142891
2023.03,라면,1902301010,PL,폴란드,153635,35405
2023.03,라면,1902301010,US,미국,8938535,2028949
2023.03,라면,1902301010,VN,베트남,1488108,400528
2023.03,화장품,330499,CN,중국,229887344,7702236
2023.03,화장품,330499,FR,프랑스,4703207,152492
2023.03,화장품,330499,GB,영국,6187139,164487
2023.03,화장품,330499,HK,홍콩,35161212,796721
2023.03,화장품,330499,JP,일본,55602840,1411022
2023.03,화장품,330499,OTHER,기타,164877838,6366175
2023.03,화장품,330499,PL,폴란드,3761310,140098
2023.03,화장품,330499,US,미국,61265928,2229874
2023.03,화장품,330499,VN,베트남,35916084,1026316
2023.03,기초화장품,3304991000,CN,중국,152286406,5258126
2023.03,기초화장품,3304991000,FR,프랑스,1905036,74907
2023.03,기초화장품,3304991000,GB,영국,3214181,107978
2023.03,기초화장품,3304991000,HK,홍콩,26925728,602899
2023.03,기초화장품,3304991000,JP,일본,18412831,646433
2023.03,기초화장품,3304991000,OTHER,기타,81444575,3471896
2023.03,기초화장품,3304991000,PL,폴란드,1774864,81297
2023.03,기초화장품,3304991000,US,미국,38948972,1548499
2023.03,기초화장품,3304991000,VN,베트남,14841593,560253
2023.03,메이크업화장품,3304992000,CN,중국,20759168,249558
2023.03,메이크업화장품,3304992000,FR,프랑스,2077601,67822
2023.03,메이크업화장품,3304992000,GB,영국,46029,602
2023.03,메이크업화장품,3304992000,HK,홍콩,1564899,26924
2023.03,메이크업화장품,3304992000,JP,일본,17486544,271824
2023.03,메이크업화장품,3304992000,OTHER,기타,5972120,140143
2023.03,메이크업화장품,3304992000,PL,폴란드,54475,1022
2023.03,메이크업화장품,3304992000,US,미국,7436704,134518
2023.03,메이크업화장품,3304992000,VN,베트남,1984953,49479
2023.03,마스크팩,3307904000,CN,중국,20860683,1395903
2023.03,마스크팩,3307904000,FR,프랑스,64269,4854
2023.03,마스크팩,3307904000,GB,영국,554197,46328
2023.03,마스크팩,3307904000,HK,홍콩,2430830,167488
2023.03,마스크팩,3307904000,JP,일본,5020810,510876
2023.03,마스크팩,3307904000,OTHER,기타,9254541,922919
2023.03,마스크팩,3307904000,PL,폴란드,300659,33245
2023.03,마스크팩,3307904000,US,미국,2598566,206534
2023.03,마스크팩,3307904000,VN,베트남,702575,74162
2023.03,변압기,8504,CN,중국,25946177,1272389
2023.03,변압기,8504,FR,프랑스,618459,57780
2023.03,변압기,8504,GB,영국,1688584,152457
2023.03,변압기,8504,HK,홍콩,3642898,129863
2023.03,변압기,8504,JP,일본,11751039,966203
2023.03,변압기,8504,OTHER,기타,134877450,8082670
2023.03,변압기,8504,PL,폴란드,5198724,62628
2023.03,변압기,8504,US,미국,82121243,5411171
2023.03,변압기,8504,VN,베트남,26990753,1010757
2023.03,반도체,8542,CN,중국,2567429129,377463
2023.03,반도체,8542,FR,프랑스,16685575,1764
2023.03,반도체,8542,GB,영국,1684198,488
2023.03,반도체,8542,HK,홍콩,1364817473,251930
2023.03,반도체,8542,JP,일본,155409261,21860
2023.03,반도체,8542,OTHER,기타,1921825040,800141
2023.03,반도체,8542,PL,폴란드,26662784,10346
2023.03,반도체,8542,US,미국,72000592,24114
2023.03,반도체,8542,VN,베트남,1278793648,158426
2023.04,라면,1902301010,CN,중국,10114578,2895940
2023.04,라면,1902301010,FR,프랑스,167373,53032
2023.04,라면,1902301010,GB,영국,2501890,490580
2023.04,라면,1902301010,HK,홍콩,1193932,311033
2023.04,라면,1902301010,JP,일본,4773574,1434468
2023.04,라면,1902301010,OTHER,기타,40426299,9867374
2023.04,라면,1902301010,PL,폴란드,150347,41437
2023.04,라면,1902301010,US,미국,12625389,2940204
2023.04,라면,1902301010,VN,베트남,1997663,516401
2023.04,화장품,330499,CN,중국,210771468,6764497
2023.04,화장품,330499,FR,프랑스,4842897,134232
2023.04,화장품,330499,GB,영국,4622595,124826
2023.04,화장품,330499,HK,홍콩,27036056,621928
2023.04,화장품,330499,JP,일본,38257565,1113610
2023.04,화장품,330499,OTHER,기타,150563614,5762675
2023.04,화장품,330499,PL,폴란드,4120317,150449
2023.04,화장품,330499,US,미국,59758507,2538988
2023.04,화장품,330499,VN,베트남,27006410,740059
2023.04,기초화장품,3304991000,CN,중국,134149985,4780581
2023.04,기초화장품,3304991000,FR,프랑스,1619545,62360
2023.04,기초화장품,3304991000,GB,영국,1901951,57208
2023.04,기초화장품,3304991000,HK,홍콩,18998573,464390
2023.04,기초화장품,3304991000,JP,일본,13985204,540018
2023.04,기초화장품,3304991000,OTHER,기타,80905627,3351882
2023.04,기초화장품,3304991000,PL,폴란드,1561021,76040
2023.04,기초화장품,3304991000,US,미국,38579822,1793392
2023.04,기초화장품,3304991000,VN,베트남,12009713,432028
2023.04,메이크업화장품,3304992000,CN,중국,24733043,325409
2023.04,메이크업화장품,3304992000,FR,프랑스,2366963,53596
2023.04,메이크업화장품,3304992000,GB,영국,68879,888
2023.04,메이크업화장품,3304992000,HK,홍콩,1471354,20687
2023.04,메이크업화장품,3304992000,JP,일본,13361702,238633
2023.04,메이크업화장품,3304992000,OTHER,기타,6871187,157221
2023.04,메이크업화장품,3304992000,PL,폴란드,71881,2287
2023.04,메이크업화장품,3304992000,US,미국,4754398,148633
2023.04,메이크업화장품,3304992000,VN,베트남,744532,24783
2023.04,마스크팩,3307904000,CN,중국,9030370,724885
2023.04,마스크팩,3307904000,FR,프랑스,71446,9990
2023.04,마스크팩,3307904000,GB,영국,579681,47100
2023.04,마스크팩,3307904000,HK,홍콩,2461860,204697
2023.04,마스크팩,3307904000,JP,일본,4570444,469931
2023.04,마스크팩,3307904000,OTHER,기타,8070297,850073
2023.04,마스크팩,3307904000,PL,폴란드,374010,37659
2023.04,마스크팩,3307904000,US,미국,3691315,328037
2023.04,마스크팩,3307904000,VN,베트남,794546,78217
2023.04,변압기,8504,CN,중국,22601418,1102420
2023.04,변압기,8504,FR,프랑스,170571,4197
2023.04,변압기,8504,GB,영국,8764509,669123
2023.04,변압기,8504,HK,홍콩,2677859,33262
2023.04,변압기,8504,JP,일본,6793384,520426
2023.04,변압기,8504,OTHER,기타,108422857,6072524
2023.04,변압기,8504,PL,폴란드,1646288,25616
2023.04,변압기,8504,US,미국,88880630,5201203
2023.04,변압기,8504,VN,베트남,19512002,581686
2023.04,반도체,8542,CN,중국,2536150786,406137
2023.04,반도체,8542,FR,프랑스,13973856,1580
2023.04,반도체,8542,GB,영국,2127521,175
2023.04,반도체,8542,HK,홍콩,807272184,183247
2023.04,반도체,8542,JP,일본,54542422,15215
2023.04,반도체,8542,OTHER,기타,1460642451,682388
2023.04,반도체,8542,PL,폴란드,40597080,12363
2023.04,반도체,8542,US,미국,52829295,18901
2023.04,반도체,8542,VN,베트남,794573439,129094
2023.05,라면,1902301010,CN,중국,11051197,3223959
2023.05,라면,1902301010,FR,프랑스,386926,94669
2023.05,라면,1902301010,GB,영국,2771154,554125
2023.05,라면,1902301010,HK,홍콩,1446025,381020
2023.05,라면,1902301010,JP,일본,5533299,1644264
2023.05,라면,1902301010,OTHER,기타,40108450,9702294
2023.05,라면,1902301010,PL,폴란드,115565,24423
2023.05,라면,1902301010,US,미국,12742596,3062925
2023.05,라면,1902301010,VN,베트남,915739,247287
2023.05,화장품,330499,CN,중국,256420999,6192469
2023.05,화장품,330499,FR,프랑스,5939000,154116
2023.05,화장품,330499,GB,영국,6725080,164109
2023.05,화장품,330499,HK,홍콩,49128989,925522
2023.05,화장품,330499,JP,일본,44776871,1437646
2023.05,화장품,330499,OTHER,기타,151549523,6006948
2023.05,화장품,330499,PL,폴란드,3311249,92519
2023.05,화장품,330499,US,미국,60107719,2541332
2023.05,화장품,330499,VN,베트남,31740417,825235
2023.05,기초화장품,3304991000,CN,중국,182045945,4679093
2023.05,기초화장품,3304991000,FR,프랑스,3111759,96540
2023.05,기초화장품,3304991000,GB,영국,3205064,92656
2023.05,기초화장품,3304991000,HK,홍콩,41333051,747108
2023.05,기초화장품,3304991000,JP,일본,18099653,867651
2023.05,기초화장품,3304991000,OTHER,기타,82330349,3654562
2023.05,기초화장품,3304991000,PL,폴란드,1388731,55658
2023.05,기초화장품,3304991000,US,미국,40906969,1693498
2023.05,기초화장품,3304991000,VN,베트남,12818730,400307
2023.05,메이크업화장품,3304992000,CN,중국,21892142,271218
2023.05,메이크업화장품,3304992000,FR,프랑스,1666945,41803
2023.05,메이크업화장품,3304992000,GB,영국,192939,1729
2023.05,메이크업화장품,3304992000,HK,홍콩,931100,19437
2023.05,메이크업화장품,3304992000,JP,일본,16233140,276371
2023.05,메이크업화장품,3304992000,OTHER,기타,6947962,152779
2023.05,메이크업화장품,3304992000,PL,폴란드,76173,1371
2023.05,메이크업화장품,3304992000,US,미국,4522036,146629
2023.05,메이크업화장품,3304992000,VN,베트남,722900,24383
2023.05,마스크팩,3307904000,CN,중국,9615223,806976
2023.05,마스크팩,3307904000,FR,프랑스,432671,25542
2023.05,마스크팩,3307904000,GB,영국,476676,38994
2023.05,마스크팩,3307904000,HK,홍콩,1396154,114850
2023.05,마스크팩,3307904000,JP,일본,3858631,382396
2023.05,마스크팩,3307904000,OTHER,기타,7325129,704979
2023.05,마스크팩,3307904000,PL,폴란드,339039,37190
2023.05,마스크팩,3307904000,US,미국,4279013,316911
2023.05,마스크팩,3307904000,VN,베트남,1007704,138137
2023.05,변압기,8504,CN,중국,23963468,805449
2023.05,변압기,8504,FR,프랑스,395337,7301
2023.05,변압기,8504,GB,영국,7637338,535364
2023.05,변압기,8504,HK,홍콩,4302277,261519
2023.05,변압기,8504,JP,일본,7583736,649943
2023.05,변압기,8504,OTHER,기타,108077720,7420651
2023.05,변압기,8504,PL,폴란드,11480254,154512
2023.05,변압기,8504,US,미국,95085078,6673791
2023.05,변압기,8504,VN,베트남,34193234,919973
2023.05,반도체,8542,CN,중국,2716824006,375034
2023.05,반도체,8542,FR,프랑스,23577124,2386
2023.05,반도체,8542,GB,영국,1224297,518
2023.05,반도체,8542,HK,홍콩,1215463673,214303
2023.05,반도체,8542,JP,일본,139642506,22791
2023.05,반도체,8542,OTHER,기타,1679229729,740994
2023.05,반도체,8542,PL,폴란드,37770467,12801
2023.05,반도체,8542,US,미국,82385578,22940
2023.05,반도체,8542,VN,베트남,791803628,133158
2023.06,라면,1902301010,CN,중국,16377374,4702083
2023.06,라면,1902301010,FR,프랑스,332712,63237
2023.06,라면,1902301010,GB,영국,2353398,481785
2023.06,라면,1902301010,HK,홍콩,1422802,368651
2023.06,라면,1902301010,JP,일본,5188955,1551432
2023.06,라면,1902301010,OTHER,기타,46139196,11392360
2023.06,라면,1902301010,PL,폴란드,167199,32609
2023.06,라면,1902301010,US,미국,15666880,3638248
2023.06,라면,1902301010,VN,베트남,1519753,399362
2023.06,화장품,330499,CN,중국,186975451,5578173
2023.06,화장품,330499,FR,프랑스,4640071,130147
2023.06,화장품,330499,GB,영국,7709825,210490
2023.06,화장품,330499,HK,홍콩,46384002,831058
2023.06,화장품,330499,JP,일본,52979253,1293184
2023.06,화장품,330499,OTHER,기타,170381581,6306585
2023.06,화장품,330499,PL,폴란드,4817141,152786
2023.06,화장품,330499,US,미국,71585043,3057380
2023.06,화장품,330499,VN,베트남,33062079,798412
2023.06,기초화장품,3304991000,CN,중국,119876934,4039000
2023.06,기초화장품,3304991000,FR,프랑스,1663474,69157
2023.06,기초화장품,3304991000,GB,영국,3672125,117594
2023.06,기초화장품,3304991000,HK,홍콩,38142799,644031
2023.06,기초화장품,3304991000,JP,일본,15258671,523967
2023.06,기초화장품,3304991000,OTHER,기타,85748092,3871143
2023.06,기초화장품,3304991000,PL,폴란드,2382809,82942
2023.06,기초화장품,3304991000,US,미국,51096332,2218345
2023.06,기초화장품,3304991000,VN,베트남,14641553,478990
2023.06,메이크업화장품,3304992000,CN,중국,18596995,245872
2023.06,메이크업화장품,3304992000,FR,프랑스,1936325,51805
2023.06,메이크업화장품,3304992000,GB,영국,130422,1405
2023.06,메이크업화장품,3304992000,HK,홍콩,1320350,32130
2023.06,메이크업화장품,3304992000,JP,일본,15991726,249622
2023.06,메이크업화장품,3304992000,OTHER,기타,10150020,223947
2023.06,메이크업화장품,3304992000,PL,폴란드,124194,2245
2023.06,메이크업화장품,3304992000,US,미국,4137450,118134
2023.06,메이크업화장품,3304992000,VN,베트남,832006,17929
2023.06,마스크팩,3307904000,CN,중국,8570902,599299
2023.06,마스크팩,3307904000,FR,프랑스,166807,9858
2023.06,마스크팩,3307904000,GB,영국,284863,27600
2023.06,마스크팩,3307904000,HK,홍콩,1574817,114978
2023.06,마스크팩,3307904000,JP,일본,4204423,421095
2023.06,마스크팩,3307904000,OTHER,기타,9596712,951886
2023.06,마스크팩,3307904000,PL,폴란드,144698,17543
2023.06,마스크팩,3307904000,US,미국,3857720,293826
2023.06,마스크팩,3307904000,VN,베트남,519659,71072
2023.06,변압기,8504,CN,중국,28912118,1285952
2023.06,변압기,8504,FR,프랑스,1071947,108473
2023.06,변압기,8504,GB,영국,6812049,497767
2023.06,변압기,8504,HK,홍콩,2337467,41475
2023.06,변압기,8504,JP,일본,6498517,488477
2023.06,변압기,8504,OTHER,기타,96693220,4839968
2023.06,변압기,8504,PL,폴란드,6962515,234573
2023.06,변압기,8504,US,미국,116366420,7254068
2023.06,변압기,8504,VN,베트남,22853729,867291
2023.06,반도체,8542,CN,중국,2916877040,422150
2023.06,반도체,8542,FR,프랑스,19634247,2215
2023.06,반도체,8542,GB,영국,3981876,356
2023.06,반도체,8542,HK,홍콩,1683729463,225308
2023.06,반도체,8542,JP,일본,108384218,25978
2023.06,반도체,8542,OTHER,기타,2033478822,705680
2023.06,반도체,8542,PL,폴란드,28618454,11447
2023.06,반도체,8542,US,미국,63971061,20321
2023.06,반도체,8542,VN,베트남,973582946,146766
2023.07,라면,1902301010,CN,중국,19528682,5607591
2023.07,라면,1902301010,FR,프랑스,276412,58862
2023.07,라면,1902301010,GB,영국,2877068,555327
2023.07,라면,1902301010,HK,홍콩,1093928,286248
2023.07,라면,1902301010,JP,일본,3244528,1021361
2023.07,라면,1902301010,OTHER,기타,40275791,9825401
2023.07,라면,1902301010,PL,폴란드,320948,85308
2023.07,라면,1902301010,US,미국,6523280,1351603
2023.07,라면,1902301010,VN,베트남,1780428,472688
2023.07,화장품,330499,CN,중국,156727908,4938774
2023.07,화장품,330499,FR,프랑스,4819726,131956
2023.07,화장품,330499,GB,영국,7880347,226020
2023.07,화장품,330499,HK,홍콩,27127027,736899
2023.07,화장품,330499,JP,일본,38122311,1019370
2023.07,화장품,330499,OTHER,기타,157733767,5927719
2023.07,화장품,330499,PL,폴란드,3563985,128732
2023.07,화장품,330499,US,미국,60880908,2729725
2023.07,화장품,330499,VN,베트남,30165831,799762
2023.07,기초화장품,3304991000,CN,중국,106644371,3697308
2023.07,기초화장품,3304991000,FR,프랑스,1407587,55088
2023.07,기초화장품,3304991000,GB,영국,3716761,119794
2023.07,기초화장품,3304991000,HK,홍콩,20844619,592285
2023.07,기초화장품,3304991000,JP,일본,15166546,534756
2023.07,기초화장품,3304991000,OTHER,기타,85456392,3648350
2023.07,기초화장품,3304991000,PL,폴란드,1691410,78162
2023.07,기초화장품,3304991000,US,미국,38652445,1797013
2023.07,기초화장품,3304991000,VN,베트남,13237648,471676
2023.07,메이크업화장품,3304992000,CN,중국,14672079,227573
2023.07,메이크업화장품,3304992000,FR,프랑스,3086194,70685
2023.07,메이크업화장품,3304992000,GB,영국,154613,1020
2023.07,메이크업화장품,3304992000,HK,홍콩,831344,10561
2023.07,메이크업화장품,3304992000,JP,일본,9671276,175559
2023.07,메이크업화장품,3304992000,OTHER,기타,10047623,199334
2023.07,메이크업화장품,3304992000,PL,폴란드,60029,1491
2023.07,메이크업화장품,3304992000,US,미국,3714104,126288
2023.07,메이크업화장품,3304992000,VN,베트남,1085044,21167
2023.07,마스크팩,3307904000,CN,중국,9485450,889084
2023.07,마스크팩,3307904000,FR,프랑스,181565,12702
2023.07,마스크팩,3307904000,GB,영국,756206,61253
2023.07,마스크팩,3307904000,HK,홍콩,1508546,109571
2023.07,마스크팩,3307904000,JP,일본,4972793,450279
2023.07,마스크팩,3307904000,OTHER,기타,9903620,978113
2023.07,마스크팩,3307904000,PL,폴란드,197107,21756
2023.07,마스크팩,3307904000,US,미국,4424967,344939
2023.07,마스크팩,3307904000,VN,베트남,675075,88592
2023.07,변압기,8504,CN,중국,26390038,967177
2023.07,변압기,8504,FR,프랑스,829095,63914
2023.07,변압기,8504,GB,영국,3646525,249299
2023.07,변압기,8504,HK,홍콩,1813149,27911
2023.07,변압기,8504,JP,일본,5763865,417761
2023.07,변압기,8504,OTHER,기타,130523072,8943978
2023.07,변압기,8504,PL,폴란드,2319425,51612
2023.07,변압기,8504,US,미국,113778598,6316064
2023.07,변압기,8504,VN,베트남,24713466,954965
2023.07,반도체,8542,CN,중국,2722036343,373108
2023.07,반도체,8542,FR,프랑스,19881873,1885
2023.07,반도체,8542,GB,영국,298865,105
2023.07,반도체,8542,HK,홍콩,1190444558,177414
2023.07,반도체,8542,JP,일본,178140893,26812
2023.07,반도체,8542,OTHER,기타,1651413854,690932
2023.07,반도체,8542,PL,폴란드,34079259,12097
2023.07,반도체,8542,US,미국,68214615,21770
2023.07,반도체,8542,VN,베트남,679428031,119535
2023.08,라면,1902301010,CN,중국,19405729,5668649
2023.08,라면,1902301010,FR,프랑스,165636,41335
2023.08,라면,1902301010,GB,영국,2947415,576106
2023.08,라면,1902301010,HK,홍콩,1242002,320579
2023.08,라면,1902301010,JP,일본,3354028,1137757
2023.08,라면,1902301010,OTHER,기타,40853298,9877655
2023.08,라면,1902301010,PL,폴란드,150797,28551
2023.08,라면,1902301010,US,미국,15858504,3035068
2023.08,라면,1902301010,VN,베트남,1680120,441224
2023.08,화장품,330499,CN,중국,169407143,5266600
2023.08,화장품,330499,FR,프랑스,2324219,46577
2023.08,화장품,330499,GB,영국,8101815,229239
2023.08,화장품,330499,HK,홍콩,33479890,788104
2023.08,화장품,330499,JP,일본,50464794,1225370
2023.08,화장품,330499,OTHER,기타,163870437,6318861
2023.08,화장품,330499,PL,폴란드,2995036,72386
2023.08,화장품,330499,US,미국,75773609,3354565
2023.08,화장품,330499,VN,베트남,33616915,778084
2023.08,기초화장품,3304991000,CN,중국,111757710,3899504
2023.08,기초화장품,3304991000,FR,프랑스,672164,22987
2023.08,기초화장품,3304991000,GB,영국,4066430,118205
2023.08,기초화장품,3304991000,HK,홍콩,26905213,623912
2023.08,기초화장품,3304991000,JP,일본,17625535,588902
2023.08,기초화장품,3304991000,OTHER,기타,93839166,3879914
2023.08,기초화장품,3304991000,PL,폴란드,1228044,41203
2023.08,기초화장품,3304991000,US,미국,56077761,2432392
2023.08,기초화장품,3304991000,VN,베트남,14853237,446133
2023.08,메이크업화장품,3304992000,CN,중국,20168739,214337
2023.08,메이크업화장품,3304992000,FR,프랑스,610665,15069
2023.08,메이크업화장품,3304992000,GB,영국,46676,718
2023.08,메이크업화장품,3304992000,HK,홍콩,1703304,16589
2023.08,메이크업화장품,3304992000,JP,일본,18517592,248202
2023.08,메이크업화장품,3304992000,OTHER,기타,7467324,170853
2023.08,메이크업화장품,3304992000,PL,폴란드,52068,1077
2023.08,메이크업화장품,3304992000,US,미국,3008555,95524
2023.08,메이크업화장품,3304992000,VN,베트남,1186473,22069
2023.08,마스크팩,3307904000,CN,중국,9834079,903802
2023.08,마스크팩,3307904000,FR,프랑스,121510,8753
2023.08,마스크팩,3307904000,GB,영국,446473,31315
2023.08,마스크팩,3307904000,HK,홍콩,1683242,120530
2023.08,마스크팩,3307904000,JP,일본,5080669,539506
2023.08,마스크팩,3307904000,OTHER,기타,8856541,932630
2023.08,마스크팩,3307904000,PL,폴란드,207800,14210
2023.08,마스크팩,3307904000,US,미국,3305386,270029
2023.08,마스크팩,3307904000,VN,베트남,627967,83864
2023.08,변압기,8504,CN,중국,27407292,922082
2023.08,변압기,8504,FR,프랑스,275177,2308
2023.08,변압기,8504,GB,영국,123351,2045
2023.08,변압기,8504,HK,홍콩,2265263,58702
2023.08,변압기,8504,JP,일본,7778903,603177
2023.08,변압기,8504,OTHER,기타,95162815,5106980
2023.08,변압기,8504,PL,폴란드,3694030,51556
2023.08,변압기,8504,US,미국,107685516,5583373
2023.08,변압기,8504,VN,베트남,26306620,986192
2023.08,반도체,8542,CN,중국,2854166443,392236
2023.08,반도체,8542,FR,프랑스,19725442,1797
2023.08,반도체,8542,GB,영국,3405683,369
2023.08,반도체,8542,HK,홍콩,1442301399,202067
2023.08,반도체,8542,JP,일본,98703595,22044
2023.08,반도체,8542,OTHER,기타,2159484137,766882
2023.08,반도체,8542,PL,폴란드,34098857,12845
2023.08,반도체,8542,US,미국,85567492,25461
2023.08,반도체,8542,VN,베트남,1015245847,153440
2023.09,라면,1902301010,CN,중국,24909081,7225349
2023.09,라면,1902301010,FR,프랑스,586049,135078
2023.09,라면,1902301010,GB,영국,4127604,778533
2023.09,라면,1902301010,HK,홍콩,1186729,316470
2023.09,라면,1902301010,JP,일본,4286304,1545261
2023.09,라면,1902301010,OTHER,기타,40709476,10060460
2023.09,라면,1902301010,PL,폴란드,129024,24431
2023.09,라면,1902301010,US,미국,11618030,2113200
2023.09,라면,1902301010,VN,베트남,2053329,552418
2023.09,화장품,330499,CN,중국,241125473,7631810
2023.09,화장품,330499,FR,프랑스,3008420,83941
2023.09,화장품,330499,GB,영국,9577383,321900
2023.09,화장품,330499,HK,홍콩,39909873,844692
2023.09,화장품,330499,JP,일본,50237450,1601077
2023.09,화장품,330499,OTHER,기타,169175434,6682999
2023.09,화장품,330499,PL,폴란드,3065521,124684
2023.09,화장품,330499,US,미국,91955117,4760847
2023.09,화장품,330499,VN,베트남,29841025,801124
2023.09,기초화장품,3304991000,CN,중국,154341103,5823131
2023.09,기초화장품,3304991000,FR,프랑스,1169214,46599
2023.09,기초화장품,3304991000,GB,영국,5125602,177031
2023.09,기초화장품,3304991000,HK,홍콩,33346035,670838
2023.09,기초화장품,3304991000,JP,일본,20086919,849556
2023.09,기초화장품,3304991000,OTHER,기타,92059556,4293707
2023.09,기초화장품,3304991000,PL,폴란드,1301227,68426
2023.09,기초화장품,3304991000,US,미국,66557383,3182906
2023.09,기초화장품,3304991000,VN,베트남,12821409,409691
2023.09,메이크업화장품,3304992000,CN,중국,26238859,308915
2023.09,메이크업화장품,3304992000,FR,프랑스,1090916,30331
2023.09,메이크업화장품,3304992000,GB,영국,130375,1495
2023.09,메이크업화장품,3304992000,HK,홍콩,1719410,35912
2023.09,메이크업화장품,3304992000,JP,일본,9377846,187496
2023.09,메이크업화장품,3304992000,OTHER,기타,8880846,208849
2023.09,메이크업화장품,3304992000,PL,폴란드,50171,616
2023.09,메이크업화장품,3304992000,US,미국,5366198,192831
2023.09,메이크업화장품,3304992000,VN,베트남,1375614,25225
2023.09,마스크팩,3307904000,CN,중국,13466602,1108208
2023.09,마스크팩,3307904000,FR,프랑스,430980,22590
2023.09,마스크팩,3307904000,GB,영국,327479,21555
2023.09,마스크팩,3307904000,HK,홍콩,1989245,221419
2023.09,마스크팩,3307904000,JP,일본,5529083,511112
2023.09,마스크팩,3307904000,OTHER,기타,8867336,950918
2023.09,마스크팩,3307904000,PL,폴란드,171085,13771
2023.09,마스크팩,3307904000,US,미국,4456843,445401
2023.09,마스크팩,3307904000,VN,베트남,934459,115521
2023.09,변압기,8504,CN,중국,23197585,845472
2023.09,변압기,8504,FR,프랑스,73419,1194
2023.09,변압기,8504,GB,영국,2192843,143007
2023.09,변압기,8504,HK,홍콩,2028331,32702
2023.09,변압기,8504,JP,일본,7393300,544071
2023.09,변압기,8504,OTHER,기타,133615891,8258410
2023.09,변압기,8504,PL,폴란드,6609499,155580
2023.09,변압기,8504,US,미국,149823573,9181831
2023.09,변압기,8504,VN,베트남,34552936,815396
2023.09,반도체,8542,CN,중국,2973555265,387267
2023.09,반도체,8542,FR,프랑스,18893211,1865
2023.09,반도체,8542,GB,영국,10693554,628
2023.09,반도체,8542,HK,홍콩,1746121727,247579
2023.09,반도체,8542,JP,일본,69255674,19872
2023.09,반도체,8542,OTHER,기타,2388772510,722483
2023.09,반도체,8542,PL,폴란드,37666711,16760
2023.09,반도체,8542,US,미국,49120019,17309
2023.09,반도체,8542,VN,베트남,1144739854,151691
2023.10,라면,1902301010,CN,중국,23252850,6739544
2023.10,라면,1902301010,FR,프랑스,750850,156429
2023.10,라면,1902301010,GB,영국,3274136,665980
2023.10,라면,1902301010,HK,홍콩,1555872,405030
2023.10,라면,1902301010,JP,일본,6407396,2302244
2023.10,라면,1902301010,OTHER,기타,41568145,10151769
2023.10,라면,1902301010,PL,폴란드,179680,48132
2023.10,라면,1902301010,US,미국,9770310,1908962
2023.10,라면,1902301010,VN,베트남,1194876,327284
2023.10,화장품,330499,CN,중국,214678867,7359179
2023.10,화장품,330499,FR,프랑스,4660063,120805
2023.10,화장품,330499,GB,영국,7532839,164292
2023.10,화장품,330499,HK,홍콩,37894379,949022
2023.10,화장품,330499,JP,일본,42770086,1506232
2023.10,화장품,330499,OTHER,기타,165096639,6445216
2023.10,화장품,330499,PL,폴란드,3510534,125884
2023.10,화장품,330499,US,미국,66341287,2871246
2023.10,화장품,330499,VN,베트남,35646201,837354
2023.10,기초화장품,3304991000,CN,중국,128672656,5387380
2023.10,기초화장품,3304991000,FR,프랑스,1939288,70127
2023.10,기초화장품,3304991000,GB,영국,4766174,126830
2023.10,기초화장품,3304991000,HK,홍콩,32816277,764306
2023.10,기초화장품,3304991000,JP,일본,19207886,915499
2023.10,기초화장품,3304991000,OTHER,기타,86432780,3957676
2023.10,기초화장품,3304991000,PL,폴란드,1368451,49251
2023.10,기초화장품,3304991000,US,미국,49015014,2206741
2023.10,기초화장품,3304991000,VN,베트남,17652017,440083
2023.10,메이크업화장품,3304992000,CN,중국,28438389,312644
2023.10,메이크업화장품,3304992000,FR,프랑스,1712947,37779
2023.10,메이크업화장품,3304992000,GB,영국,200497,2985
2023.10,메이크업화장품,3304992000,HK,홍콩,1024367,13692
2023.10,메이크업화장품,3304992000,JP,일본,10251829,187612
2023.10,메이크업화장품,3304992000,OTHER,기타,10310517,230536
2023.10,메이크업화장품,3304992000,PL,폴란드,84496,1977
2023.10,메이크업화장품,3304992000,US,미국,3454160,81770
2023.10,메이크업화장품,3304992000,VN,베트남,503926,14153
2023.10,마스크팩,3307904000,CN,중국,14188599,1215123
2023.10,마스크팩,3307904000,FR,프랑스,232825,8495
2023.10,마스크팩,3307904000,GB,영국,436346,35144
2023.10,마스크팩,3307904000,HK,홍콩,1390532,111778
2023.10,마스크팩,3307904000,JP,일본,6633491,618526
2023.10,마스크팩,3307904000,OTHER,기타,7635087,786792
2023.10,마스크팩,3307904000,PL,폴란드,263993,20696
2023.10,마스크팩,3307904000,US,미국,3815957,288034
2023.10,마스크팩,3307904000,VN,베트남,604326,75163
2023.10,변압기,8504,CN,중국,23803655,876621
2023.10,변압기,8504,FR,프랑스,189077,1934
2023.10,변압기,8504,GB,영국,138506,3612
2023.10,변압기,8504,HK,홍콩,2808313,103657
2023.10,변압기,8504,JP,일본,7238592,580226
2023.10,변압기,8504,OTHER,기타,101409221,5574656
2023.10,변압기,8504,PL,폴란드,1448785,30625
2023.10,변압기,8504,US,미국,121517109,6578847
2023.10,변압기,8504,VN,베트남,22062436,791649
2023.10,반도체,8542,CN,중국,3012334902,386977
2023.10,반도체,8542,FR,프랑스,14273646,1938
2023.10,반도체,8542,GB,영국,732759,169
2023.10,반도체,8542,HK,홍콩,1657909722,216702
2023.10,반도체,8542,JP,일본,69233391,22967
2023.10,반도체,8542,OTHER,기타,1951291465,699364
2023.10,반도체,8542,PL,폴란드,33927670,13364
2023.10,반도체,8542,US,미국,39903558,13069
2023.10,반도체,8542,VN,베트남,1049950964,147186
2023.11,라면,1902301010,CN,중국,25035841,7296998
2023.11,라면,1902301010,FR,프랑스,712517,141800
2023.11,라면,1902301010,GB,영국,3790289,761908
2023.11,라면,1902301010,HK,홍콩,1390637,400092
2023.11,라면,1902301010,JP,일본,4805360,1726579
2023.11,라면,1902301010,OTHER,기타,43661796,10726820
2023.11,라면,1902301010,PL,폴란드,78163,20588
2023.11,라면,1902301010,US,미국,9733019,1940707
2023.11,라면,1902301010,VN,베트남,1569297,421682
2023.11,화장품,330499,CN,중국,164316468,6024330
2023.11,화장품,330499,FR,프랑스,4945031,139313
2023.11,화장품,330499,GB,영국,9834032,242688
2023.11,화장품,330499,HK,홍콩,44408958,873423
2023.11,화장품,330499,JP,일본,48970192,1565641
2023.11,화장품,330499,OTHER,기타,176188087,6692778
2023.11,화장품,330499,PL,폴란드,3844722,133201
2023.11,화장품,330499,US,미국,90327555,3966171
2023.11,화장품,330499,VN,베트남,43028713,1088646
2023.11,기초화장품,3304991000,CN,중국,91348544,3685094
2023.11,기초화장품,3304991000,FR,프랑스,1343913,50818
2023.11,기초화장품,3304991000,GB,영국,5436977,119250
2023.11,기초화장품,3304991000,HK,홍콩,37352571,715723
2023.11,기초화장품,3304991000,JP,일본,21707027,980645
2023.11,기초화장품,3304991000,OTHER,기타,95450422,4061929
2023.11,기초화장품,3304991000,PL,폴란드,1405306,62182
2023.11,기초화장품,3304991000,US,미국,68333591,3090002
2023.11,기초화장품,3304991000,VN,베트남,19146191,620193
2023.11,메이크업화장품,3304992000,CN,중국,22764388,294734
2023.11,메이크업화장품,3304992000,FR,프랑스,2491934,66030
2023.11,메이크업화장품,3304992000,GB,영국,144403,2401
2023.11,메이크업화장품,3304992000,HK,홍콩,912610,17032
2023.11,메이크업화장품,3304992000,JP,일본,11085469,201345
2023.11,메이크업화장품,3304992000,OTHER,기타,11465290,245776
2023.11,메이크업화장품,3304992000,PL,폴란드,56909,1043
2023.11,메이크업화장품,3304992000,US,미국,3848199,125365
2023.11,메이크업화장품,3304992000,VN,베트남,1003652,23777
2023.11,마스크팩,3307904000,CN,중국,9340360,840386
2023.11,마스크팩,3307904000,FR,프랑스,665680,37282
2023.11,마스크팩,3307904000,GB,영국,424177,29220
2023.11,마스크팩,3307904000,HK,홍콩,1383752,105085
2023.11,마스크팩,3307904000,JP,일본,5352768,504890
2023.11,마스크팩,3307904000,OTHER,기타,7379675,761214
2023.11,마스크팩,3307904000,PL,폴란드,336096,44045
2023.11,마스크팩,3307904000,US,미국,3957930,284557
2023.11,마스크팩,3307904000,VN,베트남,913651,97427
2023.11,변압기,8504,CN,중국,23404540,881991
2023.11,변압기,8504,FR,프랑스,1726142,215769
2023.11,변압기,8504,GB,영국,1875387,95863
2023.11,변압기,8504,HK,홍콩,1813889,39935
2023.11,변압기,8504,JP,일본,13325763,779808
2023.11,변압기,8504,OTHER,기타,92000533,5196289
2023.11,변압기,8504,PL,폴란드,4237167,55097
2023.11,변압기,8504,US,미국,132602586,7631543
2023.11,변압기,8504,VN,베트남,27434137,1063288
2023.11,반도체,8542,CN,중국,3135419115,373845
2023.11,반도체,8542,FR,프랑스,13208047,1500
2023.11,반도체,8542,GB,영국,675637,138
2023.11,반도체,8542,HK,홍콩,1941154403,251441
2023.11,반도체,8542,JP,일본,62203522,19101
2023.11,반도체,8542,OTHER,기타,1812097678,675956
2023.11,반도체,8542,PL,폴란드,32582034,17858
2023.11,반도체,8542,US,미국,43807266,17315
2023.11,반도체,8542,VN,베트남,1121860408,147140
2023.12,라면,1902301010,CN,중국,15963830,4615681
2023.12,라면,1902301010,FR,프랑스,757806,160869
2023.12,라면,1902301010,GB,영국,4007600,814698
2023.12,라면,1902301010,HK,홍콩,1251923,333003
2023.12,라면,1902301010,JP,일본,4503606,1597791
2023.12,라면,1902301010,OTHER,기타,38525568,9501851
2023.12,라면,1902301010,PL,폴란드,190883,43060
2023.12,라면,1902301010,US,미국,9872401,1993121
2023.12,라면,1902301010,VN,베트남,1365264,353314
2023.12,화장품,330499,CN,중국,161723905,5213106
2023.12,화장품,330499,FR,프랑스,4119310,84358
2023.12,화장품,330499,GB,영국,7516667,180473
2023.12,화장품,330499,HK,홍콩,25115556,646202
2023.12,화장품,330499,JP,일본,41639646,1216230
2023.12,화장품,330499,OTHER,기타,168664595,6321966
2023.12,화장품,330499,PL,폴란드,2922571,110262
2023.12,화장품,330499,US,미국,73425853,2940245
2023.12,화장품,330499,VN,베트남,47007952,1006508
2023.12,기초화장품,3304991000,CN,중국,99731702,3318335
2023.12,기초화장품,3304991000,FR,프랑스,1077099,31945
2023.12,기초화장품,3304991000,GB,영국,4161713,109386
2023.12,기초화장품,3304991000,HK,홍콩,18892429,496305
2023.12,기초화장품,3304991000,JP,일본,17577601,695629
2023.12,기초화장품,3304991000,OTHER,기타,87725547,3856735
2023.12,기초화장품,3304991000,PL,폴란드,1014468,58044
2023.12,기초화장품,3304991000,US,미국,50809588,2110787
2023.12,기초화장품,3304991000,VN,베트남,20899955,508073
2023.12,메이크업화장품,3304992000,CN,중국,17869460,188010
2023.12,메이크업화장품,3304992000,FR,프랑스,1617222,43108
2023.12,메이크업화장품,3304992000,GB,영국,57963,1311
2023.12,메이크업화장품,3304992000,HK,홍콩,1397384,13337
2023.12,메이크업화장품,3304992000,JP,일본,8562283,140425
2023.12,메이크업화장품,3304992000,OTHER,기타,13383496,272583
2023.12,메이크업화장품,3304992000,PL,폴란드,43148,1161
2023.12,메이크업화장품,3304992000,US,미국,4995539,164109
2023.12,메이크업화장품,3304992000,VN,베트남,864565,20632
2023.12,마스크팩,3307904000,CN,중국,6244515,536646
2023.12,마스크팩,3307904000,FR,프랑스,345730,15345
2023.12,마스크팩,3307904000,GB,영국,250854,23125
2023.12,마스크팩,3307904000,HK,홍콩,1467342,119678
2023.12,마스크팩,3307904000,JP,일본,5537069,553107
2023.12,마스크팩,3307904000,OTHER,기타,9507247,926768
2023.12,마스크팩,3307904000,PL,폴란드,169409,16415
2023.12,마스크팩,3307904000,US,미국,3578737,229623
2023.12,마스크팩,3307904000,VN,베트남,1065730,126514
2023.12,변압기,8504,CN,중국,27828040,1128964
2023.12,변압기,8504,FR,프랑스,1909240,29725
2023.12,변압기,8504,GB,영국,11207046,775775
2023.12,변압기,8504,HK,홍콩,1915369,64288
2023.12,변압기,8504,JP,일본,7948821,610403
2023.12,변압기,8504,OTHER,기타,99172533,6475619
2023.12,변압기,8504,PL,폴란드,3718092,110106
2023.12,변압기,8504,US,미국,177478408,11169932
2023.12,변압기,8504,VN,베트남,22408530,804975
2023.12,반도체,8542,CN,중국,3003376811,370956
2023.12,반도체,8542,FR,프랑스,16366989,1585
2023.12,반도체,8542,GB,영국,8615638,599
2023.12,반도체,8542,HK,홍콩,2247696473,247688
2023.12,반도체,8542,JP,일본,78465195,15125
2023.12,반도체,8542,OTHER,기타,2201441490,611718
2023.12,반도체,8542,PL,폴란드,20357311,11872
2023.12,반도체,8542,US,미국,46133481,23749
2023.12,반도체,8542,VN,베트남,1381928384,166340
2024.01,라면,1902301010,CN,중국,7893065,2224691
2024.01,라면,1902301010,FR,프랑스,781061,159079
2024.01,라면,1902301010,GB,영국,3620138,717673
2024.01,라면,1902301010,HK,홍콩,992230,285180
2024.01,라면,1902301010,JP,일본,6034140,2127786
2024.01,라면,1902301010,OTHER,기타,52860505,12865246
2024.01,라면,1902301010,PL,폴란드,129216,29010
2024.01,라면,1902301010,US,미국,11872293,2401090
2024.01,라면,1902301010,VN,베트남,1568364,413387
2024.01,화장품,330499,CN,중국,214453584,6515163
2024.01,화장품,330499,FR,프랑스,3406444,90798
2024.01,화장품,330499,GB,영국,7969839,247521
2024.01,화장품,330499,HK,홍콩,33967550,798182
2024.01,화장품,330499,JP,일본,48677205,1272810
2024.01,화장품,330499,OTHER,기타,189464265,6606416
2024.01,화장품,330499,PL,폴란드,5805610,240049
2024.01,화장품,330499,US,미국,84086153,3329968
2024.01,화장품,330499,VN,베트남,40305044,954075
2024.01,기초화장품,3304991000,CN,중국,139532267,4428754
2024.01,기초화장품,3304991000,FR,프랑스,840307,26530
2024.01,기초화장품,3304991000,GB,영국,3854568,117652
2024.01,기초화장품,3304991000,HK,홍콩,27535239,641195
2024.01,기초화장품,3304991000,JP,일본,19817243,656540
2024.01,기초화장품,3304991000,OTHER,기타,108047942,4031738
2024.01,기초화장품,3304991000,PL,폴란드,2097832,109663
2024.01,기초화장품,3304991000,US,미국,57025305,2260903
2024.01,기초화장품,3304991000,VN,베트남,14607042,533737
2024.01,메이크업화장품,3304992000,CN,중국,31521614,328299
2024.01,메이크업화장품,3304992000,FR,프랑스,2009464,54804
2024.01,메이크업화장품,3304992000,GB,영국,191126,2924
2024.01,메이크업화장품,3304992000,HK,홍콩,747750,11361
2024.01,메이크업화장품,3304992000,JP,일본,13510832,222097
2024.01,메이크업화장품,3304992000,OTHER,기타,12662561,284199
2024.01,메이크업화장품,3304992000,PL,폴란드,234470,3733
2024.01,메이크업화장품,3304992000,US,미국,5354525,189531
2024.01,메이크업화장품,3304992000,VN,베트남,1312333,30152
2024.01,마스크팩,3307904000,CN,중국,5061137,402755
2024.01,마스크팩,3307904000,FR,프랑스,653381,28182
2024.01,마스크팩,3307904000,GB,영국,292874,18538
2024.01,마스크팩,3307904000,HK,홍콩,1944202,196922
2024.01,마스크팩,3307904000,JP,일본,5615357,562239
2024.01,마스크팩,3307904000,OTHER,기타,8683220,819190
2024.01,마스크팩,3307904000,PL,폴란드,229501,40563
2024.01,마스크팩,3307904000,US,미국,3759481,285963
2024.01,마스크팩,3307904000,VN,베트남,1155070,141976
2024.01,변압기,8504,CN,중국,29169410,1003641
2024.01,변압기,8504,FR,프랑스,1201141,26729
2024.01,변압기,8504,GB,영국,136790,2199
2024.01,변압기,8504,HK,홍콩,2177220,83724
2024.01,변압기,8504,JP,일본,4132148,248629
2024.01,변압기,8504,OTHER,기타,113362926,5720714
2024.01,변압기,8504,PL,폴란드,2046594,33147
2024.01,변압기,8504,US,미국,140858845,8958540
2024.01,변압기,8504,VN,베트남,22922162,579461
2024.01,반도체,8542,CN,중국,3301140112,365964
2024.01,반도체,8542,FR,프랑스,15974363,1903
2024.01,반도체,8542,GB,영국,817403,163
2024.01,반도체,8542,HK,홍콩,1859469939,208777
2024.01,반도체,8542,JP,일본,68318568,21514
2024.01,반도체,8542,OTHER,기타,1792754268,693202
2024.01,반도체,8542,PL,폴란드,28419456,9062
2024.01,반도체,8542,US,미국,60050850,14840
2024.01,반도체,8542,VN,베트남,1076943731,157796
2024.02,라면,1902301010,CN,중국,15196576,4596045
2024.02,라면,1902301010,FR,프랑스,563432,125802
2024.02,라면,1902301010,GB,영국,2908524,605345
2024.02,라면,1902301010,HK,홍콩,772685,209870
2024.02,라면,1902301010,JP,일본,5518860,1898632
2024.02,라면,1902301010,OTHER,기타,46267978,11111172
2024.02,라면,1902301010,PL,폴란드,138822,27459
2024.02,라면,1902301010,US,미국,19834308,3675002
2024.02,라면,1902301010,VN,베트남,1700763,455293
2024.02,화장품,330499,CN,중국,146110293,4182294
2024.02,화장품,330499,FR,프랑스,2713067,65390
2024.02,화장품,330499,GB,영국,8312327,258951
2024.02,화장품,330499,HK,홍콩,31009701,779486
2024.02,화장품,330499,JP,일본,53828219,1480940
2024.02,화장품,330499,OTHER,기타,183569260,6250810
2024.02,화장품,330499,PL,폴란드,5186999,211891
2024.02,화장품,330499,US,미국,83748990,3327301
2024.02,화장품,330499,VN,베트남,34865768,798778
2024.02,기초화장품,3304991000,CN,중국,84459430,2710188
2024.02,기초화장품,3304991000,FR,프랑스,1064980,29016
2024.02,기초화장품,3304991000,GB,영국,4806694,163739
2024.02,기초화장품,3304991000,HK,홍콩,25022073,657507
2024.02,기초화장품,3304991000,JP,일본,19566216,684950
2024.02,기초화장품,3304991000,OTHER,기타,100568827,3881749
2024.02,기초화장품,3304991000,PL,폴란드,2735497,134145
2024.02,기초화장품,3304991000,US,미국,57401989,2345967
2024.02,기초화장품,3304991000,VN,베트남,15453014,444057
2024.02,메이크업화장품,3304992000,CN,중국,19233632,224607
2024.02,메이크업화장품,3304992000,FR,프랑스,937077,29343
2024.02,메이크업화장품,3304992000,GB,영국,243093,3216
2024.02,메이크업화장품,3304992000,HK,홍콩,902677,13806
2024.02,메이크업화장품,3304992000,JP,일본,16514471,323970
2024.02,메이크업화장품,3304992000,OTHER,기타,11933566,257312
2024.02,메이크업화장품,3304992000,PL,폴란드,200521,4432
2024.02,메이크업화장품,3304992000,US,미국,5982120,248737
2024.02,메이크업화장품,3304992000,VN,베트남,987663,24513
2024.02,마스크팩,3307904000,CN,중국,5744470,453381
2024.02,마스크팩,3307904000,FR,프랑스,763756,38678
2024.02,마스크팩,3307904000,GB,영국,345080,22257
2024.02,마스크팩,3307904000,HK,홍콩,1598449,150856
2024.02,마스크팩,3307904000,JP,일본,6748871,617534
2024.02,마스크팩,3307904000,OTHER,기타,7034391,604966
2024.02,마스크팩,3307904000,PL,폴란드,260171,26104
2024.02,마스크팩,3307904000,US,미국,4415217,305233
2024.02,마스크팩,3307904000,VN,베트남,685557,96347
2024.02,변압기,8504,CN,중국,24968108,1080400
2024.02,변압기,8504,FR,프랑스,2081701,34499
2024.02,변압기,8504,GB,영국,11217408,813516
2024.02,변압기,8504,HK,홍콩,1810847,38419
2024.02,변압기,8504,JP,일본,6419611,515944
2024.02,변압기,8504,OTHER,기타,150963099,9970554
2024.02,변압기,8504,PL,폴란드,7533321,97212
2024.02,변압기,8504,US,미국,134870442,9265803
2024.02,변압기,8504,VN,베트남,21364281,629035
2024.02,반도체,8542,CN,중국,3288430977,346892
2024.02,반도체,8542,FR,프랑스,16001146,1668
2024.02,반도체,8542,GB,영국,234890,75
2024.02,반도체,8542,HK,홍콩,2019688673,191534
2024.02,반도체,8542,JP,일본,57515947,16782
2024.02,반도체,8542,OTHER,기타,1909119620,646532
2024.02,반도체,8542,PL,폴란드,30269872,13240
2024.02,반도체,8542,US,미국,122589225,19918
2024.02,반도체,8542,VN,베트남,1175590414,160999
2024.03,라면,1902301010,CN,중국,20710450,6230510
2024.03,라면,1902301010,FR,프랑스,726568,157624
2024.03,라면,1902301010,GB,영국,4222001,847296
2024.03,라면,1902301010,HK,홍콩,1332670,349897
2024.03,라면,1902301010,JP,일본,5684235,2068378
2024.03,라면,1902301010,OTHER,기타,41470957,10237341
2024.03,라면,1902301010,PL,폴란드,141908,28576
2024.03,라면,1902301010,US,미국,15402310,2936766
2024.03,라면,1902301010,VN,베트남,1918214,502672
2024.03,화장품,330499,CN,중국,150133058,5178174
2024.03,화장품,330499,FR,프랑스,2124252,50501
2024.03,화장품,330499,GB,영국,9378211,238300
2024.03,화장품,330499,HK,홍콩,36231208,911645
2024.03,화장품,330499,JP,일본,52566190,1379139
2024.03,화장품,330499,OTHER,기타,191701534,6965729
2024.03,화장품,330499,PL,폴란드,10178992,344352
2024.03,화장품,330499,US,미국,89520019,3182336
2024.03,화장품,330499,VN,베트남,37005604,1084485
2024.03,기초화장품,3304991000,CN,중국,85795642,3425990
2024.03,기초화장품,3304991000,FR,프랑스,1171741,30140
2024.03,기초화장품,3304991000,GB,영국,5039611,142109
2024.03,기초화장품,3304991000,HK,홍콩,28316010,727274
2024.03,기초화장품,3304991000,JP,일본,18300409,614442
2024.03,기초화장품,3304991000,OTHER,기타,105326313,4296946
2024.03,기초화장품,3304991000,PL,폴란드,5971688,233401
2024.03,기초화장품,3304991000,US,미국,64084484,2377300
2024.03,기초화장품,3304991000,VN,베트남,18843553,587913
2024.03,메이크업화장품,3304992000,CN,중국,20502924,278390
2024.03,메이크업화장품,3304992000,FR,프랑스,482381,14435
2024.03,메이크업화장품,3304992000,GB,영국,335143,4443
2024.03,메이크업화장품,3304992000,HK,홍콩,1095076,18872
2024.03,메이크업화장품,3304992000,JP,일본,12415192,219376
2024.03,메이크업화장품,3304992000,OTHER,기타,13290022,314316
2024.03,메이크업화장품,3304992000,PL,폴란드,1266058,22495
2024.03,메이크업화장품,3304992000,US,미국,4026537,136416
2024.03,메이크업화장품,3304992000,VN,베트남,1055763,25082
2024.03,마스크팩,3307904000,CN,중국,9856000,985744
2024.03,마스크팩,3307904000,FR,프랑스,165323,8133
2024.03,마스크팩,3307904000,GB,영국,238480,25003
2024.03,마스크팩,3307904000,HK,홍콩,1821187,150448
2024.03,마스크팩,3307904000,JP,일본,6260580,577062
2024.03,마스크팩,3307904000,OTHER,기타,10032513,939796
2024.03,마스크팩,3307904000,PL,폴란드,476796,70878
2024.03,마스크팩,3307904000,US,미국,4181584,332226
2024.03,마스크팩,3307904000,VN,베트남,1390175,192930
2024.03,변압기,8504,CN,중국,29346749,1015891
2024.03,변압기,8504,FR,프랑스,2245643,47313
2024.03,변압기,8504,GB,영국,26175804,1691301
2024.03,변압기,8504,HK,홍콩,1912914,48521
2024.03,변압기,8504,JP,일본,6528695,419839
2024.03,변압기,8504,OTHER,기타,149979563,9326643
2024.03,변압기,8504,PL,폴란드,3344933,39252
2024.03,변압기,8504,US,미국,120122444,9944070
2024.03,변압기,8504,VN,베트남,23183822,690158
2024.03,반도체,8542,CN,중국,3378418178,370380
2024.03,반도체,8542,FR,프랑스,20623058,1995
2024.03,반도체,8542,GB,영국,5910695,296
2024.03,반도체,8542,HK,홍콩,2388772033,200849
2024.03,반도체,8542,JP,일본,64713219,20117
2024.03,반도체,8542,OTHER,기타,2116965840,665270
2024.03,반도체,8542,PL,폴란드,42508463,19859
2024.03,반도체,8542,US,미국,173666531,17060
2024.03,반도체,8542,VN,베트남,1390701372,169168
2024.04,라면,1902301010,CN,중국,21796515,6392159
2024.04,라면,1902301010,FR,프랑스,425973,87115
2024.04,라면,1902301010,GB,영국,5170336,1072065
2024.04,라면,1902301010,HK,홍콩,1489053,404067
2024.04,라면,1902301010,JP,일본,5646219,1990236
2024.04,라면,1902301010,OTHER,기타,55316780,13177242
2024.04,라면,1902301010,PL,폴란드,256059,55854
2024.04,라면,1902301010,US,미국,16587134,3314038
2024.04,라면,1902301010,VN,베트남,1849392,503232
2024.04,화장품,330499,CN,중국,165604181,5121644
2024.04,화장품,330499,FR,프랑스,5472605,115101
2024.04,화장품,330499,GB,영국,10632816,252374
2024.04,화장품,330499,HK,홍콩,44971674,1057891
2024.04,화장품,330499,JP,일본,54184917,1330867
2024.04,화장품,330499,OTHER,기타,202435397,7742199
2024.04,화장품,330499,PL,폴란드,11870963,403742
2024.04,화장품,330499,US,미국,121244568,4833071
2024.04,화장품,330499,VN,베트남,34292525,1091598
2024.04,기초화장품,3304991000,CN,중국,103570068,3534372
2024.04,기초화장품,3304991000,FR,프랑스,2131529,46957
2024.04,기초화장품,3304991000,GB,영국,5602982,147157
2024.04,기초화장품,3304991000,HK,홍콩,37253749,868128
2024.04,기초화장품,3304991000,JP,일본,21423106,619473
2024.04,기초화장품,3304991000,OTHER,기타,113824488,5042638
2024.04,기초화장품,3304991000,PL,폴란드,7180569,236706
2024.04,기초화장품,3304991000,US,미국,86369563,3428394
2024.04,기초화장품,3304991000,VN,베트남,17105745,633412
2024.04,메이크업화장품,3304992000,CN,중국,21597577,299407
2024.04,메이크업화장품,3304992000,FR,프랑스,2211277,53172
2024.04,메이크업화장품,3304992000,GB,영국,264015,4182
2024.04,메이크업화장품,3304992000,HK,홍콩,1290400,23419
2024.04,메이크업화장품,3304992000,JP,일본,12214939,226565
2024.04,메이크업화장품,3304992000,OTHER,기타,13320324,305973
2024.04,메이크업화장품,3304992000,PL,폴란드,848256,23775
2024.04,메이크업화장품,3304992000,US,미국,7109121,246615
2024.04,메이크업화장품,3304992000,VN,베트남,754657,11931
2024.04,마스크팩,3307904000,CN,중국,8376983,802016
2024.04,마스크팩,3307904000,FR,프랑스,652795,31648
2024.04,마스크팩,3307904000,GB,영국,782572,63694
2024.04,마스크팩,3307904000,HK,홍콩,1553843,103465
2024.04,마스크팩,3307904000,JP,일본,6412500,659402
2024.04,마스크팩,3307904000,OTHER,기타,10643399,1012288
2024.04,마스크팩,3307904000,PL,폴란드,205327,23915
2024.04,마스크팩,3307904000,US,미국,4962058,355859
2024.04,마스크팩,3307904000,VN,베트남,2012504,248433
2024.04,변압기,8504,CN,중국,29701030,933183
2024.04,변압기,8504,FR,프랑스,2654745,132676
2024.04,변압기,8504,GB,영국,742733,43393
2024.04,변압기,8504,HK,홍콩,2214341,71499
2024.04,변압기,8504,JP,일본,4741915,306050
2024.04,변압기,8504,OTHER,기타,100909849,5525615
2024.04,변압기,8504,PL,폴란드,2108010,24502
2024.04,변압기,8504,US,미국,162184653,12942846
2024.04,변압기,8504,VN,베트남,24088395,554583
2024.04,반도체,8542,CN,중국,3172458365,373630
2024.04,반도체,8542,FR,프랑스,19241836,1971
2024.04,반도체,8542,GB,영국,233689,110
2024.04,반도체,8542,HK,홍콩,1879870478,205139
2024.04,반도체,8542,JP,일본,58506676,12381
2024.04,반도체,8542,OTHER,기타,2079801302,683351
2024.04,반도체,8542,PL,폴란드,31223885,15935
2024.04,반도체,8542,US,미국,229297085,19474
2024.04,반도체,8542,VN,베트남,1152531376,144156
2024.05,라면,1902301010,CN,중국,25009154,7423342
2024.05,라면,1902301010,FR,프랑스,348328,92602
2024.05,라면,1902301010,GB,영국,4551058,924989
2024.05,라면,1902301010,HK,홍콩,1005055,285519
2024.05,라면,1902301010,JP,일본,4638903,1635233
2024.05,라면,1902301010,OTHER,기타,52091933,12562971
2024.05,라면,1902301010,PL,폴란드,212182,42545
2024.05,라면,1902301010,US,미국,17789630,3495402
2024.05,라면,1902301010,VN,베트남,1691681,454390
2024.05,화장품,330499,CN,중국,193731636,5778580
2024.05,화장품,330499,FR,프랑스,3268550,75609
2024.05,화장품,330499,GB,영국,9365032,224842
2024.05,화장품,330499,HK,홍콩,37777146,797829
2024.05,화장품,330499,JP,일본,52130604,1562720
2024.05,화장품,330499,OTHER,기타,218554237,8092520
2024.05,화장품,330499,PL,폴란드,8495632,281223
2024.05,화장품,330499,US,미국,117566176,4326402
2024.05,화장품,330499,VN,베트남,33267878,1058148
2024.05,기초화장품,3304991000,CN,중국,108680703,3869518
2024.05,기초화장품,3304991000,FR,프랑스,1900945,50565
2024.05,기초화장품,3304991000,GB,영국,5164109,163646
2024.05,기초화장품,3304991000,HK,홍콩,30333211,628044
2024.05,기초화장품,3304991000,JP,일본,23984403,959501
2024.05,기초화장품,3304991000,OTHER,기타,120587216,5040622
2024.05,기초화장품,3304991000,PL,폴란드,3705611,164577
2024.05,기초화장품,3304991000,US,미국,82285575,3029967
2024.05,기초화장품,3304991000,VN,베트남,15901196,608998
2024.05,메이크업화장품,3304992000,CN,중국,34949246,382987
2024.05,메이크업화장품,3304992000,FR,프랑스,692270,21357
2024.05,메이크업화장품,3304992000,GB,영국,252311,4511
2024.05,메이크업화장품,3304992000,HK,홍콩,804347,16656
2024.05,메이크업화장품,3304992000,JP,일본,13642768,272603
2024.05,메이크업화장품,3304992000,OTHER,기타,15799894,330111
2024.05,메이크업화장품,3304992000,PL,폴란드,1539893,22642
2024.05,메이크업화장품,3304992000,US,미국,7113256,223733
2024.05,메이크업화장품,3304992000,VN,베트남,917556,24106
2024.05,마스크팩,3307904000,CN,중국,13214514,1243544
2024.05,마스크팩,3307904000,FR,프랑스,566937,31639
2024.05,마스크팩,3307904000,GB,영국,515379,39307
2024.05,마스크팩,3307904000,HK,홍콩,2262479,183321
2024.05,마스크팩,3307904000,JP,일본,7336233,774022
2024.05,마스크팩,3307904000,OTHER,기타,10406035,984204
2024.05,마스크팩,3307904000,PL,폴란드,449900,54250
2024.05,마스크팩,3307904000,US,미국,6427542,456060
2024.05,마스크팩,3307904000,VN,베트남,1549502,207843
2024.05,변압기,8504,CN,중국,29462697,1027759
2024.05,변압기,8504,FR,프랑스,479102,9305
2024.05,변압기,8504,GB,영국,3325635,178650
2024.05,변압기,8504,HK,홍콩,1829306,38893
2024.05,변압기,8504,JP,일본,5628370,416397
2024.05,변압기,8504,OTHER,기타,107149013,5360105
2024.05,변압기,8504,PL,폴란드,2341042,28400
2024.05,변압기,8504,US,미국,138385472,10664492
2024.05,변압기,8504,VN,베트남,28018767,768457
2024.05,반도체,8542,CN,중국,3878235721,419538
2024.05,반도체,8542,FR,프랑스,11154915,1442
2024.05,반도체,8542,GB,영국,209880,102
2024.05,반도체,8542,HK,홍콩,1793739442,171842
2024.05,반도체,8542,JP,일본,59925003,11743
2024.05,반도체,8542,OTHER,기타,2597329042,702595
2024.05,반도체,8542,PL,폴란드,39015843,17649
2024.05,반도체,8542,US,미국,125602542,17085
2024.05,반도체,8542,VN,베트남,1309128350,160442
2024.06,라면,1902301010,CN,중국,23223875,6602057
2024.06,라면,1902301010,FR,프랑스,248921,53350
2024.06,라면,1902301010,GB,영국,5397478,1111121
2024.06,라면,1902301010,HK,홍콩,631244,174928
2024.06,라면,1902301010,JP,일본,4015668,1332822
2024.06,라면,1902301010,OTHER,기타,50161638,12006579
2024.06,라면,1902301010,PL,폴란드,166142,34833
2024.06,라면,1902301010,US,미국,18573831,3612875
2024.06,라면,1902301010,VN,베트남,1662869,450633
2024.06,화장품,330499,CN,중국,132309658,4037287
2024.06,화장품,330499,FR,프랑스,2886966,60998
2024.06,화장품,330499,GB,영국,10209926,256080
2024.06,화장품,330499,HK,홍콩,35035834,730595
2024.06,화장품,330499,JP,일본,47142648,1302018
2024.06,화장품,330499,OTHER,기타,222570556,7372249
2024.06,화장품,330499,PL,폴란드,9939062,334613
2024.06,화장품,330499,US,미국,107351621,4140984
2024.06,화장품,330499,VN,베트남,28478575,917357
2024.06,기초화장품,3304991000,CN,중국,72942389,2894030
2024.06,기초화장품,3304991000,FR,프랑스,1192875,29531
2024.06,기초화장품,3304991000,GB,영국,5934007,165129
2024.06,기초화장품,3304991000,HK,홍콩,28619235,586054
2024.06,기초화장품,3304991000,JP,일본,18170019,660478
2024.06,기초화장품,3304991000,OTHER,기타,112496126,4306724
2024.06,기초화장품,3304991000,PL,폴란드,5696206,214711
2024.06,기초화장품,3304991000,US,미국,72311861,2831771
2024.06,기초화장품,3304991000,VN,베트남,15691399,628276
2024.06,메이크업화장품,3304992000,CN,중국,17777259,209662
2024.06,메이크업화장품,3304992000,FR,프랑스,1002654,26557
2024.06,메이크업화장품,3304992000,GB,영국,299490,6678
2024.06,메이크업화장품,3304992000,HK,홍콩,865346,17921
2024.06,메이크업화장품,3304992000,JP,일본,12635273,240106
2024.06,메이크업화장품,3304992000,OTHER,기타,19130684,398737
2024.06,메이크업화장품,3304992000,PL,폴란드,1119497,26973
2024.06,메이크업화장품,3304992000,US,미국,9590522,385334
2024.06,메이크업화장품,3304992000,VN,베트남,981884,17584
2024.06,마스크팩,3307904000,CN,중국,8436800,787953
2024.06,마스크팩,3307904000,FR,프랑스,275509,21967
2024.06,마스크팩,3307904000,GB,영국,684923,53926
2024.06,마스크팩,3307904000,HK,홍콩,1388058,79177
2024.06,마스크팩,3307904000,JP,일본,5938501,560641
2024.06,마스크팩,3307904000,OTHER,기타,12650020,1043376
2024.06,마스크팩,3307904000,PL,폴란드,400755,67777
2024.06,마스크팩,3307904000,US,미국,7660217,487566
2024.06,마스크팩,3307904000,VN,베트남,1337052,143502
2024.06,변압기,8504,CN,중국,25988395,798127
2024.06,변압기,8504,FR,프랑스,161025,2527
2024.06,변압기,8504,GB,영국,7145329,534940
2024.06,변압기,8504,HK,홍콩,1540032,12963
2024.06,변압기,8504,JP,일본,5214339,346241
2024.06,변압기,8504,OTHER,기타,104619865,6277119
2024.06,변압기,8504,PL,폴란드,2771168,36755
2024.06,변압기,8504,US,미국,181251430,12962459
2024.06,변압기,8504,VN,베트남,26394667,732051
2024.06,반도체,8542,CN,중국,3750208021,403501
2024.06,반도체,8542,FR,프랑스,11621491,1274
2024.06,반도체,8542,GB,영국,1505576,243
2024.06,반도체,8542,HK,홍콩,2389531502,207649
2024.06,반도체,8542,JP,일본,89689188,17034
2024.06,반도체,8542,OTHER,기타,3248107225,668795
2024.06,반도체,8542,PL,폴란드,38734667,17599
2024.06,반도체,8542,US,미국,98986599,19972
2024.06,반도체,8542,VN,베트남,1589125786,171876
2024.07,라면,1902301010,CN,중국,24332296,7077079
2024.07,라면,1902301010,FR,프랑스,356269,88398
2024.07,라면,1902301010,GB,영국,6617397,1330802
2024.07,라면,1902301010,HK,홍콩,976712,252220
2024.07,라면,1902301010,JP,일본,4473019,1582297
2024.07,라면,1902301010,OTHER,기타,53291281,12604572
2024.07,라면,1902301010,PL,폴란드,344951,78951
2024.07,라면,1902301010,US,미국,17373265,3412058
2024.07,라면,1902301010,VN,베트남,1367648,379490
2024.07,화장품,330499,CN,중국,135170790,4198999
2024.07,화장품,330499,FR,프랑스,4630098,112119
2024.07,화장품,330499,GB,영국,12365748,467874
2024.07,화장품,330499,HK,홍콩,38771509,941896
2024.07,화장품,330499,JP,일본,47459098,1659696
2024.07,화장품,330499,OTHER,기타,223412953,8368907
2024.07,화장품,330499,PL,폴란드,9515397,393628
2024.07,화장품,330499,US,미국,112448266,4030475
2024.07,화장품,330499,VN,베트남,33844566,953393
2024.07,기초화장품,3304991000,CN,중국,86297090,2979631
2024.07,기초화장품,3304991000,FR,프랑스,1427313,44641
2024.07,기초화장품,3304991000,GB,영국,6753706,234939
2024.07,기초화장품,3304991000,HK,홍콩,29081910,743719
2024.07,기초화장품,3304991000,JP,일본,21731352,1004920
2024.07,기초화장품,3304991000,OTHER,기타,125708184,5231777
2024.07,기초화장품,3304991000,PL,폴란드,4753292,197923
2024.07,기초화장품,3304991000,US,미국,73266237,2594904
2024.07,기초화장품,3304991000,VN,베트남,17568023,595575
2024.07,메이크업화장품,3304992000,CN,중국,12899464,185098
2024.07,메이크업화장품,3304992000,FR,프랑스,2410619,58093
2024.07,메이크업화장품,3304992000,GB,영국,185820,4159
2024.07,메이크업화장품,3304992000,HK,홍콩,1134889,21883
2024.07,메이크업화장품,3304992000,JP,일본,12058003,207914
2024.07,메이크업화장품,3304992000,OTHER,기타,17852182,389498
2024.07,메이크업화장품,3304992000,PL,폴란드,2223824,43581
2024.07,메이크업화장품,3304992000,US,미국,7861163,264005
2024.07,메이크업화장품,3304992000,VN,베트남,855418,11547
2024.07,마스크팩,3307904000,CN,중국,11643327,1154832
2024.07,마스크팩,3307904000,FR,프랑스,146609,9077
2024.07,마스크팩,3307904000,GB,영국,705214,53769
2024.07,마스크팩,3307904000,HK,홍콩,1892611,143523
2024.07,마스크팩,3307904000,JP,일본,8719041,833983
2024.07,마스크팩,3307904000,OTHER,기타,12670033,1229939
2024.07,마스크팩,3307904000,PL,폴란드,624578,86400
2024.07,마스크팩,3307904000,US,미국,10667277,786497
2024.07,마스크팩,3307904000,VN,베트남,1262918,147836
2024.07,변압기,8504,CN,중국,27437644,1028826
2024.07,변압기,8504,FR,프랑스,279718,11697
2024.07,변압기,8504,GB,영국,10304994,701192
2024.07,변압기,8504,HK,홍콩,2061838,45329
2024.07,변압기,8504,JP,일본,6788572,466014
2024.07,변압기,8504,OTHER,기타,99336700,5208538
2024.07,변압기,8504,PL,폴란드,2617616,30278
2024.07,변압기,8504,US,미국,135093909,10578550
2024.07,변압기,8504,VN,베트남,27416356,730143
2024.07,반도체,8542,CN,중국,3700698084,389597
2024.07,반도체,8542,FR,프랑스,19449187,1933
2024.07,반도체,8542,GB,영국,155748,130
2024.07,반도체,8542,HK,홍콩,1651223596,199469
2024.07,반도체,8542,JP,일본,38933235,11620
2024.07,반도체,8542,OTHER,기타,2853421162,700937
2024.07,반도체,8542,PL,폴란드,35344421,18074
2024.07,반도체,8542,US,미국,116510856,17869
2024.07,반도체,8542,VN,베트남,1319027539,169426
2024.08,라면,1902301010,CN,중국,22145545,6311192
2024.08,라면,1902301010,FR,프랑스,320855,79536
2024.08,라면,1902301010,GB,영국,4452650,945983
2024.08,라면,1902301010,HK,홍콩,830694,221479
2024.08,라면,1902301010,JP,일본,4737600,1806534
2024.08,라면,1902301010,OTHER,기타,45141605,10848420
2024.08,라면,1902301010,PL,폴란드,309863,69886
2024.08,라면,1902301010,US,미국,20743617,4064273
2024.08,라면,1902301010,VN,베트남,1939082,536570
2024.08,화장품,330499,CN,중국,131078150,4566739
2024.08,화장품,330499,FR,프랑스,3658051,102825
2024.08,화장품,330499,GB,영국,10180821,375607
2024.08,화장품,330499,HK,홍콩,31354511,791536
2024.08,화장품,330499,JP,일본,59588830,1884823
2024.08,화장품,330499,OTHER,기타,210533285,6971105
2024.08,화장품,330499,PL,폴란드,10634010,374477
2024.08,화장품,330499,US,미국,139924460,4307500
2024.08,화장품,330499,VN,베트남,28366513,802678
2024.08,기초화장품,3304991000,CN,중국,80007129,3348963
2024.08,기초화장품,3304991000,FR,프랑스,1912893,56483
2024.08,기초화장품,3304991000,GB,영국,5347747,190105
2024.08,기초화장품,3304991000,HK,홍콩,22620081,609998
2024.08,기초화장품,3304991000,JP,일본,29615269,1222166
2024.08,기초화장품,3304991000,OTHER,기타,111297692,4149884
2024.08,기초화장품,3304991000,PL,폴란드,5227740,209363
2024.08,기초화장품,3304991000,US,미국,102861231,3035413
2024.08,기초화장품,3304991000,VN,베트남,15517434,480934
2024.08,메이크업화장품,3304992000,CN,중국,18446935,235822
2024.08,메이크업화장품,3304992000,FR,프랑스,1009047,32206
2024.08,메이크업화장품,3304992000,GB,영국,258106,5998
2024.08,메이크업화장품,3304992000,HK,홍콩,950575,20275
2024.08,메이크업화장품,3304992000,JP,일본,16612895,299517
2024.08,메이크업화장품,3304992000,OTHER,기타,15988408,370416
2024.08,메이크업화장품,3304992000,PL,폴란드,2530077,46050
2024.08,메이크업화장품,3304992000,US,미국,5674344,155946
2024.08,메이크업화장품,3304992000,VN,베트남,647545,12350
2024.08,마스크팩,3307904000,CN,중국,7008000,754797
2024.08,마스크팩,3307904000,FR,프랑스,228850,16158
2024.08,마스크팩,3307904000,GB,영국,695998,54262
2024.08,마스크팩,3307904000,HK,홍콩,2230656,183568
2024.08,마스크팩,3307904000,JP,일본,8755186,792540
2024.08,마스크팩,3307904000,OTHER,기타,12353009,842860
2024.08,마스크팩,3307904000,PL,폴란드,526165,62485
2024.08,마스크팩,3307904000,US,미국,9001831,600464
2024.08,마스크팩,3307904000,VN,베트남,1222212,146308
2024.08,변압기,8504,CN,중국,26973193,923818
2024.08,변압기,8504,FR,프랑스,242908,9445
2024.08,변압기,8504,GB,영국,449591,11874
2024.08,변압기,8504,HK,홍콩,1931099,14504
2024.08,변압기,8504,JP,일본,9458722,558457
2024.08,변압기,8504,OTHER,기타,127382438,6815809
2024.08,변압기,8504,PL,폴란드,2075828,26951
2024.08,변압기,8504,US,미국,112253952,8881186
2024.08,변압기,8504,VN,베트남,24638732,547187
2024.08,반도체,8542,CN,중국,3385186198,368837
2024.08,반도체,8542,FR,프랑스,17977598,2236
2024.08,반도체,8542,GB,영국,329595,127
2024.08,반도체,8542,HK,홍콩,1848599893,212017
2024.08,반도체,8542,JP,일본,67762114,19259
2024.08,반도체,8542,OTHER,기타,3276593564,689948
2024.08,반도체,8542,PL,폴란드,47666276,21519
2024.08,반도체,8542,US,미국,124536540,19614
2024.08,반도체,8542,VN,베트남,1364901422,167291
2024.09,라면,1902301010,CN,중국,20520485,5980062
2024.09,라면,1902301010,FR,프랑스,136634,32397
2024.09,라면,1902301010,GB,영국,3329849,703761
2024.09,라면,1902301010,HK,홍콩,1153485,291053
2024.09,라면,1902301010,JP,일본,5096534,1795910
2024.09,라면,1902301010,OTHER,기타,51349314,12347541
2024.09,라면,1902301010,PL,폴란드,481852,105121
2024.09,라면,1902301010,US,미국,19816262,3816205
2024.09,라면,1902301010,VN,베트남,1791840,483795
2024.09,화장품,330499,CN,중국,213617864,5440986
2024.09,화장품,330499,FR,프랑스,4645148,107683
2024.09,화장품,330499,GB,영국,11723387,383812
2024.09,화장품,330499,HK,홍콩,36542080,868587
2024.09,화장품,330499,JP,일본,58820569,1878269
2024.09,화장품,330499,OTHER,기타,216270220,7374122
2024.09,화장품,330499,PL,폴란드,8777343,316112
2024.09,화장품,330499,US,미국,126923806,4133564
2024.09,화장품,330499,VN,베트남,25784970,797207
2024.09,기초화장품,3304991000,CN,중국,129113118,3908256
2024.09,기초화장품,3304991000,FR,프랑스,2203016,47040
2024.09,기초화장품,3304991000,GB,영국,6269003,204166
2024.09,기초화장품,3304991000,HK,홍콩,29114869,633904
2024.09,기초화장품,3304991000,JP,일본,26210628,1123094
2024.09,기초화장품,3304991000,OTHER,기타,110346647,4382351
2024.09,기초화장품,3304991000,PL,폴란드,4524685,163553
2024.09,기초화장품,3304991000,US,미국,81755151,2748531
2024.09,기초화장품,3304991000,VN,베트남,13282535,439187
2024.09,메이크업화장품,3304992000,CN,중국,33593485,261978
2024.09,메이크업화장품,3304992000,FR,프랑스,1804493,48197
2024.09,메이크업화장품,3304992000,GB,영국,638069,8063
2024.09,메이크업화장품,3304992000,HK,홍콩,1053684,16986
2024.09,메이크업화장품,3304992000,JP,일본,13388913,248349
2024.09,메이크업화장품,3304992000,OTHER,기타,14367372,318253
2024.09,메이크업화장품,3304992000,PL,폴란드,1452379,25537
2024.09,메이크업화장품,3304992000,US,미국,5276168,146583
2024.09,메이크업화장품,3304992000,VN,베트남,826026,13764
2024.09,마스크팩,3307904000,CN,중국,8936139,909765
2024.09,마스크팩,3307904000,FR,프랑스,168768,7260
2024.09,마스크팩,3307904000,GB,영국,513091,36851
2024.09,마스크팩,3307904000,HK,홍콩,1950578,184661
2024.09,마스크팩,3307904000,JP,일본,7334237,664537
2024.09,마스크팩,3307904000,OTHER,기타,11223653,909256
2024.09,마스크팩,3307904000,PL,폴란드,717545,78315
2024.09,마스크팩,3307904000,US,미국,11582075,751258
2024.09,마스크팩,3307904000,VN,베트남,971864,117890
2024.09,변압기,8504,CN,중국,19009348,644688
2024.09,변압기,8504,FR,프랑스,355190,14193
2024.09,변압기,8504,GB,영국,6620053,450192
2024.09,변압기,8504,HK,홍콩,2454515,119023
2024.09,변압기,8504,JP,일본,6157519,487945
2024.09,변압기,8504,OTHER,기타,159841614,9069251
2024.09,변압기,8504,PL,폴란드,1449848,23919
2024.09,변압기,8504,US,미국,132755857,10463346
2024.09,변압기,8504,VN,베트남,25813735,713477
2024.09,반도체,8542,CN,중국,3580993343,369442
2024.09,반도체,8542,FR,프랑스,14164897,1574
2024.09,반도체,8542,GB,영국,928766,135
2024.09,반도체,8542,HK,홍콩,2150795819,216741
2024.09,반도체,8542,JP,일본,84274922,18855
2024.09,반도체,8542,OTHER,기타,3792287322,721635
2024.09,반도체,8542,PL,폴란드,18790410,14361
2024.09,반도체,8542,US,미국,161612925,18048
2024.09,반도체,8542,VN,베트남,1523196588,172584
2024.10,라면,1902301010,CN,중국,26013337,7782862
2024.10,라면,1902301010,FR,프랑스,139885,29825
2024.10,라면,1902301010,GB,영국,4624397,933207
2024.10,라면,1902301010,HK,홍콩,1607971,434457
2024.10,라면,1902301010,JP,일본,5913724,1851203
2024.10,라면,1902301010,OTHER,기타,58108578,13733753
2024.10,라면,1902301010,PL,폴란드,129381,24592
2024.10,라면,1902301010,US,미국,18538131,3554562
2024.10,라면,1902301010,VN,베트남,1885772,510824
2024.10,화장품,330499,CN,중국,292340821,5428331
2024.10,화장품,330499,FR,프랑스,5661494,161637
2024.10,화장품,330499,GB,영국,9553368,287658
2024.10,화장품,330499,HK,홍콩,48524292,1155466
2024.10,화장품,330499,JP,일본,66333653,2047847
2024.10,화장품,330499,OTHER,기타,226997859,8365973
2024.10,화장품,330499,PL,폴란드,5880498,214629
2024.10,화장품,330499,US,미국,113192714,3919023
2024.10,화장품,330499,VN,베트남,34523818,1078024
2024.10,기초화장품,3304991000,CN,중국,216760383,3847432
2024.10,기초화장품,3304991000,FR,프랑스,2551800,83046
2024.10,기초화장품,3304991000,GB,영국,5069357,191009
2024.10,기초화장품,3304991000,HK,홍콩,39043112,947996
2024.10,기초화장품,3304991000,JP,일본,32215059,1337876
2024.10,기초화장품,3304991000,OTHER,기타,126705476,5274229
2024.10,기초화장품,3304991000,PL,폴란드,2475059,84731
2024.10,기초화장품,3304991000,US,미국,71022692,2586536
2024.10,기초화장품,3304991000,VN,베트남,17877752,662077
2024.10,메이크업화장품,3304992000,CN,중국,29813588,260605
2024.10,메이크업화장품,3304992000,FR,프랑스,2147515,58597
2024.10,메이크업화장품,3304992000,GB,영국,234592,3615
2024.10,메이크업화장품,3304992000,HK,홍콩,1629932,25257
2024.10,메이크업화장품,3304992000,JP,일본,18820264,345249
2024.10,메이크업화장품,3304992000,OTHER,기타,15351583,333906
2024.10,메이크업화장품,3304992000,PL,폴란드,584840,13514
2024.10,메이크업화장품,3304992000,US,미국,10803815,221571
2024.10,메이크업화장품,3304992000,VN,베트남,1360787,28342
2024.10,마스크팩,3307904000,CN,중국,14636286,1536232
2024.10,마스크팩,3307904000,FR,프랑스,15342,762
2024.10,마스크팩,3307904000,GB,영국,391199,35561
2024.10,마스크팩,3307904000,HK,홍콩,2416658,194271
2024.10,마스크팩,3307904000,JP,일본,11734720,1098367
2024.10,마스크팩,3307904000,OTHER,기타,11620750,1045466
2024.10,마스크팩,3307904000,PL,폴란드,304955,31709
2024.10,마스크팩,3307904000,US,미국,10964141,754471
2024.10,마스크팩,3307904000,VN,베트남,1162268,144868
2024.10,변압기,8504,CN,중국,23409736,943683
2024.10,변압기,8504,FR,프랑스,160416,3947
2024.10,변압기,8504,GB,영국,10413255,563866
2024.10,변압기,8504,HK,홍콩,2783726,114495
2024.10,변압기,8504,JP,일본,7983850,507181
2024.10,변압기,8504,OTHER,기타,92964636,4674555
2024.10,변압기,8504,PL,폴란드,1768465,27293
2024.10,변압기,8504,US,미국,193226833,13975463
2024.10,변압기,8504,VN,베트남,26572040,606210
2024.10,반도체,8542,CN,중국,3699956800,373157
2024.10,반도체,8542,FR,프랑스,9351543,1147
2024.10,반도체,8542,GB,영국,177438,216
2024.10,반도체,8542,HK,홍콩,1388868786,163379
2024.10,반도체,8542,JP,일본,49951113,13765
2024.10,반도체,8542,OTHER,기타,3843143743,739803
2024.10,반도체,8542,PL,폴란드,23358437,12178
2024.10,반도체,8542,US,미국,144852694,13262
2024.10,반도체,8542,VN,베트남,1678066250,178567
2024.11,라면,1902301010,CN,중국,27745922,8605635
2024.11,라면,1902301010,FR,프랑스,191629,36187
2024.11,라면,1902301010,GB,영국,3440876,681476
2024.11,라면,1902301010,HK,홍콩,1856734,518119
2024.11,라면,1902301010,JP,일본,6801060,2492003
2024.11,라면,1902301010,OTHER,기타,56983671,13642451
2024.11,라면,1902301010,PL,폴란드,258132,55739
2024.11,라면,1902301010,US,미국,18816875,3681234
2024.11,라면,1902301010,VN,베트남,1455417,395153
2024.11,화장품,330499,CN,중국,159337976,4505768
2024.11,화장품,330499,FR,프랑스,6120739,187170
2024.11,화장품,330499,GB,영국,10072252,266184
2024.11,화장품,330499,HK,홍콩,50574976,1068461
2024.11,화장품,330499,JP,일본,64803647,1772688
2024.11,화장품,330499,OTHER,기타,241566621,7906197
2024.11,화장품,330499,PL,폴란드,10275895,399012
2024.11,화장품,330499,US,미국,111082591,3803436
2024.11,화장품,330499,VN,베트남,36587153,966644
2024.11,기초화장품,3304991000,CN,중국,109038122,3213534
2024.11,기초화장품,3304991000,FR,프랑스,2483375,79249
2024.11,기초화장품,3304991000,GB,영국,5671422,171051
2024.11,기초화장품,3304991000,HK,홍콩,39726278,836177
2024.11,기초화장품,3304991000,JP,일본,27290082,930156
2024.11,기초화장품,3304991000,OTHER,기타,128842665,4880888
2024.11,기초화장품,3304991000,PL,폴란드,6044295,229603
2024.11,기초화장품,3304991000,US,미국,63616912,2364449
2024.11,기초화장품,3304991000,VN,베트남,16510222,527079
2024.11,메이크업화장품,3304992000,CN,중국,14703288,233420
2024.11,메이크업화장품,3304992000,FR,프랑스,2800233,80390
2024.11,메이크업화장품,3304992000,GB,영국,235336,7462
2024.11,메이크업화장품,3304992000,HK,홍콩,1400535,22222
2024.11,메이크업화장품,3304992000,JP,일본,14282806,289115
2024.11,메이크업화장품,3304992000,OTHER,기타,14181264,296932
2024.11,메이크업화장품,3304992000,PL,폴란드,1172732,29002
2024.11,메이크업화장품,3304992000,US,미국,10231555,200590
2024.11,메이크업화장품,3304992000,VN,베트남,954260,17887
2024.11,마스크팩,3307904000,CN,중국,7530266,826949
2024.11,마스크팩,3307904000,FR,프랑스,268275,19669
2024.11,마스크팩,3307904000,GB,영국,918554,49430
2024.11,마스크팩,3307904000,HK,홍콩,2403268,222049
2024.11,마스크팩,3307904000,JP,일본,10233384,863177
2024.11,마스크팩,3307904000,OTHER,기타,13663880,1237773
2024.11,마스크팩,3307904000,PL,폴란드,426714,74704
2024.11,마스크팩,3307904000,US,미국,10419715,786878
2024.11,마스크팩,3307904000,VN,베트남,1307366,144672
2024.11,변압기,8504,CN,중국,22133948,723619
2024.11,변압기,8504,FR,프랑스,598830,8951
2024.11,변압기,8504,GB,영국,6340935,354615
2024.11,변압기,8504,HK,홍콩,2345106,38840
2024.11,변압기,8504,JP,일본,7855661,624689
2024.11,변압기,8504,OTHER,기타,89001584,3973408
2024.11,변압기,8504,PL,폴란드,2156458,34446
2024.11,변압기,8504,US,미국,128789623,10518751
2024.11,변압기,8504,VN,베트남,25153792,722936
2024.11,반도체,8542,CN,중국,3528168062,344667
2024.11,반도체,8542,FR,프랑스,10559822,910
2024.11,반도체,8542,GB,영국,81053,77
2024.11,반도체,8542,HK,홍콩,1611466026,186577
2024.11,반도체,8542,JP,일본,51835221,12076
2024.11,반도체,8542,OTHER,기타,3411654368,764138
2024.11,반도체,8542,PL,폴란드,29671942,17871
2024.11,반도체,8542,US,미국,169412880,12859
2024.11,반도체,8542,VN,베트남,1610678277,170472
2024.12,라면,1902301010,CN,중국,25967283,7831204
2024.12,라면,1902301010,FR,프랑스,220256,49271
2024.12,라면,1902301010,GB,영국,2862761,582621
2024.12,라면,1902301010,HK,홍콩,1431752,396473
2024.12,라면,1902301010,JP,일본,3989534,1353585
2024.12,라면,1902301010,OTHER,기타,53440933,12968844
2024.12,라면,1902301010,PL,폴란드,276450,58806
2024.12,라면,1902301010,US,미국,20264353,3937068
2024.12,라면,1902301010,VN,베트남,1770343,479201
2024.12,화장품,330499,CN,중국,145406733,4634572
2024.12,화장품,330499,FR,프랑스,4836044,134881
2024.12,화장품,330499,GB,영국,11278533,244287
2024.12,화장품,330499,HK,홍콩,65739436,1045477
2024.12,화장품,330499,JP,일본,53230928,1416800
2024.12,화장품,330499,OTHER,기타,228109277,8324989
2024.12,화장품,330499,PL,폴란드,12624718,500823
2024.12,화장품,330499,US,미국,101010380,3236505
2024.12,화장품,330499,VN,베트남,37930009,2787535
2024.12,기초화장품,3304991000,CN,중국,73202853,3049908
2024.12,기초화장품,3304991000,FR,프랑스,2248208,68174
2024.12,기초화장품,3304991000,GB,영국,5600190,151622
2024.12,기초화장품,3304991000,HK,홍콩,43671528,779521
2024.12,기초화장품,3304991000,JP,일본,24332118,855050
2024.12,기초화장품,3304991000,OTHER,기타,119858912,5234684
2024.12,기초화장품,3304991000,PL,폴란드,7324481,295145
2024.12,기초화장품,3304991000,US,미국,58447510,1809262
2024.12,기초화장품,3304991000,VN,베트남,17043563,592652
2024.12,메이크업화장품,3304992000,CN,중국,20654416,295686
2024.12,메이크업화장품,3304992000,FR,프랑스,1851042,43013
2024.12,메이크업화장품,3304992000,GB,영국,267935,4737
2024.12,메이크업화장품,3304992000,HK,홍콩,1221963,19922
2024.12,메이크업화장품,3304992000,JP,일본,12748748,236286
2024.12,메이크업화장품,3304992000,OTHER,기타,13673490,332679
2024.12,메이크업화장품,3304992000,PL,폴란드,1853118,42350
2024.12,메이크업화장품,3304992000,US,미국,8583962,186382
2024.12,메이크업화장품,3304992000,VN,베트남,2951720,39597
2024.12,마스크팩,3307904000,CN,중국,7982331,784308
2024.12,마스크팩,3307904000,FR,프랑스,241163,13932
2024.12,마스크팩,3307904000,GB,영국,482463,33637
2024.12,마스크팩,3307904000,HK,홍콩,2122116,162723
2024.12,마스크팩,3307904000,JP,일본,7917082,719051
2024.12,마스크팩,3307904000,OTHER,기타,10720175,1062206
2024.12,마스크팩,3307904000,PL,폴란드,614176,76256
2024.12,마스크팩,3307904000,US,미국,8354000,619699
2024.12,마스크팩,3307904000,VN,베트남,1401903,185762
2024.12,변압기,8504,CN,중국,25371465,1129817
2024.12,변압기,8504,FR,프랑스,400238,14417
2024.12,변압기,8504,GB,영국,2780336,266929
2024.12,변압기,8504,HK,홍콩,2229068,111223
2024.12,변압기,8504,JP,일본,7686128,489698
2024.12,변압기,8504,OTHER,기타,104023759,6060507
2024.12,변압기,8504,PL,폴란드,2193874,36248
2024.12,변압기,8504,US,미국,243818883,16745749
2024.12,변압기,8504,VN,베트남,27986712,729500
2024.12,반도체,8542,CN,중국,3600579649,380000
2024.12,반도체,8542,FR,프랑스,15847968,1561
2024.12,반도체,8542,GB,영국,853698,171
2024.12,반도체,8542,HK,홍콩,2334325725,207649
2024.12,반도체,8542,JP,일본,78623457,15076
2024.12,반도체,8542,OTHER,기타,4105594680,688215
2024.12,반도체,8542,PL,폴란드,13047269,6607
2024.12,반도체,8542,US,미국,117016376,21639
2024.12,반도체,8542,VN,베트남,1406155459,172058
2025.01,라면,1902301010,CN,중국,20316486,5838360
2025.01,라면,1902301010,FR,프랑스,350758,80710
2025.01,라면,1902301010,GB,영국,3706832,718065
2025.01,라면,1902301010,HK,홍콩,1892782,555939
2025.01,라면,1902301010,JP,일본,5702429,2052021
2025.01,라면,1902301010,OTHER,기타,56023171,13729316
2025.01,라면,1902301010,PL,폴란드,186202,40735
2025.01,라면,1902301010,US,미국,17769748,3489048
2025.01,라면,1902301010,VN,베트남,1516635,402605
2025.01,화장품,330499,CN,중국,115750059,3685409
2025.01,화장품,330499,FR,프랑스,5387433,137678
2025.01,화장품,330499,GB,영국,9509624,307178
2025.01,화장품,330499,HK,홍콩,52618953,1030332
2025.01,화장품,330499,JP,일본,51830387,1590402
2025.01,화장품,330499,OTHER,기타,202830187,6721381
2025.01,화장품,330499,PL,폴란드,13937331,395758
2025.01,화장품,330499,US,미국,85724777,2614905
2025.01,화장품,330499,VN,베트남,24779499,853121
2025.01,기초화장품,3304991000,CN,중국,65210451,2350551
2025.01,기초화장품,3304991000,FR,프랑스,2241795,67813
2025.01,기초화장품,3304991000,GB,영국,4812729,168965
2025.01,기초화장품,3304991000,HK,홍콩,39693312,767346
2025.01,기초화장품,3304991000,JP,일본,25389722,1031525
2025.01,기초화장품,3304991000,OTHER,기타,110528538,4101840
2025.01,기초화장품,3304991000,PL,폴란드,7704411,218855
2025.01,기초화장품,3304991000,US,미국,47927624,1491885
2025.01,기초화장품,3304991000,VN,베트남,11270261,473901
2025.01,메이크업화장품,3304992000,CN,중국,14144340,220161
2025.01,메이크업화장품,3304992000,FR,프랑스,2206079,58161
2025.01,메이크업화장품,3304992000,GB,영국,630417,8314
2025.01,메이크업화장품,3304992000,HK,홍콩,670981,13170
2025.01,메이크업화장품,3304992000,JP,일본,12825116,222107
2025.01,메이크업화장품,3304992000,OTHER,기타,15356396,325928
2025.01,메이크업화장품,3304992000,PL,폴란드,2975780,61714
2025.01,메이크업화장품,3304992000,US,미국,5706703,165034
2025.01,메이크업화장품,3304992000,VN,베트남,1151935,29221
2025.01,마스크팩,3307904000,CN,중국,7692217,847671
2025.01,마스크팩,3307904000,FR,프랑스,170001,9043
2025.01,마스크팩,3307904000,GB,영국,412691,34663
2025.01,마스크팩,3307904000,HK,홍콩,2852744,201513
2025.01,마스크팩,3307904000,JP,일본,7331156,632800
2025.01,마스크팩,3307904000,OTHER,기타,11739628,994781
2025.01,마스크팩,3307904000,PL,폴란드,331630,52986
2025.01,마스크팩,3307904000,US,미국,6948831,480556
2025.01,마스크팩,3307904000,VN,베트남,1548829,274306
2025.01,변압기,8504,CN,중국,26093153,1132582
2025.01,변압기,8504,FR,프랑스,347112,10609
2025.01,변압기,8504,GB,영국,9943152,514399
2025.01,변압기,8504,HK,홍콩,1502109,12365
2025.01,변압기,8504,JP,일본,8025621,598480
2025.01,변압기,8504,OTHER,기타,92039782,4702045
2025.01,변압기,8504,PL,폴란드,2420425,45250
2025.01,변압기,8504,US,미국,141813528,9491318
2025.01,변압기,8504,VN,베트남,31033930,731747
2025.01,반도체,8542,CN,중국,2877006873,315560
2025.01,반도체,8542,FR,프랑스,13550731,1419
2025.01,반도체,8542,GB,영국,540472,145
2025.01,반도체,8542,HK,홍콩,931117047,181415
2025.01,반도체,8542,JP,일본,53387295,13153
2025.01,반도체,8542,OTHER,기타,2644695747,624954
2025.01,반도체,8542,PL,폴란드,25414891,14672
2025.01,반도체,8542,US,미국,75494227,13931
2025.01,반도체,8542,VN,베트남,1647782373,200625
2025.02,라면,1902301010,CN,중국,29912167,8803931
2025.02,라면,1902301010,FR,프랑스,616944,137950
2025.02,라면,1902301010,GB,영국,3012503,571166
2025.02,라면,1902301010,HK,홍콩,2090081,578160
2025.02,라면,1902301010,JP,일본,5138638,1757313
2025.02,라면,1902301010,OTHER,기타,57287323,13631240
2025.02,라면,1902301010,PL,폴란드,166809,29058
2025.02,라면,1902301010,US,미국,21129074,4278365
2025.02,라면,1902301010,VN,베트남,1775493,488441
2025.02,화장품,330499,CN,중국,142614807,4129185
2025.02,화장품,330499,FR,프랑스,8322576,219790
2025.02,화장품,330499,GB,영국,10935088,324993
2025.02,화장품,330499,HK,홍콩,50953549,1097367
2025.02,화장품,330499,JP,일본,54221940,1683627
2025.02,화장품,330499,OTHER,기타,252104941,8489976
2025.02,화장품,330499,PL,폴란드,15070945,575280
2025.02,화장품,330499,US,미국,98838016,3187086
2025.02,화장품,330499,VN,베트남,33104326,1062318
2025.02,기초화장품,3304991000,CN,중국,80717773,2721739
2025.02,기초화장품,3304991000,FR,프랑스,3524411,102340
2025.02,기초화장품,3304991000,GB,영국,6603525,211814
2025.02,기초화장품,3304991000,HK,홍콩,39680366,849234
2025.02,기초화장품,3304991000,JP,일본,23116904,964164
2025.02,기초화장품,3304991000,OTHER,기타,135173546,5162576
2025.02,기초화장품,3304991000,PL,폴란드,9539708,358912
2025.02,기초화장품,3304991000,US,미국,69360531,2187042
2025.02,기초화장품,3304991000,VN,베트남,15501666,604296
2025.02,메이크업화장품,3304992000,CN,중국,19139920,260640
2025.02,메이크업화장품,3304992000,FR,프랑스,4052883,104713
2025.02,메이크업화장품,3304992000,GB,영국,206673,5200
2025.02,메이크업화장품,3304992000,HK,홍콩,1083861,20881
2025.02,메이크업화장품,3304992000,JP,일본,14244365,264053
2025.02,메이크업화장품,3304992000,OTHER,기타,20610911,390897
2025.02,메이크업화장품,3304992000,PL,폴란드,1935710,48834
2025.02,메이크업화장품,3304992000,US,미국,4815462,126852
2025.02,메이크업화장품,3304992000,VN,베트남,1827966,32713
2025.02,마스크팩,3307904000,CN,중국,8607196,783364
2025.02,마스크팩,3307904000,FR,프랑스,693868,30925
2025.02,마스크팩,3307904000,GB,영국,627713,45081
2025.02,마스크팩,3307904000,HK,홍콩,3143806,299327
2025.02,마스크팩,3307904000,JP,일본,7747727,745180
2025.02,마스크팩,3307904000,OTHER,기타,12373769,1069823
2025.02,마스크팩,3307904000,PL,폴란드,1211825,99171
2025.02,마스크팩,3307904000,US,미국,6271966,469271
2025.02,마스크팩,3307904000,VN,베트남,1833161,267567
2025.02,변압기,8504,CN,중국,22141102,919222
2025.02,변압기,8504,FR,프랑스,682543,29521
2025.02,변압기,8504,GB,영국,4601820,202656
2025.02,변압기,8504,HK,홍콩,1527464,12772
2025.02,변압기,8504,JP,일본,7813483,560215
2025.02,변압기,8504,OTHER,기타,159567393,8823177
2025.02,변압기,8504,PL,폴란드,1861122,27376
2025.02,변압기,8504,US,미국,151371824,10727351
2025.02,변압기,8504,VN,베트남,27921342,648688
2025.02,반도체,8542,CN,중국,2541737231,312987
2025.02,반도체,8542,FR,프랑스,15306115,1411
2025.02,반도체,8542,GB,영국,175434,78
2025.02,반도체,8542,HK,홍콩,951025455,199240
2025.02,반도체,8542,JP,일본,48056880,9021
2025.02,반도체,8542,OTHER,기타,2823032266,647377
2025.02,반도체,8542,PL,폴란드,30807908,15943
2025.02,반도체,8542,US,미국,48637247,11384
2025.02,반도체,8542,VN,베트남,1653613198,186080
2025.03,라면,1902301010,CN,중국,26069445,7528087
2025.03,라면,1902301010,FR,프랑스,538106,141239
2025.03,라면,1902301010,GB,영국,2928200,552291
2025.03,라면,1902301010,HK,홍콩,2055999,569846
2025.03,라면,1902301010,JP,일본,6717601,2231964
2025.03,라면,1902301010,OTHER,기타,51844571,12189122
2025.03,라면,1902301010,PL,폴란드,191835,39137
2025.03,라면,1902301010,US,미국,23415639,4566582
2025.03,라면,1902301010,VN,베트남,1460172,403209
2025.03,화장품,330499,CN,중국,173221436,5187679
2025.03,화장품,330499,FR,프랑스,7100387,193855
2025.03,화장품,330499,GB,영국,10911554,335669
2025.03,화장품,330499,HK,홍콩,42577006,1048260
2025.03,화장품,330499,JP,일본,59671835,1664415
2025.03,화장품,330499,OTHER,기타,255367830,8201099
2025.03,화장품,330499,PL,폴란드,23363950,764660
2025.03,화장품,330499,US,미국,104396850,3654461
2025.03,화장품,330499,VN,베트남,32194578,952049
2025.03,기초화장품,3304991000,CN,중국,108098563,3330895
2025.03,기초화장품,3304991000,FR,프랑스,3206609,105464
2025.03,기초화장품,3304991000,GB,영국,6363219,237452
2025.03,기초화장품,3304991000,HK,홍콩,30230474,744544
2025.03,기초화장품,3304991000,JP,일본,23564459,903580
2025.03,기초화장품,3304991000,OTHER,기타,137819560,4996316
2025.03,기초화장품,3304991000,PL,폴란드,17205434,626084
2025.03,기초화장품,3304991000,US,미국,65176028,2378305
2025.03,기초화장품,3304991000,VN,베트남,15054722,521325
2025.03,메이크업화장품,3304992000,CN,중국,15409580,250090
2025.03,메이크업화장품,3304992000,FR,프랑스,2953317,66352
2025.03,메이크업화장품,3304992000,GB,영국,894497,13282
2025.03,메이크업화장품,3304992000,HK,홍콩,702206,17409
2025.03,메이크업화장품,3304992000,JP,일본,17127569,327202
2025.03,메이크업화장품,3304992000,OTHER,기타,19163163,327720
2025.03,메이크업화장품,3304992000,PL,폴란드,2535310,55182
2025.03,메이크업화장품,3304992000,US,미국,6104255,188600
2025.03,메이크업화장품,3304992000,VN,베트남,1481403,39069
2025.03,마스크팩,3307904000,CN,중국,8917611,767487
2025.03,마스크팩,3307904000,FR,프랑스,244856,17200
2025.03,마스크팩,3307904000,GB,영국,482840,37237
2025.03,마스크팩,3307904000,HK,홍콩,3581923,329294
2025.03,마스크팩,3307904000,JP,일본,4852485,477749
2025.03,마스크팩,3307904000,OTHER,기타,12423283,1122333
2025.03,마스크팩,3307904000,PL,폴란드,771988,136559
2025.03,마스크팩,3307904000,US,미국,8987633,559276
2025.03,마스크팩,3307904000,VN,베트남,1409705,214821
2025.03,변압기,8504,CN,중국,26218856,1100323
2025.03,변압기,8504,FR,프랑스,530450,17736
2025.03,변압기,8504,GB,영국,11889687,622583
2025.03,변압기,8504,HK,홍콩,1512780,40054
2025.03,변압기,8504,JP,일본,6613945,321386
2025.03,변압기,8504,OTHER,기타,116495971,5480155
2025.03,변압기,8504,PL,폴란드,2278212,56253
2025.03,변압기,8504,US,미국,161472217,11311115
2025.03,변압기,8504,VN,베트남,25454973,741193
2025.03,반도체,8542,CN,중국,3082275800,334944
2025.03,반도체,8542,FR,프랑스,12667690,1290
2025.03,반도체,8542,GB,영국,528060,138
2025.03,반도체,8542,HK,홍콩,1385373223,232509
2025.03,반도체,8542,JP,일본,68276510,19732
2025.03,반도체,8542,OTHER,기타,4003293536,742888
2025.03,반도체,8542,PL,폴란드,40660638,21540
2025.03,반도체,8542,US,미국,69443813,17884
2025.03,반도체,8542,VN,베트남,1792658304,198087
2025.04,라면,1902301010,CN,중국,27401186,7834456
2025.04,라면,1902301010,FR,프랑스,838964,185184
2025.04,라면,1902301010,GB,영국,3515730,695841
2025.04,라면,1902301010,HK,홍콩,2470991,705330
2025.04,라면,1902301010,JP,일본,7774343,2464571
2025.04,라면,1902301010,OTHER,기타,65413578,15294149
2025.04,라면,1902301010,PL,폴란드,215415,40774
2025.04,라면,1902301010,US,미국,25329014,4885620
2025.04,라면,1902301010,VN,베트남,1720014,482394
2025.04,화장품,330499,CN,중국,179832954,6374540
2025.04,화장품,330499,FR,프랑스,8251969,195889
2025.04,화장품,330499,GB,영국,13816419,436150
2025.04,화장품,330499,HK,홍콩,52775648,1207342
2025.04,화장품,330499,JP,일본,58578031,1528829
2025.04,화장품,330499,OTHER,기타,279716111,9099517
2025.04,화장품,330499,PL,폴란드,22420710,697600
2025.04,화장품,330499,US,미국,128699440,5001800
2025.04,화장품,330499,VN,베트남,27929067,946748
2025.04,기초화장품,3304991000,CN,중국,97154632,4022283
2025.04,기초화장품,3304991000,FR,프랑스,2774556,77119
2025.04,기초화장품,3304991000,GB,영국,7361445,230192
2025.04,기초화장품,3304991000,HK,홍콩,37493937,916226
2025.04,기초화장품,3304991000,JP,일본,25557838,830190
2025.04,기초화장품,3304991000,OTHER,기타,152218445,5593638
2025.04,기초화장품,3304991000,PL,폴란드,13131090,422090
2025.04,기초화장품,3304991000,US,미국,81176968,3254738
2025.04,기초화장품,3304991000,VN,베트남,13919374,582128
2025.04,메이크업화장품,3304992000,CN,중국,20879395,218957
2025.04,메이크업화장품,3304992000,FR,프랑스,3805361,88636
2025.04,메이크업화장품,3304992000,GB,영국,228663,3331
2025.04,메이크업화장품,3304992000,HK,홍콩,877624,12975
2025.04,메이크업화장품,3304992000,JP,일본,16277593,307574
2025.04,메이크업화장품,3304992000,OTHER,기타,22378345,446482
2025.04,메이크업화장품,3304992000,PL,폴란드,3945507,76371
2025.04,메이크업화장품,3304992000,US,미국,7172033,204423
2025.04,메이크업화장품,3304992000,VN,베트남,964369,26392
2025.04,마스크팩,3307904000,CN,중국,15269323,1451338
2025.04,마스크팩,3307904000,FR,프랑스,185751,10567
2025.04,마스크팩,3307904000,GB,영국,986929,75048
2025.04,마스크팩,3307904000,HK,홍콩,7210224,347123
2025.04,마스크팩,3307904000,JP,일본,6812911,634807
2025.04,마스크팩,3307904000,OTHER,기타,14348669,1377920
2025.04,마스크팩,3307904000,PL,폴란드,860929,137990
2025.04,마스크팩,3307904000,US,미국,7205506,539976
2025.04,마스크팩,3307904000,VN,베트남,1786573,222390
2025.04,변압기,8504,CN,중국,27063024,1284058
2025.04,변압기,8504,FR,프랑스,982040,26670
2025.04,변압기,8504,GB,영국,16961383,914599
2025.04,변압기,8504,HK,홍콩,2182699,19890
2025.04,변압기,8504,JP,일본,8764166,562601
2025.04,변압기,8504,OTHER,기타,100208299,4614175
2025.04,변압기,8504,PL,폴란드,2434399,43619
2025.04,변압기,8504,US,미국,220320740,15996415
2025.04,변압기,8504,VN,베트남,30302566,745528
2025.04,반도체,8542,CN,중국,3274019980,382201
2025.04,반도체,8542,FR,프랑스,12177063,1884
2025.04,반도체,8542,GB,영국,376531,129
2025.04,반도체,8542,HK,홍콩,1239074352,208727
2025.04,반도체,8542,JP,일본,66783076,11784
2025.04,반도체,8542,OTHER,기타,3518480252,769160
2025.04,반도체,8542,PL,폴란드,48676546,26241
2025.04,반도체,8542,US,미국,61779060,18118
2025.04,반도체,8542,VN,베트남,1554581495,171780
2025.05,라면,1902301010,CN,중국,30994668,8455868
2025.05,라면,1902301010,FR,프랑스,259356,59041
2025.05,라면,1902301010,GB,영국,3073987,619138
2025.05,라면,1902301010,HK,홍콩,1753765,482930
2025.05,라면,1902301010,JP,일본,8318840,2510217
2025.05,라면,1902301010,OTHER,기타,56816286,13388928
2025.05,라면,1902301010,PL,폴란드,124682,24468
2025.05,라면,1902301010,US,미국,23766276,4774617
2025.05,라면,1902301010,VN,베트남,1692502,456144
2025.05,화장품,330499,CN,중국,144505840,5053512
2025.05,화장품,330499,FR,프랑스,6419991,158698
2025.05,화장품,330499,GB,영국,15369551,381877
2025.05,화장품,330499,HK,홍콩,43523282,1084250
2025.05,화장품,330499,JP,일본,53208311,1537371
2025.05,화장품,330499,OTHER,기타,266751170,8587913
2025.05,화장품,330499,PL,폴란드,21509385,635484
2025.05,화장품,330499,US,미국,141897870,4847393
2025.05,화장품,330499,VN,베트남,25552268,721400
2025.05,기초화장품,3304991000,CN,중국,74326536,2858788
2025.05,기초화장품,3304991000,FR,프랑스,3222939,88408
2025.05,기초화장품,3304991000,GB,영국,9286319,235739
2025.05,기초화장품,3304991000,HK,홍콩,31217120,804166
2025.05,기초화장품,3304991000,JP,일본,23227825,862189
2025.05,기초화장품,3304991000,OTHER,기타,144922613,5294788
2025.05,기초화장품,3304991000,PL,폴란드,13388199,417265
2025.05,기초화장품,3304991000,US,미국,89508136,3148109
2025.05,기초화장품,3304991000,VN,베트남,12988778,413033
2025.05,메이크업화장품,3304992000,CN,중국,20774686,245916
2025.05,메이크업화장품,3304992000,FR,프랑스,2357157,58598
2025.05,메이크업화장품,3304992000,GB,영국,533711,10421
2025.05,메이크업화장품,3304992000,HK,홍콩,744135,13587
2025.05,메이크업화장품,3304992000,JP,일본,17063342,325221
2025.05,메이크업화장품,3304992000,OTHER,기타,19398498,359679
2025.05,메이크업화장품,3304992000,PL,폴란드,4125265,72508
2025.05,메이크업화장품,3304992000,US,미국,8608884,268190
2025.05,메이크업화장품,3304992000,VN,베트남,755244,18668
2025.05,마스크팩,3307904000,CN,중국,12056437,1084252
2025.05,마스크팩,3307904000,FR,프랑스,155997,10457
2025.05,마스크팩,3307904000,GB,영국,736015,51482
2025.05,마스크팩,3307904000,HK,홍콩,2625661,234301
2025.05,마스크팩,3307904000,JP,일본,7930427,755589
2025.05,마스크팩,3307904000,OTHER,기타,14972778,1324043
2025.05,마스크팩,3307904000,PL,폴란드,648218,61096
2025.05,마스크팩,3307904000,US,미국,6899263,593547
2025.05,마스크팩,3307904000,VN,베트남,1215314,145890
2025.05,변압기,8504,CN,중국,24733841,1157200
2025.05,변압기,8504,FR,프랑스,2579778,46340
2025.05,변압기,8504,GB,영국,25632038,1520619
2025.05,변압기,8504,HK,홍콩,1932420,23872
2025.05,변압기,8504,JP,일본,7751909,393810
2025.05,변압기,8504,OTHER,기타,93139523,4615853
2025.05,변압기,8504,PL,폴란드,1869739,37199
2025.05,변압기,8504,US,미국,189544909,13694867
2025.05,변압기,8504,VN,베트남,36174258,881301
2025.05,반도체,8542,CN,중국,3365429299,368323
2025.05,반도체,8542,FR,프랑스,13805176,1692
2025.05,반도체,8542,GB,영국,629489,108
2025.05,반도체,8542,HK,홍콩,1585354741,218440
2025.05,반도체,8542,JP,일본,83359703,17204
2025.05,반도체,8542,OTHER,기타,4424978561,720858
2025.05,반도체,8542,PL,폴란드,38373219,17933
2025.05,반도체,8542,US,미국,51298103,14620
2025.05,반도체,8542,VN,베트남,2011328330,220376
2025.06,라면,1902301010,CN,중국,26593378,7165098
2025.06,라면,1902301010,FR,프랑스,710697,159849
2025.06,라면,1902301010,GB,영국,5128699,1103948
2025.06,라면,1902301010,HK,홍콩,2140093,562109
2025.06,라면,1902301010,JP,일본,5524291,1632678
2025.06,라면,1902301010,OTHER,기타,54963892,12778048
2025.06,라면,1902301010,PL,폴란드,144250,29245
2025.06,라면,1902301010,US,미국,29477041,5680347
2025.06,라면,1902301010,VN,베트남,1649757,446154
2025.06,화장품,330499,CN,중국,106797921,4153538
2025.06,화장품,330499,FR,프랑스,7674444,137635
2025.06,화장품,330499,GB,영국,17318737,415790
2025.06,화장품,330499,HK,홍콩,48980788,961058
2025.06,화장품,330499,JP,일본,62378831,1767606
2025.06,화장품,330499,OTHER,기타,277973094,8968629
2025.06,화장품,330499,PL,폴란드,29311402,790246
2025.06,화장품,330499,US,미국,120242917,4711662
2025.06,화장품,330499,VN,베트남,21373959,683901
2025.06,기초화장품,3304991000,CN,중국,59123403,2362152
2025.06,기초화장품,3304991000,FR,프랑스,3196639,53720
2025.06,기초화장품,3304991000,GB,영국,11956567,281579
2025.06,기초화장품,3304991000,HK,홍콩,34610090,710859
2025.06,기초화장품,3304991000,JP,일본,27788182,988807
2025.06,기초화장품,3304991000,OTHER,기타,151286260,5400337
2025.06,기초화장품,3304991000,PL,폴란드,23892861,651172
2025.06,기초화장품,3304991000,US,미국,73330486,2984686
2025.06,기초화장품,3304991000,VN,베트남,9045212,409421
2025.06,메이크업화장품,3304992000,CN,중국,10381133,186973
2025.06,메이크업화장품,3304992000,FR,프랑스,2982308,70449
2025.06,메이크업화장품,3304992000,GB,영국,326988,6460
2025.06,메이크업화장품,3304992000,HK,홍콩,1044533,14535
2025.06,메이크업화장품,3304992000,JP,일본,18003218,344586
2025.06,메이크업화장품,3304992000,OTHER,기타,19511778,370576
2025.06,메이크업화장품,3304992000,PL,폴란드,2405749,52869
2025.06,메이크업화장품,3304992000,US,미국,9782274,289535
2025.06,메이크업화장품,3304992000,VN,베트남,1221332,26329
2025.06,마스크팩,3307904000,CN,중국,9503571,1051607
2025.06,마스크팩,3307904000,FR,프랑스,250438,10623
2025.06,마스크팩,3307904000,GB,영국,930422,60084
2025.06,마스크팩,3307904000,HK,홍콩,2411641,166064
2025.06,마스크팩,3307904000,JP,일본,10401249,827289
2025.06,마스크팩,3307904000,OTHER,기타,14772619,1183714
2025.06,마스크팩,3307904000,PL,폴란드,940604,115308
2025.06,마스크팩,3307904000,US,미국,10394744,758378
2025.06,마스크팩,3307904000,VN,베트남,1150087,164936
2025.06,변압기,8504,CN,중국,25755680,685219
2025.06,변압기,8504,FR,프랑스,2118632,37380
2025.06,변압기,8504,GB,영국,19227725,1072201
2025.06,변압기,8504,HK,홍콩,1853584,51877
2025.06,변압기,8504,JP,일본,6401121,427914
2025.06,변압기,8504,OTHER,기타,166471711,8954422
2025.06,변압기,8504,PL,폴란드,2120299,38402
2025.06,변압기,8504,US,미국,232374766,15070485
2025.06,변압기,8504,VN,베트남,26126975,737941
2025.06,반도체,8542,CN,중국,3379731392,385683
2025.06,반도체,8542,FR,프랑스,8102247,1230
2025.06,반도체,8542,GB,영국,1578932,227
2025.06,반도체,8542,HK,홍콩,1922353302,249151
2025.06,반도체,8542,JP,일본,108627926,22403
2025.06,반도체,8542,OTHER,기타,4942447245,727896
2025.06,반도체,8542,PL,폴란드,33880095,18974
2025.06,반도체,8542,US,미국,86788870,16518
2025.06,반도체,8542,VN,베트남,1771800087,183355
2025.07,라면,1902301010,CN,중국,39624406,11091542
2025.07,라면,1902301010,FR,프랑스,392093,98781
2025.07,라면,1902301010,GB,영국,6086827,1240153
2025.07,라면,1902301010,HK,홍콩,1469416,398769
2025.07,라면,1902301010,JP,일본,6432925,2019902
2025.07,라면,1902301010,OTHER,기타,60369982,14328093
2025.07,라면,1902301010,PL,폴란드,372565,86069
2025.07,라면,1902301010,US,미국,14275026,2828899
2025.07,라면,1902301010,VN,베트남,2146321,580672
2025.07,화장품,330499,CN,중국,109520546,4442904
2025.07,화장품,330499,FR,프랑스,8079271,214821
2025.07,화장품,330499,GB,영국,14551288,413704
2025.07,화장품,330499,HK,홍콩,35781146,909627
2025.07,화장품,330499,JP,일본,53246551,1713449
2025.07,화장품,330499,OTHER,기타,305698483,9899306
2025.07,화장품,330499,PL,폴란드,22605114,650272
2025.07,화장품,330499,US,미국,141331932,5127445
2025.07,화장품,330499,VN,베트남,31571626,978950
2025.07,기초화장품,3304991000,CN,중국,64315803,2446875
2025.07,기초화장품,3304991000,FR,프랑스,3446134,104956
2025.07,기초화장품,3304991000,GB,영국,9062329,281972
2025.07,기초화장품,3304991000,HK,홍콩,25514965,685230
2025.07,기초화장품,3304991000,JP,일본,25105304,1150279
2025.07,기초화장품,3304991000,OTHER,기타,166293582,5951836
2025.07,기초화장품,3304991000,PL,폴란드,10861563,352952
2025.07,기초화장품,3304991000,US,미국,83704151,3165343
2025.07,기초화장품,3304991000,VN,베트남,13252413,540283
2025.07,메이크업화장품,3304992000,CN,중국,10395673,164625
2025.07,메이크업화장품,3304992000,FR,프랑스,3105827,72630
2025.07,메이크업화장품,3304992000,GB,영국,684516,9031
2025.07,메이크업화장품,3304992000,HK,홍콩,1262205,22052
2025.07,메이크업화장품,3304992000,JP,일본,15275466,267639
2025.07,메이크업화장품,3304992000,OTHER,기타,22399039,486729
2025.07,메이크업화장품,3304992000,PL,폴란드,8292588,142595
2025.07,메이크업화장품,3304992000,US,미국,12242006,318159
2025.07,메이크업화장품,3304992000,VN,베트남,1794432,40525
2025.07,마스크팩,3307904000,CN,중국,12719485,1174438
2025.07,마스크팩,3307904000,FR,프랑스,310444,15220
2025.07,마스크팩,3307904000,GB,영국,808597,52880
2025.07,마스크팩,3307904000,HK,홍콩,2329150,180269
2025.07,마스크팩,3307904000,JP,일본,6830337,602100
2025.07,마스크팩,3307904000,OTHER,기타,15638586,1377205
2025.07,마스크팩,3307904000,PL,폴란드,1103224,154316
2025.07,마스크팩,3307904000,US,미국,12068080,943980
2025.07,마스크팩,3307904000,VN,베트남,1623425,242591
2025.07,변압기,8504,CN,중국,25871262,1138223
2025.07,변압기,8504,FR,프랑스,664437,19892
2025.07,변압기,8504,GB,영국,13094396,741999
2025.07,변압기,8504,HK,홍콩,2953444,70810
2025.07,변압기,8504,JP,일본,7274091,382684
2025.07,변압기,8504,OTHER,기타,110346135,5743143
2025.07,변압기,8504,PL,폴란드,2774302,54194
2025.07,변압기,8504,US,미국,209537006,16357754
2025.07,변압기,8504,VN,베트남,29475487,785989
2025.07,반도체,8542,CN,중국,3595259491,406450
2025.07,반도체,8542,FR,프랑스,10232755,1715
2025.07,반도체,8542,GB,영국,692924,172
2025.07,반도체,8542,HK,홍콩,1496602044,180887
2025.07,반도체,8542,JP,일본,75499568,13331
2025.07,반도체,8542,OTHER,기타,5192479164,827057
2025.07,반도체,8542,PL,폴란드,32569163,18405
2025.07,반도체,8542,US,미국,71584001,19012
2025.07,반도체,8542,VN,베트남,1813794611,232725
2025.08,라면,1902301010,CN,중국,35029504,9706121
2025.08,라면,1902301010,FR,프랑스,59545,12733
2025.08,라면,1902301010,GB,영국,3568322,719821
2025.08,라면,1902301010,HK,홍콩,1332532,371933
2025.08,라면,1902301010,JP,일본,4730339,1469274
2025.08,라면,1902301010,OTHER,기타,49831998,11759817
2025.08,라면,1902301010,PL,폴란드,161849,34127
2025.08,라면,1902301010,US,미국,18278760,3759823
2025.08,라면,1902301010,VN,베트남,2000079,506956
2025.08,화장품,330499,CN,중국,113557306,4152131
2025.08,화장품,330499,FR,프랑스,10366381,248002
2025.08,화장품,330499,GB,영국,13588853,421868
2025.08,화장품,330499,HK,홍콩,47026013,1056140
2025.08,화장품,330499,JP,일본,44583554,1589181
2025.08,화장품,330499,OTHER,기타,247849332,8226298
2025.08,화장품,330499,PL,폴란드,11572633,430323
2025.08,화장품,330499,US,미국,123589726,4533328
2025.08,화장품,330499,VN,베트남,25638037,888690
2025.08,기초화장품,3304991000,CN,중국,61570133,2705855
2025.08,기초화장품,3304991000,FR,프랑스,3105489,111655
2025.08,기초화장품,3304991000,GB,영국,6627486,284200
2025.08,기초화장품,3304991000,HK,홍콩,30874472,751184
2025.08,기초화장품,3304991000,JP,일본,19327655,921891
2025.08,기초화장품,3304991000,OTHER,기타,137660836,5206868
2025.08,기초화장품,3304991000,PL,폴란드,7316374,293602
2025.08,기초화장품,3304991000,US,미국,78500079,2780396
2025.08,기초화장품,3304991000,VN,베트남,9872310,472785
2025.08,메이크업화장품,3304992000,CN,중국,17206210,217587
2025.08,메이크업화장품,3304992000,FR,프랑스,5219610,124132
2025.08,메이크업화장품,3304992000,GB,영국,564126,7036
2025.08,메이크업화장품,3304992000,HK,홍콩,1229489,24218
2025.08,메이크업화장품,3304992000,JP,일본,11887109,297470
2025.08,메이크업화장품,3304992000,OTHER,기타,14489360,270789
2025.08,메이크업화장품,3304992000,PL,폴란드,1532130,43311
2025.08,메이크업화장품,3304992000,US,미국,10862594,246070
2025.08,메이크업화장품,3304992000,VN,베트남,1553388,30040
2025.08,마스크팩,3307904000,CN,중국,8495009,815099
2025.08,마스크팩,3307904000,FR,프랑스,150159,16589
2025.08,마스크팩,3307904000,GB,영국,1177991,67015
2025.08,마스크팩,3307904000,HK,홍콩,2770058,225359
2025.08,마스크팩,3307904000,JP,일본,8352961,688405
2025.08,마스크팩,3307904000,OTHER,기타,12484769,1051727
2025.08,마스크팩,3307904000,PL,폴란드,691217,106805
2025.08,마스크팩,3307904000,US,미국,14200901,1045329
2025.08,마스크팩,3307904000,VN,베트남,1257387,185600
2025.08,변압기,8504,CN,중국,23929644,886216
2025.08,변압기,8504,FR,프랑스,743806,20440
2025.08,변압기,8504,GB,영국,6804363,337592
2025.08,변압기,8504,HK,홍콩,1441184,25013
2025.08,변압기,8504,JP,일본,6330333,398791
2025.08,변압기,8504,OTHER,기타,116958057,5373005
2025.08,변압기,8504,PL,폴란드,1777597,30745
2025.08,변압기,8504,US,미국,152354614,10631586
2025.08,변압기,8504,VN,베트남,38055202,1434489
2025.08,반도체,8542,CN,중국,3674450205,423233
2025.08,반도체,8542,FR,프랑스,10711490,1616
2025.08,반도체,8542,GB,영국,677089,178
2025.08,반도체,8542,HK,홍콩,1725066898,170054
2025.08,반도체,8542,JP,일본,80302682,22556
2025.08,반도체,8542,OTHER,기타,5055718122,796535
2025.08,반도체,8542,PL,폴란드,39512129,18189
2025.08,반도체,8542,US,미국,61866255,18270
2025.08,반도체,8542,VN,베트남,1967509889,202841
2025.09,라면,1902301010,CN,중국,46501828,12876932
2025.09,라면,1902301010,FR,프랑스,154350,35898
2025.09,라면,1902301010,GB,영국,5829794,1244883
2025.09,라면,1902301010,HK,홍콩,1892773,523407
2025.09,라면,1902301010,JP,일본,6332284,2137620
2025.09,라면,1902301010,OTHER,기타,61971438,14588431
2025.09,라면,1902301010,PL,폴란드,228120,52078
2025.09,라면,1902301010,US,미국,21323363,4326205
2025.09,라면,1902301010,VN,베트남,2973228,758911
2025.09,화장품,330499,CN,중국,164855720,6222149
2025.09,화장품,330499,FR,프랑스,9917122,235244
2025.09,화장품,330499,GB,영국,16555512,490735
2025.09,화장품,330499,HK,홍콩,50448318,1224941
2025.09,화장품,330499,JP,일본,65239572,1951248
2025.09,화장품,330499,OTHER,기타,316455555,10277324
2025.09,화장품,330499,PL,폴란드,13408963,485616
2025.09,화장품,330499,US,미국,179883598,6779624
2025.09,화장품,330499,VN,베트남,36317865,1222243
2025.09,기초화장품,3304991000,CN,중국,90162093,4051549
2025.09,기초화장품,3304991000,FR,프랑스,4971358,151335
2025.09,기초화장품,3304991000,GB,영국,8363067,319464
2025.09,기초화장품,3304991000,HK,홍콩,33832703,834893
2025.09,기초화장품,3304991000,JP,일본,26087460,1017338
2025.09,기초화장품,3304991000,OTHER,기타,166315500,6091858
2025.09,기초화장품,3304991000,PL,폴란드,8364564,364948
2025.09,기초화장품,3304991000,US,미국,110337102,4124353
2025.09,기초화장품,3304991000,VN,베트남,14440544,683011
2025.09,메이크업화장품,3304992000,CN,중국,26998120,229879
2025.09,메이크업화장품,3304992000,FR,프랑스,2454242,57655
2025.09,메이크업화장품,3304992000,GB,영국,1139762,14507
2025.09,메이크업화장품,3304992000,HK,홍콩,1189931,23997
2025.09,메이크업화장품,3304992000,JP,일본,19251307,381932
2025.09,메이크업화장품,3304992000,OTHER,기타,18224853,346126
2025.09,메이크업화장품,3304992000,PL,폴란드,2358364,59960
2025.09,메이크업화장품,3304992000,US,미국,13941600,251479
2025.09,메이크업화장품,3304992000,VN,베트남,1718724,35450
2025.09,마스크팩,3307904000,CN,중국,11472165,963240
2025.09,마스크팩,3307904000,FR,프랑스,447511,22053
2025.09,마스크팩,3307904000,GB,영국,2223248,92197
2025.09,마스크팩,3307904000,HK,홍콩,3694834,308245
2025.09,마스크팩,3307904000,JP,일본,12571270,1085507
2025.09,마스크팩,3307904000,OTHER,기타,20615023,1620980
2025.09,마스크팩,3307904000,PL,폴란드,1552347,138430
2025.09,마스크팩,3307904000,US,미국,12935429,1044413
2025.09,마스크팩,3307904000,VN,베트남,2314011,315026
2025.09,변압기,8504,CN,중국,26779407,1056077
2025.09,변압기,8504,FR,프랑스,601428,17615
2025.09,변압기,8504,GB,영국,8167981,417104
2025.09,변압기,8504,HK,홍콩,2318180,51907
2025.09,변압기,8504,JP,일본,7941250,386250
2025.09,변압기,8504,OTHER,기타,131054579,7377853
2025.09,변압기,8504,PL,폴란드,2154827,50291
2025.09,변압기,8504,US,미국,160040180,12184117
2025.09,변압기,8504,VN,베트남,40362441,1486590
2025.09,반도체,8542,CN,중국,3750446891,406477
2025.09,반도체,8542,FR,프랑스,15847977,2108
2025.09,반도체,8542,GB,영국,1484371,231
2025.09,반도체,8542,HK,홍콩,2158474340,217154
2025.09,반도체,8542,JP,일본,84284016,15169
2025.09,반도체,8542,OTHER,기타,5517284956,861531
2025.09,반도체,8542,PL,폴란드,43840237,23985
2025.09,반도체,8542,US,미국,92249676,23057
2025.09,반도체,8542,VN,베트남,1959804955,215683
2025.10,라면,1902301010,CN,중국,36835548,10472326
2025.10,라면,1902301010,FR,프랑스,44514,9972
2025.10,라면,1902301010,GB,영국,5718945,1230479
2025.10,라면,1902301010,HK,홍콩,1925139,567356
2025.10,라면,1902301010,JP,일본,7513141,2573603
2025.10,라면,1902301010,OTHER,기타,55741527,12963558
2025.10,라면,1902301010,PL,폴란드,62675,13850
2025.10,라면,1902301010,US,미국,19403981,4063530
2025.10,라면,1902301010,VN,베트남,2980544,765446
2025.10,화장품,330499,CN,중국,111582593,4026133
2025.10,화장품,330499,FR,프랑스,7507340,193357
2025.10,화장품,330499,GB,영국,13229858,373202
2025.10,화장품,330499,HK,홍콩,47364732,1118619
2025.10,화장품,330499,JP,일본,51981210,1428798
2025.10,화장품,330499,OTHER,기타,266578155,8731467
2025.10,화장품,330499,PL,폴란드,18171862,537225
2025.10,화장품,330499,US,미국,134361440,4785794
2025.10,화장품,330499,VN,베트남,26498588,994479
2025.10,기초화장품,3304991000,CN,중국,56473215,2381445
2025.10,기초화장품,3304991000,FR,프랑스,4654922,138555
2025.10,기초화장품,3304991000,GB,영국,6437612,221500
2025.10,기초화장품,3304991000,HK,홍콩,33582039,796086
2025.10,기초화장품,3304991000,JP,일본,23097772,868583
2025.10,기초화장품,3304991000,OTHER,기타,149476290,5408189
2025.10,기초화장품,3304991000,PL,폴란드,13629854,448007
2025.10,기초화장품,3304991000,US,미국,75876745,2871897
2025.10,기초화장품,3304991000,VN,베트남,12139454,556252
2025.10,메이크업화장품,3304992000,CN,중국,17040273,165135
2025.10,메이크업화장품,3304992000,FR,프랑스,1954376,41526
2025.10,메이크업화장품,3304992000,GB,영국,786494,12794
2025.10,메이크업화장품,3304992000,HK,홍콩,1115886,16658
2025.10,메이크업화장품,3304992000,JP,일본,15066449,271632
2025.10,메이크업화장품,3304992000,OTHER,기타,16526875,334683
2025.10,메이크업화장품,3304992000,PL,폴란드,2400906,49970
2025.10,메이크업화장품,3304992000,US,미국,14153219,285772
2025.10,메이크업화장품,3304992000,VN,베트남,1030666,25325
2025.10,마스크팩,3307904000,CN,중국,11762659,975658
2025.10,마스크팩,3307904000,FR,프랑스,227178,8785
2025.10,마스크팩,3307904000,GB,영국,4642836,101738
2025.10,마스크팩,3307904000,HK,홍콩,2568915,195149
2025.10,마스크팩,3307904000,JP,일본,8150569,713939
2025.10,마스크팩,3307904000,OTHER,기타,16474352,1105688
2025.10,마스크팩,3307904000,PL,폴란드,358444,32666
2025.10,마스크팩,3307904000,US,미국,6455900,535137
2025.10,마스크팩,3307904000,VN,베트남,1102304,158424
2025.10,변압기,8504,CN,중국,25635717,1046245
2025.10,변압기,8504,FR,프랑스,865164,21076
2025.10,변압기,8504,GB,영국,8578103,509431
2025.10,변압기,8504,HK,홍콩,1664870,12142
2025.10,변압기,8504,JP,일본,6906364,419863
2025.10,변압기,8504,OTHER,기타,73215894,3982095
2025.10,변압기,8504,PL,폴란드,1693813,35665
2025.10,변압기,8504,US,미국,148209783,9386080
2025.10,변압기,8504,VN,베트남,25985119,759736
2025.10,반도체,8542,CN,중국,4049285572,389301
2025.10,반도체,8542,FR,프랑스,13723012,1908
2025.10,반도체,8542,GB,영국,337484,267
2025.10,반도체,8542,HK,홍콩,1590299369,174908
2025.10,반도체,8542,JP,일본,79692061,19914
2025.10,반도체,8542,OTHER,기타,5527395436,769489
2025.10,반도체,8542,PL,폴란드,42705007,20778
2025.10,반도체,8542,US,미국,93277268,24363
2025.10,반도체,8542,VN,베트남,1779136453,191180
2025.11,라면,1902301010,CN,중국,36847988,10404081
2025.11,라면,1902301010,FR,프랑스,188590,48214
2025.11,라면,1902301010,GB,영국,5386738,1158916
2025.11,라면,1902301010,HK,홍콩,1827183,524862
2025.11,라면,1902301010,JP,일본,6992098,2551326
2025.11,라면,1902301010,OTHER,기타,54625499,12740039
2025.11,라면,1902301010,PL,폴란드,96276,22547
2025.11,라면,1902301010,US,미국,17152765,3753385
2025.11,라면,1902301010,VN,베트남,2857454,712175
2025.11,화장품,330499,CN,중국,101223467,3353962
2025.11,화장품,330499,FR,프랑스,7074943,178292
2025.11,화장품,330499,GB,영국,15442392,371975
2025.11,화장품,330499,HK,홍콩,46506074,1046486
2025.11,화장품,330499,JP,일본,54103279,1535816
2025.11,화장품,330499,OTHER,기타,307621705,9807507
2025.11,화장품,330499,PL,폴란드,28041208,821644
2025.11,화장품,330499,US,미국,107163499,4406954
2025.11,화장품,330499,VN,베트남,31251756,1084994
2025.11,기초화장품,3304991000,CN,중국,54577763,1958201
2025.11,기초화장품,3304991000,FR,프랑스,3761376,120838
2025.11,기초화장품,3304991000,GB,영국,7923875,243992
2025.11,기초화장품,3304991000,HK,홍콩,32313266,727840
2025.11,기초화장품,3304991000,JP,일본,23484897,889307
2025.11,기초화장품,3304991000,OTHER,기타,173495742,6156368
2025.11,기초화장품,3304991000,PL,폴란드,22529275,709755
2025.11,기초화장품,3304991000,US,미국,60293528,2448077
2025.11,기초화장품,3304991000,VN,베트남,12573019,607062
2025.11,메이크업화장품,3304992000,CN,중국,8370212,175678
2025.11,메이크업화장품,3304992000,FR,프랑스,1587968,38495
2025.11,메이크업화장품,3304992000,GB,영국,485857,7117
2025.11,메이크업화장품,3304992000,HK,홍콩,769900,10812
2025.11,메이크업화장품,3304992000,JP,일본,12829380,288410
2025.11,메이크업화장품,3304992000,OTHER,기타,16094258,315798
2025.11,메이크업화장품,3304992000,PL,폴란드,2636487,52113
2025.11,메이크업화장품,3304992000,US,미국,10476188,257526
2025.11,메이크업화장품,3304992000,VN,베트남,1477261,24418
2025.11,마스크팩,3307904000,CN,중국,8349741,892982
2025.11,마스크팩,3307904000,FR,프랑스,64417,1999
2025.11,마스크팩,3307904000,GB,영국,5956977,139031
2025.11,마스크팩,3307904000,HK,홍콩,2252863,185748
2025.11,마스크팩,3307904000,JP,일본,8737086,822696
2025.11,마스크팩,3307904000,OTHER,기타,21294393,1317033
2025.11,마스크팩,3307904000,PL,폴란드,566460,96164
2025.11,마스크팩,3307904000,US,미국,7760441,604990
2025.11,마스크팩,3307904000,VN,베트남,1498513,223819
2025.11,변압기,8504,CN,중국,27888629,1107181
2025.11,변압기,8504,FR,프랑스,909484,15512
2025.11,변압기,8504,GB,영국,904325,12117
2025.11,변압기,8504,HK,홍콩,1635263,13384
2025.11,변압기,8504,JP,일본,7688924,417026
2025.11,변압기,8504,OTHER,기타,122133394,6616366
2025.11,변압기,8504,PL,폴란드,1336407,30435
2025.11,변압기,8504,US,미국,157413595,12409650
2025.11,변압기,8504,VN,베트남,62533518,2369770
2025.11,반도체,8542,CN,중국,4562682174,388473
2025.11,반도체,8542,FR,프랑스,14496672,1752
2025.11,반도체,8542,GB,영국,4915086,376
2025.11,반도체,8542,HK,홍콩,2040168540,174776
2025.11,반도체,8542,JP,일본,95965424,15607
2025.11,반도체,8542,OTHER,기타,5206260139,728828
2025.11,반도체,8542,PL,폴란드,31689522,16542
2025.11,반도체,8542,US,미국,118422584,24373
2025.11,반도체,8542,VN,베트남,1879868013,181691
2025.12,라면,1902301010,CN,중국,29264611,8169859
2025.12,라면,1902301010,FR,프랑스,223773,55350
2025.12,라면,1902301010,GB,영국,8223180,1653854
2025.12,라면,1902301010,HK,홍콩,1905993,537856
2025.12,라면,1902301010,JP,일본,6131022,2199285
2025.12,라면,1902301010,OTHER,기타,66943403,15410356
2025.12,라면,1902301010,PL,폴란드,121609,24460
2025.12,라면,1902301010,US,미국,23423738,4936361
2025.12,라면,1902301010,VN,베트남,3420195,870603
2025.12,화장품,330499,CN,중국,122387836,3634956
2025.12,화장품,330499,FR,프랑스,5662254,180260
2025.12,화장품,330499,GB,영국,21701680,470437
2025.12,화장품,330499,HK,홍콩,60408542,1470842
2025.12,화장품,330499,JP,일본,59541581,1757456
2025.12,화장품,330499,OTHER,기타,363648691,11143498
2025.12,화장품,330499,PL,폴란드,21271533,695953
2025.12,화장품,330499,US,미국,117520203,4848285
2025.12,화장품,330499,VN,베트남,40276509,1301087
2025.12,기초화장품,3304991000,CN,중국,59545503,1902333
2025.12,기초화장품,3304991000,FR,프랑스,4290983,146772
2025.12,기초화장품,3304991000,GB,영국,9041262,232900
2025.12,기초화장품,3304991000,HK,홍콩,45952154,1137906
2025.12,기초화장품,3304991000,JP,일본,27000812,1087237
2025.12,기초화장품,3304991000,OTHER,기타,196549345,6993153
2025.12,기초화장품,3304991000,PL,폴란드,17025107,600822
2025.12,기초화장품,3304991000,US,미국,63937616,2775737
2025.12,기초화장품,3304991000,VN,베트남,17880960,793925
2025.12,메이크업화장품,3304992000,CN,중국,13829133,167352
2025.12,메이크업화장품,3304992000,FR,프랑스,919105,18766
2025.12,메이크업화장품,3304992000,GB,영국,600736,10999
2025.12,메이크업화장품,3304992000,HK,홍콩,1121483,16047
2025.12,메이크업화장품,3304992000,JP,일본,14136789,269792
2025.12,메이크업화장품,3304992000,OTHER,기타,21739279,413760
2025.12,메이크업화장품,3304992000,PL,폴란드,1243327,24546
2025.12,메이크업화장품,3304992000,US,미국,16032800,400739
2025.12,메이크업화장품,3304992000,VN,베트남,1934738,33609
2025.12,마스크팩,3307904000,CN,중국,6300748,558668
2025.12,마스크팩,3307904000,FR,프랑스,466148,29936
2025.12,마스크팩,3307904000,GB,영국,1501470,66547
2025.12,마스크팩,3307904000,HK,홍콩,3291762,250148
2025.12,마스크팩,3307904000,JP,일본,9569486,881835
2025.12,마스크팩,3307904000,OTHER,기타,21910041,1650924
2025.12,마스크팩,3307904000,PL,폴란드,1044325,148990
2025.12,마스크팩,3307904000,US,미국,7672565,666764
2025.12,마스크팩,3307904000,VN,베트남,1490698,214163
2025.12,변압기,8504,CN,중국,21864088,993809
2025.12,변압기,8504,FR,프랑스,193921,2993
2025.12,변압기,8504,GB,영국,3559944,121557
2025.12,변압기,8504,HK,홍콩,2237562,59180
2025.12,변압기,8504,JP,일본,10996457,854484
2025.12,변압기,8504,OTHER,기타,171159245,11522513
2025.12,변압기,8504,PL,폴란드,1909140,38635
2025.12,변압기,8504,US,미국,169760640,12859830
2025.12,변압기,8504,VN,베트남,26370548,654560
2025.12,반도체,8542,CN,중국,5118232167,426740
2025.12,반도체,8542,FR,프랑스,19154384,2401
2025.12,반도체,8542,GB,영국,968190,262
2025.12,반도체,8542,HK,홍콩,2879784567,194512
2025.12,반도체,8542,JP,일본,76762816,18826
2025.12,반도체,8542,OTHER,기타,6052411123,744603
2025.12,반도체,8542,PL,폴란드,36893896,15453
2025.12,반도체,8542,US,미국,165804884,33965
2025.12,반도체,8542,VN,베트남,2376097676,208680
2026.01,라면,1902301010,CN,중국,24671396,6646406
2026.01,라면,1902301010,FR,프랑스,367734,92842
2026.01,라면,1902301010,GB,영국,5400052,1140784
2026.01,라면,1902301010,HK,홍콩,2243457,615231
2026.01,라면,1902301010,JP,일본,7216299,2476943
2026.01,라면,1902301010,OTHER,기타,66101897,15288238
2026.01,라면,1902301010,PL,폴란드,134181,28854
2026.01,라면,1902301010,US,미국,21465400,4574690
2026.01,라면,1902301010,VN,베트남,2073258,563077
2026.01,화장품,330499,CN,중국,148895401,4325797
2026.01,화장품,330499,FR,프랑스,8779882,209763
2026.01,화장품,330499,GB,영국,21287631,496993
2026.01,화장품,330499,HK,홍콩,51807880,1145808
2026.01,화장품,330499,JP,일본,63038731,1967015
2026.01,화장품,330499,OTHER,기타,296618998,9887067
2026.01,화장품,330499,PL,폴란드,18151437,496031
2026.01,화장품,330499,US,미국,134269600,5099327
2026.01,화장품,330499,VN,베트남,32482480,1032850
2026.01,기초화장품,3304991000,CN,중국,80206562,2667030
2026.01,기초화장품,3304991000,FR,프랑스,4635876,146814
2026.01,기초화장품,3304991000,GB,영국,9882202,247551
2026.01,기초화장품,3304991000,HK,홍콩,41213924,852366
2026.01,기초화장품,3304991000,JP,일본,30334846,1253118
2026.01,기초화장품,3304991000,OTHER,기타,161019256,5945454
2026.01,기초화장품,3304991000,PL,폴란드,13969835,398584
2026.01,기초화장품,3304991000,US,미국,71173371,2604876
2026.01,기초화장품,3304991000,VN,베트남,12992195,591699
2026.01,메이크업화장품,3304992000,CN,중국,12310834,170674
2026.01,메이크업화장품,3304992000,FR,프랑스,1368519,33337
2026.01,메이크업화장품,3304992000,GB,영국,296644,5925
2026.01,메이크업화장품,3304992000,HK,홍콩,1190497,15698
2026.01,메이크업화장품,3304992000,JP,일본,14069159,259419
2026.01,메이크업화장품,3304992000,OTHER,기타,19149306,366748
2026.01,메이크업화장품,3304992000,PL,폴란드,721330,14286
2026.01,메이크업화장품,3304992000,US,미국,8652264,184995
2026.01,메이크업화장품,3304992000,VN,베트남,1427722,19564
2026.01,마스크팩,3307904000,CN,중국,8718383,687263
2026.01,마스크팩,3307904000,FR,프랑스,799973,53655
2026.01,마스크팩,3307904000,GB,영국,5464125,116510
2026.01,마스크팩,3307904000,HK,홍콩,2830528,199802
2026.01,마스크팩,3307904000,JP,일본,9394906,924083
2026.01,마스크팩,3307904000,OTHER,기타,19919140,1229202
2026.01,마스크팩,3307904000,PL,폴란드,514562,73029
2026.01,마스크팩,3307904000,US,미국,7733606,607693
2026.01,마스크팩,3307904000,VN,베트남,1162166,190302
2026.01,변압기,8504,CN,중국,21334452,876564
2026.01,변압기,8504,FR,프랑스,303980,7566
2026.01,변압기,8504,GB,영국,578432,6609
2026.01,변압기,8504,HK,홍콩,1668147,39461
2026.01,변압기,8504,JP,일본,6542979,458874
2026.01,변압기,8504,OTHER,기타,76056659,3559047
2026.01,변압기,8504,PL,폴란드,1882336,45892
2026.01,변압기,8504,US,미국,227543788,14632116
2026.01,변압기,8504,VN,베트남,30813372,592728
2026.01,반도체,8542,CN,중국,5980211066,435454
2026.01,반도체,8542,FR,프랑스,16807863,1948
2026.01,반도체,8542,GB,영국,168408,183
2026.01,반도체,8542,HK,홍콩,2577322879,175839
2026.01,반도체,8542,JP,일본,120946495,19518
2026.01,반도체,8542,OTHER,기타,4915685808,780890
2026.01,반도체,8542,PL,폴란드,24594999,8256
2026.01,반도체,8542,US,미국,138554043,22785
2026.01,반도체,8542,VN,베트남,2629167136,217487
2026.02,라면,1902301010,CN,중국,24252227,6629915
2026.02,라면,1902301010,FR,프랑스,335282,73099
2026.02,라면,1902301010,GB,영국,9654555,2097274
2026.02,라면,1902301010,HK,홍콩,1869739,535978
2026.02,라면,1902301010,JP,일본,6238711,2080145
2026.02,라면,1902301010,OTHER,기타,68551975,15777508
2026.02,라면,1902301010,PL,폴란드,397422,94336
2026.02,라면,1902301010,US,미국,26055182,5660715
2026.02,라면,1902301010,VN,베트남,2784595,703767
2026.02,화장품,330499,CN,중국,86586794,2967845
2026.02,화장품,330499,FR,프랑스,7096585,190322
2026.02,화장품,330499,GB,영국,18236995,465872
2026.02,화장품,330499,HK,홍콩,51731652,1167301
2026.02,화장품,330499,JP,일본,58601889,1601334
2026.02,화장품,330499,OTHER,기타,291306190,8987104
2026.02,화장품,330499,PL,폴란드,20496662,644759
2026.02,화장품,330499,US,미국,132365609,4643475
2026.02,화장품,330499,VN,베트남,27992665,1057386
2026.02,기초화장품,3304991000,CN,중국,45576285,1776681
2026.02,기초화장품,3304991000,FR,프랑스,4313301,134438
2026.02,기초화장품,3304991000,GB,영국,7207473,204757
2026.02,기초화장품,3304991000,HK,홍콩,38203470,936658
2026.02,기초화장품,3304991000,JP,일본,23094629,874258
2026.02,기초화장품,3304991000,OTHER,기타,160212209,5426773
2026.02,기초화장품,3304991000,PL,폴란드,17018597,535018
2026.02,기초화장품,3304991000,US,미국,77022078,2446554
2026.02,기초화장품,3304991000,VN,베트남,11042772,622393
2026.02,메이크업화장품,3304992000,CN,중국,10147337,134670
2026.02,메이크업화장품,3304992000,FR,프랑스,1503006,36737
2026.02,메이크업화장품,3304992000,GB,영국,347451,5285
2026.02,메이크업화장품,3304992000,HK,홍콩,1244083,13985
2026.02,메이크업화장품,3304992000,JP,일본,18090019,348058
2026.02,메이크업화장품,3304992000,OTHER,기타,15945998,365639
2026.02,메이크업화장품,3304992000,PL,폴란드,407791,11329
2026.02,메이크업화장품,3304992000,US,미국,8406111,193805
2026.02,메이크업화장품,3304992000,VN,베트남,1257565,25457
2026.02,마스크팩,3307904000,CN,중국,4899809,459615
2026.02,마스크팩,3307904000,FR,프랑스,302622,18018
2026.02,마스크팩,3307904000,GB,영국,1025577,62275
2026.02,마스크팩,3307904000,HK,홍콩,1482241,104720
2026.02,마스크팩,3307904000,JP,일본,8416172,821892
2026.02,마스크팩,3307904000,OTHER,기타,16901591,1200018
2026.02,마스크팩,3307904000,PL,폴란드,1098976,159576
2026.02,마스크팩,3307904000,US,미국,6053088,551912
2026.02,마스크팩,3307904000,VN,베트남,1253929,163179
2026.02,변압기,8504,CN,중국,19256613,896640
2026.02,변압기,8504,FR,프랑스,137788,1563
2026.02,변압기,8504,GB,영국,8576063,613921
2026.02,변압기,8504,HK,홍콩,1594568,39263
2026.02,변압기,8504,JP,일본,7184275,411313
2026.02,변압기,8504,OTHER,기타,100243416,5038526
2026.02,변압기,8504,PL,폴란드,2370848,41727
2026.02,변압기,8504,US,미국,155944661,9991044
2026.02,변압기,8504,VN,베트남,24167234,497960
2026.02,반도체,8542,CN,중국,6428948321,351391
2026.02,반도체,8542,FR,프랑스,13149039,1964
2026.02,반도체,8542,GB,영국,1343285,225
2026.02,반도체,8542,HK,홍콩,3225908253,155170
2026.02,반도체,8542,JP,일본,126142126,16902
2026.02,반도체,8542,OTHER,기타,6681719008,727844
2026.02,반도체,8542,PL,폴란드,28963326,8604
2026.02,반도체,8542,US,미국,186240500,28188
2026.02,반도체,8542,VN,베트남,2757065582,182610
2026.03,라면,1902301010,CN,중국,37706988,10350102
2026.03,라면,1902301010,FR,프랑스,296526,72302
2026.03,라면,1902301010,GB,영국,8468795,1823129
2026.03,라면,1902301010,HK,홍콩,2106315,597832
2026.03,라면,1902301010,JP,일본,7408986,2550124
2026.03,라면,1902301010,OTHER,기타,75263641,16966842
2026.03,라면,1902301010,PL,폴란드,504737,114790
2026.03,라면,1902301010,US,미국,29665727,6448335
2026.03,라면,1902301010,VN,베트남,3256520,829787
2026.03,화장품,330499,CN,중국,145077371,4415649
2026.03,화장품,330499,FR,프랑스,6880221,205622
2026.03,화장품,330499,GB,영국,35957930,807463
2026.03,화장품,330499,HK,홍콩,46623409,1180295
2026.03,화장품,330499,JP,일본,66185821,1839314
2026.03,화장품,330499,OTHER,기타,348954705,10968900
2026.03,화장품,330499,PL,폴란드,41123812,1229167
2026.03,화장품,330499,US,미국,168715286,5871706
2026.03,화장품,330499,VN,베트남,37777806,1155735
2026.03,기초화장품,3304991000,CN,중국,77595371,2807798
2026.03,기초화장품,3304991000,FR,프랑스,4847889,149785
2026.03,기초화장품,3304991000,GB,영국,13570039,372331
2026.03,기초화장품,3304991000,HK,홍콩,34053335,884640
2026.03,기초화장품,3304991000,JP,일본,26305515,999401
2026.03,기초화장품,3304991000,OTHER,기타,197674362,6898011
2026.03,기초화장품,3304991000,PL,폴란드,35192645,1056998
2026.03,기초화장품,3304991000,US,미국,94523927,3247840
2026.03,기초화장품,3304991000,VN,베트남,15612274,642138
2026.03,메이크업화장품,3304992000,CN,중국,20190259,271268
2026.03,메이크업화장품,3304992000,FR,프랑스,940958,24046
2026.03,메이크업화장품,3304992000,GB,영국,1744402,39817
2026.03,메이크업화장품,3304992000,HK,홍콩,1164588,25050
2026.03,메이크업화장품,3304992000,JP,일본,17686085,336645
2026.03,메이크업화장품,3304992000,OTHER,기타,17238160,349873
2026.03,메이크업화장품,3304992000,PL,폴란드,2112681,37852
2026.03,메이크업화장품,3304992000,US,미국,8378321,212908
2026.03,메이크업화장품,3304992000,VN,베트남,1987701,35580
2026.03,마스크팩,3307904000,CN,중국,9201873,863459
2026.03,마스크팩,3307904000,FR,프랑스,590150,30617
2026.03,마스크팩,3307904000,GB,영국,4222929,112164
2026.03,마스크팩,3307904000,HK,홍콩,2995396,203682
2026.03,마스크팩,3307904000,JP,일본,7855300,674490
2026.03,마스크팩,3307904000,OTHER,기타,22145751,1598487
2026.03,마스크팩,3307904000,PL,폴란드,968554,92969
2026.03,마스크팩,3307904000,US,미국,11313658,812189
2026.03,마스크팩,3307904000,VN,베트남,1163949,155074
2026.03,변압기,8504,CN,중국,20863699,900650
2026.03,변압기,8504,FR,프랑스,469036,15094
2026.03,변압기,8504,GB,영국,3903545,255007
2026.03,변압기,8504,HK,홍콩,1921119,70449
2026.03,변압기,8504,JP,일본,8413239,474521
2026.03,변압기,8504,OTHER,기타,134834240,6625492
2026.03,변압기,8504,PL,폴란드,2254417,45809
2026.03,변압기,8504,US,미국,208763451,12919375
2026.03,변압기,8504,VN,베트남,24428265,587402
2026.03,반도체,8542,CN,중국,8217388385,409883
2026.03,반도체,8542,FR,프랑스,17937870,2353
2026.03,반도체,8542,GB,영국,2703133,187
2026.03,반도체,8542,HK,홍콩,5213451322,224222
2026.03,반도체,8542,JP,일본,135495947,16266
2026.03,반도체,8542,OTHER,기타,7723683894,870894
2026.03,반도체,8542,PL,폴란드,31480646,6480
2026.03,반도체,8542,US,미국,180571307,27058
2026.03,반도체,8542,VN,베트남,3382104364,212542
2026.04,라면,1902301010,CN,중국,47123638,12745665
2026.04,라면,1902301010,FR,프랑스,597473,141300
2026.04,라면,1902301010,GB,영국,8477921,1724464
2026.04,라면,1902301010,HK,홍콩,2661553,707315
2026.04,라면,1902301010,JP,일본,9045363,2902686
2026.04,라면,1902301010,OTHER,기타,68354955,15412948
2026.04,라면,1902301010,PL,폴란드,402777,92375
2026.04,라면,1902301010,US,미국,43462606,9298701
2026.04,라면,1902301010,VN,베트남,1951860,495991
2026.04,화장품,330499,CN,중국,146503244,5036747
2026.04,화장품,330499,FR,프랑스,10256166,265861
2026.04,화장품,330499,GB,영국,39134063,1035229
2026.04,화장품,330499,HK,홍콩,63009500,1584835
2026.04,화장품,330499,JP,일본,76249006,2004883
2026.04,화장품,330499,OTHER,기타,423989013,13359308
2026.04,화장품,330499,PL,폴란드,45214904,1325719
2026.04,화장품,330499,US,미국,175888596,6451934
2026.04,화장품,330499,VN,베트남,34427015,1156010
2026.04,기초화장품,3304991000,CN,중국,72615414,3164626
2026.04,기초화장품,3304991000,FR,프랑스,4489568,189520
2026.04,기초화장품,3304991000,GB,영국,16931819,462579
2026.04,기초화장품,3304991000,HK,홍콩,51200143,1303429
2026.04,기초화장품,3304991000,JP,일본,35239759,1098306
2026.04,기초화장품,3304991000,OTHER,기타,241488573,8303656
2026.04,기초화장품,3304991000,PL,폴란드,35398104,1116925
2026.04,기초화장품,3304991000,US,미국,90487915,3321792
2026.04,기초화장품,3304991000,VN,베트남,14799240,623332
2026.04,메이크업화장품,3304992000,CN,중국,21564243,239874
2026.04,메이크업화장품,3304992000,FR,프랑스,1444688,43792
2026.04,메이크업화장품,3304992000,GB,영국,746697,23656
2026.04,메이크업화장품,3304992000,HK,홍콩,1700002,20704
2026.04,메이크업화장품,3304992000,JP,일본,20202253,420832
2026.04,메이크업화장품,3304992000,OTHER,기타,21141281,455031
2026.04,메이크업화장품,3304992000,PL,폴란드,3852846,70845
2026.04,메이크업화장품,3304992000,US,미국,10403555,255830
2026.04,메이크업화장품,3304992000,VN,베트남,1736828,30055
2026.04,마스크팩,3307904000,CN,중국,9608902,882497
2026.04,마스크팩,3307904000,FR,프랑스,395756,21915
2026.04,마스크팩,3307904000,GB,영국,5025966,139336
2026.04,마스크팩,3307904000,HK,홍콩,2853428,223456
2026.04,마스크팩,3307904000,JP,일본,10286697,922750
2026.04,마스크팩,3307904000,OTHER,기타,37542435,1709519
2026.04,마스크팩,3307904000,PL,폴란드,920004,120832
2026.04,마스크팩,3307904000,US,미국,13293766,919083
2026.04,마스크팩,3307904000,VN,베트남,1543439,233521
2026.04,변압기,8504,CN,중국,22763475,989100
2026.04,변압기,8504,FR,프랑스,247331,9919
2026.04,변압기,8504,GB,영국,32741154,1842854
2026.04,변압기,8504,HK,홍콩,2596193,53884
2026.04,변압기,8504,JP,일본,6313242,395354
2026.04,변압기,8504,OTHER,기타,121085053,7070445
2026.04,변압기,8504,PL,폴란드,10403707,379413
2026.04,변압기,8504,US,미국,184316249,12074017
2026.04,변압기,8504,VN,베트남,25003486,871340
2026.04,반도체,8542,CN,중국,9591386684,424050
2026.04,반도체,8542,FR,프랑스,15288096,2103
2026.04,반도체,8542,GB,영국,1079357,227
2026.04,반도체,8542,HK,홍콩,3555447227,187216
2026.04,반도체,8542,JP,일본,196012129,27109
2026.04,반도체,8542,OTHER,기타,7385069805,828725
2026.04,반도체,8542,PL,폴란드,28467121,6927
2026.04,반도체,8542,US,미국,319879134,50538
2026.04,반도체,8542,VN,베트남,4144700909,219873
2026.05,라면,1902301010,CN,중국,40444178,10826303
2026.05,라면,1902301010,FR,프랑스,288984,69404
2026.05,라면,1902301010,GB,영국,6937914,1339072
2026.05,라면,1902301010,HK,홍콩,1752764,489530
2026.05,라면,1902301010,JP,일본,6234341,2040935
2026.05,라면,1902301010,OTHER,기타,64210997,14564710
2026.05,라면,1902301010,PL,폴란드,129231,24473
2026.05,라면,1902301010,US,미국,31210251,6078776
2026.05,라면,1902301010,VN,베트남,2272940,595916
2026.05,화장품,330499,CN,중국,147637580,4445613
2026.05,화장품,330499,FR,프랑스,7783789,222528
2026.05,화장품,330499,GB,영국,35731344,1087409
2026.05,화장품,330499,HK,홍콩,56859213,1388708
2026.05,화장품,330499,JP,일본,49563282,1533381
2026.05,화장품,330499,OTHER,기타,350377702,10322627
2026.05,화장품,330499,PL,폴란드,49409545,1585370
2026.05,화장품,330499,US,미국,189031607,6230422
2026.05,화장품,330499,VN,베트남,30462146,1083464
2026.05,기초화장품,3304991000,CN,중국,82139939,2570418
2026.05,기초화장품,3304991000,FR,프랑스,4763017,164324
2026.05,기초화장품,3304991000,GB,영국,14052160,474346
2026.05,기초화장품,3304991000,HK,홍콩,45825781,1171777
2026.05,기초화장품,3304991000,JP,일본,22733963,854405
2026.05,기초화장품,3304991000,OTHER,기타,186041052,6133375
2026.05,기초화장품,3304991000,PL,폴란드,40200070,1393673
2026.05,기초화장품,3304991000,US,미국,102025878,3263273
2026.05,기초화장품,3304991000,VN,베트남,12147635,591982
2026.05,메이크업화장품,3304992000,CN,중국,17957009,206295
2026.05,메이크업화장품,3304992000,FR,프랑스,1473491,32565
2026.05,메이크업화장품,3304992000,GB,영국,693660,14635
2026.05,메이크업화장품,3304992000,HK,홍콩,968445,17578
2026.05,메이크업화장품,3304992000,JP,일본,14889317,293037
2026.05,메이크업화장품,3304992000,OTHER,기타,19633077,418499
2026.05,메이크업화장품,3304992000,PL,폴란드,5248827,101787
2026.05,메이크업화장품,3304992000,US,미국,7781700,179422
2026.05,메이크업화장품,3304992000,VN,베트남,1567833,52286
2026.05,마스크팩,3307904000,CN,중국,9027960,931845
2026.05,마스크팩,3307904000,FR,프랑스,232860,10706
2026.05,마스크팩,3307904000,GB,영국,1189129,59410
2026.05,마스크팩,3307904000,HK,홍콩,2147936,174502
2026.05,마스크팩,3307904000,JP,일본,5013112,466142
2026.05,마스크팩,3307904000,OTHER,기타,16670612,1241167
2026.05,마스크팩,3307904000,PL,폴란드,1521544,180074
2026.05,마스크팩,3307904000,US,미국,9303805,654782
2026.05,마스크팩,3307904000,VN,베트남,1493688,200665
2026.05,변압기,8504,CN,중국,19033345,717244
2026.05,변압기,8504,FR,프랑스,122519,1829
2026.05,변압기,8504,GB,영국,11098236,592939
2026.05,변압기,8504,HK,홍콩,2893374,310403
2026.05,변압기,8504,JP,일본,8358411,638130
2026.05,변압기,8504,OTHER,기타,80436465,4173401
2026.05,변압기,8504,PL,폴란드,3197179,69276
2026.05,변압기,8504,US,미국,206771675,11938102
2026.05,변압기,8504,VN,베트남,24921734,562886
2026.05,반도체,8542,CN,중국,11370321652,397209
2026.05,반도체,8542,FR,프랑스,9062858,1374
2026.05,반도체,8542,GB,영국,2484692,275
2026.05,반도체,8542,HK,홍콩,4320511088,176518
2026.05,반도체,8542,JP,일본,138211219,16256
2026.05,반도체,8542,OTHER,기타,7990326378,798411
2026.05,반도체,8542,PL,폴란드,28720466,10332
2026.05,반도체,8542,US,미국,347240646,22003
2026.05,반도체,8542,VN,베트남,5226920313,216163
2026.06,라면,1902301010,CN,중국,43351691,11615437
2026.06,라면,1902301010,FR,프랑스,374177,87180
2026.06,라면,1902301010,GB,영국,7934027,1738102
2026.06,라면,1902301010,HK,홍콩,1806498,481684
2026.06,라면,1902301010,JP,일본,5481524,1784576
2026.06,라면,1902301010,OTHER,기타,80135218,18300024
2026.06,라면,1902301010,PL,폴란드,729106,163753
2026.06,라면,1902301010,US,미국,23391606,4527449
2026.06,라면,1902301010,VN,베트남,2021794,534929
2026.06,화장품,330499,CN,중국,146111374,4486195
2026.06,화장품,330499,FR,프랑스,10406080,292765
2026.06,화장품,330499,GB,영국,37302437,1058161
2026.06,화장품,330499,HK,홍콩,65656530,1559642
2026.06,화장품,330499,JP,일본,60927841,1775099
2026.06,화장품,330499,OTHER,기타,426410129,12717070
2026.06,화장품,330499,PL,폴란드,41538949,1255576
2026.06,화장품,330499,US,미국,189075801,7129234
2026.06,화장품,330499,VN,베트남,33792479,1047140
2026.06,기초화장품,3304991000,CN,중국,86658118,2712599
2026.06,기초화장품,3304991000,FR,프랑스,4305946,192642
2026.06,기초화장품,3304991000,GB,영국,16295018,528386
2026.06,기초화장품,3304991000,HK,홍콩,55270118,1311607
2026.06,기초화장품,3304991000,JP,일본,29489977,1168579
2026.06,기초화장품,3304991000,OTHER,기타,219673027,7402106
2026.06,기초화장품,3304991000,PL,폴란드,30859385,1059550
2026.06,기초화장품,3304991000,US,미국,98644543,3751865
2026.06,기초화장품,3304991000,VN,베트남,13953857,576140
2026.06,메이크업화장품,3304992000,CN,중국,16524173,189584
2026.06,메이크업화장품,3304992000,FR,프랑스,2836612,72454
2026.06,메이크업화장품,3304992000,GB,영국,716318,15547
2026.06,메이크업화장품,3304992000,HK,홍콩,730247,14192
2026.06,메이크업화장품,3304992000,JP,일본,14735913,302401
2026.06,메이크업화장품,3304992000,OTHER,기타,21662285,438843
2026.06,메이크업화장품,3304992000,PL,폴란드,6656274,118865
2026.06,메이크업화장품,3304992000,US,미국,9625842,225936
2026.06,메이크업화장품,3304992000,VN,베트남,1529144,34971
2026.06,마스크팩,3307904000,CN,중국,12830397,1147277
2026.06,마스크팩,3307904000,FR,프랑스,256279,13735
2026.06,마스크팩,3307904000,GB,영국,2227743,90627
2026.06,마스크팩,3307904000,HK,홍콩,2661744,166915
2026.06,마스크팩,3307904000,JP,일본,7092992,578243
2026.06,마스크팩,3307904000,OTHER,기타,25739797,1702204
2026.06,마스크팩,3307904000,PL,폴란드,1341526,176051
2026.06,마스크팩,3307904000,US,미국,12573086,929433
2026.06,마스크팩,3307904000,VN,베트남,2114796,303460
2026.06,변압기,8504,CN,중국,21071156,854556
2026.06,변압기,8504,FR,프랑스,174899,2086
2026.06,변압기,8504,GB,영국,18418641,1008133
2026.06,변압기,8504,HK,홍콩,2066669,16589
2026.06,변압기,8504,JP,일본,13113353,1080484
2026.06,변압기,8504,OTHER,기타,88978971,4781750
2026.06,변압기,8504,PL,폴란드,4491117,91155
2026.06,변압기,8504,US,미국,167496522,12144010
2026.06,변압기,8504,VN,베트남,24815841,573451
2026.06,반도체,8542,CN,중국,11581510454,437924
2026.06,반도체,8542,FR,프랑스,11490745,1710
2026.06,반도체,8542,GB,영국,983528,260
2026.06,반도체,8542,HK,홍콩,6110395727,206927
2026.06,반도체,8542,JP,일본,243968298,17690
2026.06,반도체,8542,OTHER,기타,10463808502,840213
2026.06,반도체,8542,PL,폴란드,26303424,8636
2026.06,반도체,8542,US,미국,306518234,24858
2026.06,반도체,8542,VN,베트남,4819213539,203415
2026.07,라면,1902301010,CN,중국,34078279,9315594
2026.07,라면,1902301010,FR,프랑스,635751,160635
2026.07,라면,1902301010,GB,영국,3305875,700561
2026.07,라면,1902301010,HK,홍콩,2136529,562828
2026.07,라면,1902301010,JP,일본,9155588,2926581
2026.07,라면,1902301010,OTHER,기타,79412348,18175030
2026.07,라면,1902301010,PL,폴란드,750701,174904
2026.07,라면,1902301010,US,미국,19878995,3820379
2026.07,라면,1902301010,VN,베트남,1688970,470269
2026.07,화장품,330499,CN,중국,133265621,4493257
2026.07,화장품,330499,FR,프랑스,10858332,260222
2026.07,화장품,330499,GB,영국,66939425,1505137
2026.07,화장품,330499,HK,홍콩,38063623,1058862
2026.07,화장품,330499,JP,일본,60022018,2074433
2026.07,화장품,330499,OTHER,기타,441824096,12886753
2026.07,화장품,330499,PL,폴란드,25603791,802445
2026.07,화장품,330499,US,미국,214574743,7997350
2026.07,화장품,330499,VN,베트남,34018846,981879
2026.07,기초화장품,3304991000,CN,중국,72906667,2950317
2026.07,기초화장품,3304991000,FR,프랑스,3791419,128199
2026.07,기초화장품,3304991000,GB,영국,24020791,605974
2026.07,기초화장품,3304991000,HK,홍콩,27697189,837563
2026.07,기초화장품,3304991000,JP,일본,29736870,1411439
2026.07,기초화장품,3304991000,OTHER,기타,226417680,7285727
2026.07,기초화장품,3304991000,PL,폴란드,17163024,618201
2026.07,기초화장품,3304991000,US,미국,111192066,4305425
2026.07,기초화장품,3304991000,VN,베트남,14201879,463345
2026.07,메이크업화장품,3304992000,CN,중국,21635720,221241
2026.07,메이크업화장품,3304992000,FR,프랑스,3883436,102253
2026.07,메이크업화장품,3304992000,GB,영국,677722,16727
2026.07,메이크업화장품,3304992000,HK,홍콩,668548,13434
2026.07,메이크업화장품,3304992000,JP,일본,13520069,310658
2026.07,메이크업화장품,3304992000,OTHER,기타,18861790,388502
2026.07,메이크업화장품,3304992000,PL,폴란드,2823030,53270
2026.07,메이크업화장품,3304992000,US,미국,8928420,272153
2026.07,메이크업화장품,3304992000,VN,베트남,1552939,33080
2026.07,마스크팩,3307904000,CN,중국,10981687,938684
2026.07,마스크팩,3307904000,FR,프랑스,282739,17117
2026.07,마스크팩,3307904000,GB,영국,1256283,70879
2026.07,마스크팩,3307904000,HK,홍콩,3621568,249762
2026.07,마스크팩,3307904000,JP,일본,5949433,596970
2026.07,마스크팩,3307904000,OTHER,기타,20736443,1271898
2026.07,마스크팩,3307904000,PL,폴란드,2132638,315341
2026.07,마스크팩,3307904000,US,미국,14291191,821409
2026.07,마스크팩,3307904000,VN,베트남,1594094,253990
2026.07,변압기,8504,CN,중국,25356183,1063013
2026.07,변압기,8504,FR,프랑스,1190549,107700
2026.07,변압기,8504,GB,영국,12671580,690508
2026.07,변압기,8504,HK,홍콩,3074765,56700
2026.07,변압기,8504,JP,일본,8442163,598749
2026.07,변압기,8504,OTHER,기타,97014827,5044106
2026.07,변압기,8504,PL,폴란드,4427907,112289
2026.07,변압기,8504,US,미국,204247946,14086180
2026.07,변압기,8504,VN,베트남,42592147,1292405
2026.07,반도체,8542,CN,중국,13422130645,411134
2026.07,반도체,8542,FR,프랑스,11719969,2069
2026.07,반도체,8542,GB,영국,690441,126
2026.07,반도체,8542,HK,홍콩,4369757040,178676
2026.07,반도체,8542,JP,일본,164766122,16285
2026.07,반도체,8542,OTHER,기타,8645622795,825330
2026.07,반도체,8542,PL,폴란드,27563702,5350
2026.07,반도체,8542,US,미국,225787602,22194
2026.07,반도체,8542,VN,베트남,5856254365,218792
2026.08,라면,1902301010,CN,중국,50605804,13993028
2026.08,라면,1902301010,FR,프랑스,304493,74023
2026.08,라면,1902301010,GB,영국,2881189,600450
2026.08,라면,1902301010,HK,홍콩,1558547,423560
2026.08,라면,1902301010,JP,일본,4556925,1575326
2026.08,라면,1902301010,OTHER,기타,71532629,15738636
2026.08,라면,1902301010,PL,폴란드,446007,91665
2026.08,라면,1902301010,US,미국,23079908,4366233
2026.08,라면,1902301010,VN,베트남,1658481,448985
2026.08,화장품,330499,CN,중국,118199610,4252500
2026.08,화장품,330499,FR,프랑스,7890013,239342
2026.08,화장품,330499,GB,영국,47792070,1103615
2026.08,화장품,330499,HK,홍콩,32910355,971823
2026.08,화장품,330499,JP,일본,73479453,1919581
2026.08,화장품,330499,OTHER,기타,500278277,11255637
2026.08,화장품,330499,PL,폴란드,12458409,381543
2026.08,화장품,330499,US,미국,192122255,6945619
2026.08,화장품,330499,VN,베트남,28530693,901919
2026.08,기초화장품,3304991000,CN,중국,64992439,2563117
2026.08,기초화장품,3304991000,FR,프랑스,4238375,150321
2026.08,기초화장품,3304991000,GB,영국,22532357,519689
2026.08,기초화장품,3304991000,HK,홍콩,24158416,772496
2026.08,기초화장품,3304991000,JP,일본,37141415,1241788
2026.08,기초화장품,3304991000,OTHER,기타,260825972,6122352
2026.08,기초화장품,3304991000,PL,폴란드,7611321,271513
2026.08,기초화장품,3304991000,US,미국,95933719,3514617
2026.08,기초화장품,3304991000,VN,베트남,12616525,502835
2026.08,메이크업화장품,3304992000,CN,중국,16553324,146639
2026.08,메이크업화장품,3304992000,FR,프랑스,1812205,53080
2026.08,메이크업화장품,3304992000,GB,영국,1032999,16791
2026.08,메이크업화장품,3304992000,HK,홍콩,841764,10262
2026.08,메이크업화장품,3304992000,JP,일본,16695532,334335
2026.08,메이크업화장품,3304992000,OTHER,기타,18857366,421165
2026.08,메이크업화장품,3304992000,PL,폴란드,1741405,30388
2026.08,메이크업화장품,3304992000,US,미국,11487348,291020
2026.08,메이크업화장품,3304992000,VN,베트남,1926760,29629
2026.08,마스크팩,3307904000,CN,중국,12115609,971039
2026.08,마스크팩,3307904000,FR,프랑스,389895,21183
2026.08,마스크팩,3307904000,GB,영국,1957062,83122
2026.08,마스크팩,3307904000,HK,홍콩,2224084,167393
2026.08,마스크팩,3307904000,JP,일본,6233578,762297
2026.08,마스크팩,3307904000,OTHER,기타,17219190,1323792
2026.08,마스크팩,3307904000,PL,폴란드,1032620,93395
2026.08,마스크팩,3307904000,US,미국,11458752,757680
2026.08,마스크팩,3307904000,VN,베트남,1644747,254401
2026.08,변압기,8504,CN,중국,22344157,805941
2026.08,변압기,8504,FR,프랑스,109302,2444
2026.08,변압기,8504,GB,영국,9478615,517872
2026.08,변압기,8504,HK,홍콩,2215632,58293
2026.08,변압기,8504,JP,일본,7149581,453700
2026.08,변압기,8504,OTHER,기타,137957412,7256981
2026.08,변압기,8504,PL,폴란드,4051370,93944
2026.08,변압기,8504,US,미국,205183303,12712486
2026.08,변압기,8504,VN,베트남,27142435,525852
2026.08,반도체,8542,CN,중국,16053865339,414775
2026.08,반도체,8542,FR,프랑스,10212166,1479
2026.08,반도체,8542,GB,영국,799462,189
2026.08,반도체,8542,HK,홍콩,5806529959,180812
2026.08,반도체,8542,JP,일본,263743433,24249
2026.08,반도체,8542,OTHER,기타,10621309164,820245
2026.08,반도체,8542,PL,폴란드,40815822,8950
2026.08,반도체,8542,US,미국,356374382,23544
2026.08,반도체,8542,VN,베트남,5082048343,200053
