month,item,country,amount_kJPY,amount_USD,jpy_per_usd,stats_data_id,retrieved_at
2015.01,discrete,CN,19543369,165271619,118.2500,0003228118,2026-10-09T17:35:49+0900
2015.01,discrete,KR,3451825,29190909,118.2500,0003228118,2026-10-09T17:35:49+0900
2015.01,discrete,OTHER,40197330,339935137,118.2500,0003228118,2026-10-09T17:35:49+0900
2015.01,discrete,TW,6537005,55281226,118.2500,0003228118,2026-10-09T17:35:49+0900
2015.01,discrete,US,10309538,87184254,118.2500,0003228118,2026-10-09T17:35:49+0900
2015.01,discrete,VN,1325392,11208389,118.2500,0003228118,2026-10-09T17:35:49+0900
2015.01,discrete,WORLD,81364459,688071535,118.2500,0003228118,2026-10-09T17:35:49+0900
2015.01,ic,CN,60869407,514751856,118.2500,0003228118,2026-10-09T17:35:49+0900
2015.01,ic,KR,23483595,198592770,118.2500,0003228118,2026-10-09T17:35:49+0900
2015.01,ic,OTHER,87680829,741486926,118.2500,0003228118,2026-10-09T17:35:49+0900
2015.01,ic,TW,39446224,333583290,118.2500,0003228118,2026-10-09T17:35:49+0900
2015.01,ic,US,13801441,116714089,118.2500,0003228118,2026-10-09T17:35:49+0900
2015.01,ic,VN,9875013,83509624,118.2500,0003228118,2026-10-09T17:35:49+0900
2015.01,ic,WORLD,235156509,1988638554,118.2500,0003228118,2026-10-09T17:35:49+0900
2015.01,liion,CN,2831001,23940812,118.2500,0003228118,2026-10-09T17:35:49+0900
2015.01,liion,KR,1464083,12381252,118.2500,0003228118,2026-10-09T17:35:49+0900
2015.01,liion,OTHER,7127407,60274055,118.2500,0003228118,2026-10-09T17:35:49+0900
2015.01,liion,TW,229569,1941387,118.2500,0003228118,2026-10-09T17:35:49+0900
2015.01,liion,US,9722602,82220736,118.2500,0003228118,2026-10-09T17:35:49+0900
2015.01,liion,VN,360636,3049776,118.2500,0003228118,2026-10-09T17:35:49+0900
2015.01,liion,WORLD,21735298,183808017,118.2500,0003228118,2026-10-09T17:35:49+0900
2015.01,mlcc,CN,7834685,66255264,118.2500,0003228118,2026-10-09T17:35:49+0900
2015.01,mlcc,KR,1721464,14557835,118.2500,0003228118,2026-10-09T17:35:49+0900
2015.01,mlcc,OTHER,13217241,111773708,118.2500,0003228118,2026-10-09T17:35:49+0900
2015.01,mlcc,TW,1550749,13114156,118.2500,0003228118,2026-10-09T17:35:49+0900
2015.01,mlcc,US,1912718,16175205,118.2500,0003228118,2026-10-09T17:35:49+0900
2015.01,mlcc,VN,866534,7327983,118.2500,0003228118,2026-10-09T17:35:49+0900
2015.01,mlcc,WORLD,27103391,229204152,118.2500,0003228118,2026-10-09T17:35:49+0900
2015.01,pcb,CN,4359391,36865886,118.2500,0003228118,2026-10-09T17:35:49+0900
2015.01,pcb,KR,2555723,21612879,118.2500,0003228118,2026-10-09T17:35:49+0900
2015.01,pcb,OTHER,10227070,86486850,118.2500,0003228118,2026-10-09T17:35:49+0900
2015.01,pcb,TW,1928827,16311433,118.2500,0003228118,2026-10-09T17:35:49+0900
2015.01,pcb,US,1762491,14904786,118.2500,0003228118,2026-10-09T17:35:49+0900
2015.01,pcb,VN,606527,5129192,118.2500,0003228118,2026-10-09T17:35:49+0900
2015.01,pcb,WORLD,21440029,181311027,118.2500,0003228118,2026-10-09T17:35:49+0900
2015.01,photoresist,CN,3441099,29100203,118.2500,0003228118,2026-10-09T17:35:49+0900
2015.01,photoresist,KR,1876207,15866444,118.2500,0003228118,2026-10-09T17:35:49+0900
2015.01,photoresist,OTHER,8906454,75318850,118.2500,0003228118,2026-10-09T17:35:49+0900
2015.01,photoresist,TW,3215291,27190622,118.2500,0003228118,2026-10-09T17:35:49+0900
2015.01,photoresist,US,6445365,54506258,118.2500,0003228118,2026-10-09T17:35:49+0900
2015.01,photoresist,VN,172039,1454875,118.2500,0003228118,2026-10-09T17:35:49+0900
2015.01,photoresist,WORLD,24056455,203437252,118.2500,0003228118,2026-10-09T17:35:49+0900
2015.01,semi_equip,CN,36649628,309933429,118.2500,0003228118,2026-10-09T17:35:49+0900
2015.01,semi_equip,KR,32631430,275952896,118.2500,0003228118,2026-10-09T17:35:49+0900
2015.01,semi_equip,OTHER,18576498,157095121,118.2500,0003228118,2026-10-09T17:35:49+0900
2015.01,semi_equip,TW,24467353,206912076,118.2500,0003228118,2026-10-09T17:35:49+0900
2015.01,semi_equip,US,26355754,222881641,118.2500,0003228118,2026-10-09T17:35:49+0900
2015.01,semi_equip,VN,207040,1750867,118.2500,0003228118,2026-10-09T17:35:49+0900
2015.01,semi_equip,WORLD,138887703,1174526030,118.2500,0003228118,2026-10-09T17:35:49+0900
2015.01,semi_fab_equip,CN,6834488,57796939,118.2500,0003228118,2026-10-09T17:35:49+0900
2015.01,semi_fab_equip,KR,24128966,204050452,118.2500,0003228118,2026-10-09T17:35:49+0900
2015.01,semi_fab_equip,OTHER,9014394,76231662,118.2500,0003228118,2026-10-09T17:35:49+0900
2015.01,semi_fab_equip,TW,13221788,111812161,118.2500,0003228118,2026-10-09T17:35:49+0900
2015.01,semi_fab_equip,US,13339931,112811256,118.2500,0003228118,2026-10-09T17:35:49+0900
2015.01,semi_fab_equip,VN,53088,448947,118.2500,0003228118,2026-10-09T17:35:49+0900
2015.01,semi_fab_equip,WORLD,66592655,563151416,118.2500,0003228118,2026-10-09T17:35:49+0900
2015.01,semi_test,CN,223638,1891230,118.2500,0003228118,2026-10-09T17:35:49+0900
2015.01,semi_test,KR,1098881,9292863,118.2500,0003228118,2026-10-09T17:35:49+0900
2015.01,semi_test,OTHER,482499,4080330,118.2500,0003228118,2026-10-09T17:35:49+0900
2015.01,semi_test,TW,3120414,26388279,118.2500,0003228118,2026-10-09T17:35:49+0900
2015.01,semi_test,US,666045,5632516,118.2500,0003228118,2026-10-09T17:35:49+0900
2015.01,semi_test,VN,0,0,118.2500,0003228118,2026-10-09T17:35:49+0900
2015.01,semi_test,WORLD,5591477,47285218,118.2500,0003228118,2026-10-09T17:35:49+0900
2015.01,transformer,CN,10204013,86291865,118.2500,0003228118,2026-10-09T17:35:49+0900
2015.01,transformer,KR,2722355,23022030,118.2500,0003228118,2026-10-09T17:35:49+0900
2015.01,transformer,OTHER,14396729,121748237,118.2500,0003228118,2026-10-09T17:35:49+0900
2015.01,transformer,TW,1246572,10541835,118.2500,0003228118,2026-10-09T17:35:49+0900
2015.01,transformer,US,7548490,63835011,118.2500,0003228118,2026-10-09T17:35:49+0900
2015.01,transformer,VN,624979,5285235,118.2500,0003228118,2026-10-09T17:35:49+0900
2015.01,transformer,WORLD,36743138,310724211,118.2500,0003228118,2026-10-09T17:35:49+0900
2015.01,transformer_large,CN,0,0,118.2500,0003228118,2026-10-09T17:35:49+0900
2015.01,transformer_large,KR,0,0,118.2500,0003228118,2026-10-09T17:35:49+0900
2015.01,transformer_large,OTHER,650575,5501691,118.2500,0003228118,2026-10-09T17:35:49+0900
2015.01,transformer_large,US,0,0,118.2500,0003228118,2026-10-09T17:35:49+0900
2015.01,transformer_large,WORLD,650575,5501691,118.2500,0003228118,2026-10-09T17:35:49+0900
2015.01,wafer,CN,2052887,17360567,118.2500,0003228118,2026-10-09T17:35:49+0900
2015.01,wafer,KR,4296279,36332169,118.2500,0003228118,2026-10-09T17:35:49+0900
2015.01,wafer,OTHER,5556115,46986173,118.2500,0003228118,2026-10-09T17:35:49+0900
2015.01,wafer,TW,9262556,78330283,118.2500,0003228118,2026-10-09T17:35:49+0900
2015.01,wafer,US,5149671,43549015,118.2500,0003228118,2026-10-09T17:35:49+0900
2015.01,wafer,VN,340,2875,118.2500,0003228118,2026-10-09T17:35:49+0900
2015.01,wafer,WORLD,26317848,222561082,118.2500,0003228118,2026-10-09T17:35:49+0900
2015.02,discrete,CN,18043197,151929917,118.7600,0003228118,2026-10-09T17:35:49+0900
2015.02,discrete,KR,3120680,26277198,118.7600,0003228118,2026-10-09T17:35:49+0900
2015.02,discrete,OTHER,38082258,320665696,118.7600,0003228118,2026-10-09T17:35:49+0900
2015.02,discrete,TW,5191328,43712765,118.7600,0003228118,2026-10-09T17:35:49+0900
2015.02,discrete,US,10355568,87197440,118.7600,0003228118,2026-10-09T17:35:49+0900
2015.02,discrete,VN,1239656,10438329,118.7600,0003228118,2026-10-09T17:35:49+0900
2015.02,discrete,WORLD,76032687,640221346,118.7600,0003228118,2026-10-09T17:35:49+0900
2015.02,ic,CN,53263959,448500834,118.7600,0003228118,2026-10-09T17:35:49+0900
2015.02,ic,KR,19333605,162795596,118.7600,0003228118,2026-10-09T17:35:49+0900
2015.02,ic,OTHER,80987442,681942085,118.7600,0003228118,2026-10-09T17:35:49+0900
2015.02,ic,TW,42847869,360793777,118.7600,0003228118,2026-10-09T17:35:49+0900
2015.02,ic,US,12973505,109241369,118.7600,0003228118,2026-10-09T17:35:49+0900
2015.02,ic,VN,8428632,70971977,118.7600,0003228118,2026-10-09T17:35:49+0900
2015.02,ic,WORLD,217835012,1834245638,118.7600,0003228118,2026-10-09T17:35:49+0900
2015.02,liion,CN,2056504,17316470,118.7600,0003228118,2026-10-09T17:35:49+0900
2015.02,liion,KR,1290278,10864584,118.7600,0003228118,2026-10-09T17:35:49+0900
2015.02,liion,OTHER,6625047,55785172,118.7600,0003228118,2026-10-09T17:35:49+0900
2015.02,liion,TW,340012,2863018,118.7600,0003228118,2026-10-09T17:35:49+0900
2015.02,liion,US,10332262,87001196,118.7600,0003228118,2026-10-09T17:35:49+0900
2015.02,liion,VN,278133,2341975,118.7600,0003228118,2026-10-09T17:35:49+0900
2015.02,liion,WORLD,20922236,176172415,118.7600,0003228118,2026-10-09T17:35:49+0900
2015.02,mlcc,CN,7396943,62284801,118.7600,0003228118,2026-10-09T17:35:49+0900
2015.02,mlcc,KR,1945342,16380448,118.7600,0003228118,2026-10-09T17:35:49+0900
2015.02,mlcc,OTHER,11182336,94159111,118.7600,0003228118,2026-10-09T17:35:49+0900
2015.02,mlcc,TW,1143316,9627114,118.7600,0003228118,2026-10-09T17:35:49+0900
2015.02,mlcc,US,2121522,17863944,118.7600,0003228118,2026-10-09T17:35:49+0900
2015.02,mlcc,VN,845660,7120748,118.7600,0003228118,2026-10-09T17:35:49+0900
2015.02,mlcc,WORLD,24635119,207436165,118.7600,0003228118,2026-10-09T17:35:49+0900
2015.02,pcb,CN,4060944,34194544,118.7600,0003228118,2026-10-09T17:35:49+0900
2015.02,pcb,KR,2354655,19827004,118.7600,0003228118,2026-10-09T17:35:49+0900
2015.02,pcb,OTHER,9882881,83217253,118.7600,0003228118,2026-10-09T17:35:49+0900
2015.02,pcb,TW,1793906,15105305,118.7600,0003228118,2026-10-09T17:35:49+0900
2015.02,pcb,US,1560105,13136620,118.7600,0003228118,2026-10-09T17:35:49+0900
2015.02,pcb,VN,542422,4567380,118.7600,0003228118,2026-10-09T17:35:49+0900
2015.02,pcb,WORLD,20194913,170048105,118.7600,0003228118,2026-10-09T17:35:49+0900
2015.02,photoresist,CN,2711407,22830978,118.7600,0003228118,2026-10-09T17:35:49+0900
2015.02,photoresist,KR,1781415,15000126,118.7600,0003228118,2026-10-09T17:35:49+0900
2015.02,photoresist,OTHER,6364838,53594123,118.7600,0003228118,2026-10-09T17:35:49+0900
2015.02,photoresist,TW,2847681,23978452,118.7600,0003228118,2026-10-09T17:35:49+0900
2015.02,photoresist,US,6144106,51735483,118.7600,0003228118,2026-10-09T17:35:49+0900
2015.02,photoresist,VN,142344,1198585,118.7600,0003228118,2026-10-09T17:35:49+0900
2015.02,photoresist,WORLD,19991791,168337748,118.7600,0003228118,2026-10-09T17:35:49+0900
2015.02,semi_equip,CN,33571369,282682460,118.7600,0003228118,2026-10-09T17:35:49+0900
2015.02,semi_equip,KR,26434457,222587209,118.7600,0003228118,2026-10-09T17:35:49+0900
2015.02,semi_equip,OTHER,15026932,126531930,118.7600,0003228118,2026-10-09T17:35:49+0900
2015.02,semi_equip,TW,23794208,200355406,118.7600,0003228118,2026-10-09T17:35:49+0900
2015.02,semi_equip,US,19716727,166021615,118.7600,0003228118,2026-10-09T17:35:49+0900
2015.02,semi_equip,VN,167111,1407132,118.7600,0003228118,2026-10-09T17:35:49+0900
2015.02,semi_equip,WORLD,118710804,999585753,118.7600,0003228118,2026-10-09T17:35:49+0900
2015.02,semi_fab_equip,CN,9341232,78656383,118.7600,0003228118,2026-10-09T17:35:49+0900
2015.02,semi_fab_equip,KR,20139498,169581492,118.7600,0003228118,2026-10-09T17:35:49+0900
2015.02,semi_fab_equip,OTHER,6164056,51903469,118.7600,0003228118,2026-10-09T17:35:49+0900
2015.02,semi_fab_equip,TW,14539102,122424234,118.7600,0003228118,2026-10-09T17:35:49+0900
2015.02,semi_fab_equip,US,7379936,62141596,118.7600,0003228118,2026-10-09T17:35:49+0900
2015.02,semi_fab_equip,VN,21165,178217,118.7600,0003228118,2026-10-09T17:35:49+0900
2015.02,semi_fab_equip,WORLD,57584989,484885391,118.7600,0003228118,2026-10-09T17:35:49+0900
2015.02,semi_test,CN,1205212,10148299,118.7600,0003228118,2026-10-09T17:35:49+0900
2015.02,semi_test,KR,1322394,11135012,118.7600,0003228118,2026-10-09T17:35:49+0900
2015.02,semi_test,OTHER,150486,1267144,118.7600,0003228118,2026-10-09T17:35:49+0900
2015.02,semi_test,TW,2618701,22050362,118.7600,0003228118,2026-10-09T17:35:49+0900
2015.02,semi_test,US,1404508,11826440,118.7600,0003228118,2026-10-09T17:35:49+0900
2015.02,semi_test,VN,0,0,118.7600,0003228118,2026-10-09T17:35:49+0900
2015.02,semi_test,WORLD,6701301,56427257,118.7600,0003228118,2026-10-09T17:35:49+0900
2015.02,transformer,CN,5449864,45889727,118.7600,0003228118,2026-10-09T17:35:49+0900
2015.02,transformer,KR,3666883,30876415,118.7600,0003228118,2026-10-09T17:35:49+0900
2015.02,transformer,OTHER,13108326,110376608,118.7600,0003228118,2026-10-09T17:35:49+0900
2015.02,transformer,TW,1266309,10662757,118.7600,0003228118,2026-10-09T17:35:49+0900
2015.02,transformer,US,8824621,74306341,118.7600,0003228118,2026-10-09T17:35:49+0900
2015.02,transformer,VN,485819,4090763,118.7600,0003228118,2026-10-09T17:35:49+0900
2015.02,transformer,WORLD,32801822,276202610,118.7600,0003228118,2026-10-09T17:35:49+0900
2015.02,transformer_large,CN,0,0,118.7600,0003228118,2026-10-09T17:35:49+0900
2015.02,transformer_large,KR,686298,5778865,118.7600,0003228118,2026-10-09T17:35:49+0900
2015.02,transformer_large,OTHER,554060,4665376,118.7600,0003228118,2026-10-09T17:35:49+0900
2015.02,transformer_large,US,363777,3063127,118.7600,0003228118,2026-10-09T17:35:49+0900
2015.02,transformer_large,WORLD,1604135,13507368,118.7600,0003228118,2026-10-09T17:35:49+0900
2015.02,wafer,CN,2039062,17169603,118.7600,0003228118,2026-10-09T17:35:49+0900
2015.02,wafer,KR,3890899,32762706,118.7600,0003228118,2026-10-09T17:35:49+0900
2015.02,wafer,OTHER,5906975,49738759,118.7600,0003228118,2026-10-09T17:35:49+0900
2015.02,wafer,TW,8068329,67938102,118.7600,0003228118,2026-10-09T17:35:49+0900
2015.02,wafer,US,4984503,41971228,118.7600,0003228118,2026-10-09T17:35:49+0900
2015.02,wafer,VN,2675,22524,118.7600,0003228118,2026-10-09T17:35:49+0900
2015.02,wafer,WORLD,24892443,209602922,118.7600,0003228118,2026-10-09T17:35:49+0900
2015.03,discrete,CN,20351570,169040695,120.3945,0003228118,2026-10-09T17:35:49+0900
2015.03,discrete,KR,4098454,34041871,120.3945,0003228118,2026-10-09T17:35:49+0900
2015.03,discrete,OTHER,41998801,348843186,120.3945,0003228118,2026-10-09T17:35:49+0900
2015.03,discrete,TW,6091810,50598740,120.3945,0003228118,2026-10-09T17:35:49+0900
2015.03,discrete,US,11687881,97079858,120.3945,0003228118,2026-10-09T17:35:49+0900
2015.03,discrete,VN,1494092,12409969,120.3945,0003228118,2026-10-09T17:35:49+0900
2015.03,discrete,WORLD,85722608,712014320,120.3945,0003228118,2026-10-09T17:35:49+0900
2015.03,ic,CN,62525112,519335285,120.3945,0003228118,2026-10-09T17:35:49+0900
2015.03,ic,KR,20497821,170255460,120.3945,0003228118,2026-10-09T17:35:49+0900
2015.03,ic,OTHER,88881741,738254164,120.3945,0003228118,2026-10-09T17:35:49+0900
2015.03,ic,TW,44284778,367830574,120.3945,0003228118,2026-10-09T17:35:49+0900
2015.03,ic,US,15412187,128014045,120.3945,0003228118,2026-10-09T17:35:49+0900
2015.03,ic,VN,10140739,84229255,120.3945,0003228118,2026-10-09T17:35:49+0900
2015.03,ic,WORLD,241742378,2007918784,120.3945,0003228118,2026-10-09T17:35:49+0900
2015.03,liion,CN,3419641,28403631,120.3945,0003228118,2026-10-09T17:35:49+0900
2015.03,liion,KR,1281709,10645910,120.3945,0003228118,2026-10-09T17:35:49+0900
2015.03,liion,OTHER,7000607,58147233,120.3945,0003228118,2026-10-09T17:35:49+0900
2015.03,liion,TW,403836,3354273,120.3945,0003228118,2026-10-09T17:35:49+0900
2015.03,liion,US,11106196,92248367,120.3945,0003228118,2026-10-09T17:35:49+0900
2015.03,liion,VN,292240,2427353,120.3945,0003228118,2026-10-09T17:35:49+0900
2015.03,liion,WORLD,23504229,195226767,120.3945,0003228118,2026-10-09T17:35:49+0900
2015.03,mlcc,CN,8375105,69563851,120.3945,0003228118,2026-10-09T17:35:49+0900
2015.03,mlcc,KR,2341752,19450656,120.3945,0003228118,2026-10-09T17:35:49+0900
2015.03,mlcc,OTHER,11840833,98350282,120.3945,0003228118,2026-10-09T17:35:49+0900
2015.03,mlcc,TW,1599071,13281927,120.3945,0003228118,2026-10-09T17:35:49+0900
2015.03,mlcc,US,2228490,18509899,120.3945,0003228118,2026-10-09T17:35:49+0900
2015.03,mlcc,VN,889191,7385645,120.3945,0003228118,2026-10-09T17:35:49+0900
2015.03,mlcc,WORLD,27274442,226542259,120.3945,0003228118,2026-10-09T17:35:49+0900
2015.03,pcb,CN,5033215,41806021,120.3945,0003228118,2026-10-09T17:35:49+0900
2015.03,pcb,KR,3100940,25756492,120.3945,0003228118,2026-10-09T17:35:49+0900
2015.03,pcb,OTHER,10774312,89491729,120.3945,0003228118,2026-10-09T17:35:49+0900
2015.03,pcb,TW,2174128,18058366,120.3945,0003228118,2026-10-09T17:35:49+0900
2015.03,pcb,US,1848883,15356873,120.3945,0003228118,2026-10-09T17:35:49+0900
2015.03,pcb,VN,688205,5716249,120.3945,0003228118,2026-10-09T17:35:49+0900
2015.03,pcb,WORLD,23619683,196185731,120.3945,0003228118,2026-10-09T17:35:49+0900
2015.03,photoresist,CN,3279231,27237382,120.3945,0003228118,2026-10-09T17:35:49+0900
2015.03,photoresist,KR,1836893,15257283,120.3945,0003228118,2026-10-09T17:35:49+0900
2015.03,photoresist,OTHER,8184430,67980099,120.3945,0003228118,2026-10-09T17:35:49+0900
2015.03,photoresist,TW,3174419,26366811,120.3945,0003228118,2026-10-09T17:35:49+0900
2015.03,photoresist,US,6299832,52326576,120.3945,0003228118,2026-10-09T17:35:49+0900
2015.03,photoresist,VN,201218,1671322,120.3945,0003228118,2026-10-09T17:35:49+0900
2015.03,photoresist,WORLD,22976023,190839474,120.3945,0003228118,2026-10-09T17:35:49+0900
2015.03,semi_equip,CN,38976972,323743792,120.3945,0003228118,2026-10-09T17:35:49+0900
2015.03,semi_equip,KR,31440087,261142220,120.3945,0003228118,2026-10-09T17:35:49+0900
2015.03,semi_equip,OTHER,20975099,174219744,120.3945,0003228118,2026-10-09T17:35:49+0900
2015.03,semi_equip,TW,37314667,309936642,120.3945,0003228118,2026-10-09T17:35:49+0900
2015.03,semi_equip,US,29564466,245563261,120.3945,0003228118,2026-10-09T17:35:49+0900
2015.03,semi_equip,VN,267779,2224180,120.3945,0003228118,2026-10-09T17:35:49+0900
2015.03,semi_equip,WORLD,158539070,1316829839,120.3945,0003228118,2026-10-09T17:35:49+0900
2015.03,semi_fab_equip,CN,9607756,79802283,120.3945,0003228118,2026-10-09T17:35:49+0900
2015.03,semi_fab_equip,KR,21899359,181896673,120.3945,0003228118,2026-10-09T17:35:49+0900
2015.03,semi_fab_equip,OTHER,6288236,52230260,120.3945,0003228118,2026-10-09T17:35:49+0900
2015.03,semi_fab_equip,TW,21414760,177871581,120.3945,0003228118,2026-10-09T17:35:49+0900
2015.03,semi_fab_equip,US,18458680,153318299,120.3945,0003228118,2026-10-09T17:35:49+0900
2015.03,semi_fab_equip,VN,116808,970210,120.3945,0003228118,2026-10-09T17:35:49+0900
2015.03,semi_fab_equip,WORLD,77785599,646089306,120.3945,0003228118,2026-10-09T17:35:49+0900
2015.03,semi_test,CN,1705651,14167184,120.3945,0003228118,2026-10-09T17:35:49+0900
2015.03,semi_test,KR,1258626,10454182,120.3945,0003228118,2026-10-09T17:35:49+0900
2015.03,semi_test,OTHER,483939,4019611,120.3945,0003228118,2026-10-09T17:35:49+0900
2015.03,semi_test,TW,878623,7297867,120.3945,0003228118,2026-10-09T17:35:49+0900
2015.03,semi_test,US,3165937,26296359,120.3945,0003228118,2026-10-09T17:35:49+0900
2015.03,semi_test,VN,47496,394503,120.3945,0003228118,2026-10-09T17:35:49+0900
2015.03,semi_test,WORLD,7540272,62629705,120.3945,0003228118,2026-10-09T17:35:49+0900
2015.03,transformer,CN,7900324,65620307,120.3945,0003228118,2026-10-09T17:35:49+0900
2015.03,transformer,KR,3408777,28313395,120.3945,0003228118,2026-10-09T17:35:49+0900
2015.03,transformer,OTHER,15537530,129055148,120.3945,0003228118,2026-10-09T17:35:49+0900
2015.03,transformer,TW,2004667,16650819,120.3945,0003228118,2026-10-09T17:35:49+0900
2015.03,transformer,US,9932691,82501202,120.3945,0003228118,2026-10-09T17:35:49+0900
2015.03,transformer,VN,644329,5351814,120.3945,0003228118,2026-10-09T17:35:49+0900
2015.03,transformer,WORLD,39428318,327492684,120.3945,0003228118,2026-10-09T17:35:49+0900
2015.03,transformer_large,CN,0,0,120.3945,0003228118,2026-10-09T17:35:49+0900
2015.03,transformer_large,KR,0,0,120.3945,0003228118,2026-10-09T17:35:49+0900
2015.03,transformer_large,OTHER,456617,3792673,120.3945,0003228118,2026-10-09T17:35:49+0900
2015.03,transformer_large,US,705387,5858964,120.3945,0003228118,2026-10-09T17:35:49+0900
2015.03,transformer_large,WORLD,1162004,9651637,120.3945,0003228118,2026-10-09T17:35:49+0900
2015.03,wafer,CN,1999088,16604479,120.3945,0003228118,2026-10-09T17:35:49+0900
2015.03,wafer,KR,4074672,33844337,120.3945,0003228118,2026-10-09T17:35:49+0900
2015.03,wafer,OTHER,6090253,50585807,120.3945,0003228118,2026-10-09T17:35:49+0900
2015.03,wafer,TW,8051011,66871917,120.3945,0003228118,2026-10-09T17:35:49+0900
2015.03,wafer,US,6830461,56733995,120.3945,0003228118,2026-10-09T17:35:49+0900
2015.03,wafer,VN,0,0,120.3945,0003228118,2026-10-09T17:35:49+0900
2015.03,wafer,WORLD,27045485,224640536,120.3945,0003228118,2026-10-09T17:35:49+0900
2015.04,discrete,CN,22398369,187419151,119.5095,0003228118,2026-10-09T17:35:49+0900
2015.04,discrete,KR,4149601,34721934,119.5095,0003228118,2026-10-09T17:35:49+0900
2015.04,discrete,OTHER,43693727,365608818,119.5095,0003228118,2026-10-09T17:35:49+0900
2015.04,discrete,TW,6462259,54073182,119.5095,0003228118,2026-10-09T17:35:49+0900
2015.04,discrete,US,11135461,93176367,119.5095,0003228118,2026-10-09T17:35:49+0900
2015.04,discrete,VN,1370482,11467557,119.5095,0003228118,2026-10-09T17:35:49+0900
2015.04,discrete,WORLD,89209899,746467009,119.5095,0003228118,2026-10-09T17:35:49+0900
2015.04,ic,CN,60049439,502465821,119.5095,0003228118,2026-10-09T17:35:49+0900
2015.04,ic,KR,21021982,175902184,119.5095,0003228118,2026-10-09T17:35:49+0900
2015.04,ic,OTHER,93445037,781904677,119.5095,0003228118,2026-10-09T17:35:49+0900
2015.04,ic,TW,38592111,322920864,119.5095,0003228118,2026-10-09T17:35:49+0900
2015.04,ic,US,13096215,109583046,119.5095,0003228118,2026-10-09T17:35:49+0900
2015.04,ic,VN,11606420,97117133,119.5095,0003228118,2026-10-09T17:35:49+0900
2015.04,ic,WORLD,237811204,1989893724,119.5095,0003228118,2026-10-09T17:35:49+0900
2015.04,liion,CN,2379287,19908769,119.5095,0003228118,2026-10-09T17:35:49+0900
2015.04,liion,KR,846788,7085529,119.5095,0003228118,2026-10-09T17:35:49+0900
2015.04,liion,OTHER,6429029,53795129,119.5095,0003228118,2026-10-09T17:35:49+0900
2015.04,liion,TW,380103,3180525,119.5095,0003228118,2026-10-09T17:35:49+0900
2015.04,liion,US,3835131,32090595,119.5095,0003228118,2026-10-09T17:35:49+0900
2015.04,liion,VN,300281,2512612,119.5095,0003228118,2026-10-09T17:35:49+0900
2015.04,liion,WORLD,14170619,118573159,119.5095,0003228118,2026-10-09T17:35:49+0900
2015.04,mlcc,CN,7962934,66630134,119.5095,0003228118,2026-10-09T17:35:49+0900
2015.04,mlcc,KR,2450003,20500487,119.5095,0003228118,2026-10-09T17:35:49+0900
2015.04,mlcc,OTHER,14315967,119789364,119.5095,0003228118,2026-10-09T17:35:49+0900
2015.04,mlcc,TW,1281488,10722897,119.5095,0003228118,2026-10-09T17:35:49+0900
2015.04,mlcc,US,2265508,18956719,119.5095,0003228118,2026-10-09T17:35:49+0900
2015.04,mlcc,VN,812100,6795276,119.5095,0003228118,2026-10-09T17:35:49+0900
2015.04,mlcc,WORLD,29088000,243394877,119.5095,0003228118,2026-10-09T17:35:49+0900
2015.04,pcb,CN,5427540,45415134,119.5095,0003228118,2026-10-09T17:35:49+0900
2015.04,pcb,KR,3304143,27647534,119.5095,0003228118,2026-10-09T17:35:49+0900
2015.04,pcb,OTHER,10035841,83975257,119.5095,0003228118,2026-10-09T17:35:49+0900
2015.04,pcb,TW,2545273,21297663,119.5095,0003228118,2026-10-09T17:35:49+0900
2015.04,pcb,US,1642704,13745384,119.5095,0003228118,2026-10-09T17:35:49+0900
2015.04,pcb,VN,829762,6943063,119.5095,0003228118,2026-10-09T17:35:49+0900
2015.04,pcb,WORLD,23785263,199024036,119.5095,0003228118,2026-10-09T17:35:49+0900
2015.04,photoresist,CN,3379528,28278321,119.5095,0003228118,2026-10-09T17:35:49+0900
2015.04,photoresist,KR,2555807,21385806,119.5095,0003228118,2026-10-09T17:35:49+0900
2015.04,photoresist,OTHER,8714822,72921584,119.5095,0003228118,2026-10-09T17:35:49+0900
2015.04,photoresist,TW,3984552,33340881,119.5095,0003228118,2026-10-09T17:35:49+0900
2015.04,photoresist,US,7170292,59997674,119.5095,0003228118,2026-10-09T17:35:49+0900
2015.04,photoresist,VN,230208,1926274,119.5095,0003228118,2026-10-09T17:35:49+0900
2015.04,photoresist,WORLD,26035209,217850539,119.5095,0003228118,2026-10-09T17:35:49+0900
2015.04,semi_equip,CN,30983268,259253599,119.5095,0003228118,2026-10-09T17:35:49+0900
2015.04,semi_equip,KR,24804725,207554420,119.5095,0003228118,2026-10-09T17:35:49+0900
2015.04,semi_equip,OTHER,14979375,125340454,119.5095,0003228118,2026-10-09T17:35:49+0900
2015.04,semi_equip,TW,30811187,257813705,119.5095,0003228118,2026-10-09T17:35:49+0900
2015.04,semi_equip,US,18842745,157667340,119.5095,0003228118,2026-10-09T17:35:49+0900
2015.04,semi_equip,VN,262026,2192512,119.5095,0003228118,2026-10-09T17:35:49+0900
2015.04,semi_equip,WORLD,120683326,1009822031,119.5095,0003228118,2026-10-09T17:35:49+0900
2015.04,semi_fab_equip,CN,6838842,57224254,119.5095,0003228118,2026-10-09T17:35:49+0900
2015.04,semi_fab_equip,KR,14832921,124114995,119.5095,0003228118,2026-10-09T17:35:49+0900
2015.04,semi_fab_equip,OTHER,5129108,42917994,119.5095,0003228118,2026-10-09T17:35:49+0900
2015.04,semi_fab_equip,TW,19176375,160459001,119.5095,0003228118,2026-10-09T17:35:49+0900
2015.04,semi_fab_equip,US,7659402,64090319,119.5095,0003228118,2026-10-09T17:35:49+0900
2015.04,semi_fab_equip,VN,0,0,119.5095,0003228118,2026-10-09T17:35:49+0900
2015.04,semi_fab_equip,WORLD,53636648,448806563,119.5095,0003228118,2026-10-09T17:35:49+0900
2015.04,semi_test,CN,510322,4270138,119.5095,0003228118,2026-10-09T17:35:49+0900
2015.04,semi_test,KR,1347244,11273112,119.5095,0003228118,2026-10-09T17:35:49+0900
2015.04,semi_test,OTHER,396342,3316406,119.5095,0003228118,2026-10-09T17:35:49+0900
2015.04,semi_test,TW,907749,7595622,119.5095,0003228118,2026-10-09T17:35:49+0900
2015.04,semi_test,US,1423389,11910258,119.5095,0003228118,2026-10-09T17:35:49+0900
2015.04,semi_test,VN,0,0,119.5095,0003228118,2026-10-09T17:35:49+0900
2015.04,semi_test,WORLD,4585046,38365536,119.5095,0003228118,2026-10-09T17:35:49+0900
2015.04,transformer,CN,8722739,72987829,119.5095,0003228118,2026-10-09T17:35:49+0900
2015.04,transformer,KR,3231997,27043850,119.5095,0003228118,2026-10-09T17:35:49+0900
2015.04,transformer,OTHER,18044938,150991662,119.5095,0003228118,2026-10-09T17:35:49+0900
2015.04,transformer,TW,1683820,14089424,119.5095,0003228118,2026-10-09T17:35:49+0900
2015.04,transformer,US,8039974,67274769,119.5095,0003228118,2026-10-09T17:35:49+0900
2015.04,transformer,VN,414938,3472009,119.5095,0003228118,2026-10-09T17:35:49+0900
2015.04,transformer,WORLD,40138406,335859543,119.5095,0003228118,2026-10-09T17:35:49+0900
2015.04,transformer_large,CN,0,0,119.5095,0003228118,2026-10-09T17:35:49+0900
2015.04,transformer_large,KR,343149,2871311,119.5095,0003228118,2026-10-09T17:35:49+0900
2015.04,transformer_large,OTHER,1220982,10216610,119.5095,0003228118,2026-10-09T17:35:49+0900
2015.04,transformer_large,US,0,0,119.5095,0003228118,2026-10-09T17:35:49+0900
2015.04,transformer_large,WORLD,1564131,13087922,119.5095,0003228118,2026-10-09T17:35:49+0900
2015.04,wafer,CN,2244680,18782440,119.5095,0003228118,2026-10-09T17:35:49+0900
2015.04,wafer,KR,4493191,37596936,119.5095,0003228118,2026-10-09T17:35:49+0900
2015.04,wafer,OTHER,7003682,58603559,119.5095,0003228118,2026-10-09T17:35:49+0900
2015.04,wafer,TW,9584489,80198553,119.5095,0003228118,2026-10-09T17:35:49+0900
2015.04,wafer,US,5237954,43828767,119.5095,0003228118,2026-10-09T17:35:49+0900
2015.04,wafer,VN,11803,98762,119.5095,0003228118,2026-10-09T17:35:49+0900
2015.04,wafer,WORLD,28575799,239109016,119.5095,0003228118,2026-10-09T17:35:49+0900
2015.05,discrete,CN,19456129,161063337,120.7980,0003228118,2026-10-09T17:35:49+0900
2015.05,discrete,KR,3503657,29004263,120.7980,0003228118,2026-10-09T17:35:49+0900
2015.05,discrete,OTHER,41183102,340925363,120.7980,0003228118,2026-10-09T17:35:49+0900
2015.05,discrete,TW,5425527,44914047,120.7980,0003228118,2026-10-09T17:35:49+0900
2015.05,discrete,US,10195674,84402672,120.7980,0003228118,2026-10-09T17:35:49+0900
2015.05,discrete,VN,1121051,9280377,120.7980,0003228118,2026-10-09T17:35:49+0900
2015.05,discrete,WORLD,80885140,669590059,120.7980,0003228118,2026-10-09T17:35:49+0900
2015.05,ic,CN,58787631,486660632,120.7980,0003228118,2026-10-09T17:35:49+0900
2015.05,ic,KR,18451203,152744276,120.7980,0003228118,2026-10-09T17:35:49+0900
2015.05,ic,OTHER,85541988,708140764,120.7980,0003228118,2026-10-09T17:35:49+0900
2015.05,ic,TW,47746294,395257322,120.7980,0003228118,2026-10-09T17:35:49+0900
2015.05,ic,US,12624733,104511109,120.7980,0003228118,2026-10-09T17:35:49+0900
2015.05,ic,VN,12126789,100388988,120.7980,0003228118,2026-10-09T17:35:49+0900
2015.05,ic,WORLD,235278638,1947703091,120.7980,0003228118,2026-10-09T17:35:49+0900
2015.05,liion,CN,2536078,20994371,120.7980,0003228118,2026-10-09T17:35:49+0900
2015.05,liion,KR,927159,7675284,120.7980,0003228118,2026-10-09T17:35:49+0900
2015.05,liion,OTHER,6192259,51261271,120.7980,0003228118,2026-10-09T17:35:49+0900
2015.05,liion,TW,354754,2936754,120.7980,0003228118,2026-10-09T17:35:49+0900
2015.05,liion,US,7508102,62154191,120.7980,0003228118,2026-10-09T17:35:49+0900
2015.05,liion,VN,291141,2410148,120.7980,0003228118,2026-10-09T17:35:49+0900
2015.05,liion,WORLD,17809493,147432019,120.7980,0003228118,2026-10-09T17:35:49+0900
2015.05,mlcc,CN,7559335,62578313,120.7980,0003228118,2026-10-09T17:35:49+0900
2015.05,mlcc,KR,2068178,17120962,120.7980,0003228118,2026-10-09T17:35:49+0900
2015.05,mlcc,OTHER,12283209,101683877,120.7980,0003228118,2026-10-09T17:35:49+0900
2015.05,mlcc,TW,1129629,9351388,120.7980,0003228118,2026-10-09T17:35:49+0900
2015.05,mlcc,US,2083769,17250029,120.7980,0003228118,2026-10-09T17:35:49+0900
2015.05,mlcc,VN,757553,6271238,120.7980,0003228118,2026-10-09T17:35:49+0900
2015.05,mlcc,WORLD,25881673,214255807,120.7980,0003228118,2026-10-09T17:35:49+0900
2015.05,pcb,CN,5160484,42719946,120.7980,0003228118,2026-10-09T17:35:49+0900
2015.05,pcb,KR,3033418,25111492,120.7980,0003228118,2026-10-09T17:35:49+0900
2015.05,pcb,OTHER,9416955,77956216,120.7980,0003228118,2026-10-09T17:35:49+0900
2015.05,pcb,TW,2190990,18137635,120.7980,0003228118,2026-10-09T17:35:49+0900
2015.05,pcb,US,1578146,13064339,120.7980,0003228118,2026-10-09T17:35:49+0900
2015.05,pcb,VN,610437,5053370,120.7980,0003228118,2026-10-09T17:35:49+0900
2015.05,pcb,WORLD,21990430,182042997,120.7980,0003228118,2026-10-09T17:35:49+0900
2015.05,photoresist,CN,2754106,22799268,120.7980,0003228118,2026-10-09T17:35:49+0900
2015.05,photoresist,KR,1859336,15392109,120.7980,0003228118,2026-10-09T17:35:49+0900
2015.05,photoresist,OTHER,7338074,60746651,120.7980,0003228118,2026-10-09T17:35:49+0900
2015.05,photoresist,TW,3268284,27055779,120.7980,0003228118,2026-10-09T17:35:49+0900
2015.05,photoresist,US,6690793,55388276,120.7980,0003228118,2026-10-09T17:35:49+0900
2015.05,photoresist,VN,208595,1726808,120.7980,0003228118,2026-10-09T17:35:49+0900
2015.05,photoresist,WORLD,22119188,183108893,120.7980,0003228118,2026-10-09T17:35:49+0900
2015.05,semi_equip,CN,33736739,279282265,120.7980,0003228118,2026-10-09T17:35:49+0900
2015.05,semi_equip,KR,17111262,141651865,120.7980,0003228118,2026-10-09T17:35:49+0900
2015.05,semi_equip,OTHER,11392356,94309144,120.7980,0003228118,2026-10-09T17:35:49+0900
2015.05,semi_equip,TW,31269522,258857945,120.7980,0003228118,2026-10-09T17:35:49+0900
2015.05,semi_equip,US,25255595,209072957,120.7980,0003228118,2026-10-09T17:35:49+0900
2015.05,semi_equip,VN,284229,2352928,120.7980,0003228118,2026-10-09T17:35:49+0900
2015.05,semi_equip,WORLD,119049703,985527103,120.7980,0003228118,2026-10-09T17:35:49+0900
2015.05,semi_fab_equip,CN,7297948,60414477,120.7980,0003228118,2026-10-09T17:35:49+0900
2015.05,semi_fab_equip,KR,8511781,70462930,120.7980,0003228118,2026-10-09T17:35:49+0900
2015.05,semi_fab_equip,OTHER,3986618,33002351,120.7980,0003228118,2026-10-09T17:35:49+0900
2015.05,semi_fab_equip,TW,17144370,141925942,120.7980,0003228118,2026-10-09T17:35:49+0900
2015.05,semi_fab_equip,US,13022954,107807695,120.7980,0003228118,2026-10-09T17:35:49+0900
2015.05,semi_fab_equip,VN,19100,158115,120.7980,0003228118,2026-10-09T17:35:49+0900
2015.05,semi_fab_equip,WORLD,49982771,413771511,120.7980,0003228118,2026-10-09T17:35:49+0900
2015.05,semi_test,CN,384556,3183463,120.7980,0003228118,2026-10-09T17:35:49+0900
2015.05,semi_test,KR,338109,2798962,120.7980,0003228118,2026-10-09T17:35:49+0900
2015.05,semi_test,OTHER,71607,592783,120.7980,0003228118,2026-10-09T17:35:49+0900
2015.05,semi_test,TW,994252,8230699,120.7980,0003228118,2026-10-09T17:35:49+0900
2015.05,semi_test,US,860006,7119373,120.7980,0003228118,2026-10-09T17:35:49+0900
2015.05,semi_test,VN,0,0,120.7980,0003228118,2026-10-09T17:35:49+0900
2015.05,semi_test,WORLD,2648530,21925280,120.7980,0003228118,2026-10-09T17:35:49+0900
2015.05,transformer,CN,6824560,56495637,120.7980,0003228118,2026-10-09T17:35:49+0900
2015.05,transformer,KR,2618976,21680624,120.7980,0003228118,2026-10-09T17:35:49+0900
2015.05,transformer,OTHER,12753523,105577269,120.7980,0003228118,2026-10-09T17:35:49+0900
2015.05,transformer,TW,1627229,13470662,120.7980,0003228118,2026-10-09T17:35:49+0900
2015.05,transformer,US,6465430,53522658,120.7980,0003228118,2026-10-09T17:35:49+0900
2015.05,transformer,VN,525111,4347017,120.7980,0003228118,2026-10-09T17:35:49+0900
2015.05,transformer,WORLD,30814829,255093867,120.7980,0003228118,2026-10-09T17:35:49+0900
2015.05,transformer_large,CN,0,0,120.7980,0003228118,2026-10-09T17:35:49+0900
2015.05,transformer_large,KR,0,0,120.7980,0003228118,2026-10-09T17:35:49+0900
2015.05,transformer_large,OTHER,48285,399717,120.7980,0003228118,2026-10-09T17:35:49+0900
2015.05,transformer_large,US,0,0,120.7980,0003228118,2026-10-09T17:35:49+0900
2015.05,transformer_large,WORLD,48285,399717,120.7980,0003228118,2026-10-09T17:35:49+0900
2015.05,wafer,CN,1922177,15912325,120.7980,0003228118,2026-10-09T17:35:49+0900
2015.05,wafer,KR,4323757,35793283,120.7980,0003228118,2026-10-09T17:35:49+0900
2015.05,wafer,OTHER,6591101,54562998,120.7980,0003228118,2026-10-09T17:35:49+0900
2015.05,wafer,TW,8438774,69858557,120.7980,0003228118,2026-10-09T17:35:49+0900
2015.05,wafer,US,5354114,44322870,120.7980,0003228118,2026-10-09T17:35:49+0900
2015.05,wafer,VN,242,2003,120.7980,0003228118,2026-10-09T17:35:49+0900
2015.05,wafer,WORLD,26630165,220452036,120.7980,0003228118,2026-10-09T17:35:49+0900
2015.06,discrete,CN,19897464,160828396,123.7186,0003228118,2026-10-09T17:35:49+0900
2015.06,discrete,KR,3496753,28263761,123.7186,0003228118,2026-10-09T17:35:49+0900
2015.06,discrete,OTHER,45135949,364827512,123.7186,0003228118,2026-10-09T17:35:49+0900
2015.06,discrete,TW,6178440,49939459,123.7186,0003228118,2026-10-09T17:35:49+0900
2015.06,discrete,US,11176377,90337079,123.7186,0003228118,2026-10-09T17:35:49+0900
2015.06,discrete,VN,1102839,8914092,123.7186,0003228118,2026-10-09T17:35:49+0900
2015.06,discrete,WORLD,86987822,703110300,123.7186,0003228118,2026-10-09T17:35:49+0900
2015.06,ic,CN,62823857,507796378,123.7186,0003228118,2026-10-09T17:35:49+0900
2015.06,ic,KR,17354029,140270170,123.7186,0003228118,2026-10-09T17:35:49+0900
2015.06,ic,OTHER,95168316,769232080,123.7186,0003228118,2026-10-09T17:35:49+0900
2015.06,ic,TW,46272451,374013697,123.7186,0003228118,2026-10-09T17:35:49+0900
2015.06,ic,US,14079627,113803640,123.7186,0003228118,2026-10-09T17:35:49+0900
2015.06,ic,VN,8162077,65972918,123.7186,0003228118,2026-10-09T17:35:49+0900
2015.06,ic,WORLD,243860357,1971088882,123.7186,0003228118,2026-10-09T17:35:49+0900
2015.06,liion,CN,3360812,27164970,123.7186,0003228118,2026-10-09T17:35:49+0900
2015.06,liion,KR,1206416,9751290,123.7186,0003228118,2026-10-09T17:35:49+0900
2015.06,liion,OTHER,7333256,59273674,123.7186,0003228118,2026-10-09T17:35:49+0900
2015.06,liion,TW,471644,3812232,123.7186,0003228118,2026-10-09T17:35:49+0900
2015.06,liion,US,7949119,64251608,123.7186,0003228118,2026-10-09T17:35:49+0900
2015.06,liion,VN,128772,1040846,123.7186,0003228118,2026-10-09T17:35:49+0900
2015.06,liion,WORLD,20450019,165294620,123.7186,0003228118,2026-10-09T17:35:49+0900
2015.06,mlcc,CN,8372463,67673438,123.7186,0003228118,2026-10-09T17:35:49+0900
2015.06,mlcc,KR,1825234,14753109,123.7186,0003228118,2026-10-09T17:35:49+0900
2015.06,mlcc,OTHER,12199732,98608714,123.7186,0003228118,2026-10-09T17:35:49+0900
2015.06,mlcc,TW,1358388,10979659,123.7186,0003228118,2026-10-09T17:35:49+0900
2015.06,mlcc,US,2237899,18088622,123.7186,0003228118,2026-10-09T17:35:49+0900
2015.06,mlcc,VN,514275,4156812,123.7186,0003228118,2026-10-09T17:35:49+0900
2015.06,mlcc,WORLD,26507991,214260354,123.7186,0003228118,2026-10-09T17:35:49+0900
2015.06,pcb,CN,5124233,41418453,123.7186,0003228118,2026-10-09T17:35:49+0900
2015.06,pcb,KR,2551837,20626139,123.7186,0003228118,2026-10-09T17:35:49+0900
2015.06,pcb,OTHER,10776676,87106353,123.7186,0003228118,2026-10-09T17:35:49+0900
2015.06,pcb,TW,2097141,16950895,123.7186,0003228118,2026-10-09T17:35:49+0900
2015.06,pcb,US,1622251,13112426,123.7186,0003228118,2026-10-09T17:35:49+0900
2015.06,pcb,VN,429790,3473932,123.7186,0003228118,2026-10-09T17:35:49+0900
2015.06,pcb,WORLD,22601928,182688197,123.7186,0003228118,2026-10-09T17:35:49+0900
2015.06,photoresist,CN,3340808,27003280,123.7186,0003228118,2026-10-09T17:35:49+0900
2015.06,photoresist,KR,1927597,15580495,123.7186,0003228118,2026-10-09T17:35:49+0900
2015.06,photoresist,OTHER,7781947,62900380,123.7186,0003228118,2026-10-09T17:35:49+0900
2015.06,photoresist,TW,3344366,27032039,123.7186,0003228118,2026-10-09T17:35:49+0900
2015.06,photoresist,US,5343799,43193174,123.7186,0003228118,2026-10-09T17:35:49+0900
2015.06,photoresist,VN,213261,1723759,123.7186,0003228118,2026-10-09T17:35:49+0900
2015.06,photoresist,WORLD,21951778,177433126,123.7186,0003228118,2026-10-09T17:35:49+0900
2015.06,semi_equip,CN,29452834,238063104,123.7186,0003228118,2026-10-09T17:35:49+0900
2015.06,semi_equip,KR,19665677,158954894,123.7186,0003228118,2026-10-09T17:35:49+0900
2015.06,semi_equip,OTHER,16574603,133970179,123.7186,0003228118,2026-10-09T17:35:49+0900
2015.06,semi_equip,TW,51147942,413421604,123.7186,0003228118,2026-10-09T17:35:49+0900
2015.06,semi_equip,US,26909490,217505614,123.7186,0003228118,2026-10-09T17:35:49+0900
2015.06,semi_equip,VN,156687,1266479,123.7186,0003228118,2026-10-09T17:35:49+0900
2015.06,semi_equip,WORLD,143907233,1163181874,123.7186,0003228118,2026-10-09T17:35:49+0900
2015.06,semi_fab_equip,CN,7898440,63841977,123.7186,0003228118,2026-10-09T17:35:49+0900
2015.06,semi_fab_equip,KR,11498435,92940229,123.7186,0003228118,2026-10-09T17:35:49+0900
2015.06,semi_fab_equip,OTHER,8674314,70113257,123.7186,0003228118,2026-10-09T17:35:49+0900
2015.06,semi_fab_equip,TW,30574670,247130747,123.7186,0003228118,2026-10-09T17:35:49+0900
2015.06,semi_fab_equip,US,11795639,95342487,123.7186,0003228118,2026-10-09T17:35:49+0900
2015.06,semi_fab_equip,VN,61260,495156,123.7186,0003228118,2026-10-09T17:35:49+0900
2015.06,semi_fab_equip,WORLD,70502758,569863852,123.7186,0003228118,2026-10-09T17:35:49+0900
2015.06,semi_test,CN,53249,430404,123.7186,0003228118,2026-10-09T17:35:49+0900
2015.06,semi_test,KR,1010797,8170130,123.7186,0003228118,2026-10-09T17:35:49+0900
2015.06,semi_test,OTHER,348049,2813231,123.7186,0003228118,2026-10-09T17:35:49+0900
2015.06,semi_test,TW,2960127,23926289,123.7186,0003228118,2026-10-09T17:35:49+0900
2015.06,semi_test,US,439217,3550129,123.7186,0003228118,2026-10-09T17:35:49+0900
2015.06,semi_test,VN,513,4147,123.7186,0003228118,2026-10-09T17:35:49+0900
2015.06,semi_test,WORLD,4811952,38894330,123.7186,0003228118,2026-10-09T17:35:49+0900
2015.06,transformer,CN,8343221,67437079,123.7186,0003228118,2026-10-09T17:35:49+0900
2015.06,transformer,KR,2452899,19826437,123.7186,0003228118,2026-10-09T17:35:49+0900
2015.06,transformer,OTHER,13338839,107815955,123.7186,0003228118,2026-10-09T17:35:49+0900
2015.06,transformer,TW,1574306,12724893,123.7186,0003228118,2026-10-09T17:35:49+0900
2015.06,transformer,US,6776661,54774795,123.7186,0003228118,2026-10-09T17:35:49+0900
2015.06,transformer,VN,469414,3794207,123.7186,0003228118,2026-10-09T17:35:49+0900
2015.06,transformer,WORLD,32955340,266373367,123.7186,0003228118,2026-10-09T17:35:49+0900
2015.06,transformer_large,CN,0,0,123.7186,0003228118,2026-10-09T17:35:49+0900
2015.06,transformer_large,KR,0,0,123.7186,0003228118,2026-10-09T17:35:49+0900
2015.06,transformer_large,OTHER,182706,1476787,123.7186,0003228118,2026-10-09T17:35:49+0900
2015.06,transformer_large,US,406708,3287363,123.7186,0003228118,2026-10-09T17:35:49+0900
2015.06,transformer_large,WORLD,589414,4764150,123.7186,0003228118,2026-10-09T17:35:49+0900
2015.06,wafer,CN,1791656,14481703,123.7186,0003228118,2026-10-09T17:35:49+0900
2015.06,wafer,KR,4259706,34430603,123.7186,0003228118,2026-10-09T17:35:49+0900
2015.06,wafer,OTHER,6775866,54768370,123.7186,0003228118,2026-10-09T17:35:49+0900
2015.06,wafer,TW,8627184,69732312,123.7186,0003228118,2026-10-09T17:35:49+0900
2015.06,wafer,US,6088089,49209165,123.7186,0003228118,2026-10-09T17:35:49+0900
2015.06,wafer,VN,0,0,123.7186,0003228118,2026-10-09T17:35:49+0900
2015.06,wafer,WORLD,27542501,222622152,123.7186,0003228118,2026-10-09T17:35:49+0900
2015.07,discrete,CN,21435283,173831210,123.3109,0003228118,2026-10-09T17:35:49+0900
2015.07,discrete,KR,3549251,28782946,123.3109,0003228118,2026-10-09T17:35:49+0900
2015.07,discrete,OTHER,47704161,386860861,123.3109,0003228118,2026-10-09T17:35:49+0900
2015.07,discrete,TW,5750290,46632455,123.3109,0003228118,2026-10-09T17:35:49+0900
2015.07,discrete,US,10798938,87574886,123.3109,0003228118,2026-10-09T17:35:49+0900
2015.07,discrete,VN,1538656,12477859,123.3109,0003228118,2026-10-09T17:35:49+0900
2015.07,discrete,WORLD,90776579,736160218,123.3109,0003228118,2026-10-09T17:35:49+0900
2015.07,ic,CN,59761637,484641966,123.3109,0003228118,2026-10-09T17:35:49+0900
2015.07,ic,KR,20359630,165108113,123.3109,0003228118,2026-10-09T17:35:49+0900
2015.07,ic,OTHER,97528257,790913512,123.3109,0003228118,2026-10-09T17:35:49+0900
2015.07,ic,TW,49181980,398845358,123.3109,0003228118,2026-10-09T17:35:49+0900
2015.07,ic,US,14782745,119881900,123.3109,0003228118,2026-10-09T17:35:49+0900
2015.07,ic,VN,7677129,62258316,123.3109,0003228118,2026-10-09T17:35:49+0900
2015.07,ic,WORLD,249291378,2021649165,123.3109,0003228118,2026-10-09T17:35:49+0900
2015.07,liion,CN,3632662,29459375,123.3109,0003228118,2026-10-09T17:35:49+0900
2015.07,liion,KR,1084338,8793529,123.3109,0003228118,2026-10-09T17:35:49+0900
2015.07,liion,OTHER,7181585,58239661,123.3109,0003228118,2026-10-09T17:35:49+0900
2015.07,liion,TW,211856,1718064,123.3109,0003228118,2026-10-09T17:35:49+0900
2015.07,liion,US,4695438,38078045,123.3109,0003228118,2026-10-09T17:35:49+0900
2015.07,liion,VN,153218,1242534,123.3109,0003228118,2026-10-09T17:35:49+0900
2015.07,liion,WORLD,16959097,137531208,123.3109,0003228118,2026-10-09T17:35:49+0900
2015.07,mlcc,CN,9315159,75542057,123.3109,0003228118,2026-10-09T17:35:49+0900
2015.07,mlcc,KR,2008294,16286427,123.3109,0003228118,2026-10-09T17:35:49+0900
2015.07,mlcc,OTHER,13388242,108573062,123.3109,0003228118,2026-10-09T17:35:49+0900
2015.07,mlcc,TW,1441083,11686582,123.3109,0003228118,2026-10-09T17:35:49+0900
2015.07,mlcc,US,2409598,19540835,123.3109,0003228118,2026-10-09T17:35:49+0900
2015.07,mlcc,VN,883609,7165701,123.3109,0003228118,2026-10-09T17:35:49+0900
2015.07,mlcc,WORLD,29445985,238794665,123.3109,0003228118,2026-10-09T17:35:49+0900
2015.07,pcb,CN,5641770,45752403,123.3109,0003228118,2026-10-09T17:35:49+0900
2015.07,pcb,KR,2830408,22953429,123.3109,0003228118,2026-10-09T17:35:49+0900
2015.07,pcb,OTHER,11145109,90382188,123.3109,0003228118,2026-10-09T17:35:49+0900
2015.07,pcb,TW,2004138,16252724,123.3109,0003228118,2026-10-09T17:35:49+0900
2015.07,pcb,US,1991968,16154030,123.3109,0003228118,2026-10-09T17:35:49+0900
2015.07,pcb,VN,509808,4134330,123.3109,0003228118,2026-10-09T17:35:49+0900
2015.07,pcb,WORLD,24123201,195629105,123.3109,0003228118,2026-10-09T17:35:49+0900
2015.07,photoresist,CN,3550893,28796262,123.3109,0003228118,2026-10-09T17:35:49+0900
2015.07,photoresist,KR,2353730,19087769,123.3109,0003228118,2026-10-09T17:35:49+0900
2015.07,photoresist,OTHER,9516936,77178384,123.3109,0003228118,2026-10-09T17:35:49+0900
2015.07,photoresist,TW,4262624,34568104,123.3109,0003228118,2026-10-09T17:35:49+0900
2015.07,photoresist,US,7336201,59493532,123.3109,0003228118,2026-10-09T17:35:49+0900
2015.07,photoresist,VN,227450,1844525,123.3109,0003228118,2026-10-09T17:35:49+0900
2015.07,photoresist,WORLD,27247834,220968576,123.3109,0003228118,2026-10-09T17:35:49+0900
2015.07,semi_equip,CN,37856144,306997548,123.3109,0003228118,2026-10-09T17:35:49+0900
2015.07,semi_equip,KR,22797710,184879925,123.3109,0003228118,2026-10-09T17:35:49+0900
2015.07,semi_equip,OTHER,12528421,101600272,123.3109,0003228118,2026-10-09T17:35:49+0900
2015.07,semi_equip,TW,48248971,391279043,123.3109,0003228118,2026-10-09T17:35:49+0900
2015.07,semi_equip,US,17384365,140979954,123.3109,0003228118,2026-10-09T17:35:49+0900
2015.07,semi_equip,VN,251524,2039755,123.3109,0003228118,2026-10-09T17:35:49+0900
2015.07,semi_equip,WORLD,139067135,1127776498,123.3109,0003228118,2026-10-09T17:35:49+0900
2015.07,semi_fab_equip,CN,13839442,112232106,123.3109,0003228118,2026-10-09T17:35:49+0900
2015.07,semi_fab_equip,KR,14858516,120496371,123.3109,0003228118,2026-10-09T17:35:49+0900
2015.07,semi_fab_equip,OTHER,5635357,45700396,123.3109,0003228118,2026-10-09T17:35:49+0900
2015.07,semi_fab_equip,TW,29312610,237713049,123.3109,0003228118,2026-10-09T17:35:49+0900
2015.07,semi_fab_equip,US,8070928,65451862,123.3109,0003228118,2026-10-09T17:35:49+0900
2015.07,semi_fab_equip,VN,137417,1114395,123.3109,0003228118,2026-10-09T17:35:49+0900
2015.07,semi_fab_equip,WORLD,71854270,582708179,123.3109,0003228118,2026-10-09T17:35:49+0900
2015.07,semi_test,CN,1007827,8173057,123.3109,0003228118,2026-10-09T17:35:49+0900
2015.07,semi_test,KR,1661295,13472410,123.3109,0003228118,2026-10-09T17:35:49+0900
2015.07,semi_test,OTHER,897453,7277970,123.3109,0003228118,2026-10-09T17:35:49+0900
2015.07,semi_test,TW,1409121,11427384,123.3109,0003228118,2026-10-09T17:35:49+0900
2015.07,semi_test,US,518529,4205054,123.3109,0003228118,2026-10-09T17:35:49+0900
2015.07,semi_test,VN,537,4355,123.3109,0003228118,2026-10-09T17:35:49+0900
2015.07,semi_test,WORLD,5494762,44560229,123.3109,0003228118,2026-10-09T17:35:49+0900
2015.07,transformer,CN,8613160,69849137,123.3109,0003228118,2026-10-09T17:35:49+0900
2015.07,transformer,KR,2898740,23507573,123.3109,0003228118,2026-10-09T17:35:49+0900
2015.07,transformer,OTHER,17569174,142478678,123.3109,0003228118,2026-10-09T17:35:49+0900
2015.07,transformer,TW,1998977,16210870,123.3109,0003228118,2026-10-09T17:35:49+0900
2015.07,transformer,US,6685950,54220268,123.3109,0003228118,2026-10-09T17:35:49+0900
2015.07,transformer,VN,663499,5380700,123.3109,0003228118,2026-10-09T17:35:49+0900
2015.07,transformer,WORLD,38429500,311647227,123.3109,0003228118,2026-10-09T17:35:49+0900
2015.07,transformer_large,CN,0,0,123.3109,0003228118,2026-10-09T17:35:49+0900
2015.07,transformer_large,KR,0,0,123.3109,0003228118,2026-10-09T17:35:49+0900
2015.07,transformer_large,OTHER,811236,6578786,123.3109,0003228118,2026-10-09T17:35:49+0900
2015.07,transformer_large,US,0,0,123.3109,0003228118,2026-10-09T17:35:49+0900
2015.07,transformer_large,WORLD,811236,6578786,123.3109,0003228118,2026-10-09T17:35:49+0900
2015.07,wafer,CN,2298721,18641669,123.3109,0003228118,2026-10-09T17:35:49+0900
2015.07,wafer,KR,4769989,38682623,123.3109,0003228118,2026-10-09T17:35:49+0900
2015.07,wafer,OTHER,6902821,55979001,123.3109,0003228118,2026-10-09T17:35:49+0900
2015.07,wafer,TW,8258062,66969441,123.3109,0003228118,2026-10-09T17:35:49+0900
2015.07,wafer,US,5929930,48089261,123.3109,0003228118,2026-10-09T17:35:49+0900
2015.07,wafer,VN,2084,16900,123.3109,0003228118,2026-10-09T17:35:49+0900
2015.07,wafer,WORLD,28161607,228378894,123.3109,0003228118,2026-10-09T17:35:49+0900
2015.08,discrete,CN,19445333,158087254,123.0038,0003228118,2026-10-09T17:35:49+0900
2015.08,discrete,KR,3912426,31807359,123.0038,0003228118,2026-10-09T17:35:49+0900
2015.08,discrete,OTHER,44002614,357733777,123.0038,0003228118,2026-10-09T17:35:49+0900
2015.08,discrete,TW,5837603,47458721,123.0038,0003228118,2026-10-09T17:35:49+0900
2015.08,discrete,US,10157991,82582741,123.0038,0003228118,2026-10-09T17:35:49+0900
2015.08,discrete,VN,1185864,9640873,123.0038,0003228118,2026-10-09T17:35:49+0900
2015.08,discrete,WORLD,84541831,687310725,123.0038,0003228118,2026-10-09T17:35:49+0900
2015.08,ic,CN,63233525,514077817,123.0038,0003228118,2026-10-09T17:35:49+0900
2015.08,ic,KR,20321698,165211953,123.0038,0003228118,2026-10-09T17:35:49+0900
2015.08,ic,OTHER,93686091,761652006,123.0038,0003228118,2026-10-09T17:35:49+0900
2015.08,ic,TW,53841111,437719087,123.0038,0003228118,2026-10-09T17:35:49+0900
2015.08,ic,US,12047269,97942251,123.0038,0003228118,2026-10-09T17:35:49+0900
2015.08,ic,VN,8437075,68591987,123.0038,0003228118,2026-10-09T17:35:49+0900
2015.08,ic,WORLD,251566769,2045195100,123.0038,0003228118,2026-10-09T17:35:49+0900
2015.08,liion,CN,3048385,24782852,123.0038,0003228118,2026-10-09T17:35:49+0900
2015.08,liion,KR,852612,6931591,123.0038,0003228118,2026-10-09T17:35:49+0900
2015.08,liion,OTHER,6970475,56668778,123.0038,0003228118,2026-10-09T17:35:49+0900
2015.08,liion,TW,414818,3372400,123.0038,0003228118,2026-10-09T17:35:49+0900
2015.08,liion,US,7146028,58095994,123.0038,0003228118,2026-10-09T17:35:49+0900
2015.08,liion,VN,252455,2052416,123.0038,0003228118,2026-10-09T17:35:49+0900
2015.08,liion,WORLD,18684773,151904031,123.0038,0003228118,2026-10-09T17:35:49+0900
2015.08,mlcc,CN,8753091,71161143,123.0038,0003228118,2026-10-09T17:35:49+0900
2015.08,mlcc,KR,2133231,17342806,123.0038,0003228118,2026-10-09T17:35:49+0900
2015.08,mlcc,OTHER,14296704,116229775,123.0038,0003228118,2026-10-09T17:35:49+0900
2015.08,mlcc,TW,1131700,9200529,123.0038,0003228118,2026-10-09T17:35:49+0900
2015.08,mlcc,US,2298407,18685658,123.0038,0003228118,2026-10-09T17:35:49+0900
2015.08,mlcc,VN,873436,7100886,123.0038,0003228118,2026-10-09T17:35:49+0900
2015.08,mlcc,WORLD,29486569,239720797,123.0038,0003228118,2026-10-09T17:35:49+0900
2015.08,pcb,CN,4953238,40268984,123.0038,0003228118,2026-10-09T17:35:49+0900
2015.08,pcb,KR,2223789,18079027,123.0038,0003228118,2026-10-09T17:35:49+0900
2015.08,pcb,OTHER,10766814,87532369,123.0038,0003228118,2026-10-09T17:35:49+0900
2015.08,pcb,TW,1692745,13761729,123.0038,0003228118,2026-10-09T17:35:49+0900
2015.08,pcb,US,1709286,13896205,123.0038,0003228118,2026-10-09T17:35:49+0900
2015.08,pcb,VN,424931,3454617,123.0038,0003228118,2026-10-09T17:35:49+0900
2015.08,pcb,WORLD,21770803,176992930,123.0038,0003228118,2026-10-09T17:35:49+0900
2015.08,photoresist,CN,2771082,22528426,123.0038,0003228118,2026-10-09T17:35:49+0900
2015.08,photoresist,KR,2065936,16795709,123.0038,0003228118,2026-10-09T17:35:49+0900
2015.08,photoresist,OTHER,7967860,64777348,123.0038,0003228118,2026-10-09T17:35:49+0900
2015.08,photoresist,TW,3738172,30390703,123.0038,0003228118,2026-10-09T17:35:49+0900
2015.08,photoresist,US,6292112,51153802,123.0038,0003228118,2026-10-09T17:35:49+0900
2015.08,photoresist,VN,225461,1832960,123.0038,0003228118,2026-10-09T17:35:49+0900
2015.08,photoresist,WORLD,23060623,187478948,123.0038,0003228118,2026-10-09T17:35:49+0900
2015.08,semi_equip,CN,33563524,272865749,123.0038,0003228118,2026-10-09T17:35:49+0900
2015.08,semi_equip,KR,17147516,139406392,123.0038,0003228118,2026-10-09T17:35:49+0900
2015.08,semi_equip,OTHER,14925069,121338276,123.0038,0003228118,2026-10-09T17:35:49+0900
2015.08,semi_equip,TW,48631217,395363533,123.0038,0003228118,2026-10-09T17:35:49+0900
2015.08,semi_equip,US,18636014,151507628,123.0038,0003228118,2026-10-09T17:35:49+0900
2015.08,semi_equip,VN,602082,4894824,123.0038,0003228118,2026-10-09T17:35:49+0900
2015.08,semi_equip,WORLD,133505422,1085376403,123.0038,0003228118,2026-10-09T17:35:49+0900
2015.08,semi_fab_equip,CN,12320106,100160369,123.0038,0003228118,2026-10-09T17:35:49+0900
2015.08,semi_fab_equip,KR,10268651,83482388,123.0038,0003228118,2026-10-09T17:35:49+0900
2015.08,semi_fab_equip,OTHER,7669528,62351960,123.0038,0003228118,2026-10-09T17:35:49+0900
2015.08,semi_fab_equip,TW,22324266,181492490,123.0038,0003228118,2026-10-09T17:35:49+0900
2015.08,semi_fab_equip,US,9751503,79278063,123.0038,0003228118,2026-10-09T17:35:49+0900
2015.08,semi_fab_equip,VN,123179,1001424,123.0038,0003228118,2026-10-09T17:35:49+0900
2015.08,semi_fab_equip,WORLD,62457233,507766695,123.0038,0003228118,2026-10-09T17:35:49+0900
2015.08,semi_test,CN,58689,477132,123.0038,0003228118,2026-10-09T17:35:49+0900
2015.08,semi_test,KR,683670,5558121,123.0038,0003228118,2026-10-09T17:35:49+0900
2015.08,semi_test,OTHER,231356,1880885,123.0038,0003228118,2026-10-09T17:35:49+0900
2015.08,semi_test,TW,608662,4948319,123.0038,0003228118,2026-10-09T17:35:49+0900
2015.08,semi_test,US,397164,3228876,123.0038,0003228118,2026-10-09T17:35:49+0900
2015.08,semi_test,VN,0,0,123.0038,0003228118,2026-10-09T17:35:49+0900
2015.08,semi_test,WORLD,1979541,16093332,123.0038,0003228118,2026-10-09T17:35:49+0900
2015.08,transformer,CN,7393986,60111850,123.0038,0003228118,2026-10-09T17:35:49+0900
2015.08,transformer,KR,2760069,22438892,123.0038,0003228118,2026-10-09T17:35:49+0900
2015.08,transformer,OTHER,15033706,122221476,123.0038,0003228118,2026-10-09T17:35:49+0900
2015.08,transformer,TW,1710091,13902749,123.0038,0003228118,2026-10-09T17:35:49+0900
2015.08,transformer,US,8181187,66511661,123.0038,0003228118,2026-10-09T17:35:49+0900
2015.08,transformer,VN,645308,5246244,123.0038,0003228118,2026-10-09T17:35:49+0900
2015.08,transformer,WORLD,35724347,290432873,123.0038,0003228118,2026-10-09T17:35:49+0900
2015.08,transformer_large,CN,0,0,123.0038,0003228118,2026-10-09T17:35:49+0900
2015.08,transformer_large,KR,0,0,123.0038,0003228118,2026-10-09T17:35:49+0900
2015.08,transformer_large,OTHER,840467,6832854,123.0038,0003228118,2026-10-09T17:35:49+0900
2015.08,transformer_large,US,1993491,16206743,123.0038,0003228118,2026-10-09T17:35:49+0900
2015.08,transformer_large,WORLD,2833958,23039597,123.0038,0003228118,2026-10-09T17:35:49+0900
2015.08,wafer,CN,2493464,20271439,123.0038,0003228118,2026-10-09T17:35:49+0900
2015.08,wafer,KR,3989904,32437242,123.0038,0003228118,2026-10-09T17:35:49+0900
2015.08,wafer,OTHER,6195987,50372322,123.0038,0003228118,2026-10-09T17:35:49+0900
2015.08,wafer,TW,7363356,59862834,123.0038,0003228118,2026-10-09T17:35:49+0900
2015.08,wafer,US,6286756,51110258,123.0038,0003228118,2026-10-09T17:35:49+0900
2015.08,wafer,VN,0,0,123.0038,0003228118,2026-10-09T17:35:49+0900
2015.08,wafer,WORLD,26329467,214054094,123.0038,0003228118,2026-10-09T17:35:49+0900
2015.09,discrete,CN,19960775,166135445,120.1476,0003228118,2026-10-09T17:35:49+0900
2015.09,discrete,KR,3816580,31765761,120.1476,0003228118,2026-10-09T17:35:49+0900
2015.09,discrete,OTHER,45524612,378905713,120.1476,0003228118,2026-10-09T17:35:49+0900
2015.09,discrete,TW,5937732,49420313,120.1476,0003228118,2026-10-09T17:35:49+0900
2015.09,discrete,US,12986973,108091822,120.1476,0003228118,2026-10-09T17:35:49+0900
2015.09,discrete,VN,1473925,12267619,120.1476,0003228118,2026-10-09T17:35:49+0900
2015.09,discrete,WORLD,89700597,746586673,120.1476,0003228118,2026-10-09T17:35:49+0900
2015.09,ic,CN,79056048,657991071,120.1476,0003228118,2026-10-09T17:35:49+0900
2015.09,ic,KR,23219884,193261322,120.1476,0003228118,2026-10-09T17:35:49+0900
2015.09,ic,OTHER,90254202,751194381,120.1476,0003228118,2026-10-09T17:35:49+0900
2015.09,ic,TW,51900070,431969261,120.1476,0003228118,2026-10-09T17:35:49+0900
2015.09,ic,US,14342219,119371665,120.1476,0003228118,2026-10-09T17:35:49+0900
2015.09,ic,VN,9552196,79503844,120.1476,0003228118,2026-10-09T17:35:49+0900
2015.09,ic,WORLD,268324619,2233291543,120.1476,0003228118,2026-10-09T17:35:49+0900
2015.09,liion,CN,3960269,32961699,120.1476,0003228118,2026-10-09T17:35:49+0900
2015.09,liion,KR,1038863,8646556,120.1476,0003228118,2026-10-09T17:35:49+0900
2015.09,liion,OTHER,6649511,55344518,120.1476,0003228118,2026-10-09T17:35:49+0900
2015.09,liion,TW,419312,3489974,120.1476,0003228118,2026-10-09T17:35:49+0900
2015.09,liion,US,12615775,105002305,120.1476,0003228118,2026-10-09T17:35:49+0900
2015.09,liion,VN,427852,3561053,120.1476,0003228118,2026-10-09T17:35:49+0900
2015.09,liion,WORLD,25111582,209006106,120.1476,0003228118,2026-10-09T17:35:49+0900
2015.09,mlcc,CN,10076648,83868908,120.1476,0003228118,2026-10-09T17:35:49+0900
2015.09,mlcc,KR,2366890,19699853,120.1476,0003228118,2026-10-09T17:35:49+0900
2015.09,mlcc,OTHER,17035552,141788533,120.1476,0003228118,2026-10-09T17:35:49+0900
2015.09,mlcc,TW,1317403,10964872,120.1476,0003228118,2026-10-09T17:35:49+0900
2015.09,mlcc,US,2244284,18679391,120.1476,0003228118,2026-10-09T17:35:49+0900
2015.09,mlcc,VN,667818,5558313,120.1476,0003228118,2026-10-09T17:35:49+0900
2015.09,mlcc,WORLD,33708595,280559870,120.1476,0003228118,2026-10-09T17:35:49+0900
2015.09,pcb,CN,4729913,39367520,120.1476,0003228118,2026-10-09T17:35:49+0900
2015.09,pcb,KR,2726528,22693154,120.1476,0003228118,2026-10-09T17:35:49+0900
2015.09,pcb,OTHER,11366761,94606642,120.1476,0003228118,2026-10-09T17:35:49+0900
2015.09,pcb,TW,1934852,16103959,120.1476,0003228118,2026-10-09T17:35:49+0900
2015.09,pcb,US,1787737,14879507,120.1476,0003228118,2026-10-09T17:35:49+0900
2015.09,pcb,VN,589224,4904168,120.1476,0003228118,2026-10-09T17:35:49+0900
2015.09,pcb,WORLD,23135015,192554949,120.1476,0003228118,2026-10-09T17:35:49+0900
2015.09,photoresist,CN,3108322,25870862,120.1476,0003228118,2026-10-09T17:35:49+0900
2015.09,photoresist,KR,2146802,17868039,120.1476,0003228118,2026-10-09T17:35:49+0900
2015.09,photoresist,OTHER,9101871,75755745,120.1476,0003228118,2026-10-09T17:35:49+0900
2015.09,photoresist,TW,2635751,21937608,120.1476,0003228118,2026-10-09T17:35:49+0900
2015.09,photoresist,US,7075211,58887660,120.1476,0003228118,2026-10-09T17:35:49+0900
2015.09,photoresist,VN,209485,1743564,120.1476,0003228118,2026-10-09T17:35:49+0900
2015.09,photoresist,WORLD,24277442,202063479,120.1476,0003228118,2026-10-09T17:35:49+0900
2015.09,semi_equip,CN,36455682,303424138,120.1476,0003228118,2026-10-09T17:35:49+0900
2015.09,semi_equip,KR,18773482,156253492,120.1476,0003228118,2026-10-09T17:35:49+0900
2015.09,semi_equip,OTHER,13826888,115082515,120.1476,0003228118,2026-10-09T17:35:49+0900
2015.09,semi_equip,TW,46248782,384933049,120.1476,0003228118,2026-10-09T17:35:49+0900
2015.09,semi_equip,US,13905944,115740506,120.1476,0003228118,2026-10-09T17:35:49+0900
2015.09,semi_equip,VN,180030,1498407,120.1476,0003228118,2026-10-09T17:35:49+0900
2015.09,semi_equip,WORLD,129390808,1076932107,120.1476,0003228118,2026-10-09T17:35:49+0900
2015.09,semi_fab_equip,CN,9848982,81974022,120.1476,0003228118,2026-10-09T17:35:49+0900
2015.09,semi_fab_equip,KR,6225007,51811330,120.1476,0003228118,2026-10-09T17:35:49+0900
2015.09,semi_fab_equip,OTHER,6519123,54259286,120.1476,0003228118,2026-10-09T17:35:49+0900
2015.09,semi_fab_equip,TW,18486943,153868600,120.1476,0003228118,2026-10-09T17:35:49+0900
2015.09,semi_fab_equip,US,4506204,37505568,120.1476,0003228118,2026-10-09T17:35:49+0900
2015.09,semi_fab_equip,VN,99273,826259,120.1476,0003228118,2026-10-09T17:35:49+0900
2015.09,semi_fab_equip,WORLD,45685532,380245065,120.1476,0003228118,2026-10-09T17:35:49+0900
2015.09,semi_test,CN,1790214,14900123,120.1476,0003228118,2026-10-09T17:35:49+0900
2015.09,semi_test,KR,1719942,14315242,120.1476,0003228118,2026-10-09T17:35:49+0900
2015.09,semi_test,OTHER,342923,2854181,120.1476,0003228118,2026-10-09T17:35:49+0900
2015.09,semi_test,TW,343725,2860856,120.1476,0003228118,2026-10-09T17:35:49+0900
2015.09,semi_test,US,84734,705249,120.1476,0003228118,2026-10-09T17:35:49+0900
2015.09,semi_test,VN,796,6625,120.1476,0003228118,2026-10-09T17:35:49+0900
2015.09,semi_test,WORLD,4282334,35642277,120.1476,0003228118,2026-10-09T17:35:49+0900
2015.09,transformer,CN,7979409,66413387,120.1476,0003228118,2026-10-09T17:35:49+0900
2015.09,transformer,KR,3376846,28105813,120.1476,0003228118,2026-10-09T17:35:49+0900
2015.09,transformer,OTHER,19384750,161341134,120.1476,0003228118,2026-10-09T17:35:49+0900
2015.09,transformer,TW,2147819,17876504,120.1476,0003228118,2026-10-09T17:35:49+0900
2015.09,transformer,US,6510723,54189372,120.1476,0003228118,2026-10-09T17:35:49+0900
2015.09,transformer,VN,608403,5063797,120.1476,0003228118,2026-10-09T17:35:49+0900
2015.09,transformer,WORLD,40007950,332990006,120.1476,0003228118,2026-10-09T17:35:49+0900
2015.09,transformer_large,CN,0,0,120.1476,0003228118,2026-10-09T17:35:49+0900
2015.09,transformer_large,KR,0,0,120.1476,0003228118,2026-10-09T17:35:49+0900
2015.09,transformer_large,OTHER,1420449,11822533,120.1476,0003228118,2026-10-09T17:35:49+0900
2015.09,transformer_large,US,241200,2007531,120.1476,0003228118,2026-10-09T17:35:49+0900
2015.09,transformer_large,WORLD,1661649,13830064,120.1476,0003228118,2026-10-09T17:35:49+0900
2015.09,wafer,CN,1894602,15768954,120.1476,0003228118,2026-10-09T17:35:49+0900
2015.09,wafer,KR,3545461,29509212,120.1476,0003228118,2026-10-09T17:35:49+0900
2015.09,wafer,OTHER,5617228,46752727,120.1476,0003228118,2026-10-09T17:35:49+0900
2015.09,wafer,TW,6245905,51985266,120.1476,0003228118,2026-10-09T17:35:49+0900
2015.09,wafer,US,5928184,49340844,120.1476,0003228118,2026-10-09T17:35:49+0900
2015.09,wafer,VN,624,5194,120.1476,0003228118,2026-10-09T17:35:49+0900
2015.09,wafer,WORLD,23232004,193362198,120.1476,0003228118,2026-10-09T17:35:49+0900
2015.10,discrete,CN,20447789,170329968,120.0481,0003228118,2026-10-09T17:35:49+0900
2015.10,discrete,KR,3383591,28185294,120.0481,0003228118,2026-10-09T17:35:49+0900
2015.10,discrete,OTHER,45784229,381382371,120.0481,0003228118,2026-10-09T17:35:49+0900
2015.10,discrete,TW,6083501,50675529,120.0481,0003228118,2026-10-09T17:35:49+0900
2015.10,discrete,US,10759392,89625675,120.0481,0003228118,2026-10-09T17:35:49+0900
2015.10,discrete,VN,1519284,12655627,120.0481,0003228118,2026-10-09T17:35:49+0900
2015.10,discrete,WORLD,87977786,732854464,120.0481,0003228118,2026-10-09T17:35:49+0900
2015.10,ic,CN,67223034,559967496,120.0481,0003228118,2026-10-09T17:35:49+0900
2015.10,ic,KR,24359989,202918572,120.0481,0003228118,2026-10-09T17:35:49+0900
2015.10,ic,OTHER,84251517,701814664,120.0481,0003228118,2026-10-09T17:35:49+0900
2015.10,ic,TW,51700845,430667749,120.0481,0003228118,2026-10-09T17:35:49+0900
2015.10,ic,US,13302209,110807326,120.0481,0003228118,2026-10-09T17:35:49+0900
2015.10,ic,VN,11467857,95527185,120.0481,0003228118,2026-10-09T17:35:49+0900
2015.10,ic,WORLD,252305451,2101702992,120.0481,0003228118,2026-10-09T17:35:49+0900
2015.10,liion,CN,4465810,37200172,120.0481,0003228118,2026-10-09T17:35:49+0900
2015.10,liion,KR,1097342,9140853,120.0481,0003228118,2026-10-09T17:35:49+0900
2015.10,liion,OTHER,8276339,68941857,120.0481,0003228118,2026-10-09T17:35:49+0900
2015.10,liion,TW,299132,2491768,120.0481,0003228118,2026-10-09T17:35:49+0900
2015.10,liion,US,7200116,59976926,120.0481,0003228118,2026-10-09T17:35:49+0900
2015.10,liion,VN,236376,1969011,120.0481,0003228118,2026-10-09T17:35:49+0900
2015.10,liion,WORLD,21575115,179720587,120.0481,0003228118,2026-10-09T17:35:49+0900
2015.10,mlcc,CN,9457834,78783704,120.0481,0003228118,2026-10-09T17:35:49+0900
2015.10,mlcc,KR,2157278,17970114,120.0481,0003228118,2026-10-09T17:35:49+0900
2015.10,mlcc,OTHER,16800042,139944256,120.0481,0003228118,2026-10-09T17:35:49+0900
2015.10,mlcc,TW,1325633,11042515,120.0481,0003228118,2026-10-09T17:35:49+0900
2015.10,mlcc,US,2282243,19011071,120.0481,0003228118,2026-10-09T17:35:49+0900
2015.10,mlcc,VN,715721,5961952,120.0481,0003228118,2026-10-09T17:35:49+0900
2015.10,mlcc,WORLD,32738751,272713612,120.0481,0003228118,2026-10-09T17:35:49+0900
2015.10,pcb,CN,5086908,42373915,120.0481,0003228118,2026-10-09T17:35:49+0900
2015.10,pcb,KR,3208097,26723430,120.0481,0003228118,2026-10-09T17:35:49+0900
2015.10,pcb,OTHER,11688752,97367239,120.0481,0003228118,2026-10-09T17:35:49+0900
2015.10,pcb,TW,2380567,19830110,120.0481,0003228118,2026-10-09T17:35:49+0900
2015.10,pcb,US,2069298,17237241,120.0481,0003228118,2026-10-09T17:35:49+0900
2015.10,pcb,VN,741762,6178873,120.0481,0003228118,2026-10-09T17:35:49+0900
2015.10,pcb,WORLD,25175384,209710808,120.0481,0003228118,2026-10-09T17:35:49+0900
2015.10,photoresist,CN,3583631,29851626,120.0481,0003228118,2026-10-09T17:35:49+0900
2015.10,photoresist,KR,2422741,20181419,120.0481,0003228118,2026-10-09T17:35:49+0900
2015.10,photoresist,OTHER,7872926,65581429,120.0481,0003228118,2026-10-09T17:35:49+0900
2015.10,photoresist,TW,3794325,31606706,120.0481,0003228118,2026-10-09T17:35:49+0900
2015.10,photoresist,US,6949396,57888430,120.0481,0003228118,2026-10-09T17:35:49+0900
2015.10,photoresist,VN,324762,2705266,120.0481,0003228118,2026-10-09T17:35:49+0900
2015.10,photoresist,WORLD,24947781,207814876,120.0481,0003228118,2026-10-09T17:35:49+0900
2015.10,semi_equip,CN,29403380,244929991,120.0481,0003228118,2026-10-09T17:35:49+0900
2015.10,semi_equip,KR,18814338,156723330,120.0481,0003228118,2026-10-09T17:35:49+0900
2015.10,semi_equip,OTHER,19001927,158285945,120.0481,0003228118,2026-10-09T17:35:49+0900
2015.10,semi_equip,TW,37566751,312930825,120.0481,0003228118,2026-10-09T17:35:49+0900
2015.10,semi_equip,US,14549683,121198778,120.0481,0003228118,2026-10-09T17:35:49+0900
2015.10,semi_equip,VN,117551,979199,120.0481,0003228118,2026-10-09T17:35:49+0900
2015.10,semi_equip,WORLD,119453630,995048068,120.0481,0003228118,2026-10-09T17:35:49+0900
2015.10,semi_fab_equip,CN,7965590,66353320,120.0481,0003228118,2026-10-09T17:35:49+0900
2015.10,semi_fab_equip,KR,11855264,98754283,120.0481,0003228118,2026-10-09T17:35:49+0900
2015.10,semi_fab_equip,OTHER,5509438,45893588,120.0481,0003228118,2026-10-09T17:35:49+0900
2015.10,semi_fab_equip,TW,24252135,202020149,120.0481,0003228118,2026-10-09T17:35:49+0900
2015.10,semi_fab_equip,US,5134146,42767407,120.0481,0003228118,2026-10-09T17:35:49+0900
2015.10,semi_fab_equip,VN,32051,266985,120.0481,0003228118,2026-10-09T17:35:49+0900
2015.10,semi_fab_equip,WORLD,54748624,456055731,120.0481,0003228118,2026-10-09T17:35:49+0900
2015.10,semi_test,CN,525126,4374297,120.0481,0003228118,2026-10-09T17:35:49+0900
2015.10,semi_test,KR,1042938,8687668,120.0481,0003228118,2026-10-09T17:35:49+0900
2015.10,semi_test,OTHER,298615,2487461,120.0481,0003228118,2026-10-09T17:35:49+0900
2015.10,semi_test,TW,946157,7881483,120.0481,0003228118,2026-10-09T17:35:49+0900
2015.10,semi_test,US,468491,3902527,120.0481,0003228118,2026-10-09T17:35:49+0900
2015.10,semi_test,VN,6273,52254,120.0481,0003228118,2026-10-09T17:35:49+0900
2015.10,semi_test,WORLD,3287600,27385690,120.0481,0003228118,2026-10-09T17:35:49+0900
2015.10,transformer,CN,9128361,76039196,120.0481,0003228118,2026-10-09T17:35:49+0900
2015.10,transformer,KR,2963141,24682948,120.0481,0003228118,2026-10-09T17:35:49+0900
2015.10,transformer,OTHER,17423351,145136416,120.0481,0003228118,2026-10-09T17:35:49+0900
2015.10,transformer,TW,2297867,19141219,120.0481,0003228118,2026-10-09T17:35:49+0900
2015.10,transformer,US,8341075,69481108,120.0481,0003228118,2026-10-09T17:35:49+0900
2015.10,transformer,VN,430328,3584630,120.0481,0003228118,2026-10-09T17:35:49+0900
2015.10,transformer,WORLD,40584123,338065517,120.0481,0003228118,2026-10-09T17:35:49+0900
2015.10,transformer_large,CN,0,0,120.0481,0003228118,2026-10-09T17:35:49+0900
2015.10,transformer_large,KR,0,0,120.0481,0003228118,2026-10-09T17:35:49+0900
2015.10,transformer_large,OTHER,180000,1499399,120.0481,0003228118,2026-10-09T17:35:49+0900
2015.10,transformer_large,US,481640,4012058,120.0481,0003228118,2026-10-09T17:35:49+0900
2015.10,transformer_large,WORLD,661640,5511457,120.0481,0003228118,2026-10-09T17:35:49+0900
2015.10,wafer,CN,2878759,23980046,120.0481,0003228118,2026-10-09T17:35:49+0900
2015.10,wafer,KR,4360467,36322666,120.0481,0003228118,2026-10-09T17:35:49+0900
2015.10,wafer,OTHER,6517177,54288048,120.0481,0003228118,2026-10-09T17:35:49+0900
2015.10,wafer,TW,6865124,57186444,120.0481,0003228118,2026-10-09T17:35:49+0900
2015.10,wafer,US,6191382,51574177,120.0481,0003228118,2026-10-09T17:35:49+0900
2015.10,wafer,VN,0,0,120.0481,0003228118,2026-10-09T17:35:49+0900
2015.10,wafer,WORLD,26812909,223351382,120.0481,0003228118,2026-10-09T17:35:49+0900
2015.11,discrete,CN,18183909,148266753,122.6432,0003228118,2026-10-09T17:35:49+0900
2015.11,discrete,KR,3259014,26573132,122.6432,0003228118,2026-10-09T17:35:49+0900
2015.11,discrete,OTHER,40004170,326183351,122.6432,0003228118,2026-10-09T17:35:49+0900
2015.11,discrete,TW,6158930,50218275,122.6432,0003228118,2026-10-09T17:35:49+0900
2015.11,discrete,US,8779675,71587132,122.6432,0003228118,2026-10-09T17:35:49+0900
2015.11,discrete,VN,1340477,10929893,122.6432,0003228118,2026-10-09T17:35:49+0900
2015.11,discrete,WORLD,77726175,633758537,122.6432,0003228118,2026-10-09T17:35:49+0900
2015.11,ic,CN,63186401,515205091,122.6432,0003228118,2026-10-09T17:35:49+0900
2015.11,ic,KR,15945043,130011635,122.6432,0003228118,2026-10-09T17:35:49+0900
2015.11,ic,OTHER,68943409,562146201,122.6432,0003228118,2026-10-09T17:35:49+0900
2015.11,ic,TW,44777262,365101873,122.6432,0003228118,2026-10-09T17:35:49+0900
2015.11,ic,US,12043800,98201939,122.6432,0003228118,2026-10-09T17:35:49+0900
2015.11,ic,VN,9757367,79558973,122.6432,0003228118,2026-10-09T17:35:49+0900
2015.11,ic,WORLD,214653282,1750225712,122.6432,0003228118,2026-10-09T17:35:49+0900
2015.11,liion,CN,4058967,33095736,122.6432,0003228118,2026-10-09T17:35:49+0900
2015.11,liion,KR,754280,6150198,122.6432,0003228118,2026-10-09T17:35:49+0900
2015.11,liion,OTHER,5627859,45888064,122.6432,0003228118,2026-10-09T17:35:49+0900
2015.11,liion,TW,327227,2668122,122.6432,0003228118,2026-10-09T17:35:49+0900
2015.11,liion,US,7319498,59681238,122.6432,0003228118,2026-10-09T17:35:49+0900
2015.11,liion,VN,110067,897457,122.6432,0003228118,2026-10-09T17:35:49+0900
2015.11,liion,WORLD,18197898,148380815,122.6432,0003228118,2026-10-09T17:35:49+0900
2015.11,mlcc,CN,8596473,70093352,122.6432,0003228118,2026-10-09T17:35:49+0900
2015.11,mlcc,KR,1690847,13786716,122.6432,0003228118,2026-10-09T17:35:49+0900
2015.11,mlcc,OTHER,12942102,105526454,122.6432,0003228118,2026-10-09T17:35:49+0900
2015.11,mlcc,TW,1063474,8671284,122.6432,0003228118,2026-10-09T17:35:49+0900
2015.11,mlcc,US,2178072,17759419,122.6432,0003228118,2026-10-09T17:35:49+0900
2015.11,mlcc,VN,441943,3603486,122.6432,0003228118,2026-10-09T17:35:49+0900
2015.11,mlcc,WORLD,26912911,219440711,122.6432,0003228118,2026-10-09T17:35:49+0900
2015.11,pcb,CN,4119257,33587325,122.6432,0003228118,2026-10-09T17:35:49+0900
2015.11,pcb,KR,2231794,18197454,122.6432,0003228118,2026-10-09T17:35:49+0900
2015.11,pcb,OTHER,10516972,85752590,122.6432,0003228118,2026-10-09T17:35:49+0900
2015.11,pcb,TW,2039677,16630983,122.6432,0003228118,2026-10-09T17:35:49+0900
2015.11,pcb,US,1842891,15026443,122.6432,0003228118,2026-10-09T17:35:49+0900
2015.11,pcb,VN,598783,4882317,122.6432,0003228118,2026-10-09T17:35:49+0900
2015.11,pcb,WORLD,21349374,174077111,122.6432,0003228118,2026-10-09T17:35:49+0900
2015.11,photoresist,CN,2894133,23597990,122.6432,0003228118,2026-10-09T17:35:49+0900
2015.11,photoresist,KR,1938684,15807513,122.6432,0003228118,2026-10-09T17:35:49+0900
2015.11,photoresist,OTHER,6932206,56523362,122.6432,0003228118,2026-10-09T17:35:49+0900
2015.11,photoresist,TW,3666694,29897247,122.6432,0003228118,2026-10-09T17:35:49+0900
2015.11,photoresist,US,5482805,44705332,122.6432,0003228118,2026-10-09T17:35:49+0900
2015.11,photoresist,VN,231122,1884507,122.6432,0003228118,2026-10-09T17:35:49+0900
2015.11,photoresist,WORLD,21145644,172415951,122.6432,0003228118,2026-10-09T17:35:49+0900
2015.11,semi_equip,CN,35136178,286491041,122.6432,0003228118,2026-10-09T17:35:49+0900
2015.11,semi_equip,KR,16537978,134846270,122.6432,0003228118,2026-10-09T17:35:49+0900
2015.11,semi_equip,OTHER,12383236,100969609,122.6432,0003228118,2026-10-09T17:35:49+0900
2015.11,semi_equip,TW,43318693,353209089,122.6432,0003228118,2026-10-09T17:35:49+0900
2015.11,semi_equip,US,14764141,120382875,122.6432,0003228118,2026-10-09T17:35:49+0900
2015.11,semi_equip,VN,80633,657460,122.6432,0003228118,2026-10-09T17:35:49+0900
2015.11,semi_equip,WORLD,122220859,996556344,122.6432,0003228118,2026-10-09T17:35:49+0900
2015.11,semi_fab_equip,CN,5702988,46500646,122.6432,0003228118,2026-10-09T17:35:49+0900
2015.11,semi_fab_equip,KR,6167065,50284606,122.6432,0003228118,2026-10-09T17:35:49+0900
2015.11,semi_fab_equip,OTHER,3370801,27484614,122.6432,0003228118,2026-10-09T17:35:49+0900
2015.11,semi_fab_equip,TW,30645847,249878077,122.6432,0003228118,2026-10-09T17:35:49+0900
2015.11,semi_fab_equip,US,8062420,65738826,122.6432,0003228118,2026-10-09T17:35:49+0900
2015.11,semi_fab_equip,VN,0,0,122.6432,0003228118,2026-10-09T17:35:49+0900
2015.11,semi_fab_equip,WORLD,53949121,439886769,122.6432,0003228118,2026-10-09T17:35:49+0900
2015.11,semi_test,CN,383950,3130626,122.6432,0003228118,2026-10-09T17:35:49+0900
2015.11,semi_test,KR,655347,5343525,122.6432,0003228118,2026-10-09T17:35:49+0900
2015.11,semi_test,OTHER,92326,752802,122.6432,0003228118,2026-10-09T17:35:49+0900
2015.11,semi_test,TW,1012636,8256764,122.6432,0003228118,2026-10-09T17:35:49+0900
2015.11,semi_test,US,1326258,10813955,122.6432,0003228118,2026-10-09T17:35:49+0900
2015.11,semi_test,VN,783,6384,122.6432,0003228118,2026-10-09T17:35:49+0900
2015.11,semi_test,WORLD,3471300,28304056,122.6432,0003228118,2026-10-09T17:35:49+0900
2015.11,transformer,CN,9876147,80527473,122.6432,0003228118,2026-10-09T17:35:49+0900
2015.11,transformer,KR,2297409,18732461,122.6432,0003228118,2026-10-09T17:35:49+0900
2015.11,transformer,OTHER,16144941,131641550,122.6432,0003228118,2026-10-09T17:35:49+0900
2015.11,transformer,TW,1549053,12630566,122.6432,0003228118,2026-10-09T17:35:49+0900
2015.11,transformer,US,7016187,57208121,122.6432,0003228118,2026-10-09T17:35:49+0900
2015.11,transformer,VN,401174,3271066,122.6432,0003228118,2026-10-09T17:35:49+0900
2015.11,transformer,WORLD,37284911,304011237,122.6432,0003228118,2026-10-09T17:35:49+0900
2015.11,transformer_large,CN,367175,2993847,122.6432,0003228118,2026-10-09T17:35:49+0900
2015.11,transformer_large,KR,0,0,122.6432,0003228118,2026-10-09T17:35:49+0900
2015.11,transformer_large,OTHER,1689608,13776614,122.6432,0003228118,2026-10-09T17:35:49+0900
2015.11,transformer_large,US,0,0,122.6432,0003228118,2026-10-09T17:35:49+0900
2015.11,transformer_large,WORLD,2056783,16770461,122.6432,0003228118,2026-10-09T17:35:49+0900
2015.11,wafer,CN,1934861,15776341,122.6432,0003228118,2026-10-09T17:35:49+0900
2015.11,wafer,KR,3795984,30951443,122.6432,0003228118,2026-10-09T17:35:49+0900
2015.11,wafer,OTHER,5505748,44892403,122.6432,0003228118,2026-10-09T17:35:49+0900
2015.11,wafer,TW,6668383,54372220,122.6432,0003228118,2026-10-09T17:35:49+0900
2015.11,wafer,US,5780118,47129543,122.6432,0003228118,2026-10-09T17:35:49+0900
2015.11,wafer,VN,0,0,122.6432,0003228118,2026-10-09T17:35:49+0900
2015.11,wafer,WORLD,23685094,193121951,122.6432,0003228118,2026-10-09T17:35:49+0900
2015.12,discrete,CN,20868854,171569482,121.6350,0003228118,2026-10-09T17:35:49+0900
2015.12,discrete,KR,3493592,28721930,121.6350,0003228118,2026-10-09T17:35:49+0900
2015.12,discrete,OTHER,45231923,371866017,121.6350,0003228118,2026-10-09T17:35:49+0900
2015.12,discrete,TW,6729836,55328121,121.6350,0003228118,2026-10-09T17:35:49+0900
2015.12,discrete,US,10287902,84580113,121.6350,0003228118,2026-10-09T17:35:49+0900
2015.12,discrete,VN,1385578,11391277,121.6350,0003228118,2026-10-09T17:35:49+0900
2015.12,discrete,WORLD,87997685,723456941,121.6350,0003228118,2026-10-09T17:35:49+0900
2015.12,ic,CN,59458794,488829646,121.6350,0003228118,2026-10-09T17:35:49+0900
2015.12,ic,KR,13699515,112628068,121.6350,0003228118,2026-10-09T17:35:49+0900
2015.12,ic,OTHER,68454852,562789099,121.6350,0003228118,2026-10-09T17:35:49+0900
2015.12,ic,TW,50549851,415586394,121.6350,0003228118,2026-10-09T17:35:49+0900
2015.12,ic,US,13274518,109134032,121.6350,0003228118,2026-10-09T17:35:49+0900
2015.12,ic,VN,7519977,61824121,121.6350,0003228118,2026-10-09T17:35:49+0900
2015.12,ic,WORLD,212957507,1750791359,121.6350,0003228118,2026-10-09T17:35:49+0900
2015.12,liion,CN,4220193,34695548,121.6350,0003228118,2026-10-09T17:35:49+0900
2015.12,liion,KR,800422,6580524,121.6350,0003228118,2026-10-09T17:35:49+0900
2015.12,liion,OTHER,8951442,73592650,121.6350,0003228118,2026-10-09T17:35:49+0900
2015.12,liion,TW,282535,2322810,121.6350,0003228118,2026-10-09T17:35:49+0900
2015.12,liion,US,12475724,102566893,121.6350,0003228118,2026-10-09T17:35:49+0900
2015.12,liion,VN,149328,1227673,121.6350,0003228118,2026-10-09T17:35:49+0900
2015.12,liion,WORLD,26879644,220986098,121.6350,0003228118,2026-10-09T17:35:49+0900
2015.12,mlcc,CN,7795801,64091758,121.6350,0003228118,2026-10-09T17:35:49+0900
2015.12,mlcc,KR,1826136,15013245,121.6350,0003228118,2026-10-09T17:35:49+0900
2015.12,mlcc,OTHER,12717139,104551642,121.6350,0003228118,2026-10-09T17:35:49+0900
2015.12,mlcc,TW,1191221,9793407,121.6350,0003228118,2026-10-09T17:35:49+0900
2015.12,mlcc,US,2304927,18949538,121.6350,0003228118,2026-10-09T17:35:49+0900
2015.12,mlcc,VN,432501,3555728,121.6350,0003228118,2026-10-09T17:35:49+0900
2015.12,mlcc,WORLD,26267725,215955317,121.6350,0003228118,2026-10-09T17:35:49+0900
2015.12,pcb,CN,4690001,38557989,121.6350,0003228118,2026-10-09T17:35:49+0900
2015.12,pcb,KR,2295749,18874082,121.6350,0003228118,2026-10-09T17:35:49+0900
2015.12,pcb,OTHER,9177112,75447955,121.6350,0003228118,2026-10-09T17:35:49+0900
2015.12,pcb,TW,2429895,19976939,121.6350,0003228118,2026-10-09T17:35:49+0900
2015.12,pcb,US,1940723,15955301,121.6350,0003228118,2026-10-09T17:35:49+0900
2015.12,pcb,VN,499836,4109311,121.6350,0003228118,2026-10-09T17:35:49+0900
2015.12,pcb,WORLD,21033316,172921577,121.6350,0003228118,2026-10-09T17:35:49+0900
2015.12,photoresist,CN,3840038,31570173,121.6350,0003228118,2026-10-09T17:35:49+0900
2015.12,photoresist,KR,2368105,19468944,121.6350,0003228118,2026-10-09T17:35:49+0900
2015.12,photoresist,OTHER,9115884,74944580,121.6350,0003228118,2026-10-09T17:35:49+0900
2015.12,photoresist,TW,3999290,32879434,121.6350,0003228118,2026-10-09T17:35:49+0900
2015.12,photoresist,US,7769439,63875028,121.6350,0003228118,2026-10-09T17:35:49+0900
2015.12,photoresist,VN,284958,2342730,121.6350,0003228118,2026-10-09T17:35:49+0900
2015.12,photoresist,WORLD,27377714,225080890,121.6350,0003228118,2026-10-09T17:35:49+0900
2015.12,semi_equip,CN,48076985,395256176,121.6350,0003228118,2026-10-09T17:35:49+0900
2015.12,semi_equip,KR,27662028,227418325,121.6350,0003228118,2026-10-09T17:35:49+0900
2015.12,semi_equip,OTHER,12915992,106186476,121.6350,0003228118,2026-10-09T17:35:49+0900
2015.12,semi_equip,TW,30843658,253575517,121.6350,0003228118,2026-10-09T17:35:49+0900
2015.12,semi_equip,US,26659615,219177169,121.6350,0003228118,2026-10-09T17:35:49+0900
2015.12,semi_equip,VN,156687,1288174,121.6350,0003228118,2026-10-09T17:35:49+0900
2015.12,semi_equip,WORLD,146314965,1202901837,121.6350,0003228118,2026-10-09T17:35:49+0900
2015.12,semi_fab_equip,CN,8700539,71529897,121.6350,0003228118,2026-10-09T17:35:49+0900
2015.12,semi_fab_equip,KR,16156011,132823702,121.6350,0003228118,2026-10-09T17:35:49+0900
2015.12,semi_fab_equip,OTHER,3390198,27871895,121.6350,0003228118,2026-10-09T17:35:49+0900
2015.12,semi_fab_equip,TW,16605893,136522325,121.6350,0003228118,2026-10-09T17:35:49+0900
2015.12,semi_fab_equip,US,16129432,132605188,121.6350,0003228118,2026-10-09T17:35:49+0900
2015.12,semi_fab_equip,VN,81705,671723,121.6350,0003228118,2026-10-09T17:35:49+0900
2015.12,semi_fab_equip,WORLD,61063778,502024730,121.6350,0003228118,2026-10-09T17:35:49+0900
2015.12,semi_test,CN,269431,2215078,121.6350,0003228118,2026-10-09T17:35:49+0900
2015.12,semi_test,KR,1116028,9175221,121.6350,0003228118,2026-10-09T17:35:49+0900
2015.12,semi_test,OTHER,654486,5380737,121.6350,0003228118,2026-10-09T17:35:49+0900
2015.12,semi_test,TW,870500,7156657,121.6350,0003228118,2026-10-09T17:35:49+0900
2015.12,semi_test,US,162910,1339335,121.6350,0003228118,2026-10-09T17:35:49+0900
2015.12,semi_test,VN,17319,142385,121.6350,0003228118,2026-10-09T17:35:49+0900
2015.12,semi_test,WORLD,3090674,25409413,121.6350,0003228118,2026-10-09T17:35:49+0900
2015.12,transformer,CN,6309809,51874946,121.6350,0003228118,2026-10-09T17:35:49+0900
2015.12,transformer,KR,2658019,21852419,121.6350,0003228118,2026-10-09T17:35:49+0900
2015.12,transformer,OTHER,15657130,128722243,121.6350,0003228118,2026-10-09T17:35:49+0900
2015.12,transformer,TW,1627771,13382423,121.6350,0003228118,2026-10-09T17:35:49+0900
2015.12,transformer,US,8206246,67466157,121.6350,0003228118,2026-10-09T17:35:49+0900
2015.12,transformer,VN,552689,4543832,121.6350,0003228118,2026-10-09T17:35:49+0900
2015.12,transformer,WORLD,35011664,287842019,121.6350,0003228118,2026-10-09T17:35:49+0900
2015.12,transformer_large,CN,0,0,121.6350,0003228118,2026-10-09T17:35:49+0900
2015.12,transformer_large,KR,0,0,121.6350,0003228118,2026-10-09T17:35:49+0900
2015.12,transformer_large,OTHER,609839,5013680,121.6350,0003228118,2026-10-09T17:35:49+0900
2015.12,transformer_large,US,691381,5684063,121.6350,0003228118,2026-10-09T17:35:49+0900
2015.12,transformer_large,WORLD,1301220,10697743,121.6350,0003228118,2026-10-09T17:35:49+0900
2015.12,wafer,CN,2536797,20855815,121.6350,0003228118,2026-10-09T17:35:49+0900
2015.12,wafer,KR,4202930,34553624,121.6350,0003228118,2026-10-09T17:35:49+0900
2015.12,wafer,OTHER,6396049,52583952,121.6350,0003228118,2026-10-09T17:35:49+0900
2015.12,wafer,TW,7171977,58963103,121.6350,0003228118,2026-10-09T17:35:49+0900
2015.12,wafer,US,5788304,47587487,121.6350,0003228118,2026-10-09T17:35:49+0900
2015.12,wafer,VN,340,2795,121.6350,0003228118,2026-10-09T17:35:49+0900
2015.12,wafer,WORLD,26096397,214546775,121.6350,0003228118,2026-10-09T17:35:49+0900
2016.01,discrete,CN,17548181,148429370,118.2258,0003313965,2026-10-09T17:35:49+0900
2016.01,discrete,KR,3442376,29116961,118.2258,0003313965,2026-10-09T17:35:49+0900
2016.01,discrete,OTHER,37203749,314683842,118.2258,0003313965,2026-10-09T17:35:49+0900
2016.01,discrete,TW,5702332,48232552,118.2258,0003313965,2026-10-09T17:35:49+0900
2016.01,discrete,US,9573910,80979871,118.2258,0003313965,2026-10-09T17:35:49+0900
2016.01,discrete,VN,1538297,13011517,118.2258,0003313965,2026-10-09T17:35:49+0900
2016.01,discrete,WORLD,75008845,634454112,118.2258,0003313965,2026-10-09T17:35:49+0900
2016.01,ic,CN,54381016,459975877,118.2258,0003313965,2026-10-09T17:35:49+0900
2016.01,ic,KR,13828608,116967768,118.2258,0003313965,2026-10-09T17:35:49+0900
2016.01,ic,OTHER,65702614,555738375,118.2258,0003313965,2026-10-09T17:35:49+0900
2016.01,ic,TW,51794173,438095348,118.2258,0003313965,2026-10-09T17:35:49+0900
2016.01,ic,US,12366409,104599918,118.2258,0003313965,2026-10-09T17:35:49+0900
2016.01,ic,VN,7665608,64838707,118.2258,0003313965,2026-10-09T17:35:49+0900
2016.01,ic,WORLD,205738428,1740215993,118.2258,0003313965,2026-10-09T17:35:49+0900
2016.01,liion,CN,3697404,31274087,118.2258,0003313965,2026-10-09T17:35:49+0900
2016.01,liion,KR,732015,6191669,118.2258,0003313965,2026-10-09T17:35:49+0900
2016.01,liion,OTHER,7115591,60186448,118.2258,0003313965,2026-10-09T17:35:49+0900
2016.01,liion,TW,218329,1846712,118.2258,0003313965,2026-10-09T17:35:49+0900
2016.01,liion,US,7722748,65322019,118.2258,0003313965,2026-10-09T17:35:49+0900
2016.01,liion,VN,300883,2544986,118.2258,0003313965,2026-10-09T17:35:49+0900
2016.01,liion,WORLD,19786970,167365922,118.2258,0003313965,2026-10-09T17:35:49+0900
2016.01,mlcc,CN,6846995,57914558,118.2258,0003313965,2026-10-09T17:35:49+0900
2016.01,mlcc,KR,1949448,16489193,118.2258,0003313965,2026-10-09T17:35:49+0900
2016.01,mlcc,OTHER,12031350,101765858,118.2258,0003313965,2026-10-09T17:35:49+0900
2016.01,mlcc,TW,948874,8025947,118.2258,0003313965,2026-10-09T17:35:49+0900
2016.01,mlcc,US,1986185,16799929,118.2258,0003313965,2026-10-09T17:35:49+0900
2016.01,mlcc,VN,694502,5874369,118.2258,0003313965,2026-10-09T17:35:49+0900
2016.01,mlcc,WORLD,24457354,206869854,118.2258,0003313965,2026-10-09T17:35:49+0900
2016.01,pcb,CN,4030823,34094276,118.2258,0003313965,2026-10-09T17:35:49+0900
2016.01,pcb,KR,1650996,13964769,118.2258,0003313965,2026-10-09T17:35:49+0900
2016.01,pcb,OTHER,7331184,62010018,118.2258,0003313965,2026-10-09T17:35:49+0900
2016.01,pcb,TW,2235267,18906761,118.2258,0003313965,2026-10-09T17:35:49+0900
2016.01,pcb,US,1772373,14991423,118.2258,0003313965,2026-10-09T17:35:49+0900
2016.01,pcb,VN,316499,2677072,118.2258,0003313965,2026-10-09T17:35:49+0900
2016.01,pcb,WORLD,17337142,146644320,118.2258,0003313965,2026-10-09T17:35:49+0900
2016.01,photoresist,CN,3119144,26382938,118.2258,0003313965,2026-10-09T17:35:49+0900
2016.01,photoresist,KR,1868976,15808529,118.2258,0003313965,2026-10-09T17:35:49+0900
2016.01,photoresist,OTHER,7826582,66200288,118.2258,0003313965,2026-10-09T17:35:49+0900
2016.01,photoresist,TW,3722817,31489040,118.2258,0003313965,2026-10-09T17:35:49+0900
2016.01,photoresist,US,6152408,52039470,118.2258,0003313965,2026-10-09T17:35:49+0900
2016.01,photoresist,VN,189494,1602814,118.2258,0003313965,2026-10-09T17:35:49+0900
2016.01,photoresist,WORLD,22879421,193523080,118.2258,0003313965,2026-10-09T17:35:49+0900
2016.01,semi_equip,CN,27173398,229843215,118.2258,0003313965,2026-10-09T17:35:49+0900
2016.01,semi_equip,KR,19481193,164779541,118.2258,0003313965,2026-10-09T17:35:49+0900
2016.01,semi_equip,OTHER,8479652,71724209,118.2258,0003313965,2026-10-09T17:35:49+0900
2016.01,semi_equip,TW,35914711,303780655,118.2258,0003313965,2026-10-09T17:35:49+0900
2016.01,semi_equip,US,23400510,197930655,118.2258,0003313965,2026-10-09T17:35:49+0900
2016.01,semi_equip,VN,57918,489893,118.2258,0003313965,2026-10-09T17:35:49+0900
2016.01,semi_equip,WORLD,114507382,968548168,118.2258,0003313965,2026-10-09T17:35:49+0900
2016.01,semi_fab_equip,CN,5375485,45467952,118.2258,0003313965,2026-10-09T17:35:49+0900
2016.01,semi_fab_equip,KR,10948792,92609160,118.2258,0003313965,2026-10-09T17:35:49+0900
2016.01,semi_fab_equip,OTHER,2834186,23972652,118.2258,0003313965,2026-10-09T17:35:49+0900
2016.01,semi_fab_equip,TW,24026188,203222884,118.2258,0003313965,2026-10-09T17:35:49+0900
2016.01,semi_fab_equip,US,7525047,63649787,118.2258,0003313965,2026-10-09T17:35:49+0900
2016.01,semi_fab_equip,VN,0,0,118.2258,0003313965,2026-10-09T17:35:49+0900
2016.01,semi_fab_equip,WORLD,50709698,428922435,118.2258,0003313965,2026-10-09T17:35:49+0900
2016.01,semi_test,CN,1158104,9795696,118.2258,0003313965,2026-10-09T17:35:49+0900
2016.01,semi_test,KR,352638,2982750,118.2258,0003313965,2026-10-09T17:35:49+0900
2016.01,semi_test,OTHER,314742,2662211,118.2258,0003313965,2026-10-09T17:35:49+0900
2016.01,semi_test,TW,2014934,17043099,118.2258,0003313965,2026-10-09T17:35:49+0900
2016.01,semi_test,US,197841,1673416,118.2258,0003313965,2026-10-09T17:35:49+0900
2016.01,semi_test,VN,0,0,118.2258,0003313965,2026-10-09T17:35:49+0900
2016.01,semi_test,WORLD,4038259,34157172,118.2258,0003313965,2026-10-09T17:35:49+0900
2016.01,transformer,CN,4948364,41855196,118.2258,0003313965,2026-10-09T17:35:49+0900
2016.01,transformer,KR,2049013,17331352,118.2258,0003313965,2026-10-09T17:35:49+0900
2016.01,transformer,OTHER,12749645,107841478,118.2258,0003313965,2026-10-09T17:35:49+0900
2016.01,transformer,TW,1332379,11269782,118.2258,0003313965,2026-10-09T17:35:49+0900
2016.01,transformer,US,6215216,52570725,118.2258,0003313965,2026-10-09T17:35:49+0900
2016.01,transformer,VN,399327,3377664,118.2258,0003313965,2026-10-09T17:35:49+0900
2016.01,transformer,WORLD,27693944,234246197,118.2258,0003313965,2026-10-09T17:35:49+0900
2016.01,transformer_large,OTHER,194479,1644979,118.2258,0003313965,2026-10-09T17:35:49+0900
2016.01,transformer_large,US,0,0,118.2258,0003313965,2026-10-09T17:35:49+0900
2016.01,transformer_large,WORLD,194479,1644979,118.2258,0003313965,2026-10-09T17:35:49+0900
2016.01,wafer,CN,2351365,19888764,118.2258,0003313965,2026-10-09T17:35:49+0900
2016.01,wafer,KR,3815710,32274766,118.2258,0003313965,2026-10-09T17:35:49+0900
2016.01,wafer,OTHER,5142122,43494077,118.2258,0003313965,2026-10-09T17:35:49+0900
2016.01,wafer,TW,8152859,68960066,118.2258,0003313965,2026-10-09T17:35:49+0900
2016.01,wafer,US,5448920,46089094,118.2258,0003313965,2026-10-09T17:35:49+0900
2016.01,wafer,VN,272,2301,118.2258,0003313965,2026-10-09T17:35:49+0900
2016.01,wafer,WORLD,24911248,210709067,118.2258,0003313965,2026-10-09T17:35:49+0900
2016.02,discrete,CN,15692236,136911988,114.6155,0003313965,2026-10-09T17:35:49+0900
2016.02,discrete,KR,3512676,30647478,114.6155,0003313965,2026-10-09T17:35:49+0900
2016.02,discrete,OTHER,38626696,337011102,114.6155,0003313965,2026-10-09T17:35:49+0900
2016.02,discrete,TW,5034319,43923544,114.6155,0003313965,2026-10-09T17:35:49+0900
2016.02,discrete,US,8426182,73516950,114.6155,0003313965,2026-10-09T17:35:49+0900
2016.02,discrete,VN,1555887,13574839,114.6155,0003313965,2026-10-09T17:35:49+0900
2016.02,discrete,WORLD,72847996,635585902,114.6155,0003313965,2026-10-09T17:35:49+0900
2016.02,ic,CN,48204552,420576205,114.6155,0003313965,2026-10-09T17:35:49+0900
2016.02,ic,KR,15320091,133665089,114.6155,0003313965,2026-10-09T17:35:49+0900
2016.02,ic,OTHER,63735430,556080373,114.6155,0003313965,2026-10-09T17:35:49+0900
2016.02,ic,TW,48556605,423647805,114.6155,0003313965,2026-10-09T17:35:49+0900
2016.02,ic,US,11799278,102946617,114.6155,0003313965,2026-10-09T17:35:49+0900
2016.02,ic,VN,4756852,41502694,114.6155,0003313965,2026-10-09T17:35:49+0900
2016.02,ic,WORLD,192372808,1678418783,114.6155,0003313965,2026-10-09T17:35:49+0900
2016.02,liion,CN,3649021,31837064,114.6155,0003313965,2026-10-09T17:35:49+0900
2016.02,liion,KR,832051,7259498,114.6155,0003313965,2026-10-09T17:35:49+0900
2016.02,liion,OTHER,8022248,69992697,114.6155,0003313965,2026-10-09T17:35:49+0900
2016.02,liion,TW,217211,1895128,114.6155,0003313965,2026-10-09T17:35:49+0900
2016.02,liion,US,11673523,101849427,114.6155,0003313965,2026-10-09T17:35:49+0900
2016.02,liion,VN,86787,757201,114.6155,0003313965,2026-10-09T17:35:49+0900
2016.02,liion,WORLD,24480841,213591015,114.6155,0003313965,2026-10-09T17:35:49+0900
2016.02,mlcc,CN,5917040,51625129,114.6155,0003313965,2026-10-09T17:35:49+0900
2016.02,mlcc,KR,2167297,18909284,114.6155,0003313965,2026-10-09T17:35:49+0900
2016.02,mlcc,OTHER,10230123,89256017,114.6155,0003313965,2026-10-09T17:35:49+0900
2016.02,mlcc,TW,1042440,9095105,114.6155,0003313965,2026-10-09T17:35:49+0900
2016.02,mlcc,US,2193974,19142036,114.6155,0003313965,2026-10-09T17:35:49+0900
2016.02,mlcc,VN,1029715,8984082,114.6155,0003313965,2026-10-09T17:35:49+0900
2016.02,mlcc,WORLD,22580589,197011652,114.6155,0003313965,2026-10-09T17:35:49+0900
2016.02,pcb,CN,4077925,35579176,114.6155,0003313965,2026-10-09T17:35:49+0900
2016.02,pcb,KR,1700997,14840898,114.6155,0003313965,2026-10-09T17:35:49+0900
2016.02,pcb,OTHER,7887709,68818868,114.6155,0003313965,2026-10-09T17:35:49+0900
2016.02,pcb,TW,2097788,18302830,114.6155,0003313965,2026-10-09T17:35:49+0900
2016.02,pcb,US,1885908,16454214,114.6155,0003313965,2026-10-09T17:35:49+0900
2016.02,pcb,VN,315977,2756844,114.6155,0003313965,2026-10-09T17:35:49+0900
2016.02,pcb,WORLD,17966304,156752830,114.6155,0003313965,2026-10-09T17:35:49+0900
2016.02,photoresist,CN,3014547,26301390,114.6155,0003313965,2026-10-09T17:35:49+0900
2016.02,photoresist,KR,1932806,16863391,114.6155,0003313965,2026-10-09T17:35:49+0900
2016.02,photoresist,OTHER,7784907,67921939,114.6155,0003313965,2026-10-09T17:35:49+0900
2016.02,photoresist,TW,2907710,25369256,114.6155,0003313965,2026-10-09T17:35:49+0900
2016.02,photoresist,US,5670775,49476511,114.6155,0003313965,2026-10-09T17:35:49+0900
2016.02,photoresist,VN,230345,2009719,114.6155,0003313965,2026-10-09T17:35:49+0900
2016.02,photoresist,WORLD,21541090,187942207,114.6155,0003313965,2026-10-09T17:35:49+0900
2016.02,semi_equip,CN,39037532,340595574,114.6155,0003313965,2026-10-09T17:35:49+0900
2016.02,semi_equip,KR,20771357,181226422,114.6155,0003313965,2026-10-09T17:35:49+0900
2016.02,semi_equip,OTHER,9770725,85247850,114.6155,0003313965,2026-10-09T17:35:49+0900
2016.02,semi_equip,TW,27403683,239092296,114.6155,0003313965,2026-10-09T17:35:49+0900
2016.02,semi_equip,US,25428264,221857114,114.6155,0003313965,2026-10-09T17:35:49+0900
2016.02,semi_equip,VN,288653,2518446,114.6155,0003313965,2026-10-09T17:35:49+0900
2016.02,semi_equip,WORLD,122700214,1070537702,114.6155,0003313965,2026-10-09T17:35:49+0900
2016.02,semi_fab_equip,CN,8519184,74328376,114.6155,0003313965,2026-10-09T17:35:49+0900
2016.02,semi_fab_equip,KR,11575871,100997431,114.6155,0003313965,2026-10-09T17:35:49+0900
2016.02,semi_fab_equip,OTHER,3325346,29013057,114.6155,0003313965,2026-10-09T17:35:49+0900
2016.02,semi_fab_equip,TW,16170214,141082262,114.6155,0003313965,2026-10-09T17:35:49+0900
2016.02,semi_fab_equip,US,13718909,119695059,114.6155,0003313965,2026-10-09T17:35:49+0900
2016.02,semi_fab_equip,VN,19737,172202,114.6155,0003313965,2026-10-09T17:35:49+0900
2016.02,semi_fab_equip,WORLD,53329261,465288386,114.6155,0003313965,2026-10-09T17:35:49+0900
2016.02,semi_test,CN,846963,7389603,114.6155,0003313965,2026-10-09T17:35:49+0900
2016.02,semi_test,KR,1927550,16817533,114.6155,0003313965,2026-10-09T17:35:49+0900
2016.02,semi_test,OTHER,362468,3162469,114.6155,0003313965,2026-10-09T17:35:49+0900
2016.02,semi_test,TW,646215,5638112,114.6155,0003313965,2026-10-09T17:35:49+0900
2016.02,semi_test,US,556323,4853820,114.6155,0003313965,2026-10-09T17:35:49+0900
2016.02,semi_test,VN,2608,22754,114.6155,0003313965,2026-10-09T17:35:49+0900
2016.02,semi_test,WORLD,4342127,37884291,114.6155,0003313965,2026-10-09T17:35:49+0900
2016.02,transformer,CN,4875817,42540642,114.6155,0003313965,2026-10-09T17:35:49+0900
2016.02,transformer,KR,2149576,18754671,114.6155,0003313965,2026-10-09T17:35:49+0900
2016.02,transformer,OTHER,13208514,115241952,114.6155,0003313965,2026-10-09T17:35:49+0900
2016.02,transformer,TW,1216943,10617613,114.6155,0003313965,2026-10-09T17:35:49+0900
2016.02,transformer,US,9547863,83303419,114.6155,0003313965,2026-10-09T17:35:49+0900
2016.02,transformer,VN,578460,5046961,114.6155,0003313965,2026-10-09T17:35:49+0900
2016.02,transformer,WORLD,31577173,275505259,114.6155,0003313965,2026-10-09T17:35:49+0900
2016.02,transformer_large,OTHER,447660,3905754,114.6155,0003313965,2026-10-09T17:35:49+0900
2016.02,transformer_large,US,748604,6531438,114.6155,0003313965,2026-10-09T17:35:49+0900
2016.02,transformer_large,WORLD,1196264,10437192,114.6155,0003313965,2026-10-09T17:35:49+0900
2016.02,wafer,CN,2111150,18419411,114.6155,0003313965,2026-10-09T17:35:49+0900
2016.02,wafer,KR,3395928,29628872,114.6155,0003313965,2026-10-09T17:35:49+0900
2016.02,wafer,OTHER,5184024,45229694,114.6155,0003313965,2026-10-09T17:35:49+0900
2016.02,wafer,TW,7001731,61088867,114.6155,0003313965,2026-10-09T17:35:49+0900
2016.02,wafer,US,5497003,47960381,114.6155,0003313965,2026-10-09T17:35:49+0900
2016.02,wafer,VN,347,3028,114.6155,0003313965,2026-10-09T17:35:49+0900
2016.02,wafer,WORLD,23190183,202330252,114.6155,0003313965,2026-10-09T17:35:49+0900
2016.03,discrete,CN,19308986,170979326,112.9317,0003313965,2026-10-09T17:35:49+0900
2016.03,discrete,KR,3675786,32548753,112.9317,0003313965,2026-10-09T17:35:49+0900
2016.03,discrete,OTHER,44051842,390075081,112.9317,0003313965,2026-10-09T17:35:49+0900
2016.03,discrete,TW,5936340,52565754,112.9317,0003313965,2026-10-09T17:35:49+0900
2016.03,discrete,US,8896667,78779182,112.9317,0003313965,2026-10-09T17:35:49+0900
2016.03,discrete,VN,1572622,13925426,112.9317,0003313965,2026-10-09T17:35:49+0900
2016.03,discrete,WORLD,83442243,738873523,112.9317,0003313965,2026-10-09T17:35:49+0900
2016.03,ic,CN,56225953,497875734,112.9317,0003313965,2026-10-09T17:35:49+0900
2016.03,ic,KR,18978199,168050237,112.9317,0003313965,2026-10-09T17:35:49+0900
2016.03,ic,OTHER,74489684,659599422,112.9317,0003313965,2026-10-09T17:35:49+0900
2016.03,ic,TW,53502492,473759733,112.9317,0003313965,2026-10-09T17:35:49+0900
2016.03,ic,US,12902449,114250020,112.9317,0003313965,2026-10-09T17:35:49+0900
2016.03,ic,VN,5920944,52429424,112.9317,0003313965,2026-10-09T17:35:49+0900
2016.03,ic,WORLD,222019721,1965964570,112.9317,0003313965,2026-10-09T17:35:49+0900
2016.03,liion,CN,4091112,36226427,112.9317,0003313965,2026-10-09T17:35:49+0900
2016.03,liion,KR,916905,8119111,112.9317,0003313965,2026-10-09T17:35:49+0900
2016.03,liion,OTHER,8729776,77301378,112.9317,0003313965,2026-10-09T17:35:49+0900
2016.03,liion,TW,397056,3515895,112.9317,0003313965,2026-10-09T17:35:49+0900
2016.03,liion,US,13808234,122270664,112.9317,0003313965,2026-10-09T17:35:49+0900
2016.03,liion,VN,273870,2425094,112.9317,0003313965,2026-10-09T17:35:49+0900
2016.03,liion,WORLD,28216953,249858569,112.9317,0003313965,2026-10-09T17:35:49+0900
2016.03,mlcc,CN,7053777,62460558,112.9317,0003313965,2026-10-09T17:35:49+0900
2016.03,mlcc,KR,1983270,17561677,112.9317,0003313965,2026-10-09T17:35:49+0900
2016.03,mlcc,OTHER,11688629,103501754,112.9317,0003313965,2026-10-09T17:35:49+0900
2016.03,mlcc,TW,1105317,9787482,112.9317,0003313965,2026-10-09T17:35:49+0900
2016.03,mlcc,US,2382057,21092900,112.9317,0003313965,2026-10-09T17:35:49+0900
2016.03,mlcc,VN,622507,5512243,112.9317,0003313965,2026-10-09T17:35:49+0900
2016.03,mlcc,WORLD,24835557,219916613,112.9317,0003313965,2026-10-09T17:35:49+0900
2016.03,pcb,CN,5060218,44807773,112.9317,0003313965,2026-10-09T17:35:49+0900
2016.03,pcb,KR,2278428,20175274,112.9317,0003313965,2026-10-09T17:35:49+0900
2016.03,pcb,OTHER,8318151,73656476,112.9317,0003313965,2026-10-09T17:35:49+0900
2016.03,pcb,TW,2649666,23462553,112.9317,0003313965,2026-10-09T17:35:49+0900
2016.03,pcb,US,1924879,17044630,112.9317,0003313965,2026-10-09T17:35:49+0900
2016.03,pcb,VN,375015,3320724,112.9317,0003313965,2026-10-09T17:35:49+0900
2016.03,pcb,WORLD,20606357,182467429,112.9317,0003313965,2026-10-09T17:35:49+0900
2016.03,photoresist,CN,3362872,29777928,112.9317,0003313965,2026-10-09T17:35:49+0900
2016.03,photoresist,KR,1897108,16798720,112.9317,0003313965,2026-10-09T17:35:49+0900
2016.03,photoresist,OTHER,7947735,70376475,112.9317,0003313965,2026-10-09T17:35:49+0900
2016.03,photoresist,TW,3985742,35293385,112.9317,0003313965,2026-10-09T17:35:49+0900
2016.03,photoresist,US,5511154,48800771,112.9317,0003313965,2026-10-09T17:35:49+0900
2016.03,photoresist,VN,251950,2230994,112.9317,0003313965,2026-10-09T17:35:49+0900
2016.03,photoresist,WORLD,22956561,203278274,112.9317,0003313965,2026-10-09T17:35:49+0900
2016.03,semi_equip,CN,58891715,521480815,112.9317,0003313965,2026-10-09T17:35:49+0900
2016.03,semi_equip,KR,27807044,246228862,112.9317,0003313965,2026-10-09T17:35:49+0900
2016.03,semi_equip,OTHER,17293699,153134142,112.9317,0003313965,2026-10-09T17:35:49+0900
2016.03,semi_equip,TW,36594888,324044427,112.9317,0003313965,2026-10-09T17:35:49+0900
2016.03,semi_equip,US,32483363,287637244,112.9317,0003313965,2026-10-09T17:35:49+0900
2016.03,semi_equip,VN,511893,4532766,112.9317,0003313965,2026-10-09T17:35:49+0900
2016.03,semi_equip,WORLD,173582602,1537058257,112.9317,0003313965,2026-10-09T17:35:49+0900
2016.03,semi_fab_equip,CN,19333335,171194935,112.9317,0003313965,2026-10-09T17:35:49+0900
2016.03,semi_fab_equip,KR,19282037,170740695,112.9317,0003313965,2026-10-09T17:35:49+0900
2016.03,semi_fab_equip,OTHER,8384621,74245061,112.9317,0003313965,2026-10-09T17:35:49+0900
2016.03,semi_fab_equip,TW,20628384,182662477,112.9317,0003313965,2026-10-09T17:35:49+0900
2016.03,semi_fab_equip,US,17450234,154520245,112.9317,0003313965,2026-10-09T17:35:49+0900
2016.03,semi_fab_equip,VN,22021,194994,112.9317,0003313965,2026-10-09T17:35:49+0900
2016.03,semi_fab_equip,WORLD,85100632,753558407,112.9317,0003313965,2026-10-09T17:35:49+0900
2016.03,semi_test,CN,1510399,13374447,112.9317,0003313965,2026-10-09T17:35:49+0900
2016.03,semi_test,KR,2052208,18172116,112.9317,0003313965,2026-10-09T17:35:49+0900
2016.03,semi_test,OTHER,420415,3722737,112.9317,0003313965,2026-10-09T17:35:49+0900
2016.03,semi_test,TW,1381509,12233137,112.9317,0003313965,2026-10-09T17:35:49+0900
2016.03,semi_test,US,673638,5965004,112.9317,0003313965,2026-10-09T17:35:49+0900
2016.03,semi_test,VN,0,0,112.9317,0003313965,2026-10-09T17:35:49+0900
2016.03,semi_test,WORLD,6038169,53467441,112.9317,0003313965,2026-10-09T17:35:49+0900
2016.03,transformer,CN,6926482,61333372,112.9317,0003313965,2026-10-09T17:35:49+0900
2016.03,transformer,KR,2243436,19865423,112.9317,0003313965,2026-10-09T17:35:49+0900
2016.03,transformer,OTHER,15654493,138619121,112.9317,0003313965,2026-10-09T17:35:49+0900
2016.03,transformer,TW,1651829,14626797,112.9317,0003313965,2026-10-09T17:35:49+0900
2016.03,transformer,US,8468988,74992124,112.9317,0003313965,2026-10-09T17:35:49+0900
2016.03,transformer,VN,477571,4228848,112.9317,0003313965,2026-10-09T17:35:49+0900
2016.03,transformer,WORLD,35422799,313665685,112.9317,0003313965,2026-10-09T17:35:49+0900
2016.03,transformer_large,OTHER,1316894,11660977,112.9317,0003313965,2026-10-09T17:35:49+0900
2016.03,transformer_large,US,0,0,112.9317,0003313965,2026-10-09T17:35:49+0900
2016.03,transformer_large,WORLD,1316894,11660977,112.9317,0003313965,2026-10-09T17:35:49+0900
2016.03,wafer,CN,2412537,21362797,112.9317,0003313965,2026-10-09T17:35:49+0900
2016.03,wafer,KR,4269655,37807409,112.9317,0003313965,2026-10-09T17:35:49+0900
2016.03,wafer,OTHER,5592460,49520728,112.9317,0003313965,2026-10-09T17:35:49+0900
2016.03,wafer,TW,7640128,67652643,112.9317,0003313965,2026-10-09T17:35:49+0900
2016.03,wafer,US,4905005,43433376,112.9317,0003313965,2026-10-09T17:35:49+0900
2016.03,wafer,VN,1282,11352,112.9317,0003313965,2026-10-09T17:35:49+0900
2016.03,wafer,WORLD,24821067,219788306,112.9317,0003313965,2026-10-09T17:35:49+0900
2016.04,discrete,CN,19592703,178844027,109.5519,0003313965,2026-10-09T17:35:49+0900
2016.04,discrete,KR,3628152,33118111,109.5519,0003313965,2026-10-09T17:35:49+0900
2016.04,discrete,OTHER,44070890,402283210,109.5519,0003313965,2026-10-09T17:35:49+0900
2016.04,discrete,TW,5047381,46072966,109.5519,0003313965,2026-10-09T17:35:49+0900
2016.04,discrete,US,9209005,84060660,109.5519,0003313965,2026-10-09T17:35:49+0900
2016.04,discrete,VN,1834890,16749048,109.5519,0003313965,2026-10-09T17:35:49+0900
2016.04,discrete,WORLD,83383021,761128022,109.5519,0003313965,2026-10-09T17:35:49+0900
2016.04,ic,CN,55574087,507285469,109.5519,0003313965,2026-10-09T17:35:49+0900
2016.04,ic,KR,15897992,145118359,109.5519,0003313965,2026-10-09T17:35:49+0900
2016.04,ic,OTHER,72274003,659723866,109.5519,0003313965,2026-10-09T17:35:49+0900
2016.04,ic,TW,44346634,404800227,109.5519,0003313965,2026-10-09T17:35:49+0900
2016.04,ic,US,12506917,114164309,109.5519,0003313965,2026-10-09T17:35:49+0900
2016.04,ic,VN,7548073,68899517,109.5519,0003313965,2026-10-09T17:35:49+0900
2016.04,ic,WORLD,208147706,1899991748,109.5519,0003313965,2026-10-09T17:35:49+0900
2016.04,liion,CN,3314255,30252830,109.5519,0003313965,2026-10-09T17:35:49+0900
2016.04,liion,KR,527150,4811875,109.5519,0003313965,2026-10-09T17:35:49+0900
2016.04,liion,OTHER,7846926,71627475,109.5519,0003313965,2026-10-09T17:35:49+0900
2016.04,liion,TW,255841,2335341,109.5519,0003313965,2026-10-09T17:35:49+0900
2016.04,liion,US,8395683,76636580,109.5519,0003313965,2026-10-09T17:35:49+0900
2016.04,liion,VN,140750,1284779,109.5519,0003313965,2026-10-09T17:35:49+0900
2016.04,liion,WORLD,20480605,186948880,109.5519,0003313965,2026-10-09T17:35:49+0900
2016.04,mlcc,CN,7492754,68394560,109.5519,0003313965,2026-10-09T17:35:49+0900
2016.04,mlcc,KR,2112521,19283289,109.5519,0003313965,2026-10-09T17:35:49+0900
2016.04,mlcc,OTHER,12664873,115606146,109.5519,0003313965,2026-10-09T17:35:49+0900
2016.04,mlcc,TW,1131878,10331888,109.5519,0003313965,2026-10-09T17:35:49+0900
2016.04,mlcc,US,2320284,21179770,109.5519,0003313965,2026-10-09T17:35:49+0900
2016.04,mlcc,VN,492868,4498945,109.5519,0003313965,2026-10-09T17:35:49+0900
2016.04,mlcc,WORLD,26215178,239294599,109.5519,0003313965,2026-10-09T17:35:49+0900
2016.04,pcb,CN,4608334,42065304,109.5519,0003313965,2026-10-09T17:35:49+0900
2016.04,pcb,KR,2127519,19420193,109.5519,0003313965,2026-10-09T17:35:49+0900
2016.04,pcb,OTHER,8691908,79340550,109.5519,0003313965,2026-10-09T17:35:49+0900
2016.04,pcb,TW,2516833,22973887,109.5519,0003313965,2026-10-09T17:35:49+0900
2016.04,pcb,US,1872023,17088001,109.5519,0003313965,2026-10-09T17:35:49+0900
2016.04,pcb,VN,325213,2968575,109.5519,0003313965,2026-10-09T17:35:49+0900
2016.04,pcb,WORLD,20141830,183856510,109.5519,0003313965,2026-10-09T17:35:49+0900
2016.04,photoresist,CN,3444893,31445306,109.5519,0003313965,2026-10-09T17:35:49+0900
2016.04,photoresist,KR,2262921,20656155,109.5519,0003313965,2026-10-09T17:35:49+0900
2016.04,photoresist,OTHER,7950957,72577080,109.5519,0003313965,2026-10-09T17:35:49+0900
2016.04,photoresist,TW,4525029,41304888,109.5519,0003313965,2026-10-09T17:35:49+0900
2016.04,photoresist,US,6423561,58634866,109.5519,0003313965,2026-10-09T17:35:49+0900
2016.04,photoresist,VN,244584,2232586,109.5519,0003313965,2026-10-09T17:35:49+0900
2016.04,photoresist,WORLD,24851945,226850881,109.5519,0003313965,2026-10-09T17:35:49+0900
2016.04,semi_equip,CN,47673316,435166492,109.5519,0003313965,2026-10-09T17:35:49+0900
2016.04,semi_equip,KR,22212461,202757424,109.5519,0003313965,2026-10-09T17:35:49+0900
2016.04,semi_equip,OTHER,23052358,210424082,109.5519,0003313965,2026-10-09T17:35:49+0900
2016.04,semi_equip,TW,32475336,296437908,109.5519,0003313965,2026-10-09T17:35:49+0900
2016.04,semi_equip,US,25738592,234944278,109.5519,0003313965,2026-10-09T17:35:49+0900
2016.04,semi_equip,VN,1010536,9224267,109.5519,0003313965,2026-10-09T17:35:49+0900
2016.04,semi_equip,WORLD,152162599,1388954450,109.5519,0003313965,2026-10-09T17:35:49+0900
2016.04,semi_fab_equip,CN,23153006,211342806,109.5519,0003313965,2026-10-09T17:35:49+0900
2016.04,semi_fab_equip,KR,11234285,102547605,109.5519,0003313965,2026-10-09T17:35:49+0900
2016.04,semi_fab_equip,OTHER,13504588,123271144,109.5519,0003313965,2026-10-09T17:35:49+0900
2016.04,semi_fab_equip,TW,14590127,133180045,109.5519,0003313965,2026-10-09T17:35:49+0900
2016.04,semi_fab_equip,US,13874028,126643427,109.5519,0003313965,2026-10-09T17:35:49+0900
2016.04,semi_fab_equip,VN,750929,6854550,109.5519,0003313965,2026-10-09T17:35:49+0900
2016.04,semi_fab_equip,WORLD,77106963,703839577,109.5519,0003313965,2026-10-09T17:35:49+0900
2016.04,semi_test,CN,1285808,11736976,109.5519,0003313965,2026-10-09T17:35:49+0900
2016.04,semi_test,KR,1973754,18016611,109.5519,0003313965,2026-10-09T17:35:49+0900
2016.04,semi_test,OTHER,278635,2543406,109.5519,0003313965,2026-10-09T17:35:49+0900
2016.04,semi_test,TW,1577905,14403265,109.5519,0003313965,2026-10-09T17:35:49+0900
2016.04,semi_test,US,1986648,18134309,109.5519,0003313965,2026-10-09T17:35:49+0900
2016.04,semi_test,VN,4075,37197,109.5519,0003313965,2026-10-09T17:35:49+0900
2016.04,semi_test,WORLD,7106825,64871764,109.5519,0003313965,2026-10-09T17:35:49+0900
2016.04,transformer,CN,7669127,70004509,109.5519,0003313965,2026-10-09T17:35:49+0900
2016.04,transformer,KR,2777759,25355644,109.5519,0003313965,2026-10-09T17:35:49+0900
2016.04,transformer,OTHER,13597764,124121663,109.5519,0003313965,2026-10-09T17:35:49+0900
2016.04,transformer,TW,1739224,15875800,109.5519,0003313965,2026-10-09T17:35:49+0900
2016.04,transformer,US,7819406,71376270,109.5519,0003313965,2026-10-09T17:35:49+0900
2016.04,transformer,VN,545555,4979877,109.5519,0003313965,2026-10-09T17:35:49+0900
2016.04,transformer,WORLD,34148835,311713763,109.5519,0003313965,2026-10-09T17:35:49+0900
2016.04,transformer_large,OTHER,372461,3399859,109.5519,0003313965,2026-10-09T17:35:49+0900
2016.04,transformer_large,US,0,0,109.5519,0003313965,2026-10-09T17:35:49+0900
2016.04,transformer_large,WORLD,372461,3399859,109.5519,0003313965,2026-10-09T17:35:49+0900
2016.04,wafer,CN,2497121,22793954,109.5519,0003313965,2026-10-09T17:35:49+0900
2016.04,wafer,KR,3616585,33012526,109.5519,0003313965,2026-10-09T17:35:49+0900
2016.04,wafer,OTHER,5411737,49398842,109.5519,0003313965,2026-10-09T17:35:49+0900
2016.04,wafer,TW,7173405,65479512,109.5519,0003313965,2026-10-09T17:35:49+0900
2016.04,wafer,US,5573627,50876589,109.5519,0003313965,2026-10-09T17:35:49+0900
2016.04,wafer,VN,340,3104,109.5519,0003313965,2026-10-09T17:35:49+0900
2016.04,wafer,WORLD,24272815,221564528,109.5519,0003313965,2026-10-09T17:35:49+0900
2016.05,discrete,CN,15843104,145552417,108.8481,0003313965,2026-10-09T17:35:49+0900
2016.05,discrete,KR,3098602,28467213,108.8481,0003313965,2026-10-09T17:35:49+0900
2016.05,discrete,OTHER,36710414,337262791,108.8481,0003313965,2026-10-09T17:35:49+0900
2016.05,discrete,TW,4590078,42169574,108.8481,0003313965,2026-10-09T17:35:49+0900
2016.05,discrete,US,7233419,66454251,108.8481,0003313965,2026-10-09T17:35:49+0900
2016.05,discrete,VN,1803547,16569393,108.8481,0003313965,2026-10-09T17:35:49+0900
2016.05,discrete,WORLD,69279164,636475639,108.8481,0003313965,2026-10-09T17:35:49+0900
2016.05,ic,CN,49138808,451443875,108.8481,0003313965,2026-10-09T17:35:49+0900
2016.05,ic,KR,13940116,128069447,108.8481,0003313965,2026-10-09T17:35:49+0900
2016.05,ic,OTHER,63175638,580401844,108.8481,0003313965,2026-10-09T17:35:49+0900
2016.05,ic,TW,44488719,408722973,108.8481,0003313965,2026-10-09T17:35:49+0900
2016.05,ic,US,9050468,83147689,108.8481,0003313965,2026-10-09T17:35:49+0900
2016.05,ic,VN,3715809,34137564,108.8481,0003313965,2026-10-09T17:35:49+0900
2016.05,ic,WORLD,183509558,1685923392,108.8481,0003313965,2026-10-09T17:35:49+0900
2016.05,liion,CN,4298452,39490372,108.8481,0003313965,2026-10-09T17:35:49+0900
2016.05,liion,KR,449805,4132410,108.8481,0003313965,2026-10-09T17:35:49+0900
2016.05,liion,OTHER,6835973,62802869,108.8481,0003313965,2026-10-09T17:35:49+0900
2016.05,liion,TW,234431,2153745,108.8481,0003313965,2026-10-09T17:35:49+0900
2016.05,liion,US,7345687,67485670,108.8481,0003313965,2026-10-09T17:35:49+0900
2016.05,liion,VN,134314,1233958,108.8481,0003313965,2026-10-09T17:35:49+0900
2016.05,liion,WORLD,19298662,177299025,108.8481,0003313965,2026-10-09T17:35:49+0900
2016.05,mlcc,CN,6274096,57640841,108.8481,0003313965,2026-10-09T17:35:49+0900
2016.05,mlcc,KR,1734696,15936851,108.8481,0003313965,2026-10-09T17:35:49+0900
2016.05,mlcc,OTHER,10128477,93051482,108.8481,0003313965,2026-10-09T17:35:49+0900
2016.05,mlcc,TW,1004425,9227768,108.8481,0003313965,2026-10-09T17:35:49+0900
2016.05,mlcc,US,1972483,18121428,108.8481,0003313965,2026-10-09T17:35:49+0900
2016.05,mlcc,VN,288604,2651438,108.8481,0003313965,2026-10-09T17:35:49+0900
2016.05,mlcc,WORLD,21402781,196629808,108.8481,0003313965,2026-10-09T17:35:49+0900
2016.05,pcb,CN,4291781,39429085,108.8481,0003313965,2026-10-09T17:35:49+0900
2016.05,pcb,KR,1899468,17450631,108.8481,0003313965,2026-10-09T17:35:49+0900
2016.05,pcb,OTHER,6755868,62066935,108.8481,0003313965,2026-10-09T17:35:49+0900
2016.05,pcb,TW,2191532,20133856,108.8481,0003313965,2026-10-09T17:35:49+0900
2016.05,pcb,US,1585544,14566575,108.8481,0003313965,2026-10-09T17:35:49+0900
2016.05,pcb,VN,274866,2525226,108.8481,0003313965,2026-10-09T17:35:49+0900
2016.05,pcb,WORLD,16999059,156172308,108.8481,0003313965,2026-10-09T17:35:49+0900
2016.05,photoresist,CN,3154400,28979835,108.8481,0003313965,2026-10-09T17:35:49+0900
2016.05,photoresist,KR,1748999,16068255,108.8481,0003313965,2026-10-09T17:35:49+0900
2016.05,photoresist,OTHER,7367836,67689156,108.8481,0003313965,2026-10-09T17:35:49+0900
2016.05,photoresist,TW,3884929,35691289,108.8481,0003313965,2026-10-09T17:35:49+0900
2016.05,photoresist,US,5448258,50053772,108.8481,0003313965,2026-10-09T17:35:49+0900
2016.05,photoresist,VN,224647,2063858,108.8481,0003313965,2026-10-09T17:35:49+0900
2016.05,photoresist,WORLD,21829069,200546165,108.8481,0003313965,2026-10-09T17:35:49+0900
2016.05,semi_equip,CN,32285194,296607786,108.8481,0003313965,2026-10-09T17:35:49+0900
2016.05,semi_equip,KR,26116125,239931841,108.8481,0003313965,2026-10-09T17:35:49+0900
2016.05,semi_equip,OTHER,16911224,155365358,108.8481,0003313965,2026-10-09T17:35:49+0900
2016.05,semi_equip,TW,55886415,513434915,108.8481,0003313965,2026-10-09T17:35:49+0900
2016.05,semi_equip,US,18835282,173041900,108.8481,0003313965,2026-10-09T17:35:49+0900
2016.05,semi_equip,VN,1036556,9522959,108.8481,0003313965,2026-10-09T17:35:49+0900
2016.05,semi_equip,WORLD,151070796,1387904759,108.8481,0003313965,2026-10-09T17:35:49+0900
2016.05,semi_fab_equip,CN,10632998,97686574,108.8481,0003313965,2026-10-09T17:35:49+0900
2016.05,semi_fab_equip,KR,7402113,68004063,108.8481,0003313965,2026-10-09T17:35:49+0900
2016.05,semi_fab_equip,OTHER,9895203,90908367,108.8481,0003313965,2026-10-09T17:35:49+0900
2016.05,semi_fab_equip,TW,34560196,317508491,108.8481,0003313965,2026-10-09T17:35:49+0900
2016.05,semi_fab_equip,US,7447781,68423620,108.8481,0003313965,2026-10-09T17:35:49+0900
2016.05,semi_fab_equip,VN,476385,4376604,108.8481,0003313965,2026-10-09T17:35:49+0900
2016.05,semi_fab_equip,WORLD,70414676,646907718,108.8481,0003313965,2026-10-09T17:35:49+0900
2016.05,semi_test,CN,236410,2171926,108.8481,0003313965,2026-10-09T17:35:49+0900
2016.05,semi_test,KR,401510,3688718,108.8481,0003313965,2026-10-09T17:35:49+0900
2016.05,semi_test,OTHER,73752,677568,108.8481,0003313965,2026-10-09T17:35:49+0900
2016.05,semi_test,TW,3020787,27752317,108.8481,0003313965,2026-10-09T17:35:49+0900
2016.05,semi_test,US,562393,5166769,108.8481,0003313965,2026-10-09T17:35:49+0900
2016.05,semi_test,VN,6208,57034,108.8481,0003313965,2026-10-09T17:35:49+0900
2016.05,semi_test,WORLD,4301060,39514332,108.8481,0003313965,2026-10-09T17:35:49+0900
2016.05,transformer,CN,4987031,45816427,108.8481,0003313965,2026-10-09T17:35:49+0900
2016.05,transformer,KR,2098592,19280006,108.8481,0003313965,2026-10-09T17:35:49+0900
2016.05,transformer,OTHER,12959409,119059579,108.8481,0003313965,2026-10-09T17:35:49+0900
2016.05,transformer,TW,1237830,11372086,108.8481,0003313965,2026-10-09T17:35:49+0900
2016.05,transformer,US,5373917,49370793,108.8481,0003313965,2026-10-09T17:35:49+0900
2016.05,transformer,VN,430098,3951360,108.8481,0003313965,2026-10-09T17:35:49+0900
2016.05,transformer,WORLD,27086877,248850251,108.8481,0003313965,2026-10-09T17:35:49+0900
2016.05,transformer_large,OTHER,1695613,15577791,108.8481,0003313965,2026-10-09T17:35:49+0900
2016.05,transformer_large,US,270957,2489313,108.8481,0003313965,2026-10-09T17:35:49+0900
2016.05,transformer_large,WORLD,1966570,18067105,108.8481,0003313965,2026-10-09T17:35:49+0900
2016.05,wafer,CN,2452946,22535497,108.8481,0003313965,2026-10-09T17:35:49+0900
2016.05,wafer,KR,3877440,35622487,108.8481,0003313965,2026-10-09T17:35:49+0900
2016.05,wafer,OTHER,5571746,51188271,108.8481,0003313965,2026-10-09T17:35:49+0900
2016.05,wafer,TW,6612719,60751809,108.8481,0003313965,2026-10-09T17:35:49+0900
2016.05,wafer,US,4610307,42355420,108.8481,0003313965,2026-10-09T17:35:49+0900
2016.05,wafer,VN,0,0,108.8481,0003313965,2026-10-09T17:35:49+0900
2016.05,wafer,WORLD,23125158,212453483,108.8481,0003313965,2026-10-09T17:35:49+0900
2016.06,discrete,CN,18429649,174935848,105.3509,0003313965,2026-10-09T17:35:49+0900
2016.06,discrete,KR,3571020,33896436,105.3509,0003313965,2026-10-09T17:35:49+0900
2016.06,discrete,OTHER,43565465,413527222,105.3509,0003313965,2026-10-09T17:35:49+0900
2016.06,discrete,TW,5038526,47826132,105.3509,0003313965,2026-10-09T17:35:49+0900
2016.06,discrete,US,8303987,78822174,105.3509,0003313965,2026-10-09T17:35:49+0900
2016.06,discrete,VN,1772767,16827260,105.3509,0003313965,2026-10-09T17:35:49+0900
2016.06,discrete,WORLD,80681414,765835071,105.3509,0003313965,2026-10-09T17:35:49+0900
2016.06,ic,CN,57804189,548682441,105.3509,0003313965,2026-10-09T17:35:49+0900
2016.06,ic,KR,15317881,145398672,105.3509,0003313965,2026-10-09T17:35:49+0900
2016.06,ic,OTHER,71760003,681152254,105.3509,0003313965,2026-10-09T17:35:49+0900
2016.06,ic,TW,49514861,469999411,105.3509,0003313965,2026-10-09T17:35:49+0900
2016.06,ic,US,11153866,105873476,105.3509,0003313965,2026-10-09T17:35:49+0900
2016.06,ic,VN,6718847,63775886,105.3509,0003313965,2026-10-09T17:35:49+0900
2016.06,ic,WORLD,212269647,2014882141,105.3509,0003313965,2026-10-09T17:35:49+0900
2016.06,liion,CN,3667351,34810818,105.3509,0003313965,2026-10-09T17:35:49+0900
2016.06,liion,KR,358702,3404831,105.3509,0003313965,2026-10-09T17:35:49+0900
2016.06,liion,OTHER,8107583,76957890,105.3509,0003313965,2026-10-09T17:35:49+0900
2016.06,liion,TW,245834,2333478,105.3509,0003313965,2026-10-09T17:35:49+0900
2016.06,liion,US,10417255,98881500,105.3509,0003313965,2026-10-09T17:35:49+0900
2016.06,liion,VN,309301,2935912,105.3509,0003313965,2026-10-09T17:35:49+0900
2016.06,liion,WORLD,23106026,219324429,105.3509,0003313965,2026-10-09T17:35:49+0900
2016.06,mlcc,CN,7042705,66849975,105.3509,0003313965,2026-10-09T17:35:49+0900
2016.06,mlcc,KR,2027574,19245911,105.3509,0003313965,2026-10-09T17:35:49+0900
2016.06,mlcc,OTHER,12023140,114124701,105.3509,0003313965,2026-10-09T17:35:49+0900
2016.06,mlcc,TW,1206119,11448588,105.3509,0003313965,2026-10-09T17:35:49+0900
2016.06,mlcc,US,2219652,21069132,105.3509,0003313965,2026-10-09T17:35:49+0900
2016.06,mlcc,VN,342101,3247253,105.3509,0003313965,2026-10-09T17:35:49+0900
2016.06,mlcc,WORLD,24861291,235985559,105.3509,0003313965,2026-10-09T17:35:49+0900
2016.06,pcb,CN,4877668,46299253,105.3509,0003313965,2026-10-09T17:35:49+0900
2016.06,pcb,KR,2321030,22031421,105.3509,0003313965,2026-10-09T17:35:49+0900
2016.06,pcb,OTHER,7608100,72216754,105.3509,0003313965,2026-10-09T17:35:49+0900
2016.06,pcb,TW,2292552,21761105,105.3509,0003313965,2026-10-09T17:35:49+0900
2016.06,pcb,US,1774534,16844033,105.3509,0003313965,2026-10-09T17:35:49+0900
2016.06,pcb,VN,417516,3963099,105.3509,0003313965,2026-10-09T17:35:49+0900
2016.06,pcb,WORLD,19291400,183115664,105.3509,0003313965,2026-10-09T17:35:49+0900
2016.06,photoresist,CN,3369760,31986058,105.3509,0003313965,2026-10-09T17:35:49+0900
2016.06,photoresist,KR,2160326,20506004,105.3509,0003313965,2026-10-09T17:35:49+0900
2016.06,photoresist,OTHER,6230673,59142096,105.3509,0003313965,2026-10-09T17:35:49+0900
2016.06,photoresist,TW,3683554,34964618,105.3509,0003313965,2026-10-09T17:35:49+0900
2016.06,photoresist,US,5349658,50779424,105.3509,0003313965,2026-10-09T17:35:49+0900
2016.06,photoresist,VN,334266,3172882,105.3509,0003313965,2026-10-09T17:35:49+0900
2016.06,photoresist,WORLD,21128237,200551082,105.3509,0003313965,2026-10-09T17:35:49+0900
2016.06,semi_equip,CN,44400955,421457766,105.3509,0003313965,2026-10-09T17:35:49+0900
2016.06,semi_equip,KR,22074183,209530085,105.3509,0003313965,2026-10-09T17:35:49+0900
2016.06,semi_equip,OTHER,17672743,167751229,105.3509,0003313965,2026-10-09T17:35:49+0900
2016.06,semi_equip,TW,47678178,452565455,105.3509,0003313965,2026-10-09T17:35:49+0900
2016.06,semi_equip,US,29007746,275344074,105.3509,0003313965,2026-10-09T17:35:49+0900
2016.06,semi_equip,VN,1265755,12014658,105.3509,0003313965,2026-10-09T17:35:49+0900
2016.06,semi_equip,WORLD,162099560,1538663267,105.3509,0003313965,2026-10-09T17:35:49+0900
2016.06,semi_fab_equip,CN,11648715,110570626,105.3509,0003313965,2026-10-09T17:35:49+0900
2016.06,semi_fab_equip,KR,7636824,72489404,105.3509,0003313965,2026-10-09T17:35:49+0900
2016.06,semi_fab_equip,OTHER,8662978,82229748,105.3509,0003313965,2026-10-09T17:35:49+0900
2016.06,semi_fab_equip,TW,20182438,191573475,105.3509,0003313965,2026-10-09T17:35:49+0900
2016.06,semi_fab_equip,US,13976945,132670390,105.3509,0003313965,2026-10-09T17:35:49+0900
2016.06,semi_fab_equip,VN,595406,5651646,105.3509,0003313965,2026-10-09T17:35:49+0900
2016.06,semi_fab_equip,WORLD,62703306,595185290,105.3509,0003313965,2026-10-09T17:35:49+0900
2016.06,semi_test,CN,1207961,11466072,105.3509,0003313965,2026-10-09T17:35:49+0900
2016.06,semi_test,KR,1317461,12505456,105.3509,0003313965,2026-10-09T17:35:49+0900
2016.06,semi_test,OTHER,269844,2561383,105.3509,0003313965,2026-10-09T17:35:49+0900
2016.06,semi_test,TW,1981986,18813185,105.3509,0003313965,2026-10-09T17:35:49+0900
2016.06,semi_test,US,1669175,15843956,105.3509,0003313965,2026-10-09T17:35:49+0900
2016.06,semi_test,VN,11295,107213,105.3509,0003313965,2026-10-09T17:35:49+0900
2016.06,semi_test,WORLD,6457722,61297265,105.3509,0003313965,2026-10-09T17:35:49+0900
2016.06,transformer,CN,6802726,64572073,105.3509,0003313965,2026-10-09T17:35:49+0900
2016.06,transformer,KR,2757119,26170816,105.3509,0003313965,2026-10-09T17:35:49+0900
2016.06,transformer,OTHER,13507135,128210912,105.3509,0003313965,2026-10-09T17:35:49+0900
2016.06,transformer,TW,1384291,13139812,105.3509,0003313965,2026-10-09T17:35:49+0900
2016.06,transformer,US,6148591,58362966,105.3509,0003313965,2026-10-09T17:35:49+0900
2016.06,transformer,VN,423176,4016824,105.3509,0003313965,2026-10-09T17:35:49+0900
2016.06,transformer,WORLD,31023038,294473403,105.3509,0003313965,2026-10-09T17:35:49+0900
2016.06,transformer_large,OTHER,285900,2713788,105.3509,0003313965,2026-10-09T17:35:49+0900
2016.06,transformer_large,US,556868,5285840,105.3509,0003313965,2026-10-09T17:35:49+0900
2016.06,transformer_large,WORLD,842768,7999628,105.3509,0003313965,2026-10-09T17:35:49+0900
2016.06,wafer,CN,2283190,21672240,105.3509,0003313965,2026-10-09T17:35:49+0900
2016.06,wafer,KR,4132276,39223927,105.3509,0003313965,2026-10-09T17:35:49+0900
2016.06,wafer,OTHER,5184634,49213002,105.3509,0003313965,2026-10-09T17:35:49+0900
2016.06,wafer,TW,7585857,72005621,105.3509,0003313965,2026-10-09T17:35:49+0900
2016.06,wafer,US,4444512,42187698,105.3509,0003313965,2026-10-09T17:35:49+0900
2016.06,wafer,VN,0,0,105.3509,0003313965,2026-10-09T17:35:49+0900
2016.06,wafer,WORLD,23630469,224302488,105.3509,0003313965,2026-10-09T17:35:49+0900
2016.07,discrete,CN,20032122,192263458,104.1910,0003313965,2026-10-09T17:35:49+0900
2016.07,discrete,KR,3585446,34412243,104.1910,0003313965,2026-10-09T17:35:49+0900
2016.07,discrete,OTHER,42801565,410799061,104.1910,0003313965,2026-10-09T17:35:49+0900
2016.07,discrete,TW,5010965,48094029,104.1910,0003313965,2026-10-09T17:35:49+0900
2016.07,discrete,US,8537442,81940302,104.1910,0003313965,2026-10-09T17:35:49+0900
2016.07,discrete,VN,1840045,17660307,104.1910,0003313965,2026-10-09T17:35:49+0900
2016.07,discrete,WORLD,81807585,785169400,104.1910,0003313965,2026-10-09T17:35:49+0900
2016.07,ic,CN,59612333,572144744,104.1910,0003313965,2026-10-09T17:35:49+0900
2016.07,ic,KR,16022459,153779683,104.1910,0003313965,2026-10-09T17:35:49+0900
2016.07,ic,OTHER,74538986,715407146,104.1910,0003313965,2026-10-09T17:35:49+0900
2016.07,ic,TW,49272208,472902727,104.1910,0003313965,2026-10-09T17:35:49+0900
2016.07,ic,US,11079246,106335922,104.1910,0003313965,2026-10-09T17:35:49+0900
2016.07,ic,VN,8557576,82133543,104.1910,0003313965,2026-10-09T17:35:49+0900
2016.07,ic,WORLD,219082808,2102703765,104.1910,0003313965,2026-10-09T17:35:49+0900
2016.07,liion,CN,3258109,31270542,104.1910,0003313965,2026-10-09T17:35:49+0900
2016.07,liion,KR,383887,3684455,104.1910,0003313965,2026-10-09T17:35:49+0900
2016.07,liion,OTHER,7770828,74582526,104.1910,0003313965,2026-10-09T17:35:49+0900
2016.07,liion,TW,139215,1336152,104.1910,0003313965,2026-10-09T17:35:49+0900
2016.07,liion,US,10285816,98720772,104.1910,0003313965,2026-10-09T17:35:49+0900
2016.07,liion,VN,249502,2394660,104.1910,0003313965,2026-10-09T17:35:49+0900
2016.07,liion,WORLD,22087357,211989107,104.1910,0003313965,2026-10-09T17:35:49+0900
2016.07,mlcc,CN,7799455,74857281,104.1910,0003313965,2026-10-09T17:35:49+0900
2016.07,mlcc,KR,2121202,20358783,104.1910,0003313965,2026-10-09T17:35:49+0900
2016.07,mlcc,OTHER,12190607,117002495,104.1910,0003313965,2026-10-09T17:35:49+0900
2016.07,mlcc,TW,1437090,13792842,104.1910,0003313965,2026-10-09T17:35:49+0900
2016.07,mlcc,US,2208803,21199557,104.1910,0003313965,2026-10-09T17:35:49+0900
2016.07,mlcc,VN,401467,3853183,104.1910,0003313965,2026-10-09T17:35:49+0900
2016.07,mlcc,WORLD,26158624,251064142,104.1910,0003313965,2026-10-09T17:35:49+0900
2016.07,pcb,CN,4931504,47331382,104.1910,0003313965,2026-10-09T17:35:49+0900
2016.07,pcb,KR,2587449,24833709,104.1910,0003313965,2026-10-09T17:35:49+0900
2016.07,pcb,OTHER,9786018,93923832,104.1910,0003313965,2026-10-09T17:35:49+0900
2016.07,pcb,TW,2281276,21895135,104.1910,0003313965,2026-10-09T17:35:49+0900
2016.07,pcb,US,1629382,15638414,104.1910,0003313965,2026-10-09T17:35:49+0900
2016.07,pcb,VN,468078,4492499,104.1910,0003313965,2026-10-09T17:35:49+0900
2016.07,pcb,WORLD,21683707,208114972,104.1910,0003313965,2026-10-09T17:35:49+0900
2016.07,photoresist,CN,3749973,35991333,104.1910,0003313965,2026-10-09T17:35:49+0900
2016.07,photoresist,KR,2279578,21878838,104.1910,0003313965,2026-10-09T17:35:49+0900
2016.07,photoresist,OTHER,7726439,74156491,104.1910,0003313965,2026-10-09T17:35:49+0900
2016.07,photoresist,TW,4034697,38724045,104.1910,0003313965,2026-10-09T17:35:49+0900
2016.07,photoresist,US,6374816,61183941,104.1910,0003313965,2026-10-09T17:35:49+0900
2016.07,photoresist,VN,288492,2768876,104.1910,0003313965,2026-10-09T17:35:49+0900
2016.07,photoresist,WORLD,24453995,234703525,104.1910,0003313965,2026-10-09T17:35:49+0900
2016.07,semi_equip,CN,49318507,473347093,104.1910,0003313965,2026-10-09T17:35:49+0900
2016.07,semi_equip,KR,41130118,394756918,104.1910,0003313965,2026-10-09T17:35:49+0900
2016.07,semi_equip,OTHER,21474019,206102437,104.1910,0003313965,2026-10-09T17:35:49+0900
2016.07,semi_equip,TW,45584445,437508470,104.1910,0003313965,2026-10-09T17:35:49+0900
2016.07,semi_equip,US,16060943,154149044,104.1910,0003313965,2026-10-09T17:35:49+0900
2016.07,semi_equip,VN,687959,6602864,104.1910,0003313965,2026-10-09T17:35:49+0900
2016.07,semi_equip,WORLD,174255991,1672466825,104.1910,0003313965,2026-10-09T17:35:49+0900
2016.07,semi_fab_equip,CN,14591965,140050148,104.1910,0003313965,2026-10-09T17:35:49+0900
2016.07,semi_fab_equip,KR,16984361,163011786,104.1910,0003313965,2026-10-09T17:35:49+0900
2016.07,semi_fab_equip,OTHER,12761662,122483343,104.1910,0003313965,2026-10-09T17:35:49+0900
2016.07,semi_fab_equip,TW,25687762,246544922,104.1910,0003313965,2026-10-09T17:35:49+0900
2016.07,semi_fab_equip,US,6419028,61608277,104.1910,0003313965,2026-10-09T17:35:49+0900
2016.07,semi_fab_equip,VN,131200,1259226,104.1910,0003313965,2026-10-09T17:35:49+0900
2016.07,semi_fab_equip,WORLD,76575978,734957703,104.1910,0003313965,2026-10-09T17:35:49+0900
2016.07,semi_test,CN,533958,5124800,104.1910,0003313965,2026-10-09T17:35:49+0900
2016.07,semi_test,KR,707553,6790922,104.1910,0003313965,2026-10-09T17:35:49+0900
2016.07,semi_test,OTHER,704461,6761246,104.1910,0003313965,2026-10-09T17:35:49+0900
2016.07,semi_test,TW,2456635,23578188,104.1910,0003313965,2026-10-09T17:35:49+0900
2016.07,semi_test,US,104460,1002582,104.1910,0003313965,2026-10-09T17:35:49+0900
2016.07,semi_test,VN,604,5797,104.1910,0003313965,2026-10-09T17:35:49+0900
2016.07,semi_test,WORLD,4507671,43263535,104.1910,0003313965,2026-10-09T17:35:49+0900
2016.07,transformer,CN,7042221,67589533,104.1910,0003313965,2026-10-09T17:35:49+0900
2016.07,transformer,KR,2596197,24917670,104.1910,0003313965,2026-10-09T17:35:49+0900
2016.07,transformer,OTHER,13815439,132597240,104.1910,0003313965,2026-10-09T17:35:49+0900
2016.07,transformer,TW,2072712,19893388,104.1910,0003313965,2026-10-09T17:35:49+0900
2016.07,transformer,US,5303227,50899089,104.1910,0003313965,2026-10-09T17:35:49+0900
2016.07,transformer,VN,479096,4598247,104.1910,0003313965,2026-10-09T17:35:49+0900
2016.07,transformer,WORLD,31308892,300495168,104.1910,0003313965,2026-10-09T17:35:49+0900
2016.07,transformer_large,OTHER,890456,8546381,104.1910,0003313965,2026-10-09T17:35:49+0900
2016.07,transformer_large,US,0,0,104.1910,0003313965,2026-10-09T17:35:49+0900
2016.07,transformer_large,WORLD,890456,8546381,104.1910,0003313965,2026-10-09T17:35:49+0900
2016.07,wafer,CN,2333552,22396867,104.1910,0003313965,2026-10-09T17:35:49+0900
2016.07,wafer,KR,3628912,34829419,104.1910,0003313965,2026-10-09T17:35:49+0900
2016.07,wafer,OTHER,5094504,48895816,104.1910,0003313965,2026-10-09T17:35:49+0900
2016.07,wafer,TW,7054165,67704168,104.1910,0003313965,2026-10-09T17:35:49+0900
2016.07,wafer,US,4768180,45763838,104.1910,0003313965,2026-10-09T17:35:49+0900
2016.07,wafer,VN,272,2611,104.1910,0003313965,2026-10-09T17:35:49+0900
2016.07,wafer,WORLD,22879585,219592719,104.1910,0003313965,2026-10-09T17:35:49+0900
2016.08,discrete,CN,18066364,178453846,101.2383,0003313965,2026-10-09T17:35:49+0900
2016.08,discrete,KR,3471322,34288624,101.2383,0003313965,2026-10-09T17:35:49+0900
2016.08,discrete,OTHER,41541458,410333421,101.2383,0003313965,2026-10-09T17:35:49+0900
2016.08,discrete,TW,5159667,50965563,101.2383,0003313965,2026-10-09T17:35:49+0900
2016.08,discrete,US,9058113,89473184,101.2383,0003313965,2026-10-09T17:35:49+0900
2016.08,discrete,VN,1990472,19661255,101.2383,0003313965,2026-10-09T17:35:49+0900
2016.08,discrete,WORLD,79287396,783175893,101.2383,0003313965,2026-10-09T17:35:49+0900
2016.08,ic,CN,59961891,592284649,101.2383,0003313965,2026-10-09T17:35:49+0900
2016.08,ic,KR,17759314,175420903,101.2383,0003313965,2026-10-09T17:35:49+0900
2016.08,ic,OTHER,70615281,697515476,101.2383,0003313965,2026-10-09T17:35:49+0900
2016.08,ic,TW,46977314,464027093,101.2383,0003313965,2026-10-09T17:35:49+0900
2016.08,ic,US,10469436,103413787,101.2383,0003313965,2026-10-09T17:35:49+0900
2016.08,ic,VN,9687265,95687749,101.2383,0003313965,2026-10-09T17:35:49+0900
2016.08,ic,WORLD,215470501,2128349656,101.2383,0003313965,2026-10-09T17:35:49+0900
2016.08,liion,CN,3546392,35030142,101.2383,0003313965,2026-10-09T17:35:49+0900
2016.08,liion,KR,315314,3114572,101.2383,0003313965,2026-10-09T17:35:49+0900
2016.08,liion,OTHER,7132407,70451667,101.2383,0003313965,2026-10-09T17:35:49+0900
2016.08,liion,TW,228168,2253772,101.2383,0003313965,2026-10-09T17:35:49+0900
2016.08,liion,US,10541814,104128714,101.2383,0003313965,2026-10-09T17:35:49+0900
2016.08,liion,VN,343215,3390170,101.2383,0003313965,2026-10-09T17:35:49+0900
2016.08,liion,WORLD,22107310,218369036,101.2383,0003313965,2026-10-09T17:35:49+0900
2016.08,mlcc,CN,8539534,84350824,101.2383,0003313965,2026-10-09T17:35:49+0900
2016.08,mlcc,KR,2213772,21866942,101.2383,0003313965,2026-10-09T17:35:49+0900
2016.08,mlcc,OTHER,12257227,121073023,101.2383,0003313965,2026-10-09T17:35:49+0900
2016.08,mlcc,TW,1181221,11667729,101.2383,0003313965,2026-10-09T17:35:49+0900
2016.08,mlcc,US,2479745,24494139,101.2383,0003313965,2026-10-09T17:35:49+0900
2016.08,mlcc,VN,881823,8710369,101.2383,0003313965,2026-10-09T17:35:49+0900
2016.08,mlcc,WORLD,27553322,272163025,101.2383,0003313965,2026-10-09T17:35:49+0900
2016.08,pcb,CN,4875738,48161002,101.2383,0003313965,2026-10-09T17:35:49+0900
2016.08,pcb,KR,2546405,25152586,101.2383,0003313965,2026-10-09T17:35:49+0900
2016.08,pcb,OTHER,10737102,106057707,101.2383,0003313965,2026-10-09T17:35:49+0900
2016.08,pcb,TW,1911411,18880315,101.2383,0003313965,2026-10-09T17:35:49+0900
2016.08,pcb,US,1594587,15750828,101.2383,0003313965,2026-10-09T17:35:49+0900
2016.08,pcb,VN,539434,5328359,101.2383,0003313965,2026-10-09T17:35:49+0900
2016.08,pcb,WORLD,22204677,219330797,101.2383,0003313965,2026-10-09T17:35:49+0900
2016.08,photoresist,CN,3263423,32235063,101.2383,0003313965,2026-10-09T17:35:49+0900
2016.08,photoresist,KR,2039549,20146022,101.2383,0003313965,2026-10-09T17:35:49+0900
2016.08,photoresist,OTHER,8770962,86636797,101.2383,0003313965,2026-10-09T17:35:49+0900
2016.08,photoresist,TW,5002050,49408672,101.2383,0003313965,2026-10-09T17:35:49+0900
2016.08,photoresist,US,4889992,48301799,101.2383,0003313965,2026-10-09T17:35:49+0900
2016.08,photoresist,VN,247039,2440173,101.2383,0003313965,2026-10-09T17:35:49+0900
2016.08,photoresist,WORLD,24213015,239168526,101.2383,0003313965,2026-10-09T17:35:49+0900
2016.08,semi_equip,CN,35502852,350685976,101.2383,0003313965,2026-10-09T17:35:49+0900
2016.08,semi_equip,KR,32600123,322013734,101.2383,0003313965,2026-10-09T17:35:49+0900
2016.08,semi_equip,OTHER,27662890,273245303,101.2383,0003313965,2026-10-09T17:35:49+0900
2016.08,semi_equip,TW,64327958,635411282,101.2383,0003313965,2026-10-09T17:35:49+0900
2016.08,semi_equip,US,12858582,127013018,101.2383,0003313965,2026-10-09T17:35:49+0900
2016.08,semi_equip,VN,231408,2285775,101.2383,0003313965,2026-10-09T17:35:49+0900
2016.08,semi_equip,WORLD,173183813,1710655088,101.2383,0003313965,2026-10-09T17:35:49+0900
2016.08,semi_fab_equip,CN,12641720,124870923,101.2383,0003313965,2026-10-09T17:35:49+0900
2016.08,semi_fab_equip,KR,14994179,148107771,101.2383,0003313965,2026-10-09T17:35:49+0900
2016.08,semi_fab_equip,OTHER,17089096,168800701,101.2383,0003313965,2026-10-09T17:35:49+0900
2016.08,semi_fab_equip,TW,36114594,356728570,101.2383,0003313965,2026-10-09T17:35:49+0900
2016.08,semi_fab_equip,US,4012129,39630545,101.2383,0003313965,2026-10-09T17:35:49+0900
2016.08,semi_fab_equip,VN,63722,629426,101.2383,0003313965,2026-10-09T17:35:49+0900
2016.08,semi_fab_equip,WORLD,84915440,838767937,101.2383,0003313965,2026-10-09T17:35:49+0900
2016.08,semi_test,CN,377673,3730535,101.2383,0003313965,2026-10-09T17:35:49+0900
2016.08,semi_test,KR,922285,9110040,101.2383,0003313965,2026-10-09T17:35:49+0900
2016.08,semi_test,OTHER,543608,5369588,101.2383,0003313965,2026-10-09T17:35:49+0900
2016.08,semi_test,TW,1519709,15011206,101.2383,0003313965,2026-10-09T17:35:49+0900
2016.08,semi_test,US,311092,3072869,101.2383,0003313965,2026-10-09T17:35:49+0900
2016.08,semi_test,VN,302,2983,101.2383,0003313965,2026-10-09T17:35:49+0900
2016.08,semi_test,WORLD,3674669,36297222,101.2383,0003313965,2026-10-09T17:35:49+0900
2016.08,transformer,CN,7294688,72054628,101.2383,0003313965,2026-10-09T17:35:49+0900
2016.08,transformer,KR,2847771,28129384,101.2383,0003313965,2026-10-09T17:35:49+0900
2016.08,transformer,OTHER,14494079,143167941,101.2383,0003313965,2026-10-09T17:35:49+0900
2016.08,transformer,TW,1595380,15758661,101.2383,0003313965,2026-10-09T17:35:49+0900
2016.08,transformer,US,4772122,47137516,101.2383,0003313965,2026-10-09T17:35:49+0900
2016.08,transformer,VN,537910,5313305,101.2383,0003313965,2026-10-09T17:35:49+0900
2016.08,transformer,WORLD,31541950,311561435,101.2383,0003313965,2026-10-09T17:35:49+0900
2016.08,transformer_large,OTHER,399372,3944871,101.2383,0003313965,2026-10-09T17:35:49+0900
2016.08,transformer_large,US,0,0,101.2383,0003313965,2026-10-09T17:35:49+0900
2016.08,transformer_large,WORLD,399372,3944871,101.2383,0003313965,2026-10-09T17:35:49+0900
2016.08,wafer,CN,2441233,24113730,101.2383,0003313965,2026-10-09T17:35:49+0900
2016.08,wafer,KR,3704084,36587774,101.2383,0003313965,2026-10-09T17:35:49+0900
2016.08,wafer,OTHER,4777295,47188613,101.2383,0003313965,2026-10-09T17:35:49+0900
2016.08,wafer,TW,6832034,67484677,101.2383,0003313965,2026-10-09T17:35:49+0900
2016.08,wafer,US,3914840,38669555,101.2383,0003313965,2026-10-09T17:35:49+0900
2016.08,wafer,VN,410,4050,101.2383,0003313965,2026-10-09T17:35:49+0900
2016.08,wafer,WORLD,21669896,214048399,101.2383,0003313965,2026-10-09T17:35:49+0900
2016.09,discrete,CN,19481794,191402741,101.7843,0003313965,2026-10-09T17:35:49+0900
2016.09,discrete,KR,3289355,32316919,101.7843,0003313965,2026-10-09T17:35:49+0900
2016.09,discrete,OTHER,44803785,440183653,101.7843,0003313965,2026-10-09T17:35:49+0900
2016.09,discrete,TW,5254273,51621645,101.7843,0003313965,2026-10-09T17:35:49+0900
2016.09,discrete,US,9842694,96701495,101.7843,0003313965,2026-10-09T17:35:49+0900
2016.09,discrete,VN,2227134,21880919,101.7843,0003313965,2026-10-09T17:35:49+0900
2016.09,discrete,WORLD,84899035,834107372,101.7843,0003313965,2026-10-09T17:35:49+0900
2016.09,ic,CN,63060322,619548614,101.7843,0003313965,2026-10-09T17:35:49+0900
2016.09,ic,KR,17607195,172985372,101.7843,0003313965,2026-10-09T17:35:49+0900
2016.09,ic,OTHER,78658196,772793014,101.7843,0003313965,2026-10-09T17:35:49+0900
2016.09,ic,TW,50628151,497406290,101.7843,0003313965,2026-10-09T17:35:49+0900
2016.09,ic,US,11315888,111175181,101.7843,0003313965,2026-10-09T17:35:49+0900
2016.09,ic,VN,9405628,92407454,101.7843,0003313965,2026-10-09T17:35:49+0900
2016.09,ic,WORLD,230675380,2266315925,101.7843,0003313965,2026-10-09T17:35:49+0900
2016.09,liion,CN,4032054,39613713,101.7843,0003313965,2026-10-09T17:35:49+0900
2016.09,liion,KR,447417,4395737,101.7843,0003313965,2026-10-09T17:35:49+0900
2016.09,liion,OTHER,7699719,75647413,101.7843,0003313965,2026-10-09T17:35:49+0900
2016.09,liion,TW,298246,2930177,101.7843,0003313965,2026-10-09T17:35:49+0900
2016.09,liion,US,11056666,108628403,101.7843,0003313965,2026-10-09T17:35:49+0900
2016.09,liion,VN,364446,3580572,101.7843,0003313965,2026-10-09T17:35:49+0900
2016.09,liion,WORLD,23898548,234796015,101.7843,0003313965,2026-10-09T17:35:49+0900
2016.09,mlcc,CN,8871635,87161134,101.7843,0003313965,2026-10-09T17:35:49+0900
2016.09,mlcc,KR,1948295,19141410,101.7843,0003313965,2026-10-09T17:35:49+0900
2016.09,mlcc,OTHER,13475915,132396794,101.7843,0003313965,2026-10-09T17:35:49+0900
2016.09,mlcc,TW,1425989,14009911,101.7843,0003313965,2026-10-09T17:35:49+0900
2016.09,mlcc,US,2158639,21207976,101.7843,0003313965,2026-10-09T17:35:49+0900
2016.09,mlcc,VN,532258,5229274,101.7843,0003313965,2026-10-09T17:35:49+0900
2016.09,mlcc,WORLD,28412731,279146499,101.7843,0003313965,2026-10-09T17:35:49+0900
2016.09,pcb,CN,4921654,48353764,101.7843,0003313965,2026-10-09T17:35:49+0900
2016.09,pcb,KR,2302299,22619392,101.7843,0003313965,2026-10-09T17:35:49+0900
2016.09,pcb,OTHER,10556924,103718589,101.7843,0003313965,2026-10-09T17:35:49+0900
2016.09,pcb,TW,2415837,23734869,101.7843,0003313965,2026-10-09T17:35:49+0900
2016.09,pcb,US,1671520,16422179,101.7843,0003313965,2026-10-09T17:35:49+0900
2016.09,pcb,VN,552288,5426063,101.7843,0003313965,2026-10-09T17:35:49+0900
2016.09,pcb,WORLD,22420522,220274856,101.7843,0003313965,2026-10-09T17:35:49+0900
2016.09,photoresist,CN,3133466,30785357,101.7843,0003313965,2026-10-09T17:35:49+0900
2016.09,photoresist,KR,2115797,20787066,101.7843,0003313965,2026-10-09T17:35:49+0900
2016.09,photoresist,OTHER,6940000,68183404,101.7843,0003313965,2026-10-09T17:35:49+0900
2016.09,photoresist,TW,4197846,41242569,101.7843,0003313965,2026-10-09T17:35:49+0900
2016.09,photoresist,US,4888422,48027269,101.7843,0003313965,2026-10-09T17:35:49+0900
2016.09,photoresist,VN,317546,3119794,101.7843,0003313965,2026-10-09T17:35:49+0900
2016.09,photoresist,WORLD,21593077,212145459,101.7843,0003313965,2026-10-09T17:35:49+0900
2016.09,semi_equip,CN,28855834,283499852,101.7843,0003313965,2026-10-09T17:35:49+0900
2016.09,semi_equip,KR,46962723,461394567,101.7843,0003313965,2026-10-09T17:35:49+0900
2016.09,semi_equip,OTHER,30812893,302727366,101.7843,0003313965,2026-10-09T17:35:49+0900
2016.09,semi_equip,TW,50031386,491543254,101.7843,0003313965,2026-10-09T17:35:49+0900
2016.09,semi_equip,US,11351647,111526503,101.7843,0003313965,2026-10-09T17:35:49+0900
2016.09,semi_equip,VN,106993,1051174,101.7843,0003313965,2026-10-09T17:35:49+0900
2016.09,semi_equip,WORLD,168121476,1651742715,101.7843,0003313965,2026-10-09T17:35:49+0900
2016.09,semi_fab_equip,CN,5277067,51845589,101.7843,0003313965,2026-10-09T17:35:49+0900
2016.09,semi_fab_equip,KR,21883587,214999632,101.7843,0003313965,2026-10-09T17:35:49+0900
2016.09,semi_fab_equip,OTHER,17493957,171872843,101.7843,0003313965,2026-10-09T17:35:49+0900
2016.09,semi_fab_equip,TW,30310284,297789384,101.7843,0003313965,2026-10-09T17:35:49+0900
2016.09,semi_fab_equip,US,2535928,24914727,101.7843,0003313965,2026-10-09T17:35:49+0900
2016.09,semi_fab_equip,VN,7498,73666,101.7843,0003313965,2026-10-09T17:35:49+0900
2016.09,semi_fab_equip,WORLD,77508321,761495840,101.7843,0003313965,2026-10-09T17:35:49+0900
2016.09,semi_test,CN,351318,3451593,101.7843,0003313965,2026-10-09T17:35:49+0900
2016.09,semi_test,KR,494744,4860710,101.7843,0003313965,2026-10-09T17:35:49+0900
2016.09,semi_test,OTHER,2336009,22950583,101.7843,0003313965,2026-10-09T17:35:49+0900
2016.09,semi_test,TW,2717479,26698410,101.7843,0003313965,2026-10-09T17:35:49+0900
2016.09,semi_test,US,249109,2447421,101.7843,0003313965,2026-10-09T17:35:49+0900
2016.09,semi_test,VN,20281,199255,101.7843,0003313965,2026-10-09T17:35:49+0900
2016.09,semi_test,WORLD,6168940,60607972,101.7843,0003313965,2026-10-09T17:35:49+0900
2016.09,transformer,CN,7735007,75994107,101.7843,0003313965,2026-10-09T17:35:49+0900
2016.09,transformer,KR,3100845,30464865,101.7843,0003313965,2026-10-09T17:35:49+0900
2016.09,transformer,OTHER,17308231,170048141,101.7843,0003313965,2026-10-09T17:35:49+0900
2016.09,transformer,TW,1791704,17602951,101.7843,0003313965,2026-10-09T17:35:49+0900
2016.09,transformer,US,5694244,55944227,101.7843,0003313965,2026-10-09T17:35:49+0900
2016.09,transformer,VN,567841,5578866,101.7843,0003313965,2026-10-09T17:35:49+0900
2016.09,transformer,WORLD,36197872,355633158,101.7843,0003313965,2026-10-09T17:35:49+0900
2016.09,transformer_large,OTHER,1026109,10081211,101.7843,0003313965,2026-10-09T17:35:49+0900
2016.09,transformer_large,US,0,0,101.7843,0003313965,2026-10-09T17:35:49+0900
2016.09,transformer_large,WORLD,1026109,10081211,101.7843,0003313965,2026-10-09T17:35:49+0900
2016.09,wafer,CN,1948530,19143719,101.7843,0003313965,2026-10-09T17:35:49+0900
2016.09,wafer,KR,4284263,42091590,101.7843,0003313965,2026-10-09T17:35:49+0900
2016.09,wafer,OTHER,4455418,43773136,101.7843,0003313965,2026-10-09T17:35:49+0900
2016.09,wafer,TW,7035488,69121544,101.7843,0003313965,2026-10-09T17:35:49+0900
2016.09,wafer,US,3827624,37605250,101.7843,0003313965,2026-10-09T17:35:49+0900
2016.09,wafer,VN,6500,63861,101.7843,0003313965,2026-10-09T17:35:49+0900
2016.09,wafer,WORLD,21557823,211799099,101.7843,0003313965,2026-10-09T17:35:49+0900
2016.10,discrete,CN,19938504,191887053,103.9075,0003313965,2026-10-09T17:35:49+0900
2016.10,discrete,KR,3367690,32410461,103.9075,0003313965,2026-10-09T17:35:49+0900
2016.10,discrete,OTHER,43009622,413922210,103.9075,0003313965,2026-10-09T17:35:49+0900
2016.10,discrete,TW,5386629,51840618,103.9075,0003313965,2026-10-09T17:35:49+0900
2016.10,discrete,US,8597192,82738898,103.9075,0003313965,2026-10-09T17:35:49+0900
2016.10,discrete,VN,2170875,20892380,103.9075,0003313965,2026-10-09T17:35:49+0900
2016.10,discrete,WORLD,82470512,793691620,103.9075,0003313965,2026-10-09T17:35:49+0900
2016.10,ic,CN,62397796,600512918,103.9075,0003313965,2026-10-09T17:35:49+0900
2016.10,ic,KR,20936051,201487390,103.9075,0003313965,2026-10-09T17:35:49+0900
2016.10,ic,OTHER,80685958,776517172,103.9075,0003313965,2026-10-09T17:35:49+0900
2016.10,ic,TW,48481465,466582922,103.9075,0003313965,2026-10-09T17:35:49+0900
2016.10,ic,US,11280569,108563569,103.9075,0003313965,2026-10-09T17:35:49+0900
2016.10,ic,VN,9829037,94594105,103.9075,0003313965,2026-10-09T17:35:49+0900
2016.10,ic,WORLD,233610876,2248258076,103.9075,0003313965,2026-10-09T17:35:49+0900
2016.10,liion,CN,3672533,35344253,103.9075,0003313965,2026-10-09T17:35:49+0900
2016.10,liion,KR,338172,3254549,103.9075,0003313965,2026-10-09T17:35:49+0900
2016.10,liion,OTHER,6924168,66637808,103.9075,0003313965,2026-10-09T17:35:49+0900
2016.10,liion,TW,285330,2746000,103.9075,0003313965,2026-10-09T17:35:49+0900
2016.10,liion,US,14315135,137768063,103.9075,0003313965,2026-10-09T17:35:49+0900
2016.10,liion,VN,234339,2255266,103.9075,0003313965,2026-10-09T17:35:49+0900
2016.10,liion,WORLD,25769677,248005938,103.9075,0003313965,2026-10-09T17:35:49+0900
2016.10,mlcc,CN,7928648,76304867,103.9075,0003313965,2026-10-09T17:35:49+0900
2016.10,mlcc,KR,1834409,17654250,103.9075,0003313965,2026-10-09T17:35:49+0900
2016.10,mlcc,OTHER,11733147,112919154,103.9075,0003313965,2026-10-09T17:35:49+0900
2016.10,mlcc,TW,1236810,11902991,103.9075,0003313965,2026-10-09T17:35:49+0900
2016.10,mlcc,US,2345984,22577620,103.9075,0003313965,2026-10-09T17:35:49+0900
2016.10,mlcc,VN,653399,6288276,103.9075,0003313965,2026-10-09T17:35:49+0900
2016.10,mlcc,WORLD,25732397,247647157,103.9075,0003313965,2026-10-09T17:35:49+0900
2016.10,pcb,CN,5481243,52751178,103.9075,0003313965,2026-10-09T17:35:49+0900
2016.10,pcb,KR,2660574,25605216,103.9075,0003313965,2026-10-09T17:35:49+0900
2016.10,pcb,OTHER,10136230,97550514,103.9075,0003313965,2026-10-09T17:35:49+0900
2016.10,pcb,TW,2494477,24006708,103.9075,0003313965,2026-10-09T17:35:49+0900
2016.10,pcb,US,1788402,17211481,103.9075,0003313965,2026-10-09T17:35:49+0900
2016.10,pcb,VN,601133,5785271,103.9075,0003313965,2026-10-09T17:35:49+0900
2016.10,pcb,WORLD,23162059,222910367,103.9075,0003313965,2026-10-09T17:35:49+0900
2016.10,photoresist,CN,3540881,34077242,103.9075,0003313965,2026-10-09T17:35:49+0900
2016.10,photoresist,KR,1795439,17279205,103.9075,0003313965,2026-10-09T17:35:49+0900
2016.10,photoresist,OTHER,7733039,74422337,103.9075,0003313965,2026-10-09T17:35:49+0900
2016.10,photoresist,TW,4272371,41117061,103.9075,0003313965,2026-10-09T17:35:49+0900
2016.10,photoresist,US,5883795,56625316,103.9075,0003313965,2026-10-09T17:35:49+0900
2016.10,photoresist,VN,260315,2505257,103.9075,0003313965,2026-10-09T17:35:49+0900
2016.10,photoresist,WORLD,23485840,226026418,103.9075,0003313965,2026-10-09T17:35:49+0900
2016.10,semi_equip,CN,30310932,291710723,103.9075,0003313965,2026-10-09T17:35:49+0900
2016.10,semi_equip,KR,36623566,352463162,103.9075,0003313965,2026-10-09T17:35:49+0900
2016.10,semi_equip,OTHER,18917443,182060419,103.9075,0003313965,2026-10-09T17:35:49+0900
2016.10,semi_equip,TW,56057449,539493771,103.9075,0003313965,2026-10-09T17:35:49+0900
2016.10,semi_equip,US,19787325,190432115,103.9075,0003313965,2026-10-09T17:35:49+0900
2016.10,semi_equip,VN,111535,1073407,103.9075,0003313965,2026-10-09T17:35:49+0900
2016.10,semi_equip,WORLD,161808250,1557233597,103.9075,0003313965,2026-10-09T17:35:49+0900
2016.10,semi_fab_equip,CN,5782726,55652633,103.9075,0003313965,2026-10-09T17:35:49+0900
2016.10,semi_fab_equip,KR,12314557,118514612,103.9075,0003313965,2026-10-09T17:35:49+0900
2016.10,semi_fab_equip,OTHER,11715734,112751572,103.9075,0003313965,2026-10-09T17:35:49+0900
2016.10,semi_fab_equip,TW,41847741,402740332,103.9075,0003313965,2026-10-09T17:35:49+0900
2016.10,semi_fab_equip,US,8631990,83073792,103.9075,0003313965,2026-10-09T17:35:49+0900
2016.10,semi_fab_equip,VN,1034,9951,103.9075,0003313965,2026-10-09T17:35:49+0900
2016.10,semi_fab_equip,WORLD,80293782,772742892,103.9075,0003313965,2026-10-09T17:35:49+0900
2016.10,semi_test,CN,619631,5963294,103.9075,0003313965,2026-10-09T17:35:49+0900
2016.10,semi_test,KR,387789,3732060,103.9075,0003313965,2026-10-09T17:35:49+0900
2016.10,semi_test,OTHER,846705,8148642,103.9075,0003313965,2026-10-09T17:35:49+0900
2016.10,semi_test,TW,1068740,10285494,103.9075,0003313965,2026-10-09T17:35:49+0900
2016.10,semi_test,US,529034,5091394,103.9075,0003313965,2026-10-09T17:35:49+0900
2016.10,semi_test,VN,0,0,103.9075,0003313965,2026-10-09T17:35:49+0900
2016.10,semi_test,WORLD,3451899,33220884,103.9075,0003313965,2026-10-09T17:35:49+0900
2016.10,transformer,CN,7445451,71654606,103.9075,0003313965,2026-10-09T17:35:49+0900
2016.10,transformer,KR,2649005,25493877,103.9075,0003313965,2026-10-09T17:35:49+0900
2016.10,transformer,OTHER,16183307,155747246,103.9075,0003313965,2026-10-09T17:35:49+0900
2016.10,transformer,TW,1720399,16557024,103.9075,0003313965,2026-10-09T17:35:49+0900
2016.10,transformer,US,5883146,56619070,103.9075,0003313965,2026-10-09T17:35:49+0900
2016.10,transformer,VN,585456,5634396,103.9075,0003313965,2026-10-09T17:35:49+0900
2016.10,transformer,WORLD,34466764,331706219,103.9075,0003313965,2026-10-09T17:35:49+0900
2016.10,transformer_large,OTHER,185934,1789418,103.9075,0003313965,2026-10-09T17:35:49+0900
2016.10,transformer_large,US,0,0,103.9075,0003313965,2026-10-09T17:35:49+0900
2016.10,transformer_large,WORLD,185934,1789418,103.9075,0003313965,2026-10-09T17:35:49+0900
2016.10,wafer,CN,2678411,25776878,103.9075,0003313965,2026-10-09T17:35:49+0900
2016.10,wafer,KR,4198295,40404158,103.9075,0003313965,2026-10-09T17:35:49+0900
2016.10,wafer,OTHER,4810990,46300700,103.9075,0003313965,2026-10-09T17:35:49+0900
2016.10,wafer,TW,6990765,67278733,103.9075,0003313965,2026-10-09T17:35:49+0900
2016.10,wafer,US,4892221,47082463,103.9075,0003313965,2026-10-09T17:35:49+0900
2016.10,wafer,VN,454,4369,103.9075,0003313965,2026-10-09T17:35:49+0900
2016.10,wafer,WORLD,23571136,226847302,103.9075,0003313965,2026-10-09T17:35:49+0900
2016.11,discrete,CN,19699638,181658918,108.4430,0003313965,2026-10-09T17:35:49+0900
2016.11,discrete,KR,3572236,32941140,108.4430,0003313965,2026-10-09T17:35:49+0900
2016.11,discrete,OTHER,41804143,385494158,108.4430,0003313965,2026-10-09T17:35:49+0900
2016.11,discrete,TW,4888913,45082790,108.4430,0003313965,2026-10-09T17:35:49+0900
2016.11,discrete,US,6922985,63839851,108.4430,0003313965,2026-10-09T17:35:49+0900
2016.11,discrete,VN,1587522,14639230,108.4430,0003313965,2026-10-09T17:35:49+0900
2016.11,discrete,WORLD,78475437,723656087,108.4430,0003313965,2026-10-09T17:35:49+0900
2016.11,ic,CN,60322484,556259823,108.4430,0003313965,2026-10-09T17:35:49+0900
2016.11,ic,KR,23918101,220559197,108.4430,0003313965,2026-10-09T17:35:49+0900
2016.11,ic,OTHER,85128478,785006667,108.4430,0003313965,2026-10-09T17:35:49+0900
2016.11,ic,TW,42945663,396020610,108.4430,0003313965,2026-10-09T17:35:49+0900
2016.11,ic,US,11622800,107178887,108.4430,0003313965,2026-10-09T17:35:49+0900
2016.11,ic,VN,9715689,89592588,108.4430,0003313965,2026-10-09T17:35:49+0900
2016.11,ic,WORLD,233653215,2154617772,108.4430,0003313965,2026-10-09T17:35:49+0900
2016.11,liion,CN,3982709,36726289,108.4430,0003313965,2026-10-09T17:35:49+0900
2016.11,liion,KR,421233,3884372,108.4430,0003313965,2026-10-09T17:35:49+0900
2016.11,liion,OTHER,6749760,62242468,108.4430,0003313965,2026-10-09T17:35:49+0900
2016.11,liion,TW,399510,3684055,108.4430,0003313965,2026-10-09T17:35:49+0900
2016.11,liion,US,14834374,136794205,108.4430,0003313965,2026-10-09T17:35:49+0900
2016.11,liion,VN,214002,1973405,108.4430,0003313965,2026-10-09T17:35:49+0900
2016.11,liion,WORLD,26601588,245304796,108.4430,0003313965,2026-10-09T17:35:49+0900
2016.11,mlcc,CN,7676451,70787889,108.4430,0003313965,2026-10-09T17:35:49+0900
2016.11,mlcc,KR,1971160,18176922,108.4430,0003313965,2026-10-09T17:35:49+0900
2016.11,mlcc,OTHER,11186899,103159254,108.4430,0003313965,2026-10-09T17:35:49+0900
2016.11,mlcc,TW,1282291,11824562,108.4430,0003313965,2026-10-09T17:35:49+0900
2016.11,mlcc,US,2148675,19813865,108.4430,0003313965,2026-10-09T17:35:49+0900
2016.11,mlcc,VN,544350,5019688,108.4430,0003313965,2026-10-09T17:35:49+0900
2016.11,mlcc,WORLD,24809826,228782181,108.4430,0003313965,2026-10-09T17:35:49+0900
2016.11,pcb,CN,5575120,51410603,108.4430,0003313965,2026-10-09T17:35:49+0900
2016.11,pcb,KR,2525901,23292430,108.4430,0003313965,2026-10-09T17:35:49+0900
2016.11,pcb,OTHER,9265813,85444086,108.4430,0003313965,2026-10-09T17:35:49+0900
2016.11,pcb,TW,2418705,22303929,108.4430,0003313965,2026-10-09T17:35:49+0900
2016.11,pcb,US,1842015,16986020,108.4430,0003313965,2026-10-09T17:35:49+0900
2016.11,pcb,VN,751795,6932628,108.4430,0003313965,2026-10-09T17:35:49+0900
2016.11,pcb,WORLD,22379349,206369697,108.4430,0003313965,2026-10-09T17:35:49+0900
2016.11,photoresist,CN,3476208,32055624,108.4430,0003313965,2026-10-09T17:35:49+0900
2016.11,photoresist,KR,2209467,20374455,108.4430,0003313965,2026-10-09T17:35:49+0900
2016.11,photoresist,OTHER,7194673,66345204,108.4430,0003313965,2026-10-09T17:35:49+0900
2016.11,photoresist,TW,4457655,41105973,108.4430,0003313965,2026-10-09T17:35:49+0900
2016.11,photoresist,US,4887465,45069437,108.4430,0003313965,2026-10-09T17:35:49+0900
2016.11,photoresist,VN,366343,3378208,108.4430,0003313965,2026-10-09T17:35:49+0900
2016.11,photoresist,WORLD,22591811,208328901,108.4430,0003313965,2026-10-09T17:35:49+0900
2016.11,semi_equip,CN,43340908,399665336,108.4430,0003313965,2026-10-09T17:35:49+0900
2016.11,semi_equip,KR,39278661,362205592,108.4430,0003313965,2026-10-09T17:35:49+0900
2016.11,semi_equip,OTHER,17022494,156971810,108.4430,0003313965,2026-10-09T17:35:49+0900
2016.11,semi_equip,TW,39806177,367070046,108.4430,0003313965,2026-10-09T17:35:49+0900
2016.11,semi_equip,US,13594294,125358889,108.4430,0003313965,2026-10-09T17:35:49+0900
2016.11,semi_equip,VN,116152,1071088,108.4430,0003313965,2026-10-09T17:35:49+0900
2016.11,semi_equip,WORLD,153158686,1412342761,108.4430,0003313965,2026-10-09T17:35:49+0900
2016.11,semi_fab_equip,CN,5832504,53784052,108.4430,0003313965,2026-10-09T17:35:49+0900
2016.11,semi_fab_equip,KR,11155293,102867802,108.4430,0003313965,2026-10-09T17:35:49+0900
2016.11,semi_fab_equip,OTHER,9264686,85433693,108.4430,0003313965,2026-10-09T17:35:49+0900
2016.11,semi_fab_equip,TW,26646276,245716884,108.4430,0003313965,2026-10-09T17:35:49+0900
2016.11,semi_fab_equip,US,4935509,45512472,108.4430,0003313965,2026-10-09T17:35:49+0900
2016.11,semi_fab_equip,VN,25479,234953,108.4430,0003313965,2026-10-09T17:35:49+0900
2016.11,semi_fab_equip,WORLD,57859747,533549856,108.4430,0003313965,2026-10-09T17:35:49+0900
2016.11,semi_test,CN,1820345,16786192,108.4430,0003313965,2026-10-09T17:35:49+0900
2016.11,semi_test,KR,576565,5316756,108.4430,0003313965,2026-10-09T17:35:49+0900
2016.11,semi_test,OTHER,1358103,12523658,108.4430,0003313965,2026-10-09T17:35:49+0900
2016.11,semi_test,TW,2727789,25154127,108.4430,0003313965,2026-10-09T17:35:49+0900
2016.11,semi_test,US,481257,4437880,108.4430,0003313965,2026-10-09T17:35:49+0900
2016.11,semi_test,VN,9328,86018,108.4430,0003313965,2026-10-09T17:35:49+0900
2016.11,semi_test,WORLD,6973387,64304630,108.4430,0003313965,2026-10-09T17:35:49+0900
2016.11,transformer,CN,6846192,63131710,108.4430,0003313965,2026-10-09T17:35:49+0900
2016.11,transformer,KR,2662604,24553028,108.4430,0003313965,2026-10-09T17:35:49+0900
2016.11,transformer,OTHER,17132164,157983125,108.4430,0003313965,2026-10-09T17:35:49+0900
2016.11,transformer,TW,1696147,15640908,108.4430,0003313965,2026-10-09T17:35:49+0900
2016.11,transformer,US,6505510,59990133,108.4430,0003313965,2026-10-09T17:35:49+0900
2016.11,transformer,VN,421031,3882510,108.4430,0003313965,2026-10-09T17:35:49+0900
2016.11,transformer,WORLD,35263648,325181413,108.4430,0003313965,2026-10-09T17:35:49+0900
2016.11,transformer_large,OTHER,38936,359046,108.4430,0003313965,2026-10-09T17:35:49+0900
2016.11,transformer_large,US,479491,4421595,108.4430,0003313965,2026-10-09T17:35:49+0900
2016.11,transformer_large,WORLD,518427,4780641,108.4430,0003313965,2026-10-09T17:35:49+0900
2016.11,wafer,CN,2286419,21084063,108.4430,0003313965,2026-10-09T17:35:49+0900
2016.11,wafer,KR,5110291,47124213,108.4430,0003313965,2026-10-09T17:35:49+0900
2016.11,wafer,OTHER,4927577,45439328,108.4430,0003313965,2026-10-09T17:35:49+0900
2016.11,wafer,TW,7381020,68063591,108.4430,0003313965,2026-10-09T17:35:49+0900
2016.11,wafer,US,4757515,43871112,108.4430,0003313965,2026-10-09T17:35:49+0900
2016.11,wafer,VN,0,0,108.4430,0003313965,2026-10-09T17:35:49+0900
2016.11,wafer,WORLD,24462822,225582306,108.4430,0003313965,2026-10-09T17:35:49+0900
2016.12,discrete,CN,23621625,203638034,115.9981,0003313965,2026-10-09T17:35:49+0900
2016.12,discrete,KR,3920605,33798873,115.9981,0003313965,2026-10-09T17:35:49+0900
2016.12,discrete,OTHER,47308104,407835163,115.9981,0003313965,2026-10-09T17:35:49+0900
2016.12,discrete,TW,4548639,39213047,115.9981,0003313965,2026-10-09T17:35:49+0900
2016.12,discrete,US,8386292,72296805,115.9981,0003313965,2026-10-09T17:35:49+0900
2016.12,discrete,VN,2585975,22293253,115.9981,0003313965,2026-10-09T17:35:49+0900
2016.12,discrete,WORLD,90371240,779075175,115.9981,0003313965,2026-10-09T17:35:49+0900
2016.12,ic,CN,64671386,557521080,115.9981,0003313965,2026-10-09T17:35:49+0900
2016.12,ic,KR,25243228,217617599,115.9981,0003313965,2026-10-09T17:35:49+0900
2016.12,ic,OTHER,92096367,793947203,115.9981,0003313965,2026-10-09T17:35:49+0900
2016.12,ic,TW,50878497,438614917,115.9981,0003313965,2026-10-09T17:35:49+0900
2016.12,ic,US,12231293,105443908,115.9981,0003313965,2026-10-09T17:35:49+0900
2016.12,ic,VN,10457183,90149606,115.9981,0003313965,2026-10-09T17:35:49+0900
2016.12,ic,WORLD,255577954,2203294313,115.9981,0003313965,2026-10-09T17:35:49+0900
2016.12,liion,CN,4349562,37496838,115.9981,0003313965,2026-10-09T17:35:49+0900
2016.12,liion,KR,469135,4044333,115.9981,0003313965,2026-10-09T17:35:49+0900
2016.12,liion,OTHER,8874223,76503175,115.9981,0003313965,2026-10-09T17:35:49+0900
2016.12,liion,TW,392688,3385297,115.9981,0003313965,2026-10-09T17:35:49+0900
2016.12,liion,US,13898916,119820204,115.9981,0003313965,2026-10-09T17:35:49+0900
2016.12,liion,VN,140674,1212727,115.9981,0003313965,2026-10-09T17:35:49+0900
2016.12,liion,WORLD,28125198,242462575,115.9981,0003313965,2026-10-09T17:35:49+0900
2016.12,mlcc,CN,8333090,71838159,115.9981,0003313965,2026-10-09T17:35:49+0900
2016.12,mlcc,KR,1921704,16566685,115.9981,0003313965,2026-10-09T17:35:49+0900
2016.12,mlcc,OTHER,12815229,110477922,115.9981,0003313965,2026-10-09T17:35:49+0900
2016.12,mlcc,TW,1422364,12261959,115.9981,0003313965,2026-10-09T17:35:49+0900
2016.12,mlcc,US,2345251,20218012,115.9981,0003313965,2026-10-09T17:35:49+0900
2016.12,mlcc,VN,557784,4808562,115.9981,0003313965,2026-10-09T17:35:49+0900
2016.12,mlcc,WORLD,27395422,236171299,115.9981,0003313965,2026-10-09T17:35:49+0900
2016.12,pcb,CN,6668292,57486217,115.9981,0003313965,2026-10-09T17:35:49+0900
2016.12,pcb,KR,2724892,23490833,115.9981,0003313965,2026-10-09T17:35:49+0900
2016.12,pcb,OTHER,10199326,87926664,115.9981,0003313965,2026-10-09T17:35:49+0900
2016.12,pcb,TW,2367762,20412076,115.9981,0003313965,2026-10-09T17:35:49+0900
2016.12,pcb,US,1780933,15353122,115.9981,0003313965,2026-10-09T17:35:49+0900
2016.12,pcb,VN,758993,6543150,115.9981,0003313965,2026-10-09T17:35:49+0900
2016.12,pcb,WORLD,24500198,211212063,115.9981,0003313965,2026-10-09T17:35:49+0900
2016.12,photoresist,CN,4421169,38114150,115.9981,0003313965,2026-10-09T17:35:49+0900
2016.12,photoresist,KR,2204156,19001656,115.9981,0003313965,2026-10-09T17:35:49+0900
2016.12,photoresist,OTHER,9233775,79602812,115.9981,0003313965,2026-10-09T17:35:49+0900
2016.12,photoresist,TW,5563458,47961630,115.9981,0003313965,2026-10-09T17:35:49+0900
2016.12,photoresist,US,6715279,57891284,115.9981,0003313965,2026-10-09T17:35:49+0900
2016.12,photoresist,VN,425303,3666465,115.9981,0003313965,2026-10-09T17:35:49+0900
2016.12,photoresist,WORLD,28563140,246237999,115.9981,0003313965,2026-10-09T17:35:49+0900
2016.12,semi_equip,CN,60394006,520646511,115.9981,0003313965,2026-10-09T17:35:49+0900
2016.12,semi_equip,KR,60211313,519071545,115.9981,0003313965,2026-10-09T17:35:49+0900
2016.12,semi_equip,OTHER,16574797,142888521,115.9981,0003313965,2026-10-09T17:35:49+0900
2016.12,semi_equip,TW,67380298,580874152,115.9981,0003313965,2026-10-09T17:35:49+0900
2016.12,semi_equip,US,24225105,208840533,115.9981,0003313965,2026-10-09T17:35:49+0900
2016.12,semi_equip,VN,335342,2890927,115.9981,0003313965,2026-10-09T17:35:49+0900
2016.12,semi_equip,WORLD,229120861,1975212189,115.9981,0003313965,2026-10-09T17:35:49+0900
2016.12,semi_fab_equip,CN,10526755,90749374,115.9981,0003313965,2026-10-09T17:35:49+0900
2016.12,semi_fab_equip,KR,29101937,250882877,115.9981,0003313965,2026-10-09T17:35:49+0900
2016.12,semi_fab_equip,OTHER,7966604,68678746,115.9981,0003313965,2026-10-09T17:35:49+0900
2016.12,semi_fab_equip,TW,46205827,398332619,115.9981,0003313965,2026-10-09T17:35:49+0900
2016.12,semi_fab_equip,US,8007281,69029415,115.9981,0003313965,2026-10-09T17:35:49+0900
2016.12,semi_fab_equip,VN,135707,1169907,115.9981,0003313965,2026-10-09T17:35:49+0900
2016.12,semi_fab_equip,WORLD,101944111,878842938,115.9981,0003313965,2026-10-09T17:35:49+0900
2016.12,semi_test,CN,2459114,21199606,115.9981,0003313965,2026-10-09T17:35:49+0900
2016.12,semi_test,KR,1238241,10674666,115.9981,0003313965,2026-10-09T17:35:49+0900
2016.12,semi_test,OTHER,1534534,13228958,115.9981,0003313965,2026-10-09T17:35:49+0900
2016.12,semi_test,TW,1549086,13354408,115.9981,0003313965,2026-10-09T17:35:49+0900
2016.12,semi_test,US,366234,3157241,115.9981,0003313965,2026-10-09T17:35:49+0900
2016.12,semi_test,VN,51651,445275,115.9981,0003313965,2026-10-09T17:35:49+0900
2016.12,semi_test,WORLD,7198860,62060154,115.9981,0003313965,2026-10-09T17:35:49+0900
2016.12,transformer,CN,7692957,66319681,115.9981,0003313965,2026-10-09T17:35:49+0900
2016.12,transformer,KR,2496649,21523189,115.9981,0003313965,2026-10-09T17:35:49+0900
2016.12,transformer,OTHER,19392840,167182394,115.9981,0003313965,2026-10-09T17:35:49+0900
2016.12,transformer,TW,2114777,18231135,115.9981,0003313965,2026-10-09T17:35:49+0900
2016.12,transformer,US,8393902,72362409,115.9981,0003313965,2026-10-09T17:35:49+0900
2016.12,transformer,VN,700540,6039237,115.9981,0003313965,2026-10-09T17:35:49+0900
2016.12,transformer,WORLD,40791665,351658044,115.9981,0003313965,2026-10-09T17:35:49+0900
2016.12,transformer_large,OTHER,1311590,11306996,115.9981,0003313965,2026-10-09T17:35:49+0900
2016.12,transformer_large,US,599925,5171852,115.9981,0003313965,2026-10-09T17:35:49+0900
2016.12,transformer_large,WORLD,1911515,16478847,115.9981,0003313965,2026-10-09T17:35:49+0900
2016.12,wafer,CN,2727179,23510549,115.9981,0003313965,2026-10-09T17:35:49+0900
2016.12,wafer,KR,4744581,40902230,115.9981,0003313965,2026-10-09T17:35:49+0900
2016.12,wafer,OTHER,6146521,52988118,115.9981,0003313965,2026-10-09T17:35:49+0900
2016.12,wafer,TW,8404585,72454506,115.9981,0003313965,2026-10-09T17:35:49+0900
2016.12,wafer,US,5679032,48957974,115.9981,0003313965,2026-10-09T17:35:49+0900
2016.12,wafer,VN,454,3914,115.9981,0003313965,2026-10-09T17:35:49+0900
2016.12,wafer,WORLD,27702352,238817291,115.9981,0003313965,2026-10-09T17:35:49+0900
2017.01,discrete,CN,17040900,148346726,114.8721,0003313965,2026-10-09T17:35:49+0900
2017.01,discrete,KR,3504007,30503551,114.8721,0003313965,2026-10-09T17:35:49+0900
2017.01,discrete,OTHER,37696485,328160493,114.8721,0003313965,2026-10-09T17:35:49+0900
2017.01,discrete,TW,3920939,34133084,114.8721,0003313965,2026-10-09T17:35:49+0900
2017.01,discrete,US,7224609,62892635,114.8721,0003313965,2026-10-09T17:35:49+0900
2017.01,discrete,VN,1527913,13300993,114.8721,0003313965,2026-10-09T17:35:49+0900
2017.01,discrete,WORLD,70914853,617337482,114.8721,0003313965,2026-10-09T17:35:49+0900
2017.01,ic,CN,55140490,480016383,114.8721,0003313965,2026-10-09T17:35:49+0900
2017.01,ic,KR,22547885,196286870,114.8721,0003313965,2026-10-09T17:35:49+0900
2017.01,ic,OTHER,80591368,701574778,114.8721,0003313965,2026-10-09T17:35:49+0900
2017.01,ic,TW,42663544,371400401,114.8721,0003313965,2026-10-09T17:35:49+0900
2017.01,ic,US,10423575,90740702,114.8721,0003313965,2026-10-09T17:35:49+0900
2017.01,ic,VN,7762726,67577123,114.8721,0003313965,2026-10-09T17:35:49+0900
2017.01,ic,WORLD,219129588,1907596257,114.8721,0003313965,2026-10-09T17:35:49+0900
2017.01,liion,CN,3230298,28120823,114.8721,0003313965,2026-10-09T17:35:49+0900
2017.01,liion,KR,474853,4133754,114.8721,0003313965,2026-10-09T17:35:49+0900
2017.01,liion,OTHER,6474797,56365271,114.8721,0003313965,2026-10-09T17:35:49+0900
2017.01,liion,TW,427903,3725039,114.8721,0003313965,2026-10-09T17:35:49+0900
2017.01,liion,US,11090889,96549893,114.8721,0003313965,2026-10-09T17:35:49+0900
2017.01,liion,VN,106615,928119,114.8721,0003313965,2026-10-09T17:35:49+0900
2017.01,liion,WORLD,21805355,189822899,114.8721,0003313965,2026-10-09T17:35:49+0900
2017.01,mlcc,CN,7303295,63577622,114.8721,0003313965,2026-10-09T17:35:49+0900
2017.01,mlcc,KR,2102372,18301850,114.8721,0003313965,2026-10-09T17:35:49+0900
2017.01,mlcc,OTHER,10820487,94195954,114.8721,0003313965,2026-10-09T17:35:49+0900
2017.01,mlcc,TW,1113498,9693372,114.8721,0003313965,2026-10-09T17:35:49+0900
2017.01,mlcc,US,2262601,19696697,114.8721,0003313965,2026-10-09T17:35:49+0900
2017.01,mlcc,VN,380360,3311161,114.8721,0003313965,2026-10-09T17:35:49+0900
2017.01,mlcc,WORLD,23982613,208776657,114.8721,0003313965,2026-10-09T17:35:49+0900
2017.01,pcb,CN,4864742,42349204,114.8721,0003313965,2026-10-09T17:35:49+0900
2017.01,pcb,KR,2313248,20137597,114.8721,0003313965,2026-10-09T17:35:49+0900
2017.01,pcb,OTHER,7866202,68477916,114.8721,0003313965,2026-10-09T17:35:49+0900
2017.01,pcb,TW,1963657,17094290,114.8721,0003313965,2026-10-09T17:35:49+0900
2017.01,pcb,US,1601101,13938119,114.8721,0003313965,2026-10-09T17:35:49+0900
2017.01,pcb,VN,412395,3590036,114.8721,0003313965,2026-10-09T17:35:49+0900
2017.01,pcb,WORLD,19021345,165587162,114.8721,0003313965,2026-10-09T17:35:49+0900
2017.01,photoresist,CN,3242329,28225557,114.8721,0003313965,2026-10-09T17:35:49+0900
2017.01,photoresist,KR,1903210,16568079,114.8721,0003313965,2026-10-09T17:35:49+0900
2017.01,photoresist,OTHER,7248856,63103713,114.8721,0003313965,2026-10-09T17:35:49+0900
2017.01,photoresist,TW,4085177,35562830,114.8721,0003313965,2026-10-09T17:35:49+0900
2017.01,photoresist,US,6072232,52860808,114.8721,0003313965,2026-10-09T17:35:49+0900
2017.01,photoresist,VN,207264,1804302,114.8721,0003313965,2026-10-09T17:35:49+0900
2017.01,photoresist,WORLD,22759068,198125289,114.8721,0003313965,2026-10-09T17:35:49+0900
2017.01,semi_equip,CN,48575987,422870192,114.8721,0003313965,2026-10-09T17:35:49+0900
2017.01,semi_equip,KR,55323311,481607901,114.8721,0003313965,2026-10-09T17:35:49+0900
2017.01,semi_equip,OTHER,18733694,163083064,114.8721,0003313965,2026-10-09T17:35:49+0900
2017.01,semi_equip,TW,41760285,363537230,114.8721,0003313965,2026-10-09T17:35:49+0900
2017.01,semi_equip,US,20759406,180717563,114.8721,0003313965,2026-10-09T17:35:49+0900
2017.01,semi_equip,VN,162540,1414965,114.8721,0003313965,2026-10-09T17:35:49+0900
2017.01,semi_equip,WORLD,185315223,1613230915,114.8721,0003313965,2026-10-09T17:35:49+0900
2017.01,semi_fab_equip,CN,8197455,71361584,114.8721,0003313965,2026-10-09T17:35:49+0900
2017.01,semi_fab_equip,KR,24548969,213706975,114.8721,0003313965,2026-10-09T17:35:49+0900
2017.01,semi_fab_equip,OTHER,10134307,88222527,114.8721,0003313965,2026-10-09T17:35:49+0900
2017.01,semi_fab_equip,TW,28296380,246329439,114.8721,0003313965,2026-10-09T17:35:49+0900
2017.01,semi_fab_equip,US,11519878,100284386,114.8721,0003313965,2026-10-09T17:35:49+0900
2017.01,semi_fab_equip,VN,0,0,114.8721,0003313965,2026-10-09T17:35:49+0900
2017.01,semi_fab_equip,WORLD,82696989,719904912,114.8721,0003313965,2026-10-09T17:35:49+0900
2017.01,semi_test,CN,1438677,12524164,114.8721,0003313965,2026-10-09T17:35:49+0900
2017.01,semi_test,KR,797163,6939570,114.8721,0003313965,2026-10-09T17:35:49+0900
2017.01,semi_test,OTHER,778943,6780959,114.8721,0003313965,2026-10-09T17:35:49+0900
2017.01,semi_test,TW,1213993,10568215,114.8721,0003313965,2026-10-09T17:35:49+0900
2017.01,semi_test,US,675449,5880009,114.8721,0003313965,2026-10-09T17:35:49+0900
2017.01,semi_test,VN,0,0,114.8721,0003313965,2026-10-09T17:35:49+0900
2017.01,semi_test,WORLD,4904225,42692917,114.8721,0003313965,2026-10-09T17:35:49+0900
2017.01,transformer,CN,5610501,48841285,114.8721,0003313965,2026-10-09T17:35:49+0900
2017.01,transformer,KR,1867505,16257255,114.8721,0003313965,2026-10-09T17:35:49+0900
2017.01,transformer,OTHER,14035916,122187337,114.8721,0003313965,2026-10-09T17:35:49+0900
2017.01,transformer,TW,1203360,10475651,114.8721,0003313965,2026-10-09T17:35:49+0900
2017.01,transformer,US,5216203,45408789,114.8721,0003313965,2026-10-09T17:35:49+0900
2017.01,transformer,VN,324373,2823775,114.8721,0003313965,2026-10-09T17:35:49+0900
2017.01,transformer,WORLD,28257858,245994093,114.8721,0003313965,2026-10-09T17:35:49+0900
2017.01,transformer_large,KR,0,0,114.8721,0003313965,2026-10-09T17:35:49+0900
2017.01,transformer_large,OTHER,1550564,13498178,114.8721,0003313965,2026-10-09T17:35:49+0900
2017.01,transformer_large,TW,0,0,114.8721,0003313965,2026-10-09T17:35:49+0900
2017.01,transformer_large,US,0,0,114.8721,0003313965,2026-10-09T17:35:49+0900
2017.01,transformer_large,WORLD,1550564,13498178,114.8721,0003313965,2026-10-09T17:35:49+0900
2017.01,wafer,CN,2203860,19185337,114.8721,0003313965,2026-10-09T17:35:49+0900
2017.01,wafer,KR,4143077,36066869,114.8721,0003313965,2026-10-09T17:35:49+0900
2017.01,wafer,OTHER,5009835,43612287,114.8721,0003313965,2026-10-09T17:35:49+0900
2017.01,wafer,TW,8139775,70859460,114.8721,0003313965,2026-10-09T17:35:49+0900
2017.01,wafer,US,5288115,46034807,114.8721,0003313965,2026-10-09T17:35:49+0900
2017.01,wafer,VN,0,0,114.8721,0003313965,2026-10-09T17:35:49+0900
2017.01,wafer,WORLD,24784662,215758761,114.8721,0003313965,2026-10-09T17:35:49+0900
2017.02,discrete,CN,19925496,176469876,112.9116,0003313965,2026-10-09T17:35:49+0900
2017.02,discrete,KR,3623947,32095436,112.9116,0003313965,2026-10-09T17:35:49+0900
2017.02,discrete,OTHER,39264557,347745998,112.9116,0003313965,2026-10-09T17:35:49+0900
2017.02,discrete,TW,4680291,41450932,112.9116,0003313965,2026-10-09T17:35:49+0900
2017.02,discrete,US,8112248,71846011,112.9116,0003313965,2026-10-09T17:35:49+0900
2017.02,discrete,VN,2294627,20322332,112.9116,0003313965,2026-10-09T17:35:49+0900
2017.02,discrete,WORLD,77901166,689930583,112.9116,0003313965,2026-10-09T17:35:49+0900
2017.02,ic,CN,58210204,515537854,112.9116,0003313965,2026-10-09T17:35:49+0900
2017.02,ic,KR,20388926,180574237,112.9116,0003313965,2026-10-09T17:35:49+0900
2017.02,ic,OTHER,84760629,750681321,112.9116,0003313965,2026-10-09T17:35:49+0900
2017.02,ic,TW,47940997,424588767,112.9116,0003313965,2026-10-09T17:35:49+0900
2017.02,ic,US,11097752,98287085,112.9116,0003313965,2026-10-09T17:35:49+0900
2017.02,ic,VN,9473322,83900343,112.9116,0003313965,2026-10-09T17:35:49+0900
2017.02,ic,WORLD,231871830,2053569607,112.9116,0003313965,2026-10-09T17:35:49+0900
2017.02,liion,CN,3695243,32726868,112.9116,0003313965,2026-10-09T17:35:49+0900
2017.02,liion,KR,566576,5017872,112.9116,0003313965,2026-10-09T17:35:49+0900
2017.02,liion,OTHER,7677098,67992111,112.9116,0003313965,2026-10-09T17:35:49+0900
2017.02,liion,TW,553113,4898638,112.9116,0003313965,2026-10-09T17:35:49+0900
2017.02,liion,US,12325040,109156544,112.9116,0003313965,2026-10-09T17:35:49+0900
2017.02,liion,VN,152479,1350428,112.9116,0003313965,2026-10-09T17:35:49+0900
2017.02,liion,WORLD,24969549,221142460,112.9116,0003313965,2026-10-09T17:35:49+0900
2017.02,mlcc,CN,7367185,65247371,112.9116,0003313965,2026-10-09T17:35:49+0900
2017.02,mlcc,KR,2049503,18151395,112.9116,0003313965,2026-10-09T17:35:49+0900
2017.02,mlcc,OTHER,10361547,91766896,112.9116,0003313965,2026-10-09T17:35:49+0900
2017.02,mlcc,TW,1240026,10982273,112.9116,0003313965,2026-10-09T17:35:49+0900
2017.02,mlcc,US,2286094,20246759,112.9116,0003313965,2026-10-09T17:35:49+0900
2017.02,mlcc,VN,273205,2419636,112.9116,0003313965,2026-10-09T17:35:49+0900
2017.02,mlcc,WORLD,23577560,208814329,112.9116,0003313965,2026-10-09T17:35:49+0900
2017.02,pcb,CN,5742892,50861842,112.9116,0003313965,2026-10-09T17:35:49+0900
2017.02,pcb,KR,2122269,18795846,112.9116,0003313965,2026-10-09T17:35:49+0900
2017.02,pcb,OTHER,8229067,72880616,112.9116,0003313965,2026-10-09T17:35:49+0900
2017.02,pcb,TW,2265757,20066645,112.9116,0003313965,2026-10-09T17:35:49+0900
2017.02,pcb,US,1805880,15993751,112.9116,0003313965,2026-10-09T17:35:49+0900
2017.02,pcb,VN,534208,4731206,112.9116,0003313965,2026-10-09T17:35:49+0900
2017.02,pcb,WORLD,20700073,183329906,112.9116,0003313965,2026-10-09T17:35:49+0900
2017.02,photoresist,CN,4006626,35484627,112.9116,0003313965,2026-10-09T17:35:49+0900
2017.02,photoresist,KR,2006763,17772868,112.9116,0003313965,2026-10-09T17:35:49+0900
2017.02,photoresist,OTHER,7052912,62464016,112.9116,0003313965,2026-10-09T17:35:49+0900
2017.02,photoresist,TW,5069775,44900391,112.9116,0003313965,2026-10-09T17:35:49+0900
2017.02,photoresist,US,5210269,46144674,112.9116,0003313965,2026-10-09T17:35:49+0900
2017.02,photoresist,VN,306381,2713459,112.9116,0003313965,2026-10-09T17:35:49+0900
2017.02,photoresist,WORLD,23652726,209480036,112.9116,0003313965,2026-10-09T17:35:49+0900
2017.02,semi_equip,CN,68482092,606510686,112.9116,0003313965,2026-10-09T17:35:49+0900
2017.02,semi_equip,KR,59303996,525225008,112.9116,0003313965,2026-10-09T17:35:49+0900
2017.02,semi_equip,OTHER,20233912,179201358,112.9116,0003313965,2026-10-09T17:35:49+0900
2017.02,semi_equip,TW,47650013,422011671,112.9116,0003313965,2026-10-09T17:35:49+0900
2017.02,semi_equip,US,24909999,220615056,112.9116,0003313965,2026-10-09T17:35:49+0900
2017.02,semi_equip,VN,356761,3159649,112.9116,0003313965,2026-10-09T17:35:49+0900
2017.02,semi_equip,WORLD,220936773,1956723428,112.9116,0003313965,2026-10-09T17:35:49+0900
2017.02,semi_fab_equip,CN,16352132,144822427,112.9116,0003313965,2026-10-09T17:35:49+0900
2017.02,semi_fab_equip,KR,28118389,249030117,112.9116,0003313965,2026-10-09T17:35:49+0900
2017.02,semi_fab_equip,OTHER,11052202,97883672,112.9116,0003313965,2026-10-09T17:35:49+0900
2017.02,semi_fab_equip,TW,28479253,252226104,112.9116,0003313965,2026-10-09T17:35:49+0900
2017.02,semi_fab_equip,US,7335976,64970968,112.9116,0003313965,2026-10-09T17:35:49+0900
2017.02,semi_fab_equip,VN,80529,713204,112.9116,0003313965,2026-10-09T17:35:49+0900
2017.02,semi_fab_equip,WORLD,91418481,809646493,112.9116,0003313965,2026-10-09T17:35:49+0900
2017.02,semi_test,CN,716857,6348834,112.9116,0003313965,2026-10-09T17:35:49+0900
2017.02,semi_test,KR,1351538,11969877,112.9116,0003313965,2026-10-09T17:35:49+0900
2017.02,semi_test,OTHER,489600,4336136,112.9116,0003313965,2026-10-09T17:35:49+0900
2017.02,semi_test,TW,2086292,18477216,112.9116,0003313965,2026-10-09T17:35:49+0900
2017.02,semi_test,US,241161,2135839,112.9116,0003313965,2026-10-09T17:35:49+0900
2017.02,semi_test,VN,8260,73155,112.9116,0003313965,2026-10-09T17:35:49+0900
2017.02,semi_test,WORLD,4893708,43341056,112.9116,0003313965,2026-10-09T17:35:49+0900
2017.02,transformer,CN,6857138,60730146,112.9116,0003313965,2026-10-09T17:35:49+0900
2017.02,transformer,KR,2882159,25525801,112.9116,0003313965,2026-10-09T17:35:49+0900
2017.02,transformer,OTHER,16964266,150243784,112.9116,0003313965,2026-10-09T17:35:49+0900
2017.02,transformer,TW,1645430,14572728,112.9116,0003313965,2026-10-09T17:35:49+0900
2017.02,transformer,US,5985435,53009921,112.9116,0003313965,2026-10-09T17:35:49+0900
2017.02,transformer,VN,683491,6053328,112.9116,0003313965,2026-10-09T17:35:49+0900
2017.02,transformer,WORLD,35017919,310135708,112.9116,0003313965,2026-10-09T17:35:49+0900
2017.02,transformer_large,KR,0,0,112.9116,0003313965,2026-10-09T17:35:49+0900
2017.02,transformer_large,OTHER,566384,5016172,112.9116,0003313965,2026-10-09T17:35:49+0900
2017.02,transformer_large,TW,0,0,112.9116,0003313965,2026-10-09T17:35:49+0900
2017.02,transformer_large,US,0,0,112.9116,0003313965,2026-10-09T17:35:49+0900
2017.02,transformer_large,WORLD,566384,5016172,112.9116,0003313965,2026-10-09T17:35:49+0900
2017.02,wafer,CN,3343828,29614566,112.9116,0003313965,2026-10-09T17:35:49+0900
2017.02,wafer,KR,4067534,36024058,112.9116,0003313965,2026-10-09T17:35:49+0900
2017.02,wafer,OTHER,5545960,49117717,112.9116,0003313965,2026-10-09T17:35:49+0900
2017.02,wafer,TW,8224300,72838397,112.9116,0003313965,2026-10-09T17:35:49+0900
2017.02,wafer,US,4559137,40377933,112.9116,0003313965,2026-10-09T17:35:49+0900
2017.02,wafer,VN,2017,17864,112.9116,0003313965,2026-10-09T17:35:49+0900
2017.02,wafer,WORLD,25742776,227990534,112.9116,0003313965,2026-10-09T17:35:49+0900
2017.03,discrete,CN,21554610,190889817,112.9165,0003313965,2026-10-09T17:35:49+0900
2017.03,discrete,KR,3727306,33009401,112.9165,0003313965,2026-10-09T17:35:49+0900
2017.03,discrete,OTHER,44864686,397326219,112.9165,0003313965,2026-10-09T17:35:49+0900
2017.03,discrete,TW,5084169,45025917,112.9165,0003313965,2026-10-09T17:35:49+0900
2017.03,discrete,US,9438657,83589706,112.9165,0003313965,2026-10-09T17:35:49+0900
2017.03,discrete,VN,2090071,18509881,112.9165,0003313965,2026-10-09T17:35:49+0900
2017.03,discrete,WORLD,86759499,768350941,112.9165,0003313965,2026-10-09T17:35:49+0900
2017.03,ic,CN,60376047,534696408,112.9165,0003313965,2026-10-09T17:35:49+0900
2017.03,ic,KR,21055699,186471410,112.9165,0003313965,2026-10-09T17:35:49+0900
2017.03,ic,OTHER,87812499,777676416,112.9165,0003313965,2026-10-09T17:35:49+0900
2017.03,ic,TW,50957059,451280893,112.9165,0003313965,2026-10-09T17:35:49+0900
2017.03,ic,US,13546910,119972812,112.9165,0003313965,2026-10-09T17:35:49+0900
2017.03,ic,VN,8237411,72951349,112.9165,0003313965,2026-10-09T17:35:49+0900
2017.03,ic,WORLD,241985625,2143049289,112.9165,0003313965,2026-10-09T17:35:49+0900
2017.03,liion,CN,4894831,43349121,112.9165,0003313965,2026-10-09T17:35:49+0900
2017.03,liion,KR,452384,4006359,112.9165,0003313965,2026-10-09T17:35:49+0900
2017.03,liion,OTHER,7381954,65375335,112.9165,0003313965,2026-10-09T17:35:49+0900
2017.03,liion,TW,494102,4375818,112.9165,0003313965,2026-10-09T17:35:49+0900
2017.03,liion,US,16372399,144995630,112.9165,0003313965,2026-10-09T17:35:49+0900
2017.03,liion,VN,191021,1691701,112.9165,0003313965,2026-10-09T17:35:49+0900
2017.03,liion,WORLD,29786691,263793963,112.9165,0003313965,2026-10-09T17:35:49+0900
2017.03,mlcc,CN,8227859,72866756,112.9165,0003313965,2026-10-09T17:35:49+0900
2017.03,mlcc,KR,2082384,18441804,112.9165,0003313965,2026-10-09T17:35:49+0900
2017.03,mlcc,OTHER,11991962,106202034,112.9165,0003313965,2026-10-09T17:35:49+0900
2017.03,mlcc,TW,1476864,13079258,112.9165,0003313965,2026-10-09T17:35:49+0900
2017.03,mlcc,US,2667052,23619684,112.9165,0003313965,2026-10-09T17:35:49+0900
2017.03,mlcc,VN,469704,4159746,112.9165,0003313965,2026-10-09T17:35:49+0900
2017.03,mlcc,WORLD,26915825,238369282,112.9165,0003313965,2026-10-09T17:35:49+0900
2017.03,pcb,CN,6003669,53169103,112.9165,0003313965,2026-10-09T17:35:49+0900
2017.03,pcb,KR,2651402,23481086,112.9165,0003313965,2026-10-09T17:35:49+0900
2017.03,pcb,OTHER,9476740,83926973,112.9165,0003313965,2026-10-09T17:35:49+0900
2017.03,pcb,TW,2246400,19894347,112.9165,0003313965,2026-10-09T17:35:49+0900
2017.03,pcb,US,1906366,16882971,112.9165,0003313965,2026-10-09T17:35:49+0900
2017.03,pcb,VN,575249,5094464,112.9165,0003313965,2026-10-09T17:35:49+0900
2017.03,pcb,WORLD,22859826,202448942,112.9165,0003313965,2026-10-09T17:35:49+0900
2017.03,photoresist,CN,3765062,33343772,112.9165,0003313965,2026-10-09T17:35:49+0900
2017.03,photoresist,KR,2287240,20256030,112.9165,0003313965,2026-10-09T17:35:49+0900
2017.03,photoresist,OTHER,7435530,65849809,112.9165,0003313965,2026-10-09T17:35:49+0900
2017.03,photoresist,TW,4722682,41824552,112.9165,0003313965,2026-10-09T17:35:49+0900
2017.03,photoresist,US,5236382,46373931,112.9165,0003313965,2026-10-09T17:35:49+0900
2017.03,photoresist,VN,434423,3847294,112.9165,0003313965,2026-10-09T17:35:49+0900
2017.03,photoresist,WORLD,23881319,211495388,112.9165,0003313965,2026-10-09T17:35:49+0900
2017.03,semi_equip,CN,58102453,514561229,112.9165,0003313965,2026-10-09T17:35:49+0900
2017.03,semi_equip,KR,88813504,786541418,112.9165,0003313965,2026-10-09T17:35:49+0900
2017.03,semi_equip,OTHER,19757523,174974632,112.9165,0003313965,2026-10-09T17:35:49+0900
2017.03,semi_equip,TW,45699605,404720346,112.9165,0003313965,2026-10-09T17:35:49+0900
2017.03,semi_equip,US,21812556,193174213,112.9165,0003313965,2026-10-09T17:35:49+0900
2017.03,semi_equip,VN,238543,2112561,112.9165,0003313965,2026-10-09T17:35:49+0900
2017.03,semi_equip,WORLD,234424184,2076084399,112.9165,0003313965,2026-10-09T17:35:49+0900
2017.03,semi_fab_equip,CN,14256802,126259687,112.9165,0003313965,2026-10-09T17:35:49+0900
2017.03,semi_fab_equip,KR,59691235,528631644,112.9165,0003313965,2026-10-09T17:35:49+0900
2017.03,semi_fab_equip,OTHER,10175698,90117016,112.9165,0003313965,2026-10-09T17:35:49+0900
2017.03,semi_fab_equip,TW,25243471,223558745,112.9165,0003313965,2026-10-09T17:35:49+0900
2017.03,semi_fab_equip,US,9247683,81898421,112.9165,0003313965,2026-10-09T17:35:49+0900
2017.03,semi_fab_equip,VN,14489,128316,112.9165,0003313965,2026-10-09T17:35:49+0900
2017.03,semi_fab_equip,WORLD,118629378,1050593828,112.9165,0003313965,2026-10-09T17:35:49+0900
2017.03,semi_test,CN,2171275,19229032,112.9165,0003313965,2026-10-09T17:35:49+0900
2017.03,semi_test,KR,3041687,26937489,112.9165,0003313965,2026-10-09T17:35:49+0900
2017.03,semi_test,OTHER,705440,6247448,112.9165,0003313965,2026-10-09T17:35:49+0900
2017.03,semi_test,TW,4161184,36851868,112.9165,0003313965,2026-10-09T17:35:49+0900
2017.03,semi_test,US,1377826,12202167,112.9165,0003313965,2026-10-09T17:35:49+0900
2017.03,semi_test,VN,0,0,112.9165,0003313965,2026-10-09T17:35:49+0900
2017.03,semi_test,WORLD,11457412,101468005,112.9165,0003313965,2026-10-09T17:35:49+0900
2017.03,transformer,CN,7221846,63957402,112.9165,0003313965,2026-10-09T17:35:49+0900
2017.03,transformer,KR,3878920,34352110,112.9165,0003313965,2026-10-09T17:35:49+0900
2017.03,transformer,OTHER,24513162,217091054,112.9165,0003313965,2026-10-09T17:35:49+0900
2017.03,transformer,TW,2005586,17761673,112.9165,0003313965,2026-10-09T17:35:49+0900
2017.03,transformer,US,7563441,66982602,112.9165,0003313965,2026-10-09T17:35:49+0900
2017.03,transformer,VN,582105,5155181,112.9165,0003313965,2026-10-09T17:35:49+0900
2017.03,transformer,WORLD,45765060,405300023,112.9165,0003313965,2026-10-09T17:35:49+0900
2017.03,transformer_large,KR,0,0,112.9165,0003313965,2026-10-09T17:35:49+0900
2017.03,transformer_large,OTHER,6587950,58343555,112.9165,0003313965,2026-10-09T17:35:49+0900
2017.03,transformer_large,TW,0,0,112.9165,0003313965,2026-10-09T17:35:49+0900
2017.03,transformer_large,US,121581,1076734,112.9165,0003313965,2026-10-09T17:35:49+0900
2017.03,transformer_large,WORLD,6709531,59420288,112.9165,0003313965,2026-10-09T17:35:49+0900
2017.03,wafer,CN,2968159,26286318,112.9165,0003313965,2026-10-09T17:35:49+0900
2017.03,wafer,KR,5042657,44658283,112.9165,0003313965,2026-10-09T17:35:49+0900
2017.03,wafer,OTHER,6256157,55405162,112.9165,0003313965,2026-10-09T17:35:49+0900
2017.03,wafer,TW,9239475,81825730,112.9165,0003313965,2026-10-09T17:35:49+0900
2017.03,wafer,US,5676275,50269668,112.9165,0003313965,2026-10-09T17:35:49+0900
2017.03,wafer,VN,2766,24496,112.9165,0003313965,2026-10-09T17:35:49+0900
2017.03,wafer,WORLD,29185489,258469657,112.9165,0003313965,2026-10-09T17:35:49+0900
2017.04,discrete,CN,22902712,208034372,110.0910,0003313965,2026-10-09T17:35:49+0900
2017.04,discrete,KR,3450271,31340173,110.0910,0003313965,2026-10-09T17:35:49+0900
2017.04,discrete,OTHER,44237187,401823828,110.0910,0003313965,2026-10-09T17:35:49+0900
2017.04,discrete,TW,5124819,46550753,110.0910,0003313965,2026-10-09T17:35:49+0900
2017.04,discrete,US,8570610,77850233,110.0910,0003313965,2026-10-09T17:35:49+0900
2017.04,discrete,VN,2297556,20869608,110.0910,0003313965,2026-10-09T17:35:49+0900
2017.04,discrete,WORLD,86583155,786468967,110.0910,0003313965,2026-10-09T17:35:49+0900
2017.04,ic,CN,57624562,523426638,110.0910,0003313965,2026-10-09T17:35:49+0900
2017.04,ic,KR,21041564,191128830,110.0910,0003313965,2026-10-09T17:35:49+0900
2017.04,ic,OTHER,89450725,812516237,110.0910,0003313965,2026-10-09T17:35:49+0900
2017.04,ic,TW,48794468,443219409,110.0910,0003313965,2026-10-09T17:35:49+0900
2017.04,ic,US,11013923,100043809,110.0910,0003313965,2026-10-09T17:35:49+0900
2017.04,ic,VN,9022212,81952312,110.0910,0003313965,2026-10-09T17:35:49+0900
2017.04,ic,WORLD,236947454,2152287235,110.0910,0003313965,2026-10-09T17:35:49+0900
2017.04,liion,CN,3227506,29316711,110.0910,0003313965,2026-10-09T17:35:49+0900
2017.04,liion,KR,601605,5464616,110.0910,0003313965,2026-10-09T17:35:49+0900
2017.04,liion,OTHER,5913022,53710312,110.0910,0003313965,2026-10-09T17:35:49+0900
2017.04,liion,TW,499538,4537501,110.0910,0003313965,2026-10-09T17:35:49+0900
2017.04,liion,US,10439606,94827061,110.0910,0003313965,2026-10-09T17:35:49+0900
2017.04,liion,VN,116383,1057153,110.0910,0003313965,2026-10-09T17:35:49+0900
2017.04,liion,WORLD,20797660,188913353,110.0910,0003313965,2026-10-09T17:35:49+0900
2017.04,mlcc,CN,7826838,71094258,110.0910,0003313965,2026-10-09T17:35:49+0900
2017.04,mlcc,KR,2123222,19286063,110.0910,0003313965,2026-10-09T17:35:49+0900
2017.04,mlcc,OTHER,11377068,103342399,110.0910,0003313965,2026-10-09T17:35:49+0900
2017.04,mlcc,TW,1365040,12399197,110.0910,0003313965,2026-10-09T17:35:49+0900
2017.04,mlcc,US,2411447,21904125,110.0910,0003313965,2026-10-09T17:35:49+0900
2017.04,mlcc,VN,593748,5393247,110.0910,0003313965,2026-10-09T17:35:49+0900
2017.04,mlcc,WORLD,25697363,233419289,110.0910,0003313965,2026-10-09T17:35:49+0900
2017.04,pcb,CN,5438086,49396281,110.0910,0003313965,2026-10-09T17:35:49+0900
2017.04,pcb,KR,2729530,24793398,110.0910,0003313965,2026-10-09T17:35:49+0900
2017.04,pcb,OTHER,9209525,83653750,110.0910,0003313965,2026-10-09T17:35:49+0900
2017.04,pcb,TW,2109680,19163056,110.0910,0003313965,2026-10-09T17:35:49+0900
2017.04,pcb,US,1642901,14923118,110.0910,0003313965,2026-10-09T17:35:49+0900
2017.04,pcb,VN,593630,5392176,110.0910,0003313965,2026-10-09T17:35:49+0900
2017.04,pcb,WORLD,21723352,197321779,110.0910,0003313965,2026-10-09T17:35:49+0900
2017.04,photoresist,CN,4279515,38872524,110.0910,0003313965,2026-10-09T17:35:49+0900
2017.04,photoresist,KR,2565072,23299561,110.0910,0003313965,2026-10-09T17:35:49+0900
2017.04,photoresist,OTHER,9035143,82069770,110.0910,0003313965,2026-10-09T17:35:49+0900
2017.04,photoresist,TW,5107675,46395028,110.0910,0003313965,2026-10-09T17:35:49+0900
2017.04,photoresist,US,5615958,51011963,110.0910,0003313965,2026-10-09T17:35:49+0900
2017.04,photoresist,VN,392870,3568593,110.0910,0003313965,2026-10-09T17:35:49+0900
2017.04,photoresist,WORLD,26996233,245217438,110.0910,0003313965,2026-10-09T17:35:49+0900
2017.04,semi_equip,CN,47430187,430827107,110.0910,0003313965,2026-10-09T17:35:49+0900
2017.04,semi_equip,KR,65015220,590558901,110.0910,0003313965,2026-10-09T17:35:49+0900
2017.04,semi_equip,OTHER,19708112,179016559,110.0910,0003313965,2026-10-09T17:35:49+0900
2017.04,semi_equip,TW,40804120,370639925,110.0910,0003313965,2026-10-09T17:35:49+0900
2017.04,semi_equip,US,23641243,214742740,110.0910,0003313965,2026-10-09T17:35:49+0900
2017.04,semi_equip,VN,283475,2574915,110.0910,0003313965,2026-10-09T17:35:49+0900
2017.04,semi_equip,WORLD,196882357,1788360148,110.0910,0003313965,2026-10-09T17:35:49+0900
2017.04,semi_fab_equip,CN,20836190,189263337,110.0910,0003313965,2026-10-09T17:35:49+0900
2017.04,semi_fab_equip,KR,35235827,320060922,110.0910,0003313965,2026-10-09T17:35:49+0900
2017.04,semi_fab_equip,OTHER,8273213,75148859,110.0910,0003313965,2026-10-09T17:35:49+0900
2017.04,semi_fab_equip,TW,24862747,225838143,110.0910,0003313965,2026-10-09T17:35:49+0900
2017.04,semi_fab_equip,US,11091207,100745810,110.0910,0003313965,2026-10-09T17:35:49+0900
2017.04,semi_fab_equip,VN,38300,347894,110.0910,0003313965,2026-10-09T17:35:49+0900
2017.04,semi_fab_equip,WORLD,100337484,911404965,110.0910,0003313965,2026-10-09T17:35:49+0900
2017.04,semi_test,CN,4210809,38248440,110.0910,0003313965,2026-10-09T17:35:49+0900
2017.04,semi_test,KR,1344730,12214713,110.0910,0003313965,2026-10-09T17:35:49+0900
2017.04,semi_test,OTHER,981148,8912154,110.0910,0003313965,2026-10-09T17:35:49+0900
2017.04,semi_test,TW,3131583,28445404,110.0910,0003313965,2026-10-09T17:35:49+0900
2017.04,semi_test,US,480184,4361701,110.0910,0003313965,2026-10-09T17:35:49+0900
2017.04,semi_test,VN,9800,89017,110.0910,0003313965,2026-10-09T17:35:49+0900
2017.04,semi_test,WORLD,10158254,92271430,110.0910,0003313965,2026-10-09T17:35:49+0900
2017.04,transformer,CN,7725502,70173784,110.0910,0003313965,2026-10-09T17:35:49+0900
2017.04,transformer,KR,2882980,26187245,110.0910,0003313965,2026-10-09T17:35:49+0900
2017.04,transformer,OTHER,15889538,144330944,110.0910,0003313965,2026-10-09T17:35:49+0900
2017.04,transformer,TW,1754717,15938787,110.0910,0003313965,2026-10-09T17:35:49+0900
2017.04,transformer,US,7760670,70493228,110.0910,0003313965,2026-10-09T17:35:49+0900
2017.04,transformer,VN,552406,5017722,110.0910,0003313965,2026-10-09T17:35:49+0900
2017.04,transformer,WORLD,36565813,332141710,110.0910,0003313965,2026-10-09T17:35:49+0900
2017.04,transformer_large,KR,0,0,110.0910,0003313965,2026-10-09T17:35:49+0900
2017.04,transformer_large,OTHER,341100,3098346,110.0910,0003313965,2026-10-09T17:35:49+0900
2017.04,transformer_large,TW,0,0,110.0910,0003313965,2026-10-09T17:35:49+0900
2017.04,transformer_large,US,265176,2408698,110.0910,0003313965,2026-10-09T17:35:49+0900
2017.04,transformer_large,WORLD,606276,5507044,110.0910,0003313965,2026-10-09T17:35:49+0900
2017.04,wafer,CN,2668961,24243226,110.0910,0003313965,2026-10-09T17:35:49+0900
2017.04,wafer,KR,4799990,43600203,110.0910,0003313965,2026-10-09T17:35:49+0900
2017.04,wafer,OTHER,5815694,52826244,110.0910,0003313965,2026-10-09T17:35:49+0900
2017.04,wafer,TW,9294340,84424158,110.0910,0003313965,2026-10-09T17:35:49+0900
2017.04,wafer,US,5502531,49981661,110.0910,0003313965,2026-10-09T17:35:49+0900
2017.04,wafer,VN,0,0,110.0910,0003313965,2026-10-09T17:35:49+0900
2017.04,wafer,WORLD,28081516,255075492,110.0910,0003313965,2026-10-09T17:35:49+0900
2017.05,discrete,CN,17767333,158292615,112.2436,0003313965,2026-10-09T17:35:49+0900
2017.05,discrete,KR,2950524,26286791,112.2436,0003313965,2026-10-09T17:35:49+0900
2017.05,discrete,OTHER,38073664,339205656,112.2436,0003313965,2026-10-09T17:35:49+0900
2017.05,discrete,TW,4354519,38795254,112.2436,0003313965,2026-10-09T17:35:49+0900
2017.05,discrete,US,6948562,61906086,112.2436,0003313965,2026-10-09T17:35:49+0900
2017.05,discrete,VN,1901204,16938195,112.2436,0003313965,2026-10-09T17:35:49+0900
2017.05,discrete,WORLD,71995806,641424598,112.2436,0003313965,2026-10-09T17:35:49+0900
2017.05,ic,CN,57099216,508707989,112.2436,0003313965,2026-10-09T17:35:49+0900
2017.05,ic,KR,20330565,181128946,112.2436,0003313965,2026-10-09T17:35:49+0900
2017.05,ic,OTHER,84259254,750682034,112.2436,0003313965,2026-10-09T17:35:49+0900
2017.05,ic,TW,45026121,401146444,112.2436,0003313965,2026-10-09T17:35:49+0900
2017.05,ic,US,9712030,86526359,112.2436,0003313965,2026-10-09T17:35:49+0900
2017.05,ic,VN,5938783,52909769,112.2436,0003313965,2026-10-09T17:35:49+0900
2017.05,ic,WORLD,222365969,1981101542,112.2436,0003313965,2026-10-09T17:35:49+0900
2017.05,liion,CN,2968476,26446728,112.2436,0003313965,2026-10-09T17:35:49+0900
2017.05,liion,KR,327665,2919231,112.2436,0003313965,2026-10-09T17:35:49+0900
2017.05,liion,OTHER,4595326,40940651,112.2436,0003313965,2026-10-09T17:35:49+0900
2017.05,liion,TW,359859,3206054,112.2436,0003313965,2026-10-09T17:35:49+0900
2017.05,liion,US,12013305,107028864,112.2436,0003313965,2026-10-09T17:35:49+0900
2017.05,liion,VN,61653,549279,112.2436,0003313965,2026-10-09T17:35:49+0900
2017.05,liion,WORLD,20326284,181090806,112.2436,0003313965,2026-10-09T17:35:49+0900
2017.05,mlcc,CN,6913132,61590434,112.2436,0003313965,2026-10-09T17:35:49+0900
2017.05,mlcc,KR,2095670,18670730,112.2436,0003313965,2026-10-09T17:35:49+0900
2017.05,mlcc,OTHER,10461905,93207141,112.2436,0003313965,2026-10-09T17:35:49+0900
2017.05,mlcc,TW,1322626,11783532,112.2436,0003313965,2026-10-09T17:35:49+0900
2017.05,mlcc,US,2381313,21215579,112.2436,0003313965,2026-10-09T17:35:49+0900
2017.05,mlcc,VN,253176,2255594,112.2436,0003313965,2026-10-09T17:35:49+0900
2017.05,mlcc,WORLD,23427822,208723010,112.2436,0003313965,2026-10-09T17:35:49+0900
2017.05,pcb,CN,5167466,46037957,112.2436,0003313965,2026-10-09T17:35:49+0900
2017.05,pcb,KR,2415627,21521289,112.2436,0003313965,2026-10-09T17:35:49+0900
2017.05,pcb,OTHER,8699077,77501764,112.2436,0003313965,2026-10-09T17:35:49+0900
2017.05,pcb,TW,1982847,17665568,112.2436,0003313965,2026-10-09T17:35:49+0900
2017.05,pcb,US,1515059,13497954,112.2436,0003313965,2026-10-09T17:35:49+0900
2017.05,pcb,VN,480321,4279273,112.2436,0003313965,2026-10-09T17:35:49+0900
2017.05,pcb,WORLD,20260397,180503806,112.2436,0003313965,2026-10-09T17:35:49+0900
2017.05,photoresist,CN,3686263,32841632,112.2436,0003313965,2026-10-09T17:35:49+0900
2017.05,photoresist,KR,2127235,18951949,112.2436,0003313965,2026-10-09T17:35:49+0900
2017.05,photoresist,OTHER,6989358,62269546,112.2436,0003313965,2026-10-09T17:35:49+0900
2017.05,photoresist,TW,3710257,33055399,112.2436,0003313965,2026-10-09T17:35:49+0900
2017.05,photoresist,US,5561869,49551770,112.2436,0003313965,2026-10-09T17:35:49+0900
2017.05,photoresist,VN,435522,3880150,112.2436,0003313965,2026-10-09T17:35:49+0900
2017.05,photoresist,WORLD,22510504,200550446,112.2436,0003313965,2026-10-09T17:35:49+0900
2017.05,semi_equip,CN,49826924,443917729,112.2436,0003313965,2026-10-09T17:35:49+0900
2017.05,semi_equip,KR,68089322,606620974,112.2436,0003313965,2026-10-09T17:35:49+0900
2017.05,semi_equip,OTHER,21194695,188827648,112.2436,0003313965,2026-10-09T17:35:49+0900
2017.05,semi_equip,TW,29625023,263935075,112.2436,0003313965,2026-10-09T17:35:49+0900
2017.05,semi_equip,US,19708131,175583561,112.2436,0003313965,2026-10-09T17:35:49+0900
2017.05,semi_equip,VN,508180,4527474,112.2436,0003313965,2026-10-09T17:35:49+0900
2017.05,semi_equip,WORLD,188952275,1683412462,112.2436,0003313965,2026-10-09T17:35:49+0900
2017.05,semi_fab_equip,CN,16492598,146935754,112.2436,0003313965,2026-10-09T17:35:49+0900
2017.05,semi_fab_equip,KR,44855967,399630509,112.2436,0003313965,2026-10-09T17:35:49+0900
2017.05,semi_fab_equip,OTHER,7291940,64965308,112.2436,0003313965,2026-10-09T17:35:49+0900
2017.05,semi_fab_equip,TW,16578890,147704546,112.2436,0003313965,2026-10-09T17:35:49+0900
2017.05,semi_fab_equip,US,8314855,74078656,112.2436,0003313965,2026-10-09T17:35:49+0900
2017.05,semi_fab_equip,VN,49000,436551,112.2436,0003313965,2026-10-09T17:35:49+0900
2017.05,semi_fab_equip,WORLD,93583250,833751323,112.2436,0003313965,2026-10-09T17:35:49+0900
2017.05,semi_test,CN,1172409,10445219,112.2436,0003313965,2026-10-09T17:35:49+0900
2017.05,semi_test,KR,3029633,26991588,112.2436,0003313965,2026-10-09T17:35:49+0900
2017.05,semi_test,OTHER,581957,5184768,112.2436,0003313965,2026-10-09T17:35:49+0900
2017.05,semi_test,TW,2456590,21886237,112.2436,0003313965,2026-10-09T17:35:49+0900
2017.05,semi_test,US,210660,1876811,112.2436,0003313965,2026-10-09T17:35:49+0900
2017.05,semi_test,VN,0,0,112.2436,0003313965,2026-10-09T17:35:49+0900
2017.05,semi_test,WORLD,7451249,66384622,112.2436,0003313965,2026-10-09T17:35:49+0900
2017.05,transformer,CN,5571184,49634759,112.2436,0003313965,2026-10-09T17:35:49+0900
2017.05,transformer,KR,2524682,22492882,112.2436,0003313965,2026-10-09T17:35:49+0900
2017.05,transformer,OTHER,13874264,123608509,112.2436,0003313965,2026-10-09T17:35:49+0900
2017.05,transformer,TW,1337288,11914158,112.2436,0003313965,2026-10-09T17:35:49+0900
2017.05,transformer,US,5956620,53068683,112.2436,0003313965,2026-10-09T17:35:49+0900
2017.05,transformer,VN,531274,4733223,112.2436,0003313965,2026-10-09T17:35:49+0900
2017.05,transformer,WORLD,29795312,265452213,112.2436,0003313965,2026-10-09T17:35:49+0900
2017.05,transformer_large,KR,228000,2031296,112.2436,0003313965,2026-10-09T17:35:49+0900
2017.05,transformer_large,OTHER,130575,1163318,112.2436,0003313965,2026-10-09T17:35:49+0900
2017.05,transformer_large,TW,0,0,112.2436,0003313965,2026-10-09T17:35:49+0900
2017.05,transformer_large,US,0,0,112.2436,0003313965,2026-10-09T17:35:49+0900
2017.05,transformer_large,WORLD,358575,3194614,112.2436,0003313965,2026-10-09T17:35:49+0900
2017.05,wafer,CN,2668405,23773338,112.2436,0003313965,2026-10-09T17:35:49+0900
2017.05,wafer,KR,4613526,41102798,112.2436,0003313965,2026-10-09T17:35:49+0900
2017.05,wafer,OTHER,6086108,54222316,112.2436,0003313965,2026-10-09T17:35:49+0900
2017.05,wafer,TW,8820887,78586993,112.2436,0003313965,2026-10-09T17:35:49+0900
2017.05,wafer,US,5479713,48819826,112.2436,0003313965,2026-10-09T17:35:49+0900
2017.05,wafer,VN,449,4000,112.2436,0003313965,2026-10-09T17:35:49+0900
2017.05,wafer,WORLD,27669088,246509271,112.2436,0003313965,2026-10-09T17:35:49+0900
2017.06,discrete,CN,21589045,194646533,110.9141,0003313965,2026-10-09T17:35:49+0900
2017.06,discrete,KR,3100077,27950252,110.9141,0003313965,2026-10-09T17:35:49+0900
2017.06,discrete,OTHER,43224553,389711975,110.9141,0003313965,2026-10-09T17:35:49+0900
2017.06,discrete,TW,4313047,38886372,110.9141,0003313965,2026-10-09T17:35:49+0900
2017.06,discrete,US,7423342,66928749,110.9141,0003313965,2026-10-09T17:35:49+0900
2017.06,discrete,VN,1911505,17234103,110.9141,0003313965,2026-10-09T17:35:49+0900
2017.06,discrete,WORLD,81561569,735357984,110.9141,0003313965,2026-10-09T17:35:49+0900
2017.06,ic,CN,61937854,558430840,110.9141,0003313965,2026-10-09T17:35:49+0900
2017.06,ic,KR,23564279,212455215,110.9141,0003313965,2026-10-09T17:35:49+0900
2017.06,ic,OTHER,87355870,787599322,110.9141,0003313965,2026-10-09T17:35:49+0900
2017.06,ic,TW,52997836,477827760,110.9141,0003313965,2026-10-09T17:35:49+0900
2017.06,ic,US,11303619,101913273,110.9141,0003313965,2026-10-09T17:35:49+0900
2017.06,ic,VN,7190429,64828809,110.9141,0003313965,2026-10-09T17:35:49+0900
2017.06,ic,WORLD,244349887,2203055220,110.9141,0003313965,2026-10-09T17:35:49+0900
2017.06,liion,CN,3692205,33288869,110.9141,0003313965,2026-10-09T17:35:49+0900
2017.06,liion,KR,200375,1806578,110.9141,0003313965,2026-10-09T17:35:49+0900
2017.06,liion,OTHER,6500562,58608978,110.9141,0003313965,2026-10-09T17:35:49+0900
2017.06,liion,TW,611031,5509047,110.9141,0003313965,2026-10-09T17:35:49+0900
2017.06,liion,US,14707865,132605909,110.9141,0003313965,2026-10-09T17:35:49+0900
2017.06,liion,VN,92517,834132,110.9141,0003313965,2026-10-09T17:35:49+0900
2017.06,liion,WORLD,25804555,232653513,110.9141,0003313965,2026-10-09T17:35:49+0900
2017.06,mlcc,CN,8014880,72262048,110.9141,0003313965,2026-10-09T17:35:49+0900
2017.06,mlcc,KR,2134821,19247517,110.9141,0003313965,2026-10-09T17:35:49+0900
2017.06,mlcc,OTHER,11472810,103438697,110.9141,0003313965,2026-10-09T17:35:49+0900
2017.06,mlcc,TW,1470335,13256520,110.9141,0003313965,2026-10-09T17:35:49+0900
2017.06,mlcc,US,2527031,22783677,110.9141,0003313965,2026-10-09T17:35:49+0900
2017.06,mlcc,VN,375384,3384457,110.9141,0003313965,2026-10-09T17:35:49+0900
2017.06,mlcc,WORLD,25995261,234372916,110.9141,0003313965,2026-10-09T17:35:49+0900
2017.06,pcb,CN,5727686,51640738,110.9141,0003313965,2026-10-09T17:35:49+0900
2017.06,pcb,KR,2414101,21765501,110.9141,0003313965,2026-10-09T17:35:49+0900
2017.06,pcb,OTHER,9581908,86390351,110.9141,0003313965,2026-10-09T17:35:49+0900
2017.06,pcb,TW,2452581,22112437,110.9141,0003313965,2026-10-09T17:35:49+0900
2017.06,pcb,US,1526693,13764643,110.9141,0003313965,2026-10-09T17:35:49+0900
2017.06,pcb,VN,551398,4971397,110.9141,0003313965,2026-10-09T17:35:49+0900
2017.06,pcb,WORLD,22254367,200645067,110.9141,0003313965,2026-10-09T17:35:49+0900
2017.06,photoresist,CN,4245420,38276648,110.9141,0003313965,2026-10-09T17:35:49+0900
2017.06,photoresist,KR,2568927,23161410,110.9141,0003313965,2026-10-09T17:35:49+0900
2017.06,photoresist,OTHER,8583913,77392442,110.9141,0003313965,2026-10-09T17:35:49+0900
2017.06,photoresist,TW,4285311,38636305,110.9141,0003313965,2026-10-09T17:35:49+0900
2017.06,photoresist,US,5553184,50067431,110.9141,0003313965,2026-10-09T17:35:49+0900
2017.06,photoresist,VN,376983,3398874,110.9141,0003313965,2026-10-09T17:35:49+0900
2017.06,photoresist,WORLD,25613738,230933109,110.9141,0003313965,2026-10-09T17:35:49+0900
2017.06,semi_equip,CN,62574805,564173581,110.9141,0003313965,2026-10-09T17:35:49+0900
2017.06,semi_equip,KR,81670221,736337589,110.9141,0003313965,2026-10-09T17:35:49+0900
2017.06,semi_equip,OTHER,18267984,164703892,110.9141,0003313965,2026-10-09T17:35:49+0900
2017.06,semi_equip,TW,31896621,287579496,110.9141,0003313965,2026-10-09T17:35:49+0900
2017.06,semi_equip,US,29178502,263072973,110.9141,0003313965,2026-10-09T17:35:49+0900
2017.06,semi_equip,VN,457626,4125950,110.9141,0003313965,2026-10-09T17:35:49+0900
2017.06,semi_equip,WORLD,224045759,2019993481,110.9141,0003313965,2026-10-09T17:35:49+0900
2017.06,semi_fab_equip,CN,9935777,89580829,110.9141,0003313965,2026-10-09T17:35:49+0900
2017.06,semi_fab_equip,KR,44888043,404709978,110.9141,0003313965,2026-10-09T17:35:49+0900
2017.06,semi_fab_equip,OTHER,8684761,78301686,110.9141,0003313965,2026-10-09T17:35:49+0900
2017.06,semi_fab_equip,TW,16227396,146305979,110.9141,0003313965,2026-10-09T17:35:49+0900
2017.06,semi_fab_equip,US,16875640,152150538,110.9141,0003313965,2026-10-09T17:35:49+0900
2017.06,semi_fab_equip,VN,78863,711028,110.9141,0003313965,2026-10-09T17:35:49+0900
2017.06,semi_fab_equip,WORLD,96690480,871760038,110.9141,0003313965,2026-10-09T17:35:49+0900
2017.06,semi_test,CN,503431,4538927,110.9141,0003313965,2026-10-09T17:35:49+0900
2017.06,semi_test,KR,1379392,12436579,110.9141,0003313965,2026-10-09T17:35:49+0900
2017.06,semi_test,OTHER,523564,4720446,110.9141,0003313965,2026-10-09T17:35:49+0900
2017.06,semi_test,TW,2829825,25513663,110.9141,0003313965,2026-10-09T17:35:49+0900
2017.06,semi_test,US,342835,3090996,110.9141,0003313965,2026-10-09T17:35:49+0900
2017.06,semi_test,VN,1838,16571,110.9141,0003313965,2026-10-09T17:35:49+0900
2017.06,semi_test,WORLD,5580885,50317182,110.9141,0003313965,2026-10-09T17:35:49+0900
2017.06,transformer,CN,8410905,75832604,110.9141,0003313965,2026-10-09T17:35:49+0900
2017.06,transformer,KR,2825688,25476364,110.9141,0003313965,2026-10-09T17:35:49+0900
2017.06,transformer,OTHER,15933317,143654567,110.9141,0003313965,2026-10-09T17:35:49+0900
2017.06,transformer,TW,1798994,16219705,110.9141,0003313965,2026-10-09T17:35:49+0900
2017.06,transformer,US,6447309,58128849,110.9141,0003313965,2026-10-09T17:35:49+0900
2017.06,transformer,VN,663171,5979141,110.9141,0003313965,2026-10-09T17:35:49+0900
2017.06,transformer,WORLD,36079384,325291230,110.9141,0003313965,2026-10-09T17:35:49+0900
2017.06,transformer_large,KR,0,0,110.9141,0003313965,2026-10-09T17:35:49+0900
2017.06,transformer_large,OTHER,0,0,110.9141,0003313965,2026-10-09T17:35:49+0900
2017.06,transformer_large,TW,0,0,110.9141,0003313965,2026-10-09T17:35:49+0900
2017.06,transformer_large,US,0,0,110.9141,0003313965,2026-10-09T17:35:49+0900
2017.06,transformer_large,WORLD,0,0,110.9141,0003313965,2026-10-09T17:35:49+0900
2017.06,wafer,CN,3058172,27572437,110.9141,0003313965,2026-10-09T17:35:49+0900
2017.06,wafer,KR,5127904,46233112,110.9141,0003313965,2026-10-09T17:35:49+0900
2017.06,wafer,OTHER,5848974,52734269,110.9141,0003313965,2026-10-09T17:35:49+0900
2017.06,wafer,TW,9199230,82940131,110.9141,0003313965,2026-10-09T17:35:49+0900
2017.06,wafer,US,5716928,51543744,110.9141,0003313965,2026-10-09T17:35:49+0900
2017.06,wafer,VN,0,0,110.9141,0003313965,2026-10-09T17:35:49+0900
2017.06,wafer,WORLD,28951208,261023693,110.9141,0003313965,2026-10-09T17:35:49+0900
2017.07,discrete,CN,22363325,198931879,112.4170,0003313965,2026-10-09T17:35:49+0900
2017.07,discrete,KR,3408027,30315940,112.4170,0003313965,2026-10-09T17:35:49+0900
2017.07,discrete,OTHER,44523681,396058256,112.4170,0003313965,2026-10-09T17:35:49+0900
2017.07,discrete,TW,4580479,40745430,112.4170,0003313965,2026-10-09T17:35:49+0900
2017.07,discrete,US,8223645,73153037,112.4170,0003313965,2026-10-09T17:35:49+0900
2017.07,discrete,VN,1908298,16975173,112.4170,0003313965,2026-10-09T17:35:49+0900
2017.07,discrete,WORLD,85007455,756179715,112.4170,0003313965,2026-10-09T17:35:49+0900
2017.07,ic,CN,64136586,570523907,112.4170,0003313965,2026-10-09T17:35:49+0900
2017.07,ic,KR,24240715,215632111,112.4170,0003313965,2026-10-09T17:35:49+0900
2017.07,ic,OTHER,88186744,784460927,112.4170,0003313965,2026-10-09T17:35:49+0900
2017.07,ic,TW,55645570,494992483,112.4170,0003313965,2026-10-09T17:35:49+0900
2017.07,ic,US,11155853,99236352,112.4170,0003313965,2026-10-09T17:35:49+0900
2017.07,ic,VN,7838622,69728084,112.4170,0003313965,2026-10-09T17:35:49+0900
2017.07,ic,WORLD,251204090,2234573863,112.4170,0003313965,2026-10-09T17:35:49+0900
2017.07,liion,CN,3823642,34013023,112.4170,0003313965,2026-10-09T17:35:49+0900
2017.07,liion,KR,182846,1626498,112.4170,0003313965,2026-10-09T17:35:49+0900
2017.07,liion,OTHER,4985964,44352402,112.4170,0003313965,2026-10-09T17:35:49+0900
2017.07,liion,TW,577424,5136447,112.4170,0003313965,2026-10-09T17:35:49+0900
2017.07,liion,US,12855062,114351584,112.4170,0003313965,2026-10-09T17:35:49+0900
2017.07,liion,VN,70915,630821,112.4170,0003313965,2026-10-09T17:35:49+0900
2017.07,liion,WORLD,22495853,200110775,112.4170,0003313965,2026-10-09T17:35:49+0900
2017.07,mlcc,CN,9498042,84489374,112.4170,0003313965,2026-10-09T17:35:49+0900
2017.07,mlcc,KR,2116530,18827491,112.4170,0003313965,2026-10-09T17:35:49+0900
2017.07,mlcc,OTHER,12605508,112131688,112.4170,0003313965,2026-10-09T17:35:49+0900
2017.07,mlcc,TW,2036547,18116006,112.4170,0003313965,2026-10-09T17:35:49+0900
2017.07,mlcc,US,2620952,23314552,112.4170,0003313965,2026-10-09T17:35:49+0900
2017.07,mlcc,VN,317287,2822411,112.4170,0003313965,2026-10-09T17:35:49+0900
2017.07,mlcc,WORLD,29194866,259701522,112.4170,0003313965,2026-10-09T17:35:49+0900
2017.07,pcb,CN,6831828,60772196,112.4170,0003313965,2026-10-09T17:35:49+0900
2017.07,pcb,KR,2875578,25579565,112.4170,0003313965,2026-10-09T17:35:49+0900
2017.07,pcb,OTHER,9355598,83222271,112.4170,0003313965,2026-10-09T17:35:49+0900
2017.07,pcb,TW,2155076,19170375,112.4170,0003313965,2026-10-09T17:35:49+0900
2017.07,pcb,US,1478990,13156284,112.4170,0003313965,2026-10-09T17:35:49+0900
2017.07,pcb,VN,529875,4713477,112.4170,0003313965,2026-10-09T17:35:49+0900
2017.07,pcb,WORLD,23226945,206614169,112.4170,0003313965,2026-10-09T17:35:49+0900
2017.07,photoresist,CN,4271916,38000623,112.4170,0003313965,2026-10-09T17:35:49+0900
2017.07,photoresist,KR,2469167,21964356,112.4170,0003313965,2026-10-09T17:35:49+0900
2017.07,photoresist,OTHER,8342504,74210342,112.4170,0003313965,2026-10-09T17:35:49+0900
2017.07,photoresist,TW,4624722,41138991,112.4170,0003313965,2026-10-09T17:35:49+0900
2017.07,photoresist,US,5807140,51657134,112.4170,0003313965,2026-10-09T17:35:49+0900
2017.07,photoresist,VN,410236,3649235,112.4170,0003313965,2026-10-09T17:35:49+0900
2017.07,photoresist,WORLD,25925685,230620680,112.4170,0003313965,2026-10-09T17:35:49+0900
2017.07,semi_equip,CN,44509425,395931443,112.4170,0003313965,2026-10-09T17:35:49+0900
2017.07,semi_equip,KR,69552299,618699120,112.4170,0003313965,2026-10-09T17:35:49+0900
2017.07,semi_equip,OTHER,20714311,184263154,112.4170,0003313965,2026-10-09T17:35:49+0900
2017.07,semi_equip,TW,26086869,232054485,112.4170,0003313965,2026-10-09T17:35:49+0900
2017.07,semi_equip,US,32259951,286966838,112.4170,0003313965,2026-10-09T17:35:49+0900
2017.07,semi_equip,VN,610312,5429001,112.4170,0003313965,2026-10-09T17:35:49+0900
2017.07,semi_equip,WORLD,193733167,1723344040,112.4170,0003313965,2026-10-09T17:35:49+0900
2017.07,semi_fab_equip,CN,10223981,90946930,112.4170,0003313965,2026-10-09T17:35:49+0900
2017.07,semi_fab_equip,KR,35226317,313354003,112.4170,0003313965,2026-10-09T17:35:49+0900
2017.07,semi_fab_equip,OTHER,10485411,93272468,112.4170,0003313965,2026-10-09T17:35:49+0900
2017.07,semi_fab_equip,TW,10788167,95965619,112.4170,0003313965,2026-10-09T17:35:49+0900
2017.07,semi_fab_equip,US,17690471,157364731,112.4170,0003313965,2026-10-09T17:35:49+0900
2017.07,semi_fab_equip,VN,57995,515892,112.4170,0003313965,2026-10-09T17:35:49+0900
2017.07,semi_fab_equip,WORLD,84472342,751419643,112.4170,0003313965,2026-10-09T17:35:49+0900
2017.07,semi_test,CN,1188630,10573401,112.4170,0003313965,2026-10-09T17:35:49+0900
2017.07,semi_test,KR,1875951,16687432,112.4170,0003313965,2026-10-09T17:35:49+0900
2017.07,semi_test,OTHER,602604,5360435,112.4170,0003313965,2026-10-09T17:35:49+0900
2017.07,semi_test,TW,1154992,10274176,112.4170,0003313965,2026-10-09T17:35:49+0900
2017.07,semi_test,US,240505,2139401,112.4170,0003313965,2026-10-09T17:35:49+0900
2017.07,semi_test,VN,54713,486697,112.4170,0003313965,2026-10-09T17:35:49+0900
2017.07,semi_test,WORLD,5117395,45521540,112.4170,0003313965,2026-10-09T17:35:49+0900
2017.07,transformer,CN,9169403,81565982,112.4170,0003313965,2026-10-09T17:35:49+0900
2017.07,transformer,KR,2587898,23020522,112.4170,0003313965,2026-10-09T17:35:49+0900
2017.07,transformer,OTHER,15510585,137973661,112.4170,0003313965,2026-10-09T17:35:49+0900
2017.07,transformer,TW,1971862,17540603,112.4170,0003313965,2026-10-09T17:35:49+0900
2017.07,transformer,US,6973044,62028376,112.4170,0003313965,2026-10-09T17:35:49+0900
2017.07,transformer,VN,595339,5295809,112.4170,0003313965,2026-10-09T17:35:49+0900
2017.07,transformer,WORLD,36808131,327424954,112.4170,0003313965,2026-10-09T17:35:49+0900
2017.07,transformer_large,KR,0,0,112.4170,0003313965,2026-10-09T17:35:49+0900
2017.07,transformer_large,OTHER,231875,2062633,112.4170,0003313965,2026-10-09T17:35:49+0900
2017.07,transformer_large,TW,35898,319329,112.4170,0003313965,2026-10-09T17:35:49+0900
2017.07,transformer_large,US,0,0,112.4170,0003313965,2026-10-09T17:35:49+0900
2017.07,transformer_large,WORLD,267773,2381962,112.4170,0003313965,2026-10-09T17:35:49+0900
2017.07,wafer,CN,3548554,31565991,112.4170,0003313965,2026-10-09T17:35:49+0900
2017.07,wafer,KR,4988238,44372630,112.4170,0003313965,2026-10-09T17:35:49+0900
2017.07,wafer,OTHER,6384601,56793910,112.4170,0003313965,2026-10-09T17:35:49+0900
2017.07,wafer,TW,8966115,79757643,112.4170,0003313965,2026-10-09T17:35:49+0900
2017.07,wafer,US,5504978,48969266,112.4170,0003313965,2026-10-09T17:35:49+0900
2017.07,wafer,VN,0,0,112.4170,0003313965,2026-10-09T17:35:49+0900
2017.07,wafer,WORLD,29392486,261459441,112.4170,0003313965,2026-10-09T17:35:49+0900
2017.08,discrete,CN,21910160,199497027,109.8270,0003313965,2026-10-09T17:35:49+0900
2017.08,discrete,KR,3536110,32197092,109.8270,0003313965,2026-10-09T17:35:49+0900
2017.08,discrete,OTHER,45914807,418064838,109.8270,0003313965,2026-10-09T17:35:49+0900
2017.08,discrete,TW,4035824,36747102,109.8270,0003313965,2026-10-09T17:35:49+0900
2017.08,discrete,US,7487326,68173819,109.8270,0003313965,2026-10-09T17:35:49+0900
2017.08,discrete,VN,2047278,18640935,109.8270,0003313965,2026-10-09T17:35:49+0900
2017.08,discrete,WORLD,84931505,773320814,109.8270,0003313965,2026-10-09T17:35:49+0900
2017.08,ic,CN,70361712,640659510,109.8270,0003313965,2026-10-09T17:35:49+0900
2017.08,ic,KR,24733469,225203903,109.8270,0003313965,2026-10-09T17:35:49+0900
2017.08,ic,OTHER,91683549,834799721,109.8270,0003313965,2026-10-09T17:35:49+0900
2017.08,ic,TW,58526597,532898076,109.8270,0003313965,2026-10-09T17:35:49+0900
2017.08,ic,US,11405617,103850756,109.8270,0003313965,2026-10-09T17:35:49+0900
2017.08,ic,VN,9602091,87429239,109.8270,0003313965,2026-10-09T17:35:49+0900
2017.08,ic,WORLD,266313035,2424841205,109.8270,0003313965,2026-10-09T17:35:49+0900
2017.08,liion,CN,3388690,30854799,109.8270,0003313965,2026-10-09T17:35:49+0900
2017.08,liion,KR,144401,1314804,109.8270,0003313965,2026-10-09T17:35:49+0900
2017.08,liion,OTHER,6576293,59878655,109.8270,0003313965,2026-10-09T17:35:49+0900
2017.08,liion,TW,511820,4660238,109.8270,0003313965,2026-10-09T17:35:49+0900
2017.08,liion,US,14399693,131112504,109.8270,0003313965,2026-10-09T17:35:49+0900
2017.08,liion,VN,1165,10608,109.8270,0003313965,2026-10-09T17:35:49+0900
2017.08,liion,WORLD,25022062,227831608,109.8270,0003313965,2026-10-09T17:35:49+0900
2017.08,mlcc,CN,10642064,96898431,109.8270,0003313965,2026-10-09T17:35:49+0900
2017.08,mlcc,KR,2328091,21197802,109.8270,0003313965,2026-10-09T17:35:49+0900
2017.08,mlcc,OTHER,14492367,131956322,109.8270,0003313965,2026-10-09T17:35:49+0900
2017.08,mlcc,TW,2202513,20054386,109.8270,0003313965,2026-10-09T17:35:49+0900
2017.08,mlcc,US,2560424,23313247,109.8270,0003313965,2026-10-09T17:35:49+0900
2017.08,mlcc,VN,521401,4747476,109.8270,0003313965,2026-10-09T17:35:49+0900
2017.08,mlcc,WORLD,32746860,298167664,109.8270,0003313965,2026-10-09T17:35:49+0900
2017.08,pcb,CN,7929742,72202118,109.8270,0003313965,2026-10-09T17:35:49+0900
2017.08,pcb,KR,3505617,31919446,109.8270,0003313965,2026-10-09T17:35:49+0900
2017.08,pcb,OTHER,9970771,90786155,109.8270,0003313965,2026-10-09T17:35:49+0900
2017.08,pcb,TW,2008992,18292332,109.8270,0003313965,2026-10-09T17:35:49+0900
2017.08,pcb,US,1507610,13727134,109.8270,0003313965,2026-10-09T17:35:49+0900
2017.08,pcb,VN,541545,4930891,109.8270,0003313965,2026-10-09T17:35:49+0900
2017.08,pcb,WORLD,25464277,231858077,109.8270,0003313965,2026-10-09T17:35:49+0900
2017.08,photoresist,CN,4563067,41547771,109.8270,0003313965,2026-10-09T17:35:49+0900
2017.08,photoresist,KR,2641290,24049551,109.8270,0003313965,2026-10-09T17:35:49+0900
2017.08,photoresist,OTHER,8796775,80096652,109.8270,0003313965,2026-10-09T17:35:49+0900
2017.08,photoresist,TW,4809887,43795123,109.8270,0003313965,2026-10-09T17:35:49+0900
2017.08,photoresist,US,6249353,56901791,109.8270,0003313965,2026-10-09T17:35:49+0900
2017.08,photoresist,VN,465421,4237765,109.8270,0003313965,2026-10-09T17:35:49+0900
2017.08,photoresist,WORLD,27525793,250628652,109.8270,0003313965,2026-10-09T17:35:49+0900
2017.08,semi_equip,CN,50452813,459384423,109.8270,0003313965,2026-10-09T17:35:49+0900
2017.08,semi_equip,KR,60718867,552859197,109.8270,0003313965,2026-10-09T17:35:49+0900
2017.08,semi_equip,OTHER,18627320,169606017,109.8270,0003313965,2026-10-09T17:35:49+0900
2017.08,semi_equip,TW,32400599,295014878,109.8270,0003313965,2026-10-09T17:35:49+0900
2017.08,semi_equip,US,26344265,239870569,109.8270,0003313965,2026-10-09T17:35:49+0900
2017.08,semi_equip,VN,396820,3613137,109.8270,0003313965,2026-10-09T17:35:49+0900
2017.08,semi_equip,WORLD,188940684,1720348220,109.8270,0003313965,2026-10-09T17:35:49+0900
2017.08,semi_fab_equip,CN,9172279,83515702,109.8270,0003313965,2026-10-09T17:35:49+0900
2017.08,semi_fab_equip,KR,38513621,350675344,109.8270,0003313965,2026-10-09T17:35:49+0900
2017.08,semi_fab_equip,OTHER,10964347,99832892,109.8270,0003313965,2026-10-09T17:35:49+0900
2017.08,semi_fab_equip,TW,12472911,113568713,109.8270,0003313965,2026-10-09T17:35:49+0900
2017.08,semi_fab_equip,US,11857076,107961394,109.8270,0003313965,2026-10-09T17:35:49+0900
2017.08,semi_fab_equip,VN,44285,403225,109.8270,0003313965,2026-10-09T17:35:49+0900
2017.08,semi_fab_equip,WORLD,83024519,755957269,109.8270,0003313965,2026-10-09T17:35:49+0900
2017.08,semi_test,CN,547659,4986561,109.8270,0003313965,2026-10-09T17:35:49+0900
2017.08,semi_test,KR,1125622,10249046,109.8270,0003313965,2026-10-09T17:35:49+0900
2017.08,semi_test,OTHER,319762,2911506,109.8270,0003313965,2026-10-09T17:35:49+0900
2017.08,semi_test,TW,2423083,22062726,109.8270,0003313965,2026-10-09T17:35:49+0900
2017.08,semi_test,US,139660,1271636,109.8270,0003313965,2026-10-09T17:35:49+0900
2017.08,semi_test,VN,20008,182177,109.8270,0003313965,2026-10-09T17:35:49+0900
2017.08,semi_test,WORLD,4575794,41663653,109.8270,0003313965,2026-10-09T17:35:49+0900
2017.08,transformer,CN,7488066,68180557,109.8270,0003313965,2026-10-09T17:35:49+0900
2017.08,transformer,KR,4506050,41028618,109.8270,0003313965,2026-10-09T17:35:49+0900
2017.08,transformer,OTHER,15428523,140480237,109.8270,0003313965,2026-10-09T17:35:49+0900
2017.08,transformer,TW,1885600,17168820,109.8270,0003313965,2026-10-09T17:35:49+0900
2017.08,transformer,US,6349247,57811349,109.8270,0003313965,2026-10-09T17:35:49+0900
2017.08,transformer,VN,677951,6172899,109.8270,0003313965,2026-10-09T17:35:49+0900
2017.08,transformer,WORLD,36335437,330842480,109.8270,0003313965,2026-10-09T17:35:49+0900
2017.08,transformer_large,KR,0,0,109.8270,0003313965,2026-10-09T17:35:49+0900
2017.08,transformer_large,OTHER,280885,2557522,109.8270,0003313965,2026-10-09T17:35:49+0900
2017.08,transformer_large,TW,0,0,109.8270,0003313965,2026-10-09T17:35:49+0900
2017.08,transformer_large,US,0,0,109.8270,0003313965,2026-10-09T17:35:49+0900
2017.08,transformer_large,WORLD,280885,2557522,109.8270,0003313965,2026-10-09T17:35:49+0900
2017.08,wafer,CN,3258853,29672603,109.8270,0003313965,2026-10-09T17:35:49+0900
2017.08,wafer,KR,5897158,53694975,109.8270,0003313965,2026-10-09T17:35:49+0900
2017.08,wafer,OTHER,5507493,50146986,109.8270,0003313965,2026-10-09T17:35:49+0900
2017.08,wafer,TW,8757906,79742741,109.8270,0003313965,2026-10-09T17:35:49+0900
2017.08,wafer,US,5963275,54296985,109.8270,0003313965,2026-10-09T17:35:49+0900
2017.08,wafer,VN,228,2076,109.8270,0003313965,2026-10-09T17:35:49+0900
2017.08,wafer,WORLD,29384913,267556366,109.8270,0003313965,2026-10-09T17:35:49+0900
2017.09,discrete,CN,23062256,208188200,110.7760,0003313965,2026-10-09T17:35:49+0900
2017.09,discrete,KR,3299199,29782615,110.7760,0003313965,2026-10-09T17:35:49+0900
2017.09,discrete,OTHER,46072323,415905277,110.7760,0003313965,2026-10-09T17:35:49+0900
2017.09,discrete,TW,3852589,34778192,110.7760,0003313965,2026-10-09T17:35:49+0900
2017.09,discrete,US,8255407,74523426,110.7760,0003313965,2026-10-09T17:35:49+0900
2017.09,discrete,VN,2013135,18173025,110.7760,0003313965,2026-10-09T17:35:49+0900
2017.09,discrete,WORLD,86554909,781350735,110.7760,0003313965,2026-10-09T17:35:49+0900
2017.09,ic,CN,75571156,682197913,110.7760,0003313965,2026-10-09T17:35:49+0900
2017.09,ic,KR,26971944,243481837,110.7760,0003313965,2026-10-09T17:35:49+0900
2017.09,ic,OTHER,90256292,814763956,110.7760,0003313965,2026-10-09T17:35:49+0900
2017.09,ic,TW,49567089,447453320,110.7760,0003313965,2026-10-09T17:35:49+0900
2017.09,ic,US,11925678,107655792,110.7760,0003313965,2026-10-09T17:35:49+0900
2017.09,ic,VN,13074991,118030900,110.7760,0003313965,2026-10-09T17:35:49+0900
2017.09,ic,WORLD,267367150,2413583718,110.7760,0003313965,2026-10-09T17:35:49+0900
2017.09,liion,CN,3999008,36099949,110.7760,0003313965,2026-10-09T17:35:49+0900
2017.09,liion,KR,325996,2942840,110.7760,0003313965,2026-10-09T17:35:49+0900
2017.09,liion,OTHER,6378299,57578347,110.7760,0003313965,2026-10-09T17:35:49+0900
2017.09,liion,TW,834543,7533608,110.7760,0003313965,2026-10-09T17:35:49+0900
2017.09,liion,US,12285675,110905566,110.7760,0003313965,2026-10-09T17:35:49+0900
2017.09,liion,VN,1152,10399,110.7760,0003313965,2026-10-09T17:35:49+0900
2017.09,liion,WORLD,23824673,215070710,110.7760,0003313965,2026-10-09T17:35:49+0900
2017.09,mlcc,CN,13026994,117597620,110.7760,0003313965,2026-10-09T17:35:49+0900
2017.09,mlcc,KR,2570853,23207671,110.7760,0003313965,2026-10-09T17:35:49+0900
2017.09,mlcc,OTHER,15351081,138577679,110.7760,0003313965,2026-10-09T17:35:49+0900
2017.09,mlcc,TW,1319781,11913962,110.7760,0003313965,2026-10-09T17:35:49+0900
2017.09,mlcc,US,2705242,24420831,110.7760,0003313965,2026-10-09T17:35:49+0900
2017.09,mlcc,VN,517024,4667293,110.7760,0003313965,2026-10-09T17:35:49+0900
2017.09,mlcc,WORLD,35490975,320385056,110.7760,0003313965,2026-10-09T17:35:49+0900
2017.09,pcb,CN,10694482,96541507,110.7760,0003313965,2026-10-09T17:35:49+0900
2017.09,pcb,KR,3637605,32837483,110.7760,0003313965,2026-10-09T17:35:49+0900
2017.09,pcb,OTHER,10102858,91200784,110.7760,0003313965,2026-10-09T17:35:49+0900
2017.09,pcb,TW,2135755,19279943,110.7760,0003313965,2026-10-09T17:35:49+0900
2017.09,pcb,US,1613042,14561295,110.7760,0003313965,2026-10-09T17:35:49+0900
2017.09,pcb,VN,611013,5515753,110.7760,0003313965,2026-10-09T17:35:49+0900
2017.09,pcb,WORLD,28794755,259936764,110.7760,0003313965,2026-10-09T17:35:49+0900
2017.09,photoresist,CN,3749061,33843621,110.7760,0003313965,2026-10-09T17:35:49+0900
2017.09,photoresist,KR,2890378,26092096,110.7760,0003313965,2026-10-09T17:35:49+0900
2017.09,photoresist,OTHER,6152932,55543908,110.7760,0003313965,2026-10-09T17:35:49+0900
2017.09,photoresist,TW,5057943,45659195,110.7760,0003313965,2026-10-09T17:35:49+0900
2017.09,photoresist,US,5105385,46087465,110.7760,0003313965,2026-10-09T17:35:49+0900
2017.09,photoresist,VN,295633,2668746,110.7760,0003313965,2026-10-09T17:35:49+0900
2017.09,photoresist,WORLD,23251332,209895031,110.7760,0003313965,2026-10-09T17:35:49+0900
2017.09,semi_equip,CN,59195435,534370577,110.7760,0003313965,2026-10-09T17:35:49+0900
2017.09,semi_equip,KR,49707483,448720689,110.7760,0003313965,2026-10-09T17:35:49+0900
2017.09,semi_equip,OTHER,28978561,261596023,110.7760,0003313965,2026-10-09T17:35:49+0900
2017.09,semi_equip,TW,38361489,346297835,110.7760,0003313965,2026-10-09T17:35:49+0900
2017.09,semi_equip,US,23874536,215520835,110.7760,0003313965,2026-10-09T17:35:49+0900
2017.09,semi_equip,VN,503056,4541200,110.7760,0003313965,2026-10-09T17:35:49+0900
2017.09,semi_equip,WORLD,200620560,1811047158,110.7760,0003313965,2026-10-09T17:35:49+0900
2017.09,semi_fab_equip,CN,10348291,93416363,110.7760,0003313965,2026-10-09T17:35:49+0900
2017.09,semi_fab_equip,KR,24766589,223573599,110.7760,0003313965,2026-10-09T17:35:49+0900
2017.09,semi_fab_equip,OTHER,16553791,149434814,110.7760,0003313965,2026-10-09T17:35:49+0900
2017.09,semi_fab_equip,TW,23735137,214262449,110.7760,0003313965,2026-10-09T17:35:49+0900
2017.09,semi_fab_equip,US,9460555,85402569,110.7760,0003313965,2026-10-09T17:35:49+0900
2017.09,semi_fab_equip,VN,8170,73752,110.7760,0003313965,2026-10-09T17:35:49+0900
2017.09,semi_fab_equip,WORLD,84872533,766163546,110.7760,0003313965,2026-10-09T17:35:49+0900
2017.09,semi_test,CN,1532404,13833357,110.7760,0003313965,2026-10-09T17:35:49+0900
2017.09,semi_test,KR,1637795,14784746,110.7760,0003313965,2026-10-09T17:35:49+0900
2017.09,semi_test,OTHER,505404,4562396,110.7760,0003313965,2026-10-09T17:35:49+0900
2017.09,semi_test,TW,487792,4403409,110.7760,0003313965,2026-10-09T17:35:49+0900
2017.09,semi_test,US,57417,518316,110.7760,0003313965,2026-10-09T17:35:49+0900
2017.09,semi_test,VN,21619,195160,110.7760,0003313965,2026-10-09T17:35:49+0900
2017.09,semi_test,WORLD,4242431,38297384,110.7760,0003313965,2026-10-09T17:35:49+0900
2017.09,transformer,CN,8792990,79376309,110.7760,0003313965,2026-10-09T17:35:49+0900
2017.09,transformer,KR,4435030,40036019,110.7760,0003313965,2026-10-09T17:35:49+0900
2017.09,transformer,OTHER,17118390,154531577,110.7760,0003313965,2026-10-09T17:35:49+0900
2017.09,transformer,TW,2579758,23288059,110.7760,0003313965,2026-10-09T17:35:49+0900
2017.09,transformer,US,7141052,64463891,110.7760,0003313965,2026-10-09T17:35:49+0900
2017.09,transformer,VN,622075,5615612,110.7760,0003313965,2026-10-09T17:35:49+0900
2017.09,transformer,WORLD,40689295,367311466,110.7760,0003313965,2026-10-09T17:35:49+0900
2017.09,transformer_large,KR,602300,5437098,110.7760,0003313965,2026-10-09T17:35:49+0900
2017.09,transformer_large,OTHER,716148,6464830,110.7760,0003313965,2026-10-09T17:35:49+0900
2017.09,transformer_large,TW,0,0,110.7760,0003313965,2026-10-09T17:35:49+0900
2017.09,transformer_large,US,0,0,110.7760,0003313965,2026-10-09T17:35:49+0900
2017.09,transformer_large,WORLD,1318448,11901928,110.7760,0003313965,2026-10-09T17:35:49+0900
2017.09,wafer,CN,3185014,28751842,110.7760,0003313965,2026-10-09T17:35:49+0900
2017.09,wafer,KR,5395864,48709684,110.7760,0003313965,2026-10-09T17:35:49+0900
2017.09,wafer,OTHER,6050374,54618094,110.7760,0003313965,2026-10-09T17:35:49+0900
2017.09,wafer,TW,9570274,86393027,110.7760,0003313965,2026-10-09T17:35:49+0900
2017.09,wafer,US,5641018,50922745,110.7760,0003313965,2026-10-09T17:35:49+0900
2017.09,wafer,VN,0,0,110.7760,0003313965,2026-10-09T17:35:49+0900
2017.09,wafer,WORLD,29842544,269395393,110.7760,0003313965,2026-10-09T17:35:49+0900
2017.10,discrete,CN,21814062,193190459,112.9148,0003313965,2026-10-09T17:35:49+0900
2017.10,discrete,KR,3471635,30745615,112.9148,0003313965,2026-10-09T17:35:49+0900
2017.10,discrete,OTHER,44736631,396198116,112.9148,0003313965,2026-10-09T17:35:49+0900
2017.10,discrete,TW,4090859,36229609,112.9148,0003313965,2026-10-09T17:35:49+0900
2017.10,discrete,US,8650011,76606530,112.9148,0003313965,2026-10-09T17:35:49+0900
2017.10,discrete,VN,1631106,14445458,112.9148,0003313965,2026-10-09T17:35:49+0900
2017.10,discrete,WORLD,84394304,747415786,112.9148,0003313965,2026-10-09T17:35:49+0900
2017.10,ic,CN,68144871,603506989,112.9148,0003313965,2026-10-09T17:35:49+0900
2017.10,ic,KR,27568650,244154442,112.9148,0003313965,2026-10-09T17:35:49+0900
2017.10,ic,OTHER,91246944,808104376,112.9148,0003313965,2026-10-09T17:35:49+0900
2017.10,ic,TW,52532067,465236329,112.9148,0003313965,2026-10-09T17:35:49+0900
2017.10,ic,US,10953074,97002997,112.9148,0003313965,2026-10-09T17:35:49+0900
2017.10,ic,VN,9767014,86498971,112.9148,0003313965,2026-10-09T17:35:49+0900
2017.10,ic,WORLD,260212620,2304504104,112.9148,0003313965,2026-10-09T17:35:49+0900
2017.10,liion,CN,3926516,34774148,112.9148,0003313965,2026-10-09T17:35:49+0900
2017.10,liion,KR,172508,1527771,112.9148,0003313965,2026-10-09T17:35:49+0900
2017.10,liion,OTHER,5788899,51267850,112.9148,0003313965,2026-10-09T17:35:49+0900
2017.10,liion,TW,754406,6681197,112.9148,0003313965,2026-10-09T17:35:49+0900
2017.10,liion,US,12074567,106935202,112.9148,0003313965,2026-10-09T17:35:49+0900
2017.10,liion,VN,6321,55980,112.9148,0003313965,2026-10-09T17:35:49+0900
2017.10,liion,WORLD,22723217,201242149,112.9148,0003313965,2026-10-09T17:35:49+0900
2017.10,mlcc,CN,11595792,102695059,112.9148,0003313965,2026-10-09T17:35:49+0900
2017.10,mlcc,KR,2654731,23510922,112.9148,0003313965,2026-10-09T17:35:49+0900
2017.10,mlcc,OTHER,17144065,151831868,112.9148,0003313965,2026-10-09T17:35:49+0900
2017.10,mlcc,TW,1319701,11687582,112.9148,0003313965,2026-10-09T17:35:49+0900
2017.10,mlcc,US,2908486,25758235,112.9148,0003313965,2026-10-09T17:35:49+0900
2017.10,mlcc,VN,509495,4512207,112.9148,0003313965,2026-10-09T17:35:49+0900
2017.10,mlcc,WORLD,36132270,319995873,112.9148,0003313965,2026-10-09T17:35:49+0900
2017.10,pcb,CN,12559001,111225464,112.9148,0003313965,2026-10-09T17:35:49+0900
2017.10,pcb,KR,3336546,29549235,112.9148,0003313965,2026-10-09T17:35:49+0900
2017.10,pcb,OTHER,9693092,85844300,112.9148,0003313965,2026-10-09T17:35:49+0900
2017.10,pcb,TW,2172814,19242951,112.9148,0003313965,2026-10-09T17:35:49+0900
2017.10,pcb,US,1321673,11705047,112.9148,0003313965,2026-10-09T17:35:49+0900
2017.10,pcb,VN,552165,4890103,112.9148,0003313965,2026-10-09T17:35:49+0900
2017.10,pcb,WORLD,29635291,262457100,112.9148,0003313965,2026-10-09T17:35:49+0900
2017.10,photoresist,CN,4481222,39686755,112.9148,0003313965,2026-10-09T17:35:49+0900
2017.10,photoresist,KR,1945896,17233312,112.9148,0003313965,2026-10-09T17:35:49+0900
2017.10,photoresist,OTHER,8566691,75868628,112.9148,0003313965,2026-10-09T17:35:49+0900
2017.10,photoresist,TW,4018091,35585158,112.9148,0003313965,2026-10-09T17:35:49+0900
2017.10,photoresist,US,5949466,52689869,112.9148,0003313965,2026-10-09T17:35:49+0900
2017.10,photoresist,VN,411686,3645988,112.9148,0003313965,2026-10-09T17:35:49+0900
2017.10,photoresist,WORLD,25373052,224709710,112.9148,0003313965,2026-10-09T17:35:49+0900
2017.10,semi_equip,CN,67610186,598771693,112.9148,0003313965,2026-10-09T17:35:49+0900
2017.10,semi_equip,KR,62004488,549126315,112.9148,0003313965,2026-10-09T17:35:49+0900
2017.10,semi_equip,OTHER,28873960,255714574,112.9148,0003313965,2026-10-09T17:35:49+0900
2017.10,semi_equip,TW,30514037,270239481,112.9148,0003313965,2026-10-09T17:35:49+0900
2017.10,semi_equip,US,20273778,179549342,112.9148,0003313965,2026-10-09T17:35:49+0900
2017.10,semi_equip,VN,282603,2502799,112.9148,0003313965,2026-10-09T17:35:49+0900
2017.10,semi_equip,WORLD,209559052,1855904204,112.9148,0003313965,2026-10-09T17:35:49+0900
2017.10,semi_fab_equip,CN,11032244,97704145,112.9148,0003313965,2026-10-09T17:35:49+0900
2017.10,semi_fab_equip,KR,30306557,268401990,112.9148,0003313965,2026-10-09T17:35:49+0900
2017.10,semi_fab_equip,OTHER,19513164,172813165,112.9148,0003313965,2026-10-09T17:35:49+0900
2017.10,semi_fab_equip,TW,16560405,146662838,112.9148,0003313965,2026-10-09T17:35:49+0900
2017.10,semi_fab_equip,US,6814592,60351628,112.9148,0003313965,2026-10-09T17:35:49+0900
2017.10,semi_fab_equip,VN,15909,140894,112.9148,0003313965,2026-10-09T17:35:49+0900
2017.10,semi_fab_equip,WORLD,84242871,746074660,112.9148,0003313965,2026-10-09T17:35:49+0900
2017.10,semi_test,CN,1225141,10850137,112.9148,0003313965,2026-10-09T17:35:49+0900
2017.10,semi_test,KR,711431,6300600,112.9148,0003313965,2026-10-09T17:35:49+0900
2017.10,semi_test,OTHER,718944,6367137,112.9148,0003313965,2026-10-09T17:35:49+0900
2017.10,semi_test,TW,530971,4702404,112.9148,0003313965,2026-10-09T17:35:49+0900
2017.10,semi_test,US,92063,815332,112.9148,0003313965,2026-10-09T17:35:49+0900
2017.10,semi_test,VN,0,0,112.9148,0003313965,2026-10-09T17:35:49+0900
2017.10,semi_test,WORLD,3278550,29035609,112.9148,0003313965,2026-10-09T17:35:49+0900
2017.10,transformer,CN,7479539,66240555,112.9148,0003313965,2026-10-09T17:35:49+0900
2017.10,transformer,KR,2450613,21703205,112.9148,0003313965,2026-10-09T17:35:49+0900
2017.10,transformer,OTHER,18273739,161836526,112.9148,0003313965,2026-10-09T17:35:49+0900
2017.10,transformer,TW,2280178,20193792,112.9148,0003313965,2026-10-09T17:35:49+0900
2017.10,transformer,US,6835974,60540992,112.9148,0003313965,2026-10-09T17:35:49+0900
2017.10,transformer,VN,408687,3619428,112.9148,0003313965,2026-10-09T17:35:49+0900
2017.10,transformer,WORLD,37728730,334134498,112.9148,0003313965,2026-10-09T17:35:49+0900
2017.10,transformer_large,KR,0,0,112.9148,0003313965,2026-10-09T17:35:49+0900
2017.10,transformer_large,OTHER,752326,6662776,112.9148,0003313965,2026-10-09T17:35:49+0900
2017.10,transformer_large,TW,0,0,112.9148,0003313965,2026-10-09T17:35:49+0900
2017.10,transformer_large,US,555347,4918284,112.9148,0003313965,2026-10-09T17:35:49+0900
2017.10,transformer_large,WORLD,1307673,11581059,112.9148,0003313965,2026-10-09T17:35:49+0900
2017.10,wafer,CN,3739031,33113737,112.9148,0003313965,2026-10-09T17:35:49+0900
2017.10,wafer,KR,5484775,48574456,112.9148,0003313965,2026-10-09T17:35:49+0900
2017.10,wafer,OTHER,6080742,53852480,112.9148,0003313965,2026-10-09T17:35:49+0900
2017.10,wafer,TW,9644657,85415349,112.9148,0003313965,2026-10-09T17:35:49+0900
2017.10,wafer,US,6068546,53744469,112.9148,0003313965,2026-10-09T17:35:49+0900
2017.10,wafer,VN,0,0,112.9148,0003313965,2026-10-09T17:35:49+0900
2017.10,wafer,WORLD,31017751,274700491,112.9148,0003313965,2026-10-09T17:35:49+0900
2017.11,discrete,CN,22318410,197824923,112.8190,0003313965,2026-10-09T17:35:49+0900
2017.11,discrete,KR,3031842,26873505,112.8190,0003313965,2026-10-09T17:35:49+0900
2017.11,discrete,OTHER,45171541,400389482,112.8190,0003313965,2026-10-09T17:35:49+0900
2017.11,discrete,TW,4240468,37586470,112.8190,0003313965,2026-10-09T17:35:49+0900
2017.11,discrete,US,10489659,92977770,112.8190,0003313965,2026-10-09T17:35:49+0900
2017.11,discrete,VN,1864122,16523121,112.8190,0003313965,2026-10-09T17:35:49+0900
2017.11,discrete,WORLD,87116042,772175272,112.8190,0003313965,2026-10-09T17:35:49+0900
2017.11,ic,CN,70987462,629215487,112.8190,0003313965,2026-10-09T17:35:49+0900
2017.11,ic,KR,26782056,237389589,112.8190,0003313965,2026-10-09T17:35:49+0900
2017.11,ic,OTHER,87846165,778646903,112.8190,0003313965,2026-10-09T17:35:49+0900
2017.11,ic,TW,54038944,478987972,112.8190,0003313965,2026-10-09T17:35:49+0900
2017.11,ic,US,10707920,94912382,112.8190,0003313965,2026-10-09T17:35:49+0900
2017.11,ic,VN,18566070,164565100,112.8190,0003313965,2026-10-09T17:35:49+0900
2017.11,ic,WORLD,268928617,2383717432,112.8190,0003313965,2026-10-09T17:35:49+0900
2017.11,liion,CN,3188200,28259424,112.8190,0003313965,2026-10-09T17:35:49+0900
2017.11,liion,KR,327012,2898554,112.8190,0003313965,2026-10-09T17:35:49+0900
2017.11,liion,OTHER,6377477,56528395,112.8190,0003313965,2026-10-09T17:35:49+0900
2017.11,liion,TW,634334,5622581,112.8190,0003313965,2026-10-09T17:35:49+0900
2017.11,liion,US,14762319,130849582,112.8190,0003313965,2026-10-09T17:35:49+0900
2017.11,liion,VN,327,2898,112.8190,0003313965,2026-10-09T17:35:49+0900
2017.11,liion,WORLD,25289669,224161436,112.8190,0003313965,2026-10-09T17:35:49+0900
2017.11,mlcc,CN,10673005,94602904,112.8190,0003313965,2026-10-09T17:35:49+0900
2017.11,mlcc,KR,2898538,25691931,112.8190,0003313965,2026-10-09T17:35:49+0900
2017.11,mlcc,OTHER,19901972,176406208,112.8190,0003313965,2026-10-09T17:35:49+0900
2017.11,mlcc,TW,1369771,12141315,112.8190,0003313965,2026-10-09T17:35:49+0900
2017.11,mlcc,US,2604804,23088345,112.8190,0003313965,2026-10-09T17:35:49+0900
2017.11,mlcc,VN,409118,3626322,112.8190,0003313965,2026-10-09T17:35:49+0900
2017.11,mlcc,WORLD,37857208,335557025,112.8190,0003313965,2026-10-09T17:35:49+0900
2017.11,pcb,CN,9924079,87964607,112.8190,0003313965,2026-10-09T17:35:49+0900
2017.11,pcb,KR,4085384,36211844,112.8190,0003313965,2026-10-09T17:35:49+0900
2017.11,pcb,OTHER,9810351,86956550,112.8190,0003313965,2026-10-09T17:35:49+0900
2017.11,pcb,TW,2084452,18476072,112.8190,0003313965,2026-10-09T17:35:49+0900
2017.11,pcb,US,1539990,13650094,112.8190,0003313965,2026-10-09T17:35:49+0900
2017.11,pcb,VN,469457,4161152,112.8190,0003313965,2026-10-09T17:35:49+0900
2017.11,pcb,WORLD,27913713,247420319,112.8190,0003313965,2026-10-09T17:35:49+0900
2017.11,photoresist,CN,4220586,37410241,112.8190,0003313965,2026-10-09T17:35:49+0900
2017.11,photoresist,KR,2729945,24197564,112.8190,0003313965,2026-10-09T17:35:49+0900
2017.11,photoresist,OTHER,7561134,67020041,112.8190,0003313965,2026-10-09T17:35:49+0900
2017.11,photoresist,TW,4490398,39801789,112.8190,0003313965,2026-10-09T17:35:49+0900
2017.11,photoresist,US,5602780,49661670,112.8190,0003313965,2026-10-09T17:35:49+0900
2017.11,photoresist,VN,348089,3085376,112.8190,0003313965,2026-10-09T17:35:49+0900
2017.11,photoresist,WORLD,24952932,221176681,112.8190,0003313965,2026-10-09T17:35:49+0900
2017.11,semi_equip,CN,73233967,649127957,112.8190,0003313965,2026-10-09T17:35:49+0900
2017.11,semi_equip,KR,62981100,558249054,112.8190,0003313965,2026-10-09T17:35:49+0900
2017.11,semi_equip,OTHER,36038149,319433331,112.8190,0003313965,2026-10-09T17:35:49+0900
2017.11,semi_equip,TW,41827111,370745273,112.8190,0003313965,2026-10-09T17:35:49+0900
2017.11,semi_equip,US,22230179,197042865,112.8190,0003313965,2026-10-09T17:35:49+0900
2017.11,semi_equip,VN,619520,5491274,112.8190,0003313965,2026-10-09T17:35:49+0900
2017.11,semi_equip,WORLD,236930026,2100089754,112.8190,0003313965,2026-10-09T17:35:49+0900
2017.11,semi_fab_equip,CN,11956428,105978851,112.8190,0003313965,2026-10-09T17:35:49+0900
2017.11,semi_fab_equip,KR,42592821,377532339,112.8190,0003313965,2026-10-09T17:35:49+0900
2017.11,semi_fab_equip,OTHER,19403268,171985818,112.8190,0003313965,2026-10-09T17:35:49+0900
2017.11,semi_fab_equip,TW,23339912,206879267,112.8190,0003313965,2026-10-09T17:35:49+0900
2017.11,semi_fab_equip,US,11126658,98623973,112.8190,0003313965,2026-10-09T17:35:49+0900
2017.11,semi_fab_equip,VN,141540,1254576,112.8190,0003313965,2026-10-09T17:35:49+0900
2017.11,semi_fab_equip,WORLD,108560627,962254824,112.8190,0003313965,2026-10-09T17:35:49+0900
2017.11,semi_test,CN,1768093,15671944,112.8190,0003313965,2026-10-09T17:35:49+0900
2017.11,semi_test,KR,4215739,37367279,112.8190,0003313965,2026-10-09T17:35:49+0900
2017.11,semi_test,OTHER,946031,8385387,112.8190,0003313965,2026-10-09T17:35:49+0900
2017.11,semi_test,TW,501240,4442869,112.8190,0003313965,2026-10-09T17:35:49+0900
2017.11,semi_test,US,706804,6264938,112.8190,0003313965,2026-10-09T17:35:49+0900
2017.11,semi_test,VN,1771,15698,112.8190,0003313965,2026-10-09T17:35:49+0900
2017.11,semi_test,WORLD,8139678,72148113,112.8190,0003313965,2026-10-09T17:35:49+0900
2017.11,transformer,CN,8347935,73994052,112.8190,0003313965,2026-10-09T17:35:49+0900
2017.11,transformer,KR,2961216,26247494,112.8190,0003313965,2026-10-09T17:35:49+0900
2017.11,transformer,OTHER,17958985,159184047,112.8190,0003313965,2026-10-09T17:35:49+0900
2017.11,transformer,TW,2413174,21389784,112.8190,0003313965,2026-10-09T17:35:49+0900
2017.11,transformer,US,6393922,56674159,112.8190,0003313965,2026-10-09T17:35:49+0900
2017.11,transformer,VN,532390,4718975,112.8190,0003313965,2026-10-09T17:35:49+0900
2017.11,transformer,WORLD,38607622,342208511,112.8190,0003313965,2026-10-09T17:35:49+0900
2017.11,transformer_large,KR,0,0,112.8190,0003313965,2026-10-09T17:35:49+0900
2017.11,transformer_large,OTHER,1004354,8902348,112.8190,0003313965,2026-10-09T17:35:49+0900
2017.11,transformer_large,TW,0,0,112.8190,0003313965,2026-10-09T17:35:49+0900
2017.11,transformer_large,US,0,0,112.8190,0003313965,2026-10-09T17:35:49+0900
2017.11,transformer_large,WORLD,1004354,8902348,112.8190,0003313965,2026-10-09T17:35:49+0900
2017.11,wafer,CN,3270916,28992599,112.8190,0003313965,2026-10-09T17:35:49+0900
2017.11,wafer,KR,5118134,45365887,112.8190,0003313965,2026-10-09T17:35:49+0900
2017.11,wafer,OTHER,5977194,52980385,112.8190,0003313965,2026-10-09T17:35:49+0900
2017.11,wafer,TW,8568091,75945461,112.8190,0003313965,2026-10-09T17:35:49+0900
2017.11,wafer,US,5887222,52182895,112.8190,0003313965,2026-10-09T17:35:49+0900
2017.11,wafer,VN,0,0,112.8190,0003313965,2026-10-09T17:35:49+0900
2017.11,wafer,WORLD,28821557,255467226,112.8190,0003313965,2026-10-09T17:35:49+0900
2017.12,discrete,CN,22706213,201045798,112.9405,0003313965,2026-10-09T17:35:49+0900
2017.12,discrete,KR,3256866,28837007,112.9405,0003313965,2026-10-09T17:35:49+0900
2017.12,discrete,OTHER,47228249,418169293,112.9405,0003313965,2026-10-09T17:35:49+0900
2017.12,discrete,TW,4469479,39573749,112.9405,0003313965,2026-10-09T17:35:49+0900
2017.12,discrete,US,9525641,84342118,112.9405,0003313965,2026-10-09T17:35:49+0900
2017.12,discrete,VN,2081348,18428712,112.9405,0003313965,2026-10-09T17:35:49+0900
2017.12,discrete,WORLD,89267796,790396678,112.9405,0003313965,2026-10-09T17:35:49+0900
2017.12,ic,CN,84543694,748568441,112.9405,0003313965,2026-10-09T17:35:49+0900
2017.12,ic,KR,25815098,228572549,112.9405,0003313965,2026-10-09T17:35:49+0900
2017.12,ic,OTHER,91564089,810728561,112.9405,0003313965,2026-10-09T17:35:49+0900
2017.12,ic,TW,52350481,463522660,112.9405,0003313965,2026-10-09T17:35:49+0900
2017.12,ic,US,12130993,107410477,112.9405,0003313965,2026-10-09T17:35:49+0900
2017.12,ic,VN,14015100,124092775,112.9405,0003313965,2026-10-09T17:35:49+0900
2017.12,ic,WORLD,280419455,2482895463,112.9405,0003313965,2026-10-09T17:35:49+0900
2017.12,liion,CN,3622963,32078510,112.9405,0003313965,2026-10-09T17:35:49+0900
2017.12,liion,KR,192847,1707510,112.9405,0003313965,2026-10-09T17:35:49+0900
2017.12,liion,OTHER,8465347,74954042,112.9405,0003313965,2026-10-09T17:35:49+0900
2017.12,liion,TW,839818,7435933,112.9405,0003313965,2026-10-09T17:35:49+0900
2017.12,liion,US,12451080,110244598,112.9405,0003313965,2026-10-09T17:35:49+0900
2017.12,liion,VN,2588,22915,112.9405,0003313965,2026-10-09T17:35:49+0900
2017.12,liion,WORLD,25574643,226443508,112.9405,0003313965,2026-10-09T17:35:49+0900
2017.12,mlcc,CN,11231412,99445389,112.9405,0003313965,2026-10-09T17:35:49+0900
2017.12,mlcc,KR,2833007,25084066,112.9405,0003313965,2026-10-09T17:35:49+0900
2017.12,mlcc,OTHER,19572109,173295753,112.9405,0003313965,2026-10-09T17:35:49+0900
2017.12,mlcc,TW,1425201,12619043,112.9405,0003313965,2026-10-09T17:35:49+0900
2017.12,mlcc,US,2963529,26239737,112.9405,0003313965,2026-10-09T17:35:49+0900
2017.12,mlcc,VN,614725,5442910,112.9405,0003313965,2026-10-09T17:35:49+0900
2017.12,mlcc,WORLD,38639983,342126899,112.9405,0003313965,2026-10-09T17:35:49+0900
2017.12,pcb,CN,10707788,94809107,112.9405,0003313965,2026-10-09T17:35:49+0900
2017.12,pcb,KR,3858130,34160731,112.9405,0003313965,2026-10-09T17:35:49+0900
2017.12,pcb,OTHER,8968024,79404855,112.9405,0003313965,2026-10-09T17:35:49+0900
2017.12,pcb,TW,2275405,20146936,112.9405,0003313965,2026-10-09T17:35:49+0900
2017.12,pcb,US,1513198,13398188,112.9405,0003313965,2026-10-09T17:35:49+0900
2017.12,pcb,VN,561377,4970555,112.9405,0003313965,2026-10-09T17:35:49+0900
2017.12,pcb,WORLD,27883922,246890371,112.9405,0003313965,2026-10-09T17:35:49+0900
2017.12,photoresist,CN,4346986,38489169,112.9405,0003313965,2026-10-09T17:35:49+0900
2017.12,photoresist,KR,3123672,27657678,112.9405,0003313965,2026-10-09T17:35:49+0900
2017.12,photoresist,OTHER,9530179,84382299,112.9405,0003313965,2026-10-09T17:35:49+0900
2017.12,photoresist,TW,4982669,44117646,112.9405,0003313965,2026-10-09T17:35:49+0900
2017.12,photoresist,US,6580032,58261049,112.9405,0003313965,2026-10-09T17:35:49+0900
2017.12,photoresist,VN,445529,3944812,112.9405,0003313965,2026-10-09T17:35:49+0900
2017.12,photoresist,WORLD,29009067,256852653,112.9405,0003313965,2026-10-09T17:35:49+0900
2017.12,semi_equip,CN,105313196,932466175,112.9405,0003313965,2026-10-09T17:35:49+0900
2017.12,semi_equip,KR,62516862,553538031,112.9405,0003313965,2026-10-09T17:35:49+0900
2017.12,semi_equip,OTHER,34530195,305737933,112.9405,0003313965,2026-10-09T17:35:49+0900
2017.12,semi_equip,TW,44371673,392876541,112.9405,0003313965,2026-10-09T17:35:49+0900
2017.12,semi_equip,US,22873578,202527685,112.9405,0003313965,2026-10-09T17:35:49+0900
2017.12,semi_equip,VN,261677,2316946,112.9405,0003313965,2026-10-09T17:35:49+0900
2017.12,semi_equip,WORLD,269867181,2389463310,112.9405,0003313965,2026-10-09T17:35:49+0900
2017.12,semi_fab_equip,CN,27468778,243214595,112.9405,0003313965,2026-10-09T17:35:49+0900
2017.12,semi_fab_equip,KR,47167676,417632966,112.9405,0003313965,2026-10-09T17:35:49+0900
2017.12,semi_fab_equip,OTHER,19278833,170699023,112.9405,0003313965,2026-10-09T17:35:49+0900
2017.12,semi_fab_equip,TW,24052266,212964047,112.9405,0003313965,2026-10-09T17:35:49+0900
2017.12,semi_fab_equip,US,10250098,90756620,112.9405,0003313965,2026-10-09T17:35:49+0900
2017.12,semi_fab_equip,VN,2381,21082,112.9405,0003313965,2026-10-09T17:35:49+0900
2017.12,semi_fab_equip,WORLD,128220032,1135288333,112.9405,0003313965,2026-10-09T17:35:49+0900
2017.12,semi_test,CN,1481648,13118837,112.9405,0003313965,2026-10-09T17:35:49+0900
2017.12,semi_test,KR,1106164,9794219,112.9405,0003313965,2026-10-09T17:35:49+0900
2017.12,semi_test,OTHER,857766,7594849,112.9405,0003313965,2026-10-09T17:35:49+0900
2017.12,semi_test,TW,926790,8206002,112.9405,0003313965,2026-10-09T17:35:49+0900
2017.12,semi_test,US,832574,7371793,112.9405,0003313965,2026-10-09T17:35:49+0900
2017.12,semi_test,VN,3519,31158,112.9405,0003313965,2026-10-09T17:35:49+0900
2017.12,semi_test,WORLD,5208461,46116858,112.9405,0003313965,2026-10-09T17:35:49+0900
2017.12,transformer,CN,9073981,80343021,112.9405,0003313965,2026-10-09T17:35:49+0900
2017.12,transformer,KR,2580108,22844843,112.9405,0003313965,2026-10-09T17:35:49+0900
2017.12,transformer,OTHER,18715153,165708076,112.9405,0003313965,2026-10-09T17:35:49+0900
2017.12,transformer,TW,2416575,21396886,112.9405,0003313965,2026-10-09T17:35:49+0900
2017.12,transformer,US,7072974,62625666,112.9405,0003313965,2026-10-09T17:35:49+0900
2017.12,transformer,VN,550500,4874248,112.9405,0003313965,2026-10-09T17:35:49+0900
2017.12,transformer,WORLD,40409291,357792740,112.9405,0003313965,2026-10-09T17:35:49+0900
2017.12,transformer_large,KR,0,0,112.9405,0003313965,2026-10-09T17:35:49+0900
2017.12,transformer_large,OTHER,111590,988042,112.9405,0003313965,2026-10-09T17:35:49+0900
2017.12,transformer_large,TW,0,0,112.9405,0003313965,2026-10-09T17:35:49+0900
2017.12,transformer_large,US,0,0,112.9405,0003313965,2026-10-09T17:35:49+0900
2017.12,transformer_large,WORLD,111590,988042,112.9405,0003313965,2026-10-09T17:35:49+0900
2017.12,wafer,CN,4025938,35646540,112.9405,0003313965,2026-10-09T17:35:49+0900
2017.12,wafer,KR,5962994,52797659,112.9405,0003313965,2026-10-09T17:35:49+0900
2017.12,wafer,OTHER,6309746,55867877,112.9405,0003313965,2026-10-09T17:35:49+0900
2017.12,wafer,TW,10565196,93546567,112.9405,0003313965,2026-10-09T17:35:49+0900
2017.12,wafer,US,6252354,55359716,112.9405,0003313965,2026-10-09T17:35:49+0900
2017.12,wafer,VN,0,0,112.9405,0003313965,2026-10-09T17:35:49+0900
2017.12,wafer,WORLD,33116228,293218358,112.9405,0003313965,2026-10-09T17:35:49+0900
2018.01,discrete,CN,18170409,163887843,110.8710,0003313965,2026-10-09T17:35:49+0900
2018.01,discrete,KR,3259787,29401620,110.8710,0003313965,2026-10-09T17:35:49+0900
2018.01,discrete,OTHER,38747009,349478304,110.8710,0003313965,2026-10-09T17:35:49+0900
2018.01,discrete,TW,3517499,31726051,110.8710,0003313965,2026-10-09T17:35:49+0900
2018.01,discrete,US,7464657,67327408,110.8710,0003313965,2026-10-09T17:35:49+0900
2018.01,discrete,VN,1748198,15767856,110.8710,0003313965,2026-10-09T17:35:49+0900
2018.01,discrete,WORLD,72907559,657589081,110.8710,0003313965,2026-10-09T17:35:49+0900
2018.01,ic,CN,61979655,559024948,110.8710,0003313965,2026-10-09T17:35:49+0900
2018.01,ic,KR,19470600,175614904,110.8710,0003313965,2026-10-09T17:35:49+0900
2018.01,ic,OTHER,77391407,698031108,110.8710,0003313965,2026-10-09T17:35:49+0900
2018.01,ic,TW,53701059,484356225,110.8710,0003313965,2026-10-09T17:35:49+0900
2018.01,ic,US,8878855,80082754,110.8710,0003313965,2026-10-09T17:35:49+0900
2018.01,ic,VN,12352453,111412840,110.8710,0003313965,2026-10-09T17:35:49+0900
2018.01,ic,WORLD,233774029,2108522779,110.8710,0003313965,2026-10-09T17:35:49+0900
2018.01,liion,CN,2916704,26307186,110.8710,0003313965,2026-10-09T17:35:49+0900
2018.01,liion,KR,98949,892470,110.8710,0003313965,2026-10-09T17:35:49+0900
2018.01,liion,OTHER,6454998,58220797,110.8710,0003313965,2026-10-09T17:35:49+0900
2018.01,liion,TW,777967,7016866,110.8710,0003313965,2026-10-09T17:35:49+0900
2018.01,liion,US,15160342,136738570,110.8710,0003313965,2026-10-09T17:35:49+0900
2018.01,liion,VN,9937,89627,110.8710,0003313965,2026-10-09T17:35:49+0900
2018.01,liion,WORLD,25418897,229265516,110.8710,0003313965,2026-10-09T17:35:49+0900
2018.01,mlcc,CN,9827195,88636298,110.8710,0003313965,2026-10-09T17:35:49+0900
2018.01,mlcc,KR,2708086,24425558,110.8710,0003313965,2026-10-09T17:35:49+0900
2018.01,mlcc,OTHER,16032965,144609185,110.8710,0003313965,2026-10-09T17:35:49+0900
2018.01,mlcc,TW,1263378,11395027,110.8710,0003313965,2026-10-09T17:35:49+0900
2018.01,mlcc,US,2658574,23978985,110.8710,0003313965,2026-10-09T17:35:49+0900
2018.01,mlcc,VN,567717,5120518,110.8710,0003313965,2026-10-09T17:35:49+0900
2018.01,mlcc,WORLD,33057915,298165571,110.8710,0003313965,2026-10-09T17:35:49+0900
2018.01,pcb,CN,10371182,93542784,110.8710,0003313965,2026-10-09T17:35:49+0900
2018.01,pcb,KR,2407322,21712819,110.8710,0003313965,2026-10-09T17:35:49+0900
2018.01,pcb,OTHER,8009807,72244383,110.8710,0003313965,2026-10-09T17:35:49+0900
2018.01,pcb,TW,1998924,18029277,110.8710,0003313965,2026-10-09T17:35:49+0900
2018.01,pcb,US,1393138,12565396,110.8710,0003313965,2026-10-09T17:35:49+0900
2018.01,pcb,VN,440629,3974249,110.8710,0003313965,2026-10-09T17:35:49+0900
2018.01,pcb,WORLD,24621002,222068909,110.8710,0003313965,2026-10-09T17:35:49+0900
2018.01,photoresist,CN,4281531,38617231,110.8710,0003313965,2026-10-09T17:35:49+0900
2018.01,photoresist,KR,2396486,21615084,110.8710,0003313965,2026-10-09T17:35:49+0900
2018.01,photoresist,OTHER,7434391,67054424,110.8710,0003313965,2026-10-09T17:35:49+0900
2018.01,photoresist,TW,3875822,34957942,110.8710,0003313965,2026-10-09T17:35:49+0900
2018.01,photoresist,US,5383522,48556629,110.8710,0003313965,2026-10-09T17:35:49+0900
2018.01,photoresist,VN,286493,2584021,110.8710,0003313965,2026-10-09T17:35:49+0900
2018.01,photoresist,WORLD,23658245,213385331,110.8710,0003313965,2026-10-09T17:35:49+0900
2018.01,semi_equip,CN,69965703,631055037,110.8710,0003313965,2026-10-09T17:35:49+0900
2018.01,semi_equip,KR,71502991,644920592,110.8710,0003313965,2026-10-09T17:35:49+0900
2018.01,semi_equip,OTHER,30788480,277696422,110.8710,0003313965,2026-10-09T17:35:49+0900
2018.01,semi_equip,TW,31782578,286662680,110.8710,0003313965,2026-10-09T17:35:49+0900
2018.01,semi_equip,US,22977229,207242913,110.8710,0003313965,2026-10-09T17:35:49+0900
2018.01,semi_equip,VN,592111,5340540,110.8710,0003313965,2026-10-09T17:35:49+0900
2018.01,semi_equip,WORLD,227609092,2052918184,110.8710,0003313965,2026-10-09T17:35:49+0900
2018.01,semi_fab_equip,CN,26541942,239394810,110.8710,0003313965,2026-10-09T17:35:49+0900
2018.01,semi_fab_equip,KR,56097525,505971129,110.8710,0003313965,2026-10-09T17:35:49+0900
2018.01,semi_fab_equip,OTHER,22745980,205157165,110.8710,0003313965,2026-10-09T17:35:49+0900
2018.01,semi_fab_equip,TW,13400321,120864076,110.8710,0003313965,2026-10-09T17:35:49+0900
2018.01,semi_fab_equip,US,11289629,101826709,110.8710,0003313965,2026-10-09T17:35:49+0900
2018.01,semi_fab_equip,VN,0,0,110.8710,0003313965,2026-10-09T17:35:49+0900
2018.01,semi_fab_equip,WORLD,130075397,1173213888,110.8710,0003313965,2026-10-09T17:35:49+0900
2018.01,semi_test,CN,1317179,11880284,110.8710,0003313965,2026-10-09T17:35:49+0900
2018.01,semi_test,KR,4148746,37419578,110.8710,0003313965,2026-10-09T17:35:49+0900
2018.01,semi_test,OTHER,155408,1401701,110.8710,0003313965,2026-10-09T17:35:49+0900
2018.01,semi_test,TW,617777,5572034,110.8710,0003313965,2026-10-09T17:35:49+0900
2018.01,semi_test,US,582901,5257470,110.8710,0003313965,2026-10-09T17:35:49+0900
2018.01,semi_test,VN,0,0,110.8710,0003313965,2026-10-09T17:35:49+0900
2018.01,semi_test,WORLD,6822011,61531068,110.8710,0003313965,2026-10-09T17:35:49+0900
2018.01,transformer,CN,6674134,60197292,110.8710,0003313965,2026-10-09T17:35:49+0900
2018.01,transformer,KR,3926115,35411559,110.8710,0003313965,2026-10-09T17:35:49+0900
2018.01,transformer,OTHER,16666844,150326451,110.8710,0003313965,2026-10-09T17:35:49+0900
2018.01,transformer,TW,1495716,13490597,110.8710,0003313965,2026-10-09T17:35:49+0900
2018.01,transformer,US,5264620,47484193,110.8710,0003313965,2026-10-09T17:35:49+0900
2018.01,transformer,VN,544665,4912601,110.8710,0003313965,2026-10-09T17:35:49+0900
2018.01,transformer,WORLD,34572094,311822695,110.8710,0003313965,2026-10-09T17:35:49+0900
2018.01,transformer_large,KR,0,0,110.8710,0003313965,2026-10-09T17:35:49+0900
2018.01,transformer_large,OTHER,1154327,10411442,110.8710,0003313965,2026-10-09T17:35:49+0900
2018.01,transformer_large,TW,0,0,110.8710,0003313965,2026-10-09T17:35:49+0900
2018.01,transformer_large,US,0,0,110.8710,0003313965,2026-10-09T17:35:49+0900
2018.01,transformer_large,WORLD,1154327,10411442,110.8710,0003313965,2026-10-09T17:35:49+0900
2018.01,wafer,CN,4082733,36824174,110.8710,0003313965,2026-10-09T17:35:49+0900
2018.01,wafer,KR,6108608,55096536,110.8710,0003313965,2026-10-09T17:35:49+0900
2018.01,wafer,OTHER,6513761,58750809,110.8710,0003313965,2026-10-09T17:35:49+0900
2018.01,wafer,TW,10694514,96459074,110.8710,0003313965,2026-10-09T17:35:49+0900
2018.01,wafer,US,5425371,48934086,110.8710,0003313965,2026-10-09T17:35:49+0900
2018.01,wafer,VN,0,0,110.8710,0003313965,2026-10-09T17:35:49+0900
2018.01,wafer,WORLD,32824987,296064679,110.8710,0003313965,2026-10-09T17:35:49+0900
2018.02,discrete,CN,15622229,144690460,107.9700,0003313965,2026-10-09T17:35:49+0900
2018.02,discrete,KR,2803217,25962925,107.9700,0003313965,2026-10-09T17:35:49+0900
2018.02,discrete,OTHER,40771519,377618959,107.9700,0003313965,2026-10-09T17:35:49+0900
2018.02,discrete,TW,4910111,45476623,107.9700,0003313965,2026-10-09T17:35:49+0900
2018.02,discrete,US,7653355,70884088,107.9700,0003313965,2026-10-09T17:35:49+0900
2018.02,discrete,VN,1658635,15361999,107.9700,0003313965,2026-10-09T17:35:49+0900
2018.02,discrete,WORLD,73419066,679995054,107.9700,0003313965,2026-10-09T17:35:49+0900
2018.02,ic,CN,59599525,552000787,107.9700,0003313965,2026-10-09T17:35:49+0900
2018.02,ic,KR,16241256,150423784,107.9700,0003313965,2026-10-09T17:35:49+0900
2018.02,ic,OTHER,78832870,730136797,107.9700,0003313965,2026-10-09T17:35:49+0900
2018.02,ic,TW,52449061,485774391,107.9700,0003313965,2026-10-09T17:35:49+0900
2018.02,ic,US,10296409,95363610,107.9700,0003313965,2026-10-09T17:35:49+0900
2018.02,ic,VN,4848052,44901843,107.9700,0003313965,2026-10-09T17:35:49+0900
2018.02,ic,WORLD,222267173,2058601213,107.9700,0003313965,2026-10-09T17:35:49+0900
2018.02,liion,CN,3957006,36649125,107.9700,0003313965,2026-10-09T17:35:49+0900
2018.02,liion,KR,186831,1730397,107.9700,0003313965,2026-10-09T17:35:49+0900
2018.02,liion,OTHER,6777022,62767639,107.9700,0003313965,2026-10-09T17:35:49+0900
2018.02,liion,TW,766536,7099528,107.9700,0003313965,2026-10-09T17:35:49+0900
2018.02,liion,US,14117178,130750931,107.9700,0003313965,2026-10-09T17:35:49+0900
2018.02,liion,VN,5706,52848,107.9700,0003313965,2026-10-09T17:35:49+0900
2018.02,liion,WORLD,25810279,239050468,107.9700,0003313965,2026-10-09T17:35:49+0900
2018.02,mlcc,CN,8375706,77574382,107.9700,0003313965,2026-10-09T17:35:49+0900
2018.02,mlcc,KR,2383651,22076975,107.9700,0003313965,2026-10-09T17:35:49+0900
2018.02,mlcc,OTHER,12320383,114109317,107.9700,0003313965,2026-10-09T17:35:49+0900
2018.02,mlcc,TW,1399084,12958081,107.9700,0003313965,2026-10-09T17:35:49+0900
2018.02,mlcc,US,2827809,26190692,107.9700,0003313965,2026-10-09T17:35:49+0900
2018.02,mlcc,VN,655422,6070408,107.9700,0003313965,2026-10-09T17:35:49+0900
2018.02,mlcc,WORLD,27962055,258979856,107.9700,0003313965,2026-10-09T17:35:49+0900
2018.02,pcb,CN,7433863,68851190,107.9700,0003313965,2026-10-09T17:35:49+0900
2018.02,pcb,KR,2736845,25348199,107.9700,0003313965,2026-10-09T17:35:49+0900
2018.02,pcb,OTHER,8226589,76193285,107.9700,0003313965,2026-10-09T17:35:49+0900
2018.02,pcb,TW,2141826,19837233,107.9700,0003313965,2026-10-09T17:35:49+0900
2018.02,pcb,US,1280216,11857146,107.9700,0003313965,2026-10-09T17:35:49+0900
2018.02,pcb,VN,440675,4081458,107.9700,0003313965,2026-10-09T17:35:49+0900
2018.02,pcb,WORLD,22260014,206168510,107.9700,0003313965,2026-10-09T17:35:49+0900
2018.02,photoresist,CN,3296145,30528341,107.9700,0003313965,2026-10-09T17:35:49+0900
2018.02,photoresist,KR,2314605,21437483,107.9700,0003313965,2026-10-09T17:35:49+0900
2018.02,photoresist,OTHER,7566194,70076818,107.9700,0003313965,2026-10-09T17:35:49+0900
2018.02,photoresist,TW,4045542,37469130,107.9700,0003313965,2026-10-09T17:35:49+0900
2018.02,photoresist,US,4308663,39906113,107.9700,0003313965,2026-10-09T17:35:49+0900
2018.02,photoresist,VN,309231,2864046,107.9700,0003313965,2026-10-09T17:35:49+0900
2018.02,photoresist,WORLD,21840380,202281930,107.9700,0003313965,2026-10-09T17:35:49+0900
2018.02,semi_equip,CN,66958296,620156488,107.9700,0003313965,2026-10-09T17:35:49+0900
2018.02,semi_equip,KR,70287775,650993563,107.9700,0003313965,2026-10-09T17:35:49+0900
2018.02,semi_equip,OTHER,25996942,240779309,107.9700,0003313965,2026-10-09T17:35:49+0900
2018.02,semi_equip,TW,43644519,404228202,107.9700,0003313965,2026-10-09T17:35:49+0900
2018.02,semi_equip,US,25281806,234155840,107.9700,0003313965,2026-10-09T17:35:49+0900
2018.02,semi_equip,VN,278824,2582421,107.9700,0003313965,2026-10-09T17:35:49+0900
2018.02,semi_equip,WORLD,232448162,2152895823,107.9700,0003313965,2026-10-09T17:35:49+0900
2018.02,semi_fab_equip,CN,18944360,175459479,107.9700,0003313965,2026-10-09T17:35:49+0900
2018.02,semi_fab_equip,KR,49895617,462124822,107.9700,0003313965,2026-10-09T17:35:49+0900
2018.02,semi_fab_equip,OTHER,16868620,156234324,107.9700,0003313965,2026-10-09T17:35:49+0900
2018.02,semi_fab_equip,TW,20454896,189449810,107.9700,0003313965,2026-10-09T17:35:49+0900
2018.02,semi_fab_equip,US,12586396,116573085,107.9700,0003313965,2026-10-09T17:35:49+0900
2018.02,semi_fab_equip,VN,0,0,107.9700,0003313965,2026-10-09T17:35:49+0900
2018.02,semi_fab_equip,WORLD,118749889,1099841521,107.9700,0003313965,2026-10-09T17:35:49+0900
2018.02,semi_test,CN,1209967,11206511,107.9700,0003313965,2026-10-09T17:35:49+0900
2018.02,semi_test,KR,2461418,22797240,107.9700,0003313965,2026-10-09T17:35:49+0900
2018.02,semi_test,OTHER,1346248,12468723,107.9700,0003313965,2026-10-09T17:35:49+0900
2018.02,semi_test,TW,167365,1550107,107.9700,0003313965,2026-10-09T17:35:49+0900
2018.02,semi_test,US,312131,2890905,107.9700,0003313965,2026-10-09T17:35:49+0900
2018.02,semi_test,VN,0,0,107.9700,0003313965,2026-10-09T17:35:49+0900
2018.02,semi_test,WORLD,5497129,50913485,107.9700,0003313965,2026-10-09T17:35:49+0900
2018.02,transformer,CN,5539255,51303649,107.9700,0003313965,2026-10-09T17:35:49+0900
2018.02,transformer,KR,2883112,26702899,107.9700,0003313965,2026-10-09T17:35:49+0900
2018.02,transformer,OTHER,17504978,162128165,107.9700,0003313965,2026-10-09T17:35:49+0900
2018.02,transformer,TW,1383732,12815893,107.9700,0003313965,2026-10-09T17:35:49+0900
2018.02,transformer,US,5399482,50009095,107.9700,0003313965,2026-10-09T17:35:49+0900
2018.02,transformer,VN,563712,5221006,107.9700,0003313965,2026-10-09T17:35:49+0900
2018.02,transformer,WORLD,33274271,308180708,107.9700,0003313965,2026-10-09T17:35:49+0900
2018.02,transformer_large,KR,0,0,107.9700,0003313965,2026-10-09T17:35:49+0900
2018.02,transformer_large,OTHER,1252718,11602464,107.9700,0003313965,2026-10-09T17:35:49+0900
2018.02,transformer_large,TW,0,0,107.9700,0003313965,2026-10-09T17:35:49+0900
2018.02,transformer_large,US,0,0,107.9700,0003313965,2026-10-09T17:35:49+0900
2018.02,transformer_large,WORLD,1252718,11602464,107.9700,0003313965,2026-10-09T17:35:49+0900
2018.02,wafer,CN,4029756,37322923,107.9700,0003313965,2026-10-09T17:35:49+0900
2018.02,wafer,KR,6435174,59601500,107.9700,0003313965,2026-10-09T17:35:49+0900
2018.02,wafer,OTHER,6546202,60629823,107.9700,0003313965,2026-10-09T17:35:49+0900
2018.02,wafer,TW,9993928,92562082,107.9700,0003313965,2026-10-09T17:35:49+0900
2018.02,wafer,US,5995024,55524905,107.9700,0003313965,2026-10-09T17:35:49+0900
2018.02,wafer,VN,410,3797,107.9700,0003313965,2026-10-09T17:35:49+0900
2018.02,wafer,WORLD,33000494,305645031,107.9700,0003313965,2026-10-09T17:35:49+0900
2018.03,discrete,CN,20492175,193237090,106.0468,0003313965,2026-10-09T17:35:49+0900
2018.03,discrete,KR,3349185,31582141,106.0468,0003313965,2026-10-09T17:35:49+0900
2018.03,discrete,OTHER,49430033,466115272,106.0468,0003313965,2026-10-09T17:35:49+0900
2018.03,discrete,TW,5282640,49814233,106.0468,0003313965,2026-10-09T17:35:49+0900
2018.03,discrete,US,8594206,81041634,106.0468,0003313965,2026-10-09T17:35:49+0900
2018.03,discrete,VN,2043263,19267559,106.0468,0003313965,2026-10-09T17:35:49+0900
2018.03,discrete,WORLD,89191502,841057929,106.0468,0003313965,2026-10-09T17:35:49+0900
2018.03,ic,CN,71123078,670676324,106.0468,0003313965,2026-10-09T17:35:49+0900
2018.03,ic,KR,17370267,163798125,106.0468,0003313965,2026-10-09T17:35:49+0900
2018.03,ic,OTHER,91578427,863566152,106.0468,0003313965,2026-10-09T17:35:49+0900
2018.03,ic,TW,55641438,524687572,106.0468,0003313965,2026-10-09T17:35:49+0900
2018.03,ic,US,11951685,112701986,106.0468,0003313965,2026-10-09T17:35:49+0900
2018.03,ic,VN,5907321,55704849,106.0468,0003313965,2026-10-09T17:35:49+0900
2018.03,ic,WORLD,253572216,2391135008,106.0468,0003313965,2026-10-09T17:35:49+0900
2018.03,liion,CN,4165754,39282223,106.0468,0003313965,2026-10-09T17:35:49+0900
2018.03,liion,KR,146997,1386152,106.0468,0003313965,2026-10-09T17:35:49+0900
2018.03,liion,OTHER,8013599,75566627,106.0468,0003313965,2026-10-09T17:35:49+0900
2018.03,liion,TW,730025,6883989,106.0468,0003313965,2026-10-09T17:35:49+0900
2018.03,liion,US,13517741,127469579,106.0468,0003313965,2026-10-09T17:35:49+0900
2018.03,liion,VN,35312,332985,106.0468,0003313965,2026-10-09T17:35:49+0900
2018.03,liion,WORLD,26609428,250921555,106.0468,0003313965,2026-10-09T17:35:49+0900
2018.03,mlcc,CN,8958880,84480437,106.0468,0003313965,2026-10-09T17:35:49+0900
2018.03,mlcc,KR,2434463,22956497,106.0468,0003313965,2026-10-09T17:35:49+0900
2018.03,mlcc,OTHER,13515435,127447834,106.0468,0003313965,2026-10-09T17:35:49+0900
2018.03,mlcc,TW,1705185,16079552,106.0468,0003313965,2026-10-09T17:35:49+0900
2018.03,mlcc,US,2979919,28100037,106.0468,0003313965,2026-10-09T17:35:49+0900
2018.03,mlcc,VN,861646,8125149,106.0468,0003313965,2026-10-09T17:35:49+0900
2018.03,mlcc,WORLD,30455528,287189505,106.0468,0003313965,2026-10-09T17:35:49+0900
2018.03,pcb,CN,6888974,64961640,106.0468,0003313965,2026-10-09T17:35:49+0900
2018.03,pcb,KR,2458113,23179511,106.0468,0003313965,2026-10-09T17:35:49+0900
2018.03,pcb,OTHER,9424616,88872234,106.0468,0003313965,2026-10-09T17:35:49+0900
2018.03,pcb,TW,2170678,20469057,106.0468,0003313965,2026-10-09T17:35:49+0900
2018.03,pcb,US,1322523,12471126,106.0468,0003313965,2026-10-09T17:35:49+0900
2018.03,pcb,VN,548164,5169076,106.0468,0003313965,2026-10-09T17:35:49+0900
2018.03,pcb,WORLD,22813068,215122644,106.0468,0003313965,2026-10-09T17:35:49+0900
2018.03,photoresist,CN,3982766,37556683,106.0468,0003313965,2026-10-09T17:35:49+0900
2018.03,photoresist,KR,2522096,23782858,106.0468,0003313965,2026-10-09T17:35:49+0900
2018.03,photoresist,OTHER,6596333,62202094,106.0468,0003313965,2026-10-09T17:35:49+0900
2018.03,photoresist,TW,4481889,42263312,106.0468,0003313965,2026-10-09T17:35:49+0900
2018.03,photoresist,US,5569006,52514607,106.0468,0003313965,2026-10-09T17:35:49+0900
2018.03,photoresist,VN,388266,3661270,106.0468,0003313965,2026-10-09T17:35:49+0900
2018.03,photoresist,WORLD,23540356,221980824,106.0468,0003313965,2026-10-09T17:35:49+0900
2018.03,semi_equip,CN,100142410,944322790,106.0468,0003313965,2026-10-09T17:35:49+0900
2018.03,semi_equip,KR,82321769,776277728,106.0468,0003313965,2026-10-09T17:35:49+0900
2018.03,semi_equip,OTHER,31266153,294833536,106.0468,0003313965,2026-10-09T17:35:49+0900
2018.03,semi_equip,TW,37232022,351090481,106.0468,0003313965,2026-10-09T17:35:49+0900
2018.03,semi_equip,US,22218253,209513658,106.0468,0003313965,2026-10-09T17:35:49+0900
2018.03,semi_equip,VN,409004,3856825,106.0468,0003313965,2026-10-09T17:35:49+0900
2018.03,semi_equip,WORLD,273589611,2579895018,106.0468,0003313965,2026-10-09T17:35:49+0900
2018.03,semi_fab_equip,CN,28305961,266919520,106.0468,0003313965,2026-10-09T17:35:49+0900
2018.03,semi_fab_equip,KR,61469146,579641687,106.0468,0003313965,2026-10-09T17:35:49+0900
2018.03,semi_fab_equip,OTHER,19124092,180336342,106.0468,0003313965,2026-10-09T17:35:49+0900
2018.03,semi_fab_equip,TW,16945882,159796260,106.0468,0003313965,2026-10-09T17:35:49+0900
2018.03,semi_fab_equip,US,8610410,81194435,106.0468,0003313965,2026-10-09T17:35:49+0900
2018.03,semi_fab_equip,VN,0,0,106.0468,0003313965,2026-10-09T17:35:49+0900
2018.03,semi_fab_equip,WORLD,134455491,1267888244,106.0468,0003313965,2026-10-09T17:35:49+0900
2018.03,semi_test,CN,1960367,18485867,106.0468,0003313965,2026-10-09T17:35:49+0900
2018.03,semi_test,KR,2053347,19362649,106.0468,0003313965,2026-10-09T17:35:49+0900
2018.03,semi_test,OTHER,1076030,10146747,106.0468,0003313965,2026-10-09T17:35:49+0900
2018.03,semi_test,TW,1569108,14796373,106.0468,0003313965,2026-10-09T17:35:49+0900
2018.03,semi_test,US,293296,2765722,106.0468,0003313965,2026-10-09T17:35:49+0900
2018.03,semi_test,VN,8178,77117,106.0468,0003313965,2026-10-09T17:35:49+0900
2018.03,semi_test,WORLD,6960326,65634475,106.0468,0003313965,2026-10-09T17:35:49+0900
2018.03,transformer,CN,8515683,80301178,106.0468,0003313965,2026-10-09T17:35:49+0900
2018.03,transformer,KR,2736718,25806700,106.0468,0003313965,2026-10-09T17:35:49+0900
2018.03,transformer,OTHER,22404418,211269157,106.0468,0003313965,2026-10-09T17:35:49+0900
2018.03,transformer,TW,1779396,16779346,106.0468,0003313965,2026-10-09T17:35:49+0900
2018.03,transformer,US,6577081,62020551,106.0468,0003313965,2026-10-09T17:35:49+0900
2018.03,transformer,VN,508598,4795977,106.0468,0003313965,2026-10-09T17:35:49+0900
2018.03,transformer,WORLD,42521894,400972910,106.0468,0003313965,2026-10-09T17:35:49+0900
2018.03,transformer_large,KR,0,0,106.0468,0003313965,2026-10-09T17:35:49+0900
2018.03,transformer_large,OTHER,4472500,42174776,106.0468,0003313965,2026-10-09T17:35:49+0900
2018.03,transformer_large,TW,0,0,106.0468,0003313965,2026-10-09T17:35:49+0900
2018.03,transformer_large,US,0,0,106.0468,0003313965,2026-10-09T17:35:49+0900
2018.03,transformer_large,WORLD,4472500,42174776,106.0468,0003313965,2026-10-09T17:35:49+0900
2018.03,wafer,CN,4153482,39166500,106.0468,0003313965,2026-10-09T17:35:49+0900
2018.03,wafer,KR,7121652,67155746,106.0468,0003313965,2026-10-09T17:35:49+0900
2018.03,wafer,OTHER,6739620,63553261,106.0468,0003313965,2026-10-09T17:35:49+0900
2018.03,wafer,TW,11522397,108653887,106.0468,0003313965,2026-10-09T17:35:49+0900
2018.03,wafer,US,6179609,58272470,106.0468,0003313965,2026-10-09T17:35:49+0900
2018.03,wafer,VN,0,0,106.0468,0003313965,2026-10-09T17:35:49+0900
2018.03,wafer,WORLD,35716760,336801865,106.0468,0003313965,2026-10-09T17:35:49+0900
2018.04,discrete,CN,21424691,199010285,107.6562,0003313965,2026-10-09T17:35:49+0900
2018.04,discrete,KR,3825838,35537554,107.6562,0003313965,2026-10-09T17:35:49+0900
2018.04,discrete,OTHER,42764238,397229681,107.6562,0003313965,2026-10-09T17:35:49+0900
2018.04,discrete,TW,3842654,35693755,107.6562,0003313965,2026-10-09T17:35:49+0900
2018.04,discrete,US,8762547,81393798,107.6562,0003313965,2026-10-09T17:35:49+0900
2018.04,discrete,VN,1912021,17760436,107.6562,0003313965,2026-10-09T17:35:49+0900
2018.04,discrete,WORLD,82531989,766625508,107.6562,0003313965,2026-10-09T17:35:49+0900
2018.04,ic,CN,67913257,630834611,107.6562,0003313965,2026-10-09T17:35:49+0900
2018.04,ic,KR,17888165,166160100,107.6562,0003313965,2026-10-09T17:35:49+0900
2018.04,ic,OTHER,95047060,882875859,107.6562,0003313965,2026-10-09T17:35:49+0900
2018.04,ic,TW,56926906,528784278,107.6562,0003313965,2026-10-09T17:35:49+0900
2018.04,ic,US,10241996,95136146,107.6562,0003313965,2026-10-09T17:35:49+0900
2018.04,ic,VN,6720667,62427124,107.6562,0003313965,2026-10-09T17:35:49+0900
2018.04,ic,WORLD,254738051,2366218118,107.6562,0003313965,2026-10-09T17:35:49+0900
2018.04,liion,CN,2310951,21466028,107.6562,0003313965,2026-10-09T17:35:49+0900
2018.04,liion,KR,93401,867586,107.6562,0003313965,2026-10-09T17:35:49+0900
2018.04,liion,OTHER,6660227,61865708,107.6562,0003313965,2026-10-09T17:35:49+0900
2018.04,liion,TW,645291,5993998,107.6562,0003313965,2026-10-09T17:35:49+0900
2018.04,liion,US,13209375,122699622,107.6562,0003313965,2026-10-09T17:35:49+0900
2018.04,liion,VN,2726,25321,107.6562,0003313965,2026-10-09T17:35:49+0900
2018.04,liion,WORLD,22921971,212918262,107.6562,0003313965,2026-10-09T17:35:49+0900
2018.04,mlcc,CN,10095608,93776373,107.6562,0003313965,2026-10-09T17:35:49+0900
2018.04,mlcc,KR,2599797,24149069,107.6562,0003313965,2026-10-09T17:35:49+0900
2018.04,mlcc,OTHER,13121271,121881239,107.6562,0003313965,2026-10-09T17:35:49+0900
2018.04,mlcc,TW,1549789,14395725,107.6562,0003313965,2026-10-09T17:35:49+0900
2018.04,mlcc,US,2837027,26352658,107.6562,0003313965,2026-10-09T17:35:49+0900
2018.04,mlcc,VN,941397,8744475,107.6562,0003313965,2026-10-09T17:35:49+0900
2018.04,mlcc,WORLD,31144889,289299539,107.6562,0003313965,2026-10-09T17:35:49+0900
2018.04,pcb,CN,6602654,61330922,107.6562,0003313965,2026-10-09T17:35:49+0900
2018.04,pcb,KR,2057986,19116279,107.6562,0003313965,2026-10-09T17:35:49+0900
2018.04,pcb,OTHER,9633373,89482752,107.6562,0003313965,2026-10-09T17:35:49+0900
2018.04,pcb,TW,1932955,17954888,107.6562,0003313965,2026-10-09T17:35:49+0900
2018.04,pcb,US,1341278,12458902,107.6562,0003313965,2026-10-09T17:35:49+0900
2018.04,pcb,VN,493493,4583972,107.6562,0003313965,2026-10-09T17:35:49+0900
2018.04,pcb,WORLD,22061739,204927714,107.6562,0003313965,2026-10-09T17:35:49+0900
2018.04,photoresist,CN,4660713,43292565,107.6562,0003313965,2026-10-09T17:35:49+0900
2018.04,photoresist,KR,3293322,30591104,107.6562,0003313965,2026-10-09T17:35:49+0900
2018.04,photoresist,OTHER,8393488,77965672,107.6562,0003313965,2026-10-09T17:35:49+0900
2018.04,photoresist,TW,5170567,48028511,107.6562,0003313965,2026-10-09T17:35:49+0900
2018.04,photoresist,US,5598235,52001046,107.6562,0003313965,2026-10-09T17:35:49+0900
2018.04,photoresist,VN,302572,2810539,107.6562,0003313965,2026-10-09T17:35:49+0900
2018.04,photoresist,WORLD,27418897,254689437,107.6562,0003313965,2026-10-09T17:35:49+0900
2018.04,semi_equip,CN,101887819,946418497,107.6562,0003313965,2026-10-09T17:35:49+0900
2018.04,semi_equip,KR,56575009,525515567,107.6562,0003313965,2026-10-09T17:35:49+0900
2018.04,semi_equip,OTHER,24005733,222985142,107.6562,0003313965,2026-10-09T17:35:49+0900
2018.04,semi_equip,TW,24063792,223524442,107.6562,0003313965,2026-10-09T17:35:49+0900
2018.04,semi_equip,US,25040804,232599739,107.6562,0003313965,2026-10-09T17:35:49+0900
2018.04,semi_equip,VN,399317,3709187,107.6562,0003313965,2026-10-09T17:35:49+0900
2018.04,semi_equip,WORLD,231972474,2154752573,107.6562,0003313965,2026-10-09T17:35:49+0900
2018.04,semi_fab_equip,CN,29136878,270647469,107.6562,0003313965,2026-10-09T17:35:49+0900
2018.04,semi_fab_equip,KR,41853174,388766964,107.6562,0003313965,2026-10-09T17:35:49+0900
2018.04,semi_fab_equip,OTHER,13421270,124667878,107.6562,0003313965,2026-10-09T17:35:49+0900
2018.04,semi_fab_equip,TW,11992535,111396603,107.6562,0003313965,2026-10-09T17:35:49+0900
2018.04,semi_fab_equip,US,9083106,84371416,107.6562,0003313965,2026-10-09T17:35:49+0900
2018.04,semi_fab_equip,VN,39515,367048,107.6562,0003313965,2026-10-09T17:35:49+0900
2018.04,semi_fab_equip,WORLD,105526478,980217377,107.6562,0003313965,2026-10-09T17:35:49+0900
2018.04,semi_test,CN,2277271,21153180,107.6562,0003313965,2026-10-09T17:35:49+0900
2018.04,semi_test,KR,2822729,26219846,107.6562,0003313965,2026-10-09T17:35:49+0900
2018.04,semi_test,OTHER,921504,8559693,107.6562,0003313965,2026-10-09T17:35:49+0900
2018.04,semi_test,TW,2003553,18610661,107.6562,0003313965,2026-10-09T17:35:49+0900
2018.04,semi_test,US,508461,4723007,107.6562,0003313965,2026-10-09T17:35:49+0900
2018.04,semi_test,VN,213,1979,107.6562,0003313965,2026-10-09T17:35:49+0900
2018.04,semi_test,WORLD,8533731,79268365,107.6562,0003313965,2026-10-09T17:35:49+0900
2018.04,transformer,CN,7186477,66753954,107.6562,0003313965,2026-10-09T17:35:49+0900
2018.04,transformer,KR,1992368,18506765,107.6562,0003313965,2026-10-09T17:35:49+0900
2018.04,transformer,OTHER,18277489,169776464,107.6562,0003313965,2026-10-09T17:35:49+0900
2018.04,transformer,TW,1742698,16187623,107.6562,0003313965,2026-10-09T17:35:49+0900
2018.04,transformer,US,6369923,59169124,107.6562,0003313965,2026-10-09T17:35:49+0900
2018.04,transformer,VN,479509,4454077,107.6562,0003313965,2026-10-09T17:35:49+0900
2018.04,transformer,WORLD,36048464,334848007,107.6562,0003313965,2026-10-09T17:35:49+0900
2018.04,transformer_large,KR,0,0,107.6562,0003313965,2026-10-09T17:35:49+0900
2018.04,transformer_large,OTHER,710305,6597901,107.6562,0003313965,2026-10-09T17:35:49+0900
2018.04,transformer_large,TW,0,0,107.6562,0003313965,2026-10-09T17:35:49+0900
2018.04,transformer_large,US,0,0,107.6562,0003313965,2026-10-09T17:35:49+0900
2018.04,transformer_large,WORLD,710305,6597901,107.6562,0003313965,2026-10-09T17:35:49+0900
2018.04,wafer,CN,4117339,38245257,107.6562,0003313965,2026-10-09T17:35:49+0900
2018.04,wafer,KR,6813773,63291970,107.6562,0003313965,2026-10-09T17:35:49+0900
2018.04,wafer,OTHER,7078057,65746859,107.6562,0003313965,2026-10-09T17:35:49+0900
2018.04,wafer,TW,10619474,98642475,107.6562,0003313965,2026-10-09T17:35:49+0900
2018.04,wafer,US,6098209,56645219,107.6562,0003313965,2026-10-09T17:35:49+0900
2018.04,wafer,VN,730,6781,107.6562,0003313965,2026-10-09T17:35:49+0900
2018.04,wafer,WORLD,34727582,322578560,107.6562,0003313965,2026-10-09T17:35:49+0900
2018.05,discrete,CN,20302693,185094595,109.6882,0003313965,2026-10-09T17:35:49+0900
2018.05,discrete,KR,4033712,36774348,109.6882,0003313965,2026-10-09T17:35:49+0900
2018.05,discrete,OTHER,41196346,375576826,109.6882,0003313965,2026-10-09T17:35:49+0900
2018.05,discrete,TW,3949658,36008048,109.6882,0003313965,2026-10-09T17:35:49+0900
2018.05,discrete,US,7136572,65062349,109.6882,0003313965,2026-10-09T17:35:49+0900
2018.05,discrete,VN,1997264,18208558,109.6882,0003313965,2026-10-09T17:35:49+0900
2018.05,discrete,WORLD,78616245,716724725,109.6882,0003313965,2026-10-09T17:35:49+0900
2018.05,ic,CN,62410202,568978267,109.6882,0003313965,2026-10-09T17:35:49+0900
2018.05,ic,KR,12068889,110029055,109.6882,0003313965,2026-10-09T17:35:49+0900
2018.05,ic,OTHER,88946199,810900343,109.6882,0003313965,2026-10-09T17:35:49+0900
2018.05,ic,TW,54784851,499459842,109.6882,0003313965,2026-10-09T17:35:49+0900
2018.05,ic,US,10448224,95253856,109.6882,0003313965,2026-10-09T17:35:49+0900
2018.05,ic,VN,11009072,100366967,109.6882,0003313965,2026-10-09T17:35:49+0900
2018.05,ic,WORLD,239667437,2184988331,109.6882,0003313965,2026-10-09T17:35:49+0900
2018.05,liion,CN,2073663,18905069,109.6882,0003313965,2026-10-09T17:35:49+0900
2018.05,liion,KR,47943,437084,109.6882,0003313965,2026-10-09T17:35:49+0900
2018.05,liion,OTHER,6328047,57691228,109.6882,0003313965,2026-10-09T17:35:49+0900
2018.05,liion,TW,577293,5263036,109.6882,0003313965,2026-10-09T17:35:49+0900
2018.05,liion,US,15122814,137870929,109.6882,0003313965,2026-10-09T17:35:49+0900
2018.05,liion,VN,1236,11268,109.6882,0003313965,2026-10-09T17:35:49+0900
2018.05,liion,WORLD,24150996,220178615,109.6882,0003313965,2026-10-09T17:35:49+0900
2018.05,mlcc,CN,9808448,89421177,109.6882,0003313965,2026-10-09T17:35:49+0900
2018.05,mlcc,KR,2881989,26274376,109.6882,0003313965,2026-10-09T17:35:49+0900
2018.05,mlcc,OTHER,15251695,139045905,109.6882,0003313965,2026-10-09T17:35:49+0900
2018.05,mlcc,TW,1903458,17353353,109.6882,0003313965,2026-10-09T17:35:49+0900
2018.05,mlcc,US,3228147,29430212,109.6882,0003313965,2026-10-09T17:35:49+0900
2018.05,mlcc,VN,980704,8940834,109.6882,0003313965,2026-10-09T17:35:49+0900
2018.05,mlcc,WORLD,34054441,310465857,109.6882,0003313965,2026-10-09T17:35:49+0900
2018.05,pcb,CN,5049087,46031269,109.6882,0003313965,2026-10-09T17:35:49+0900
2018.05,pcb,KR,2745677,25031653,109.6882,0003313965,2026-10-09T17:35:49+0900
2018.05,pcb,OTHER,8956046,81650041,109.6882,0003313965,2026-10-09T17:35:49+0900
2018.05,pcb,TW,2094094,19091333,109.6882,0003313965,2026-10-09T17:35:49+0900
2018.05,pcb,US,1237269,11279873,109.6882,0003313965,2026-10-09T17:35:49+0900
2018.05,pcb,VN,500030,4558649,109.6882,0003313965,2026-10-09T17:35:49+0900
2018.05,pcb,WORLD,20582203,187642818,109.6882,0003313965,2026-10-09T17:35:49+0900
2018.05,photoresist,CN,4580723,41761311,109.6882,0003313965,2026-10-09T17:35:49+0900
2018.05,photoresist,KR,3022950,27559482,109.6882,0003313965,2026-10-09T17:35:49+0900
2018.05,photoresist,OTHER,7633933,69596666,109.6882,0003313965,2026-10-09T17:35:49+0900
2018.05,photoresist,TW,4570156,41664974,109.6882,0003313965,2026-10-09T17:35:49+0900
2018.05,photoresist,US,4886989,44553462,109.6882,0003313965,2026-10-09T17:35:49+0900
2018.05,photoresist,VN,367752,3352703,109.6882,0003313965,2026-10-09T17:35:49+0900
2018.05,photoresist,WORLD,25062503,228488598,109.6882,0003313965,2026-10-09T17:35:49+0900
2018.05,semi_equip,CN,95041540,866470049,109.6882,0003313965,2026-10-09T17:35:49+0900
2018.05,semi_equip,KR,61851941,563888741,109.6882,0003313965,2026-10-09T17:35:49+0900
2018.05,semi_equip,OTHER,27272410,248635769,109.6882,0003313965,2026-10-09T17:35:49+0900
2018.05,semi_equip,TW,27559638,251254356,109.6882,0003313965,2026-10-09T17:35:49+0900
2018.05,semi_equip,US,20869561,190262590,109.6882,0003313965,2026-10-09T17:35:49+0900
2018.05,semi_equip,VN,543047,4950824,109.6882,0003313965,2026-10-09T17:35:49+0900
2018.05,semi_equip,WORLD,233138137,2125462329,109.6882,0003313965,2026-10-09T17:35:49+0900
2018.05,semi_fab_equip,CN,28645199,261151145,109.6882,0003313965,2026-10-09T17:35:49+0900
2018.05,semi_fab_equip,KR,46553321,424415033,109.6882,0003313965,2026-10-09T17:35:49+0900
2018.05,semi_fab_equip,OTHER,17138076,156243570,109.6882,0003313965,2026-10-09T17:35:49+0900
2018.05,semi_fab_equip,TW,16827798,153414843,109.6882,0003313965,2026-10-09T17:35:49+0900
2018.05,semi_fab_equip,US,7835533,71434603,109.6882,0003313965,2026-10-09T17:35:49+0900
2018.05,semi_fab_equip,VN,111191,1013701,109.6882,0003313965,2026-10-09T17:35:49+0900
2018.05,semi_fab_equip,WORLD,117111118,1067672895,109.6882,0003313965,2026-10-09T17:35:49+0900
2018.05,semi_test,CN,1266487,11546247,109.6882,0003313965,2026-10-09T17:35:49+0900
2018.05,semi_test,KR,2622549,23909126,109.6882,0003313965,2026-10-09T17:35:49+0900
2018.05,semi_test,OTHER,732098,6674355,109.6882,0003313965,2026-10-09T17:35:49+0900
2018.05,semi_test,TW,591060,5388547,109.6882,0003313965,2026-10-09T17:35:49+0900
2018.05,semi_test,US,620381,5655859,109.6882,0003313965,2026-10-09T17:35:49+0900
2018.05,semi_test,VN,1992,18161,109.6882,0003313965,2026-10-09T17:35:49+0900
2018.05,semi_test,WORLD,5834567,53192294,109.6882,0003313965,2026-10-09T17:35:49+0900
2018.05,transformer,CN,6715048,61219420,109.6882,0003313965,2026-10-09T17:35:49+0900
2018.05,transformer,KR,2151162,19611608,109.6882,0003313965,2026-10-09T17:35:49+0900
2018.05,transformer,OTHER,16906945,154136407,109.6882,0003313965,2026-10-09T17:35:49+0900
2018.05,transformer,TW,1323709,12067925,109.6882,0003313965,2026-10-09T17:35:49+0900
2018.05,transformer,US,6371480,58087196,109.6882,0003313965,2026-10-09T17:35:49+0900
2018.05,transformer,VN,576793,5258478,109.6882,0003313965,2026-10-09T17:35:49+0900
2018.05,transformer,WORLD,34045137,310381035,109.6882,0003313965,2026-10-09T17:35:49+0900
2018.05,transformer_large,KR,0,0,109.6882,0003313965,2026-10-09T17:35:49+0900
2018.05,transformer_large,OTHER,1118775,10199593,109.6882,0003313965,2026-10-09T17:35:49+0900
2018.05,transformer_large,TW,0,0,109.6882,0003313965,2026-10-09T17:35:49+0900
2018.05,transformer_large,US,285484,2602687,109.6882,0003313965,2026-10-09T17:35:49+0900
2018.05,transformer_large,WORLD,1404259,12802280,109.6882,0003313965,2026-10-09T17:35:49+0900
2018.05,wafer,CN,4257705,38816436,109.6882,0003313965,2026-10-09T17:35:49+0900
2018.05,wafer,KR,7563508,68954619,109.6882,0003313965,2026-10-09T17:35:49+0900
2018.05,wafer,OTHER,6517983,59422828,109.6882,0003313965,2026-10-09T17:35:49+0900
2018.05,wafer,TW,11038726,100637316,109.6882,0003313965,2026-10-09T17:35:49+0900
2018.05,wafer,US,6217533,56683700,109.6882,0003313965,2026-10-09T17:35:49+0900
2018.05,wafer,VN,0,0,109.6882,0003313965,2026-10-09T17:35:49+0900
2018.05,wafer,WORLD,35595455,324514898,109.6882,0003313965,2026-10-09T17:35:49+0900
2018.06,discrete,CN,23398856,212593568,110.0638,0003313965,2026-10-09T17:35:49+0900
2018.06,discrete,KR,3999634,36339232,110.0638,0003313965,2026-10-09T17:35:49+0900
2018.06,discrete,OTHER,45185921,410542985,110.0638,0003313965,2026-10-09T17:35:49+0900
2018.06,discrete,TW,4096940,37223320,110.0638,0003313965,2026-10-09T17:35:49+0900
2018.06,discrete,US,9162002,83242647,110.0638,0003313965,2026-10-09T17:35:49+0900
2018.06,discrete,VN,2065484,18766243,110.0638,0003313965,2026-10-09T17:35:49+0900
2018.06,discrete,WORLD,87908837,798707995,110.0638,0003313965,2026-10-09T17:35:49+0900
2018.06,ic,CN,83105941,755070614,110.0638,0003313965,2026-10-09T17:35:49+0900
2018.06,ic,KR,17834390,162036837,110.0638,0003313965,2026-10-09T17:35:49+0900
2018.06,ic,OTHER,88507555,804147731,110.0638,0003313965,2026-10-09T17:35:49+0900
2018.06,ic,TW,56852407,516540470,110.0638,0003313965,2026-10-09T17:35:49+0900
2018.06,ic,US,10789256,98027290,110.0638,0003313965,2026-10-09T17:35:49+0900
2018.06,ic,VN,10062431,91423620,110.0638,0003313965,2026-10-09T17:35:49+0900
2018.06,ic,WORLD,267151980,2427246561,110.0638,0003313965,2026-10-09T17:35:49+0900
2018.06,liion,CN,2338684,21248440,110.0638,0003313965,2026-10-09T17:35:49+0900
2018.06,liion,KR,167304,1520064,110.0638,0003313965,2026-10-09T17:35:49+0900
2018.06,liion,OTHER,7000289,63602102,110.0638,0003313965,2026-10-09T17:35:49+0900
2018.06,liion,TW,779730,7084346,110.0638,0003313965,2026-10-09T17:35:49+0900
2018.06,liion,US,13707201,124538686,110.0638,0003313965,2026-10-09T17:35:49+0900
2018.06,liion,VN,5035,45746,110.0638,0003313965,2026-10-09T17:35:49+0900
2018.06,liion,WORLD,23998243,218039383,110.0638,0003313965,2026-10-09T17:35:49+0900
2018.06,mlcc,CN,10524212,95619195,110.0638,0003313965,2026-10-09T17:35:49+0900
2018.06,mlcc,KR,2910701,26445580,110.0638,0003313965,2026-10-09T17:35:49+0900
2018.06,mlcc,OTHER,16978374,154259384,110.0638,0003313965,2026-10-09T17:35:49+0900
2018.06,mlcc,TW,2164012,19661433,110.0638,0003313965,2026-10-09T17:35:49+0900
2018.06,mlcc,US,3581477,32540009,110.0638,0003313965,2026-10-09T17:35:49+0900
2018.06,mlcc,VN,1484122,13484197,110.0638,0003313965,2026-10-09T17:35:49+0900
2018.06,mlcc,WORLD,37642898,342009798,110.0638,0003313965,2026-10-09T17:35:49+0900
2018.06,pcb,CN,7174030,65180650,110.0638,0003313965,2026-10-09T17:35:49+0900
2018.06,pcb,KR,2899714,26345756,110.0638,0003313965,2026-10-09T17:35:49+0900
2018.06,pcb,OTHER,10251421,93140715,110.0638,0003313965,2026-10-09T17:35:49+0900
2018.06,pcb,TW,2211310,20091165,110.0638,0003313965,2026-10-09T17:35:49+0900
2018.06,pcb,US,1249935,11356459,110.0638,0003313965,2026-10-09T17:35:49+0900
2018.06,pcb,VN,576361,5236608,110.0638,0003313965,2026-10-09T17:35:49+0900
2018.06,pcb,WORLD,24362771,221351353,110.0638,0003313965,2026-10-09T17:35:49+0900
2018.06,photoresist,CN,4461830,40538579,110.0638,0003313965,2026-10-09T17:35:49+0900
2018.06,photoresist,KR,2979916,27074442,110.0638,0003313965,2026-10-09T17:35:49+0900
2018.06,photoresist,OTHER,6780156,61602053,110.0638,0003313965,2026-10-09T17:35:49+0900
2018.06,photoresist,TW,5007821,45499256,110.0638,0003313965,2026-10-09T17:35:49+0900
2018.06,photoresist,US,5069406,46058795,110.0638,0003313965,2026-10-09T17:35:49+0900
2018.06,photoresist,VN,431797,3923152,110.0638,0003313965,2026-10-09T17:35:49+0900
2018.06,photoresist,WORLD,24730926,224696276,110.0638,0003313965,2026-10-09T17:35:49+0900
2018.06,semi_equip,CN,112133142,1018801295,110.0638,0003313965,2026-10-09T17:35:49+0900
2018.06,semi_equip,KR,44343094,402885363,110.0638,0003313965,2026-10-09T17:35:49+0900
2018.06,semi_equip,OTHER,25431491,231061357,110.0638,0003313965,2026-10-09T17:35:49+0900
2018.06,semi_equip,TW,22435136,203837556,110.0638,0003313965,2026-10-09T17:35:49+0900
2018.06,semi_equip,US,17456145,158600239,110.0638,0003313965,2026-10-09T17:35:49+0900
2018.06,semi_equip,VN,707013,6423665,110.0638,0003313965,2026-10-09T17:35:49+0900
2018.06,semi_equip,WORLD,222506021,2021609476,110.0638,0003313965,2026-10-09T17:35:49+0900
2018.06,semi_fab_equip,CN,35230421,320090902,110.0638,0003313965,2026-10-09T17:35:49+0900
2018.06,semi_fab_equip,KR,30901366,280758669,110.0638,0003313965,2026-10-09T17:35:49+0900
2018.06,semi_fab_equip,OTHER,14851017,134930985,110.0638,0003313965,2026-10-09T17:35:49+0900
2018.06,semi_fab_equip,TW,9303243,84525911,110.0638,0003313965,2026-10-09T17:35:49+0900
2018.06,semi_fab_equip,US,5224097,47464262,110.0638,0003313965,2026-10-09T17:35:49+0900
2018.06,semi_fab_equip,VN,97912,889593,110.0638,0003313965,2026-10-09T17:35:49+0900
2018.06,semi_fab_equip,WORLD,95608056,868660322,110.0638,0003313965,2026-10-09T17:35:49+0900
2018.06,semi_test,CN,3011168,27358387,110.0638,0003313965,2026-10-09T17:35:49+0900
2018.06,semi_test,KR,4197516,38137117,110.0638,0003313965,2026-10-09T17:35:49+0900
2018.06,semi_test,OTHER,905727,8229109,110.0638,0003313965,2026-10-09T17:35:49+0900
2018.06,semi_test,TW,1948578,17704077,110.0638,0003313965,2026-10-09T17:35:49+0900
2018.06,semi_test,US,1293486,11752147,110.0638,0003313965,2026-10-09T17:35:49+0900
2018.06,semi_test,VN,3572,32454,110.0638,0003313965,2026-10-09T17:35:49+0900
2018.06,semi_test,WORLD,11360047,103213291,110.0638,0003313965,2026-10-09T17:35:49+0900
2018.06,transformer,CN,7779622,70682840,110.0638,0003313965,2026-10-09T17:35:49+0900
2018.06,transformer,KR,2635639,23946466,110.0638,0003313965,2026-10-09T17:35:49+0900
2018.06,transformer,OTHER,19234086,174753970,110.0638,0003313965,2026-10-09T17:35:49+0900
2018.06,transformer,TW,1853832,16843249,110.0638,0003313965,2026-10-09T17:35:49+0900
2018.06,transformer,US,5974293,54280272,110.0638,0003313965,2026-10-09T17:35:49+0900
2018.06,transformer,VN,547940,4978385,110.0638,0003313965,2026-10-09T17:35:49+0900
2018.06,transformer,WORLD,38025412,345485182,110.0638,0003313965,2026-10-09T17:35:49+0900
2018.06,transformer_large,KR,0,0,110.0638,0003313965,2026-10-09T17:35:49+0900
2018.06,transformer_large,OTHER,2241626,20366606,110.0638,0003313965,2026-10-09T17:35:49+0900
2018.06,transformer_large,TW,0,0,110.0638,0003313965,2026-10-09T17:35:49+0900
2018.06,transformer_large,US,0,0,110.0638,0003313965,2026-10-09T17:35:49+0900
2018.06,transformer_large,WORLD,2241626,20366606,110.0638,0003313965,2026-10-09T17:35:49+0900
2018.06,wafer,CN,4331673,39356019,110.0638,0003313965,2026-10-09T17:35:49+0900
2018.06,wafer,KR,7449298,67681636,110.0638,0003313965,2026-10-09T17:35:49+0900
2018.06,wafer,OTHER,6958640,63223694,110.0638,0003313965,2026-10-09T17:35:49+0900
2018.06,wafer,TW,11572157,105140446,110.0638,0003313965,2026-10-09T17:35:49+0900
2018.06,wafer,US,6787710,61670686,110.0638,0003313965,2026-10-09T17:35:49+0900
2018.06,wafer,VN,0,0,110.0638,0003313965,2026-10-09T17:35:49+0900
2018.06,wafer,WORLD,37099478,337072480,110.0638,0003313965,2026-10-09T17:35:49+0900
2018.07,discrete,CN,23913201,214427785,111.5210,0003313965,2026-10-09T17:35:49+0900
2018.07,discrete,KR,3928077,35222756,111.5210,0003313965,2026-10-09T17:35:49+0900
2018.07,discrete,OTHER,45840495,411048099,111.5210,0003313965,2026-10-09T17:35:49+0900
2018.07,discrete,TW,3923139,35178478,111.5210,0003313965,2026-10-09T17:35:49+0900
2018.07,discrete,US,8923497,80016293,111.5210,0003313965,2026-10-09T17:35:49+0900
2018.07,discrete,VN,2177037,19521319,111.5210,0003313965,2026-10-09T17:35:49+0900
2018.07,discrete,WORLD,88705446,795414729,111.5210,0003313965,2026-10-09T17:35:49+0900
2018.07,ic,CN,74531489,668317976,111.5210,0003313965,2026-10-09T17:35:49+0900
2018.07,ic,KR,17246675,154649573,111.5210,0003313965,2026-10-09T17:35:49+0900
2018.07,ic,OTHER,96164567,862300078,111.5210,0003313965,2026-10-09T17:35:49+0900
2018.07,ic,TW,61382050,550407995,111.5210,0003313965,2026-10-09T17:35:49+0900
2018.07,ic,US,10762244,96504192,111.5210,0003313965,2026-10-09T17:35:49+0900
2018.07,ic,VN,14131443,126715533,111.5210,0003313965,2026-10-09T17:35:49+0900
2018.07,ic,WORLD,274218468,2458895347,111.5210,0003313965,2026-10-09T17:35:49+0900
2018.07,liion,CN,1905847,17089580,111.5210,0003313965,2026-10-09T17:35:49+0900
2018.07,liion,KR,125851,1128496,111.5210,0003313965,2026-10-09T17:35:49+0900
2018.07,liion,OTHER,6039829,54158670,111.5210,0003313965,2026-10-09T17:35:49+0900
2018.07,liion,TW,678384,6083016,111.5210,0003313965,2026-10-09T17:35:49+0900
2018.07,liion,US,13371311,119899490,111.5210,0003313965,2026-10-09T17:35:49+0900
2018.07,liion,VN,5649,50654,111.5210,0003313965,2026-10-09T17:35:49+0900
2018.07,liion,WORLD,22126871,198409905,111.5210,0003313965,2026-10-09T17:35:49+0900
2018.07,mlcc,CN,11797444,105786749,111.5210,0003313965,2026-10-09T17:35:49+0900
2018.07,mlcc,KR,3255446,29191327,111.5210,0003313965,2026-10-09T17:35:49+0900
2018.07,mlcc,OTHER,15975717,143252993,111.5210,0003313965,2026-10-09T17:35:49+0900
2018.07,mlcc,TW,2592935,23250643,111.5210,0003313965,2026-10-09T17:35:49+0900
2018.07,mlcc,US,3382051,30326584,111.5210,0003313965,2026-10-09T17:35:49+0900
2018.07,mlcc,VN,718926,6446553,111.5210,0003313965,2026-10-09T17:35:49+0900
2018.07,mlcc,WORLD,37722519,338254849,111.5210,0003313965,2026-10-09T17:35:49+0900
2018.07,pcb,CN,10045185,90074381,111.5210,0003313965,2026-10-09T17:35:49+0900
2018.07,pcb,KR,3001994,26918643,111.5210,0003313965,2026-10-09T17:35:49+0900
2018.07,pcb,OTHER,14324113,128443190,111.5210,0003313965,2026-10-09T17:35:49+0900
2018.07,pcb,TW,2188160,19621058,111.5210,0003313965,2026-10-09T17:35:49+0900
2018.07,pcb,US,1306203,11712619,111.5210,0003313965,2026-10-09T17:35:49+0900
2018.07,pcb,VN,573775,5144995,111.5210,0003313965,2026-10-09T17:35:49+0900
2018.07,pcb,WORLD,31439430,281914886,111.5210,0003313965,2026-10-09T17:35:49+0900
2018.07,photoresist,CN,4741582,42517391,111.5210,0003313965,2026-10-09T17:35:49+0900
2018.07,photoresist,KR,3060000,27438778,111.5210,0003313965,2026-10-09T17:35:49+0900
2018.07,photoresist,OTHER,8922431,80006734,111.5210,0003313965,2026-10-09T17:35:49+0900
2018.07,photoresist,TW,4862092,43597995,111.5210,0003313965,2026-10-09T17:35:49+0900
2018.07,photoresist,US,6362316,57050385,111.5210,0003313965,2026-10-09T17:35:49+0900
2018.07,photoresist,VN,522068,4681343,111.5210,0003313965,2026-10-09T17:35:49+0900
2018.07,photoresist,WORLD,28470489,255292627,111.5210,0003313965,2026-10-09T17:35:49+0900
2018.07,semi_equip,CN,104634749,938251531,111.5210,0003313965,2026-10-09T17:35:49+0900
2018.07,semi_equip,KR,41779713,374635387,111.5210,0003313965,2026-10-09T17:35:49+0900
2018.07,semi_equip,OTHER,23274504,208700639,111.5210,0003313965,2026-10-09T17:35:49+0900
2018.07,semi_equip,TW,33882318,303820070,111.5210,0003313965,2026-10-09T17:35:49+0900
2018.07,semi_equip,US,16229125,145525282,111.5210,0003313965,2026-10-09T17:35:49+0900
2018.07,semi_equip,VN,637382,5715354,111.5210,0003313965,2026-10-09T17:35:49+0900
2018.07,semi_equip,WORLD,220437791,1976648264,111.5210,0003313965,2026-10-09T17:35:49+0900
2018.07,semi_fab_equip,CN,26286030,235704755,111.5210,0003313965,2026-10-09T17:35:49+0900
2018.07,semi_fab_equip,KR,22986573,206118785,111.5210,0003313965,2026-10-09T17:35:49+0900
2018.07,semi_fab_equip,OTHER,13057646,117086880,111.5210,0003313965,2026-10-09T17:35:49+0900
2018.07,semi_fab_equip,TW,18156218,162805373,111.5210,0003313965,2026-10-09T17:35:49+0900
2018.07,semi_fab_equip,US,5771287,51750675,111.5210,0003313965,2026-10-09T17:35:49+0900
2018.07,semi_fab_equip,VN,314244,2817801,111.5210,0003313965,2026-10-09T17:35:49+0900
2018.07,semi_fab_equip,WORLD,86571998,776284269,111.5210,0003313965,2026-10-09T17:35:49+0900
2018.07,semi_test,CN,2098373,18815945,111.5210,0003313965,2026-10-09T17:35:49+0900
2018.07,semi_test,KR,4707496,42211745,111.5210,0003313965,2026-10-09T17:35:49+0900
2018.07,semi_test,OTHER,324200,2907076,111.5210,0003313965,2026-10-09T17:35:49+0900
2018.07,semi_test,TW,154910,1389066,111.5210,0003313965,2026-10-09T17:35:49+0900
2018.07,semi_test,US,237260,2127492,111.5210,0003313965,2026-10-09T17:35:49+0900
2018.07,semi_test,VN,1835,16454,111.5210,0003313965,2026-10-09T17:35:49+0900
2018.07,semi_test,WORLD,7524074,67467777,111.5210,0003313965,2026-10-09T17:35:49+0900
2018.07,transformer,CN,7617774,68307978,111.5210,0003313965,2026-10-09T17:35:49+0900
2018.07,transformer,KR,2895244,25961424,111.5210,0003313965,2026-10-09T17:35:49+0900
2018.07,transformer,OTHER,17771924,159359439,111.5210,0003313965,2026-10-09T17:35:49+0900
2018.07,transformer,TW,2183591,19580088,111.5210,0003313965,2026-10-09T17:35:49+0900
2018.07,transformer,US,5597679,50193946,111.5210,0003313965,2026-10-09T17:35:49+0900
2018.07,transformer,VN,530060,4753006,111.5210,0003313965,2026-10-09T17:35:49+0900
2018.07,transformer,WORLD,36596272,328155881,111.5210,0003313965,2026-10-09T17:35:49+0900
2018.07,transformer_large,KR,0,0,111.5210,0003313965,2026-10-09T17:35:49+0900
2018.07,transformer_large,OTHER,825873,7405538,111.5210,0003313965,2026-10-09T17:35:49+0900
2018.07,transformer_large,TW,0,0,111.5210,0003313965,2026-10-09T17:35:49+0900
2018.07,transformer_large,US,286344,2567624,111.5210,0003313965,2026-10-09T17:35:49+0900
2018.07,transformer_large,WORLD,1112217,9973162,111.5210,0003313965,2026-10-09T17:35:49+0900
2018.07,wafer,CN,4405580,39504488,111.5210,0003313965,2026-10-09T17:35:49+0900
2018.07,wafer,KR,7471100,66992764,111.5210,0003313965,2026-10-09T17:35:49+0900
2018.07,wafer,OTHER,7078552,63472817,111.5210,0003313965,2026-10-09T17:35:49+0900
2018.07,wafer,TW,11458070,102743609,111.5210,0003313965,2026-10-09T17:35:49+0900
2018.07,wafer,US,6729063,60338977,111.5210,0003313965,2026-10-09T17:35:49+0900
2018.07,wafer,VN,12593,112920,111.5210,0003313965,2026-10-09T17:35:49+0900
2018.07,wafer,WORLD,37154958,333165574,111.5210,0003313965,2026-10-09T17:35:49+0900
2018.08,discrete,CN,22546346,203126639,110.9965,0003313965,2026-10-09T17:35:49+0900
2018.08,discrete,KR,3678994,33145135,110.9965,0003313965,2026-10-09T17:35:49+0900
2018.08,discrete,OTHER,47281005,425968431,110.9965,0003313965,2026-10-09T17:35:49+0900
2018.08,discrete,TW,3731632,33619366,110.9965,0003313965,2026-10-09T17:35:49+0900
2018.08,discrete,US,7938139,71517021,110.9965,0003313965,2026-10-09T17:35:49+0900
2018.08,discrete,VN,2594926,23378449,110.9965,0003313965,2026-10-09T17:35:49+0900
2018.08,discrete,WORLD,87771042,790755042,110.9965,0003313965,2026-10-09T17:35:49+0900
2018.08,ic,CN,65576180,590795025,110.9965,0003313965,2026-10-09T17:35:49+0900
2018.08,ic,KR,17820411,160549306,110.9965,0003313965,2026-10-09T17:35:49+0900
2018.08,ic,OTHER,106324357,957907294,110.9965,0003313965,2026-10-09T17:35:49+0900
2018.08,ic,TW,59757232,538370417,110.9965,0003313965,2026-10-09T17:35:49+0900
2018.08,ic,US,10504436,94637543,110.9965,0003313965,2026-10-09T17:35:49+0900
2018.08,ic,VN,16649828,150003180,110.9965,0003313965,2026-10-09T17:35:49+0900
2018.08,ic,WORLD,276632444,2492262765,110.9965,0003313965,2026-10-09T17:35:49+0900
2018.08,liion,CN,1687176,15200263,110.9965,0003313965,2026-10-09T17:35:49+0900
2018.08,liion,KR,74300,669390,110.9965,0003313965,2026-10-09T17:35:49+0900
2018.08,liion,OTHER,5867362,52860784,110.9965,0003313965,2026-10-09T17:35:49+0900
2018.08,liion,TW,817086,7361367,110.9965,0003313965,2026-10-09T17:35:49+0900
2018.08,liion,US,15705637,141496687,110.9965,0003313965,2026-10-09T17:35:49+0900
2018.08,liion,VN,3561,32082,110.9965,0003313965,2026-10-09T17:35:49+0900
2018.08,liion,WORLD,24155122,217620574,110.9965,0003313965,2026-10-09T17:35:49+0900
2018.08,mlcc,CN,13072152,117770849,110.9965,0003313965,2026-10-09T17:35:49+0900
2018.08,mlcc,KR,3299971,29730406,110.9965,0003313965,2026-10-09T17:35:49+0900
2018.08,mlcc,OTHER,20434111,184096895,110.9965,0003313965,2026-10-09T17:35:49+0900
2018.08,mlcc,TW,2430429,21896447,110.9965,0003313965,2026-10-09T17:35:49+0900
2018.08,mlcc,US,3565659,32124067,110.9965,0003313965,2026-10-09T17:35:49+0900
2018.08,mlcc,VN,772710,6961571,110.9965,0003313965,2026-10-09T17:35:49+0900
2018.08,mlcc,WORLD,43575032,392580235,110.9965,0003313965,2026-10-09T17:35:49+0900
2018.08,pcb,CN,12650084,113968314,110.9965,0003313965,2026-10-09T17:35:49+0900
2018.08,pcb,KR,3132574,28222277,110.9965,0003313965,2026-10-09T17:35:49+0900
2018.08,pcb,OTHER,15109509,136125995,110.9965,0003313965,2026-10-09T17:35:49+0900
2018.08,pcb,TW,2323034,20928894,110.9965,0003313965,2026-10-09T17:35:49+0900
2018.08,pcb,US,1347479,12139833,110.9965,0003313965,2026-10-09T17:35:49+0900
2018.08,pcb,VN,839671,7564842,110.9965,0003313965,2026-10-09T17:35:49+0900
2018.08,pcb,WORLD,35402351,318950156,110.9965,0003313965,2026-10-09T17:35:49+0900
2018.08,photoresist,CN,4508280,40616416,110.9965,0003313965,2026-10-09T17:35:49+0900
2018.08,photoresist,KR,3508572,31609753,110.9965,0003313965,2026-10-09T17:35:49+0900
2018.08,photoresist,OTHER,8024020,72290748,110.9965,0003313965,2026-10-09T17:35:49+0900
2018.08,photoresist,TW,5159157,46480357,110.9965,0003313965,2026-10-09T17:35:49+0900
2018.08,photoresist,US,5714176,51480686,110.9965,0003313965,2026-10-09T17:35:49+0900
2018.08,photoresist,VN,481716,4339921,110.9965,0003313965,2026-10-09T17:35:49+0900
2018.08,photoresist,WORLD,27395921,246817882,110.9965,0003313965,2026-10-09T17:35:49+0900
2018.08,semi_equip,CN,127460600,1148329902,110.9965,0003313965,2026-10-09T17:35:49+0900
2018.08,semi_equip,KR,37347105,336471015,110.9965,0003313965,2026-10-09T17:35:49+0900
2018.08,semi_equip,OTHER,23313926,210041992,110.9965,0003313965,2026-10-09T17:35:49+0900
2018.08,semi_equip,TW,40688647,366575946,110.9965,0003313965,2026-10-09T17:35:49+0900
2018.08,semi_equip,US,24314665,219057943,110.9965,0003313965,2026-10-09T17:35:49+0900
2018.08,semi_equip,VN,713202,6425446,110.9965,0003313965,2026-10-09T17:35:49+0900
2018.08,semi_equip,WORLD,253838145,2286902245,110.9965,0003313965,2026-10-09T17:35:49+0900
2018.08,semi_fab_equip,CN,40008929,360452167,110.9965,0003313965,2026-10-09T17:35:49+0900
2018.08,semi_fab_equip,KR,25232568,227327600,110.9965,0003313965,2026-10-09T17:35:49+0900
2018.08,semi_fab_equip,OTHER,13635439,122845666,110.9965,0003313965,2026-10-09T17:35:49+0900
2018.08,semi_fab_equip,TW,24821712,223626078,110.9965,0003313965,2026-10-09T17:35:49+0900
2018.08,semi_fab_equip,US,10596323,95465380,110.9965,0003313965,2026-10-09T17:35:49+0900
2018.08,semi_fab_equip,VN,39337,354399,110.9965,0003313965,2026-10-09T17:35:49+0900
2018.08,semi_fab_equip,WORLD,114334308,1030071291,110.9965,0003313965,2026-10-09T17:35:49+0900
2018.08,semi_test,CN,3405682,30682787,110.9965,0003313965,2026-10-09T17:35:49+0900
2018.08,semi_test,KR,2653305,23904402,110.9965,0003313965,2026-10-09T17:35:49+0900
2018.08,semi_test,OTHER,978207,8812954,110.9965,0003313965,2026-10-09T17:35:49+0900
2018.08,semi_test,TW,1535704,13835607,110.9965,0003313965,2026-10-09T17:35:49+0900
2018.08,semi_test,US,107190,965706,110.9965,0003313965,2026-10-09T17:35:49+0900
2018.08,semi_test,VN,744,6703,110.9965,0003313965,2026-10-09T17:35:49+0900
2018.08,semi_test,WORLD,8680832,78208160,110.9965,0003313965,2026-10-09T17:35:49+0900
2018.08,transformer,CN,8420084,75859005,110.9965,0003313965,2026-10-09T17:35:49+0900
2018.08,transformer,KR,2610321,23517147,110.9965,0003313965,2026-10-09T17:35:49+0900
2018.08,transformer,OTHER,18437034,166104643,110.9965,0003313965,2026-10-09T17:35:49+0900
2018.08,transformer,TW,2229878,20089624,110.9965,0003313965,2026-10-09T17:35:49+0900
2018.08,transformer,US,5914399,53284554,110.9965,0003313965,2026-10-09T17:35:49+0900
2018.08,transformer,VN,581933,5242805,110.9965,0003313965,2026-10-09T17:35:49+0900
2018.08,transformer,WORLD,38193649,344097778,110.9965,0003313965,2026-10-09T17:35:49+0900
2018.08,transformer_large,KR,0,0,110.9965,0003313965,2026-10-09T17:35:49+0900
2018.08,transformer_large,OTHER,0,0,110.9965,0003313965,2026-10-09T17:35:49+0900
2018.08,transformer_large,TW,0,0,110.9965,0003313965,2026-10-09T17:35:49+0900
2018.08,transformer_large,US,0,0,110.9965,0003313965,2026-10-09T17:35:49+0900
2018.08,transformer_large,WORLD,0,0,110.9965,0003313965,2026-10-09T17:35:49+0900
2018.08,wafer,CN,4404434,39680837,110.9965,0003313965,2026-10-09T17:35:49+0900
2018.08,wafer,KR,7906159,71228904,110.9965,0003313965,2026-10-09T17:35:49+0900
2018.08,wafer,OTHER,6843426,61654431,110.9965,0003313965,2026-10-09T17:35:49+0900
2018.08,wafer,TW,11728979,105669809,110.9965,0003313965,2026-10-09T17:35:49+0900
2018.08,wafer,US,6322272,56959201,110.9965,0003313965,2026-10-09T17:35:49+0900
2018.08,wafer,VN,0,0,110.9965,0003313965,2026-10-09T17:35:49+0900
2018.08,wafer,WORLD,37205270,335193182,110.9965,0003313965,2026-10-09T17:35:49+0900
2018.09,discrete,CN,20049224,178855388,112.0974,0003313965,2026-10-09T17:35:49+0900
2018.09,discrete,KR,3956232,35292808,112.0974,0003313965,2026-10-09T17:35:49+0900
2018.09,discrete,OTHER,50525821,450731426,112.0974,0003313965,2026-10-09T17:35:49+0900
2018.09,discrete,TW,3538848,31569403,112.0974,0003313965,2026-10-09T17:35:49+0900
2018.09,discrete,US,7946987,70893589,112.0974,0003313965,2026-10-09T17:35:49+0900
2018.09,discrete,VN,2399535,21405804,112.0974,0003313965,2026-10-09T17:35:49+0900
2018.09,discrete,WORLD,88416647,788748419,112.0974,0003313965,2026-10-09T17:35:49+0900
2018.09,ic,CN,54776453,488650522,112.0974,0003313965,2026-10-09T17:35:49+0900
2018.09,ic,KR,22086167,197026577,112.0974,0003313965,2026-10-09T17:35:49+0900
2018.09,ic,OTHER,103364071,922091601,112.0974,0003313965,2026-10-09T17:35:49+0900
2018.09,ic,TW,50960634,454610312,112.0974,0003313965,2026-10-09T17:35:49+0900
2018.09,ic,US,10545112,94070978,112.0974,0003313965,2026-10-09T17:35:49+0900
2018.09,ic,VN,16904030,150797699,112.0974,0003313965,2026-10-09T17:35:49+0900
2018.09,ic,WORLD,258636467,2307247688,112.0974,0003313965,2026-10-09T17:35:49+0900
2018.09,liion,CN,1448905,12925411,112.0974,0003313965,2026-10-09T17:35:49+0900
2018.09,liion,KR,38157,340391,112.0974,0003313965,2026-10-09T17:35:49+0900
2018.09,liion,OTHER,8263030,73712950,112.0974,0003313965,2026-10-09T17:35:49+0900
2018.09,liion,TW,691393,6167788,112.0974,0003313965,2026-10-09T17:35:49+0900
2018.09,liion,US,11522044,102786006,112.0974,0003313965,2026-10-09T17:35:49+0900
2018.09,liion,VN,3010,26852,112.0974,0003313965,2026-10-09T17:35:49+0900
2018.09,liion,WORLD,21966539,195959398,112.0974,0003313965,2026-10-09T17:35:49+0900
2018.09,mlcc,CN,13721320,122405337,112.0974,0003313965,2026-10-09T17:35:49+0900
2018.09,mlcc,KR,2838918,25325458,112.0974,0003313965,2026-10-09T17:35:49+0900
2018.09,mlcc,OTHER,18198045,162341366,112.0974,0003313965,2026-10-09T17:35:49+0900
2018.09,mlcc,TW,2081194,18565944,112.0974,0003313965,2026-10-09T17:35:49+0900
2018.09,mlcc,US,3107022,27717164,112.0974,0003313965,2026-10-09T17:35:49+0900
2018.09,mlcc,VN,570779,5091813,112.0974,0003313965,2026-10-09T17:35:49+0900
2018.09,mlcc,WORLD,40517278,361447081,112.0974,0003313965,2026-10-09T17:35:49+0900
2018.09,pcb,CN,11626729,103719881,112.0974,0003313965,2026-10-09T17:35:49+0900
2018.09,pcb,KR,3429615,30594956,112.0974,0003313965,2026-10-09T17:35:49+0900
2018.09,pcb,OTHER,16578017,147889398,112.0974,0003313965,2026-10-09T17:35:49+0900
2018.09,pcb,TW,2364441,21092737,112.0974,0003313965,2026-10-09T17:35:49+0900
2018.09,pcb,US,1296598,11566709,112.0974,0003313965,2026-10-09T17:35:49+0900
2018.09,pcb,VN,456498,4072334,112.0974,0003313965,2026-10-09T17:35:49+0900
2018.09,pcb,WORLD,35751898,318936015,112.0974,0003313965,2026-10-09T17:35:49+0900
2018.09,photoresist,CN,4632327,41324125,112.0974,0003313965,2026-10-09T17:35:49+0900
2018.09,photoresist,KR,3166547,28248175,112.0974,0003313965,2026-10-09T17:35:49+0900
2018.09,photoresist,OTHER,7399275,66007552,112.0974,0003313965,2026-10-09T17:35:49+0900
2018.09,photoresist,TW,5043209,44989527,112.0974,0003313965,2026-10-09T17:35:49+0900
2018.09,photoresist,US,6217566,55465747,112.0974,0003313965,2026-10-09T17:35:49+0900
2018.09,photoresist,VN,342347,3054014,112.0974,0003313965,2026-10-09T17:35:49+0900
2018.09,photoresist,WORLD,26801271,239089140,112.0974,0003313965,2026-10-09T17:35:49+0900
2018.09,semi_equip,CN,89251814,796198788,112.0974,0003313965,2026-10-09T17:35:49+0900
2018.09,semi_equip,KR,52293269,466498500,112.0974,0003313965,2026-10-09T17:35:49+0900
2018.09,semi_equip,OTHER,21629999,192957187,112.0974,0003313965,2026-10-09T17:35:49+0900
2018.09,semi_equip,TW,34445429,307281248,112.0974,0003313965,2026-10-09T17:35:49+0900
2018.09,semi_equip,US,21602214,192709322,112.0974,0003313965,2026-10-09T17:35:49+0900
2018.09,semi_equip,VN,731901,6529152,112.0974,0003313965,2026-10-09T17:35:49+0900
2018.09,semi_equip,WORLD,219954626,1962174199,112.0974,0003313965,2026-10-09T17:35:49+0900
2018.09,semi_fab_equip,CN,18857450,168223795,112.0974,0003313965,2026-10-09T17:35:49+0900
2018.09,semi_fab_equip,KR,30911951,275759750,112.0974,0003313965,2026-10-09T17:35:49+0900
2018.09,semi_fab_equip,OTHER,12883925,114935092,112.0974,0003313965,2026-10-09T17:35:49+0900
2018.09,semi_fab_equip,TW,20453887,182465311,112.0974,0003313965,2026-10-09T17:35:49+0900
2018.09,semi_fab_equip,US,8776641,78294778,112.0974,0003313965,2026-10-09T17:35:49+0900
2018.09,semi_fab_equip,VN,40652,362649,112.0974,0003313965,2026-10-09T17:35:49+0900
2018.09,semi_fab_equip,WORLD,91924506,820041375,112.0974,0003313965,2026-10-09T17:35:49+0900
2018.09,semi_test,CN,2188716,19525127,112.0974,0003313965,2026-10-09T17:35:49+0900
2018.09,semi_test,KR,6328753,56457625,112.0974,0003313965,2026-10-09T17:35:49+0900
2018.09,semi_test,OTHER,897907,8010061,112.0974,0003313965,2026-10-09T17:35:49+0900
2018.09,semi_test,TW,1525216,13606167,112.0974,0003313965,2026-10-09T17:35:49+0900
2018.09,semi_test,US,504472,4500301,112.0974,0003313965,2026-10-09T17:35:49+0900
2018.09,semi_test,VN,496,4425,112.0974,0003313965,2026-10-09T17:35:49+0900
2018.09,semi_test,WORLD,11445560,102103706,112.0974,0003313965,2026-10-09T17:35:49+0900
2018.09,transformer,CN,8308527,74118820,112.0974,0003313965,2026-10-09T17:35:49+0900
2018.09,transformer,KR,2636405,23518877,112.0974,0003313965,2026-10-09T17:35:49+0900
2018.09,transformer,OTHER,17578619,156815582,112.0974,0003313965,2026-10-09T17:35:49+0900
2018.09,transformer,TW,2010615,17936321,112.0974,0003313965,2026-10-09T17:35:49+0900
2018.09,transformer,US,5719632,51023770,112.0974,0003313965,2026-10-09T17:35:49+0900
2018.09,transformer,VN,382916,3415922,112.0974,0003313965,2026-10-09T17:35:49+0900
2018.09,transformer,WORLD,36636714,326829293,112.0974,0003313965,2026-10-09T17:35:49+0900
2018.09,transformer_large,KR,0,0,112.0974,0003313965,2026-10-09T17:35:49+0900
2018.09,transformer_large,OTHER,396720,3539065,112.0974,0003313965,2026-10-09T17:35:49+0900
2018.09,transformer_large,TW,0,0,112.0974,0003313965,2026-10-09T17:35:49+0900
2018.09,transformer_large,US,0,0,112.0974,0003313965,2026-10-09T17:35:49+0900
2018.09,transformer_large,WORLD,396720,3539065,112.0974,0003313965,2026-10-09T17:35:49+0900
2018.09,wafer,CN,3762230,33562152,112.0974,0003313965,2026-10-09T17:35:49+0900
2018.09,wafer,KR,8046775,71783779,112.0974,0003313965,2026-10-09T17:35:49+0900
2018.09,wafer,OTHER,7046666,62861993,112.0974,0003313965,2026-10-09T17:35:49+0900
2018.09,wafer,TW,10204566,91033030,112.0974,0003313965,2026-10-09T17:35:49+0900
2018.09,wafer,US,6580220,58700915,112.0974,0003313965,2026-10-09T17:35:49+0900
2018.09,wafer,VN,0,0,112.0974,0003313965,2026-10-09T17:35:49+0900
2018.09,wafer,WORLD,35640457,317941870,112.0974,0003313965,2026-10-09T17:35:49+0900
2018.10,discrete,CN,22337419,198164144,112.7218,0003313965,2026-10-09T17:35:49+0900
2018.10,discrete,KR,4300322,38149870,112.7218,0003313965,2026-10-09T17:35:49+0900
2018.10,discrete,OTHER,51443636,456376992,112.7218,0003313965,2026-10-09T17:35:49+0900
2018.10,discrete,TW,3735009,33134753,112.7218,0003313965,2026-10-09T17:35:49+0900
2018.10,discrete,US,7658544,67941995,112.7218,0003313965,2026-10-09T17:35:49+0900
2018.10,discrete,VN,2380115,21114948,112.7218,0003313965,2026-10-09T17:35:49+0900
2018.10,discrete,WORLD,91855045,814882702,112.7218,0003313965,2026-10-09T17:35:49+0900
2018.10,ic,CN,83832903,743715084,112.7218,0003313965,2026-10-09T17:35:49+0900
2018.10,ic,KR,20345309,180491342,112.7218,0003313965,2026-10-09T17:35:49+0900
2018.10,ic,OTHER,107845702,956742192,112.7218,0003313965,2026-10-09T17:35:49+0900
2018.10,ic,TW,48891707,433737813,112.7218,0003313965,2026-10-09T17:35:49+0900
2018.10,ic,US,10084544,89464008,112.7218,0003313965,2026-10-09T17:35:49+0900
2018.10,ic,VN,17502819,155274481,112.7218,0003313965,2026-10-09T17:35:49+0900
2018.10,ic,WORLD,288502984,2559424920,112.7218,0003313965,2026-10-09T17:35:49+0900
2018.10,liion,CN,1918474,17019547,112.7218,0003313965,2026-10-09T17:35:49+0900
2018.10,liion,KR,80652,715496,112.7218,0003313965,2026-10-09T17:35:49+0900
2018.10,liion,OTHER,6374730,56552770,112.7218,0003313965,2026-10-09T17:35:49+0900
2018.10,liion,TW,453868,4026444,112.7218,0003313965,2026-10-09T17:35:49+0900
2018.10,liion,US,15122133,134154467,112.7218,0003313965,2026-10-09T17:35:49+0900
2018.10,liion,VN,6788,60219,112.7218,0003313965,2026-10-09T17:35:49+0900
2018.10,liion,WORLD,23956645,212528943,112.7218,0003313965,2026-10-09T17:35:49+0900
2018.10,mlcc,CN,14706361,130465988,112.7218,0003313965,2026-10-09T17:35:49+0900
2018.10,mlcc,KR,3546080,31458689,112.7218,0003313965,2026-10-09T17:35:49+0900
2018.10,mlcc,OTHER,22407711,198787732,112.7218,0003313965,2026-10-09T17:35:49+0900
2018.10,mlcc,TW,2367677,21004606,112.7218,0003313965,2026-10-09T17:35:49+0900
2018.10,mlcc,US,3911865,34703713,112.7218,0003313965,2026-10-09T17:35:49+0900
2018.10,mlcc,VN,955259,8474483,112.7218,0003313965,2026-10-09T17:35:49+0900
2018.10,mlcc,WORLD,47894953,424895211,112.7218,0003313965,2026-10-09T17:35:49+0900
2018.10,pcb,CN,13146157,116624797,112.7218,0003313965,2026-10-09T17:35:49+0900
2018.10,pcb,KR,3457544,30673250,112.7218,0003313965,2026-10-09T17:35:49+0900
2018.10,pcb,OTHER,16666085,147851480,112.7218,0003313965,2026-10-09T17:35:49+0900
2018.10,pcb,TW,2247495,19938424,112.7218,0003313965,2026-10-09T17:35:49+0900
2018.10,pcb,US,1431062,12695521,112.7218,0003313965,2026-10-09T17:35:49+0900
2018.10,pcb,VN,863943,7664383,112.7218,0003313965,2026-10-09T17:35:49+0900
2018.10,pcb,WORLD,37812286,335447855,112.7218,0003313965,2026-10-09T17:35:49+0900
2018.10,photoresist,CN,5250969,46583438,112.7218,0003313965,2026-10-09T17:35:49+0900
2018.10,photoresist,KR,4011290,35585752,112.7218,0003313965,2026-10-09T17:35:49+0900
2018.10,photoresist,OTHER,7448932,66082444,112.7218,0003313965,2026-10-09T17:35:49+0900
2018.10,photoresist,TW,5441427,48273067,112.7218,0003313965,2026-10-09T17:35:49+0900
2018.10,photoresist,US,5775772,51239175,112.7218,0003313965,2026-10-09T17:35:49+0900
2018.10,photoresist,VN,491990,4364639,112.7218,0003313965,2026-10-09T17:35:49+0900
2018.10,photoresist,WORLD,28420380,252128515,112.7218,0003313965,2026-10-09T17:35:49+0900
2018.10,semi_equip,CN,73553364,652521198,112.7218,0003313965,2026-10-09T17:35:49+0900
2018.10,semi_equip,KR,40487396,359179821,112.7218,0003313965,2026-10-09T17:35:49+0900
2018.10,semi_equip,OTHER,33586604,297960146,112.7218,0003313965,2026-10-09T17:35:49+0900
2018.10,semi_equip,TW,31678796,281035221,112.7218,0003313965,2026-10-09T17:35:49+0900
2018.10,semi_equip,US,31848933,282544574,112.7218,0003313965,2026-10-09T17:35:49+0900
2018.10,semi_equip,VN,216918,1924366,112.7218,0003313965,2026-10-09T17:35:49+0900
2018.10,semi_equip,WORLD,211372011,1875165327,112.7218,0003313965,2026-10-09T17:35:49+0900
2018.10,semi_fab_equip,CN,13523886,119975781,112.7218,0003313965,2026-10-09T17:35:49+0900
2018.10,semi_fab_equip,KR,25020814,221969610,112.7218,0003313965,2026-10-09T17:35:49+0900
2018.10,semi_fab_equip,OTHER,22014872,195302701,112.7218,0003313965,2026-10-09T17:35:49+0900
2018.10,semi_fab_equip,TW,17687561,156913401,112.7218,0003313965,2026-10-09T17:35:49+0900
2018.10,semi_fab_equip,US,18800702,166788518,112.7218,0003313965,2026-10-09T17:35:49+0900
2018.10,semi_fab_equip,VN,1215,10779,112.7218,0003313965,2026-10-09T17:35:49+0900
2018.10,semi_fab_equip,WORLD,97049050,860960790,112.7218,0003313965,2026-10-09T17:35:49+0900
2018.10,semi_test,CN,2787638,24730247,112.7218,0003313965,2026-10-09T17:35:49+0900
2018.10,semi_test,KR,3265022,28965311,112.7218,0003313965,2026-10-09T17:35:49+0900
2018.10,semi_test,OTHER,161343,1431338,112.7218,0003313965,2026-10-09T17:35:49+0900
2018.10,semi_test,TW,683161,6060593,112.7218,0003313965,2026-10-09T17:35:49+0900
2018.10,semi_test,US,726910,6448708,112.7218,0003313965,2026-10-09T17:35:49+0900
2018.10,semi_test,VN,28725,254831,112.7218,0003313965,2026-10-09T17:35:49+0900
2018.10,semi_test,WORLD,7652799,67891029,112.7218,0003313965,2026-10-09T17:35:49+0900
2018.10,transformer,CN,9498649,84266300,112.7218,0003313965,2026-10-09T17:35:49+0900
2018.10,transformer,KR,2049019,18177664,112.7218,0003313965,2026-10-09T17:35:49+0900
2018.10,transformer,OTHER,19155715,169937980,112.7218,0003313965,2026-10-09T17:35:49+0900
2018.10,transformer,TW,1869507,16585141,112.7218,0003313965,2026-10-09T17:35:49+0900
2018.10,transformer,US,6791697,60251850,112.7218,0003313965,2026-10-09T17:35:49+0900
2018.10,transformer,VN,571651,5071344,112.7218,0003313965,2026-10-09T17:35:49+0900
2018.10,transformer,WORLD,39936238,354290279,112.7218,0003313965,2026-10-09T17:35:49+0900
2018.10,transformer_large,KR,135090,1198437,112.7218,0003313965,2026-10-09T17:35:49+0900
2018.10,transformer_large,OTHER,352384,3126139,112.7218,0003313965,2026-10-09T17:35:49+0900
2018.10,transformer_large,TW,0,0,112.7218,0003313965,2026-10-09T17:35:49+0900
2018.10,transformer_large,US,0,0,112.7218,0003313965,2026-10-09T17:35:49+0900
2018.10,transformer_large,WORLD,487474,4324576,112.7218,0003313965,2026-10-09T17:35:49+0900
2018.10,wafer,CN,5219705,46306083,112.7218,0003313965,2026-10-09T17:35:49+0900
2018.10,wafer,KR,7874683,69859450,112.7218,0003313965,2026-10-09T17:35:49+0900
2018.10,wafer,OTHER,7193694,63818126,112.7218,0003313965,2026-10-09T17:35:49+0900
2018.10,wafer,TW,12020278,106636675,112.7218,0003313965,2026-10-09T17:35:49+0900
2018.10,wafer,US,6889169,61116563,112.7218,0003313965,2026-10-09T17:35:49+0900
2018.10,wafer,VN,0,0,112.7218,0003313965,2026-10-09T17:35:49+0900
2018.10,wafer,WORLD,39197529,347736897,112.7218,0003313965,2026-10-09T17:35:49+0900
2018.11,discrete,CN,21470869,189441044,113.3380,0003313965,2026-10-09T17:35:49+0900
2018.11,discrete,KR,3281421,28952523,113.3380,0003313965,2026-10-09T17:35:49+0900
2018.11,discrete,OTHER,46393474,409337327,113.3380,0003313965,2026-10-09T17:35:49+0900
2018.11,discrete,TW,3143903,27739178,113.3380,0003313965,2026-10-09T17:35:49+0900
2018.11,discrete,US,7468282,65893893,113.3380,0003313965,2026-10-09T17:35:49+0900
2018.11,discrete,VN,2170046,19146676,113.3380,0003313965,2026-10-09T17:35:49+0900
2018.11,discrete,WORLD,83927995,740510641,113.3380,0003313965,2026-10-09T17:35:49+0900
2018.11,ic,CN,76183280,672177734,113.3380,0003313965,2026-10-09T17:35:49+0900
2018.11,ic,KR,17077506,150677672,113.3380,0003313965,2026-10-09T17:35:49+0900
2018.11,ic,OTHER,97733022,862314687,113.3380,0003313965,2026-10-09T17:35:49+0900
2018.11,ic,TW,55799364,492327057,113.3380,0003313965,2026-10-09T17:35:49+0900
2018.11,ic,US,9566300,84405054,113.3380,0003313965,2026-10-09T17:35:49+0900
2018.11,ic,VN,14529316,128194568,113.3380,0003313965,2026-10-09T17:35:49+0900
2018.11,ic,WORLD,270888788,2390096772,113.3380,0003313965,2026-10-09T17:35:49+0900
2018.11,liion,CN,2858328,25219503,113.3380,0003313965,2026-10-09T17:35:49+0900
2018.11,liion,KR,58064,512308,113.3380,0003313965,2026-10-09T17:35:49+0900
2018.11,liion,OTHER,5873104,51819372,113.3380,0003313965,2026-10-09T17:35:49+0900
2018.11,liion,TW,656668,5793891,113.3380,0003313965,2026-10-09T17:35:49+0900
2018.11,liion,US,10446932,92175016,113.3380,0003313965,2026-10-09T17:35:49+0900
2018.11,liion,VN,2104,18564,113.3380,0003313965,2026-10-09T17:35:49+0900
2018.11,liion,WORLD,19895200,175538654,113.3380,0003313965,2026-10-09T17:35:49+0900
2018.11,mlcc,CN,11967549,105591673,113.3380,0003313965,2026-10-09T17:35:49+0900
2018.11,mlcc,KR,2826793,24941264,113.3380,0003313965,2026-10-09T17:35:49+0900
2018.11,mlcc,OTHER,18545394,163629092,113.3380,0003313965,2026-10-09T17:35:49+0900
2018.11,mlcc,TW,2379595,20995562,113.3380,0003313965,2026-10-09T17:35:49+0900
2018.11,mlcc,US,3453400,30469922,113.3380,0003313965,2026-10-09T17:35:49+0900
2018.11,mlcc,VN,789400,6965007,113.3380,0003313965,2026-10-09T17:35:49+0900
2018.11,mlcc,WORLD,39962131,352592520,113.3380,0003313965,2026-10-09T17:35:49+0900
2018.11,pcb,CN,12765114,112628721,113.3380,0003313965,2026-10-09T17:35:49+0900
2018.11,pcb,KR,2983620,26324975,113.3380,0003313965,2026-10-09T17:35:49+0900
2018.11,pcb,OTHER,15585459,137513094,113.3380,0003313965,2026-10-09T17:35:49+0900
2018.11,pcb,TW,2467568,21771762,113.3380,0003313965,2026-10-09T17:35:49+0900
2018.11,pcb,US,1363915,12034049,113.3380,0003313965,2026-10-09T17:35:49+0900
2018.11,pcb,VN,499901,4410710,113.3380,0003313965,2026-10-09T17:35:49+0900
2018.11,pcb,WORLD,35665577,314683310,113.3380,0003313965,2026-10-09T17:35:49+0900
2018.11,photoresist,CN,4725501,41693880,113.3380,0003313965,2026-10-09T17:35:49+0900
2018.11,photoresist,KR,3609963,31851303,113.3380,0003313965,2026-10-09T17:35:49+0900
2018.11,photoresist,OTHER,7275936,64196792,113.3380,0003313965,2026-10-09T17:35:49+0900
2018.11,photoresist,TW,5420805,47828663,113.3380,0003313965,2026-10-09T17:35:49+0900
2018.11,photoresist,US,4421563,39012185,113.3380,0003313965,2026-10-09T17:35:49+0900
2018.11,photoresist,VN,493384,4353209,113.3380,0003313965,2026-10-09T17:35:49+0900
2018.11,photoresist,WORLD,25947152,228936032,113.3380,0003313965,2026-10-09T17:35:49+0900
2018.11,semi_equip,CN,69471843,612961610,113.3380,0003313965,2026-10-09T17:35:49+0900
2018.11,semi_equip,KR,33163779,292609531,113.3380,0003313965,2026-10-09T17:35:49+0900
2018.11,semi_equip,OTHER,31800353,280579797,113.3380,0003313965,2026-10-09T17:35:49+0900
2018.11,semi_equip,TW,30077705,265380587,113.3380,0003313965,2026-10-09T17:35:49+0900
2018.11,semi_equip,US,27567657,243234017,113.3380,0003313965,2026-10-09T17:35:49+0900
2018.11,semi_equip,VN,151942,1340610,113.3380,0003313965,2026-10-09T17:35:49+0900
2018.11,semi_equip,WORLD,192233279,1696106152,113.3380,0003313965,2026-10-09T17:35:49+0900
2018.11,semi_fab_equip,CN,15652073,138100840,113.3380,0003313965,2026-10-09T17:35:49+0900
2018.11,semi_fab_equip,KR,18584881,163977492,113.3380,0003313965,2026-10-09T17:35:49+0900
2018.11,semi_fab_equip,OTHER,19718527,173979839,113.3380,0003313965,2026-10-09T17:35:49+0900
2018.11,semi_fab_equip,TW,15810824,139501526,113.3380,0003313965,2026-10-09T17:35:49+0900
2018.11,semi_fab_equip,US,12333808,108823237,113.3380,0003313965,2026-10-09T17:35:49+0900
2018.11,semi_fab_equip,VN,0,0,113.3380,0003313965,2026-10-09T17:35:49+0900
2018.11,semi_fab_equip,WORLD,82100113,724382934,113.3380,0003313965,2026-10-09T17:35:49+0900
2018.11,semi_test,CN,3126041,27581579,113.3380,0003313965,2026-10-09T17:35:49+0900
2018.11,semi_test,KR,3604365,31801911,113.3380,0003313965,2026-10-09T17:35:49+0900
2018.11,semi_test,OTHER,1412817,12465519,113.3380,0003313965,2026-10-09T17:35:49+0900
2018.11,semi_test,TW,1500088,13235526,113.3380,0003313965,2026-10-09T17:35:49+0900
2018.11,semi_test,US,484811,4277568,113.3380,0003313965,2026-10-09T17:35:49+0900
2018.11,semi_test,VN,83380,735676,113.3380,0003313965,2026-10-09T17:35:49+0900
2018.11,semi_test,WORLD,10211502,90097778,113.3380,0003313965,2026-10-09T17:35:49+0900
2018.11,transformer,CN,8420657,74296855,113.3380,0003313965,2026-10-09T17:35:49+0900
2018.11,transformer,KR,1898331,16749290,113.3380,0003313965,2026-10-09T17:35:49+0900
2018.11,transformer,OTHER,16637903,146798982,113.3380,0003313965,2026-10-09T17:35:49+0900
2018.11,transformer,TW,1881721,16602737,113.3380,0003313965,2026-10-09T17:35:49+0900
2018.11,transformer,US,6715092,59248372,113.3380,0003313965,2026-10-09T17:35:49+0900
2018.11,transformer,VN,471955,4164137,113.3380,0003313965,2026-10-09T17:35:49+0900
2018.11,transformer,WORLD,36025659,317860373,113.3380,0003313965,2026-10-09T17:35:49+0900
2018.11,transformer_large,KR,0,0,113.3380,0003313965,2026-10-09T17:35:49+0900
2018.11,transformer_large,OTHER,0,0,113.3380,0003313965,2026-10-09T17:35:49+0900
2018.11,transformer_large,TW,0,0,113.3380,0003313965,2026-10-09T17:35:49+0900
2018.11,transformer_large,US,0,0,113.3380,0003313965,2026-10-09T17:35:49+0900
2018.11,transformer_large,WORLD,0,0,113.3380,0003313965,2026-10-09T17:35:49+0900
2018.11,wafer,CN,4442647,39198212,113.3380,0003313965,2026-10-09T17:35:49+0900
2018.11,wafer,KR,7966164,70286788,113.3380,0003313965,2026-10-09T17:35:49+0900
2018.11,wafer,OTHER,6810896,60093667,113.3380,0003313965,2026-10-09T17:35:49+0900
2018.11,wafer,TW,10277543,90680469,113.3380,0003313965,2026-10-09T17:35:49+0900
2018.11,wafer,US,6371675,56218347,113.3380,0003313965,2026-10-09T17:35:49+0900
2018.11,wafer,VN,0,0,113.3380,0003313965,2026-10-09T17:35:49+0900
2018.11,wafer,WORLD,35868925,316477483,113.3380,0003313965,2026-10-09T17:35:49+0900
2018.12,discrete,CN,21381823,190569852,112.1994,0003313965,2026-10-09T17:35:49+0900
2018.12,discrete,KR,3423872,30515956,112.1994,0003313965,2026-10-09T17:35:49+0900
2018.12,discrete,OTHER,46482186,414281948,112.1994,0003313965,2026-10-09T17:35:49+0900
2018.12,discrete,TW,3422141,30500529,112.1994,0003313965,2026-10-09T17:35:49+0900
2018.12,discrete,US,7874273,70181062,112.1994,0003313965,2026-10-09T17:35:49+0900
2018.12,discrete,VN,1967613,17536752,112.1994,0003313965,2026-10-09T17:35:49+0900
2018.12,discrete,WORLD,84551908,753586098,112.1994,0003313965,2026-10-09T17:35:49+0900
2018.12,ic,CN,75889054,676376647,112.1994,0003313965,2026-10-09T17:35:49+0900
2018.12,ic,KR,15510704,138242308,112.1994,0003313965,2026-10-09T17:35:49+0900
2018.12,ic,OTHER,92681644,826044025,112.1994,0003313965,2026-10-09T17:35:49+0900
2018.12,ic,TW,50752089,452338328,112.1994,0003313965,2026-10-09T17:35:49+0900
2018.12,ic,US,10711698,95470190,112.1994,0003313965,2026-10-09T17:35:49+0900
2018.12,ic,VN,8838193,78772195,112.1994,0003313965,2026-10-09T17:35:49+0900
2018.12,ic,WORLD,254383382,2267243693,112.1994,0003313965,2026-10-09T17:35:49+0900
2018.12,liion,CN,3395349,30261739,112.1994,0003313965,2026-10-09T17:35:49+0900
2018.12,liion,KR,86801,773632,112.1994,0003313965,2026-10-09T17:35:49+0900
2018.12,liion,OTHER,6952750,61967800,112.1994,0003313965,2026-10-09T17:35:49+0900
2018.12,liion,TW,1483460,13221639,112.1994,0003313965,2026-10-09T17:35:49+0900
2018.12,liion,US,11580248,103211318,112.1994,0003313965,2026-10-09T17:35:49+0900
2018.12,liion,VN,2567,22879,112.1994,0003313965,2026-10-09T17:35:49+0900
2018.12,liion,WORLD,23501175,209459008,112.1994,0003313965,2026-10-09T17:35:49+0900
2018.12,mlcc,CN,12490001,111319677,112.1994,0003313965,2026-10-09T17:35:49+0900
2018.12,mlcc,KR,3076121,27416555,112.1994,0003313965,2026-10-09T17:35:49+0900
2018.12,mlcc,OTHER,19581279,174522136,112.1994,0003313965,2026-10-09T17:35:49+0900
2018.12,mlcc,TW,2078007,18520661,112.1994,0003313965,2026-10-09T17:35:49+0900
2018.12,mlcc,US,3992150,35580850,112.1994,0003313965,2026-10-09T17:35:49+0900
2018.12,mlcc,VN,804748,7172480,112.1994,0003313965,2026-10-09T17:35:49+0900
2018.12,mlcc,WORLD,42022306,374532359,112.1994,0003313965,2026-10-09T17:35:49+0900
2018.12,pcb,CN,9766763,87048264,112.1994,0003313965,2026-10-09T17:35:49+0900
2018.12,pcb,KR,2887737,25737544,112.1994,0003313965,2026-10-09T17:35:49+0900
2018.12,pcb,OTHER,13090506,116671800,112.1994,0003313965,2026-10-09T17:35:49+0900
2018.12,pcb,TW,2517339,22436296,112.1994,0003313965,2026-10-09T17:35:49+0900
2018.12,pcb,US,1255000,11185443,112.1994,0003313965,2026-10-09T17:35:49+0900
2018.12,pcb,VN,633282,5644255,112.1994,0003313965,2026-10-09T17:35:49+0900
2018.12,pcb,WORLD,30150627,268723603,112.1994,0003313965,2026-10-09T17:35:49+0900
2018.12,photoresist,CN,4632588,41288884,112.1994,0003313965,2026-10-09T17:35:49+0900
2018.12,photoresist,KR,4221707,37626823,112.1994,0003313965,2026-10-09T17:35:49+0900
2018.12,photoresist,OTHER,9633643,85861805,112.1994,0003313965,2026-10-09T17:35:49+0900
2018.12,photoresist,TW,6179571,55076685,112.1994,0003313965,2026-10-09T17:35:49+0900
2018.12,photoresist,US,7148530,63712729,112.1994,0003313965,2026-10-09T17:35:49+0900
2018.12,photoresist,VN,468383,4174559,112.1994,0003313965,2026-10-09T17:35:49+0900
2018.12,photoresist,WORLD,32284422,287741485,112.1994,0003313965,2026-10-09T17:35:49+0900
2018.12,semi_equip,CN,69216731,616908210,112.1994,0003313965,2026-10-09T17:35:49+0900
2018.12,semi_equip,KR,37794373,336850046,112.1994,0003313965,2026-10-09T17:35:49+0900
2018.12,semi_equip,OTHER,32074725,285872518,112.1994,0003313965,2026-10-09T17:35:49+0900
2018.12,semi_equip,TW,37325053,332667135,112.1994,0003313965,2026-10-09T17:35:49+0900
2018.12,semi_equip,US,32854202,292819766,112.1994,0003313965,2026-10-09T17:35:49+0900
2018.12,semi_equip,VN,219176,1953451,112.1994,0003313965,2026-10-09T17:35:49+0900
2018.12,semi_equip,WORLD,209484260,1867071125,112.1994,0003313965,2026-10-09T17:35:49+0900
2018.12,semi_fab_equip,CN,22221561,198054187,112.1994,0003313965,2026-10-09T17:35:49+0900
2018.12,semi_fab_equip,KR,25182086,224440469,112.1994,0003313965,2026-10-09T17:35:49+0900
2018.12,semi_fab_equip,OTHER,20869423,186002982,112.1994,0003313965,2026-10-09T17:35:49+0900
2018.12,semi_fab_equip,TW,16589683,147858928,112.1994,0003313965,2026-10-09T17:35:49+0900
2018.12,semi_fab_equip,US,20929548,186538858,112.1994,0003313965,2026-10-09T17:35:49+0900
2018.12,semi_fab_equip,VN,54352,484423,112.1994,0003313965,2026-10-09T17:35:49+0900
2018.12,semi_fab_equip,WORLD,105846653,943379849,112.1994,0003313965,2026-10-09T17:35:49+0900
2018.12,semi_test,CN,993952,8858800,112.1994,0003313965,2026-10-09T17:35:49+0900
2018.12,semi_test,KR,893926,7967298,112.1994,0003313965,2026-10-09T17:35:49+0900
2018.12,semi_test,OTHER,378579,3374162,112.1994,0003313965,2026-10-09T17:35:49+0900
2018.12,semi_test,TW,1072240,9556557,112.1994,0003313965,2026-10-09T17:35:49+0900
2018.12,semi_test,US,532786,4748564,112.1994,0003313965,2026-10-09T17:35:49+0900
2018.12,semi_test,VN,2143,19100,112.1994,0003313965,2026-10-09T17:35:49+0900
2018.12,semi_test,WORLD,3873626,34524481,112.1994,0003313965,2026-10-09T17:35:49+0900
2018.12,transformer,CN,8015087,71436095,112.1994,0003313965,2026-10-09T17:35:49+0900
2018.12,transformer,KR,2554114,22764061,112.1994,0003313965,2026-10-09T17:35:49+0900
2018.12,transformer,OTHER,17762431,158311283,112.1994,0003313965,2026-10-09T17:35:49+0900
2018.12,transformer,TW,2066035,18413958,112.1994,0003313965,2026-10-09T17:35:49+0900
2018.12,transformer,US,6983981,62246153,112.1994,0003313965,2026-10-09T17:35:49+0900
2018.12,transformer,VN,435391,3880511,112.1994,0003313965,2026-10-09T17:35:49+0900
2018.12,transformer,WORLD,37817039,337052061,112.1994,0003313965,2026-10-09T17:35:49+0900
2018.12,transformer_large,KR,210978,1880384,112.1994,0003313965,2026-10-09T17:35:49+0900
2018.12,transformer_large,OTHER,191798,1709439,112.1994,0003313965,2026-10-09T17:35:49+0900
2018.12,transformer_large,TW,338220,3014455,112.1994,0003313965,2026-10-09T17:35:49+0900
2018.12,transformer_large,US,0,0,112.1994,0003313965,2026-10-09T17:35:49+0900
2018.12,transformer_large,WORLD,740996,6604278,112.1994,0003313965,2026-10-09T17:35:49+0900
2018.12,wafer,CN,5249501,46787247,112.1994,0003313965,2026-10-09T17:35:49+0900
2018.12,wafer,KR,7924784,70631251,112.1994,0003313965,2026-10-09T17:35:49+0900
2018.12,wafer,OTHER,7170421,63907837,112.1994,0003313965,2026-10-09T17:35:49+0900
2018.12,wafer,TW,11588741,103287014,112.1994,0003313965,2026-10-09T17:35:49+0900
2018.12,wafer,US,7518685,67011811,112.1994,0003313965,2026-10-09T17:35:49+0900
2018.12,wafer,VN,10404,92728,112.1994,0003313965,2026-10-09T17:35:49+0900
2018.12,wafer,WORLD,39462536,351717888,112.1994,0003313965,2026-10-09T17:35:49+0900
2019.01,discrete,CN,15491693,142177147,108.9605,0003313965,2026-10-09T17:35:49+0900
2019.01,discrete,KR,2927615,26868590,108.9605,0003313965,2026-10-09T17:35:49+0900
2019.01,discrete,OTHER,42974181,394401467,108.9605,0003313965,2026-10-09T17:35:49+0900
2019.01,discrete,TW,2799964,25697055,108.9605,0003313965,2026-10-09T17:35:49+0900
2019.01,discrete,US,6456050,59251288,108.9605,0003313965,2026-10-09T17:35:49+0900
2019.01,discrete,VN,2389016,21925523,108.9605,0003313965,2026-10-09T17:35:49+0900
2019.01,discrete,WORLD,73038519,670321070,108.9605,0003313965,2026-10-09T17:35:49+0900
2019.01,ic,CN,63779085,585341339,108.9605,0003313965,2026-10-09T17:35:49+0900
2019.01,ic,KR,13525979,124136536,108.9605,0003313965,2026-10-09T17:35:49+0900
2019.01,ic,OTHER,85524512,784912991,108.9605,0003313965,2026-10-09T17:35:49+0900
2019.01,ic,TW,43273060,397144470,108.9605,0003313965,2026-10-09T17:35:49+0900
2019.01,ic,US,8329774,76447648,108.9605,0003313965,2026-10-09T17:35:49+0900
2019.01,ic,VN,8320960,76366757,108.9605,0003313965,2026-10-09T17:35:49+0900
2019.01,ic,WORLD,222753370,2044349741,108.9605,0003313965,2026-10-09T17:35:49+0900
2019.01,liion,CN,2546908,23374599,108.9605,0003313965,2026-10-09T17:35:49+0900
2019.01,liion,KR,52341,480367,108.9605,0003313965,2026-10-09T17:35:49+0900
2019.01,liion,OTHER,5434595,49876744,108.9605,0003313965,2026-10-09T17:35:49+0900
2019.01,liion,TW,313288,2875244,108.9605,0003313965,2026-10-09T17:35:49+0900
2019.01,liion,US,13590119,124725189,108.9605,0003313965,2026-10-09T17:35:49+0900
2019.01,liion,VN,4239,38904,108.9605,0003313965,2026-10-09T17:35:49+0900
2019.01,liion,WORLD,21941490,201371047,108.9605,0003313965,2026-10-09T17:35:49+0900
2019.01,mlcc,CN,9607791,88176826,108.9605,0003313965,2026-10-09T17:35:49+0900
2019.01,mlcc,KR,3139898,28816846,108.9605,0003313965,2026-10-09T17:35:49+0900
2019.01,mlcc,OTHER,14995813,137626140,108.9605,0003313965,2026-10-09T17:35:49+0900
2019.01,mlcc,TW,2398751,22014868,108.9605,0003313965,2026-10-09T17:35:49+0900
2019.01,mlcc,US,3902613,35816768,108.9605,0003313965,2026-10-09T17:35:49+0900
2019.01,mlcc,VN,822948,7552719,108.9605,0003313965,2026-10-09T17:35:49+0900
2019.01,mlcc,WORLD,34867814,320004167,108.9605,0003313965,2026-10-09T17:35:49+0900
2019.01,pcb,CN,5824132,53451774,108.9605,0003313965,2026-10-09T17:35:49+0900
2019.01,pcb,KR,2136209,19605352,108.9605,0003313965,2026-10-09T17:35:49+0900
2019.01,pcb,OTHER,7689635,70572685,108.9605,0003313965,2026-10-09T17:35:49+0900
2019.01,pcb,TW,2055567,18865249,108.9605,0003313965,2026-10-09T17:35:49+0900
2019.01,pcb,US,1048293,9620853,108.9605,0003313965,2026-10-09T17:35:49+0900
2019.01,pcb,VN,395939,3633785,108.9605,0003313965,2026-10-09T17:35:49+0900
2019.01,pcb,WORLD,19149775,175749698,108.9605,0003313965,2026-10-09T17:35:49+0900
2019.01,photoresist,CN,3989775,36616710,108.9605,0003313965,2026-10-09T17:35:49+0900
2019.01,photoresist,KR,3209269,29453508,108.9605,0003313965,2026-10-09T17:35:49+0900
2019.01,photoresist,OTHER,6862697,62983347,108.9605,0003313965,2026-10-09T17:35:49+0900
2019.01,photoresist,TW,4635045,42538764,108.9605,0003313965,2026-10-09T17:35:49+0900
2019.01,photoresist,US,5060685,46445134,108.9605,0003313965,2026-10-09T17:35:49+0900
2019.01,photoresist,VN,296162,2718068,108.9605,0003313965,2026-10-09T17:35:49+0900
2019.01,photoresist,WORLD,24053633,220755531,108.9605,0003313965,2026-10-09T17:35:49+0900
2019.01,semi_equip,CN,52611610,482850299,108.9605,0003313965,2026-10-09T17:35:49+0900
2019.01,semi_equip,KR,32897211,301918686,108.9605,0003313965,2026-10-09T17:35:49+0900
2019.01,semi_equip,OTHER,15709244,144173751,108.9605,0003313965,2026-10-09T17:35:49+0900
2019.01,semi_equip,TW,35270929,323703810,108.9605,0003313965,2026-10-09T17:35:49+0900
2019.01,semi_equip,US,27708440,254298025,108.9605,0003313965,2026-10-09T17:35:49+0900
2019.01,semi_equip,VN,43137,395896,108.9605,0003313965,2026-10-09T17:35:49+0900
2019.01,semi_equip,WORLD,164240571,1507340467,108.9605,0003313965,2026-10-09T17:35:49+0900
2019.01,semi_fab_equip,CN,19841741,182100312,108.9605,0003313965,2026-10-09T17:35:49+0900
2019.01,semi_fab_equip,KR,20388474,187118029,108.9605,0003313965,2026-10-09T17:35:49+0900
2019.01,semi_fab_equip,OTHER,8145721,74758477,108.9605,0003313965,2026-10-09T17:35:49+0900
2019.01,semi_fab_equip,TW,23006733,211147462,108.9605,0003313965,2026-10-09T17:35:49+0900
2019.01,semi_fab_equip,US,17535246,160932136,108.9605,0003313965,2026-10-09T17:35:49+0900
2019.01,semi_fab_equip,VN,0,0,108.9605,0003313965,2026-10-09T17:35:49+0900
2019.01,semi_fab_equip,WORLD,88917915,816056415,108.9605,0003313965,2026-10-09T17:35:49+0900
2019.01,semi_test,CN,2182844,20033352,108.9605,0003313965,2026-10-09T17:35:49+0900
2019.01,semi_test,KR,1619690,14864928,108.9605,0003313965,2026-10-09T17:35:49+0900
2019.01,semi_test,OTHER,66773,612818,108.9605,0003313965,2026-10-09T17:35:49+0900
2019.01,semi_test,TW,1953683,17930195,108.9605,0003313965,2026-10-09T17:35:49+0900
2019.01,semi_test,US,2564,23531,108.9605,0003313965,2026-10-09T17:35:49+0900
2019.01,semi_test,VN,0,0,108.9605,0003313965,2026-10-09T17:35:49+0900
2019.01,semi_test,WORLD,5825554,53464824,108.9605,0003313965,2026-10-09T17:35:49+0900
2019.01,transformer,CN,4657180,42741911,108.9605,0003313965,2026-10-09T17:35:49+0900
2019.01,transformer,KR,2106907,19336429,108.9605,0003313965,2026-10-09T17:35:49+0900
2019.01,transformer,OTHER,15054933,138168722,108.9605,0003313965,2026-10-09T17:35:49+0900
2019.01,transformer,TW,1024490,9402398,108.9605,0003313965,2026-10-09T17:35:49+0900
2019.01,transformer,US,5643063,51789988,108.9605,0003313965,2026-10-09T17:35:49+0900
2019.01,transformer,VN,553737,5081998,108.9605,0003313965,2026-10-09T17:35:49+0900
2019.01,transformer,WORLD,29040310,266521446,108.9605,0003313965,2026-10-09T17:35:49+0900
2019.01,transformer_large,KR,0,0,108.9605,0003313965,2026-10-09T17:35:49+0900
2019.01,transformer_large,OTHER,211743,1943301,108.9605,0003313965,2026-10-09T17:35:49+0900
2019.01,transformer_large,TW,0,0,108.9605,0003313965,2026-10-09T17:35:49+0900
2019.01,transformer_large,US,0,0,108.9605,0003313965,2026-10-09T17:35:49+0900
2019.01,transformer_large,VN,0,0,108.9605,0003313965,2026-10-09T17:35:49+0900
2019.01,transformer_large,WORLD,211743,1943301,108.9605,0003313965,2026-10-09T17:35:49+0900
2019.01,wafer,CN,4542113,41685868,108.9605,0003313965,2026-10-09T17:35:49+0900
2019.01,wafer,KR,9253757,84927630,108.9605,0003313965,2026-10-09T17:35:49+0900
2019.01,wafer,OTHER,6935707,63653407,108.9605,0003313965,2026-10-09T17:35:49+0900
2019.01,wafer,TW,10493885,96309075,108.9605,0003313965,2026-10-09T17:35:49+0900
2019.01,wafer,US,5548744,50924362,108.9605,0003313965,2026-10-09T17:35:49+0900
2019.01,wafer,VN,0,0,108.9605,0003313965,2026-10-09T17:35:49+0900
2019.01,wafer,WORLD,36774206,337500342,108.9605,0003313965,2026-10-09T17:35:49+0900
2019.02,discrete,CN,15594291,141201476,110.4400,0003313965,2026-10-09T17:35:49+0900
2019.02,discrete,KR,3299714,29877888,110.4400,0003313965,2026-10-09T17:35:49+0900
2019.02,discrete,OTHER,36608939,331482606,110.4400,0003313965,2026-10-09T17:35:49+0900
2019.02,discrete,TW,2699625,24444268,110.4400,0003313965,2026-10-09T17:35:49+0900
2019.02,discrete,US,7911649,71637532,110.4400,0003313965,2026-10-09T17:35:49+0900
2019.02,discrete,VN,1562378,14146849,110.4400,0003313965,2026-10-09T17:35:49+0900
2019.02,discrete,WORLD,67676596,612790619,110.4400,0003313965,2026-10-09T17:35:49+0900
2019.02,ic,CN,45313415,410298941,110.4400,0003313965,2026-10-09T17:35:49+0900
2019.02,ic,KR,11663499,105609372,110.4400,0003313965,2026-10-09T17:35:49+0900
2019.02,ic,OTHER,81689403,739672247,110.4400,0003313965,2026-10-09T17:35:49+0900
2019.02,ic,TW,44012305,398517792,110.4400,0003313965,2026-10-09T17:35:49+0900
2019.02,ic,US,9594051,86871161,110.4400,0003313965,2026-10-09T17:35:49+0900
2019.02,ic,VN,4960820,44918689,110.4400,0003313965,2026-10-09T17:35:49+0900
2019.02,ic,WORLD,197233493,1785888202,110.4400,0003313965,2026-10-09T17:35:49+0900
2019.02,liion,CN,3393221,30724565,110.4400,0003313965,2026-10-09T17:35:49+0900
2019.02,liion,KR,92203,834870,110.4400,0003313965,2026-10-09T17:35:49+0900
2019.02,liion,OTHER,5498895,49790791,110.4400,0003313965,2026-10-09T17:35:49+0900
2019.02,liion,TW,1212920,10982615,110.4400,0003313965,2026-10-09T17:35:49+0900
2019.02,liion,US,4782048,43299964,110.4400,0003313965,2026-10-09T17:35:49+0900
2019.02,liion,VN,1606,14542,110.4400,0003313965,2026-10-09T17:35:49+0900
2019.02,liion,WORLD,14980893,135647347,110.4400,0003313965,2026-10-09T17:35:49+0900
2019.02,mlcc,CN,7616709,68966941,110.4400,0003313965,2026-10-09T17:35:49+0900
2019.02,mlcc,KR,2752781,24925580,110.4400,0003313965,2026-10-09T17:35:49+0900
2019.02,mlcc,OTHER,15922155,144170183,110.4400,0003313965,2026-10-09T17:35:49+0900
2019.02,mlcc,TW,2935408,26579210,110.4400,0003313965,2026-10-09T17:35:49+0900
2019.02,mlcc,US,4405265,39888310,110.4400,0003313965,2026-10-09T17:35:49+0900
2019.02,mlcc,VN,441033,3993417,110.4400,0003313965,2026-10-09T17:35:49+0900
2019.02,mlcc,WORLD,34073351,308523642,110.4400,0003313965,2026-10-09T17:35:49+0900
2019.02,pcb,CN,5975067,54102381,110.4400,0003313965,2026-10-09T17:35:49+0900
2019.02,pcb,KR,2155088,19513654,110.4400,0003313965,2026-10-09T17:35:49+0900
2019.02,pcb,OTHER,8524332,77185187,110.4400,0003313965,2026-10-09T17:35:49+0900
2019.02,pcb,TW,1699098,15384806,110.4400,0003313965,2026-10-09T17:35:49+0900
2019.02,pcb,US,1205995,10919911,110.4400,0003313965,2026-10-09T17:35:49+0900
2019.02,pcb,VN,359334,3253658,110.4400,0003313965,2026-10-09T17:35:49+0900
2019.02,pcb,WORLD,19918914,180359598,110.4400,0003313965,2026-10-09T17:35:49+0900
2019.02,photoresist,CN,3895304,35270771,110.4400,0003313965,2026-10-09T17:35:49+0900
2019.02,photoresist,KR,2522952,22844549,110.4400,0003313965,2026-10-09T17:35:49+0900
2019.02,photoresist,OTHER,8330948,75434154,110.4400,0003313965,2026-10-09T17:35:49+0900
2019.02,photoresist,TW,4001539,36232696,110.4400,0003313965,2026-10-09T17:35:49+0900
2019.02,photoresist,US,5226199,47321614,110.4400,0003313965,2026-10-09T17:35:49+0900
2019.02,photoresist,VN,434145,3931049,110.4400,0003313965,2026-10-09T17:35:49+0900
2019.02,photoresist,WORLD,24411087,221034833,110.4400,0003313965,2026-10-09T17:35:49+0900
2019.02,semi_equip,CN,82072800,743143788,110.4400,0003313965,2026-10-09T17:35:49+0900
2019.02,semi_equip,KR,28138391,254784417,110.4400,0003313965,2026-10-09T17:35:49+0900
2019.02,semi_equip,OTHER,22234638,201327762,110.4400,0003313965,2026-10-09T17:35:49+0900
2019.02,semi_equip,TW,61159451,553779890,110.4400,0003313965,2026-10-09T17:35:49+0900
2019.02,semi_equip,US,38987469,353019459,110.4400,0003313965,2026-10-09T17:35:49+0900
2019.02,semi_equip,VN,492020,4455089,110.4400,0003313965,2026-10-09T17:35:49+0900
2019.02,semi_equip,WORLD,233084769,2110510404,110.4400,0003313965,2026-10-09T17:35:49+0900
2019.02,semi_fab_equip,CN,19403199,175689958,110.4400,0003313965,2026-10-09T17:35:49+0900
2019.02,semi_fab_equip,KR,18522975,167719803,110.4400,0003313965,2026-10-09T17:35:49+0900
2019.02,semi_fab_equip,OTHER,12556787,113697818,110.4400,0003313965,2026-10-09T17:35:49+0900
2019.02,semi_fab_equip,TW,39599080,358557407,110.4400,0003313965,2026-10-09T17:35:49+0900
2019.02,semi_fab_equip,US,26208311,237308140,110.4400,0003313965,2026-10-09T17:35:49+0900
2019.02,semi_fab_equip,VN,251714,2279192,110.4400,0003313965,2026-10-09T17:35:49+0900
2019.02,semi_fab_equip,WORLD,116542066,1055252318,110.4400,0003313965,2026-10-09T17:35:49+0900
2019.02,semi_test,CN,1374400,12444766,110.4400,0003313965,2026-10-09T17:35:49+0900
2019.02,semi_test,KR,1087300,9845165,110.4400,0003313965,2026-10-09T17:35:49+0900
2019.02,semi_test,OTHER,717136,6493444,110.4400,0003313965,2026-10-09T17:35:49+0900
2019.02,semi_test,TW,903040,8176748,110.4400,0003313965,2026-10-09T17:35:49+0900
2019.02,semi_test,US,1045532,9466968,110.4400,0003313965,2026-10-09T17:35:49+0900
2019.02,semi_test,VN,0,0,110.4400,0003313965,2026-10-09T17:35:49+0900
2019.02,semi_test,WORLD,5127408,46427092,110.4400,0003313965,2026-10-09T17:35:49+0900
2019.02,transformer,CN,5894440,53372329,110.4400,0003313965,2026-10-09T17:35:49+0900
2019.02,transformer,KR,2154098,19504690,110.4400,0003313965,2026-10-09T17:35:49+0900
2019.02,transformer,OTHER,17458724,158083339,110.4400,0003313965,2026-10-09T17:35:49+0900
2019.02,transformer,TW,1228358,11122401,110.4400,0003313965,2026-10-09T17:35:49+0900
2019.02,transformer,US,6244184,56539152,110.4400,0003313965,2026-10-09T17:35:49+0900
2019.02,transformer,VN,424514,3843843,110.4400,0003313965,2026-10-09T17:35:49+0900
2019.02,transformer,WORLD,33404318,302465755,110.4400,0003313965,2026-10-09T17:35:49+0900
2019.02,transformer_large,KR,0,0,110.4400,0003313965,2026-10-09T17:35:49+0900
2019.02,transformer_large,OTHER,1277452,11566932,110.4400,0003313965,2026-10-09T17:35:49+0900
2019.02,transformer_large,TW,0,0,110.4400,0003313965,2026-10-09T17:35:49+0900
2019.02,transformer_large,US,0,0,110.4400,0003313965,2026-10-09T17:35:49+0900
2019.02,transformer_large,VN,0,0,110.4400,0003313965,2026-10-09T17:35:49+0900
2019.02,transformer_large,WORLD,1277452,11566932,110.4400,0003313965,2026-10-09T17:35:49+0900
2019.02,wafer,CN,4697361,42533149,110.4400,0003313965,2026-10-09T17:35:49+0900
2019.02,wafer,KR,8098108,73325860,110.4400,0003313965,2026-10-09T17:35:49+0900
2019.02,wafer,OTHER,6885490,62345980,110.4400,0003313965,2026-10-09T17:35:49+0900
2019.02,wafer,TW,9972152,90294748,110.4400,0003313965,2026-10-09T17:35:49+0900
2019.02,wafer,US,6341289,57418408,110.4400,0003313965,2026-10-09T17:35:49+0900
2019.02,wafer,VN,1036,9381,110.4400,0003313965,2026-10-09T17:35:49+0900
2019.02,wafer,WORLD,35995436,325927526,110.4400,0003313965,2026-10-09T17:35:49+0900
2019.03,discrete,CN,19761068,177796504,111.1443,0003313965,2026-10-09T17:35:49+0900
2019.03,discrete,KR,3954911,35583570,111.1443,0003313965,2026-10-09T17:35:49+0900
2019.03,discrete,OTHER,42591618,383210097,111.1443,0003313965,2026-10-09T17:35:49+0900
2019.03,discrete,TW,3150935,28349947,111.1443,0003313965,2026-10-09T17:35:49+0900
2019.03,discrete,US,8819881,79355226,111.1443,0003313965,2026-10-09T17:35:49+0900
2019.03,discrete,VN,1923758,17308652,111.1443,0003313965,2026-10-09T17:35:49+0900
2019.03,discrete,WORLD,80202171,721603996,111.1443,0003313965,2026-10-09T17:35:49+0900
2019.03,ic,CN,56432198,507738121,111.1443,0003313965,2026-10-09T17:35:49+0900
2019.03,ic,KR,15403625,138591228,111.1443,0003313965,2026-10-09T17:35:49+0900
2019.03,ic,OTHER,94837295,853280780,111.1443,0003313965,2026-10-09T17:35:49+0900
2019.03,ic,TW,49351936,444034791,111.1443,0003313965,2026-10-09T17:35:49+0900
2019.03,ic,US,11016920,99122672,111.1443,0003313965,2026-10-09T17:35:49+0900
2019.03,ic,VN,8951350,80538093,111.1443,0003313965,2026-10-09T17:35:49+0900
2019.03,ic,WORLD,235993324,2123305685,111.1443,0003313965,2026-10-09T17:35:49+0900
2019.03,liion,CN,4000666,35995242,111.1443,0003313965,2026-10-09T17:35:49+0900
2019.03,liion,KR,104218,937682,111.1443,0003313965,2026-10-09T17:35:49+0900
2019.03,liion,OTHER,6897232,62056552,111.1443,0003313965,2026-10-09T17:35:49+0900
2019.03,liion,TW,1048132,9430371,111.1443,0003313965,2026-10-09T17:35:49+0900
2019.03,liion,US,9184947,82639838,111.1443,0003313965,2026-10-09T17:35:49+0900
2019.03,liion,VN,4729,42548,111.1443,0003313965,2026-10-09T17:35:49+0900
2019.03,liion,WORLD,21239924,191102234,111.1443,0003313965,2026-10-09T17:35:49+0900
2019.03,mlcc,CN,11379965,102389101,111.1443,0003313965,2026-10-09T17:35:49+0900
2019.03,mlcc,KR,2789445,25097508,111.1443,0003313965,2026-10-09T17:35:49+0900
2019.03,mlcc,OTHER,16832892,151450790,111.1443,0003313965,2026-10-09T17:35:49+0900
2019.03,mlcc,TW,2612111,23501979,111.1443,0003313965,2026-10-09T17:35:49+0900
2019.03,mlcc,US,5973956,53749549,111.1443,0003313965,2026-10-09T17:35:49+0900
2019.03,mlcc,VN,960461,8641568,111.1443,0003313965,2026-10-09T17:35:49+0900
2019.03,mlcc,WORLD,40548830,364830495,111.1443,0003313965,2026-10-09T17:35:49+0900
2019.03,pcb,CN,7220596,64965959,111.1443,0003313965,2026-10-09T17:35:49+0900
2019.03,pcb,KR,2326996,20936710,111.1443,0003313965,2026-10-09T17:35:49+0900
2019.03,pcb,OTHER,10250641,92228220,111.1443,0003313965,2026-10-09T17:35:49+0900
2019.03,pcb,TW,2374591,21364937,111.1443,0003313965,2026-10-09T17:35:49+0900
2019.03,pcb,US,1377116,12390343,111.1443,0003313965,2026-10-09T17:35:49+0900
2019.03,pcb,VN,614543,5529235,111.1443,0003313965,2026-10-09T17:35:49+0900
2019.03,pcb,WORLD,24164483,217415405,111.1443,0003313965,2026-10-09T17:35:49+0900
2019.03,photoresist,CN,4372545,39341154,111.1443,0003313965,2026-10-09T17:35:49+0900
2019.03,photoresist,KR,3170063,28522047,111.1443,0003313965,2026-10-09T17:35:49+0900
2019.03,photoresist,OTHER,7612874,68495406,111.1443,0003313965,2026-10-09T17:35:49+0900
2019.03,photoresist,TW,4450495,40042494,111.1443,0003313965,2026-10-09T17:35:49+0900
2019.03,photoresist,US,5928927,53344409,111.1443,0003313965,2026-10-09T17:35:49+0900
2019.03,photoresist,VN,442669,3982831,111.1443,0003313965,2026-10-09T17:35:49+0900
2019.03,photoresist,WORLD,25977573,233728342,111.1443,0003313965,2026-10-09T17:35:49+0900
2019.03,semi_equip,CN,83977855,755575005,111.1443,0003313965,2026-10-09T17:35:49+0900
2019.03,semi_equip,KR,38297351,344573235,111.1443,0003313965,2026-10-09T17:35:49+0900
2019.03,semi_equip,OTHER,20535482,184764149,111.1443,0003313965,2026-10-09T17:35:49+0900
2019.03,semi_equip,TW,72007748,647876211,111.1443,0003313965,2026-10-09T17:35:49+0900
2019.03,semi_equip,US,33160175,298352457,111.1443,0003313965,2026-10-09T17:35:49+0900
2019.03,semi_equip,VN,632048,5686733,111.1443,0003313965,2026-10-09T17:35:49+0900
2019.03,semi_equip,WORLD,248610659,2236827791,111.1443,0003313965,2026-10-09T17:35:49+0900
2019.03,semi_fab_equip,CN,35384780,318367924,111.1443,0003313965,2026-10-09T17:35:49+0900
2019.03,semi_fab_equip,KR,16395081,147511667,111.1443,0003313965,2026-10-09T17:35:49+0900
2019.03,semi_fab_equip,OTHER,9546181,85889974,111.1443,0003313965,2026-10-09T17:35:49+0900
2019.03,semi_fab_equip,TW,49207047,442731179,111.1443,0003313965,2026-10-09T17:35:49+0900
2019.03,semi_fab_equip,US,19210934,172846777,111.1443,0003313965,2026-10-09T17:35:49+0900
2019.03,semi_fab_equip,VN,165087,1485339,111.1443,0003313965,2026-10-09T17:35:49+0900
2019.03,semi_fab_equip,WORLD,129909110,1168832860,111.1443,0003313965,2026-10-09T17:35:49+0900
2019.03,semi_test,CN,2650558,23847899,111.1443,0003313965,2026-10-09T17:35:49+0900
2019.03,semi_test,KR,2054465,18484664,111.1443,0003313965,2026-10-09T17:35:49+0900
2019.03,semi_test,OTHER,843314,7587560,111.1443,0003313965,2026-10-09T17:35:49+0900
2019.03,semi_test,TW,2873308,25852050,111.1443,0003313965,2026-10-09T17:35:49+0900
2019.03,semi_test,US,883471,7948865,111.1443,0003313965,2026-10-09T17:35:49+0900
2019.03,semi_test,VN,2143,19281,111.1443,0003313965,2026-10-09T17:35:49+0900
2019.03,semi_test,WORLD,9307259,83740318,111.1443,0003313965,2026-10-09T17:35:49+0900
2019.03,transformer,CN,7533963,67785419,111.1443,0003313965,2026-10-09T17:35:49+0900
2019.03,transformer,KR,3391126,30511020,111.1443,0003313965,2026-10-09T17:35:49+0900
2019.03,transformer,OTHER,19334453,173958116,111.1443,0003313965,2026-10-09T17:35:49+0900
2019.03,transformer,TW,1798550,16182116,111.1443,0003313965,2026-10-09T17:35:49+0900
2019.03,transformer,US,7375124,66356295,111.1443,0003313965,2026-10-09T17:35:49+0900
2019.03,transformer,VN,514535,4629432,111.1443,0003313965,2026-10-09T17:35:49+0900
2019.03,transformer,WORLD,39947751,359422400,111.1443,0003313965,2026-10-09T17:35:49+0900
2019.03,transformer_large,KR,0,0,111.1443,0003313965,2026-10-09T17:35:49+0900
2019.03,transformer_large,OTHER,516510,4647202,111.1443,0003313965,2026-10-09T17:35:49+0900
2019.03,transformer_large,TW,0,0,111.1443,0003313965,2026-10-09T17:35:49+0900
2019.03,transformer_large,US,0,0,111.1443,0003313965,2026-10-09T17:35:49+0900
2019.03,transformer_large,VN,0,0,111.1443,0003313965,2026-10-09T17:35:49+0900
2019.03,transformer_large,WORLD,516510,4647202,111.1443,0003313965,2026-10-09T17:35:49+0900
2019.03,wafer,CN,5013439,45107477,111.1443,0003313965,2026-10-09T17:35:49+0900
2019.03,wafer,KR,8554043,76963398,111.1443,0003313965,2026-10-09T17:35:49+0900
2019.03,wafer,OTHER,7587201,68264418,111.1443,0003313965,2026-10-09T17:35:49+0900
2019.03,wafer,TW,10114802,91006034,111.1443,0003313965,2026-10-09T17:35:49+0900
2019.03,wafer,US,7185540,64650549,111.1443,0003313965,2026-10-09T17:35:49+0900
2019.03,wafer,VN,2635,23708,111.1443,0003313965,2026-10-09T17:35:49+0900
2019.03,wafer,WORLD,38457660,346015585,111.1443,0003313965,2026-10-09T17:35:49+0900
2019.04,discrete,CN,22043698,197450928,111.6414,0003313965,2026-10-09T17:35:49+0900
2019.04,discrete,KR,4105720,36775963,111.6414,0003313965,2026-10-09T17:35:49+0900
2019.04,discrete,OTHER,42832606,383662387,111.6414,0003313965,2026-10-09T17:35:49+0900
2019.04,discrete,TW,2873680,25740272,111.6414,0003313965,2026-10-09T17:35:49+0900
2019.04,discrete,US,8034031,71962829,111.6414,0003313965,2026-10-09T17:35:49+0900
2019.04,discrete,VN,2175681,19488120,111.6414,0003313965,2026-10-09T17:35:49+0900
2019.04,discrete,WORLD,82065416,735080499,111.6414,0003313965,2026-10-09T17:35:49+0900
2019.04,ic,CN,48189512,431645537,111.6414,0003313965,2026-10-09T17:35:49+0900
2019.04,ic,KR,14515125,130015612,111.6414,0003313965,2026-10-09T17:35:49+0900
2019.04,ic,OTHER,98974762,886541749,111.6414,0003313965,2026-10-09T17:35:49+0900
2019.04,ic,TW,55344529,495734817,111.6414,0003313965,2026-10-09T17:35:49+0900
2019.04,ic,US,10080224,90291093,111.6414,0003313965,2026-10-09T17:35:49+0900
2019.04,ic,VN,9422158,84396631,111.6414,0003313965,2026-10-09T17:35:49+0900
2019.04,ic,WORLD,236526310,2118625438,111.6414,0003313965,2026-10-09T17:35:49+0900
2019.04,liion,CN,4391046,39331700,111.6414,0003313965,2026-10-09T17:35:49+0900
2019.04,liion,KR,94960,850581,111.6414,0003313965,2026-10-09T17:35:49+0900
2019.04,liion,OTHER,6953976,62288506,111.6414,0003313965,2026-10-09T17:35:49+0900
2019.04,liion,TW,638568,5719814,111.6414,0003313965,2026-10-09T17:35:49+0900
2019.04,liion,US,3173790,28428432,111.6414,0003313965,2026-10-09T17:35:49+0900
2019.04,liion,VN,6912,61913,111.6414,0003313965,2026-10-09T17:35:49+0900
2019.04,liion,WORLD,15259252,136680945,111.6414,0003313965,2026-10-09T17:35:49+0900
2019.04,mlcc,CN,12231601,109561516,111.6414,0003313965,2026-10-09T17:35:49+0900
2019.04,mlcc,KR,2852484,25550414,111.6414,0003313965,2026-10-09T17:35:49+0900
2019.04,mlcc,OTHER,17411285,155957243,111.6414,0003313965,2026-10-09T17:35:49+0900
2019.04,mlcc,TW,2349298,21043251,111.6414,0003313965,2026-10-09T17:35:49+0900
2019.04,mlcc,US,4989822,44695086,111.6414,0003313965,2026-10-09T17:35:49+0900
2019.04,mlcc,VN,849393,7608226,111.6414,0003313965,2026-10-09T17:35:49+0900
2019.04,mlcc,WORLD,40683883,364415736,111.6414,0003313965,2026-10-09T17:35:49+0900
2019.04,pcb,CN,7525668,67409294,111.6414,0003313965,2026-10-09T17:35:49+0900
2019.04,pcb,KR,2290111,20513098,111.6414,0003313965,2026-10-09T17:35:49+0900
2019.04,pcb,OTHER,11174244,100090504,111.6414,0003313965,2026-10-09T17:35:49+0900
2019.04,pcb,TW,1808644,16200478,111.6414,0003313965,2026-10-09T17:35:49+0900
2019.04,pcb,US,1318981,11814443,111.6414,0003313965,2026-10-09T17:35:49+0900
2019.04,pcb,VN,593990,5320517,111.6414,0003313965,2026-10-09T17:35:49+0900
2019.04,pcb,WORLD,24711638,221348335,111.6414,0003313965,2026-10-09T17:35:49+0900
2019.04,photoresist,CN,5075472,45462275,111.6414,0003313965,2026-10-09T17:35:49+0900
2019.04,photoresist,KR,3135157,28082387,111.6414,0003313965,2026-10-09T17:35:49+0900
2019.04,photoresist,OTHER,8856204,79327239,111.6414,0003313965,2026-10-09T17:35:49+0900
2019.04,photoresist,TW,5498773,49253888,111.6414,0003313965,2026-10-09T17:35:49+0900
2019.04,photoresist,US,6423904,57540518,111.6414,0003313965,2026-10-09T17:35:49+0900
2019.04,photoresist,VN,518719,4646296,111.6414,0003313965,2026-10-09T17:35:49+0900
2019.04,photoresist,WORLD,29508229,264312603,111.6414,0003313965,2026-10-09T17:35:49+0900
2019.04,semi_equip,CN,60144828,538732298,111.6414,0003313965,2026-10-09T17:35:49+0900
2019.04,semi_equip,KR,39852002,356964370,111.6414,0003313965,2026-10-09T17:35:49+0900
2019.04,semi_equip,OTHER,17035494,152591189,111.6414,0003313965,2026-10-09T17:35:49+0900
2019.04,semi_equip,TW,33340889,298642699,111.6414,0003313965,2026-10-09T17:35:49+0900
2019.04,semi_equip,US,45865534,410829083,111.6414,0003313965,2026-10-09T17:35:49+0900
2019.04,semi_equip,VN,715706,6410758,111.6414,0003313965,2026-10-09T17:35:49+0900
2019.04,semi_equip,WORLD,196954453,1764170397,111.6414,0003313965,2026-10-09T17:35:49+0900
2019.04,semi_fab_equip,CN,15558460,139361026,111.6414,0003313965,2026-10-09T17:35:49+0900
2019.04,semi_fab_equip,KR,15443570,138331927,111.6414,0003313965,2026-10-09T17:35:49+0900
2019.04,semi_fab_equip,OTHER,7353072,65863309,111.6414,0003313965,2026-10-09T17:35:49+0900
2019.04,semi_fab_equip,TW,16188073,145000627,111.6414,0003313965,2026-10-09T17:35:49+0900
2019.04,semi_fab_equip,US,31616676,283198491,111.6414,0003313965,2026-10-09T17:35:49+0900
2019.04,semi_fab_equip,VN,6837,61241,111.6414,0003313965,2026-10-09T17:35:49+0900
2019.04,semi_fab_equip,WORLD,86166688,771816620,111.6414,0003313965,2026-10-09T17:35:49+0900
2019.04,semi_test,CN,2355248,21096547,111.6414,0003313965,2026-10-09T17:35:49+0900
2019.04,semi_test,KR,872742,7817369,111.6414,0003313965,2026-10-09T17:35:49+0900
2019.04,semi_test,OTHER,424338,3800902,111.6414,0003313965,2026-10-09T17:35:49+0900
2019.04,semi_test,TW,2127769,19058960,111.6414,0003313965,2026-10-09T17:35:49+0900
2019.04,semi_test,US,2314258,20729389,111.6414,0003313965,2026-10-09T17:35:49+0900
2019.04,semi_test,VN,180536,1617106,111.6414,0003313965,2026-10-09T17:35:49+0900
2019.04,semi_test,WORLD,8274891,74120273,111.6414,0003313965,2026-10-09T17:35:49+0900
2019.04,transformer,CN,6275136,56207966,111.6414,0003313965,2026-10-09T17:35:49+0900
2019.04,transformer,KR,3035806,27192475,111.6414,0003313965,2026-10-09T17:35:49+0900
2019.04,transformer,OTHER,19726364,176693986,111.6414,0003313965,2026-10-09T17:35:49+0900
2019.04,transformer,TW,1512990,13552231,111.6414,0003313965,2026-10-09T17:35:49+0900
2019.04,transformer,US,6324064,56646226,111.6414,0003313965,2026-10-09T17:35:49+0900
2019.04,transformer,VN,472719,4234263,111.6414,0003313965,2026-10-09T17:35:49+0900
2019.04,transformer,WORLD,37347079,334527147,111.6414,0003313965,2026-10-09T17:35:49+0900
2019.04,transformer_large,KR,332512,2978393,111.6414,0003313965,2026-10-09T17:35:49+0900
2019.04,transformer_large,OTHER,28763,257637,111.6414,0003313965,2026-10-09T17:35:49+0900
2019.04,transformer_large,TW,0,0,111.6414,0003313965,2026-10-09T17:35:49+0900
2019.04,transformer_large,US,0,0,111.6414,0003313965,2026-10-09T17:35:49+0900
2019.04,transformer_large,VN,0,0,111.6414,0003313965,2026-10-09T17:35:49+0900
2019.04,transformer_large,WORLD,361275,3236031,111.6414,0003313965,2026-10-09T17:35:49+0900
2019.04,wafer,CN,4412282,39521916,111.6414,0003313965,2026-10-09T17:35:49+0900
2019.04,wafer,KR,9053752,81096726,111.6414,0003313965,2026-10-09T17:35:49+0900
2019.04,wafer,OTHER,8017326,71813198,111.6414,0003313965,2026-10-09T17:35:49+0900
2019.04,wafer,TW,10321912,92455953,111.6414,0003313965,2026-10-09T17:35:49+0900
2019.04,wafer,US,6730090,60283103,111.6414,0003313965,2026-10-09T17:35:49+0900
2019.04,wafer,VN,0,0,111.6414,0003313965,2026-10-09T17:35:49+0900
2019.04,wafer,WORLD,38535362,345170895,111.6414,0003313965,2026-10-09T17:35:49+0900
2019.05,discrete,CN,17969149,163398384,109.9714,0003313965,2026-10-09T17:35:49+0900
2019.05,discrete,KR,3162446,28756986,109.9714,0003313965,2026-10-09T17:35:49+0900
2019.05,discrete,OTHER,35118680,319343757,109.9714,0003313965,2026-10-09T17:35:49+0900
2019.05,discrete,TW,2621549,23838462,109.9714,0003313965,2026-10-09T17:35:49+0900
2019.05,discrete,US,7152742,65041838,109.9714,0003313965,2026-10-09T17:35:49+0900
2019.05,discrete,VN,1795115,16323471,109.9714,0003313965,2026-10-09T17:35:49+0900
2019.05,discrete,WORLD,67819681,616702897,109.9714,0003313965,2026-10-09T17:35:49+0900
2019.05,ic,CN,62013712,563907634,109.9714,0003313965,2026-10-09T17:35:49+0900
2019.05,ic,KR,11699031,106382487,109.9714,0003313965,2026-10-09T17:35:49+0900
2019.05,ic,OTHER,86548946,787013223,109.9714,0003313965,2026-10-09T17:35:49+0900
2019.05,ic,TW,58498177,531939913,109.9714,0003313965,2026-10-09T17:35:49+0900
2019.05,ic,US,9289480,84471781,109.9714,0003313965,2026-10-09T17:35:49+0900
2019.05,ic,VN,10830251,98482433,109.9714,0003313965,2026-10-09T17:35:49+0900
2019.05,ic,WORLD,238879597,2172197471,109.9714,0003313965,2026-10-09T17:35:49+0900
2019.05,liion,CN,2950566,26830303,109.9714,0003313965,2026-10-09T17:35:49+0900
2019.05,liion,KR,63741,579614,109.9714,0003313965,2026-10-09T17:35:49+0900
2019.05,liion,OTHER,4650336,42286776,109.9714,0003313965,2026-10-09T17:35:49+0900
2019.05,liion,TW,761797,6927228,109.9714,0003313965,2026-10-09T17:35:49+0900
2019.05,liion,US,10211215,92853369,109.9714,0003313965,2026-10-09T17:35:49+0900
2019.05,liion,VN,3131,28471,109.9714,0003313965,2026-10-09T17:35:49+0900
2019.05,liion,WORLD,18640786,169505762,109.9714,0003313965,2026-10-09T17:35:49+0900
2019.05,mlcc,CN,10441269,94945313,109.9714,0003313965,2026-10-09T17:35:49+0900
2019.05,mlcc,KR,2804795,25504768,109.9714,0003313965,2026-10-09T17:35:49+0900
2019.05,mlcc,OTHER,15658210,142384384,109.9714,0003313965,2026-10-09T17:35:49+0900
2019.05,mlcc,TW,2197692,19984214,109.9714,0003313965,2026-10-09T17:35:49+0900
2019.05,mlcc,US,3691323,33566209,109.9714,0003313965,2026-10-09T17:35:49+0900
2019.05,mlcc,VN,657838,5981901,109.9714,0003313965,2026-10-09T17:35:49+0900
2019.05,mlcc,WORLD,35451127,322366788,109.9714,0003313965,2026-10-09T17:35:49+0900
2019.05,pcb,CN,5374682,48873453,109.9714,0003313965,2026-10-09T17:35:49+0900
2019.05,pcb,KR,1814771,16502209,109.9714,0003313965,2026-10-09T17:35:49+0900
2019.05,pcb,OTHER,10146858,92268153,109.9714,0003313965,2026-10-09T17:35:49+0900
2019.05,pcb,TW,1734495,15772237,109.9714,0003313965,2026-10-09T17:35:49+0900
2019.05,pcb,US,1114106,10130870,109.9714,0003313965,2026-10-09T17:35:49+0900
2019.05,pcb,VN,533371,4850088,109.9714,0003313965,2026-10-09T17:35:49+0900
2019.05,pcb,WORLD,20718283,188397010,109.9714,0003313965,2026-10-09T17:35:49+0900
2019.05,photoresist,CN,4303839,39135984,109.9714,0003313965,2026-10-09T17:35:49+0900
2019.05,photoresist,KR,2799176,25453673,109.9714,0003313965,2026-10-09T17:35:49+0900
2019.05,photoresist,OTHER,7762139,70583252,109.9714,0003313965,2026-10-09T17:35:49+0900
2019.05,photoresist,TW,4545443,41332956,109.9714,0003313965,2026-10-09T17:35:49+0900
2019.05,photoresist,US,4800184,43649385,109.9714,0003313965,2026-10-09T17:35:49+0900
2019.05,photoresist,VN,365424,3322900,109.9714,0003313965,2026-10-09T17:35:49+0900
2019.05,photoresist,WORLD,24576205,223478150,109.9714,0003313965,2026-10-09T17:35:49+0900
2019.05,semi_equip,CN,68890499,626440138,109.9714,0003313965,2026-10-09T17:35:49+0900
2019.05,semi_equip,KR,19882276,180794970,109.9714,0003313965,2026-10-09T17:35:49+0900
2019.05,semi_equip,OTHER,10004548,90974090,109.9714,0003313965,2026-10-09T17:35:49+0900
2019.05,semi_equip,TW,24764336,225188876,109.9714,0003313965,2026-10-09T17:35:49+0900
2019.05,semi_equip,US,38537215,350429430,109.9714,0003313965,2026-10-09T17:35:49+0900
2019.05,semi_equip,VN,293047,2664756,109.9714,0003313965,2026-10-09T17:35:49+0900
2019.05,semi_equip,WORLD,162371921,1476492261,109.9714,0003313965,2026-10-09T17:35:49+0900
2019.05,semi_fab_equip,CN,19730231,179412384,109.9714,0003313965,2026-10-09T17:35:49+0900
2019.05,semi_fab_equip,KR,11875264,107985022,109.9714,0003313965,2026-10-09T17:35:49+0900
2019.05,semi_fab_equip,OTHER,4506951,40982937,109.9714,0003313965,2026-10-09T17:35:49+0900
2019.05,semi_fab_equip,TW,12524344,113887283,109.9714,0003313965,2026-10-09T17:35:49+0900
2019.05,semi_fab_equip,US,25714091,233825258,109.9714,0003313965,2026-10-09T17:35:49+0900
2019.05,semi_fab_equip,VN,0,0,109.9714,0003313965,2026-10-09T17:35:49+0900
2019.05,semi_fab_equip,WORLD,74350881,676092884,109.9714,0003313965,2026-10-09T17:35:49+0900
2019.05,semi_test,CN,3040102,27644478,109.9714,0003313965,2026-10-09T17:35:49+0900
2019.05,semi_test,KR,2551043,23197331,109.9714,0003313965,2026-10-09T17:35:49+0900
2019.05,semi_test,OTHER,397897,3618186,109.9714,0003313965,2026-10-09T17:35:49+0900
2019.05,semi_test,TW,2197837,19985533,109.9714,0003313965,2026-10-09T17:35:49+0900
2019.05,semi_test,US,1666585,15154713,109.9714,0003313965,2026-10-09T17:35:49+0900
2019.05,semi_test,VN,73625,669492,109.9714,0003313965,2026-10-09T17:35:49+0900
2019.05,semi_test,WORLD,9927089,90269734,109.9714,0003313965,2026-10-09T17:35:49+0900
2019.05,transformer,CN,5783159,52587846,109.9714,0003313965,2026-10-09T17:35:49+0900
2019.05,transformer,KR,2592126,23570910,109.9714,0003313965,2026-10-09T17:35:49+0900
2019.05,transformer,OTHER,15289071,139027702,109.9714,0003313965,2026-10-09T17:35:49+0900
2019.05,transformer,TW,1378327,12533504,109.9714,0003313965,2026-10-09T17:35:49+0900
2019.05,transformer,US,5587225,50806164,109.9714,0003313965,2026-10-09T17:35:49+0900
2019.05,transformer,VN,473693,4307420,109.9714,0003313965,2026-10-09T17:35:49+0900
2019.05,transformer,WORLD,31103601,282833546,109.9714,0003313965,2026-10-09T17:35:49+0900
2019.05,transformer_large,KR,0,0,109.9714,0003313965,2026-10-09T17:35:49+0900
2019.05,transformer_large,OTHER,0,0,109.9714,0003313965,2026-10-09T17:35:49+0900
2019.05,transformer_large,TW,29450,267797,109.9714,0003313965,2026-10-09T17:35:49+0900
2019.05,transformer_large,US,0,0,109.9714,0003313965,2026-10-09T17:35:49+0900
2019.05,transformer_large,VN,46622,423947,109.9714,0003313965,2026-10-09T17:35:49+0900
2019.05,transformer_large,WORLD,76072,691743,109.9714,0003313965,2026-10-09T17:35:49+0900
2019.05,wafer,CN,5044294,45869144,109.9714,0003313965,2026-10-09T17:35:49+0900
2019.05,wafer,KR,8389701,76289844,109.9714,0003313965,2026-10-09T17:35:49+0900
2019.05,wafer,OTHER,6052290,55035127,109.9714,0003313965,2026-10-09T17:35:49+0900
2019.05,wafer,TW,9800199,89115888,109.9714,0003313965,2026-10-09T17:35:49+0900
2019.05,wafer,US,5715972,51976896,109.9714,0003313965,2026-10-09T17:35:49+0900
2019.05,wafer,VN,702,6383,109.9714,0003313965,2026-10-09T17:35:49+0900
2019.05,wafer,WORLD,35003158,318293284,109.9714,0003313965,2026-10-09T17:35:49+0900
2019.06,discrete,CN,19581942,181199350,108.0685,0003313965,2026-10-09T17:35:49+0900
2019.06,discrete,KR,3242665,30005645,108.0685,0003313965,2026-10-09T17:35:49+0900
2019.06,discrete,OTHER,41341254,382546755,108.0685,0003313965,2026-10-09T17:35:49+0900
2019.06,discrete,TW,2949006,27288303,108.0685,0003313965,2026-10-09T17:35:49+0900
2019.06,discrete,US,7998010,74008707,108.0685,0003313965,2026-10-09T17:35:49+0900
2019.06,discrete,VN,1685832,15599661,108.0685,0003313965,2026-10-09T17:35:49+0900
2019.06,discrete,WORLD,76798709,710648422,108.0685,0003313965,2026-10-09T17:35:49+0900
2019.06,ic,CN,64200277,594070215,108.0685,0003313965,2026-10-09T17:35:49+0900
2019.06,ic,KR,14904349,137915757,108.0685,0003313965,2026-10-09T17:35:49+0900
2019.06,ic,OTHER,97555918,902722977,108.0685,0003313965,2026-10-09T17:35:49+0900
2019.06,ic,TW,52093803,482044287,108.0685,0003313965,2026-10-09T17:35:49+0900
2019.06,ic,US,10146314,93887803,108.0685,0003313965,2026-10-09T17:35:49+0900
2019.06,ic,VN,10866798,100554722,108.0685,0003313965,2026-10-09T17:35:49+0900
2019.06,ic,WORLD,249767459,2311195760,108.0685,0003313965,2026-10-09T17:35:49+0900
2019.06,liion,CN,2671764,24722875,108.0685,0003313965,2026-10-09T17:35:49+0900
2019.06,liion,KR,102285,946483,108.0685,0003313965,2026-10-09T17:35:49+0900
2019.06,liion,OTHER,6212166,57483596,108.0685,0003313965,2026-10-09T17:35:49+0900
2019.06,liion,TW,916354,8479381,108.0685,0003313965,2026-10-09T17:35:49+0900
2019.06,liion,US,6087520,56330198,108.0685,0003313965,2026-10-09T17:35:49+0900
2019.06,liion,VN,1389,12853,108.0685,0003313965,2026-10-09T17:35:49+0900
2019.06,liion,WORLD,15991478,147975386,108.0685,0003313965,2026-10-09T17:35:49+0900
2019.06,mlcc,CN,10190018,94292213,108.0685,0003313965,2026-10-09T17:35:49+0900
2019.06,mlcc,KR,3028194,28021061,108.0685,0003313965,2026-10-09T17:35:49+0900
2019.06,mlcc,OTHER,15346556,142007671,108.0685,0003313965,2026-10-09T17:35:49+0900
2019.06,mlcc,TW,2613184,24180811,108.0685,0003313965,2026-10-09T17:35:49+0900
2019.06,mlcc,US,3860661,35724203,108.0685,0003313965,2026-10-09T17:35:49+0900
2019.06,mlcc,VN,1047324,9691298,108.0685,0003313965,2026-10-09T17:35:49+0900
2019.06,mlcc,WORLD,36085937,333917256,108.0685,0003313965,2026-10-09T17:35:49+0900
2019.06,pcb,CN,6075652,56220379,108.0685,0003313965,2026-10-09T17:35:49+0900
2019.06,pcb,KR,2439265,22571471,108.0685,0003313965,2026-10-09T17:35:49+0900
2019.06,pcb,OTHER,11234492,103957138,108.0685,0003313965,2026-10-09T17:35:49+0900
2019.06,pcb,TW,1892985,17516529,108.0685,0003313965,2026-10-09T17:35:49+0900
2019.06,pcb,US,1398888,12944457,108.0685,0003313965,2026-10-09T17:35:49+0900
2019.06,pcb,VN,596267,5517491,108.0685,0003313965,2026-10-09T17:35:49+0900
2019.06,pcb,WORLD,23637549,218727465,108.0685,0003313965,2026-10-09T17:35:49+0900
2019.06,photoresist,CN,4729382,43762817,108.0685,0003313965,2026-10-09T17:35:49+0900
2019.06,photoresist,KR,3135719,29016031,108.0685,0003313965,2026-10-09T17:35:49+0900
2019.06,photoresist,OTHER,5912571,54711327,108.0685,0003313965,2026-10-09T17:35:49+0900
2019.06,photoresist,TW,5156632,47716328,108.0685,0003313965,2026-10-09T17:35:49+0900
2019.06,photoresist,US,6073497,56200438,108.0685,0003313965,2026-10-09T17:35:49+0900
2019.06,photoresist,VN,489984,4534013,108.0685,0003313965,2026-10-09T17:35:49+0900
2019.06,photoresist,WORLD,25497785,235940954,108.0685,0003313965,2026-10-09T17:35:49+0900
2019.06,semi_equip,CN,81761978,756575487,108.0685,0003313965,2026-10-09T17:35:49+0900
2019.06,semi_equip,KR,26473197,244966822,108.0685,0003313965,2026-10-09T17:35:49+0900
2019.06,semi_equip,OTHER,17973346,166314384,108.0685,0003313965,2026-10-09T17:35:49+0900
2019.06,semi_equip,TW,44024132,407372472,108.0685,0003313965,2026-10-09T17:35:49+0900
2019.06,semi_equip,US,54164360,501203959,108.0685,0003313965,2026-10-09T17:35:49+0900
2019.06,semi_equip,VN,507368,4694874,108.0685,0003313965,2026-10-09T17:35:49+0900
2019.06,semi_equip,WORLD,224904381,2081127998,108.0685,0003313965,2026-10-09T17:35:49+0900
2019.06,semi_fab_equip,CN,29210384,270295081,108.0685,0003313965,2026-10-09T17:35:49+0900
2019.06,semi_fab_equip,KR,13569691,125565646,108.0685,0003313965,2026-10-09T17:35:49+0900
2019.06,semi_fab_equip,OTHER,9865275,91287239,108.0685,0003313965,2026-10-09T17:35:49+0900
2019.06,semi_fab_equip,TW,29136525,269611635,108.0685,0003313965,2026-10-09T17:35:49+0900
2019.06,semi_fab_equip,US,39253077,363224038,108.0685,0003313965,2026-10-09T17:35:49+0900
2019.06,semi_fab_equip,VN,127270,1177679,108.0685,0003313965,2026-10-09T17:35:49+0900
2019.06,semi_fab_equip,WORLD,121162222,1121161319,108.0685,0003313965,2026-10-09T17:35:49+0900
2019.06,semi_test,CN,2940485,27209455,108.0685,0003313965,2026-10-09T17:35:49+0900
2019.06,semi_test,KR,2485122,22995804,108.0685,0003313965,2026-10-09T17:35:49+0900
2019.06,semi_test,OTHER,509300,4712752,108.0685,0003313965,2026-10-09T17:35:49+0900
2019.06,semi_test,TW,1884077,17434100,108.0685,0003313965,2026-10-09T17:35:49+0900
2019.06,semi_test,US,1364883,12629795,108.0685,0003313965,2026-10-09T17:35:49+0900
2019.06,semi_test,VN,109867,1016642,108.0685,0003313965,2026-10-09T17:35:49+0900
2019.06,semi_test,WORLD,9293734,85998547,108.0685,0003313965,2026-10-09T17:35:49+0900
2019.06,transformer,CN,7912582,73218209,108.0685,0003313965,2026-10-09T17:35:49+0900
2019.06,transformer,KR,2875191,26605264,108.0685,0003313965,2026-10-09T17:35:49+0900
2019.06,transformer,OTHER,18235361,168738911,108.0685,0003313965,2026-10-09T17:35:49+0900
2019.06,transformer,TW,1784704,16514563,108.0685,0003313965,2026-10-09T17:35:49+0900
2019.06,transformer,US,6306472,58356246,108.0685,0003313965,2026-10-09T17:35:49+0900
2019.06,transformer,VN,522331,4833333,108.0685,0003313965,2026-10-09T17:35:49+0900
2019.06,transformer,WORLD,37636641,348266525,108.0685,0003313965,2026-10-09T17:35:49+0900
2019.06,transformer_large,KR,0,0,108.0685,0003313965,2026-10-09T17:35:49+0900
2019.06,transformer_large,OTHER,202410,1872979,108.0685,0003313965,2026-10-09T17:35:49+0900
2019.06,transformer_large,TW,0,0,108.0685,0003313965,2026-10-09T17:35:49+0900
2019.06,transformer_large,US,0,0,108.0685,0003313965,2026-10-09T17:35:49+0900
2019.06,transformer_large,VN,0,0,108.0685,0003313965,2026-10-09T17:35:49+0900
2019.06,transformer_large,WORLD,202410,1872979,108.0685,0003313965,2026-10-09T17:35:49+0900
2019.06,wafer,CN,5688695,52639715,108.0685,0003313965,2026-10-09T17:35:49+0900
2019.06,wafer,KR,8200514,75882556,108.0685,0003313965,2026-10-09T17:35:49+0900
2019.06,wafer,OTHER,8337493,77150076,108.0685,0003313965,2026-10-09T17:35:49+0900
2019.06,wafer,TW,10899286,100855346,108.0685,0003313965,2026-10-09T17:35:49+0900
2019.06,wafer,US,6684957,61858516,108.0685,0003313965,2026-10-09T17:35:49+0900
2019.06,wafer,VN,0,0,108.0685,0003313965,2026-10-09T17:35:49+0900
2019.06,wafer,WORLD,39810945,368386209,108.0685,0003313965,2026-10-09T17:35:49+0900
2019.07,discrete,CN,21325576,196936790,108.2864,0003313965,2026-10-09T17:35:49+0900
2019.07,discrete,KR,3657611,33777196,108.2864,0003313965,2026-10-09T17:35:49+0900
2019.07,discrete,OTHER,42581179,393227395,108.2864,0003313965,2026-10-09T17:35:49+0900
2019.07,discrete,TW,3385845,31267500,108.2864,0003313965,2026-10-09T17:35:49+0900
2019.07,discrete,US,7555730,69775429,108.2864,0003313965,2026-10-09T17:35:49+0900
2019.07,discrete,VN,2071282,19127813,108.2864,0003313965,2026-10-09T17:35:49+0900
2019.07,discrete,WORLD,80577223,744112123,108.2864,0003313965,2026-10-09T17:35:49+0900
2019.07,ic,CN,58347666,538827277,108.2864,0003313965,2026-10-09T17:35:49+0900
2019.07,ic,KR,18360385,169553933,108.2864,0003313965,2026-10-09T17:35:49+0900
2019.07,ic,OTHER,96910253,894943899,108.2864,0003313965,2026-10-09T17:35:49+0900
2019.07,ic,TW,59508088,549543507,108.2864,0003313965,2026-10-09T17:35:49+0900
2019.07,ic,US,9230421,85240815,108.2864,0003313965,2026-10-09T17:35:49+0900
2019.07,ic,VN,12647419,116796006,108.2864,0003313965,2026-10-09T17:35:49+0900
2019.07,ic,WORLD,255004232,2354905436,108.2864,0003313965,2026-10-09T17:35:49+0900
2019.07,liion,CN,2466964,22781845,108.2864,0003313965,2026-10-09T17:35:49+0900
2019.07,liion,KR,91315,843273,108.2864,0003313965,2026-10-09T17:35:49+0900
2019.07,liion,OTHER,5026877,46422053,108.2864,0003313965,2026-10-09T17:35:49+0900
2019.07,liion,TW,666929,6158936,108.2864,0003313965,2026-10-09T17:35:49+0900
2019.07,liion,US,14010673,129385343,108.2864,0003313965,2026-10-09T17:35:49+0900
2019.07,liion,VN,5017,46331,108.2864,0003313965,2026-10-09T17:35:49+0900
2019.07,liion,WORLD,22267775,205637781,108.2864,0003313965,2026-10-09T17:35:49+0900
2019.07,mlcc,CN,12082379,111577991,108.2864,0003313965,2026-10-09T17:35:49+0900
2019.07,mlcc,KR,3650996,33716108,108.2864,0003313965,2026-10-09T17:35:49+0900
2019.07,mlcc,OTHER,17566369,162221378,108.2864,0003313965,2026-10-09T17:35:49+0900
2019.07,mlcc,TW,2878778,26584853,108.2864,0003313965,2026-10-09T17:35:49+0900
2019.07,mlcc,US,3788419,34985178,108.2864,0003313965,2026-10-09T17:35:49+0900
2019.07,mlcc,VN,850196,7851365,108.2864,0003313965,2026-10-09T17:35:49+0900
2019.07,mlcc,WORLD,40817137,376936873,108.2864,0003313965,2026-10-09T17:35:49+0900
2019.07,pcb,CN,8067635,74502754,108.2864,0003313965,2026-10-09T17:35:49+0900
2019.07,pcb,KR,2835021,26180767,108.2864,0003313965,2026-10-09T17:35:49+0900
2019.07,pcb,OTHER,12772079,117947212,108.2864,0003313965,2026-10-09T17:35:49+0900
2019.07,pcb,TW,1939117,17907300,108.2864,0003313965,2026-10-09T17:35:49+0900
2019.07,pcb,US,1394142,12874581,108.2864,0003313965,2026-10-09T17:35:49+0900
2019.07,pcb,VN,814218,7519116,108.2864,0003313965,2026-10-09T17:35:49+0900
2019.07,pcb,WORLD,27822212,256931729,108.2864,0003313965,2026-10-09T17:35:49+0900
2019.07,photoresist,CN,5037436,46519563,108.2864,0003313965,2026-10-09T17:35:49+0900
2019.07,photoresist,KR,5847478,54000115,108.2864,0003313965,2026-10-09T17:35:49+0900
2019.07,photoresist,OTHER,7181507,66319566,108.2864,0003313965,2026-10-09T17:35:49+0900
2019.07,photoresist,TW,5286601,48820544,108.2864,0003313965,2026-10-09T17:35:49+0900
2019.07,photoresist,US,4931767,45543734,108.2864,0003313965,2026-10-09T17:35:49+0900
2019.07,photoresist,VN,503457,4649310,108.2864,0003313965,2026-10-09T17:35:49+0900
2019.07,photoresist,WORLD,28788246,265852831,108.2864,0003313965,2026-10-09T17:35:49+0900
2019.07,semi_equip,CN,71655898,661725738,108.2864,0003313965,2026-10-09T17:35:49+0900
2019.07,semi_equip,KR,24419847,225511671,108.2864,0003313965,2026-10-09T17:35:49+0900
2019.07,semi_equip,OTHER,21366558,197315249,108.2864,0003313965,2026-10-09T17:35:49+0900
2019.07,semi_equip,TW,33419562,308621969,108.2864,0003313965,2026-10-09T17:35:49+0900
2019.07,semi_equip,US,39601003,365706155,108.2864,0003313965,2026-10-09T17:35:49+0900
2019.07,semi_equip,VN,271595,2508117,108.2864,0003313965,2026-10-09T17:35:49+0900
2019.07,semi_equip,WORLD,190734463,1761388900,108.2864,0003313965,2026-10-09T17:35:49+0900
2019.07,semi_fab_equip,CN,28983172,267652928,108.2864,0003313965,2026-10-09T17:35:49+0900
2019.07,semi_fab_equip,KR,9128388,84298564,108.2864,0003313965,2026-10-09T17:35:49+0900
2019.07,semi_fab_equip,OTHER,11457999,105811986,108.2864,0003313965,2026-10-09T17:35:49+0900
2019.07,semi_fab_equip,TW,19442861,179550350,108.2864,0003313965,2026-10-09T17:35:49+0900
2019.07,semi_fab_equip,US,23036308,212735006,108.2864,0003313965,2026-10-09T17:35:49+0900
2019.07,semi_fab_equip,VN,0,0,108.2864,0003313965,2026-10-09T17:35:49+0900
2019.07,semi_fab_equip,WORLD,92048728,850048833,108.2864,0003313965,2026-10-09T17:35:49+0900
2019.07,semi_test,CN,2444060,22570332,108.2864,0003313965,2026-10-09T17:35:49+0900
2019.07,semi_test,KR,1348444,12452570,108.2864,0003313965,2026-10-09T17:35:49+0900
2019.07,semi_test,OTHER,490132,4526256,108.2864,0003313965,2026-10-09T17:35:49+0900
2019.07,semi_test,TW,2571109,23743600,108.2864,0003313965,2026-10-09T17:35:49+0900
2019.07,semi_test,US,1702545,15722612,108.2864,0003313965,2026-10-09T17:35:49+0900
2019.07,semi_test,VN,28468,262895,108.2864,0003313965,2026-10-09T17:35:49+0900
2019.07,semi_test,WORLD,8584758,79278266,108.2864,0003313965,2026-10-09T17:35:49+0900
2019.07,transformer,CN,7190442,66402078,108.2864,0003313965,2026-10-09T17:35:49+0900
2019.07,transformer,KR,3926634,36261562,108.2864,0003313965,2026-10-09T17:35:49+0900
2019.07,transformer,OTHER,17750690,163923540,108.2864,0003313965,2026-10-09T17:35:49+0900
2019.07,transformer,TW,1757749,16232408,108.2864,0003313965,2026-10-09T17:35:49+0900
2019.07,transformer,US,6711728,61981264,108.2864,0003313965,2026-10-09T17:35:49+0900
2019.07,transformer,VN,493933,4561358,108.2864,0003313965,2026-10-09T17:35:49+0900
2019.07,transformer,WORLD,37831176,349362210,108.2864,0003313965,2026-10-09T17:35:49+0900
2019.07,transformer_large,KR,0,0,108.2864,0003313965,2026-10-09T17:35:49+0900
2019.07,transformer_large,OTHER,0,0,108.2864,0003313965,2026-10-09T17:35:49+0900
2019.07,transformer_large,TW,91559,845526,108.2864,0003313965,2026-10-09T17:35:49+0900
2019.07,transformer_large,US,0,0,108.2864,0003313965,2026-10-09T17:35:49+0900
2019.07,transformer_large,VN,0,0,108.2864,0003313965,2026-10-09T17:35:49+0900
2019.07,transformer_large,WORLD,91559,845526,108.2864,0003313965,2026-10-09T17:35:49+0900
2019.07,wafer,CN,5664174,52307344,108.2864,0003313965,2026-10-09T17:35:49+0900
2019.07,wafer,KR,9131530,84327579,108.2864,0003313965,2026-10-09T17:35:49+0900
2019.07,wafer,OTHER,6954120,64219699,108.2864,0003313965,2026-10-09T17:35:49+0900
2019.07,wafer,TW,8938027,82540624,108.2864,0003313965,2026-10-09T17:35:49+0900
2019.07,wafer,US,5702111,52657684,108.2864,0003313965,2026-10-09T17:35:49+0900
2019.07,wafer,VN,0,0,108.2864,0003313965,2026-10-09T17:35:49+0900
2019.07,wafer,WORLD,36389962,336052930,108.2864,0003313965,2026-10-09T17:35:49+0900
2019.08,discrete,CN,19973666,188096142,106.1886,0003313965,2026-10-09T17:35:49+0900
2019.08,discrete,KR,3341440,31467031,106.1886,0003313965,2026-10-09T17:35:49+0900
2019.08,discrete,OTHER,43500712,409655198,106.1886,0003313965,2026-10-09T17:35:49+0900
2019.08,discrete,TW,2986125,28120956,106.1886,0003313965,2026-10-09T17:35:49+0900
2019.08,discrete,US,6880831,64798208,106.1886,0003313965,2026-10-09T17:35:49+0900
2019.08,discrete,VN,1944783,18314424,106.1886,0003313965,2026-10-09T17:35:49+0900
2019.08,discrete,WORLD,78627557,740451960,106.1886,0003313965,2026-10-09T17:35:49+0900
2019.08,ic,CN,64617567,608516988,106.1886,0003313965,2026-10-09T17:35:49+0900
2019.08,ic,KR,22293406,209941613,106.1886,0003313965,2026-10-09T17:35:49+0900
2019.08,ic,OTHER,101153951,952587669,106.1886,0003313965,2026-10-09T17:35:49+0900
2019.08,ic,TW,59025700,555857220,106.1886,0003313965,2026-10-09T17:35:49+0900
2019.08,ic,US,8924628,84045067,106.1886,0003313965,2026-10-09T17:35:49+0900
2019.08,ic,VN,20996459,197727995,106.1886,0003313965,2026-10-09T17:35:49+0900
2019.08,ic,WORLD,277011711,2608676553,106.1886,0003313965,2026-10-09T17:35:49+0900
2019.08,liion,CN,2386934,22478251,106.1886,0003313965,2026-10-09T17:35:49+0900
2019.08,liion,KR,81007,762860,106.1886,0003313965,2026-10-09T17:35:49+0900
2019.08,liion,OTHER,3961772,37308826,106.1886,0003313965,2026-10-09T17:35:49+0900
2019.08,liion,TW,980827,9236651,106.1886,0003313965,2026-10-09T17:35:49+0900
2019.08,liion,US,10360113,97563326,106.1886,0003313965,2026-10-09T17:35:49+0900
2019.08,liion,VN,2269,21368,106.1886,0003313965,2026-10-09T17:35:49+0900
2019.08,liion,WORLD,17772922,167371281,106.1886,0003313965,2026-10-09T17:35:49+0900
2019.08,mlcc,CN,12689592,119500511,106.1886,0003313965,2026-10-09T17:35:49+0900
2019.08,mlcc,KR,3524002,33186255,106.1886,0003313965,2026-10-09T17:35:49+0900
2019.08,mlcc,OTHER,18196733,171362397,106.1886,0003313965,2026-10-09T17:35:49+0900
2019.08,mlcc,TW,2474613,23303942,106.1886,0003313965,2026-10-09T17:35:49+0900
2019.08,mlcc,US,3913748,36856574,106.1886,0003313965,2026-10-09T17:35:49+0900
2019.08,mlcc,VN,1142980,10763679,106.1886,0003313965,2026-10-09T17:35:49+0900
2019.08,mlcc,WORLD,41941668,394973359,106.1886,0003313965,2026-10-09T17:35:49+0900
2019.08,pcb,CN,7921587,74599223,106.1886,0003313965,2026-10-09T17:35:49+0900
2019.08,pcb,KR,2902598,27334365,106.1886,0003313965,2026-10-09T17:35:49+0900
2019.08,pcb,OTHER,13425969,126435126,106.1886,0003313965,2026-10-09T17:35:49+0900
2019.08,pcb,TW,1925611,18133877,106.1886,0003313965,2026-10-09T17:35:49+0900
2019.08,pcb,US,1319967,12430402,106.1886,0003313965,2026-10-09T17:35:49+0900
2019.08,pcb,VN,988812,9311847,106.1886,0003313965,2026-10-09T17:35:49+0900
2019.08,pcb,WORLD,28484544,268244840,106.1886,0003313965,2026-10-09T17:35:49+0900
2019.08,photoresist,CN,4561239,42954131,106.1886,0003313965,2026-10-09T17:35:49+0900
2019.08,photoresist,KR,3822080,35993318,106.1886,0003313965,2026-10-09T17:35:49+0900
2019.08,photoresist,OTHER,6907911,65053226,106.1886,0003313965,2026-10-09T17:35:49+0900
2019.08,photoresist,TW,5684871,53535606,106.1886,0003313965,2026-10-09T17:35:49+0900
2019.08,photoresist,US,5539104,52162888,106.1886,0003313965,2026-10-09T17:35:49+0900
2019.08,photoresist,VN,455825,4292598,106.1886,0003313965,2026-10-09T17:35:49+0900
2019.08,photoresist,WORLD,26971030,253991766,106.1886,0003313965,2026-10-09T17:35:49+0900
2019.08,semi_equip,CN,78170563,736148353,106.1886,0003313965,2026-10-09T17:35:49+0900
2019.08,semi_equip,KR,23132764,217846021,106.1886,0003313965,2026-10-09T17:35:49+0900
2019.08,semi_equip,OTHER,13900703,130905794,106.1886,0003313965,2026-10-09T17:35:49+0900
2019.08,semi_equip,TW,40824964,384457126,106.1886,0003313965,2026-10-09T17:35:49+0900
2019.08,semi_equip,US,35414352,333504274,106.1886,0003313965,2026-10-09T17:35:49+0900
2019.08,semi_equip,VN,247697,2332614,106.1886,0003313965,2026-10-09T17:35:49+0900
2019.08,semi_equip,WORLD,191691043,1805194183,106.1886,0003313965,2026-10-09T17:35:49+0900
2019.08,semi_fab_equip,CN,36677439,345399026,106.1886,0003313965,2026-10-09T17:35:49+0900
2019.08,semi_fab_equip,KR,9660767,90977440,106.1886,0003313965,2026-10-09T17:35:49+0900
2019.08,semi_fab_equip,OTHER,6403567,60303714,106.1886,0003313965,2026-10-09T17:35:49+0900
2019.08,semi_fab_equip,TW,28618408,269505465,106.1886,0003313965,2026-10-09T17:35:49+0900
2019.08,semi_fab_equip,US,23529309,221580367,106.1886,0003313965,2026-10-09T17:35:49+0900
2019.08,semi_fab_equip,VN,157349,1481788,106.1886,0003313965,2026-10-09T17:35:49+0900
2019.08,semi_fab_equip,WORLD,105046839,989247801,106.1886,0003313965,2026-10-09T17:35:49+0900
2019.08,semi_test,CN,4276834,40275830,106.1886,0003313965,2026-10-09T17:35:49+0900
2019.08,semi_test,KR,2300418,21663512,106.1886,0003313965,2026-10-09T17:35:49+0900
2019.08,semi_test,OTHER,106176,999881,106.1886,0003313965,2026-10-09T17:35:49+0900
2019.08,semi_test,TW,2885192,27170450,106.1886,0003313965,2026-10-09T17:35:49+0900
2019.08,semi_test,US,4208465,39631985,106.1886,0003313965,2026-10-09T17:35:49+0900
2019.08,semi_test,VN,71900,677097,106.1886,0003313965,2026-10-09T17:35:49+0900
2019.08,semi_test,WORLD,13848985,130418755,106.1886,0003313965,2026-10-09T17:35:49+0900
2019.08,transformer,CN,7682818,72350685,106.1886,0003313965,2026-10-09T17:35:49+0900
2019.08,transformer,KR,3048334,28706792,106.1886,0003313965,2026-10-09T17:35:49+0900
2019.08,transformer,OTHER,17972122,169247188,106.1886,0003313965,2026-10-09T17:35:49+0900
2019.08,transformer,TW,1770063,16669049,106.1886,0003313965,2026-10-09T17:35:49+0900
2019.08,transformer,US,6395084,60223828,106.1886,0003313965,2026-10-09T17:35:49+0900
2019.08,transformer,VN,481655,4535845,106.1886,0003313965,2026-10-09T17:35:49+0900
2019.08,transformer,WORLD,37350076,351733388,106.1886,0003313965,2026-10-09T17:35:49+0900
2019.08,transformer_large,KR,0,0,106.1886,0003313965,2026-10-09T17:35:49+0900
2019.08,transformer_large,OTHER,412047,3880332,106.1886,0003313965,2026-10-09T17:35:49+0900
2019.08,transformer_large,TW,0,0,106.1886,0003313965,2026-10-09T17:35:49+0900
2019.08,transformer_large,US,782954,7373240,106.1886,0003313965,2026-10-09T17:35:49+0900
2019.08,transformer_large,VN,0,0,106.1886,0003313965,2026-10-09T17:35:49+0900
2019.08,transformer_large,WORLD,1195001,11253571,106.1886,0003313965,2026-10-09T17:35:49+0900
2019.08,wafer,CN,5988538,56395300,106.1886,0003313965,2026-10-09T17:35:49+0900
2019.08,wafer,KR,7540090,71006586,106.1886,0003313965,2026-10-09T17:35:49+0900
2019.08,wafer,OTHER,6200479,58391193,106.1886,0003313965,2026-10-09T17:35:49+0900
2019.08,wafer,TW,8814735,83010182,106.1886,0003313965,2026-10-09T17:35:49+0900
2019.08,wafer,US,5586337,52607690,106.1886,0003313965,2026-10-09T17:35:49+0900
2019.08,wafer,VN,0,0,106.1886,0003313965,2026-10-09T17:35:49+0900
2019.08,wafer,WORLD,34130179,321410952,106.1886,0003313965,2026-10-09T17:35:49+0900
2019.09,discrete,CN,20216594,187991389,107.5400,0003313965,2026-10-09T17:35:49+0900
2019.09,discrete,KR,3333214,30995109,107.5400,0003313965,2026-10-09T17:35:49+0900
2019.09,discrete,OTHER,43580068,405245192,107.5400,0003313965,2026-10-09T17:35:49+0900
2019.09,discrete,TW,3751309,34882918,107.5400,0003313965,2026-10-09T17:35:49+0900
2019.09,discrete,US,7178004,66747294,107.5400,0003313965,2026-10-09T17:35:49+0900
2019.09,discrete,VN,1819047,16915073,107.5400,0003313965,2026-10-09T17:35:49+0900
2019.09,discrete,WORLD,79878236,742776976,107.5400,0003313965,2026-10-09T17:35:49+0900
2019.09,ic,CN,70114336,651983783,107.5400,0003313965,2026-10-09T17:35:49+0900
2019.09,ic,KR,21683732,201634108,107.5400,0003313965,2026-10-09T17:35:49+0900
2019.09,ic,OTHER,100626910,935716106,107.5400,0003313965,2026-10-09T17:35:49+0900
2019.09,ic,TW,58637729,545264357,107.5400,0003313965,2026-10-09T17:35:49+0900
2019.09,ic,US,8784340,81684397,107.5400,0003313965,2026-10-09T17:35:49+0900
2019.09,ic,VN,22390908,208210043,107.5400,0003313965,2026-10-09T17:35:49+0900
2019.09,ic,WORLD,282237955,2624492793,107.5400,0003313965,2026-10-09T17:35:49+0900
2019.09,liion,CN,2139580,19895667,107.5400,0003313965,2026-10-09T17:35:49+0900
2019.09,liion,KR,90129,838097,107.5400,0003313965,2026-10-09T17:35:49+0900
2019.09,liion,OTHER,5133608,47736731,107.5400,0003313965,2026-10-09T17:35:49+0900
2019.09,liion,TW,925965,8610424,107.5400,0003313965,2026-10-09T17:35:49+0900
2019.09,liion,US,11827142,109979003,107.5400,0003313965,2026-10-09T17:35:49+0900
2019.09,liion,VN,1265,11763,107.5400,0003313965,2026-10-09T17:35:49+0900
2019.09,liion,WORLD,20117689,187071685,107.5400,0003313965,2026-10-09T17:35:49+0900
2019.09,mlcc,CN,13100097,121816041,107.5400,0003313965,2026-10-09T17:35:49+0900
2019.09,mlcc,KR,3267641,30385354,107.5400,0003313965,2026-10-09T17:35:49+0900
2019.09,mlcc,OTHER,19724715,183417473,107.5400,0003313965,2026-10-09T17:35:49+0900
2019.09,mlcc,TW,2770723,25764581,107.5400,0003313965,2026-10-09T17:35:49+0900
2019.09,mlcc,US,3112942,28946829,107.5400,0003313965,2026-10-09T17:35:49+0900
2019.09,mlcc,VN,932575,8671890,107.5400,0003313965,2026-10-09T17:35:49+0900
2019.09,mlcc,WORLD,42908693,399002167,107.5400,0003313965,2026-10-09T17:35:49+0900
2019.09,pcb,CN,9070564,84345955,107.5400,0003313965,2026-10-09T17:35:49+0900
2019.09,pcb,KR,2761048,25674614,107.5400,0003313965,2026-10-09T17:35:49+0900
2019.09,pcb,OTHER,13864155,128920913,107.5400,0003313965,2026-10-09T17:35:49+0900
2019.09,pcb,TW,1497763,13927497,107.5400,0003313965,2026-10-09T17:35:49+0900
2019.09,pcb,US,1561031,14515817,107.5400,0003313965,2026-10-09T17:35:49+0900
2019.09,pcb,VN,848823,7893091,107.5400,0003313965,2026-10-09T17:35:49+0900
2019.09,pcb,WORLD,29603384,275277887,107.5400,0003313965,2026-10-09T17:35:49+0900
2019.09,photoresist,CN,4508067,41919909,107.5400,0003313965,2026-10-09T17:35:49+0900
2019.09,photoresist,KR,2558530,23791426,107.5400,0003313965,2026-10-09T17:35:49+0900
2019.09,photoresist,OTHER,6395025,59466478,107.5400,0003313965,2026-10-09T17:35:49+0900
2019.09,photoresist,TW,6355195,59096104,107.5400,0003313965,2026-10-09T17:35:49+0900
2019.09,photoresist,US,4876152,45342682,107.5400,0003313965,2026-10-09T17:35:49+0900
2019.09,photoresist,VN,433559,4031607,107.5400,0003313965,2026-10-09T17:35:49+0900
2019.09,photoresist,WORLD,25126528,233648205,107.5400,0003313965,2026-10-09T17:35:49+0900
2019.09,semi_equip,CN,66909325,622180816,107.5400,0003313965,2026-10-09T17:35:49+0900
2019.09,semi_equip,KR,23160441,215365827,107.5400,0003313965,2026-10-09T17:35:49+0900
2019.09,semi_equip,OTHER,15788770,146817649,107.5400,0003313965,2026-10-09T17:35:49+0900
2019.09,semi_equip,TW,52090301,484380705,107.5400,0003313965,2026-10-09T17:35:49+0900
2019.09,semi_equip,US,33273295,309403896,107.5400,0003313965,2026-10-09T17:35:49+0900
2019.09,semi_equip,VN,390689,3632964,107.5400,0003313965,2026-10-09T17:35:49+0900
2019.09,semi_equip,WORLD,191612821,1781781858,107.5400,0003313965,2026-10-09T17:35:49+0900
2019.09,semi_fab_equip,CN,28393361,264026046,107.5400,0003313965,2026-10-09T17:35:49+0900
2019.09,semi_fab_equip,KR,14524535,135061698,107.5400,0003313965,2026-10-09T17:35:49+0900
2019.09,semi_fab_equip,OTHER,5406762,50276753,107.5400,0003313965,2026-10-09T17:35:49+0900
2019.09,semi_fab_equip,TW,36043111,335160043,107.5400,0003313965,2026-10-09T17:35:49+0900
2019.09,semi_fab_equip,US,20893606,194286833,107.5400,0003313965,2026-10-09T17:35:49+0900
2019.09,semi_fab_equip,VN,254555,2367073,107.5400,0003313965,2026-10-09T17:35:49+0900
2019.09,semi_fab_equip,WORLD,105515930,981178445,107.5400,0003313965,2026-10-09T17:35:49+0900
2019.09,semi_test,CN,1074873,9995099,107.5400,0003313965,2026-10-09T17:35:49+0900
2019.09,semi_test,KR,1364741,12690543,107.5400,0003313965,2026-10-09T17:35:49+0900
2019.09,semi_test,OTHER,396777,3689576,107.5400,0003313965,2026-10-09T17:35:49+0900
2019.09,semi_test,TW,3455921,32136145,107.5400,0003313965,2026-10-09T17:35:49+0900
2019.09,semi_test,US,1317078,12247331,107.5400,0003313965,2026-10-09T17:35:49+0900
2019.09,semi_test,VN,0,0,107.5400,0003313965,2026-10-09T17:35:49+0900
2019.09,semi_test,WORLD,7609390,70758694,107.5400,0003313965,2026-10-09T17:35:49+0900
2019.09,transformer,CN,7774854,72297322,107.5400,0003313965,2026-10-09T17:35:49+0900
2019.09,transformer,KR,2870530,26692672,107.5400,0003313965,2026-10-09T17:35:49+0900
2019.09,transformer,OTHER,21021539,195476465,107.5400,0003313965,2026-10-09T17:35:49+0900
2019.09,transformer,TW,1815356,16880751,107.5400,0003313965,2026-10-09T17:35:49+0900
2019.09,transformer,US,5769248,53647461,107.5400,0003313965,2026-10-09T17:35:49+0900
2019.09,transformer,VN,512519,4765845,107.5400,0003313965,2026-10-09T17:35:49+0900
2019.09,transformer,WORLD,39764046,369760517,107.5400,0003313965,2026-10-09T17:35:49+0900
2019.09,transformer_large,KR,0,0,107.5400,0003313965,2026-10-09T17:35:49+0900
2019.09,transformer_large,OTHER,497548,4626632,107.5400,0003313965,2026-10-09T17:35:49+0900
2019.09,transformer_large,TW,0,0,107.5400,0003313965,2026-10-09T17:35:49+0900
2019.09,transformer_large,US,0,0,107.5400,0003313965,2026-10-09T17:35:49+0900
2019.09,transformer_large,VN,0,0,107.5400,0003313965,2026-10-09T17:35:49+0900
2019.09,transformer_large,WORLD,497548,4626632,107.5400,0003313965,2026-10-09T17:35:49+0900
2019.09,wafer,CN,5429251,50485875,107.5400,0003313965,2026-10-09T17:35:49+0900
2019.09,wafer,KR,7467740,69441510,107.5400,0003313965,2026-10-09T17:35:49+0900
2019.09,wafer,OTHER,6533815,60757067,107.5400,0003313965,2026-10-09T17:35:49+0900
2019.09,wafer,TW,10142714,94315734,107.5400,0003313965,2026-10-09T17:35:49+0900
2019.09,wafer,US,5382914,50054993,107.5400,0003313965,2026-10-09T17:35:49+0900
2019.09,wafer,VN,0,0,107.5400,0003313965,2026-10-09T17:35:49+0900
2019.09,wafer,WORLD,34956434,325055179,107.5400,0003313965,2026-10-09T17:35:49+0900
2019.10,discrete,CN,21606775,199809639,108.1368,0003313965,2026-10-09T17:35:49+0900
2019.10,discrete,KR,3718181,34384049,108.1368,0003313965,2026-10-09T17:35:49+0900
2019.10,discrete,OTHER,46906086,433766174,108.1368,0003313965,2026-10-09T17:35:49+0900
2019.10,discrete,TW,3674531,33980393,108.1368,0003313965,2026-10-09T17:35:49+0900
2019.10,discrete,US,6814926,63021340,108.1368,0003313965,2026-10-09T17:35:49+0900
2019.10,discrete,VN,1849563,17103918,108.1368,0003313965,2026-10-09T17:35:49+0900
2019.10,discrete,WORLD,84570062,782065513,108.1368,0003313965,2026-10-09T17:35:49+0900
2019.10,ic,CN,72251532,668149344,108.1368,0003313965,2026-10-09T17:35:49+0900
2019.10,ic,KR,21228320,196309859,108.1368,0003313965,2026-10-09T17:35:49+0900
2019.10,ic,OTHER,105036650,971331221,108.1368,0003313965,2026-10-09T17:35:49+0900
2019.10,ic,TW,69129413,639277406,108.1368,0003313965,2026-10-09T17:35:49+0900
2019.10,ic,US,8967267,82925211,108.1368,0003313965,2026-10-09T17:35:49+0900
2019.10,ic,VN,21873056,202272085,108.1368,0003313965,2026-10-09T17:35:49+0900
2019.10,ic,WORLD,298486238,2760265127,108.1368,0003313965,2026-10-09T17:35:49+0900
2019.10,liion,CN,2186896,20223421,108.1368,0003313965,2026-10-09T17:35:49+0900
2019.10,liion,KR,26088,241250,108.1368,0003313965,2026-10-09T17:35:49+0900
2019.10,liion,OTHER,5073575,46918117,108.1368,0003313965,2026-10-09T17:35:49+0900
2019.10,liion,TW,263985,2441213,108.1368,0003313965,2026-10-09T17:35:49+0900
2019.10,liion,US,10800952,99882297,108.1368,0003313965,2026-10-09T17:35:49+0900
2019.10,liion,VN,3565,32968,108.1368,0003313965,2026-10-09T17:35:49+0900
2019.10,liion,WORLD,18355061,169739265,108.1368,0003313965,2026-10-09T17:35:49+0900
2019.10,mlcc,CN,13316574,123145627,108.1368,0003313965,2026-10-09T17:35:49+0900
2019.10,mlcc,KR,3148497,29115870,108.1368,0003313965,2026-10-09T17:35:49+0900
2019.10,mlcc,OTHER,18540897,171457792,108.1368,0003313965,2026-10-09T17:35:49+0900
2019.10,mlcc,TW,2822233,26098729,108.1368,0003313965,2026-10-09T17:35:49+0900
2019.10,mlcc,US,3444821,31856140,108.1368,0003313965,2026-10-09T17:35:49+0900
2019.10,mlcc,VN,472299,4367607,108.1368,0003313965,2026-10-09T17:35:49+0900
2019.10,mlcc,WORLD,41745321,386041764,108.1368,0003313965,2026-10-09T17:35:49+0900
2019.10,pcb,CN,9223582,85295496,108.1368,0003313965,2026-10-09T17:35:49+0900
2019.10,pcb,KR,3125657,28904656,108.1368,0003313965,2026-10-09T17:35:49+0900
2019.10,pcb,OTHER,13387844,123804699,108.1368,0003313965,2026-10-09T17:35:49+0900
2019.10,pcb,TW,2183956,20196233,108.1368,0003313965,2026-10-09T17:35:49+0900
2019.10,pcb,US,1393631,12887666,108.1368,0003313965,2026-10-09T17:35:49+0900
2019.10,pcb,VN,1034060,9562517,108.1368,0003313965,2026-10-09T17:35:49+0900
2019.10,pcb,WORLD,30348730,280651268,108.1368,0003313965,2026-10-09T17:35:49+0900
2019.10,photoresist,CN,5182726,47927496,108.1368,0003313965,2026-10-09T17:35:49+0900
2019.10,photoresist,KR,2117969,19586015,108.1368,0003313965,2026-10-09T17:35:49+0900
2019.10,photoresist,OTHER,7431584,68723913,108.1368,0003313965,2026-10-09T17:35:49+0900
2019.10,photoresist,TW,5559194,51408901,108.1368,0003313965,2026-10-09T17:35:49+0900
2019.10,photoresist,US,5276758,48797061,108.1368,0003313965,2026-10-09T17:35:49+0900
2019.10,photoresist,VN,511574,4730804,108.1368,0003313965,2026-10-09T17:35:49+0900
2019.10,photoresist,WORLD,26079805,241174189,108.1368,0003313965,2026-10-09T17:35:49+0900
2019.10,semi_equip,CN,69005708,638133438,108.1368,0003313965,2026-10-09T17:35:49+0900
2019.10,semi_equip,KR,20629686,190773964,108.1368,0003313965,2026-10-09T17:35:49+0900
2019.10,semi_equip,OTHER,22578690,208797468,108.1368,0003313965,2026-10-09T17:35:49+0900
2019.10,semi_equip,TW,50494789,466952869,108.1368,0003313965,2026-10-09T17:35:49+0900
2019.10,semi_equip,US,36417853,336775760,108.1368,0003313965,2026-10-09T17:35:49+0900
2019.10,semi_equip,VN,226391,2093561,108.1368,0003313965,2026-10-09T17:35:49+0900
2019.10,semi_equip,WORLD,199353117,1843527060,108.1368,0003313965,2026-10-09T17:35:49+0900
2019.10,semi_fab_equip,CN,18382695,169994812,108.1368,0003313965,2026-10-09T17:35:49+0900
2019.10,semi_fab_equip,KR,12440893,115047727,108.1368,0003313965,2026-10-09T17:35:49+0900
2019.10,semi_fab_equip,OTHER,11490228,106256409,108.1368,0003313965,2026-10-09T17:35:49+0900
2019.10,semi_fab_equip,TW,37433292,346166079,108.1368,0003313965,2026-10-09T17:35:49+0900
2019.10,semi_fab_equip,US,23674498,218931002,108.1368,0003313965,2026-10-09T17:35:49+0900
2019.10,semi_fab_equip,VN,34871,322471,108.1368,0003313965,2026-10-09T17:35:49+0900
2019.10,semi_fab_equip,WORLD,103456477,956718499,108.1368,0003313965,2026-10-09T17:35:49+0900
2019.10,semi_test,CN,2081228,19246251,108.1368,0003313965,2026-10-09T17:35:49+0900
2019.10,semi_test,KR,1927625,17825800,108.1368,0003313965,2026-10-09T17:35:49+0900
2019.10,semi_test,OTHER,288622,2669045,108.1368,0003313965,2026-10-09T17:35:49+0900
2019.10,semi_test,TW,3811928,35250978,108.1368,0003313965,2026-10-09T17:35:49+0900
2019.10,semi_test,US,946949,8756954,108.1368,0003313965,2026-10-09T17:35:49+0900
2019.10,semi_test,VN,0,0,108.1368,0003313965,2026-10-09T17:35:49+0900
2019.10,semi_test,WORLD,9056352,83749029,108.1368,0003313965,2026-10-09T17:35:49+0900
2019.10,transformer,CN,10001632,92490549,108.1368,0003313965,2026-10-09T17:35:49+0900
2019.10,transformer,KR,2718211,25136780,108.1368,0003313965,2026-10-09T17:35:49+0900
2019.10,transformer,OTHER,20982776,194039180,108.1368,0003313965,2026-10-09T17:35:49+0900
2019.10,transformer,TW,1407076,13012000,108.1368,0003313965,2026-10-09T17:35:49+0900
2019.10,transformer,US,6022130,55689922,108.1368,0003313965,2026-10-09T17:35:49+0900
2019.10,transformer,VN,708450,6551424,108.1368,0003313965,2026-10-09T17:35:49+0900
2019.10,transformer,WORLD,41840275,386919855,108.1368,0003313965,2026-10-09T17:35:49+0900
2019.10,transformer_large,KR,0,0,108.1368,0003313965,2026-10-09T17:35:49+0900
2019.10,transformer_large,OTHER,155562,1438567,108.1368,0003313965,2026-10-09T17:35:49+0900
2019.10,transformer_large,TW,0,0,108.1368,0003313965,2026-10-09T17:35:49+0900
2019.10,transformer_large,US,0,0,108.1368,0003313965,2026-10-09T17:35:49+0900
2019.10,transformer_large,VN,150482,1391589,108.1368,0003313965,2026-10-09T17:35:49+0900
2019.10,transformer_large,WORLD,306044,2830156,108.1368,0003313965,2026-10-09T17:35:49+0900
2019.10,wafer,CN,6025800,55723861,108.1368,0003313965,2026-10-09T17:35:49+0900
2019.10,wafer,KR,7336700,67846469,108.1368,0003313965,2026-10-09T17:35:49+0900
2019.10,wafer,OTHER,6579098,60840509,108.1368,0003313965,2026-10-09T17:35:49+0900
2019.10,wafer,TW,10341414,95632699,108.1368,0003313965,2026-10-09T17:35:49+0900
2019.10,wafer,US,5788896,53533080,108.1368,0003313965,2026-10-09T17:35:49+0900
2019.10,wafer,VN,4908,45387,108.1368,0003313965,2026-10-09T17:35:49+0900
2019.10,wafer,WORLD,36076816,333622005,108.1368,0003313965,2026-10-09T17:35:49+0900
2019.11,discrete,CN,22527738,206946285,108.8579,0003313965,2026-10-09T17:35:49+0900
2019.11,discrete,KR,3275324,30088069,108.8579,0003313965,2026-10-09T17:35:49+0900
2019.11,discrete,OTHER,45766418,420423488,108.8579,0003313965,2026-10-09T17:35:49+0900
2019.11,discrete,TW,3394589,31183672,108.8579,0003313965,2026-10-09T17:35:49+0900
2019.11,discrete,US,6130257,56314305,108.8579,0003313965,2026-10-09T17:35:49+0900
2019.11,discrete,VN,1704913,15661822,108.8579,0003313965,2026-10-09T17:35:49+0900
2019.11,discrete,WORLD,82799239,760617640,108.8579,0003313965,2026-10-09T17:35:49+0900
2019.11,ic,CN,64473310,592270382,108.8579,0003313965,2026-10-09T17:35:49+0900
2019.11,ic,KR,16667155,153109283,108.8579,0003313965,2026-10-09T17:35:49+0900
2019.11,ic,OTHER,98271303,902748473,108.8579,0003313965,2026-10-09T17:35:49+0900
2019.11,ic,TW,65297815,599844522,108.8579,0003313965,2026-10-09T17:35:49+0900
2019.11,ic,US,7641442,70196486,108.8579,0003313965,2026-10-09T17:35:49+0900
2019.11,ic,VN,18204521,167231969,108.8579,0003313965,2026-10-09T17:35:49+0900
2019.11,ic,WORLD,270555546,2485401115,108.8579,0003313965,2026-10-09T17:35:49+0900
2019.11,liion,CN,2507772,23037115,108.8579,0003313965,2026-10-09T17:35:49+0900
2019.11,liion,KR,42496,390380,108.8579,0003313965,2026-10-09T17:35:49+0900
2019.11,liion,OTHER,5870679,53929747,108.8579,0003313965,2026-10-09T17:35:49+0900
2019.11,liion,TW,542051,4979436,108.8579,0003313965,2026-10-09T17:35:49+0900
2019.11,liion,US,8927078,82006708,108.8579,0003313965,2026-10-09T17:35:49+0900
2019.11,liion,VN,6935,63707,108.8579,0003313965,2026-10-09T17:35:49+0900
2019.11,liion,WORLD,17897011,164407094,108.8579,0003313965,2026-10-09T17:35:49+0900
2019.11,mlcc,CN,13436260,123429351,108.8579,0003313965,2026-10-09T17:35:49+0900
2019.11,mlcc,KR,2629899,24159009,108.8579,0003313965,2026-10-09T17:35:49+0900
2019.11,mlcc,OTHER,17790450,163428194,108.8579,0003313965,2026-10-09T17:35:49+0900
2019.11,mlcc,TW,2544688,23376236,108.8579,0003313965,2026-10-09T17:35:49+0900
2019.11,mlcc,US,2771052,25455681,108.8579,0003313965,2026-10-09T17:35:49+0900
2019.11,mlcc,VN,428709,3938244,108.8579,0003313965,2026-10-09T17:35:49+0900
2019.11,mlcc,WORLD,39601058,363786716,108.8579,0003313965,2026-10-09T17:35:49+0900
2019.11,pcb,CN,7206514,66201112,108.8579,0003313965,2026-10-09T17:35:49+0900
2019.11,pcb,KR,2901115,26650477,108.8579,0003313965,2026-10-09T17:35:49+0900
2019.11,pcb,OTHER,12146764,111583670,108.8579,0003313965,2026-10-09T17:35:49+0900
2019.11,pcb,TW,2052891,18858448,108.8579,0003313965,2026-10-09T17:35:49+0900
2019.11,pcb,US,1237255,11365781,108.8579,0003313965,2026-10-09T17:35:49+0900
2019.11,pcb,VN,694025,6375513,108.8579,0003313965,2026-10-09T17:35:49+0900
2019.11,pcb,WORLD,26238564,241035001,108.8579,0003313965,2026-10-09T17:35:49+0900
2019.11,photoresist,CN,4941814,45396926,108.8579,0003313965,2026-10-09T17:35:49+0900
2019.11,photoresist,KR,2273451,20884575,108.8579,0003313965,2026-10-09T17:35:49+0900
2019.11,photoresist,OTHER,6582040,60464514,108.8579,0003313965,2026-10-09T17:35:49+0900
2019.11,photoresist,TW,6281482,57703502,108.8579,0003313965,2026-10-09T17:35:49+0900
2019.11,photoresist,US,4893260,44950895,108.8579,0003313965,2026-10-09T17:35:49+0900
2019.11,photoresist,VN,423645,3891725,108.8579,0003313965,2026-10-09T17:35:49+0900
2019.11,photoresist,WORLD,25395692,233292136,108.8579,0003313965,2026-10-09T17:35:49+0900
2019.11,semi_equip,CN,74801832,687151158,108.8579,0003313965,2026-10-09T17:35:49+0900
2019.11,semi_equip,KR,19958261,183342330,108.8579,0003313965,2026-10-09T17:35:49+0900
2019.11,semi_equip,OTHER,14306144,131420356,108.8579,0003313965,2026-10-09T17:35:49+0900
2019.11,semi_equip,TW,59053331,542480895,108.8579,0003313965,2026-10-09T17:35:49+0900
2019.11,semi_equip,US,31790188,292033817,108.8579,0003313965,2026-10-09T17:35:49+0900
2019.11,semi_equip,VN,108617,997787,108.8579,0003313965,2026-10-09T17:35:49+0900
2019.11,semi_equip,WORLD,200018373,1837426342,108.8579,0003313965,2026-10-09T17:35:49+0900
2019.11,semi_fab_equip,CN,24822443,228026106,108.8579,0003313965,2026-10-09T17:35:49+0900
2019.11,semi_fab_equip,KR,11728821,107744325,108.8579,0003313965,2026-10-09T17:35:49+0900
2019.11,semi_fab_equip,OTHER,5584757,51303185,108.8579,0003313965,2026-10-09T17:35:49+0900
2019.11,semi_fab_equip,TW,43436430,399019548,108.8579,0003313965,2026-10-09T17:35:49+0900
2019.11,semi_fab_equip,US,18165716,166875495,108.8579,0003313965,2026-10-09T17:35:49+0900
2019.11,semi_fab_equip,VN,20171,185297,108.8579,0003313965,2026-10-09T17:35:49+0900
2019.11,semi_fab_equip,WORLD,103758338,953153956,108.8579,0003313965,2026-10-09T17:35:49+0900
2019.11,semi_test,CN,1341677,12325031,108.8579,0003313965,2026-10-09T17:35:49+0900
2019.11,semi_test,KR,2730529,25083425,108.8579,0003313965,2026-10-09T17:35:49+0900
2019.11,semi_test,OTHER,1123406,10319931,108.8579,0003313965,2026-10-09T17:35:49+0900
2019.11,semi_test,TW,7992984,73425851,108.8579,0003313965,2026-10-09T17:35:49+0900
2019.11,semi_test,US,1003234,9215996,108.8579,0003313965,2026-10-09T17:35:49+0900
2019.11,semi_test,VN,0,0,108.8579,0003313965,2026-10-09T17:35:49+0900
2019.11,semi_test,WORLD,14191830,130370235,108.8579,0003313965,2026-10-09T17:35:49+0900
2019.11,transformer,CN,8433896,77476196,108.8579,0003313965,2026-10-09T17:35:49+0900
2019.11,transformer,KR,2404843,22091580,108.8579,0003313965,2026-10-09T17:35:49+0900
2019.11,transformer,OTHER,18060246,165906618,108.8579,0003313965,2026-10-09T17:35:49+0900
2019.11,transformer,TW,1390393,12772550,108.8579,0003313965,2026-10-09T17:35:49+0900
2019.11,transformer,US,5242250,48156817,108.8579,0003313965,2026-10-09T17:35:49+0900
2019.11,transformer,VN,481743,4425430,108.8579,0003313965,2026-10-09T17:35:49+0900
2019.11,transformer,WORLD,36013371,330829191,108.8579,0003313965,2026-10-09T17:35:49+0900
2019.11,transformer_large,KR,0,0,108.8579,0003313965,2026-10-09T17:35:49+0900
2019.11,transformer_large,OTHER,66902,614581,108.8579,0003313965,2026-10-09T17:35:49+0900
2019.11,transformer_large,TW,0,0,108.8579,0003313965,2026-10-09T17:35:49+0900
2019.11,transformer_large,US,280843,2579905,108.8579,0003313965,2026-10-09T17:35:49+0900
2019.11,transformer_large,VN,0,0,108.8579,0003313965,2026-10-09T17:35:49+0900
2019.11,transformer_large,WORLD,347745,3194486,108.8579,0003313965,2026-10-09T17:35:49+0900
2019.11,wafer,CN,6123742,56254456,108.8579,0003313965,2026-10-09T17:35:49+0900
2019.11,wafer,KR,7030375,64583048,108.8579,0003313965,2026-10-09T17:35:49+0900
2019.11,wafer,OTHER,6522804,59920355,108.8579,0003313965,2026-10-09T17:35:49+0900
2019.11,wafer,TW,10489457,96359171,108.8579,0003313965,2026-10-09T17:35:49+0900
2019.11,wafer,US,5374852,49374937,108.8579,0003313965,2026-10-09T17:35:49+0900
2019.11,wafer,VN,0,0,108.8579,0003313965,2026-10-09T17:35:49+0900
2019.11,wafer,WORLD,35541230,326491968,108.8579,0003313965,2026-10-09T17:35:49+0900
2019.12,discrete,CN,23188245,212539253,109.1010,0003313965,2026-10-09T17:35:49+0900
2019.12,discrete,KR,2986470,27373443,109.1010,0003313965,2026-10-09T17:35:49+0900
2019.12,discrete,OTHER,45708533,418956132,109.1010,0003313965,2026-10-09T17:35:49+0900
2019.12,discrete,TW,3225065,29560361,109.1010,0003313965,2026-10-09T17:35:49+0900
2019.12,discrete,US,6819117,62502791,109.1010,0003313965,2026-10-09T17:35:49+0900
2019.12,discrete,VN,1847669,16935399,109.1010,0003313965,2026-10-09T17:35:49+0900
2019.12,discrete,WORLD,83775099,767867380,109.1010,0003313965,2026-10-09T17:35:49+0900
2019.12,ic,CN,64387826,590167148,109.1010,0003313965,2026-10-09T17:35:49+0900
2019.12,ic,KR,23099213,211723201,109.1010,0003313965,2026-10-09T17:35:49+0900
2019.12,ic,OTHER,91919788,842520124,109.1010,0003313965,2026-10-09T17:35:49+0900
2019.12,ic,TW,59582940,546126433,109.1010,0003313965,2026-10-09T17:35:49+0900
2019.12,ic,US,8568559,78537859,109.1010,0003313965,2026-10-09T17:35:49+0900
2019.12,ic,VN,16766165,153675631,109.1010,0003313965,2026-10-09T17:35:49+0900
2019.12,ic,WORLD,264324491,2422750396,109.1010,0003313965,2026-10-09T17:35:49+0900
2019.12,liion,CN,1920417,17602194,109.1010,0003313965,2026-10-09T17:35:49+0900
2019.12,liion,KR,27209,249393,109.1010,0003313965,2026-10-09T17:35:49+0900
2019.12,liion,OTHER,6239846,57193298,109.1010,0003313965,2026-10-09T17:35:49+0900
2019.12,liion,TW,295488,2708389,109.1010,0003313965,2026-10-09T17:35:49+0900
2019.12,liion,US,10868496,99618665,109.1010,0003313965,2026-10-09T17:35:49+0900
2019.12,liion,VN,18632,170778,109.1010,0003313965,2026-10-09T17:35:49+0900
2019.12,liion,WORLD,19370088,177542717,109.1010,0003313965,2026-10-09T17:35:49+0900
2019.12,mlcc,CN,14311237,131174206,109.1010,0003313965,2026-10-09T17:35:49+0900
2019.12,mlcc,KR,3015230,27637052,109.1010,0003313965,2026-10-09T17:35:49+0900
2019.12,mlcc,OTHER,18794902,172270667,109.1010,0003313965,2026-10-09T17:35:49+0900
2019.12,mlcc,TW,2193031,20100925,109.1010,0003313965,2026-10-09T17:35:49+0900
2019.12,mlcc,US,2674212,24511343,109.1010,0003313965,2026-10-09T17:35:49+0900
2019.12,mlcc,VN,570328,5227523,109.1010,0003313965,2026-10-09T17:35:49+0900
2019.12,mlcc,WORLD,41558940,380921715,109.1010,0003313965,2026-10-09T17:35:49+0900
2019.12,pcb,CN,7901990,72428209,109.1010,0003313965,2026-10-09T17:35:49+0900
2019.12,pcb,KR,3237335,29672826,109.1010,0003313965,2026-10-09T17:35:49+0900
2019.12,pcb,OTHER,11346995,104004500,109.1010,0003313965,2026-10-09T17:35:49+0900
2019.12,pcb,TW,1753405,16071393,109.1010,0003313965,2026-10-09T17:35:49+0900
2019.12,pcb,US,1332668,12214993,109.1010,0003313965,2026-10-09T17:35:49+0900
2019.12,pcb,VN,813888,7459950,109.1010,0003313965,2026-10-09T17:35:49+0900
2019.12,pcb,WORLD,26386281,241851871,109.1010,0003313965,2026-10-09T17:35:49+0900
2019.12,photoresist,CN,5425234,49726712,109.1010,0003313965,2026-10-09T17:35:49+0900
2019.12,photoresist,KR,2891769,26505431,109.1010,0003313965,2026-10-09T17:35:49+0900
2019.12,photoresist,OTHER,7728610,70839039,109.1010,0003313965,2026-10-09T17:35:49+0900
2019.12,photoresist,TW,6584675,60353938,109.1010,0003313965,2026-10-09T17:35:49+0900
2019.12,photoresist,US,6030550,55274929,109.1010,0003313965,2026-10-09T17:35:49+0900
2019.12,photoresist,VN,563303,5163133,109.1010,0003313965,2026-10-09T17:35:49+0900
2019.12,photoresist,WORLD,29224141,267863182,109.1010,0003313965,2026-10-09T17:35:49+0900
2019.12,semi_equip,CN,110561096,1013382975,109.1010,0003313965,2026-10-09T17:35:49+0900
2019.12,semi_equip,KR,19963617,182982897,109.1010,0003313965,2026-10-09T17:35:49+0900
2019.12,semi_equip,OTHER,15296557,140205470,109.1010,0003313965,2026-10-09T17:35:49+0900
2019.12,semi_equip,TW,76589461,702005124,109.1010,0003313965,2026-10-09T17:35:49+0900
2019.12,semi_equip,US,40863948,374551544,109.1010,0003313965,2026-10-09T17:35:49+0900
2019.12,semi_equip,VN,191184,1752358,109.1010,0003313965,2026-10-09T17:35:49+0900
2019.12,semi_equip,WORLD,263465863,2414880368,109.1010,0003313965,2026-10-09T17:35:49+0900
2019.12,semi_fab_equip,CN,37979034,348108945,109.1010,0003313965,2026-10-09T17:35:49+0900
2019.12,semi_fab_equip,KR,10046717,92086388,109.1010,0003313965,2026-10-09T17:35:49+0900
2019.12,semi_fab_equip,OTHER,7268034,66617483,109.1010,0003313965,2026-10-09T17:35:49+0900
2019.12,semi_fab_equip,TW,55362106,507439034,109.1010,0003313965,2026-10-09T17:35:49+0900
2019.12,semi_fab_equip,US,26760911,245285662,109.1010,0003313965,2026-10-09T17:35:49+0900
2019.12,semi_fab_equip,VN,51943,476100,109.1010,0003313965,2026-10-09T17:35:49+0900
2019.12,semi_fab_equip,WORLD,137468745,1260013611,109.1010,0003313965,2026-10-09T17:35:49+0900
2019.12,semi_test,CN,4635699,42489977,109.1010,0003313965,2026-10-09T17:35:49+0900
2019.12,semi_test,KR,2486635,22792046,109.1010,0003313965,2026-10-09T17:35:49+0900
2019.12,semi_test,OTHER,223368,2047351,109.1010,0003313965,2026-10-09T17:35:49+0900
2019.12,semi_test,TW,7527064,68991705,109.1010,0003313965,2026-10-09T17:35:49+0900
2019.12,semi_test,US,1016313,9315341,109.1010,0003313965,2026-10-09T17:35:49+0900
2019.12,semi_test,VN,0,0,109.1010,0003313965,2026-10-09T17:35:49+0900
2019.12,semi_test,WORLD,15889079,145636419,109.1010,0003313965,2026-10-09T17:35:49+0900
2019.12,transformer,CN,10500738,96247862,109.1010,0003313965,2026-10-09T17:35:49+0900
2019.12,transformer,KR,2383580,21847462,109.1010,0003313965,2026-10-09T17:35:49+0900
2019.12,transformer,OTHER,20373621,186740919,109.1010,0003313965,2026-10-09T17:35:49+0900
2019.12,transformer,TW,1351593,12388457,109.1010,0003313965,2026-10-09T17:35:49+0900
2019.12,transformer,US,5507017,50476320,109.1010,0003313965,2026-10-09T17:35:49+0900
2019.12,transformer,VN,568509,5210850,109.1010,0003313965,2026-10-09T17:35:49+0900
2019.12,transformer,WORLD,40685058,372911871,109.1010,0003313965,2026-10-09T17:35:49+0900
2019.12,transformer_large,KR,0,0,109.1010,0003313965,2026-10-09T17:35:49+0900
2019.12,transformer_large,OTHER,358113,3282399,109.1010,0003313965,2026-10-09T17:35:49+0900
2019.12,transformer_large,TW,0,0,109.1010,0003313965,2026-10-09T17:35:49+0900
2019.12,transformer_large,US,0,0,109.1010,0003313965,2026-10-09T17:35:49+0900
2019.12,transformer_large,VN,0,0,109.1010,0003313965,2026-10-09T17:35:49+0900
2019.12,transformer_large,WORLD,358113,3282399,109.1010,0003313965,2026-10-09T17:35:49+0900
2019.12,wafer,CN,5849041,53611250,109.1010,0003313965,2026-10-09T17:35:49+0900
2019.12,wafer,KR,6829312,62596237,109.1010,0003313965,2026-10-09T17:35:49+0900
2019.12,wafer,OTHER,6721263,61605879,109.1010,0003313965,2026-10-09T17:35:49+0900
2019.12,wafer,TW,10435509,95649985,109.1010,0003313965,2026-10-09T17:35:49+0900
2019.12,wafer,US,6545331,59993318,109.1010,0003313965,2026-10-09T17:35:49+0900
2019.12,wafer,VN,0,0,109.1010,0003313965,2026-10-09T17:35:49+0900
2019.12,wafer,WORLD,36380456,333456669,109.1010,0003313965,2026-10-09T17:35:49+0900
2020.01,discrete,CN,15399067,140931016,109.2667,0003313965,2026-10-09T17:35:49+0900
2020.01,discrete,KR,3030622,27736007,109.2667,0003313965,2026-10-09T17:35:49+0900
2020.01,discrete,OTHER,39951412,365632091,109.2667,0003313965,2026-10-09T17:35:49+0900
2020.01,discrete,TW,2797382,25601414,109.2667,0003313965,2026-10-09T17:35:49+0900
2020.01,discrete,US,5752551,52646881,109.2667,0003313965,2026-10-09T17:35:49+0900
2020.01,discrete,VN,1270155,11624356,109.2667,0003313965,2026-10-09T17:35:49+0900
2020.01,discrete,WORLD,68201189,624171765,109.2667,0003313965,2026-10-09T17:35:49+0900
2020.01,ic,CN,57274944,524175655,109.2667,0003313965,2026-10-09T17:35:49+0900
2020.01,ic,KR,16717137,152993886,109.2667,0003313965,2026-10-09T17:35:49+0900
2020.01,ic,OTHER,82364176,753790276,109.2667,0003313965,2026-10-09T17:35:49+0900
2020.01,ic,TW,53719315,491634826,109.2667,0003313965,2026-10-09T17:35:49+0900
2020.01,ic,US,7879242,72110185,109.2667,0003313965,2026-10-09T17:35:49+0900
2020.01,ic,VN,13876408,126995764,109.2667,0003313965,2026-10-09T17:35:49+0900
2020.01,ic,WORLD,231831222,2121700591,109.2667,0003313965,2026-10-09T17:35:49+0900
2020.01,liion,CN,1377239,12604380,109.2667,0003313965,2026-10-09T17:35:49+0900
2020.01,liion,KR,35198,322129,109.2667,0003313965,2026-10-09T17:35:49+0900
2020.01,liion,OTHER,5015735,45903601,109.2667,0003313965,2026-10-09T17:35:49+0900
2020.01,liion,TW,364860,3339169,109.2667,0003313965,2026-10-09T17:35:49+0900
2020.01,liion,US,10734385,98240223,109.2667,0003313965,2026-10-09T17:35:49+0900
2020.01,liion,VN,2363,21626,109.2667,0003313965,2026-10-09T17:35:49+0900
2020.01,liion,WORLD,17529780,160431129,109.2667,0003313965,2026-10-09T17:35:49+0900
2020.01,mlcc,CN,10770330,98569189,109.2667,0003313965,2026-10-09T17:35:49+0900
2020.01,mlcc,KR,3237725,29631397,109.2667,0003313965,2026-10-09T17:35:49+0900
2020.01,mlcc,OTHER,15938468,145867570,109.2667,0003313965,2026-10-09T17:35:49+0900
2020.01,mlcc,TW,2239024,20491367,109.2667,0003313965,2026-10-09T17:35:49+0900
2020.01,mlcc,US,2735665,25036585,109.2667,0003313965,2026-10-09T17:35:49+0900
2020.01,mlcc,VN,875240,8010126,109.2667,0003313965,2026-10-09T17:35:49+0900
2020.01,mlcc,WORLD,35796452,327606233,109.2667,0003313965,2026-10-09T17:35:49+0900
2020.01,pcb,CN,5047632,46195520,109.2667,0003313965,2026-10-09T17:35:49+0900
2020.01,pcb,KR,2414553,22097794,109.2667,0003313965,2026-10-09T17:35:49+0900
2020.01,pcb,OTHER,8906939,81515585,109.2667,0003313965,2026-10-09T17:35:49+0900
2020.01,pcb,TW,1532625,14026460,109.2667,0003313965,2026-10-09T17:35:49+0900
2020.01,pcb,US,1052320,9630748,109.2667,0003313965,2026-10-09T17:35:49+0900
2020.01,pcb,VN,494499,4525615,109.2667,0003313965,2026-10-09T17:35:49+0900
2020.01,pcb,WORLD,19448568,177991721,109.2667,0003313965,2026-10-09T17:35:49+0900
2020.01,photoresist,CN,4147144,37954326,109.2667,0003313965,2026-10-09T17:35:49+0900
2020.01,photoresist,KR,3088356,28264384,109.2667,0003313965,2026-10-09T17:35:49+0900
2020.01,photoresist,OTHER,7278175,66609269,109.2667,0003313965,2026-10-09T17:35:49+0900
2020.01,photoresist,TW,5907169,54061933,109.2667,0003313965,2026-10-09T17:35:49+0900
2020.01,photoresist,US,4251102,38905742,109.2667,0003313965,2026-10-09T17:35:49+0900
2020.01,photoresist,VN,364413,3335078,109.2667,0003313965,2026-10-09T17:35:49+0900
2020.01,photoresist,WORLD,25036359,229130732,109.2667,0003313965,2026-10-09T17:35:49+0900
2020.01,semi_equip,CN,54027659,494456765,109.2667,0003313965,2026-10-09T17:35:49+0900
2020.01,semi_equip,KR,25582598,234129868,109.2667,0003313965,2026-10-09T17:35:49+0900
2020.01,semi_equip,OTHER,14185919,129828383,109.2667,0003313965,2026-10-09T17:35:49+0900
2020.01,semi_equip,TW,37308163,341441290,109.2667,0003313965,2026-10-09T17:35:49+0900
2020.01,semi_equip,US,24997851,228778310,109.2667,0003313965,2026-10-09T17:35:49+0900
2020.01,semi_equip,VN,174481,1596836,109.2667,0003313965,2026-10-09T17:35:49+0900
2020.01,semi_equip,WORLD,156276671,1430231452,109.2667,0003313965,2026-10-09T17:35:49+0900
2020.01,semi_fab_equip,CN,23140846,211783151,109.2667,0003313965,2026-10-09T17:35:49+0900
2020.01,semi_fab_equip,KR,17811558,163009938,109.2667,0003313965,2026-10-09T17:35:49+0900
2020.01,semi_fab_equip,OTHER,6359349,58200248,109.2667,0003313965,2026-10-09T17:35:49+0900
2020.01,semi_fab_equip,TW,24394743,223258715,109.2667,0003313965,2026-10-09T17:35:49+0900
2020.01,semi_fab_equip,US,13003196,119004198,109.2667,0003313965,2026-10-09T17:35:49+0900
2020.01,semi_fab_equip,VN,66975,612950,109.2667,0003313965,2026-10-09T17:35:49+0900
2020.01,semi_fab_equip,WORLD,84776667,775869199,109.2667,0003313965,2026-10-09T17:35:49+0900
2020.01,semi_test,CN,1984006,18157462,109.2667,0003313965,2026-10-09T17:35:49+0900
2020.01,semi_test,KR,1297403,11873727,109.2667,0003313965,2026-10-09T17:35:49+0900
2020.01,semi_test,OTHER,448155,4101478,109.2667,0003313965,2026-10-09T17:35:49+0900
2020.01,semi_test,TW,4535713,41510478,109.2667,0003313965,2026-10-09T17:35:49+0900
2020.01,semi_test,US,57859,529521,109.2667,0003313965,2026-10-09T17:35:49+0900
2020.01,semi_test,VN,988,9042,109.2667,0003313965,2026-10-09T17:35:49+0900
2020.01,semi_test,WORLD,8324124,76181710,109.2667,0003313965,2026-10-09T17:35:49+0900
2020.01,transformer,CN,6372450,58320147,109.2667,0003313965,2026-10-09T17:35:49+0900
2020.01,transformer,KR,2109755,19308307,109.2667,0003313965,2026-10-09T17:35:49+0900
2020.01,transformer,OTHER,17372977,158996080,109.2667,0003313965,2026-10-09T17:35:49+0900
2020.01,transformer,TW,1074788,9836373,109.2667,0003313965,2026-10-09T17:35:49+0900
2020.01,transformer,US,6057189,55434904,109.2667,0003313965,2026-10-09T17:35:49+0900
2020.01,transformer,VN,380045,3478141,109.2667,0003313965,2026-10-09T17:35:49+0900
2020.01,transformer,WORLD,33367204,305373952,109.2667,0003313965,2026-10-09T17:35:49+0900
2020.01,transformer_large,KR,0,0,109.2667,0003313965,2026-10-09T17:35:49+0900
2020.01,transformer_large,OTHER,688680,6302744,109.2667,0003313965,2026-10-09T17:35:49+0900
2020.01,transformer_large,TW,0,0,109.2667,0003313965,2026-10-09T17:35:49+0900
2020.01,transformer_large,US,0,0,109.2667,0003313965,2026-10-09T17:35:49+0900
2020.01,transformer_large,VN,0,0,109.2667,0003313965,2026-10-09T17:35:49+0900
2020.01,transformer_large,WORLD,688680,6302744,109.2667,0003313965,2026-10-09T17:35:49+0900
2020.01,wafer,CN,2911108,26642225,109.2667,0003313965,2026-10-09T17:35:49+0900
2020.01,wafer,KR,7620987,69746657,109.2667,0003313965,2026-10-09T17:35:49+0900
2020.01,wafer,OTHER,5357399,49030482,109.2667,0003313965,2026-10-09T17:35:49+0900
2020.01,wafer,TW,7914202,72430137,109.2667,0003313965,2026-10-09T17:35:49+0900
2020.01,wafer,US,5357803,49034180,109.2667,0003313965,2026-10-09T17:35:49+0900
2020.01,wafer,VN,0,0,109.2667,0003313965,2026-10-09T17:35:49+0900
2020.01,wafer,WORLD,29161499,266883680,109.2667,0003313965,2026-10-09T17:35:49+0900
2020.02,discrete,CN,21830592,198406718,110.0295,0003313965,2026-10-09T17:35:49+0900
2020.02,discrete,KR,3531300,32094120,110.0295,0003313965,2026-10-09T17:35:49+0900
2020.02,discrete,OTHER,45718698,415513094,110.0295,0003313965,2026-10-09T17:35:49+0900
2020.02,discrete,TW,3419253,31075784,110.0295,0003313965,2026-10-09T17:35:49+0900
2020.02,discrete,US,7882424,71639188,110.0295,0003313965,2026-10-09T17:35:49+0900
2020.02,discrete,VN,1604572,14583107,110.0295,0003313965,2026-10-09T17:35:49+0900
2020.02,discrete,WORLD,83986839,763312012,110.0295,0003313965,2026-10-09T17:35:49+0900
2020.02,ic,CN,57842217,525697354,110.0295,0003313965,2026-10-09T17:35:49+0900
2020.02,ic,KR,13674100,124276671,110.0295,0003313965,2026-10-09T17:35:49+0900
2020.02,ic,OTHER,87040757,791067459,110.0295,0003313965,2026-10-09T17:35:49+0900
2020.02,ic,TW,58002222,527151555,110.0295,0003313965,2026-10-09T17:35:49+0900
2020.02,ic,US,8202444,74547680,110.0295,0003313965,2026-10-09T17:35:49+0900
2020.02,ic,VN,17034053,154813509,110.0295,0003313965,2026-10-09T17:35:49+0900
2020.02,ic,WORLD,241795793,2197554229,110.0295,0003313965,2026-10-09T17:35:49+0900
2020.02,liion,CN,2067768,18792851,110.0295,0003313965,2026-10-09T17:35:49+0900
2020.02,liion,KR,28027,254723,110.0295,0003313965,2026-10-09T17:35:49+0900
2020.02,liion,OTHER,4841794,44004508,110.0295,0003313965,2026-10-09T17:35:49+0900
2020.02,liion,TW,385002,3499080,110.0295,0003313965,2026-10-09T17:35:49+0900
2020.02,liion,US,11535460,104839702,110.0295,0003313965,2026-10-09T17:35:49+0900
2020.02,liion,VN,13987,127120,110.0295,0003313965,2026-10-09T17:35:49+0900
2020.02,liion,WORLD,18872038,171517984,110.0295,0003313965,2026-10-09T17:35:49+0900
2020.02,mlcc,CN,11599862,105425018,110.0295,0003313965,2026-10-09T17:35:49+0900
2020.02,mlcc,KR,3632327,33012301,110.0295,0003313965,2026-10-09T17:35:49+0900
2020.02,mlcc,OTHER,16800614,152691905,110.0295,0003313965,2026-10-09T17:35:49+0900
2020.02,mlcc,TW,3112807,28290658,110.0295,0003313965,2026-10-09T17:35:49+0900
2020.02,mlcc,US,3059685,27807861,110.0295,0003313965,2026-10-09T17:35:49+0900
2020.02,mlcc,VN,1025925,9324090,110.0295,0003313965,2026-10-09T17:35:49+0900
2020.02,mlcc,WORLD,39231220,356551834,110.0295,0003313965,2026-10-09T17:35:49+0900
2020.02,pcb,CN,6274003,57021099,110.0295,0003313965,2026-10-09T17:35:49+0900
2020.02,pcb,KR,2669013,24257249,110.0295,0003313965,2026-10-09T17:35:49+0900
2020.02,pcb,OTHER,9177841,83412548,110.0295,0003313965,2026-10-09T17:35:49+0900
2020.02,pcb,TW,2053583,18663931,110.0295,0003313965,2026-10-09T17:35:49+0900
2020.02,pcb,US,1215117,11043557,110.0295,0003313965,2026-10-09T17:35:49+0900
2020.02,pcb,VN,708735,6441318,110.0295,0003313965,2026-10-09T17:35:49+0900
2020.02,pcb,WORLD,22098292,200839702,110.0295,0003313965,2026-10-09T17:35:49+0900
2020.02,photoresist,CN,5724227,52024475,110.0295,0003313965,2026-10-09T17:35:49+0900
2020.02,photoresist,KR,3765373,34221486,110.0295,0003313965,2026-10-09T17:35:49+0900
2020.02,photoresist,OTHER,7066530,64223958,110.0295,0003313965,2026-10-09T17:35:49+0900
2020.02,photoresist,TW,5582598,50737284,110.0295,0003313965,2026-10-09T17:35:49+0900
2020.02,photoresist,US,5132302,46644782,110.0295,0003313965,2026-10-09T17:35:49+0900
2020.02,photoresist,VN,537461,4884699,110.0295,0003313965,2026-10-09T17:35:49+0900
2020.02,photoresist,WORLD,27808491,252736684,110.0295,0003313965,2026-10-09T17:35:49+0900
2020.02,semi_equip,CN,63918628,580922643,110.0295,0003313965,2026-10-09T17:35:49+0900
2020.02,semi_equip,KR,45444519,413021226,110.0295,0003313965,2026-10-09T17:35:49+0900
2020.02,semi_equip,OTHER,19249456,174948137,110.0295,0003313965,2026-10-09T17:35:49+0900
2020.02,semi_equip,TW,52100842,473517030,110.0295,0003313965,2026-10-09T17:35:49+0900
2020.02,semi_equip,US,33557522,304986590,110.0295,0003313965,2026-10-09T17:35:49+0900
2020.02,semi_equip,VN,497885,4525014,110.0295,0003313965,2026-10-09T17:35:49+0900
2020.02,semi_equip,WORLD,214768852,1951920639,110.0295,0003313965,2026-10-09T17:35:49+0900
2020.02,semi_fab_equip,CN,36324249,330131910,110.0295,0003313965,2026-10-09T17:35:49+0900
2020.02,semi_fab_equip,KR,35777663,325164279,110.0295,0003313965,2026-10-09T17:35:49+0900
2020.02,semi_fab_equip,OTHER,9713154,88277726,110.0295,0003313965,2026-10-09T17:35:49+0900
2020.02,semi_fab_equip,TW,27892231,253497753,110.0295,0003313965,2026-10-09T17:35:49+0900
2020.02,semi_fab_equip,US,22645009,205808524,110.0295,0003313965,2026-10-09T17:35:49+0900
2020.02,semi_fab_equip,VN,264077,2400056,110.0295,0003313965,2026-10-09T17:35:49+0900
2020.02,semi_fab_equip,WORLD,132616383,1205280248,110.0295,0003313965,2026-10-09T17:35:49+0900
2020.02,semi_test,CN,2914531,26488633,110.0295,0003313965,2026-10-09T17:35:49+0900
2020.02,semi_test,KR,2031859,18466493,110.0295,0003313965,2026-10-09T17:35:49+0900
2020.02,semi_test,OTHER,147076,1336696,110.0295,0003313965,2026-10-09T17:35:49+0900
2020.02,semi_test,TW,3822463,34740347,110.0295,0003313965,2026-10-09T17:35:49+0900
2020.02,semi_test,US,929706,8449607,110.0295,0003313965,2026-10-09T17:35:49+0900
2020.02,semi_test,VN,10638,96683,110.0295,0003313965,2026-10-09T17:35:49+0900
2020.02,semi_test,WORLD,9856273,89578459,110.0295,0003313965,2026-10-09T17:35:49+0900
2020.02,transformer,CN,8038081,73053872,110.0295,0003313965,2026-10-09T17:35:49+0900
2020.02,transformer,KR,2658287,24159766,110.0295,0003313965,2026-10-09T17:35:49+0900
2020.02,transformer,OTHER,16759153,152315088,110.0295,0003313965,2026-10-09T17:35:49+0900
2020.02,transformer,TW,1798009,16341154,110.0295,0003313965,2026-10-09T17:35:49+0900
2020.02,transformer,US,6743053,61284047,110.0295,0003313965,2026-10-09T17:35:49+0900
2020.02,transformer,VN,539640,4904503,110.0295,0003313965,2026-10-09T17:35:49+0900
2020.02,transformer,WORLD,36536223,332058430,110.0295,0003313965,2026-10-09T17:35:49+0900
2020.02,transformer_large,KR,337600,3068268,110.0295,0003313965,2026-10-09T17:35:49+0900
2020.02,transformer_large,OTHER,368112,3345576,110.0295,0003313965,2026-10-09T17:35:49+0900
2020.02,transformer_large,TW,369830,3361189,110.0295,0003313965,2026-10-09T17:35:49+0900
2020.02,transformer_large,US,0,0,110.0295,0003313965,2026-10-09T17:35:49+0900
2020.02,transformer_large,VN,0,0,110.0295,0003313965,2026-10-09T17:35:49+0900
2020.02,transformer_large,WORLD,1075542,9775033,110.0295,0003313965,2026-10-09T17:35:49+0900
2020.02,wafer,CN,6269468,56979883,110.0295,0003313965,2026-10-09T17:35:49+0900
2020.02,wafer,KR,5444716,49484147,110.0295,0003313965,2026-10-09T17:35:49+0900
2020.02,wafer,OTHER,6758940,61428435,110.0295,0003313965,2026-10-09T17:35:49+0900
2020.02,wafer,TW,11914536,108284924,110.0295,0003313965,2026-10-09T17:35:49+0900
2020.02,wafer,US,5736513,52136136,110.0295,0003313965,2026-10-09T17:35:49+0900
2020.02,wafer,VN,3384,30755,110.0295,0003313965,2026-10-09T17:35:49+0900
2020.02,wafer,WORLD,36127557,328344280,110.0295,0003313965,2026-10-09T17:35:49+0900
2020.03,discrete,CN,22118629,205434974,107.6673,0003313965,2026-10-09T17:35:49+0900
2020.03,discrete,KR,3510103,32601384,107.6673,0003313965,2026-10-09T17:35:49+0900
2020.03,discrete,OTHER,43989525,408569036,107.6673,0003313965,2026-10-09T17:35:49+0900
2020.03,discrete,TW,3893713,36164304,107.6673,0003313965,2026-10-09T17:35:49+0900
2020.03,discrete,US,8246576,76593135,107.6673,0003313965,2026-10-09T17:35:49+0900
2020.03,discrete,VN,1589125,14759588,107.6673,0003313965,2026-10-09T17:35:49+0900
2020.03,discrete,WORLD,83347671,774122422,107.6673,0003313965,2026-10-09T17:35:49+0900
2020.03,ic,CN,65228159,605830730,107.6673,0003313965,2026-10-09T17:35:49+0900
2020.03,ic,KR,17448225,162056864,107.6673,0003313965,2026-10-09T17:35:49+0900
2020.03,ic,OTHER,83125673,772060533,107.6673,0003313965,2026-10-09T17:35:49+0900
2020.03,ic,TW,63757315,592169721,107.6673,0003313965,2026-10-09T17:35:49+0900
2020.03,ic,US,9178999,85253359,107.6673,0003313965,2026-10-09T17:35:49+0900
2020.03,ic,VN,13840215,128546132,107.6673,0003313965,2026-10-09T17:35:49+0900
2020.03,ic,WORLD,252578586,2345917340,107.6673,0003313965,2026-10-09T17:35:49+0900
2020.03,liion,CN,2812824,26125147,107.6673,0003313965,2026-10-09T17:35:49+0900
2020.03,liion,KR,33601,312082,107.6673,0003313965,2026-10-09T17:35:49+0900
2020.03,liion,OTHER,7831558,72738501,107.6673,0003313965,2026-10-09T17:35:49+0900
2020.03,liion,TW,332818,3091171,107.6673,0003313965,2026-10-09T17:35:49+0900
2020.03,liion,US,13220241,122787894,107.6673,0003313965,2026-10-09T17:35:49+0900
2020.03,liion,VN,10978,101962,107.6673,0003313965,2026-10-09T17:35:49+0900
2020.03,liion,WORLD,24242020,225156756,107.6673,0003313965,2026-10-09T17:35:49+0900
2020.03,mlcc,CN,12562106,116675221,107.6673,0003313965,2026-10-09T17:35:49+0900
2020.03,mlcc,KR,3732632,34668205,107.6673,0003313965,2026-10-09T17:35:49+0900
2020.03,mlcc,OTHER,18507362,171893992,107.6673,0003313965,2026-10-09T17:35:49+0900
2020.03,mlcc,TW,3071846,28530910,107.6673,0003313965,2026-10-09T17:35:49+0900
2020.03,mlcc,US,3031258,28153933,107.6673,0003313965,2026-10-09T17:35:49+0900
2020.03,mlcc,VN,919869,8543625,107.6673,0003313965,2026-10-09T17:35:49+0900
2020.03,mlcc,WORLD,41825073,388465885,107.6673,0003313965,2026-10-09T17:35:49+0900
2020.03,pcb,CN,5940795,55177338,107.6673,0003313965,2026-10-09T17:35:49+0900
2020.03,pcb,KR,2436684,22631607,107.6673,0003313965,2026-10-09T17:35:49+0900
2020.03,pcb,OTHER,11017498,102329101,107.6673,0003313965,2026-10-09T17:35:49+0900
2020.03,pcb,TW,2085127,19366391,107.6673,0003313965,2026-10-09T17:35:49+0900
2020.03,pcb,US,1287070,11954140,107.6673,0003313965,2026-10-09T17:35:49+0900
2020.03,pcb,VN,698504,6487615,107.6673,0003313965,2026-10-09T17:35:49+0900
2020.03,pcb,WORLD,23465678,217946192,107.6673,0003313965,2026-10-09T17:35:49+0900
2020.03,photoresist,CN,5065672,47049308,107.6673,0003313965,2026-10-09T17:35:49+0900
2020.03,photoresist,KR,4334647,40259642,107.6673,0003313965,2026-10-09T17:35:49+0900
2020.03,photoresist,OTHER,8674919,80571529,107.6673,0003313965,2026-10-09T17:35:49+0900
2020.03,photoresist,TW,6030800,56013293,107.6673,0003313965,2026-10-09T17:35:49+0900
2020.03,photoresist,US,5030197,46719821,107.6673,0003313965,2026-10-09T17:35:49+0900
2020.03,photoresist,VN,460514,4277195,107.6673,0003313965,2026-10-09T17:35:49+0900
2020.03,photoresist,WORLD,29596749,274890789,107.6673,0003313965,2026-10-09T17:35:49+0900
2020.03,semi_equip,CN,73413700,681856980,107.6673,0003313965,2026-10-09T17:35:49+0900
2020.03,semi_equip,KR,43818866,406983977,107.6673,0003313965,2026-10-09T17:35:49+0900
2020.03,semi_equip,OTHER,14026705,130278227,107.6673,0003313965,2026-10-09T17:35:49+0900
2020.03,semi_equip,TW,47999555,445813678,107.6673,0003313965,2026-10-09T17:35:49+0900
2020.03,semi_equip,US,33708643,313081530,107.6673,0003313965,2026-10-09T17:35:49+0900
2020.03,semi_equip,VN,2066998,19198011,107.6673,0003313965,2026-10-09T17:35:49+0900
2020.03,semi_equip,WORLD,215034467,1997212403,107.6673,0003313965,2026-10-09T17:35:49+0900
2020.03,semi_fab_equip,CN,35995803,334324377,107.6673,0003313965,2026-10-09T17:35:49+0900
2020.03,semi_fab_equip,KR,28636242,265969723,107.6673,0003313965,2026-10-09T17:35:49+0900
2020.03,semi_fab_equip,OTHER,6252266,58070240,107.6673,0003313965,2026-10-09T17:35:49+0900
2020.03,semi_fab_equip,TW,28778119,267287459,107.6673,0003313965,2026-10-09T17:35:49+0900
2020.03,semi_fab_equip,US,21091248,195892792,107.6673,0003313965,2026-10-09T17:35:49+0900
2020.03,semi_fab_equip,VN,1568696,14569846,107.6673,0003313965,2026-10-09T17:35:49+0900
2020.03,semi_fab_equip,WORLD,122322374,1136114438,107.6673,0003313965,2026-10-09T17:35:49+0900
2020.03,semi_test,CN,4957690,46046385,107.6673,0003313965,2026-10-09T17:35:49+0900
2020.03,semi_test,KR,3769979,35015079,107.6673,0003313965,2026-10-09T17:35:49+0900
2020.03,semi_test,OTHER,97299,903701,107.6673,0003313965,2026-10-09T17:35:49+0900
2020.03,semi_test,TW,1664344,15458212,107.6673,0003313965,2026-10-09T17:35:49+0900
2020.03,semi_test,US,613366,5696864,107.6673,0003313965,2026-10-09T17:35:49+0900
2020.03,semi_test,VN,9089,84417,107.6673,0003313965,2026-10-09T17:35:49+0900
2020.03,semi_test,WORLD,11111767,103204659,107.6673,0003313965,2026-10-09T17:35:49+0900
2020.03,transformer,CN,8096533,75199555,107.6673,0003313965,2026-10-09T17:35:49+0900
2020.03,transformer,KR,2495198,23175077,107.6673,0003313965,2026-10-09T17:35:49+0900
2020.03,transformer,OTHER,18007155,167248134,107.6673,0003313965,2026-10-09T17:35:49+0900
2020.03,transformer,TW,1423991,13225845,107.6673,0003313965,2026-10-09T17:35:49+0900
2020.03,transformer,US,11727112,108919904,107.6673,0003313965,2026-10-09T17:35:49+0900
2020.03,transformer,VN,642191,5964587,107.6673,0003313965,2026-10-09T17:35:49+0900
2020.03,transformer,WORLD,42392180,393733102,107.6673,0003313965,2026-10-09T17:35:49+0900
2020.03,transformer_large,KR,0,0,107.6673,0003313965,2026-10-09T17:35:49+0900
2020.03,transformer_large,OTHER,0,0,107.6673,0003313965,2026-10-09T17:35:49+0900
2020.03,transformer_large,TW,0,0,107.6673,0003313965,2026-10-09T17:35:49+0900
2020.03,transformer_large,US,2765976,25690028,107.6673,0003313965,2026-10-09T17:35:49+0900
2020.03,transformer_large,VN,59898,556325,107.6673,0003313965,2026-10-09T17:35:49+0900
2020.03,transformer_large,WORLD,2825874,26246353,107.6673,0003313965,2026-10-09T17:35:49+0900
2020.03,wafer,CN,5462858,50738321,107.6673,0003313965,2026-10-09T17:35:49+0900
2020.03,wafer,KR,6811739,63266554,107.6673,0003313965,2026-10-09T17:35:49+0900
2020.03,wafer,OTHER,5687305,52822956,107.6673,0003313965,2026-10-09T17:35:49+0900
2020.03,wafer,TW,10016508,93032035,107.6673,0003313965,2026-10-09T17:35:49+0900
2020.03,wafer,US,5562033,51659445,107.6673,0003313965,2026-10-09T17:35:49+0900
2020.03,wafer,VN,378,3511,107.6673,0003313965,2026-10-09T17:35:49+0900
2020.03,wafer,WORLD,33540821,311522821,107.6673,0003313965,2026-10-09T17:35:49+0900
2020.04,discrete,CN,22885140,212413564,107.7386,0003313965,2026-10-09T17:35:49+0900
2020.04,discrete,KR,4024339,37352806,107.7386,0003313965,2026-10-09T17:35:49+0900
2020.04,discrete,OTHER,43594776,404634699,107.7386,0003313965,2026-10-09T17:35:49+0900
2020.04,discrete,TW,3692042,34268517,107.7386,0003313965,2026-10-09T17:35:49+0900
2020.04,discrete,US,6406929,59467350,107.7386,0003313965,2026-10-09T17:35:49+0900
2020.04,discrete,VN,1465594,13603240,107.7386,0003313965,2026-10-09T17:35:49+0900
2020.04,discrete,WORLD,82068820,761740175,107.7386,0003313965,2026-10-09T17:35:49+0900
2020.04,ic,CN,66872784,620694756,107.7386,0003313965,2026-10-09T17:35:49+0900
2020.04,ic,KR,13358742,123992163,107.7386,0003313965,2026-10-09T17:35:49+0900
2020.04,ic,OTHER,83345031,773585614,107.7386,0003313965,2026-10-09T17:35:49+0900
2020.04,ic,TW,63915265,593243879,107.7386,0003313965,2026-10-09T17:35:49+0900
2020.04,ic,US,6990661,64885389,107.7386,0003313965,2026-10-09T17:35:49+0900
2020.04,ic,VN,15333638,142322603,107.7386,0003313965,2026-10-09T17:35:49+0900
2020.04,ic,WORLD,249816121,2318724403,107.7386,0003313965,2026-10-09T17:35:49+0900
2020.04,liion,CN,3331154,30918854,107.7386,0003313965,2026-10-09T17:35:49+0900
2020.04,liion,KR,26318,244276,107.7386,0003313965,2026-10-09T17:35:49+0900
2020.04,liion,OTHER,5208960,48348131,107.7386,0003313965,2026-10-09T17:35:49+0900
2020.04,liion,TW,249102,2312096,107.7386,0003313965,2026-10-09T17:35:49+0900
2020.04,liion,US,4709687,43714017,107.7386,0003313965,2026-10-09T17:35:49+0900
2020.04,liion,VN,11395,105765,107.7386,0003313965,2026-10-09T17:35:49+0900
2020.04,liion,WORLD,13536616,125643140,107.7386,0003313965,2026-10-09T17:35:49+0900
2020.04,mlcc,CN,13945931,129442289,107.7386,0003313965,2026-10-09T17:35:49+0900
2020.04,mlcc,KR,3849693,35731790,107.7386,0003313965,2026-10-09T17:35:49+0900
2020.04,mlcc,OTHER,16532693,153451901,107.7386,0003313965,2026-10-09T17:35:49+0900
2020.04,mlcc,TW,3702244,34363209,107.7386,0003313965,2026-10-09T17:35:49+0900
2020.04,mlcc,US,2361359,21917484,107.7386,0003313965,2026-10-09T17:35:49+0900
2020.04,mlcc,VN,262598,2437362,107.7386,0003313965,2026-10-09T17:35:49+0900
2020.04,mlcc,WORLD,40654518,377344035,107.7386,0003313965,2026-10-09T17:35:49+0900
2020.04,pcb,CN,6675966,61964477,107.7386,0003313965,2026-10-09T17:35:49+0900
2020.04,pcb,KR,1980350,18381063,107.7386,0003313965,2026-10-09T17:35:49+0900
2020.04,pcb,OTHER,9606244,89162510,107.7386,0003313965,2026-10-09T17:35:49+0900
2020.04,pcb,TW,2135444,19820603,107.7386,0003313965,2026-10-09T17:35:49+0900
2020.04,pcb,US,1531043,14210719,107.7386,0003313965,2026-10-09T17:35:49+0900
2020.04,pcb,VN,731788,6792255,107.7386,0003313965,2026-10-09T17:35:49+0900
2020.04,pcb,WORLD,22660835,210331627,107.7386,0003313965,2026-10-09T17:35:49+0900
2020.04,photoresist,CN,6307991,58549034,107.7386,0003313965,2026-10-09T17:35:49+0900
2020.04,photoresist,KR,4466293,41454901,107.7386,0003313965,2026-10-09T17:35:49+0900
2020.04,photoresist,OTHER,6461167,59970772,107.7386,0003313965,2026-10-09T17:35:49+0900
2020.04,photoresist,TW,7136820,66241997,107.7386,0003313965,2026-10-09T17:35:49+0900
2020.04,photoresist,US,5494409,50997590,107.7386,0003313965,2026-10-09T17:35:49+0900
2020.04,photoresist,VN,421985,3916749,107.7386,0003313965,2026-10-09T17:35:49+0900
2020.04,photoresist,WORLD,30288665,281131043,107.7386,0003313965,2026-10-09T17:35:49+0900
2020.04,semi_equip,CN,60635598,562802914,107.7386,0003313965,2026-10-09T17:35:49+0900
2020.04,semi_equip,KR,44394159,412054352,107.7386,0003313965,2026-10-09T17:35:49+0900
2020.04,semi_equip,OTHER,12903257,119764476,107.7386,0003313965,2026-10-09T17:35:49+0900
2020.04,semi_equip,TW,29381066,272706959,107.7386,0003313965,2026-10-09T17:35:49+0900
2020.04,semi_equip,US,32046949,297450951,107.7386,0003313965,2026-10-09T17:35:49+0900
2020.04,semi_equip,VN,410879,3813666,107.7386,0003313965,2026-10-09T17:35:49+0900
2020.04,semi_equip,WORLD,179771908,1668593318,107.7386,0003313965,2026-10-09T17:35:49+0900
2020.04,semi_fab_equip,CN,29349317,272412274,107.7386,0003313965,2026-10-09T17:35:49+0900
2020.04,semi_fab_equip,KR,31463843,292038721,107.7386,0003313965,2026-10-09T17:35:49+0900
2020.04,semi_fab_equip,OTHER,3447623,31999887,107.7386,0003313965,2026-10-09T17:35:49+0900
2020.04,semi_fab_equip,TW,12978025,120458452,107.7386,0003313965,2026-10-09T17:35:49+0900
2020.04,semi_fab_equip,US,19192998,178144119,107.7386,0003313965,2026-10-09T17:35:49+0900
2020.04,semi_fab_equip,VN,119550,1109630,107.7386,0003313965,2026-10-09T17:35:49+0900
2020.04,semi_fab_equip,WORLD,96551356,896163084,107.7386,0003313965,2026-10-09T17:35:49+0900
2020.04,semi_test,CN,2059881,19119248,107.7386,0003313965,2026-10-09T17:35:49+0900
2020.04,semi_test,KR,4459664,41393372,107.7386,0003313965,2026-10-09T17:35:49+0900
2020.04,semi_test,OTHER,202314,1877823,107.7386,0003313965,2026-10-09T17:35:49+0900
2020.04,semi_test,TW,3202806,29727563,107.7386,0003313965,2026-10-09T17:35:49+0900
2020.04,semi_test,US,382374,3549090,107.7386,0003313965,2026-10-09T17:35:49+0900
2020.04,semi_test,VN,5666,52590,107.7386,0003313965,2026-10-09T17:35:49+0900
2020.04,semi_test,WORLD,10312705,95719686,107.7386,0003313965,2026-10-09T17:35:49+0900
2020.04,transformer,CN,9793151,90897329,107.7386,0003313965,2026-10-09T17:35:49+0900
2020.04,transformer,KR,2458542,22819509,107.7386,0003313965,2026-10-09T17:35:49+0900
2020.04,transformer,OTHER,14113712,130999586,107.7386,0003313965,2026-10-09T17:35:49+0900
2020.04,transformer,TW,2052699,19052587,107.7386,0003313965,2026-10-09T17:35:49+0900
2020.04,transformer,US,5623225,52193225,107.7386,0003313965,2026-10-09T17:35:49+0900
2020.04,transformer,VN,463465,4301754,107.7386,0003313965,2026-10-09T17:35:49+0900
2020.04,transformer,WORLD,34504794,320263991,107.7386,0003313965,2026-10-09T17:35:49+0900
2020.04,transformer_large,KR,0,0,107.7386,0003313965,2026-10-09T17:35:49+0900
2020.04,transformer_large,OTHER,643858,5976113,107.7386,0003313965,2026-10-09T17:35:49+0900
2020.04,transformer_large,TW,0,0,107.7386,0003313965,2026-10-09T17:35:49+0900
2020.04,transformer_large,US,0,0,107.7386,0003313965,2026-10-09T17:35:49+0900
2020.04,transformer_large,VN,0,0,107.7386,0003313965,2026-10-09T17:35:49+0900
2020.04,transformer_large,WORLD,643858,5976113,107.7386,0003313965,2026-10-09T17:35:49+0900
2020.04,wafer,CN,5865794,54444684,107.7386,0003313965,2026-10-09T17:35:49+0900
2020.04,wafer,KR,7932354,73625924,107.7386,0003313965,2026-10-09T17:35:49+0900
2020.04,wafer,OTHER,7484618,69470162,107.7386,0003313965,2026-10-09T17:35:49+0900
2020.04,wafer,TW,11256823,104482729,107.7386,0003313965,2026-10-09T17:35:49+0900
2020.04,wafer,US,5900919,54770704,107.7386,0003313965,2026-10-09T17:35:49+0900
2020.04,wafer,VN,0,0,107.7386,0003313965,2026-10-09T17:35:49+0900
2020.04,wafer,WORLD,38440508,356794204,107.7386,0003313965,2026-10-09T17:35:49+0900
2020.05,discrete,CN,18901899,176323685,107.2000,0003313965,2026-10-09T17:35:49+0900
2020.05,discrete,KR,3406631,31778274,107.2000,0003313965,2026-10-09T17:35:49+0900
2020.05,discrete,OTHER,36817122,343443302,107.2000,0003313965,2026-10-09T17:35:49+0900
2020.05,discrete,TW,3447800,32162313,107.2000,0003313965,2026-10-09T17:35:49+0900
2020.05,discrete,US,5122362,47783228,107.2000,0003313965,2026-10-09T17:35:49+0900
2020.05,discrete,VN,1047913,9775308,107.2000,0003313965,2026-10-09T17:35:49+0900
2020.05,discrete,WORLD,68743727,641266110,107.2000,0003313965,2026-10-09T17:35:49+0900
2020.05,ic,CN,64866471,605097677,107.2000,0003313965,2026-10-09T17:35:49+0900
2020.05,ic,KR,8263242,77082481,107.2000,0003313965,2026-10-09T17:35:49+0900
2020.05,ic,OTHER,76825276,716653694,107.2000,0003313965,2026-10-09T17:35:49+0900
2020.05,ic,TW,61998943,578348349,107.2000,0003313965,2026-10-09T17:35:49+0900
2020.05,ic,US,5028117,46904076,107.2000,0003313965,2026-10-09T17:35:49+0900
2020.05,ic,VN,15206972,141856082,107.2000,0003313965,2026-10-09T17:35:49+0900
2020.05,ic,WORLD,232189021,2165942360,107.2000,0003313965,2026-10-09T17:35:49+0900
2020.05,liion,CN,2635295,24582976,107.2000,0003313965,2026-10-09T17:35:49+0900
2020.05,liion,KR,49899,465476,107.2000,0003313965,2026-10-09T17:35:49+0900
2020.05,liion,OTHER,3949875,36845849,107.2000,0003313965,2026-10-09T17:35:49+0900
2020.05,liion,TW,308019,2873312,107.2000,0003313965,2026-10-09T17:35:49+0900
2020.05,liion,US,4773658,44530392,107.2000,0003313965,2026-10-09T17:35:49+0900
2020.05,liion,VN,9150,85354,107.2000,0003313965,2026-10-09T17:35:49+0900
2020.05,liion,WORLD,11725896,109383358,107.2000,0003313965,2026-10-09T17:35:49+0900
2020.05,mlcc,CN,14470512,134986119,107.2000,0003313965,2026-10-09T17:35:49+0900
2020.05,mlcc,KR,3020715,28178312,107.2000,0003313965,2026-10-09T17:35:49+0900
2020.05,mlcc,OTHER,13703145,127827845,107.2000,0003313965,2026-10-09T17:35:49+0900
2020.05,mlcc,TW,3383989,31567062,107.2000,0003313965,2026-10-09T17:35:49+0900
2020.05,mlcc,US,2101595,19604431,107.2000,0003313965,2026-10-09T17:35:49+0900
2020.05,mlcc,VN,771777,7199412,107.2000,0003313965,2026-10-09T17:35:49+0900
2020.05,mlcc,WORLD,37451733,349363181,107.2000,0003313965,2026-10-09T17:35:49+0900
2020.05,pcb,CN,4834274,45095840,107.2000,0003313965,2026-10-09T17:35:49+0900
2020.05,pcb,KR,1748585,16311427,107.2000,0003313965,2026-10-09T17:35:49+0900
2020.05,pcb,OTHER,7449975,69496035,107.2000,0003313965,2026-10-09T17:35:49+0900
2020.05,pcb,TW,1909785,17815159,107.2000,0003313965,2026-10-09T17:35:49+0900
2020.05,pcb,US,1209830,11285728,107.2000,0003313965,2026-10-09T17:35:49+0900
2020.05,pcb,VN,463955,4327938,107.2000,0003313965,2026-10-09T17:35:49+0900
2020.05,pcb,WORLD,17616404,164332127,107.2000,0003313965,2026-10-09T17:35:49+0900
2020.05,photoresist,CN,5295967,49402677,107.2000,0003313965,2026-10-09T17:35:49+0900
2020.05,photoresist,KR,3239651,30220625,107.2000,0003313965,2026-10-09T17:35:49+0900
2020.05,photoresist,OTHER,3978235,37110401,107.2000,0003313965,2026-10-09T17:35:49+0900
2020.05,photoresist,TW,6056685,56498927,107.2000,0003313965,2026-10-09T17:35:49+0900
2020.05,photoresist,US,2819192,26298433,107.2000,0003313965,2026-10-09T17:35:49+0900
2020.05,photoresist,VN,262481,2448517,107.2000,0003313965,2026-10-09T17:35:49+0900
2020.05,photoresist,WORLD,21652211,201979580,107.2000,0003313965,2026-10-09T17:35:49+0900
2020.05,semi_equip,CN,61773538,576245690,107.2000,0003313965,2026-10-09T17:35:49+0900
2020.05,semi_equip,KR,42407537,395592696,107.2000,0003313965,2026-10-09T17:35:49+0900
2020.05,semi_equip,OTHER,14919313,139172696,107.2000,0003313965,2026-10-09T17:35:49+0900
2020.05,semi_equip,TW,35681167,332846707,107.2000,0003313965,2026-10-09T17:35:49+0900
2020.05,semi_equip,US,27377237,255384674,107.2000,0003313965,2026-10-09T17:35:49+0900
2020.05,semi_equip,VN,268704,2506567,107.2000,0003313965,2026-10-09T17:35:49+0900
2020.05,semi_equip,WORLD,182427496,1701749030,107.2000,0003313965,2026-10-09T17:35:49+0900
2020.05,semi_fab_equip,CN,34033386,317475616,107.2000,0003313965,2026-10-09T17:35:49+0900
2020.05,semi_fab_equip,KR,32720349,305227136,107.2000,0003313965,2026-10-09T17:35:49+0900
2020.05,semi_fab_equip,OTHER,7049990,65764832,107.2000,0003313965,2026-10-09T17:35:49+0900
2020.05,semi_fab_equip,TW,19716416,183921791,107.2000,0003313965,2026-10-09T17:35:49+0900
2020.05,semi_fab_equip,US,14318531,133568386,107.2000,0003313965,2026-10-09T17:35:49+0900
2020.05,semi_fab_equip,VN,146414,1365802,107.2000,0003313965,2026-10-09T17:35:49+0900
2020.05,semi_fab_equip,WORLD,107985086,1007323563,107.2000,0003313965,2026-10-09T17:35:49+0900
2020.05,semi_test,CN,658926,6146698,107.2000,0003313965,2026-10-09T17:35:49+0900
2020.05,semi_test,KR,4038950,37676772,107.2000,0003313965,2026-10-09T17:35:49+0900
2020.05,semi_test,OTHER,1213300,11318097,107.2000,0003313965,2026-10-09T17:35:49+0900
2020.05,semi_test,TW,1205437,11244748,107.2000,0003313965,2026-10-09T17:35:49+0900
2020.05,semi_test,US,949689,8859039,107.2000,0003313965,2026-10-09T17:35:49+0900
2020.05,semi_test,VN,0,0,107.2000,0003313965,2026-10-09T17:35:49+0900
2020.05,semi_test,WORLD,8066302,75245354,107.2000,0003313965,2026-10-09T17:35:49+0900
2020.05,transformer,CN,8250421,76962882,107.2000,0003313965,2026-10-09T17:35:49+0900
2020.05,transformer,KR,1839536,17159851,107.2000,0003313965,2026-10-09T17:35:49+0900
2020.05,transformer,OTHER,11098692,103532575,107.2000,0003313965,2026-10-09T17:35:49+0900
2020.05,transformer,TW,1672456,15601269,107.2000,0003313965,2026-10-09T17:35:49+0900
2020.05,transformer,US,4247866,39625616,107.2000,0003313965,2026-10-09T17:35:49+0900
2020.05,transformer,VN,419883,3916819,107.2000,0003313965,2026-10-09T17:35:49+0900
2020.05,transformer,WORLD,27528854,256799011,107.2000,0003313965,2026-10-09T17:35:49+0900
2020.05,transformer_large,KR,0,0,107.2000,0003313965,2026-10-09T17:35:49+0900
2020.05,transformer_large,OTHER,1493716,13933918,107.2000,0003313965,2026-10-09T17:35:49+0900
2020.05,transformer_large,TW,0,0,107.2000,0003313965,2026-10-09T17:35:49+0900
2020.05,transformer_large,US,681644,6358619,107.2000,0003313965,2026-10-09T17:35:49+0900
2020.05,transformer_large,VN,0,0,107.2000,0003313965,2026-10-09T17:35:49+0900
2020.05,transformer_large,WORLD,2175360,20292537,107.2000,0003313965,2026-10-09T17:35:49+0900
2020.05,wafer,CN,5705142,53219608,107.2000,0003313965,2026-10-09T17:35:49+0900
2020.05,wafer,KR,6969468,65013694,107.2000,0003313965,2026-10-09T17:35:49+0900
2020.05,wafer,OTHER,6936794,64708899,107.2000,0003313965,2026-10-09T17:35:49+0900
2020.05,wafer,TW,11650941,108684151,107.2000,0003313965,2026-10-09T17:35:49+0900
2020.05,wafer,US,6137507,57252864,107.2000,0003313965,2026-10-09T17:35:49+0900
2020.05,wafer,VN,0,0,107.2000,0003313965,2026-10-09T17:35:49+0900
2020.05,wafer,WORLD,37399852,348879216,107.2000,0003313965,2026-10-09T17:35:49+0900
2020.06,discrete,CN,19937725,185332391,107.5782,0003313965,2026-10-09T17:35:49+0900
2020.06,discrete,KR,3028121,28148091,107.5782,0003313965,2026-10-09T17:35:49+0900
2020.06,discrete,OTHER,35395664,329022646,107.5782,0003313965,2026-10-09T17:35:49+0900
2020.06,discrete,TW,3420240,31793058,107.5782,0003313965,2026-10-09T17:35:49+0900
2020.06,discrete,US,4668358,43395019,107.5782,0003313965,2026-10-09T17:35:49+0900
2020.06,discrete,VN,1522372,14151306,107.5782,0003313965,2026-10-09T17:35:49+0900
2020.06,discrete,WORLD,67972480,631842511,107.5782,0003313965,2026-10-09T17:35:49+0900
2020.06,ic,CN,63289502,588311591,107.5782,0003313965,2026-10-09T17:35:49+0900
2020.06,ic,KR,12158837,113023243,107.5782,0003313965,2026-10-09T17:35:49+0900
2020.06,ic,OTHER,75436072,701220805,107.5782,0003313965,2026-10-09T17:35:49+0900
2020.06,ic,TW,58860918,547145407,107.5782,0003313965,2026-10-09T17:35:49+0900
2020.06,ic,US,6007907,55846882,107.5782,0003313965,2026-10-09T17:35:49+0900
2020.06,ic,VN,16907869,157168172,107.5782,0003313965,2026-10-09T17:35:49+0900
2020.06,ic,WORLD,232661105,2162716099,107.5782,0003313965,2026-10-09T17:35:49+0900
2020.06,liion,CN,2222509,20659474,107.5782,0003313965,2026-10-09T17:35:49+0900
2020.06,liion,KR,6203,57660,107.5782,0003313965,2026-10-09T17:35:49+0900
2020.06,liion,OTHER,7316795,68013733,107.5782,0003313965,2026-10-09T17:35:49+0900
2020.06,liion,TW,481060,4471724,107.5782,0003313965,2026-10-09T17:35:49+0900
2020.06,liion,US,6461565,60063888,107.5782,0003313965,2026-10-09T17:35:49+0900
2020.06,liion,VN,4840,44991,107.5782,0003313965,2026-10-09T17:35:49+0900
2020.06,liion,WORLD,16492972,153311470,107.5782,0003313965,2026-10-09T17:35:49+0900
2020.06,mlcc,CN,11814077,109818504,107.5782,0003313965,2026-10-09T17:35:49+0900
2020.06,mlcc,KR,2749062,25554081,107.5782,0003313965,2026-10-09T17:35:49+0900
2020.06,mlcc,OTHER,12816565,119137195,107.5782,0003313965,2026-10-09T17:35:49+0900
2020.06,mlcc,TW,3167368,29442471,107.5782,0003313965,2026-10-09T17:35:49+0900
2020.06,mlcc,US,2266816,21071332,107.5782,0003313965,2026-10-09T17:35:49+0900
2020.06,mlcc,VN,925961,8607329,107.5782,0003313965,2026-10-09T17:35:49+0900
2020.06,mlcc,WORLD,33739849,313630912,107.5782,0003313965,2026-10-09T17:35:49+0900
2020.06,pcb,CN,5539992,51497348,107.5782,0003313965,2026-10-09T17:35:49+0900
2020.06,pcb,KR,1970860,18320254,107.5782,0003313965,2026-10-09T17:35:49+0900
2020.06,pcb,OTHER,9650783,89709467,107.5782,0003313965,2026-10-09T17:35:49+0900
2020.06,pcb,TW,1858513,17275926,107.5782,0003313965,2026-10-09T17:35:49+0900
2020.06,pcb,US,1243232,11556542,107.5782,0003313965,2026-10-09T17:35:49+0900
2020.06,pcb,VN,691419,6427129,107.5782,0003313965,2026-10-09T17:35:49+0900
2020.06,pcb,WORLD,20954799,194786667,107.5782,0003313965,2026-10-09T17:35:49+0900
2020.06,photoresist,CN,4381219,40725900,107.5782,0003313965,2026-10-09T17:35:49+0900
2020.06,photoresist,KR,4032301,37482510,107.5782,0003313965,2026-10-09T17:35:49+0900
2020.06,photoresist,OTHER,3498084,32516662,107.5782,0003313965,2026-10-09T17:35:49+0900
2020.06,photoresist,TW,6072275,56445218,107.5782,0003313965,2026-10-09T17:35:49+0900
2020.06,photoresist,US,3086622,28691891,107.5782,0003313965,2026-10-09T17:35:49+0900
2020.06,photoresist,VN,273476,2542114,107.5782,0003313965,2026-10-09T17:35:49+0900
2020.06,photoresist,WORLD,21343977,198404296,107.5782,0003313965,2026-10-09T17:35:49+0900
2020.06,semi_equip,CN,65020316,604400483,107.5782,0003313965,2026-10-09T17:35:49+0900
2020.06,semi_equip,KR,39973749,371578526,107.5782,0003313965,2026-10-09T17:35:49+0900
2020.06,semi_equip,OTHER,16910625,157193790,107.5782,0003313965,2026-10-09T17:35:49+0900
2020.06,semi_equip,TW,55793669,518633599,107.5782,0003313965,2026-10-09T17:35:49+0900
2020.06,semi_equip,US,31725518,294906570,107.5782,0003313965,2026-10-09T17:35:49+0900
2020.06,semi_equip,VN,580072,5392096,107.5782,0003313965,2026-10-09T17:35:49+0900
2020.06,semi_equip,WORLD,210003949,1952105064,107.5782,0003313965,2026-10-09T17:35:49+0900
2020.06,semi_fab_equip,CN,31298708,290939131,107.5782,0003313965,2026-10-09T17:35:49+0900
2020.06,semi_fab_equip,KR,26086149,242485457,107.5782,0003313965,2026-10-09T17:35:49+0900
2020.06,semi_fab_equip,OTHER,6810267,63305270,107.5782,0003313965,2026-10-09T17:35:49+0900
2020.06,semi_fab_equip,TW,32489805,302011049,107.5782,0003313965,2026-10-09T17:35:49+0900
2020.06,semi_fab_equip,US,16668296,154941206,107.5782,0003313965,2026-10-09T17:35:49+0900
2020.06,semi_fab_equip,VN,120223,1117541,107.5782,0003313965,2026-10-09T17:35:49+0900
2020.06,semi_fab_equip,WORLD,113473448,1054799653,107.5782,0003313965,2026-10-09T17:35:49+0900
2020.06,semi_test,CN,2922021,27161832,107.5782,0003313965,2026-10-09T17:35:49+0900
2020.06,semi_test,KR,2013347,18715195,107.5782,0003313965,2026-10-09T17:35:49+0900
2020.06,semi_test,OTHER,279982,2602590,107.5782,0003313965,2026-10-09T17:35:49+0900
2020.06,semi_test,TW,7781253,72331132,107.5782,0003313965,2026-10-09T17:35:49+0900
2020.06,semi_test,US,4883089,45391064,107.5782,0003313965,2026-10-09T17:35:49+0900
2020.06,semi_test,VN,557,5178,107.5782,0003313965,2026-10-09T17:35:49+0900
2020.06,semi_test,WORLD,17880249,166206992,107.5782,0003313965,2026-10-09T17:35:49+0900
2020.06,transformer,CN,8122637,75504489,107.5782,0003313965,2026-10-09T17:35:49+0900
2020.06,transformer,KR,2613271,24291827,107.5782,0003313965,2026-10-09T17:35:49+0900
2020.06,transformer,OTHER,11826953,109938194,107.5782,0003313965,2026-10-09T17:35:49+0900
2020.06,transformer,TW,1553077,14436726,107.5782,0003313965,2026-10-09T17:35:49+0900
2020.06,transformer,US,5822960,54127695,107.5782,0003313965,2026-10-09T17:35:49+0900
2020.06,transformer,VN,442945,4117423,107.5782,0003313965,2026-10-09T17:35:49+0900
2020.06,transformer,WORLD,30381843,282416354,107.5782,0003313965,2026-10-09T17:35:49+0900
2020.06,transformer_large,KR,0,0,107.5782,0003313965,2026-10-09T17:35:49+0900
2020.06,transformer_large,OTHER,142161,1321467,107.5782,0003313965,2026-10-09T17:35:49+0900
2020.06,transformer_large,TW,0,0,107.5782,0003313965,2026-10-09T17:35:49+0900
2020.06,transformer_large,US,0,0,107.5782,0003313965,2026-10-09T17:35:49+0900
2020.06,transformer_large,VN,0,0,107.5782,0003313965,2026-10-09T17:35:49+0900
2020.06,transformer_large,WORLD,142161,1321467,107.5782,0003313965,2026-10-09T17:35:49+0900
2020.06,wafer,CN,5751570,53464085,107.5782,0003313965,2026-10-09T17:35:49+0900
2020.06,wafer,KR,8278373,76952143,107.5782,0003313965,2026-10-09T17:35:49+0900
2020.06,wafer,OTHER,5710217,53079685,107.5782,0003313965,2026-10-09T17:35:49+0900
2020.06,wafer,TW,9572704,88983679,107.5782,0003313965,2026-10-09T17:35:49+0900
2020.06,wafer,US,5152399,47894453,107.5782,0003313965,2026-10-09T17:35:49+0900
2020.06,wafer,VN,0,0,107.5782,0003313965,2026-10-09T17:35:49+0900
2020.06,wafer,WORLD,34465263,320374044,107.5782,0003313965,2026-10-09T17:35:49+0900
2020.07,discrete,CN,23144081,216944980,106.6818,0003313965,2026-10-09T17:35:49+0900
2020.07,discrete,KR,3276846,30716073,106.6818,0003313965,2026-10-09T17:35:49+0900
2020.07,discrete,OTHER,39363451,368980004,106.6818,0003313965,2026-10-09T17:35:49+0900
2020.07,discrete,TW,3860417,36186275,106.6818,0003313965,2026-10-09T17:35:49+0900
2020.07,discrete,US,5283360,49524474,106.6818,0003313965,2026-10-09T17:35:49+0900
2020.07,discrete,VN,1817176,17033608,106.6818,0003313965,2026-10-09T17:35:49+0900
2020.07,discrete,WORLD,76745331,719385415,106.6818,0003313965,2026-10-09T17:35:49+0900
2020.07,ic,CN,70624432,662010127,106.6818,0003313965,2026-10-09T17:35:49+0900
2020.07,ic,KR,17661781,165555709,106.6818,0003313965,2026-10-09T17:35:49+0900
2020.07,ic,OTHER,78128064,732346698,106.6818,0003313965,2026-10-09T17:35:49+0900
2020.07,ic,TW,64551398,605083510,106.6818,0003313965,2026-10-09T17:35:49+0900
2020.07,ic,US,7735473,72509772,106.6818,0003313965,2026-10-09T17:35:49+0900
2020.07,ic,VN,17315031,162305389,106.6818,0003313965,2026-10-09T17:35:49+0900
2020.07,ic,WORLD,256016179,2399811205,106.6818,0003313965,2026-10-09T17:35:49+0900
2020.07,liion,CN,2558493,23982469,106.6818,0003313965,2026-10-09T17:35:49+0900
2020.07,liion,KR,29433,275895,106.6818,0003313965,2026-10-09T17:35:49+0900
2020.07,liion,OTHER,9766616,91549036,106.6818,0003313965,2026-10-09T17:35:49+0900
2020.07,liion,TW,353281,3311540,106.6818,0003313965,2026-10-09T17:35:49+0900
2020.07,liion,US,13797337,129331685,106.6818,0003313965,2026-10-09T17:35:49+0900
2020.07,liion,VN,61456,576068,106.6818,0003313965,2026-10-09T17:35:49+0900
2020.07,liion,WORLD,26566616,249026694,106.6818,0003313965,2026-10-09T17:35:49+0900
2020.07,mlcc,CN,12827122,120237210,106.6818,0003313965,2026-10-09T17:35:49+0900
2020.07,mlcc,KR,3240023,30370907,106.6818,0003313965,2026-10-09T17:35:49+0900
2020.07,mlcc,OTHER,14810290,138826773,106.6818,0003313965,2026-10-09T17:35:49+0900
2020.07,mlcc,TW,4023976,37719424,106.6818,0003313965,2026-10-09T17:35:49+0900
2020.07,mlcc,US,2803727,26281212,106.6818,0003313965,2026-10-09T17:35:49+0900
2020.07,mlcc,VN,847193,7941308,106.6818,0003313965,2026-10-09T17:35:49+0900
2020.07,mlcc,WORLD,38552331,361376833,106.6818,0003313965,2026-10-09T17:35:49+0900
2020.07,pcb,CN,6415552,60137268,106.6818,0003313965,2026-10-09T17:35:49+0900
2020.07,pcb,KR,2380679,22315700,106.6818,0003313965,2026-10-09T17:35:49+0900
2020.07,pcb,OTHER,10992469,103039778,106.6818,0003313965,2026-10-09T17:35:49+0900
2020.07,pcb,TW,2221954,20827864,106.6818,0003313965,2026-10-09T17:35:49+0900
2020.07,pcb,US,1453870,13628098,106.6818,0003313965,2026-10-09T17:35:49+0900
2020.07,pcb,VN,667085,6253035,106.6818,0003313965,2026-10-09T17:35:49+0900
2020.07,pcb,WORLD,24131609,226201742,106.6818,0003313965,2026-10-09T17:35:49+0900
2020.07,photoresist,CN,5351513,50163317,106.6818,0003313965,2026-10-09T17:35:49+0900
2020.07,photoresist,KR,4423090,41460587,106.6818,0003313965,2026-10-09T17:35:49+0900
2020.07,photoresist,OTHER,2698999,25299526,106.6818,0003313965,2026-10-09T17:35:49+0900
2020.07,photoresist,TW,7111596,66661755,106.6818,0003313965,2026-10-09T17:35:49+0900
2020.07,photoresist,US,2210775,20723076,106.6818,0003313965,2026-10-09T17:35:49+0900
2020.07,photoresist,VN,315892,2961067,106.6818,0003313965,2026-10-09T17:35:49+0900
2020.07,photoresist,WORLD,22111865,207269328,106.6818,0003313965,2026-10-09T17:35:49+0900
2020.07,semi_equip,CN,88599301,830500620,106.6818,0003313965,2026-10-09T17:35:49+0900
2020.07,semi_equip,KR,40115834,376032594,106.6818,0003313965,2026-10-09T17:35:49+0900
2020.07,semi_equip,OTHER,15969134,149689394,106.6818,0003313965,2026-10-09T17:35:49+0900
2020.07,semi_equip,TW,43727209,409884432,106.6818,0003313965,2026-10-09T17:35:49+0900
2020.07,semi_equip,US,30967828,290282204,106.6818,0003313965,2026-10-09T17:35:49+0900
2020.07,semi_equip,VN,220094,2063089,106.6818,0003313965,2026-10-09T17:35:49+0900
2020.07,semi_equip,WORLD,219599400,2058452332,106.6818,0003313965,2026-10-09T17:35:49+0900
2020.07,semi_fab_equip,CN,29452270,276075863,106.6818,0003313965,2026-10-09T17:35:49+0900
2020.07,semi_fab_equip,KR,24601235,230603861,106.6818,0003313965,2026-10-09T17:35:49+0900
2020.07,semi_fab_equip,OTHER,6143881,57590714,106.6818,0003313965,2026-10-09T17:35:49+0900
2020.07,semi_fab_equip,TW,26259596,246148790,106.6818,0003313965,2026-10-09T17:35:49+0900
2020.07,semi_fab_equip,US,16203335,151884717,106.6818,0003313965,2026-10-09T17:35:49+0900
2020.07,semi_fab_equip,VN,67063,628626,106.6818,0003313965,2026-10-09T17:35:49+0900
2020.07,semi_fab_equip,WORLD,102727380,962932571,106.6818,0003313965,2026-10-09T17:35:49+0900
2020.07,semi_test,CN,1260357,11814171,106.6818,0003313965,2026-10-09T17:35:49+0900
2020.07,semi_test,KR,1004279,9413780,106.6818,0003313965,2026-10-09T17:35:49+0900
2020.07,semi_test,OTHER,284197,2663969,106.6818,0003313965,2026-10-09T17:35:49+0900
2020.07,semi_test,TW,3028154,28384917,106.6818,0003313965,2026-10-09T17:35:49+0900
2020.07,semi_test,US,1306195,12243841,106.6818,0003313965,2026-10-09T17:35:49+0900
2020.07,semi_test,VN,9861,92434,106.6818,0003313965,2026-10-09T17:35:49+0900
2020.07,semi_test,WORLD,6893043,64613111,106.6818,0003313965,2026-10-09T17:35:49+0900
2020.07,transformer,CN,10324834,96781588,106.6818,0003313965,2026-10-09T17:35:49+0900
2020.07,transformer,KR,3203847,30031805,106.6818,0003313965,2026-10-09T17:35:49+0900
2020.07,transformer,OTHER,15938791,149404969,106.6818,0003313965,2026-10-09T17:35:49+0900
2020.07,transformer,TW,2474362,23193853,106.6818,0003313965,2026-10-09T17:35:49+0900
2020.07,transformer,US,9719987,91111952,106.6818,0003313965,2026-10-09T17:35:49+0900
2020.07,transformer,VN,663087,6215559,106.6818,0003313965,2026-10-09T17:35:49+0900
2020.07,transformer,WORLD,42324908,396739725,106.6818,0003313965,2026-10-09T17:35:49+0900
2020.07,transformer_large,KR,135000,1265445,106.6818,0003313965,2026-10-09T17:35:49+0900
2020.07,transformer_large,OTHER,454913,4264204,106.6818,0003313965,2026-10-09T17:35:49+0900
2020.07,transformer_large,TW,674530,6322822,106.6818,0003313965,2026-10-09T17:35:49+0900
2020.07,transformer_large,US,0,0,106.6818,0003313965,2026-10-09T17:35:49+0900
2020.07,transformer_large,VN,0,0,106.6818,0003313965,2026-10-09T17:35:49+0900
2020.07,transformer_large,WORLD,1264443,11852472,106.6818,0003313965,2026-10-09T17:35:49+0900
2020.07,wafer,CN,5632353,52795819,106.6818,0003313965,2026-10-09T17:35:49+0900
2020.07,wafer,KR,8881087,83248380,106.6818,0003313965,2026-10-09T17:35:49+0900
2020.07,wafer,OTHER,7308627,68508658,106.6818,0003313965,2026-10-09T17:35:49+0900
2020.07,wafer,TW,10289538,96450735,106.6818,0003313965,2026-10-09T17:35:49+0900
2020.07,wafer,US,5919802,55490271,106.6818,0003313965,2026-10-09T17:35:49+0900
2020.07,wafer,VN,0,0,106.6818,0003313965,2026-10-09T17:35:49+0900
2020.07,wafer,WORLD,38031407,356493863,106.6818,0003313965,2026-10-09T17:35:49+0900
2020.08,discrete,CN,22707226,214193046,106.0129,0003313965,2026-10-09T17:35:49+0900
2020.08,discrete,KR,3440687,32455362,106.0129,0003313965,2026-10-09T17:35:49+0900
2020.08,discrete,OTHER,43300275,408443454,106.0129,0003313965,2026-10-09T17:35:49+0900
2020.08,discrete,TW,3369709,31785839,106.0129,0003313965,2026-10-09T17:35:49+0900
2020.08,discrete,US,5578559,52621511,106.0129,0003313965,2026-10-09T17:35:49+0900
2020.08,discrete,VN,1767471,16672226,106.0129,0003313965,2026-10-09T17:35:49+0900
2020.08,discrete,WORLD,80163927,756171438,106.0129,0003313965,2026-10-09T17:35:49+0900
2020.08,ic,CN,70078797,661040279,106.0129,0003313965,2026-10-09T17:35:49+0900
2020.08,ic,KR,19624694,185116094,106.0129,0003313965,2026-10-09T17:35:49+0900
2020.08,ic,OTHER,85375884,805334860,106.0129,0003313965,2026-10-09T17:35:49+0900
2020.08,ic,TW,71130329,670959185,106.0129,0003313965,2026-10-09T17:35:49+0900
2020.08,ic,US,7652591,72185470,106.0129,0003313965,2026-10-09T17:35:49+0900
2020.08,ic,VN,19831869,187070338,106.0129,0003313965,2026-10-09T17:35:49+0900
2020.08,ic,WORLD,273694164,2581706226,106.0129,0003313965,2026-10-09T17:35:49+0900
2020.08,liion,CN,2318684,21871716,106.0129,0003313965,2026-10-09T17:35:49+0900
2020.08,liion,KR,15550,146680,106.0129,0003313965,2026-10-09T17:35:49+0900
2020.08,liion,OTHER,9628921,90827824,106.0129,0003313965,2026-10-09T17:35:49+0900
2020.08,liion,TW,315251,2973704,106.0129,0003313965,2026-10-09T17:35:49+0900
2020.08,liion,US,9028223,85161551,106.0129,0003313965,2026-10-09T17:35:49+0900
2020.08,liion,VN,39777,375209,106.0129,0003313965,2026-10-09T17:35:49+0900
2020.08,liion,WORLD,21346406,201356684,106.0129,0003313965,2026-10-09T17:35:49+0900
2020.08,mlcc,CN,13964735,131726752,106.0129,0003313965,2026-10-09T17:35:49+0900
2020.08,mlcc,KR,3092886,29174619,106.0129,0003313965,2026-10-09T17:35:49+0900
2020.08,mlcc,OTHER,16456480,155230920,106.0129,0003313965,2026-10-09T17:35:49+0900
2020.08,mlcc,TW,4023398,37951966,106.0129,0003313965,2026-10-09T17:35:49+0900
2020.08,mlcc,US,3097025,29213662,106.0129,0003313965,2026-10-09T17:35:49+0900
2020.08,mlcc,VN,1417625,13372193,106.0129,0003313965,2026-10-09T17:35:49+0900
2020.08,mlcc,WORLD,42052149,396670113,106.0129,0003313965,2026-10-09T17:35:49+0900
2020.08,pcb,CN,6848467,64600318,106.0129,0003313965,2026-10-09T17:35:49+0900
2020.08,pcb,KR,2615576,24672243,106.0129,0003313965,2026-10-09T17:35:49+0900
2020.08,pcb,OTHER,11931220,112544983,106.0129,0003313965,2026-10-09T17:35:49+0900
2020.08,pcb,TW,1743739,16448366,106.0129,0003313965,2026-10-09T17:35:49+0900
2020.08,pcb,US,1132010,10678040,106.0129,0003313965,2026-10-09T17:35:49+0900
2020.08,pcb,VN,847151,7991018,106.0129,0003313965,2026-10-09T17:35:49+0900
2020.08,pcb,WORLD,25118163,236934967,106.0129,0003313965,2026-10-09T17:35:49+0900
2020.08,photoresist,CN,4678132,44127950,106.0129,0003313965,2026-10-09T17:35:49+0900
2020.08,photoresist,KR,3677284,34687137,106.0129,0003313965,2026-10-09T17:35:49+0900
2020.08,photoresist,OTHER,4915477,46366782,106.0129,0003313965,2026-10-09T17:35:49+0900
2020.08,photoresist,TW,6219277,58665285,106.0129,0003313965,2026-10-09T17:35:49+0900
2020.08,photoresist,US,3091068,29157470,106.0129,0003313965,2026-10-09T17:35:49+0900
2020.08,photoresist,VN,332820,3139429,106.0129,0003313965,2026-10-09T17:35:49+0900
2020.08,photoresist,WORLD,22914058,216144054,106.0129,0003313965,2026-10-09T17:35:49+0900
2020.08,semi_equip,CN,105994384,999825342,106.0129,0003313965,2026-10-09T17:35:49+0900
2020.08,semi_equip,KR,36010972,339684812,106.0129,0003313965,2026-10-09T17:35:49+0900
2020.08,semi_equip,OTHER,16678726,157327325,106.0129,0003313965,2026-10-09T17:35:49+0900
2020.08,semi_equip,TW,33084199,312077106,106.0129,0003313965,2026-10-09T17:35:49+0900
2020.08,semi_equip,US,18906136,178338070,106.0129,0003313965,2026-10-09T17:35:49+0900
2020.08,semi_equip,VN,390182,3680514,106.0129,0003313965,2026-10-09T17:35:49+0900
2020.08,semi_equip,WORLD,211064599,1990933169,106.0129,0003313965,2026-10-09T17:35:49+0900
2020.08,semi_fab_equip,CN,43172001,407233469,106.0129,0003313965,2026-10-09T17:35:49+0900
2020.08,semi_fab_equip,KR,7274594,68619894,106.0129,0003313965,2026-10-09T17:35:49+0900
2020.08,semi_fab_equip,OTHER,7891924,74443054,106.0129,0003313965,2026-10-09T17:35:49+0900
2020.08,semi_fab_equip,TW,16039558,151298172,106.0129,0003313965,2026-10-09T17:35:49+0900
2020.08,semi_fab_equip,US,6424247,60598729,106.0129,0003313965,2026-10-09T17:35:49+0900
2020.08,semi_fab_equip,VN,105684,996898,106.0129,0003313965,2026-10-09T17:35:49+0900
2020.08,semi_fab_equip,WORLD,80908008,763190216,106.0129,0003313965,2026-10-09T17:35:49+0900
2020.08,semi_test,CN,3402405,32094255,106.0129,0003313965,2026-10-09T17:35:49+0900
2020.08,semi_test,KR,1509923,14242823,106.0129,0003313965,2026-10-09T17:35:49+0900
2020.08,semi_test,OTHER,137872,1300521,106.0129,0003313965,2026-10-09T17:35:49+0900
2020.08,semi_test,TW,905804,8544281,106.0129,0003313965,2026-10-09T17:35:49+0900
2020.08,semi_test,US,368246,3473596,106.0129,0003313965,2026-10-09T17:35:49+0900
2020.08,semi_test,VN,0,0,106.0129,0003313965,2026-10-09T17:35:49+0900
2020.08,semi_test,WORLD,6324250,59655476,106.0129,0003313965,2026-10-09T17:35:49+0900
2020.08,transformer,CN,8250507,77825500,106.0129,0003313965,2026-10-09T17:35:49+0900
2020.08,transformer,KR,2339081,22064117,106.0129,0003313965,2026-10-09T17:35:49+0900
2020.08,transformer,OTHER,16985568,160221709,106.0129,0003313965,2026-10-09T17:35:49+0900
2020.08,transformer,TW,2053281,19368218,106.0129,0003313965,2026-10-09T17:35:49+0900
2020.08,transformer,US,8701528,82079898,106.0129,0003313965,2026-10-09T17:35:49+0900
2020.08,transformer,VN,560509,5287177,106.0129,0003313965,2026-10-09T17:35:49+0900
2020.08,transformer,WORLD,38890474,366846620,106.0129,0003313965,2026-10-09T17:35:49+0900
2020.08,transformer_large,KR,0,0,106.0129,0003313965,2026-10-09T17:35:49+0900
2020.08,transformer_large,OTHER,708089,6679272,106.0129,0003313965,2026-10-09T17:35:49+0900
2020.08,transformer_large,TW,0,0,106.0129,0003313965,2026-10-09T17:35:49+0900
2020.08,transformer_large,US,0,0,106.0129,0003313965,2026-10-09T17:35:49+0900
2020.08,transformer_large,VN,0,0,106.0129,0003313965,2026-10-09T17:35:49+0900
2020.08,transformer_large,WORLD,708089,6679272,106.0129,0003313965,2026-10-09T17:35:49+0900
2020.08,wafer,CN,5453596,51442758,106.0129,0003313965,2026-10-09T17:35:49+0900
2020.08,wafer,KR,8957771,84496990,106.0129,0003313965,2026-10-09T17:35:49+0900
2020.08,wafer,OTHER,6451083,60851868,106.0129,0003313965,2026-10-09T17:35:49+0900
2020.08,wafer,TW,9077969,85630796,106.0129,0003313965,2026-10-09T17:35:49+0900
2020.08,wafer,US,5750766,54245908,106.0129,0003313965,2026-10-09T17:35:49+0900
2020.08,wafer,VN,0,0,106.0129,0003313965,2026-10-09T17:35:49+0900
2020.08,wafer,WORLD,35691185,336668321,106.0129,0003313965,2026-10-09T17:35:49+0900
2020.09,discrete,CN,25602398,242472208,105.5890,0003313965,2026-10-09T17:35:49+0900
2020.09,discrete,KR,3579287,33898294,105.5890,0003313965,2026-10-09T17:35:49+0900
2020.09,discrete,OTHER,43692391,413796806,105.5890,0003313965,2026-10-09T17:35:49+0900
2020.09,discrete,TW,3820890,36186440,105.5890,0003313965,2026-10-09T17:35:49+0900
2020.09,discrete,US,6468239,61258644,105.5890,0003313965,2026-10-09T17:35:49+0900
2020.09,discrete,VN,1535498,14542216,105.5890,0003313965,2026-10-09T17:35:49+0900
2020.09,discrete,WORLD,84698703,802154609,105.5890,0003313965,2026-10-09T17:35:49+0900
2020.09,ic,CN,71526959,677409190,105.5890,0003313965,2026-10-09T17:35:49+0900
2020.09,ic,KR,30177601,285802508,105.5890,0003313965,2026-10-09T17:35:49+0900
2020.09,ic,OTHER,104203997,986883075,105.5890,0003313965,2026-10-09T17:35:49+0900
2020.09,ic,TW,72900188,690414608,105.5890,0003313965,2026-10-09T17:35:49+0900
2020.09,ic,US,9076641,85961994,105.5890,0003313965,2026-10-09T17:35:49+0900
2020.09,ic,VN,23159880,219339893,105.5890,0003313965,2026-10-09T17:35:49+0900
2020.09,ic,WORLD,311045266,2945811268,105.5890,0003313965,2026-10-09T17:35:49+0900
2020.09,liion,CN,3314577,31391310,105.5890,0003313965,2026-10-09T17:35:49+0900
2020.09,liion,KR,19943,188874,105.5890,0003313965,2026-10-09T17:35:49+0900
2020.09,liion,OTHER,12522381,118595507,105.5890,0003313965,2026-10-09T17:35:49+0900
2020.09,liion,TW,443165,4197075,105.5890,0003313965,2026-10-09T17:35:49+0900
2020.09,liion,US,14279948,135240868,105.5890,0003313965,2026-10-09T17:35:49+0900
2020.09,liion,VN,61370,581216,105.5890,0003313965,2026-10-09T17:35:49+0900
2020.09,liion,WORLD,30641384,290194850,105.5890,0003313965,2026-10-09T17:35:49+0900
2020.09,mlcc,CN,17157829,162496368,105.5890,0003313965,2026-10-09T17:35:49+0900
2020.09,mlcc,KR,3526071,33394302,105.5890,0003313965,2026-10-09T17:35:49+0900
2020.09,mlcc,OTHER,18940263,179377236,105.5890,0003313965,2026-10-09T17:35:49+0900
2020.09,mlcc,TW,3773369,35736384,105.5890,0003313965,2026-10-09T17:35:49+0900
2020.09,mlcc,US,3437292,32553505,105.5890,0003313965,2026-10-09T17:35:49+0900
2020.09,mlcc,VN,688758,6523009,105.5890,0003313965,2026-10-09T17:35:49+0900
2020.09,mlcc,WORLD,47523582,450080804,105.5890,0003313965,2026-10-09T17:35:49+0900
2020.09,pcb,CN,8522662,80715434,105.5890,0003313965,2026-10-09T17:35:49+0900
2020.09,pcb,KR,3227653,30568080,105.5890,0003313965,2026-10-09T17:35:49+0900
2020.09,pcb,OTHER,14619396,138455672,105.5890,0003313965,2026-10-09T17:35:49+0900
2020.09,pcb,TW,2346626,22224152,105.5890,0003313965,2026-10-09T17:35:49+0900
2020.09,pcb,US,1533032,14518861,105.5890,0003313965,2026-10-09T17:35:49+0900
2020.09,pcb,VN,823938,7803256,105.5890,0003313965,2026-10-09T17:35:49+0900
2020.09,pcb,WORLD,31073307,294285456,105.5890,0003313965,2026-10-09T17:35:49+0900
2020.09,photoresist,CN,5088244,48189148,105.5890,0003313965,2026-10-09T17:35:49+0900
2020.09,photoresist,KR,3314536,31390921,105.5890,0003313965,2026-10-09T17:35:49+0900
2020.09,photoresist,OTHER,6099421,57765686,105.5890,0003313965,2026-10-09T17:35:49+0900
2020.09,photoresist,TW,6405727,60666613,105.5890,0003313965,2026-10-09T17:35:49+0900
2020.09,photoresist,US,3667288,34731724,105.5890,0003313965,2026-10-09T17:35:49+0900
2020.09,photoresist,VN,479181,4538172,105.5890,0003313965,2026-10-09T17:35:49+0900
2020.09,photoresist,WORLD,25054397,237282264,105.5890,0003313965,2026-10-09T17:35:49+0900
2020.09,semi_equip,CN,98502603,932886977,105.5890,0003313965,2026-10-09T17:35:49+0900
2020.09,semi_equip,KR,41839418,396247886,105.5890,0003313965,2026-10-09T17:35:49+0900
2020.09,semi_equip,OTHER,20715076,196185928,105.5890,0003313965,2026-10-09T17:35:49+0900
2020.09,semi_equip,TW,44349790,420022824,105.5890,0003313965,2026-10-09T17:35:49+0900
2020.09,semi_equip,US,17515104,165880006,105.5890,0003313965,2026-10-09T17:35:49+0900
2020.09,semi_equip,VN,284557,2694949,105.5890,0003313965,2026-10-09T17:35:49+0900
2020.09,semi_equip,WORLD,223206548,2113918571,105.5890,0003313965,2026-10-09T17:35:49+0900
2020.09,semi_fab_equip,CN,43294763,410030998,105.5890,0003313965,2026-10-09T17:35:49+0900
2020.09,semi_fab_equip,KR,9322930,88294519,105.5890,0003313965,2026-10-09T17:35:49+0900
2020.09,semi_fab_equip,OTHER,11457238,108507875,105.5890,0003313965,2026-10-09T17:35:49+0900
2020.09,semi_fab_equip,TW,25794689,244293335,105.5890,0003313965,2026-10-09T17:35:49+0900
2020.09,semi_fab_equip,US,4874821,46167887,105.5890,0003313965,2026-10-09T17:35:49+0900
2020.09,semi_fab_equip,VN,20418,193372,105.5890,0003313965,2026-10-09T17:35:49+0900
2020.09,semi_fab_equip,WORLD,94764859,897487986,105.5890,0003313965,2026-10-09T17:35:49+0900
2020.09,semi_test,CN,2585774,24489047,105.5890,0003313965,2026-10-09T17:35:49+0900
2020.09,semi_test,KR,2856046,27048708,105.5890,0003313965,2026-10-09T17:35:49+0900
2020.09,semi_test,OTHER,625038,5919537,105.5890,0003313965,2026-10-09T17:35:49+0900
2020.09,semi_test,TW,860345,8148055,105.5890,0003313965,2026-10-09T17:35:49+0900
2020.09,semi_test,US,1304975,12359005,105.5890,0003313965,2026-10-09T17:35:49+0900
2020.09,semi_test,VN,87945,832899,105.5890,0003313965,2026-10-09T17:35:49+0900
2020.09,semi_test,WORLD,8320123,78797252,105.5890,0003313965,2026-10-09T17:35:49+0900
2020.09,transformer,CN,9524682,90205249,105.5890,0003313965,2026-10-09T17:35:49+0900
2020.09,transformer,KR,3246651,30748004,105.5890,0003313965,2026-10-09T17:35:49+0900
2020.09,transformer,OTHER,18844704,178472227,105.5890,0003313965,2026-10-09T17:35:49+0900
2020.09,transformer,TW,2697177,25544110,105.5890,0003313965,2026-10-09T17:35:49+0900
2020.09,transformer,US,9377190,88808399,105.5890,0003313965,2026-10-09T17:35:49+0900
2020.09,transformer,VN,491336,4653288,105.5890,0003313965,2026-10-09T17:35:49+0900
2020.09,transformer,WORLD,44181740,418431276,105.5890,0003313965,2026-10-09T17:35:49+0900
2020.09,transformer_large,KR,0,0,105.5890,0003313965,2026-10-09T17:35:49+0900
2020.09,transformer_large,OTHER,449395,4256078,105.5890,0003313965,2026-10-09T17:35:49+0900
2020.09,transformer_large,TW,0,0,105.5890,0003313965,2026-10-09T17:35:49+0900
2020.09,transformer_large,US,0,0,105.5890,0003313965,2026-10-09T17:35:49+0900
2020.09,transformer_large,VN,0,0,105.5890,0003313965,2026-10-09T17:35:49+0900
2020.09,transformer_large,WORLD,449395,4256078,105.5890,0003313965,2026-10-09T17:35:49+0900
2020.09,wafer,CN,4810375,45557539,105.5890,0003313965,2026-10-09T17:35:49+0900
2020.09,wafer,KR,8920992,84487892,105.5890,0003313965,2026-10-09T17:35:49+0900
2020.09,wafer,OTHER,5684230,53833543,105.5890,0003313965,2026-10-09T17:35:49+0900
2020.09,wafer,TW,9578722,90717044,105.5890,0003313965,2026-10-09T17:35:49+0900
2020.09,wafer,US,5513565,52217229,105.5890,0003313965,2026-10-09T17:35:49+0900
2020.09,wafer,VN,0,0,105.5890,0003313965,2026-10-09T17:35:49+0900
2020.09,wafer,WORLD,34507884,326813248,105.5890,0003313965,2026-10-09T17:35:49+0900
2020.10,discrete,CN,25627712,243587433,105.2095,0003313965,2026-10-09T17:35:49+0900
2020.10,discrete,KR,4189350,39819123,105.2095,0003313965,2026-10-09T17:35:49+0900
2020.10,discrete,OTHER,45532148,432776014,105.2095,0003313965,2026-10-09T17:35:49+0900
2020.10,discrete,TW,4233102,40234979,105.2095,0003313965,2026-10-09T17:35:49+0900
2020.10,discrete,US,6652590,63231837,105.2095,0003313965,2026-10-09T17:35:49+0900
2020.10,discrete,VN,1568239,14905869,105.2095,0003313965,2026-10-09T17:35:49+0900
2020.10,discrete,WORLD,87803141,834555254,105.2095,0003313965,2026-10-09T17:35:49+0900
2020.10,ic,CN,70363484,668794016,105.2095,0003313965,2026-10-09T17:35:49+0900
2020.10,ic,KR,29124064,276819717,105.2095,0003313965,2026-10-09T17:35:49+0900
2020.10,ic,OTHER,93057788,884499860,105.2095,0003313965,2026-10-09T17:35:49+0900
2020.10,ic,TW,75656259,719101022,105.2095,0003313965,2026-10-09T17:35:49+0900
2020.10,ic,US,9004361,85585056,105.2095,0003313965,2026-10-09T17:35:49+0900
2020.10,ic,VN,26428701,251200709,105.2095,0003313965,2026-10-09T17:35:49+0900
2020.10,ic,WORLD,303634657,2886000380,105.2095,0003313965,2026-10-09T17:35:49+0900
2020.10,liion,CN,3388378,32206008,105.2095,0003313965,2026-10-09T17:35:49+0900
2020.10,liion,KR,50643,481354,105.2095,0003313965,2026-10-09T17:35:49+0900
2020.10,liion,OTHER,12768611,121363670,105.2095,0003313965,2026-10-09T17:35:49+0900
2020.10,liion,TW,307981,2927312,105.2095,0003313965,2026-10-09T17:35:49+0900
2020.10,liion,US,13426619,127617934,105.2095,0003313965,2026-10-09T17:35:49+0900
2020.10,liion,VN,28648,272295,105.2095,0003313965,2026-10-09T17:35:49+0900
2020.10,liion,WORLD,29970880,284868572,105.2095,0003313965,2026-10-09T17:35:49+0900
2020.10,mlcc,CN,15913952,151259649,105.2095,0003313965,2026-10-09T17:35:49+0900
2020.10,mlcc,KR,3716295,35322808,105.2095,0003313965,2026-10-09T17:35:49+0900
2020.10,mlcc,OTHER,19309950,183538084,105.2095,0003313965,2026-10-09T17:35:49+0900
2020.10,mlcc,TW,4972564,47263451,105.2095,0003313965,2026-10-09T17:35:49+0900
2020.10,mlcc,US,3272953,31108911,105.2095,0003313965,2026-10-09T17:35:49+0900
2020.10,mlcc,VN,812437,7722088,105.2095,0003313965,2026-10-09T17:35:49+0900
2020.10,mlcc,WORLD,47998151,456214990,105.2095,0003313965,2026-10-09T17:35:49+0900
2020.10,pcb,CN,8894610,84541890,105.2095,0003313965,2026-10-09T17:35:49+0900
2020.10,pcb,KR,3412400,32434333,105.2095,0003313965,2026-10-09T17:35:49+0900
2020.10,pcb,OTHER,14716532,139878357,105.2095,0003313965,2026-10-09T17:35:49+0900
2020.10,pcb,TW,1816922,17269562,105.2095,0003313965,2026-10-09T17:35:49+0900
2020.10,pcb,US,1750160,16635000,105.2095,0003313965,2026-10-09T17:35:49+0900
2020.10,pcb,VN,876976,8335521,105.2095,0003313965,2026-10-09T17:35:49+0900
2020.10,pcb,WORLD,31467600,299094664,105.2095,0003313965,2026-10-09T17:35:49+0900
2020.10,photoresist,CN,5855525,55655858,105.2095,0003313965,2026-10-09T17:35:49+0900
2020.10,photoresist,KR,4152927,39472928,105.2095,0003313965,2026-10-09T17:35:49+0900
2020.10,photoresist,OTHER,6254929,59452131,105.2095,0003313965,2026-10-09T17:35:49+0900
2020.10,photoresist,TW,7024720,66768875,105.2095,0003313965,2026-10-09T17:35:49+0900
2020.10,photoresist,US,3147033,29912061,105.2095,0003313965,2026-10-09T17:35:49+0900
2020.10,photoresist,VN,479676,4559246,105.2095,0003313965,2026-10-09T17:35:49+0900
2020.10,photoresist,WORLD,26914810,255821100,105.2095,0003313965,2026-10-09T17:35:49+0900
2020.10,semi_equip,CN,89000563,845936565,105.2095,0003313965,2026-10-09T17:35:49+0900
2020.10,semi_equip,KR,30292778,287928162,105.2095,0003313965,2026-10-09T17:35:49+0900
2020.10,semi_equip,OTHER,24738397,235134631,105.2095,0003313965,2026-10-09T17:35:49+0900
2020.10,semi_equip,TW,36239019,344446262,105.2095,0003313965,2026-10-09T17:35:49+0900
2020.10,semi_equip,US,24113739,229197354,105.2095,0003313965,2026-10-09T17:35:49+0900
2020.10,semi_equip,VN,555931,5284038,105.2095,0003313965,2026-10-09T17:35:49+0900
2020.10,semi_equip,WORLD,204940427,1947927012,105.2095,0003313965,2026-10-09T17:35:49+0900
2020.10,semi_fab_equip,CN,37224532,353813410,105.2095,0003313965,2026-10-09T17:35:49+0900
2020.10,semi_fab_equip,KR,14790880,140585023,105.2095,0003313965,2026-10-09T17:35:49+0900
2020.10,semi_fab_equip,OTHER,13579721,129073145,105.2095,0003313965,2026-10-09T17:35:49+0900
2020.10,semi_fab_equip,TW,18479877,175648368,105.2095,0003313965,2026-10-09T17:35:49+0900
2020.10,semi_fab_equip,US,6694653,63631640,105.2095,0003313965,2026-10-09T17:35:49+0900
2020.10,semi_fab_equip,VN,308037,2927844,105.2095,0003313965,2026-10-09T17:35:49+0900
2020.10,semi_fab_equip,WORLD,91077700,865679430,105.2095,0003313965,2026-10-09T17:35:49+0900
2020.10,semi_test,CN,2756590,26200961,105.2095,0003313965,2026-10-09T17:35:49+0900
2020.10,semi_test,KR,4160199,39542047,105.2095,0003313965,2026-10-09T17:35:49+0900
2020.10,semi_test,OTHER,3673043,34911705,105.2095,0003313965,2026-10-09T17:35:49+0900
2020.10,semi_test,TW,3804815,36164177,105.2095,0003313965,2026-10-09T17:35:49+0900
2020.10,semi_test,US,1371379,13034745,105.2095,0003313965,2026-10-09T17:35:49+0900
2020.10,semi_test,VN,0,0,105.2095,0003313965,2026-10-09T17:35:49+0900
2020.10,semi_test,WORLD,15766026,149853635,105.2095,0003313965,2026-10-09T17:35:49+0900
2020.10,transformer,CN,10288807,97793517,105.2095,0003313965,2026-10-09T17:35:49+0900
2020.10,transformer,KR,2512752,23883319,105.2095,0003313965,2026-10-09T17:35:49+0900
2020.10,transformer,OTHER,20491642,194769883,105.2095,0003313965,2026-10-09T17:35:49+0900
2020.10,transformer,TW,3359885,31935186,105.2095,0003313965,2026-10-09T17:35:49+0900
2020.10,transformer,US,9245989,87881693,105.2095,0003313965,2026-10-09T17:35:49+0900
2020.10,transformer,VN,380868,3620091,105.2095,0003313965,2026-10-09T17:35:49+0900
2020.10,transformer,WORLD,46279943,439883689,105.2095,0003313965,2026-10-09T17:35:49+0900
2020.10,transformer_large,KR,0,0,105.2095,0003313965,2026-10-09T17:35:49+0900
2020.10,transformer_large,OTHER,0,0,105.2095,0003313965,2026-10-09T17:35:49+0900
2020.10,transformer_large,TW,0,0,105.2095,0003313965,2026-10-09T17:35:49+0900
2020.10,transformer_large,US,0,0,105.2095,0003313965,2026-10-09T17:35:49+0900
2020.10,transformer_large,VN,0,0,105.2095,0003313965,2026-10-09T17:35:49+0900
2020.10,transformer_large,WORLD,0,0,105.2095,0003313965,2026-10-09T17:35:49+0900
2020.10,wafer,CN,6351871,60373550,105.2095,0003313965,2026-10-09T17:35:49+0900
2020.10,wafer,KR,8664870,82358247,105.2095,0003313965,2026-10-09T17:35:49+0900
2020.10,wafer,OTHER,7312888,69507868,105.2095,0003313965,2026-10-09T17:35:49+0900
2020.10,wafer,TW,12033110,114372847,105.2095,0003313965,2026-10-09T17:35:49+0900
2020.10,wafer,US,5416835,51486178,105.2095,0003313965,2026-10-09T17:35:49+0900
2020.10,wafer,VN,661,6283,105.2095,0003313965,2026-10-09T17:35:49+0900
2020.10,wafer,WORLD,39780235,378104972,105.2095,0003313965,2026-10-09T17:35:49+0900
2020.11,discrete,CN,23324909,223405615,104.4061,0003313965,2026-10-09T17:35:49+0900
2020.11,discrete,KR,3707631,35511632,104.4061,0003313965,2026-10-09T17:35:49+0900
2020.11,discrete,OTHER,41009982,392792969,104.4061,0003313965,2026-10-09T17:35:49+0900
2020.11,discrete,TW,3698361,35422844,104.4061,0003313965,2026-10-09T17:35:49+0900
2020.11,discrete,US,6813305,65257729,104.4061,0003313965,2026-10-09T17:35:49+0900
2020.11,discrete,VN,1387113,13285747,104.4061,0003313965,2026-10-09T17:35:49+0900
2020.11,discrete,WORLD,79941301,765676536,104.4061,0003313965,2026-10-09T17:35:49+0900
2020.11,ic,CN,67964413,650962089,104.4061,0003313965,2026-10-09T17:35:49+0900
2020.11,ic,KR,21630333,207174993,104.4061,0003313965,2026-10-09T17:35:49+0900
2020.11,ic,OTHER,89895466,861017374,104.4061,0003313965,2026-10-09T17:35:49+0900
2020.11,ic,TW,66562419,637533813,104.4061,0003313965,2026-10-09T17:35:49+0900
2020.11,ic,US,8038775,76995262,104.4061,0003313965,2026-10-09T17:35:49+0900
2020.11,ic,VN,26546210,254259186,104.4061,0003313965,2026-10-09T17:35:49+0900
2020.11,ic,WORLD,280637616,2687942716,104.4061,0003313965,2026-10-09T17:35:49+0900
2020.11,liion,CN,3999501,38307158,104.4061,0003313965,2026-10-09T17:35:49+0900
2020.11,liion,KR,25670,245867,104.4061,0003313965,2026-10-09T17:35:49+0900
2020.11,liion,OTHER,12015567,115084914,104.4061,0003313965,2026-10-09T17:35:49+0900
2020.11,liion,TW,453602,4344593,104.4061,0003313965,2026-10-09T17:35:49+0900
2020.11,liion,US,9421688,90240781,104.4061,0003313965,2026-10-09T17:35:49+0900
2020.11,liion,VN,19362,185449,104.4061,0003313965,2026-10-09T17:35:49+0900
2020.11,liion,WORLD,25935390,248408762,104.4061,0003313965,2026-10-09T17:35:49+0900
2020.11,mlcc,CN,15075339,144391362,104.4061,0003313965,2026-10-09T17:35:49+0900
2020.11,mlcc,KR,3365121,32231077,104.4061,0003313965,2026-10-09T17:35:49+0900
2020.11,mlcc,OTHER,18328463,175549733,104.4061,0003313965,2026-10-09T17:35:49+0900
2020.11,mlcc,TW,4434827,42476704,104.4061,0003313965,2026-10-09T17:35:49+0900
2020.11,mlcc,US,3024810,28971583,104.4061,0003313965,2026-10-09T17:35:49+0900
2020.11,mlcc,VN,600153,5748256,104.4061,0003313965,2026-10-09T17:35:49+0900
2020.11,mlcc,WORLD,44828713,429368715,104.4061,0003313965,2026-10-09T17:35:49+0900
2020.11,pcb,CN,8417157,80619399,104.4061,0003313965,2026-10-09T17:35:49+0900
2020.11,pcb,KR,3265313,31275117,104.4061,0003313965,2026-10-09T17:35:49+0900
2020.11,pcb,OTHER,14288958,136859417,104.4061,0003313965,2026-10-09T17:35:49+0900
2020.11,pcb,TW,1879573,18002521,104.4061,0003313965,2026-10-09T17:35:49+0900
2020.11,pcb,US,1528810,14642918,104.4061,0003313965,2026-10-09T17:35:49+0900
2020.11,pcb,VN,935964,8964649,104.4061,0003313965,2026-10-09T17:35:49+0900
2020.11,pcb,WORLD,30315775,290364021,104.4061,0003313965,2026-10-09T17:35:49+0900
2020.11,photoresist,CN,5483371,52519642,104.4061,0003313965,2026-10-09T17:35:49+0900
2020.11,photoresist,KR,3895922,37315080,104.4061,0003313965,2026-10-09T17:35:49+0900
2020.11,photoresist,OTHER,5645916,54076496,104.4061,0003313965,2026-10-09T17:35:49+0900
2020.11,photoresist,TW,6472461,61993131,104.4061,0003313965,2026-10-09T17:35:49+0900
2020.11,photoresist,US,3075393,29456066,104.4061,0003313965,2026-10-09T17:35:49+0900
2020.11,photoresist,VN,466182,4465084,104.4061,0003313965,2026-10-09T17:35:49+0900
2020.11,photoresist,WORLD,25039245,239825499,104.4061,0003313965,2026-10-09T17:35:49+0900
2020.11,semi_equip,CN,83401865,798821764,104.4061,0003313965,2026-10-09T17:35:49+0900
2020.11,semi_equip,KR,36154900,346291069,104.4061,0003313965,2026-10-09T17:35:49+0900
2020.11,semi_equip,OTHER,20688696,198156008,104.4061,0003313965,2026-10-09T17:35:49+0900
2020.11,semi_equip,TW,43752048,419056434,104.4061,0003313965,2026-10-09T17:35:49+0900
2020.11,semi_equip,US,26438459,253227149,104.4061,0003313965,2026-10-09T17:35:49+0900
2020.11,semi_equip,VN,508141,4866967,104.4061,0003313965,2026-10-09T17:35:49+0900
2020.11,semi_equip,WORLD,210944109,2020419391,104.4061,0003313965,2026-10-09T17:35:49+0900
2020.11,semi_fab_equip,CN,33604964,321867822,104.4061,0003313965,2026-10-09T17:35:49+0900
2020.11,semi_fab_equip,KR,20653861,197822359,104.4061,0003313965,2026-10-09T17:35:49+0900
2020.11,semi_fab_equip,OTHER,10045100,96211811,104.4061,0003313965,2026-10-09T17:35:49+0900
2020.11,semi_fab_equip,TW,31241438,299230007,104.4061,0003313965,2026-10-09T17:35:49+0900
2020.11,semi_fab_equip,US,9779530,93668186,104.4061,0003313965,2026-10-09T17:35:49+0900
2020.11,semi_fab_equip,VN,348530,3338215,104.4061,0003313965,2026-10-09T17:35:49+0900
2020.11,semi_fab_equip,WORLD,105673423,1012138400,104.4061,0003313965,2026-10-09T17:35:49+0900
2020.11,semi_test,CN,1172539,11230560,104.4061,0003313965,2026-10-09T17:35:49+0900
2020.11,semi_test,KR,1955205,18726923,104.4061,0003313965,2026-10-09T17:35:49+0900
2020.11,semi_test,OTHER,327143,3133371,104.4061,0003313965,2026-10-09T17:35:49+0900
2020.11,semi_test,TW,1572326,15059714,104.4061,0003313965,2026-10-09T17:35:49+0900
2020.11,semi_test,US,2036294,19503592,104.4061,0003313965,2026-10-09T17:35:49+0900
2020.11,semi_test,VN,0,0,104.4061,0003313965,2026-10-09T17:35:49+0900
2020.11,semi_test,WORLD,7063507,67654160,104.4061,0003313965,2026-10-09T17:35:49+0900
2020.11,transformer,CN,9779285,93665839,104.4061,0003313965,2026-10-09T17:35:49+0900
2020.11,transformer,KR,2240934,21463631,104.4061,0003313965,2026-10-09T17:35:49+0900
2020.11,transformer,OTHER,20235882,193818963,104.4061,0003313965,2026-10-09T17:35:49+0900
2020.11,transformer,TW,2233952,21396757,104.4061,0003313965,2026-10-09T17:35:49+0900
2020.11,transformer,US,7101904,68021926,104.4061,0003313965,2026-10-09T17:35:49+0900
2020.11,transformer,VN,363903,3485457,104.4061,0003313965,2026-10-09T17:35:49+0900
2020.11,transformer,WORLD,41955860,401852574,104.4061,0003313965,2026-10-09T17:35:49+0900
2020.11,transformer_large,KR,0,0,104.4061,0003313965,2026-10-09T17:35:49+0900
2020.11,transformer_large,OTHER,664888,6368287,104.4061,0003313965,2026-10-09T17:35:49+0900
2020.11,transformer_large,TW,0,0,104.4061,0003313965,2026-10-09T17:35:49+0900
2020.11,transformer_large,US,0,0,104.4061,0003313965,2026-10-09T17:35:49+0900
2020.11,transformer_large,VN,0,0,104.4061,0003313965,2026-10-09T17:35:49+0900
2020.11,transformer_large,WORLD,664888,6368287,104.4061,0003313965,2026-10-09T17:35:49+0900
2020.11,wafer,CN,5488860,52572216,104.4061,0003313965,2026-10-09T17:35:49+0900
2020.11,wafer,KR,7828164,74978033,104.4061,0003313965,2026-10-09T17:35:49+0900
2020.11,wafer,OTHER,6495795,62216623,104.4061,0003313965,2026-10-09T17:35:49+0900
2020.11,wafer,TW,9707103,92974481,104.4061,0003313965,2026-10-09T17:35:49+0900
2020.11,wafer,US,5543127,53091984,104.4061,0003313965,2026-10-09T17:35:49+0900
2020.11,wafer,VN,0,0,104.4061,0003313965,2026-10-09T17:35:49+0900
2020.11,wafer,WORLD,35063049,335833337,104.4061,0003313965,2026-10-09T17:35:49+0900
2020.12,discrete,CN,26089633,251356835,103.7952,0003313965,2026-10-09T17:35:49+0900
2020.12,discrete,KR,4189337,40361568,103.7952,0003313965,2026-10-09T17:35:49+0900
2020.12,discrete,OTHER,48776285,469928137,103.7952,0003313965,2026-10-09T17:35:49+0900
2020.12,discrete,TW,4069882,39210696,103.7952,0003313965,2026-10-09T17:35:49+0900
2020.12,discrete,US,6140116,59156069,103.7952,0003313965,2026-10-09T17:35:49+0900
2020.12,discrete,VN,1538362,14821129,103.7952,0003313965,2026-10-09T17:35:49+0900
2020.12,discrete,WORLD,90803615,874834434,103.7952,0003313965,2026-10-09T17:35:49+0900
2020.12,ic,CN,71302923,686957807,103.7952,0003313965,2026-10-09T17:35:49+0900
2020.12,ic,KR,24570977,236725561,103.7952,0003313965,2026-10-09T17:35:49+0900
2020.12,ic,OTHER,103348785,995699079,103.7952,0003313965,2026-10-09T17:35:49+0900
2020.12,ic,TW,63934822,615970893,103.7952,0003313965,2026-10-09T17:35:49+0900
2020.12,ic,US,9853420,94931365,103.7952,0003313965,2026-10-09T17:35:49+0900
2020.12,ic,VN,19761414,190388515,103.7952,0003313965,2026-10-09T17:35:49+0900
2020.12,ic,WORLD,292772341,2820673220,103.7952,0003313965,2026-10-09T17:35:49+0900
2020.12,liion,CN,4252919,40974139,103.7952,0003313965,2026-10-09T17:35:49+0900
2020.12,liion,KR,42506,409518,103.7952,0003313965,2026-10-09T17:35:49+0900
2020.12,liion,OTHER,15060391,145097182,103.7952,0003313965,2026-10-09T17:35:49+0900
2020.12,liion,TW,401161,3864928,103.7952,0003313965,2026-10-09T17:35:49+0900
2020.12,liion,US,8124822,78277435,103.7952,0003313965,2026-10-09T17:35:49+0900
2020.12,liion,VN,5797,55850,103.7952,0003313965,2026-10-09T17:35:49+0900
2020.12,liion,WORLD,27887596,268679053,103.7952,0003313965,2026-10-09T17:35:49+0900
2020.12,mlcc,CN,16793084,161790564,103.7952,0003313965,2026-10-09T17:35:49+0900
2020.12,mlcc,KR,3816962,36773974,103.7952,0003313965,2026-10-09T17:35:49+0900
2020.12,mlcc,OTHER,19891223,191639141,103.7952,0003313965,2026-10-09T17:35:49+0900
2020.12,mlcc,TW,4952644,47715540,103.7952,0003313965,2026-10-09T17:35:49+0900
2020.12,mlcc,US,3530784,34016833,103.7952,0003313965,2026-10-09T17:35:49+0900
2020.12,mlcc,VN,815357,7855440,103.7952,0003313965,2026-10-09T17:35:49+0900
2020.12,mlcc,WORLD,49800054,479791493,103.7952,0003313965,2026-10-09T17:35:49+0900
2020.12,pcb,CN,8926089,85997127,103.7952,0003313965,2026-10-09T17:35:49+0900
2020.12,pcb,KR,3051748,29401629,103.7952,0003313965,2026-10-09T17:35:49+0900
2020.12,pcb,OTHER,13873796,133665102,103.7952,0003313965,2026-10-09T17:35:49+0900
2020.12,pcb,TW,2055140,19799952,103.7952,0003313965,2026-10-09T17:35:49+0900
2020.12,pcb,US,1389924,13391024,103.7952,0003313965,2026-10-09T17:35:49+0900
2020.12,pcb,VN,1051432,10129871,103.7952,0003313965,2026-10-09T17:35:49+0900
2020.12,pcb,WORLD,30348129,292384706,103.7952,0003313965,2026-10-09T17:35:49+0900
2020.12,photoresist,CN,6873708,66223756,103.7952,0003313965,2026-10-09T17:35:49+0900
2020.12,photoresist,KR,4568570,44015234,103.7952,0003313965,2026-10-09T17:35:49+0900
2020.12,photoresist,OTHER,6244409,60160865,103.7952,0003313965,2026-10-09T17:35:49+0900
2020.12,photoresist,TW,7316833,70492980,103.7952,0003313965,2026-10-09T17:35:49+0900
2020.12,photoresist,US,4395408,42346929,103.7952,0003313965,2026-10-09T17:35:49+0900
2020.12,photoresist,VN,700133,6745331,103.7952,0003313965,2026-10-09T17:35:49+0900
2020.12,photoresist,WORLD,30099061,289985096,103.7952,0003313965,2026-10-09T17:35:49+0900
2020.12,semi_equip,CN,113770481,1096105417,103.7952,0003313965,2026-10-09T17:35:49+0900
2020.12,semi_equip,KR,60223946,580218989,103.7952,0003313965,2026-10-09T17:35:49+0900
2020.12,semi_equip,OTHER,28226631,271945437,103.7952,0003313965,2026-10-09T17:35:49+0900
2020.12,semi_equip,TW,59399221,572273294,103.7952,0003313965,2026-10-09T17:35:49+0900
2020.12,semi_equip,US,27121854,261301621,103.7952,0003313965,2026-10-09T17:35:49+0900
2020.12,semi_equip,VN,402755,3880285,103.7952,0003313965,2026-10-09T17:35:49+0900
2020.12,semi_equip,WORLD,289144888,2785725043,103.7952,0003313965,2026-10-09T17:35:49+0900
2020.12,semi_fab_equip,CN,41434911,399198720,103.7952,0003313965,2026-10-09T17:35:49+0900
2020.12,semi_fab_equip,KR,41585032,400645039,103.7952,0003313965,2026-10-09T17:35:49+0900
2020.12,semi_fab_equip,OTHER,16712773,161016820,103.7952,0003313965,2026-10-09T17:35:49+0900
2020.12,semi_fab_equip,TW,38403900,369996878,103.7952,0003313965,2026-10-09T17:35:49+0900
2020.12,semi_fab_equip,US,12028325,115885176,103.7952,0003313965,2026-10-09T17:35:49+0900
2020.12,semi_fab_equip,VN,170537,1643014,103.7952,0003313965,2026-10-09T17:35:49+0900
2020.12,semi_fab_equip,WORLD,150335478,1448385648,103.7952,0003313965,2026-10-09T17:35:49+0900
2020.12,semi_test,CN,4738401,45651446,103.7952,0003313965,2026-10-09T17:35:49+0900
2020.12,semi_test,KR,7037431,67801122,103.7952,0003313965,2026-10-09T17:35:49+0900
2020.12,semi_test,OTHER,2558925,24653597,103.7952,0003313965,2026-10-09T17:35:49+0900
2020.12,semi_test,TW,3532112,34029628,103.7952,0003313965,2026-10-09T17:35:49+0900
2020.12,semi_test,US,945861,9112762,103.7952,0003313965,2026-10-09T17:35:49+0900
2020.12,semi_test,VN,27930,269088,103.7952,0003313965,2026-10-09T17:35:49+0900
2020.12,semi_test,WORLD,18840660,181517642,103.7952,0003313965,2026-10-09T17:35:49+0900
2020.12,transformer,CN,11848411,114151820,103.7952,0003313965,2026-10-09T17:35:49+0900
2020.12,transformer,KR,2233934,21522517,103.7952,0003313965,2026-10-09T17:35:49+0900
2020.12,transformer,OTHER,22882806,220461120,103.7952,0003313965,2026-10-09T17:35:49+0900
2020.12,transformer,TW,2643626,25469636,103.7952,0003313965,2026-10-09T17:35:49+0900
2020.12,transformer,US,6848600,65981857,103.7952,0003313965,2026-10-09T17:35:49+0900
2020.12,transformer,VN,432558,4167418,103.7952,0003313965,2026-10-09T17:35:49+0900
2020.12,transformer,WORLD,46889935,451754368,103.7952,0003313965,2026-10-09T17:35:49+0900
2020.12,transformer_large,KR,0,0,103.7952,0003313965,2026-10-09T17:35:49+0900
2020.12,transformer_large,OTHER,185004,1782395,103.7952,0003313965,2026-10-09T17:35:49+0900
2020.12,transformer_large,TW,0,0,103.7952,0003313965,2026-10-09T17:35:49+0900
2020.12,transformer_large,US,47904,461524,103.7952,0003313965,2026-10-09T17:35:49+0900
2020.12,transformer_large,VN,0,0,103.7952,0003313965,2026-10-09T17:35:49+0900
2020.12,transformer_large,WORLD,232908,2243919,103.7952,0003313965,2026-10-09T17:35:49+0900
2020.12,wafer,CN,6424440,61895348,103.7952,0003313965,2026-10-09T17:35:49+0900
2020.12,wafer,KR,7889709,76012272,103.7952,0003313965,2026-10-09T17:35:49+0900
2020.12,wafer,OTHER,7691261,74100353,103.7952,0003313965,2026-10-09T17:35:49+0900
2020.12,wafer,TW,10421653,100405924,103.7952,0003313965,2026-10-09T17:35:49+0900
2020.12,wafer,US,5831100,56178898,103.7952,0003313965,2026-10-09T17:35:49+0900
2020.12,wafer,VN,0,0,103.7952,0003313965,2026-10-09T17:35:49+0900
2020.12,wafer,WORLD,38258163,368592796,103.7952,0003313965,2026-10-09T17:35:49+0900
2021.01,discrete,CN,22332869,215177135,103.7883,0003425293,2026-10-09T17:35:49+0900
2021.01,discrete,KR,3714349,35787743,103.7883,0003425293,2026-10-09T17:35:49+0900
2021.01,discrete,OTHER,44395181,427747453,103.7883,0003425293,2026-10-09T17:35:49+0900
2021.01,discrete,TW,4216449,40625475,103.7883,0003425293,2026-10-09T17:35:49+0900
2021.01,discrete,US,5924351,57081106,103.7883,0003425293,2026-10-09T17:35:49+0900
2021.01,discrete,VN,1417354,13656202,103.7883,0003425293,2026-10-09T17:35:49+0900
2021.01,discrete,WORLD,82000553,790075114,103.7883,0003425293,2026-10-09T17:35:49+0900
2021.01,ic,CN,63424367,611093611,103.7883,0003425293,2026-10-09T17:35:49+0900
2021.01,ic,KR,22135052,213271168,103.7883,0003425293,2026-10-09T17:35:49+0900
2021.01,ic,OTHER,88039372,848259120,103.7883,0003425293,2026-10-09T17:35:49+0900
2021.01,ic,TW,71115546,685198100,103.7883,0003425293,2026-10-09T17:35:49+0900
2021.01,ic,US,7982052,76907050,103.7883,0003425293,2026-10-09T17:35:49+0900
2021.01,ic,VN,13132123,126527971,103.7883,0003425293,2026-10-09T17:35:49+0900
2021.01,ic,WORLD,265828512,2561257020,103.7883,0003425293,2026-10-09T17:35:49+0900
2021.01,liion,CN,3698269,35632812,103.7883,0003425293,2026-10-09T17:35:49+0900
2021.01,liion,KR,26536,255674,103.7883,0003425293,2026-10-09T17:35:49+0900
2021.01,liion,OTHER,9131566,87982615,103.7883,0003425293,2026-10-09T17:35:49+0900
2021.01,liion,TW,331263,3191718,103.7883,0003425293,2026-10-09T17:35:49+0900
2021.01,liion,US,11021401,106191170,103.7883,0003425293,2026-10-09T17:35:49+0900
2021.01,liion,VN,194280,1871887,103.7883,0003425293,2026-10-09T17:35:49+0900
2021.01,liion,WORLD,24403315,235125876,103.7883,0003425293,2026-10-09T17:35:49+0900
2021.01,mlcc,CN,14330165,138071102,103.7883,0003425293,2026-10-09T17:35:49+0900
2021.01,mlcc,KR,3397857,32738343,103.7883,0003425293,2026-10-09T17:35:49+0900
2021.01,mlcc,OTHER,17931114,172766237,103.7883,0003425293,2026-10-09T17:35:49+0900
2021.01,mlcc,TW,4425898,42643516,103.7883,0003425293,2026-10-09T17:35:49+0900
2021.01,mlcc,US,3202073,30851965,103.7883,0003425293,2026-10-09T17:35:49+0900
2021.01,mlcc,VN,429502,4138251,103.7883,0003425293,2026-10-09T17:35:49+0900
2021.01,mlcc,WORLD,43716609,421209414,103.7883,0003425293,2026-10-09T17:35:49+0900
2021.01,pcb,CN,6554520,63152783,103.7883,0003425293,2026-10-09T17:35:49+0900
2021.01,pcb,KR,3048556,29372829,103.7883,0003425293,2026-10-09T17:35:49+0900
2021.01,pcb,OTHER,11151549,107445146,103.7883,0003425293,2026-10-09T17:35:49+0900
2021.01,pcb,TW,2044035,19694272,103.7883,0003425293,2026-10-09T17:35:49+0900
2021.01,pcb,US,1433394,13810747,103.7883,0003425293,2026-10-09T17:35:49+0900
2021.01,pcb,VN,793938,7649591,103.7883,0003425293,2026-10-09T17:35:49+0900
2021.01,pcb,WORLD,25025992,241125368,103.7883,0003425293,2026-10-09T17:35:49+0900
2021.01,photoresist,CN,7555580,72797994,103.7883,0003425293,2026-10-09T17:35:49+0900
2021.01,photoresist,KR,4124283,39737456,103.7883,0003425293,2026-10-09T17:35:49+0900
2021.01,photoresist,OTHER,5965247,57475139,103.7883,0003425293,2026-10-09T17:35:49+0900
2021.01,photoresist,TW,6476239,62398546,103.7883,0003425293,2026-10-09T17:35:49+0900
2021.01,photoresist,US,3860114,37192188,103.7883,0003425293,2026-10-09T17:35:49+0900
2021.01,photoresist,VN,406021,3912011,103.7883,0003425293,2026-10-09T17:35:49+0900
2021.01,photoresist,WORLD,28387484,273513334,103.7883,0003425293,2026-10-09T17:35:49+0900
2021.01,semi_equip,CN,85510886,823897164,103.7883,0003425293,2026-10-09T17:35:49+0900
2021.01,semi_equip,KR,60163377,579673981,103.7883,0003425293,2026-10-09T17:35:49+0900
2021.01,semi_equip,OTHER,27197765,262050395,103.7883,0003425293,2026-10-09T17:35:49+0900
2021.01,semi_equip,TW,41345809,398366762,103.7883,0003425293,2026-10-09T17:35:49+0900
2021.01,semi_equip,US,20675372,199207155,103.7883,0003425293,2026-10-09T17:35:49+0900
2021.01,semi_equip,VN,209830,2021712,103.7883,0003425293,2026-10-09T17:35:49+0900
2021.01,semi_equip,WORLD,235103039,2265217168,103.7883,0003425293,2026-10-09T17:35:49+0900
2021.01,semi_fab_equip,CN,41924903,403946331,103.7883,0003425293,2026-10-09T17:35:49+0900
2021.01,semi_fab_equip,KR,46562167,448626358,103.7883,0003425293,2026-10-09T17:35:49+0900
2021.01,semi_fab_equip,OTHER,18247511,175814721,103.7883,0003425293,2026-10-09T17:35:49+0900
2021.01,semi_fab_equip,TW,28496661,274565254,103.7883,0003425293,2026-10-09T17:35:49+0900
2021.01,semi_fab_equip,US,7344618,70765375,103.7883,0003425293,2026-10-09T17:35:49+0900
2021.01,semi_fab_equip,VN,40345,388724,103.7883,0003425293,2026-10-09T17:35:49+0900
2021.01,semi_fab_equip,WORLD,142616205,1374106763,103.7883,0003425293,2026-10-09T17:35:49+0900
2021.01,semi_test,CN,881946,8497547,103.7883,0003425293,2026-10-09T17:35:49+0900
2021.01,semi_test,KR,7649545,73703346,103.7883,0003425293,2026-10-09T17:35:49+0900
2021.01,semi_test,OTHER,1225441,11807121,103.7883,0003425293,2026-10-09T17:35:49+0900
2021.01,semi_test,TW,1097312,10572598,103.7883,0003425293,2026-10-09T17:35:49+0900
2021.01,semi_test,US,620772,5981137,103.7883,0003425293,2026-10-09T17:35:49+0900
2021.01,semi_test,VN,0,0,103.7883,0003425293,2026-10-09T17:35:49+0900
2021.01,semi_test,WORLD,11475016,110561749,103.7883,0003425293,2026-10-09T17:35:49+0900
2021.01,transformer,CN,8518987,82080418,103.7883,0003425293,2026-10-09T17:35:49+0900
2021.01,transformer,KR,3273954,31544538,103.7883,0003425293,2026-10-09T17:35:49+0900
2021.01,transformer,OTHER,17863641,172116134,103.7883,0003425293,2026-10-09T17:35:49+0900
2021.01,transformer,TW,1931599,18610951,103.7883,0003425293,2026-10-09T17:35:49+0900
2021.01,transformer,US,6026612,58066391,103.7883,0003425293,2026-10-09T17:35:49+0900
2021.01,transformer,VN,409472,3945262,103.7883,0003425293,2026-10-09T17:35:49+0900
2021.01,transformer,WORLD,38024265,366363694,103.7883,0003425293,2026-10-09T17:35:49+0900
2021.01,transformer_large,KR,381030,3671223,103.7883,0003425293,2026-10-09T17:35:49+0900
2021.01,transformer_large,OTHER,0,0,103.7883,0003425293,2026-10-09T17:35:49+0900
2021.01,transformer_large,TW,0,0,103.7883,0003425293,2026-10-09T17:35:49+0900
2021.01,transformer_large,US,215006,2071582,103.7883,0003425293,2026-10-09T17:35:49+0900
2021.01,transformer_large,WORLD,596036,5742805,103.7883,0003425293,2026-10-09T17:35:49+0900
2021.01,wafer,CN,6932212,66791845,103.7883,0003425293,2026-10-09T17:35:49+0900
2021.01,wafer,KR,6537731,62991021,103.7883,0003425293,2026-10-09T17:35:49+0900
2021.01,wafer,OTHER,7543518,72681776,103.7883,0003425293,2026-10-09T17:35:49+0900
2021.01,wafer,TW,11651308,112260322,103.7883,0003425293,2026-10-09T17:35:49+0900
2021.01,wafer,US,5143000,49552792,103.7883,0003425293,2026-10-09T17:35:49+0900
2021.01,wafer,VN,0,0,103.7883,0003425293,2026-10-09T17:35:49+0900
2021.01,wafer,WORLD,37807769,364277756,103.7883,0003425293,2026-10-09T17:35:49+0900
2021.02,discrete,CN,20983213,199124414,105.3774,0003425293,2026-10-09T17:35:49+0900
2021.02,discrete,KR,3798905,36050472,105.3774,0003425293,2026-10-09T17:35:49+0900
2021.02,discrete,OTHER,44635293,423575577,105.3774,0003425293,2026-10-09T17:35:49+0900
2021.02,discrete,TW,4506665,42766903,105.3774,0003425293,2026-10-09T17:35:49+0900
2021.02,discrete,US,6602190,62652808,105.3774,0003425293,2026-10-09T17:35:49+0900
2021.02,discrete,VN,1624477,15415801,105.3774,0003425293,2026-10-09T17:35:49+0900
2021.02,discrete,WORLD,82150743,779585974,105.3774,0003425293,2026-10-09T17:35:49+0900
2021.02,ic,CN,57990050,550308225,105.3774,0003425293,2026-10-09T17:35:49+0900
2021.02,ic,KR,20934677,198663822,105.3774,0003425293,2026-10-09T17:35:49+0900
2021.02,ic,OTHER,82830884,786040308,105.3774,0003425293,2026-10-09T17:35:49+0900
2021.02,ic,TW,68960748,654416867,105.3774,0003425293,2026-10-09T17:35:49+0900
2021.02,ic,US,8485239,80522380,105.3774,0003425293,2026-10-09T17:35:49+0900
2021.02,ic,VN,11467060,108818969,105.3774,0003425293,2026-10-09T17:35:49+0900
2021.02,ic,WORLD,250668658,2378770571,105.3774,0003425293,2026-10-09T17:35:49+0900
2021.02,liion,CN,2954189,28034370,105.3774,0003425293,2026-10-09T17:35:49+0900
2021.02,liion,KR,108249,1027251,105.3774,0003425293,2026-10-09T17:35:49+0900
2021.02,liion,OTHER,10325170,97982774,105.3774,0003425293,2026-10-09T17:35:49+0900
2021.02,liion,TW,504639,4788873,105.3774,0003425293,2026-10-09T17:35:49+0900
2021.02,liion,US,13484770,127966433,105.3774,0003425293,2026-10-09T17:35:49+0900
2021.02,liion,VN,12382,117501,105.3774,0003425293,2026-10-09T17:35:49+0900
2021.02,liion,WORLD,27389399,259917202,105.3774,0003425293,2026-10-09T17:35:49+0900
2021.02,mlcc,CN,13850627,131438307,105.3774,0003425293,2026-10-09T17:35:49+0900
2021.02,mlcc,KR,3812356,36178118,105.3774,0003425293,2026-10-09T17:35:49+0900
2021.02,mlcc,OTHER,18884046,179203947,105.3774,0003425293,2026-10-09T17:35:49+0900
2021.02,mlcc,TW,4269334,40514702,105.3774,0003425293,2026-10-09T17:35:49+0900
2021.02,mlcc,US,3656700,34700989,105.3774,0003425293,2026-10-09T17:35:49+0900
2021.02,mlcc,VN,626019,5940733,105.3774,0003425293,2026-10-09T17:35:49+0900
2021.02,mlcc,WORLD,45099082,427976796,105.3774,0003425293,2026-10-09T17:35:49+0900
2021.02,pcb,CN,5325947,50541644,105.3774,0003425293,2026-10-09T17:35:49+0900
2021.02,pcb,KR,2993352,28406015,105.3774,0003425293,2026-10-09T17:35:49+0900
2021.02,pcb,OTHER,9730130,92336023,105.3774,0003425293,2026-10-09T17:35:49+0900
2021.02,pcb,TW,2081316,19751066,105.3774,0003425293,2026-10-09T17:35:49+0900
2021.02,pcb,US,1351959,12829686,105.3774,0003425293,2026-10-09T17:35:49+0900
2021.02,pcb,VN,656806,6232892,105.3774,0003425293,2026-10-09T17:35:49+0900
2021.02,pcb,WORLD,22139510,210097326,105.3774,0003425293,2026-10-09T17:35:49+0900
2021.02,photoresist,CN,5756614,54628545,105.3774,0003425293,2026-10-09T17:35:49+0900
2021.02,photoresist,KR,4032783,38269904,105.3774,0003425293,2026-10-09T17:35:49+0900
2021.02,photoresist,OTHER,6379722,60541653,105.3774,0003425293,2026-10-09T17:35:49+0900
2021.02,photoresist,TW,6227626,59098308,105.3774,0003425293,2026-10-09T17:35:49+0900
2021.02,photoresist,US,4659112,44213579,105.3774,0003425293,2026-10-09T17:35:49+0900
2021.02,photoresist,VN,517527,4911176,105.3774,0003425293,2026-10-09T17:35:49+0900
2021.02,photoresist,WORLD,27573384,261663165,105.3774,0003425293,2026-10-09T17:35:49+0900
2021.02,semi_equip,CN,84802001,804745619,105.3774,0003425293,2026-10-09T17:35:49+0900
2021.02,semi_equip,KR,48164455,457066268,105.3774,0003425293,2026-10-09T17:35:49+0900
2021.02,semi_equip,OTHER,31730677,301114632,105.3774,0003425293,2026-10-09T17:35:49+0900
2021.02,semi_equip,TW,53458376,507303995,105.3774,0003425293,2026-10-09T17:35:49+0900
2021.02,semi_equip,US,21477584,203815847,105.3774,0003425293,2026-10-09T17:35:49+0900
2021.02,semi_equip,VN,250177,2374105,105.3774,0003425293,2026-10-09T17:35:49+0900
2021.02,semi_equip,WORLD,239883270,2276420466,105.3774,0003425293,2026-10-09T17:35:49+0900
2021.02,semi_fab_equip,CN,42468102,403009583,105.3774,0003425293,2026-10-09T17:35:49+0900
2021.02,semi_fab_equip,KR,37922690,359874983,105.3774,0003425293,2026-10-09T17:35:49+0900
2021.02,semi_fab_equip,OTHER,21205295,201231906,105.3774,0003425293,2026-10-09T17:35:49+0900
2021.02,semi_fab_equip,TW,37876369,359435410,105.3774,0003425293,2026-10-09T17:35:49+0900
2021.02,semi_fab_equip,US,6232430,59143896,105.3774,0003425293,2026-10-09T17:35:49+0900
2021.02,semi_fab_equip,VN,127215,1207232,105.3774,0003425293,2026-10-09T17:35:49+0900
2021.02,semi_fab_equip,WORLD,145832101,1383903010,105.3774,0003425293,2026-10-09T17:35:49+0900
2021.02,semi_test,CN,1495241,14189390,105.3774,0003425293,2026-10-09T17:35:49+0900
2021.02,semi_test,KR,5095038,48350386,105.3774,0003425293,2026-10-09T17:35:49+0900
2021.02,semi_test,OTHER,775484,7359111,105.3774,0003425293,2026-10-09T17:35:49+0900
2021.02,semi_test,TW,5078644,48194812,105.3774,0003425293,2026-10-09T17:35:49+0900
2021.02,semi_test,US,2196907,20847990,105.3774,0003425293,2026-10-09T17:35:49+0900
2021.02,semi_test,VN,54056,512975,105.3774,0003425293,2026-10-09T17:35:49+0900
2021.02,semi_test,WORLD,14695370,139454665,105.3774,0003425293,2026-10-09T17:35:49+0900
2021.02,transformer,CN,8157763,77414730,105.3774,0003425293,2026-10-09T17:35:49+0900
2021.02,transformer,KR,3383669,32110007,105.3774,0003425293,2026-10-09T17:35:49+0900
2021.02,transformer,OTHER,20265469,192313238,105.3774,0003425293,2026-10-09T17:35:49+0900
2021.02,transformer,TW,2247429,21327429,105.3774,0003425293,2026-10-09T17:35:49+0900
2021.02,transformer,US,6977628,66215602,105.3774,0003425293,2026-10-09T17:35:49+0900
2021.02,transformer,VN,405691,3849886,105.3774,0003425293,2026-10-09T17:35:49+0900
2021.02,transformer,WORLD,41437649,393230892,105.3774,0003425293,2026-10-09T17:35:49+0900
2021.02,transformer_large,KR,172500,1636973,105.3774,0003425293,2026-10-09T17:35:49+0900
2021.02,transformer_large,OTHER,581457,5517853,105.3774,0003425293,2026-10-09T17:35:49+0900
2021.02,transformer_large,TW,0,0,105.3774,0003425293,2026-10-09T17:35:49+0900
2021.02,transformer_large,US,0,0,105.3774,0003425293,2026-10-09T17:35:49+0900
2021.02,transformer_large,WORLD,753957,7154826,105.3774,0003425293,2026-10-09T17:35:49+0900
2021.02,wafer,CN,4858251,46103349,105.3774,0003425293,2026-10-09T17:35:49+0900
2021.02,wafer,KR,6289106,59681734,105.3774,0003425293,2026-10-09T17:35:49+0900
2021.02,wafer,OTHER,7432556,70532733,105.3774,0003425293,2026-10-09T17:35:49+0900
2021.02,wafer,TW,11288758,107126936,105.3774,0003425293,2026-10-09T17:35:49+0900
2021.02,wafer,US,5236502,49692837,105.3774,0003425293,2026-10-09T17:35:49+0900
2021.02,wafer,VN,0,0,105.3774,0003425293,2026-10-09T17:35:49+0900
2021.02,wafer,WORLD,35105173,333137589,105.3774,0003425293,2026-10-09T17:35:49+0900
2021.03,discrete,CN,25265771,232437720,108.6991,0003425293,2026-10-09T17:35:49+0900
2021.03,discrete,KR,4286440,39433997,108.6991,0003425293,2026-10-09T17:35:49+0900
2021.03,discrete,OTHER,50595621,465464949,108.6991,0003425293,2026-10-09T17:35:49+0900
2021.03,discrete,TW,5380914,49502839,108.6991,0003425293,2026-10-09T17:35:49+0900
2021.03,discrete,US,8257944,75970675,108.6991,0003425293,2026-10-09T17:35:49+0900
2021.03,discrete,VN,1841952,16945421,108.6991,0003425293,2026-10-09T17:35:49+0900
2021.03,discrete,WORLD,95628642,879755601,108.6991,0003425293,2026-10-09T17:35:49+0900
2021.03,ic,CN,68796994,632912269,108.6991,0003425293,2026-10-09T17:35:49+0900
2021.03,ic,KR,22499688,206990564,108.6991,0003425293,2026-10-09T17:35:49+0900
2021.03,ic,OTHER,91914064,845582567,108.6991,0003425293,2026-10-09T17:35:49+0900
2021.03,ic,TW,76330677,702219954,108.6991,0003425293,2026-10-09T17:35:49+0900
2021.03,ic,US,11291822,103881467,108.6991,0003425293,2026-10-09T17:35:49+0900
2021.03,ic,VN,16578878,152520840,108.6991,0003425293,2026-10-09T17:35:49+0900
2021.03,ic,WORLD,287412123,2644107661,108.6991,0003425293,2026-10-09T17:35:49+0900
2021.03,liion,CN,4721020,43432006,108.6991,0003425293,2026-10-09T17:35:49+0900
2021.03,liion,KR,390880,3595982,108.6991,0003425293,2026-10-09T17:35:49+0900
2021.03,liion,OTHER,13091751,120440289,108.6991,0003425293,2026-10-09T17:35:49+0900
2021.03,liion,TW,589090,5419456,108.6991,0003425293,2026-10-09T17:35:49+0900
2021.03,liion,US,16238432,149388836,108.6991,0003425293,2026-10-09T17:35:49+0900
2021.03,liion,VN,20137,185255,108.6991,0003425293,2026-10-09T17:35:49+0900
2021.03,liion,WORLD,35051310,322461824,108.6991,0003425293,2026-10-09T17:35:49+0900
2021.03,mlcc,CN,15027972,138252957,108.6991,0003425293,2026-10-09T17:35:49+0900
2021.03,mlcc,KR,3815173,35098478,108.6991,0003425293,2026-10-09T17:35:49+0900
2021.03,mlcc,OTHER,18785749,172823409,108.6991,0003425293,2026-10-09T17:35:49+0900
2021.03,mlcc,TW,4179545,38450594,108.6991,0003425293,2026-10-09T17:35:49+0900
2021.03,mlcc,US,4142107,38106176,108.6991,0003425293,2026-10-09T17:35:49+0900
2021.03,mlcc,VN,549522,5055442,108.6991,0003425293,2026-10-09T17:35:49+0900
2021.03,mlcc,WORLD,46500068,427787056,108.6991,0003425293,2026-10-09T17:35:49+0900
2021.03,pcb,CN,5665557,52121471,108.6991,0003425293,2026-10-09T17:35:49+0900
2021.03,pcb,KR,3279191,30167600,108.6991,0003425293,2026-10-09T17:35:49+0900
2021.03,pcb,OTHER,9720903,89429471,108.6991,0003425293,2026-10-09T17:35:49+0900
2021.03,pcb,TW,2597362,23894972,108.6991,0003425293,2026-10-09T17:35:49+0900
2021.03,pcb,US,1520223,13985608,108.6991,0003425293,2026-10-09T17:35:49+0900
2021.03,pcb,VN,738566,6794592,108.6991,0003425293,2026-10-09T17:35:49+0900
2021.03,pcb,WORLD,23521802,216393714,108.6991,0003425293,2026-10-09T17:35:49+0900
2021.03,photoresist,CN,7638098,70268273,108.6991,0003425293,2026-10-09T17:35:49+0900
2021.03,photoresist,KR,4535844,41728441,108.6991,0003425293,2026-10-09T17:35:49+0900
2021.03,photoresist,OTHER,6307369,58025954,108.6991,0003425293,2026-10-09T17:35:49+0900
2021.03,photoresist,TW,6406612,58938961,108.6991,0003425293,2026-10-09T17:35:49+0900
2021.03,photoresist,US,4633972,42631190,108.6991,0003425293,2026-10-09T17:35:49+0900
2021.03,photoresist,VN,461059,4241608,108.6991,0003425293,2026-10-09T17:35:49+0900
2021.03,photoresist,WORLD,29982954,275834427,108.6991,0003425293,2026-10-09T17:35:49+0900
2021.03,semi_equip,CN,98202716,903436330,108.6991,0003425293,2026-10-09T17:35:49+0900
2021.03,semi_equip,KR,52339892,481511733,108.6991,0003425293,2026-10-09T17:35:49+0900
2021.03,semi_equip,OTHER,25298525,232739048,108.6991,0003425293,2026-10-09T17:35:49+0900
2021.03,semi_equip,TW,45251379,416299482,108.6991,0003425293,2026-10-09T17:35:49+0900
2021.03,semi_equip,US,32236462,296566043,108.6991,0003425293,2026-10-09T17:35:49+0900
2021.03,semi_equip,VN,447898,4120531,108.6991,0003425293,2026-10-09T17:35:49+0900
2021.03,semi_equip,WORLD,253776872,2334673167,108.6991,0003425293,2026-10-09T17:35:49+0900
2021.03,semi_fab_equip,CN,48789427,448848491,108.6991,0003425293,2026-10-09T17:35:49+0900
2021.03,semi_fab_equip,KR,40052098,368467614,108.6991,0003425293,2026-10-09T17:35:49+0900
2021.03,semi_fab_equip,OTHER,12429340,114346301,108.6991,0003425293,2026-10-09T17:35:49+0900
2021.03,semi_fab_equip,TW,25366958,233368611,108.6991,0003425293,2026-10-09T17:35:49+0900
2021.03,semi_fab_equip,US,15650514,143980162,108.6991,0003425293,2026-10-09T17:35:49+0900
2021.03,semi_fab_equip,VN,174295,1603463,108.6991,0003425293,2026-10-09T17:35:49+0900
2021.03,semi_fab_equip,WORLD,142462632,1310614642,108.6991,0003425293,2026-10-09T17:35:49+0900
2021.03,semi_test,CN,3021370,27795722,108.6991,0003425293,2026-10-09T17:35:49+0900
2021.03,semi_test,KR,3946121,36303162,108.6991,0003425293,2026-10-09T17:35:49+0900
2021.03,semi_test,OTHER,696872,6411019,108.6991,0003425293,2026-10-09T17:35:49+0900
2021.03,semi_test,TW,8859048,81500656,108.6991,0003425293,2026-10-09T17:35:49+0900
2021.03,semi_test,US,3188496,29333233,108.6991,0003425293,2026-10-09T17:35:49+0900
2021.03,semi_test,VN,0,0,108.6991,0003425293,2026-10-09T17:35:49+0900
2021.03,semi_test,WORLD,19711907,181343792,108.6991,0003425293,2026-10-09T17:35:49+0900
2021.03,transformer,CN,10466536,96289077,108.6991,0003425293,2026-10-09T17:35:49+0900
2021.03,transformer,KR,2983697,27449142,108.6991,0003425293,2026-10-09T17:35:49+0900
2021.03,transformer,OTHER,21962993,202053126,108.6991,0003425293,2026-10-09T17:35:49+0900
2021.03,transformer,TW,2449945,22538779,108.6991,0003425293,2026-10-09T17:35:49+0900
2021.03,transformer,US,9105375,83766793,108.6991,0003425293,2026-10-09T17:35:49+0900
2021.03,transformer,VN,555177,5107466,108.6991,0003425293,2026-10-09T17:35:49+0900
2021.03,transformer,WORLD,47523723,437204383,108.6991,0003425293,2026-10-09T17:35:49+0900
2021.03,transformer_large,KR,52400,482065,108.6991,0003425293,2026-10-09T17:35:49+0900
2021.03,transformer_large,OTHER,104089,957588,108.6991,0003425293,2026-10-09T17:35:49+0900
2021.03,transformer_large,TW,0,0,108.6991,0003425293,2026-10-09T17:35:49+0900
2021.03,transformer_large,US,220528,2028793,108.6991,0003425293,2026-10-09T17:35:49+0900
2021.03,transformer_large,WORLD,377017,3468446,108.6991,0003425293,2026-10-09T17:35:49+0900
2021.03,wafer,CN,7241657,66621131,108.6991,0003425293,2026-10-09T17:35:49+0900
2021.03,wafer,KR,6533829,60109320,108.6991,0003425293,2026-10-09T17:35:49+0900
2021.03,wafer,OTHER,7796161,71722406,108.6991,0003425293,2026-10-09T17:35:49+0900
2021.03,wafer,TW,9626661,88562472,108.6991,0003425293,2026-10-09T17:35:49+0900
2021.03,wafer,US,4818624,44329935,108.6991,0003425293,2026-10-09T17:35:49+0900
2021.03,wafer,VN,9939,91436,108.6991,0003425293,2026-10-09T17:35:49+0900
2021.03,wafer,WORLD,36026871,331436700,108.6991,0003425293,2026-10-09T17:35:49+0900
2021.04,discrete,CN,28235285,258933601,109.0445,0003425293,2026-10-09T17:35:49+0900
2021.04,discrete,KR,4438730,40705675,109.0445,0003425293,2026-10-09T17:35:49+0900
2021.04,discrete,OTHER,50244919,460774445,109.0445,0003425293,2026-10-09T17:35:49+0900
2021.04,discrete,TW,4864367,44609008,109.0445,0003425293,2026-10-09T17:35:49+0900
2021.04,discrete,US,7409985,67953771,109.0445,0003425293,2026-10-09T17:35:49+0900
2021.04,discrete,VN,1886896,17303908,109.0445,0003425293,2026-10-09T17:35:49+0900
2021.04,discrete,WORLD,97080182,890280408,109.0445,0003425293,2026-10-09T17:35:49+0900
2021.04,ic,CN,63840402,585452746,109.0445,0003425293,2026-10-09T17:35:49+0900
2021.04,ic,KR,21163307,194079546,109.0445,0003425293,2026-10-09T17:35:49+0900
2021.04,ic,OTHER,94846393,869795295,109.0445,0003425293,2026-10-09T17:35:49+0900
2021.04,ic,TW,75873683,695804768,109.0445,0003425293,2026-10-09T17:35:49+0900
2021.04,ic,US,9030418,82814062,109.0445,0003425293,2026-10-09T17:35:49+0900
2021.04,ic,VN,25414213,233062768,109.0445,0003425293,2026-10-09T17:35:49+0900
2021.04,ic,WORLD,290168416,2661009184,109.0445,0003425293,2026-10-09T17:35:49+0900
2021.04,liion,CN,5435310,49844880,109.0445,0003425293,2026-10-09T17:35:49+0900
2021.04,liion,KR,241257,2212464,109.0445,0003425293,2026-10-09T17:35:49+0900
2021.04,liion,OTHER,13165852,120738341,109.0445,0003425293,2026-10-09T17:35:49+0900
2021.04,liion,TW,531091,4870406,109.0445,0003425293,2026-10-09T17:35:49+0900
2021.04,liion,US,9772177,89616413,109.0445,0003425293,2026-10-09T17:35:49+0900
2021.04,liion,VN,6394,58637,109.0445,0003425293,2026-10-09T17:35:49+0900
2021.04,liion,WORLD,29152081,267341141,109.0445,0003425293,2026-10-09T17:35:49+0900
2021.04,mlcc,CN,15727587,144230906,109.0445,0003425293,2026-10-09T17:35:49+0900
2021.04,mlcc,KR,3869663,35487008,109.0445,0003425293,2026-10-09T17:35:49+0900
2021.04,mlcc,OTHER,18849423,172859915,109.0445,0003425293,2026-10-09T17:35:49+0900
2021.04,mlcc,TW,6275278,57547863,109.0445,0003425293,2026-10-09T17:35:49+0900
2021.04,mlcc,US,4170674,38247449,109.0445,0003425293,2026-10-09T17:35:49+0900
2021.04,mlcc,VN,789396,7239210,109.0445,0003425293,2026-10-09T17:35:49+0900
2021.04,mlcc,WORLD,49682021,455612351,109.0445,0003425293,2026-10-09T17:35:49+0900
2021.04,pcb,CN,6595952,60488626,109.0445,0003425293,2026-10-09T17:35:49+0900
2021.04,pcb,KR,2901133,26605037,109.0445,0003425293,2026-10-09T17:35:49+0900
2021.04,pcb,OTHER,9363660,85870081,109.0445,0003425293,2026-10-09T17:35:49+0900
2021.04,pcb,TW,2705281,24808963,109.0445,0003425293,2026-10-09T17:35:49+0900
2021.04,pcb,US,1403199,12868132,109.0445,0003425293,2026-10-09T17:35:49+0900
2021.04,pcb,VN,904096,8291074,109.0445,0003425293,2026-10-09T17:35:49+0900
2021.04,pcb,WORLD,23873321,218931913,109.0445,0003425293,2026-10-09T17:35:49+0900
2021.04,photoresist,CN,8030795,73646951,109.0445,0003425293,2026-10-09T17:35:49+0900
2021.04,photoresist,KR,5003612,45885964,109.0445,0003425293,2026-10-09T17:35:49+0900
2021.04,photoresist,OTHER,6311325,57878435,109.0445,0003425293,2026-10-09T17:35:49+0900
2021.04,photoresist,TW,7085474,64977821,109.0445,0003425293,2026-10-09T17:35:49+0900
2021.04,photoresist,US,4202848,38542503,109.0445,0003425293,2026-10-09T17:35:49+0900
2021.04,photoresist,VN,335804,3079513,109.0445,0003425293,2026-10-09T17:35:49+0900
2021.04,photoresist,WORLD,30969858,284011188,109.0445,0003425293,2026-10-09T17:35:49+0900
2021.04,semi_equip,CN,139884808,1282823141,109.0445,0003425293,2026-10-09T17:35:49+0900
2021.04,semi_equip,KR,66417671,609087767,109.0445,0003425293,2026-10-09T17:35:49+0900
2021.04,semi_equip,OTHER,26638718,244292174,109.0445,0003425293,2026-10-09T17:35:49+0900
2021.04,semi_equip,TW,49798135,456677182,109.0445,0003425293,2026-10-09T17:35:49+0900
2021.04,semi_equip,US,37070040,339953322,109.0445,0003425293,2026-10-09T17:35:49+0900
2021.04,semi_equip,VN,1417726,13001353,109.0445,0003425293,2026-10-09T17:35:49+0900
2021.04,semi_equip,WORLD,321227098,2945834939,109.0445,0003425293,2026-10-09T17:35:49+0900
2021.04,semi_fab_equip,CN,75302069,690562743,109.0445,0003425293,2026-10-09T17:35:49+0900
2021.04,semi_fab_equip,KR,49633123,455163928,109.0445,0003425293,2026-10-09T17:35:49+0900
2021.04,semi_fab_equip,OTHER,14652622,134372866,109.0445,0003425293,2026-10-09T17:35:49+0900
2021.04,semi_fab_equip,TW,27189162,249340058,109.0445,0003425293,2026-10-09T17:35:49+0900
2021.04,semi_fab_equip,US,20134026,184640454,109.0445,0003425293,2026-10-09T17:35:49+0900
2021.04,semi_fab_equip,VN,950462,8716276,109.0445,0003425293,2026-10-09T17:35:49+0900
2021.04,semi_fab_equip,WORLD,187861464,1722796326,109.0445,0003425293,2026-10-09T17:35:49+0900
2021.04,semi_test,CN,2378037,21807950,109.0445,0003425293,2026-10-09T17:35:49+0900
2021.04,semi_test,KR,3718282,34098758,109.0445,0003425293,2026-10-09T17:35:49+0900
2021.04,semi_test,OTHER,457017,4191105,109.0445,0003425293,2026-10-09T17:35:49+0900
2021.04,semi_test,TW,4105395,37648804,109.0445,0003425293,2026-10-09T17:35:49+0900
2021.04,semi_test,US,493022,4521292,109.0445,0003425293,2026-10-09T17:35:49+0900
2021.04,semi_test,VN,10560,96841,109.0445,0003425293,2026-10-09T17:35:49+0900
2021.04,semi_test,WORLD,11162313,102364750,109.0445,0003425293,2026-10-09T17:35:49+0900
2021.04,transformer,CN,10644135,97612764,109.0445,0003425293,2026-10-09T17:35:49+0900
2021.04,transformer,KR,3076971,28217572,109.0445,0003425293,2026-10-09T17:35:49+0900
2021.04,transformer,OTHER,21785423,199784703,109.0445,0003425293,2026-10-09T17:35:49+0900
2021.04,transformer,TW,2422261,22213509,109.0445,0003425293,2026-10-09T17:35:49+0900
2021.04,transformer,US,9829246,90139769,109.0445,0003425293,2026-10-09T17:35:49+0900
2021.04,transformer,VN,538922,4942221,109.0445,0003425293,2026-10-09T17:35:49+0900
2021.04,transformer,WORLD,48296958,442910537,109.0445,0003425293,2026-10-09T17:35:49+0900
2021.04,transformer_large,KR,477276,4376892,109.0445,0003425293,2026-10-09T17:35:49+0900
2021.04,transformer_large,OTHER,0,0,109.0445,0003425293,2026-10-09T17:35:49+0900
2021.04,transformer_large,TW,0,0,109.0445,0003425293,2026-10-09T17:35:49+0900
2021.04,transformer_large,US,0,0,109.0445,0003425293,2026-10-09T17:35:49+0900
2021.04,transformer_large,WORLD,477276,4376892,109.0445,0003425293,2026-10-09T17:35:49+0900
2021.04,wafer,CN,6562669,60183402,109.0445,0003425293,2026-10-09T17:35:49+0900
2021.04,wafer,KR,7229243,66296264,109.0445,0003425293,2026-10-09T17:35:49+0900
2021.04,wafer,OTHER,7424199,68084122,109.0445,0003425293,2026-10-09T17:35:49+0900
2021.04,wafer,TW,12490988,114549455,109.0445,0003425293,2026-10-09T17:35:49+0900
2021.04,wafer,US,5287243,48487021,109.0445,0003425293,2026-10-09T17:35:49+0900
2021.04,wafer,VN,0,0,109.0445,0003425293,2026-10-09T17:35:49+0900
2021.04,wafer,WORLD,38994342,357600264,109.0445,0003425293,2026-10-09T17:35:49+0900
2021.05,discrete,CN,23053390,211281894,109.1120,0003425293,2026-10-09T17:35:49+0900
2021.05,discrete,KR,4018354,36827792,109.1120,0003425293,2026-10-09T17:35:49+0900
2021.05,discrete,OTHER,46516775,426321349,109.1120,0003425293,2026-10-09T17:35:49+0900
2021.05,discrete,TW,4295238,39365404,109.1120,0003425293,2026-10-09T17:35:49+0900
2021.05,discrete,US,7928731,72665985,109.1120,0003425293,2026-10-09T17:35:49+0900
2021.05,discrete,VN,1484698,13607101,109.1120,0003425293,2026-10-09T17:35:49+0900
2021.05,discrete,WORLD,87297186,800069525,109.1120,0003425293,2026-10-09T17:35:49+0900
2021.05,ic,CN,68057815,623742714,109.1120,0003425293,2026-10-09T17:35:49+0900
2021.05,ic,KR,13105282,120108531,109.1120,0003425293,2026-10-09T17:35:49+0900
2021.05,ic,OTHER,83462689,764926763,109.1120,0003425293,2026-10-09T17:35:49+0900
2021.05,ic,TW,83174075,762281646,109.1120,0003425293,2026-10-09T17:35:49+0900
2021.05,ic,US,9217238,84475016,109.1120,0003425293,2026-10-09T17:35:49+0900
2021.05,ic,VN,16303539,149420220,109.1120,0003425293,2026-10-09T17:35:49+0900
2021.05,ic,WORLD,273320638,2504954890,109.1120,0003425293,2026-10-09T17:35:49+0900
2021.05,liion,CN,5271905,48316455,109.1120,0003425293,2026-10-09T17:35:49+0900
2021.05,liion,KR,297952,2730699,109.1120,0003425293,2026-10-09T17:35:49+0900
2021.05,liion,OTHER,7481585,68567939,109.1120,0003425293,2026-10-09T17:35:49+0900
2021.05,liion,TW,482301,4420238,109.1120,0003425293,2026-10-09T17:35:49+0900
2021.05,liion,US,13542709,124117503,109.1120,0003425293,2026-10-09T17:35:49+0900
2021.05,liion,VN,16873,154639,109.1120,0003425293,2026-10-09T17:35:49+0900
2021.05,liion,WORLD,27093325,248307473,109.1120,0003425293,2026-10-09T17:35:49+0900
2021.05,mlcc,CN,14919424,136734951,109.1120,0003425293,2026-10-09T17:35:49+0900
2021.05,mlcc,KR,3735598,34236363,109.1120,0003425293,2026-10-09T17:35:49+0900
2021.05,mlcc,OTHER,18454121,169130077,109.1120,0003425293,2026-10-09T17:35:49+0900
2021.05,mlcc,TW,5055191,46330294,109.1120,0003425293,2026-10-09T17:35:49+0900
2021.05,mlcc,US,4265284,39090879,109.1120,0003425293,2026-10-09T17:35:49+0900
2021.05,mlcc,VN,799238,7324932,109.1120,0003425293,2026-10-09T17:35:49+0900
2021.05,mlcc,WORLD,47228856,432847496,109.1120,0003425293,2026-10-09T17:35:49+0900
2021.05,pcb,CN,5458116,50023059,109.1120,0003425293,2026-10-09T17:35:49+0900
2021.05,pcb,KR,2581442,23658644,109.1120,0003425293,2026-10-09T17:35:49+0900
2021.05,pcb,OTHER,9646802,88411925,109.1120,0003425293,2026-10-09T17:35:49+0900
2021.05,pcb,TW,2410171,22088964,109.1120,0003425293,2026-10-09T17:35:49+0900
2021.05,pcb,US,1339016,12271941,109.1120,0003425293,2026-10-09T17:35:49+0900
2021.05,pcb,VN,638885,5855314,109.1120,0003425293,2026-10-09T17:35:49+0900
2021.05,pcb,WORLD,22074432,202309847,109.1120,0003425293,2026-10-09T17:35:49+0900
2021.05,photoresist,CN,6819311,62498268,109.1120,0003425293,2026-10-09T17:35:49+0900
2021.05,photoresist,KR,4022813,36868658,109.1120,0003425293,2026-10-09T17:35:49+0900
2021.05,photoresist,OTHER,6324102,57959729,109.1120,0003425293,2026-10-09T17:35:49+0900
2021.05,photoresist,TW,6321979,57940272,109.1120,0003425293,2026-10-09T17:35:49+0900
2021.05,photoresist,US,4216399,38642853,109.1120,0003425293,2026-10-09T17:35:49+0900
2021.05,photoresist,VN,368520,3377447,109.1120,0003425293,2026-10-09T17:35:49+0900
2021.05,photoresist,WORLD,28073124,257287228,109.1120,0003425293,2026-10-09T17:35:49+0900
2021.05,semi_equip,CN,101273430,928160331,109.1120,0003425293,2026-10-09T17:35:49+0900
2021.05,semi_equip,KR,35569500,325990725,109.1120,0003425293,2026-10-09T17:35:49+0900
2021.05,semi_equip,OTHER,17221648,157834592,109.1120,0003425293,2026-10-09T17:35:49+0900
2021.05,semi_equip,TW,43732001,400799188,109.1120,0003425293,2026-10-09T17:35:49+0900
2021.05,semi_equip,US,25910521,237467199,109.1120,0003425293,2026-10-09T17:35:49+0900
2021.05,semi_equip,VN,2494722,22863865,109.1120,0003425293,2026-10-09T17:35:49+0900
2021.05,semi_equip,WORLD,226201822,2073115899,109.1120,0003425293,2026-10-09T17:35:49+0900
2021.05,semi_fab_equip,CN,63162643,578878978,109.1120,0003425293,2026-10-09T17:35:49+0900
2021.05,semi_fab_equip,KR,22021029,201820414,109.1120,0003425293,2026-10-09T17:35:49+0900
2021.05,semi_fab_equip,OTHER,7749760,71025735,109.1120,0003425293,2026-10-09T17:35:49+0900
2021.05,semi_fab_equip,TW,26970366,247180567,109.1120,0003425293,2026-10-09T17:35:49+0900
2021.05,semi_fab_equip,US,11058802,101352757,109.1120,0003425293,2026-10-09T17:35:49+0900
2021.05,semi_fab_equip,VN,1519411,13925242,109.1120,0003425293,2026-10-09T17:35:49+0900
2021.05,semi_fab_equip,WORLD,132482011,1214183692,109.1120,0003425293,2026-10-09T17:35:49+0900
2021.05,semi_test,CN,5628936,51588606,109.1120,0003425293,2026-10-09T17:35:49+0900
2021.05,semi_test,KR,3644180,33398526,109.1120,0003425293,2026-10-09T17:35:49+0900
2021.05,semi_test,OTHER,805954,7386484,109.1120,0003425293,2026-10-09T17:35:49+0900
2021.05,semi_test,TW,4042461,37048730,109.1120,0003425293,2026-10-09T17:35:49+0900
2021.05,semi_test,US,1324050,12134779,109.1120,0003425293,2026-10-09T17:35:49+0900
2021.05,semi_test,VN,0,0,109.1120,0003425293,2026-10-09T17:35:49+0900
2021.05,semi_test,WORLD,15445581,141557125,109.1120,0003425293,2026-10-09T17:35:49+0900
2021.05,transformer,CN,9034714,82802203,109.1120,0003425293,2026-10-09T17:35:49+0900
2021.05,transformer,KR,2261912,20730185,109.1120,0003425293,2026-10-09T17:35:49+0900
2021.05,transformer,OTHER,18292983,167653265,109.1120,0003425293,2026-10-09T17:35:49+0900
2021.05,transformer,TW,3118805,28583520,109.1120,0003425293,2026-10-09T17:35:49+0900
2021.05,transformer,US,7973049,73072155,109.1120,0003425293,2026-10-09T17:35:49+0900
2021.05,transformer,VN,529648,4854168,109.1120,0003425293,2026-10-09T17:35:49+0900
2021.05,transformer,WORLD,41211111,377695496,109.1120,0003425293,2026-10-09T17:35:49+0900
2021.05,transformer_large,KR,0,0,109.1120,0003425293,2026-10-09T17:35:49+0900
2021.05,transformer_large,OTHER,0,0,109.1120,0003425293,2026-10-09T17:35:49+0900
2021.05,transformer_large,TW,253525,2323530,109.1120,0003425293,2026-10-09T17:35:49+0900
2021.05,transformer_large,US,0,0,109.1120,0003425293,2026-10-09T17:35:49+0900
2021.05,transformer_large,WORLD,253525,2323530,109.1120,0003425293,2026-10-09T17:35:49+0900
2021.05,wafer,CN,8991670,82407710,109.1120,0003425293,2026-10-09T17:35:49+0900
2021.05,wafer,KR,6647685,60925334,109.1120,0003425293,2026-10-09T17:35:49+0900
2021.05,wafer,OTHER,8670893,79467822,109.1120,0003425293,2026-10-09T17:35:49+0900
2021.05,wafer,TW,13305896,121947137,109.1120,0003425293,2026-10-09T17:35:49+0900
2021.05,wafer,US,5808882,53237792,109.1120,0003425293,2026-10-09T17:35:49+0900
2021.05,wafer,VN,0,0,109.1120,0003425293,2026-10-09T17:35:49+0900
2021.05,wafer,WORLD,43425026,397985794,109.1120,0003425293,2026-10-09T17:35:49+0900
2021.06,discrete,CN,27861616,253040589,110.1073,0003425293,2026-10-09T17:35:49+0900
2021.06,discrete,KR,4095000,37190995,110.1073,0003425293,2026-10-09T17:35:49+0900
2021.06,discrete,OTHER,52501722,476823262,110.1073,0003425293,2026-10-09T17:35:49+0900
2021.06,discrete,TW,5154724,46815461,110.1073,0003425293,2026-10-09T17:35:49+0900
2021.06,discrete,US,8535048,77515732,110.1073,0003425293,2026-10-09T17:35:49+0900
2021.06,discrete,VN,1891302,17176899,110.1073,0003425293,2026-10-09T17:35:49+0900
2021.06,discrete,WORLD,100039412,908562938,110.1073,0003425293,2026-10-09T17:35:49+0900
2021.06,ic,CN,69887773,634724246,110.1073,0003425293,2026-10-09T17:35:49+0900
2021.06,ic,KR,15868025,144114196,110.1073,0003425293,2026-10-09T17:35:49+0900
2021.06,ic,OTHER,89403491,811966972,110.1073,0003425293,2026-10-09T17:35:49+0900
2021.06,ic,TW,88569060,804388628,110.1073,0003425293,2026-10-09T17:35:49+0900
2021.06,ic,US,10458626,94985764,110.1073,0003425293,2026-10-09T17:35:49+0900
2021.06,ic,VN,18106936,164448097,110.1073,0003425293,2026-10-09T17:35:49+0900
2021.06,ic,WORLD,292293911,2654627904,110.1073,0003425293,2026-10-09T17:35:49+0900
2021.06,liion,CN,5409969,49133609,110.1073,0003425293,2026-10-09T17:35:49+0900
2021.06,liion,KR,289848,2632414,110.1073,0003425293,2026-10-09T17:35:49+0900
2021.06,liion,OTHER,9210133,83646888,110.1073,0003425293,2026-10-09T17:35:49+0900
2021.06,liion,TW,441049,4005629,110.1073,0003425293,2026-10-09T17:35:49+0900
2021.06,liion,US,19458685,176724749,110.1073,0003425293,2026-10-09T17:35:49+0900
2021.06,liion,VN,10438,94798,110.1073,0003425293,2026-10-09T17:35:49+0900
2021.06,liion,WORLD,34820122,316238088,110.1073,0003425293,2026-10-09T17:35:49+0900
2021.06,mlcc,CN,15816950,143650330,110.1073,0003425293,2026-10-09T17:35:49+0900
2021.06,mlcc,KR,4698549,42672457,110.1073,0003425293,2026-10-09T17:35:49+0900
2021.06,mlcc,OTHER,20409375,185358963,110.1073,0003425293,2026-10-09T17:35:49+0900
2021.06,mlcc,TW,5060721,45961721,110.1073,0003425293,2026-10-09T17:35:49+0900
2021.06,mlcc,US,4239271,38501271,110.1073,0003425293,2026-10-09T17:35:49+0900
2021.06,mlcc,VN,818101,7430034,110.1073,0003425293,2026-10-09T17:35:49+0900
2021.06,mlcc,WORLD,51042967,463574777,110.1073,0003425293,2026-10-09T17:35:49+0900
2021.06,pcb,CN,6587095,59824326,110.1073,0003425293,2026-10-09T17:35:49+0900
2021.06,pcb,KR,3740099,33967766,110.1073,0003425293,2026-10-09T17:35:49+0900
2021.06,pcb,OTHER,11735140,106579128,110.1073,0003425293,2026-10-09T17:35:49+0900
2021.06,pcb,TW,2568009,23322786,110.1073,0003425293,2026-10-09T17:35:49+0900
2021.06,pcb,US,1312182,11917302,110.1073,0003425293,2026-10-09T17:35:49+0900
2021.06,pcb,VN,945864,8590384,110.1073,0003425293,2026-10-09T17:35:49+0900
2021.06,pcb,WORLD,26888389,244201692,110.1073,0003425293,2026-10-09T17:35:49+0900
2021.06,photoresist,CN,7118298,64648738,110.1073,0003425293,2026-10-09T17:35:49+0900
2021.06,photoresist,KR,4973910,45173299,110.1073,0003425293,2026-10-09T17:35:49+0900
2021.06,photoresist,OTHER,4805188,43640958,110.1073,0003425293,2026-10-09T17:35:49+0900
2021.06,photoresist,TW,7831877,71129498,110.1073,0003425293,2026-10-09T17:35:49+0900
2021.06,photoresist,US,4984711,45271394,110.1073,0003425293,2026-10-09T17:35:49+0900
2021.06,photoresist,VN,596166,5414409,110.1073,0003425293,2026-10-09T17:35:49+0900
2021.06,photoresist,WORLD,30310150,275278297,110.1073,0003425293,2026-10-09T17:35:49+0900
2021.06,semi_equip,CN,120269437,1092293036,110.1073,0003425293,2026-10-09T17:35:49+0900
2021.06,semi_equip,KR,50673803,460222011,110.1073,0003425293,2026-10-09T17:35:49+0900
2021.06,semi_equip,OTHER,21021491,190918232,110.1073,0003425293,2026-10-09T17:35:49+0900
2021.06,semi_equip,TW,52572792,477468724,110.1073,0003425293,2026-10-09T17:35:49+0900
2021.06,semi_equip,US,32422688,294464472,110.1073,0003425293,2026-10-09T17:35:49+0900
2021.06,semi_equip,VN,1611966,14639956,110.1073,0003425293,2026-10-09T17:35:49+0900
2021.06,semi_equip,WORLD,278572177,2530006430,110.1073,0003425293,2026-10-09T17:35:49+0900
2021.06,semi_fab_equip,CN,84192467,764640192,110.1073,0003425293,2026-10-09T17:35:49+0900
2021.06,semi_fab_equip,KR,30799526,279722834,110.1073,0003425293,2026-10-09T17:35:49+0900
2021.06,semi_fab_equip,OTHER,9730743,88375094,110.1073,0003425293,2026-10-09T17:35:49+0900
2021.06,semi_fab_equip,TW,32850627,298351036,110.1073,0003425293,2026-10-09T17:35:49+0900
2021.06,semi_fab_equip,US,14268455,129586821,110.1073,0003425293,2026-10-09T17:35:49+0900
2021.06,semi_fab_equip,VN,1007065,9146215,110.1073,0003425293,2026-10-09T17:35:49+0900
2021.06,semi_fab_equip,WORLD,172848883,1569822192,110.1073,0003425293,2026-10-09T17:35:49+0900
2021.06,semi_test,CN,3103053,28182082,110.1073,0003425293,2026-10-09T17:35:49+0900
2021.06,semi_test,KR,2685376,24388719,110.1073,0003425293,2026-10-09T17:35:49+0900
2021.06,semi_test,OTHER,287278,2609073,110.1073,0003425293,2026-10-09T17:35:49+0900
2021.06,semi_test,TW,3089771,28061455,110.1073,0003425293,2026-10-09T17:35:49+0900
2021.06,semi_test,US,5043127,45801931,110.1073,0003425293,2026-10-09T17:35:49+0900
2021.06,semi_test,VN,4407,40025,110.1073,0003425293,2026-10-09T17:35:49+0900
2021.06,semi_test,WORLD,14213012,129083285,110.1073,0003425293,2026-10-09T17:35:49+0900
2021.06,transformer,CN,10190146,92547415,110.1073,0003425293,2026-10-09T17:35:49+0900
2021.06,transformer,KR,3702385,33625246,110.1073,0003425293,2026-10-09T17:35:49+0900
2021.06,transformer,OTHER,18123158,164595426,110.1073,0003425293,2026-10-09T17:35:49+0900
2021.06,transformer,TW,2786302,25305334,110.1073,0003425293,2026-10-09T17:35:49+0900
2021.06,transformer,US,9014232,81867705,110.1073,0003425293,2026-10-09T17:35:49+0900
2021.06,transformer,VN,543370,4934913,110.1073,0003425293,2026-10-09T17:35:49+0900
2021.06,transformer,WORLD,44359593,402876040,110.1073,0003425293,2026-10-09T17:35:49+0900
2021.06,transformer_large,KR,317450,2883097,110.1073,0003425293,2026-10-09T17:35:49+0900
2021.06,transformer_large,OTHER,0,0,110.1073,0003425293,2026-10-09T17:35:49+0900
2021.06,transformer_large,TW,0,0,110.1073,0003425293,2026-10-09T17:35:49+0900
2021.06,transformer_large,US,0,0,110.1073,0003425293,2026-10-09T17:35:49+0900
2021.06,transformer_large,WORLD,317450,2883097,110.1073,0003425293,2026-10-09T17:35:49+0900
2021.06,wafer,CN,8388778,76187301,110.1073,0003425293,2026-10-09T17:35:49+0900
2021.06,wafer,KR,7071971,64227994,110.1073,0003425293,2026-10-09T17:35:49+0900
2021.06,wafer,OTHER,8934711,81145492,110.1073,0003425293,2026-10-09T17:35:49+0900
2021.06,wafer,TW,13199643,119879817,110.1073,0003425293,2026-10-09T17:35:49+0900
2021.06,wafer,US,5565339,50544687,110.1073,0003425293,2026-10-09T17:35:49+0900
2021.06,wafer,VN,1759,15975,110.1073,0003425293,2026-10-09T17:35:49+0900
2021.06,wafer,WORLD,43162201,392001266,110.1073,0003425293,2026-10-09T17:35:49+0900
2021.07,discrete,CN,28160352,255505429,110.2143,0003425293,2026-10-09T17:35:49+0900
2021.07,discrete,KR,3765269,34163162,110.2143,0003425293,2026-10-09T17:35:49+0900
2021.07,discrete,OTHER,51005821,462787687,110.2143,0003425293,2026-10-09T17:35:49+0900
2021.07,discrete,TW,6656357,60394677,110.2143,0003425293,2026-10-09T17:35:49+0900
2021.07,discrete,US,8707516,79005320,110.2143,0003425293,2026-10-09T17:35:49+0900
2021.07,discrete,VN,1505598,13660641,110.2143,0003425293,2026-10-09T17:35:49+0900
2021.07,discrete,WORLD,99800913,905516916,110.2143,0003425293,2026-10-09T17:35:49+0900
2021.07,ic,CN,84380102,765600308,110.2143,0003425293,2026-10-09T17:35:49+0900
2021.07,ic,KR,21096300,191411641,110.2143,0003425293,2026-10-09T17:35:49+0900
2021.07,ic,OTHER,92864796,842583912,110.2143,0003425293,2026-10-09T17:35:49+0900
2021.07,ic,TW,87708412,795798839,110.2143,0003425293,2026-10-09T17:35:49+0900
2021.07,ic,US,11257689,102143633,110.2143,0003425293,2026-10-09T17:35:49+0900
2021.07,ic,VN,29265033,265528457,110.2143,0003425293,2026-10-09T17:35:49+0900
2021.07,ic,WORLD,326572332,2963066789,110.2143,0003425293,2026-10-09T17:35:49+0900
2021.07,liion,CN,5793301,52563969,110.2143,0003425293,2026-10-09T17:35:49+0900
2021.07,liion,KR,515467,4676952,110.2143,0003425293,2026-10-09T17:35:49+0900
2021.07,liion,OTHER,9358295,84909989,110.2143,0003425293,2026-10-09T17:35:49+0900
2021.07,liion,TW,433377,3932130,110.2143,0003425293,2026-10-09T17:35:49+0900
2021.07,liion,US,17098806,155141447,110.2143,0003425293,2026-10-09T17:35:49+0900
2021.07,liion,VN,56030,508373,110.2143,0003425293,2026-10-09T17:35:49+0900
2021.07,liion,WORLD,33255276,301732860,110.2143,0003425293,2026-10-09T17:35:49+0900
2021.07,mlcc,CN,17995379,163276263,110.2143,0003425293,2026-10-09T17:35:49+0900
2021.07,mlcc,KR,4515851,40973367,110.2143,0003425293,2026-10-09T17:35:49+0900
2021.07,mlcc,OTHER,20690118,187726257,110.2143,0003425293,2026-10-09T17:35:49+0900
2021.07,mlcc,TW,7306372,66292414,110.2143,0003425293,2026-10-09T17:35:49+0900
2021.07,mlcc,US,4088336,37094424,110.2143,0003425293,2026-10-09T17:35:49+0900
2021.07,mlcc,VN,879590,7980725,110.2143,0003425293,2026-10-09T17:35:49+0900
2021.07,mlcc,WORLD,55475646,503343450,110.2143,0003425293,2026-10-09T17:35:49+0900
2021.07,pcb,CN,7301790,66250840,110.2143,0003425293,2026-10-09T17:35:49+0900
2021.07,pcb,KR,4408298,39997514,110.2143,0003425293,2026-10-09T17:35:49+0900
2021.07,pcb,OTHER,14038672,127376139,110.2143,0003425293,2026-10-09T17:35:49+0900
2021.07,pcb,TW,2648219,24027907,110.2143,0003425293,2026-10-09T17:35:49+0900
2021.07,pcb,US,1316562,11945474,110.2143,0003425293,2026-10-09T17:35:49+0900
2021.07,pcb,VN,1425900,12937523,110.2143,0003425293,2026-10-09T17:35:49+0900
2021.07,pcb,WORLD,31139441,282535397,110.2143,0003425293,2026-10-09T17:35:49+0900
2021.07,photoresist,CN,8459568,76755630,110.2143,0003425293,2026-10-09T17:35:49+0900
2021.07,photoresist,KR,5134697,46588301,110.2143,0003425293,2026-10-09T17:35:49+0900
2021.07,photoresist,OTHER,7277954,66034571,110.2143,0003425293,2026-10-09T17:35:49+0900
2021.07,photoresist,TW,7005895,63566116,110.2143,0003425293,2026-10-09T17:35:49+0900
2021.07,photoresist,US,5031201,45649258,110.2143,0003425293,2026-10-09T17:35:49+0900
2021.07,photoresist,VN,745184,6761228,110.2143,0003425293,2026-10-09T17:35:49+0900
2021.07,photoresist,WORLD,33654499,305355104,110.2143,0003425293,2026-10-09T17:35:49+0900
2021.07,semi_equip,CN,107575923,976061391,110.2143,0003425293,2026-10-09T17:35:49+0900
2021.07,semi_equip,KR,41103183,372938748,110.2143,0003425293,2026-10-09T17:35:49+0900
2021.07,semi_equip,OTHER,25696434,233149727,110.2143,0003425293,2026-10-09T17:35:49+0900
2021.07,semi_equip,TW,75185279,682173538,110.2143,0003425293,2026-10-09T17:35:49+0900
2021.07,semi_equip,US,34188253,310197978,110.2143,0003425293,2026-10-09T17:35:49+0900
2021.07,semi_equip,VN,1303371,11825788,110.2143,0003425293,2026-10-09T17:35:49+0900
2021.07,semi_equip,WORLD,285052443,2586347171,110.2143,0003425293,2026-10-09T17:35:49+0900
2021.07,semi_fab_equip,CN,64429097,584580195,110.2143,0003425293,2026-10-09T17:35:49+0900
2021.07,semi_fab_equip,KR,28318738,256942502,110.2143,0003425293,2026-10-09T17:35:49+0900
2021.07,semi_fab_equip,OTHER,11369979,103162466,110.2143,0003425293,2026-10-09T17:35:49+0900
2021.07,semi_fab_equip,TW,51103574,463674623,110.2143,0003425293,2026-10-09T17:35:49+0900
2021.07,semi_fab_equip,US,17367106,157575796,110.2143,0003425293,2026-10-09T17:35:49+0900
2021.07,semi_fab_equip,VN,1037118,9410013,110.2143,0003425293,2026-10-09T17:35:49+0900
2021.07,semi_fab_equip,WORLD,173625612,1575345595,110.2143,0003425293,2026-10-09T17:35:49+0900
2021.07,semi_test,CN,4850145,44006495,110.2143,0003425293,2026-10-09T17:35:49+0900
2021.07,semi_test,KR,2474058,22447704,110.2143,0003425293,2026-10-09T17:35:49+0900
2021.07,semi_test,OTHER,430967,3910264,110.2143,0003425293,2026-10-09T17:35:49+0900
2021.07,semi_test,TW,2460005,22320198,110.2143,0003425293,2026-10-09T17:35:49+0900
2021.07,semi_test,US,1981735,17980743,110.2143,0003425293,2026-10-09T17:35:49+0900
2021.07,semi_test,VN,4417,40076,110.2143,0003425293,2026-10-09T17:35:49+0900
2021.07,semi_test,WORLD,12201327,110705480,110.2143,0003425293,2026-10-09T17:35:49+0900
2021.07,transformer,CN,11962907,108542240,110.2143,0003425293,2026-10-09T17:35:49+0900
2021.07,transformer,KR,3019685,27398305,110.2143,0003425293,2026-10-09T17:35:49+0900
2021.07,transformer,OTHER,20573165,186665115,110.2143,0003425293,2026-10-09T17:35:49+0900
2021.07,transformer,TW,3424722,31073300,110.2143,0003425293,2026-10-09T17:35:49+0900
2021.07,transformer,US,10175503,92324707,110.2143,0003425293,2026-10-09T17:35:49+0900
2021.07,transformer,VN,646638,5867097,110.2143,0003425293,2026-10-09T17:35:49+0900
2021.07,transformer,WORLD,49802620,451870765,110.2143,0003425293,2026-10-09T17:35:49+0900
2021.07,transformer_large,KR,0,0,110.2143,0003425293,2026-10-09T17:35:49+0900
2021.07,transformer_large,OTHER,0,0,110.2143,0003425293,2026-10-09T17:35:49+0900
2021.07,transformer_large,TW,0,0,110.2143,0003425293,2026-10-09T17:35:49+0900
2021.07,transformer_large,US,0,0,110.2143,0003425293,2026-10-09T17:35:49+0900
2021.07,transformer_large,WORLD,0,0,110.2143,0003425293,2026-10-09T17:35:49+0900
2021.07,wafer,CN,7836506,71102443,110.2143,0003425293,2026-10-09T17:35:49+0900
2021.07,wafer,KR,7811815,70878416,110.2143,0003425293,2026-10-09T17:35:49+0900
2021.07,wafer,OTHER,8225755,74634190,110.2143,0003425293,2026-10-09T17:35:49+0900
2021.07,wafer,TW,11256579,102133562,110.2143,0003425293,2026-10-09T17:35:49+0900
2021.07,wafer,US,5701663,51732516,110.2143,0003425293,2026-10-09T17:35:49+0900
2021.07,wafer,VN,5529,50166,110.2143,0003425293,2026-10-09T17:35:49+0900
2021.07,wafer,WORLD,40837847,370531292,110.2143,0003425293,2026-10-09T17:35:49+0900
2021.08,discrete,CN,23640879,215205261,109.8527,0003425293,2026-10-09T17:35:49+0900
2021.08,discrete,KR,4011452,36516645,109.8527,0003425293,2026-10-09T17:35:49+0900
2021.08,discrete,OTHER,48182345,438608655,109.8527,0003425293,2026-10-09T17:35:49+0900
2021.08,discrete,TW,5769835,52523379,109.8527,0003425293,2026-10-09T17:35:49+0900
2021.08,discrete,US,8061332,73383103,109.8527,0003425293,2026-10-09T17:35:49+0900
2021.08,discrete,VN,1302001,11852244,109.8527,0003425293,2026-10-09T17:35:49+0900
2021.08,discrete,WORLD,90967844,828089287,109.8527,0003425293,2026-10-09T17:35:49+0900
2021.08,ic,CN,80069793,728883250,109.8527,0003425293,2026-10-09T17:35:49+0900
2021.08,ic,KR,20235304,184203975,109.8527,0003425293,2026-10-09T17:35:49+0900
2021.08,ic,OTHER,89738667,816899967,109.8527,0003425293,2026-10-09T17:35:49+0900
2021.08,ic,TW,91705288,834802313,109.8527,0003425293,2026-10-09T17:35:49+0900
2021.08,ic,US,9978807,90838068,109.8527,0003425293,2026-10-09T17:35:49+0900
2021.08,ic,VN,24578503,223740545,109.8527,0003425293,2026-10-09T17:35:49+0900
2021.08,ic,WORLD,316306362,2879368117,109.8527,0003425293,2026-10-09T17:35:49+0900
2021.08,liion,CN,2668849,24294797,109.8527,0003425293,2026-10-09T17:35:49+0900
2021.08,liion,KR,354506,3227103,109.8527,0003425293,2026-10-09T17:35:49+0900
2021.08,liion,OTHER,10717957,97566623,109.8527,0003425293,2026-10-09T17:35:49+0900
2021.08,liion,TW,391594,3564719,109.8527,0003425293,2026-10-09T17:35:49+0900
2021.08,liion,US,13781375,125453221,109.8527,0003425293,2026-10-09T17:35:49+0900
2021.08,liion,VN,32730,297944,109.8527,0003425293,2026-10-09T17:35:49+0900
2021.08,liion,WORLD,27947011,254404407,109.8527,0003425293,2026-10-09T17:35:49+0900
2021.08,mlcc,CN,16468724,149916424,109.8527,0003425293,2026-10-09T17:35:49+0900
2021.08,mlcc,KR,4566155,41566161,109.8527,0003425293,2026-10-09T17:35:49+0900
2021.08,mlcc,OTHER,21327973,194150649,109.8527,0003425293,2026-10-09T17:35:49+0900
2021.08,mlcc,TW,6142210,55913146,109.8527,0003425293,2026-10-09T17:35:49+0900
2021.08,mlcc,US,4300749,39150144,109.8527,0003425293,2026-10-09T17:35:49+0900
2021.08,mlcc,VN,684726,6233129,109.8527,0003425293,2026-10-09T17:35:49+0900
2021.08,mlcc,WORLD,53490537,486929652,109.8527,0003425293,2026-10-09T17:35:49+0900
2021.08,pcb,CN,7701028,70103220,109.8527,0003425293,2026-10-09T17:35:49+0900
2021.08,pcb,KR,4313188,39263377,109.8527,0003425293,2026-10-09T17:35:49+0900
2021.08,pcb,OTHER,13082607,119092266,109.8527,0003425293,2026-10-09T17:35:49+0900
2021.08,pcb,TW,2748725,25021916,109.8527,0003425293,2026-10-09T17:35:49+0900
2021.08,pcb,US,1267094,11534482,109.8527,0003425293,2026-10-09T17:35:49+0900
2021.08,pcb,VN,1290013,11743116,109.8527,0003425293,2026-10-09T17:35:49+0900
2021.08,pcb,WORLD,30402655,276758377,109.8527,0003425293,2026-10-09T17:35:49+0900
2021.08,photoresist,CN,6738601,61342152,109.8527,0003425293,2026-10-09T17:35:49+0900
2021.08,photoresist,KR,4443289,40447700,109.8527,0003425293,2026-10-09T17:35:49+0900
2021.08,photoresist,OTHER,5182819,47179714,109.8527,0003425293,2026-10-09T17:35:49+0900
2021.08,photoresist,TW,7248936,65987782,109.8527,0003425293,2026-10-09T17:35:49+0900
2021.08,photoresist,US,4569939,41600607,109.8527,0003425293,2026-10-09T17:35:49+0900
2021.08,photoresist,VN,417469,3800262,109.8527,0003425293,2026-10-09T17:35:49+0900
2021.08,photoresist,WORLD,28601053,260358216,109.8527,0003425293,2026-10-09T17:35:49+0900
2021.08,semi_equip,CN,95245872,867032599,109.8527,0003425293,2026-10-09T17:35:49+0900
2021.08,semi_equip,KR,44941968,409111183,109.8527,0003425293,2026-10-09T17:35:49+0900
2021.08,semi_equip,OTHER,30117345,274161172,109.8527,0003425293,2026-10-09T17:35:49+0900
2021.08,semi_equip,TW,82024903,746680810,109.8527,0003425293,2026-10-09T17:35:49+0900
2021.08,semi_equip,US,30941900,281667178,109.8527,0003425293,2026-10-09T17:35:49+0900
2021.08,semi_equip,VN,269053,2449216,109.8527,0003425293,2026-10-09T17:35:49+0900
2021.08,semi_equip,WORLD,283541041,2581102158,109.8527,0003425293,2026-10-09T17:35:49+0900
2021.08,semi_fab_equip,CN,49506020,450658200,109.8527,0003425293,2026-10-09T17:35:49+0900
2021.08,semi_fab_equip,KR,34354232,312729974,109.8527,0003425293,2026-10-09T17:35:49+0900
2021.08,semi_fab_equip,OTHER,15958762,145274190,109.8527,0003425293,2026-10-09T17:35:49+0900
2021.08,semi_fab_equip,TW,52890985,481471871,109.8527,0003425293,2026-10-09T17:35:49+0900
2021.08,semi_fab_equip,US,16351581,148850060,109.8527,0003425293,2026-10-09T17:35:49+0900
2021.08,semi_fab_equip,VN,14753,134298,109.8527,0003425293,2026-10-09T17:35:49+0900
2021.08,semi_fab_equip,WORLD,169076333,1539118592,109.8527,0003425293,2026-10-09T17:35:49+0900
2021.08,semi_test,CN,3539088,32216668,109.8527,0003425293,2026-10-09T17:35:49+0900
2021.08,semi_test,KR,2629136,23933285,109.8527,0003425293,2026-10-09T17:35:49+0900
2021.08,semi_test,OTHER,495813,4513435,109.8527,0003425293,2026-10-09T17:35:49+0900
2021.08,semi_test,TW,8178968,74453955,109.8527,0003425293,2026-10-09T17:35:49+0900
2021.08,semi_test,US,5116787,46578618,109.8527,0003425293,2026-10-09T17:35:49+0900
2021.08,semi_test,VN,41724,379818,109.8527,0003425293,2026-10-09T17:35:49+0900
2021.08,semi_test,WORLD,20001516,182075780,109.8527,0003425293,2026-10-09T17:35:49+0900
2021.08,transformer,CN,10673857,97165177,109.8527,0003425293,2026-10-09T17:35:49+0900
2021.08,transformer,KR,3149869,28673569,109.8527,0003425293,2026-10-09T17:35:49+0900
2021.08,transformer,OTHER,18713383,170349777,109.8527,0003425293,2026-10-09T17:35:49+0900
2021.08,transformer,TW,2735952,24905642,109.8527,0003425293,2026-10-09T17:35:49+0900
2021.08,transformer,US,6446371,58681953,109.8527,0003425293,2026-10-09T17:35:49+0900
2021.08,transformer,VN,531648,4839644,109.8527,0003425293,2026-10-09T17:35:49+0900
2021.08,transformer,WORLD,42251080,384615763,109.8527,0003425293,2026-10-09T17:35:49+0900
2021.08,transformer_large,KR,0,0,109.8527,0003425293,2026-10-09T17:35:49+0900
2021.08,transformer_large,OTHER,470089,4279267,109.8527,0003425293,2026-10-09T17:35:49+0900
2021.08,transformer_large,TW,0,0,109.8527,0003425293,2026-10-09T17:35:49+0900
2021.08,transformer_large,US,0,0,109.8527,0003425293,2026-10-09T17:35:49+0900
2021.08,transformer_large,WORLD,470089,4279267,109.8527,0003425293,2026-10-09T17:35:49+0900
2021.08,wafer,CN,8149058,74181681,109.8527,0003425293,2026-10-09T17:35:49+0900
2021.08,wafer,KR,8271535,75296602,109.8527,0003425293,2026-10-09T17:35:49+0900
2021.08,wafer,OTHER,8435705,76791057,109.8527,0003425293,2026-10-09T17:35:49+0900
2021.08,wafer,TW,12953150,117913806,109.8527,0003425293,2026-10-09T17:35:49+0900
2021.08,wafer,US,5849128,53245191,109.8527,0003425293,2026-10-09T17:35:49+0900
2021.08,wafer,VN,0,0,109.8527,0003425293,2026-10-09T17:35:49+0900
2021.08,wafer,WORLD,43658576,397428338,109.8527,0003425293,2026-10-09T17:35:49+0900
2021.09,discrete,CN,26224074,238052251,110.1610,0003425293,2026-10-09T17:35:49+0900
2021.09,discrete,KR,4317508,39192709,110.1610,0003425293,2026-10-09T17:35:49+0900
2021.09,discrete,OTHER,52335905,475085602,110.1610,0003425293,2026-10-09T17:35:49+0900
2021.09,discrete,TW,5052941,45868692,110.1610,0003425293,2026-10-09T17:35:49+0900
2021.09,discrete,US,8824787,80108087,110.1610,0003425293,2026-10-09T17:35:49+0900
2021.09,discrete,VN,1335501,12123174,110.1610,0003425293,2026-10-09T17:35:49+0900
2021.09,discrete,WORLD,98090716,890430515,110.1610,0003425293,2026-10-09T17:35:49+0900
2021.09,ic,CN,87387849,793273926,110.1610,0003425293,2026-10-09T17:35:49+0900
2021.09,ic,KR,35019422,317893102,110.1610,0003425293,2026-10-09T17:35:49+0900
2021.09,ic,OTHER,99660231,904677980,110.1610,0003425293,2026-10-09T17:35:49+0900
2021.09,ic,TW,93244165,846435354,110.1610,0003425293,2026-10-09T17:35:49+0900
2021.09,ic,US,10930251,99220695,110.1610,0003425293,2026-10-09T17:35:49+0900
2021.09,ic,VN,26406439,239707691,110.1610,0003425293,2026-10-09T17:35:49+0900
2021.09,ic,WORLD,352648357,3201208749,110.1610,0003425293,2026-10-09T17:35:49+0900
2021.09,liion,CN,4466288,40543278,110.1610,0003425293,2026-10-09T17:35:49+0900
2021.09,liion,KR,478910,4347364,110.1610,0003425293,2026-10-09T17:35:49+0900
2021.09,liion,OTHER,9611825,87252521,110.1610,0003425293,2026-10-09T17:35:49+0900
2021.09,liion,TW,627550,5696662,110.1610,0003425293,2026-10-09T17:35:49+0900
2021.09,liion,US,9168252,83225933,110.1610,0003425293,2026-10-09T17:35:49+0900
2021.09,liion,VN,19154,173873,110.1610,0003425293,2026-10-09T17:35:49+0900
2021.09,liion,WORLD,24371979,221239631,110.1610,0003425293,2026-10-09T17:35:49+0900
2021.09,mlcc,CN,18241698,165591253,110.1610,0003425293,2026-10-09T17:35:49+0900
2021.09,mlcc,KR,4565172,41440909,110.1610,0003425293,2026-10-09T17:35:49+0900
2021.09,mlcc,OTHER,23625201,214460662,110.1610,0003425293,2026-10-09T17:35:49+0900
2021.09,mlcc,TW,6787267,61612249,110.1610,0003425293,2026-10-09T17:35:49+0900
2021.09,mlcc,US,4254895,38624332,110.1610,0003425293,2026-10-09T17:35:49+0900
2021.09,mlcc,VN,697778,6334165,110.1610,0003425293,2026-10-09T17:35:49+0900
2021.09,mlcc,WORLD,58172011,528063571,110.1610,0003425293,2026-10-09T17:35:49+0900
2021.09,pcb,CN,7902462,71735569,110.1610,0003425293,2026-10-09T17:35:49+0900
2021.09,pcb,KR,4710832,42763156,110.1610,0003425293,2026-10-09T17:35:49+0900
2021.09,pcb,OTHER,14423756,130933416,110.1610,0003425293,2026-10-09T17:35:49+0900
2021.09,pcb,TW,2737893,24853560,110.1610,0003425293,2026-10-09T17:35:49+0900
2021.09,pcb,US,1398963,12699258,110.1610,0003425293,2026-10-09T17:35:49+0900
2021.09,pcb,VN,1529421,13883507,110.1610,0003425293,2026-10-09T17:35:49+0900
2021.09,pcb,WORLD,32703327,296868465,110.1610,0003425293,2026-10-09T17:35:49+0900
2021.09,photoresist,CN,7693521,69838881,110.1610,0003425293,2026-10-09T17:35:49+0900
2021.09,photoresist,KR,5503499,49958688,110.1610,0003425293,2026-10-09T17:35:49+0900
2021.09,photoresist,OTHER,6232894,56579860,110.1610,0003425293,2026-10-09T17:35:49+0900
2021.09,photoresist,TW,7867305,71416427,110.1610,0003425293,2026-10-09T17:35:49+0900
2021.09,photoresist,US,3534616,32085911,110.1610,0003425293,2026-10-09T17:35:49+0900
2021.09,photoresist,VN,678246,6156861,110.1610,0003425293,2026-10-09T17:35:49+0900
2021.09,photoresist,WORLD,31510081,286036628,110.1610,0003425293,2026-10-09T17:35:49+0900
2021.09,semi_equip,CN,101250397,919112907,110.1610,0003425293,2026-10-09T17:35:49+0900
2021.09,semi_equip,KR,44425619,403279010,110.1610,0003425293,2026-10-09T17:35:49+0900
2021.09,semi_equip,OTHER,33660178,305554398,110.1610,0003425293,2026-10-09T17:35:49+0900
2021.09,semi_equip,TW,54218651,492176460,110.1610,0003425293,2026-10-09T17:35:49+0900
2021.09,semi_equip,US,47740812,433373081,110.1610,0003425293,2026-10-09T17:35:49+0900
2021.09,semi_equip,VN,351130,3187426,110.1610,0003425293,2026-10-09T17:35:49+0900
2021.09,semi_equip,WORLD,281646787,2556683282,110.1610,0003425293,2026-10-09T17:35:49+0900
2021.09,semi_fab_equip,CN,55066427,499872251,110.1610,0003425293,2026-10-09T17:35:49+0900
2021.09,semi_fab_equip,KR,31394355,284986111,110.1610,0003425293,2026-10-09T17:35:49+0900
2021.09,semi_fab_equip,OTHER,18921760,171764599,110.1610,0003425293,2026-10-09T17:35:49+0900
2021.09,semi_fab_equip,TW,32055407,290986892,110.1610,0003425293,2026-10-09T17:35:49+0900
2021.09,semi_fab_equip,US,31039531,281765153,110.1610,0003425293,2026-10-09T17:35:49+0900
2021.09,semi_fab_equip,VN,16467,149481,110.1610,0003425293,2026-10-09T17:35:49+0900
2021.09,semi_fab_equip,WORLD,168493947,1529524487,110.1610,0003425293,2026-10-09T17:35:49+0900
2021.09,semi_test,CN,2477606,22490773,110.1610,0003425293,2026-10-09T17:35:49+0900
2021.09,semi_test,KR,2804549,25458638,110.1610,0003425293,2026-10-09T17:35:49+0900
2021.09,semi_test,OTHER,1539185,13972141,110.1610,0003425293,2026-10-09T17:35:49+0900
2021.09,semi_test,TW,3513833,31897250,110.1610,0003425293,2026-10-09T17:35:49+0900
2021.09,semi_test,US,567046,5147430,110.1610,0003425293,2026-10-09T17:35:49+0900
2021.09,semi_test,VN,0,0,110.1610,0003425293,2026-10-09T17:35:49+0900
2021.09,semi_test,WORLD,10902219,98966231,110.1610,0003425293,2026-10-09T17:35:49+0900
2021.09,transformer,CN,11055793,100360318,110.1610,0003425293,2026-10-09T17:35:49+0900
2021.09,transformer,KR,3670471,33319151,110.1610,0003425293,2026-10-09T17:35:49+0900
2021.09,transformer,OTHER,19497158,176987845,110.1610,0003425293,2026-10-09T17:35:49+0900
2021.09,transformer,TW,3604890,32723831,110.1610,0003425293,2026-10-09T17:35:49+0900
2021.09,transformer,US,9202424,83536133,110.1610,0003425293,2026-10-09T17:35:49+0900
2021.09,transformer,VN,916251,8317381,110.1610,0003425293,2026-10-09T17:35:49+0900
2021.09,transformer,WORLD,47946987,435244660,110.1610,0003425293,2026-10-09T17:35:49+0900
2021.09,transformer_large,KR,0,0,110.1610,0003425293,2026-10-09T17:35:49+0900
2021.09,transformer_large,OTHER,279840,2540282,110.1610,0003425293,2026-10-09T17:35:49+0900
2021.09,transformer_large,TW,306000,2777753,110.1610,0003425293,2026-10-09T17:35:49+0900
2021.09,transformer_large,US,0,0,110.1610,0003425293,2026-10-09T17:35:49+0900
2021.09,transformer_large,WORLD,585840,5318035,110.1610,0003425293,2026-10-09T17:35:49+0900
2021.09,wafer,CN,7844542,71209793,110.1610,0003425293,2026-10-09T17:35:49+0900
2021.09,wafer,KR,8463962,76832654,110.1610,0003425293,2026-10-09T17:35:49+0900
2021.09,wafer,OTHER,8676066,78758054,110.1610,0003425293,2026-10-09T17:35:49+0900
2021.09,wafer,TW,12604192,114416100,110.1610,0003425293,2026-10-09T17:35:49+0900
2021.09,wafer,US,6710927,60919264,110.1610,0003425293,2026-10-09T17:35:49+0900
2021.09,wafer,VN,0,0,110.1610,0003425293,2026-10-09T17:35:49+0900
2021.09,wafer,WORLD,44299689,402135865,110.1610,0003425293,2026-10-09T17:35:49+0900
2021.10,discrete,CN,27463092,242775175,113.1215,0003425293,2026-10-09T17:35:49+0900
2021.10,discrete,KR,4016881,35509439,113.1215,0003425293,2026-10-09T17:35:49+0900
2021.10,discrete,OTHER,51146511,452137843,113.1215,0003425293,2026-10-09T17:35:49+0900
2021.10,discrete,TW,5985654,52913496,113.1215,0003425293,2026-10-09T17:35:49+0900
2021.10,discrete,US,8539313,75487975,113.1215,0003425293,2026-10-09T17:35:49+0900
2021.10,discrete,VN,1613360,14262187,113.1215,0003425293,2026-10-09T17:35:49+0900
2021.10,discrete,WORLD,98764811,873086115,113.1215,0003425293,2026-10-09T17:35:49+0900
2021.10,ic,CN,94363687,834179948,113.1215,0003425293,2026-10-09T17:35:49+0900
2021.10,ic,KR,32412634,286529387,113.1215,0003425293,2026-10-09T17:35:49+0900
2021.10,ic,OTHER,94336758,833941894,113.1215,0003425293,2026-10-09T17:35:49+0900
2021.10,ic,TW,94213077,832848548,113.1215,0003425293,2026-10-09T17:35:49+0900
2021.10,ic,US,10960003,96887002,113.1215,0003425293,2026-10-09T17:35:49+0900
2021.10,ic,VN,25410838,224633142,113.1215,0003425293,2026-10-09T17:35:49+0900
2021.10,ic,WORLD,351696997,3109019921,113.1215,0003425293,2026-10-09T17:35:49+0900
2021.10,liion,CN,5942350,52530686,113.1215,0003425293,2026-10-09T17:35:49+0900
2021.10,liion,KR,100577,889106,113.1215,0003425293,2026-10-09T17:35:49+0900
2021.10,liion,OTHER,11738591,103769761,113.1215,0003425293,2026-10-09T17:35:49+0900
2021.10,liion,TW,376790,3330843,113.1215,0003425293,2026-10-09T17:35:49+0900
2021.10,liion,US,20357676,179962925,113.1215,0003425293,2026-10-09T17:35:49+0900
2021.10,liion,VN,21270,188028,113.1215,0003425293,2026-10-09T17:35:49+0900
2021.10,liion,WORLD,38537254,340671349,113.1215,0003425293,2026-10-09T17:35:49+0900
2021.10,mlcc,CN,15333516,135549087,113.1215,0003425293,2026-10-09T17:35:49+0900
2021.10,mlcc,KR,4853321,42903612,113.1215,0003425293,2026-10-09T17:35:49+0900
2021.10,mlcc,OTHER,21384175,189037230,113.1215,0003425293,2026-10-09T17:35:49+0900
2021.10,mlcc,TW,6809867,60199582,113.1215,0003425293,2026-10-09T17:35:49+0900
2021.10,mlcc,US,4721164,41735338,113.1215,0003425293,2026-10-09T17:35:49+0900
2021.10,mlcc,VN,1004410,8879037,113.1215,0003425293,2026-10-09T17:35:49+0900
2021.10,mlcc,WORLD,54106453,478303886,113.1215,0003425293,2026-10-09T17:35:49+0900
2021.10,pcb,CN,8057722,71230686,113.1215,0003425293,2026-10-09T17:35:49+0900
2021.10,pcb,KR,4343553,38397237,113.1215,0003425293,2026-10-09T17:35:49+0900
2021.10,pcb,OTHER,14070960,124388025,113.1215,0003425293,2026-10-09T17:35:49+0900
2021.10,pcb,TW,3016768,26668388,113.1215,0003425293,2026-10-09T17:35:49+0900
2021.10,pcb,US,1543110,13641173,113.1215,0003425293,2026-10-09T17:35:49+0900
2021.10,pcb,VN,1521452,13449716,113.1215,0003425293,2026-10-09T17:35:49+0900
2021.10,pcb,WORLD,32553565,287775224,113.1215,0003425293,2026-10-09T17:35:49+0900
2021.10,photoresist,CN,8784017,77651172,113.1215,0003425293,2026-10-09T17:35:49+0900
2021.10,photoresist,KR,5196043,45933293,113.1215,0003425293,2026-10-09T17:35:49+0900
2021.10,photoresist,OTHER,6578193,58151572,113.1215,0003425293,2026-10-09T17:35:49+0900
2021.10,photoresist,TW,7599357,67178715,113.1215,0003425293,2026-10-09T17:35:49+0900
2021.10,photoresist,US,3910747,34571209,113.1215,0003425293,2026-10-09T17:35:49+0900
2021.10,photoresist,VN,391682,3462489,113.1215,0003425293,2026-10-09T17:35:49+0900
2021.10,photoresist,WORLD,32460039,286948449,113.1215,0003425293,2026-10-09T17:35:49+0900
2021.10,semi_equip,CN,115988927,1025348205,113.1215,0003425293,2026-10-09T17:35:49+0900
2021.10,semi_equip,KR,43517715,384698886,113.1215,0003425293,2026-10-09T17:35:49+0900
2021.10,semi_equip,OTHER,29395265,259855686,113.1215,0003425293,2026-10-09T17:35:49+0900
2021.10,semi_equip,TW,66062926,583999735,113.1215,0003425293,2026-10-09T17:35:49+0900
2021.10,semi_equip,US,41501223,366872991,113.1215,0003425293,2026-10-09T17:35:49+0900
2021.10,semi_equip,VN,825431,7296853,113.1215,0003425293,2026-10-09T17:35:49+0900
2021.10,semi_equip,WORLD,297291487,2628072356,113.1215,0003425293,2026-10-09T17:35:49+0900
2021.10,semi_fab_equip,CN,57371189,507164323,113.1215,0003425293,2026-10-09T17:35:49+0900
2021.10,semi_fab_equip,KR,31720456,280410497,113.1215,0003425293,2026-10-09T17:35:49+0900
2021.10,semi_fab_equip,OTHER,13279684,117393104,113.1215,0003425293,2026-10-09T17:35:49+0900
2021.10,semi_fab_equip,TW,42438796,375161185,113.1215,0003425293,2026-10-09T17:35:49+0900
2021.10,semi_fab_equip,US,23895087,211233824,113.1215,0003425293,2026-10-09T17:35:49+0900
2021.10,semi_fab_equip,VN,448308,3963066,113.1215,0003425293,2026-10-09T17:35:49+0900
2021.10,semi_fab_equip,WORLD,169153520,1495325999,113.1215,0003425293,2026-10-09T17:35:49+0900
2021.10,semi_test,CN,2667046,23576827,113.1215,0003425293,2026-10-09T17:35:49+0900
2021.10,semi_test,KR,2597572,22962673,113.1215,0003425293,2026-10-09T17:35:49+0900
2021.10,semi_test,OTHER,2364310,20900625,113.1215,0003425293,2026-10-09T17:35:49+0900
2021.10,semi_test,TW,3796299,33559483,113.1215,0003425293,2026-10-09T17:35:49+0900
2021.10,semi_test,US,3954013,34953683,113.1215,0003425293,2026-10-09T17:35:49+0900
2021.10,semi_test,VN,594,5251,113.1215,0003425293,2026-10-09T17:35:49+0900
2021.10,semi_test,WORLD,15379834,135958540,113.1215,0003425293,2026-10-09T17:35:49+0900
2021.10,transformer,CN,11791807,104240193,113.1215,0003425293,2026-10-09T17:35:49+0900
2021.10,transformer,KR,3901706,34491286,113.1215,0003425293,2026-10-09T17:35:49+0900
2021.10,transformer,OTHER,21023472,185848596,113.1215,0003425293,2026-10-09T17:35:49+0900
2021.10,transformer,TW,3078857,27217258,113.1215,0003425293,2026-10-09T17:35:49+0900
2021.10,transformer,US,9917826,87674103,113.1215,0003425293,2026-10-09T17:35:49+0900
2021.10,transformer,VN,721299,6376321,113.1215,0003425293,2026-10-09T17:35:49+0900
2021.10,transformer,WORLD,50434967,445847757,113.1215,0003425293,2026-10-09T17:35:49+0900
2021.10,transformer_large,KR,0,0,113.1215,0003425293,2026-10-09T17:35:49+0900
2021.10,transformer_large,OTHER,0,0,113.1215,0003425293,2026-10-09T17:35:49+0900
2021.10,transformer_large,TW,130732,1155678,113.1215,0003425293,2026-10-09T17:35:49+0900
2021.10,transformer_large,US,0,0,113.1215,0003425293,2026-10-09T17:35:49+0900
2021.10,transformer_large,WORLD,130732,1155678,113.1215,0003425293,2026-10-09T17:35:49+0900
2021.10,wafer,CN,9473700,83748005,113.1215,0003425293,2026-10-09T17:35:49+0900
2021.10,wafer,KR,8536433,75462516,113.1215,0003425293,2026-10-09T17:35:49+0900
2021.10,wafer,OTHER,9033423,79855934,113.1215,0003425293,2026-10-09T17:35:49+0900
2021.10,wafer,TW,13728385,121359644,113.1215,0003425293,2026-10-09T17:35:49+0900
2021.10,wafer,US,6064859,53613672,113.1215,0003425293,2026-10-09T17:35:49+0900
2021.10,wafer,VN,2483,21950,113.1215,0003425293,2026-10-09T17:35:49+0900
2021.10,wafer,WORLD,46839283,414061721,113.1215,0003425293,2026-10-09T17:35:49+0900
2021.11,discrete,CN,24368103,213820936,113.9650,0003425293,2026-10-09T17:35:49+0900
2021.11,discrete,KR,3709225,32547054,113.9650,0003425293,2026-10-09T17:35:49+0900
2021.11,discrete,OTHER,48815921,428341342,113.9650,0003425293,2026-10-09T17:35:49+0900
2021.11,discrete,TW,5089047,44654473,113.9650,0003425293,2026-10-09T17:35:49+0900
2021.11,discrete,US,8279195,72646821,113.9650,0003425293,2026-10-09T17:35:49+0900
2021.11,discrete,VN,1695885,14880753,113.9650,0003425293,2026-10-09T17:35:49+0900
2021.11,discrete,WORLD,91957376,806891379,113.9650,0003425293,2026-10-09T17:35:49+0900
2021.11,ic,CN,89771945,787715044,113.9650,0003425293,2026-10-09T17:35:49+0900
2021.11,ic,KR,31392682,275458974,113.9650,0003425293,2026-10-09T17:35:49+0900
2021.11,ic,OTHER,88977154,780741052,113.9650,0003425293,2026-10-09T17:35:49+0900
2021.11,ic,TW,83451468,732255236,113.9650,0003425293,2026-10-09T17:35:49+0900
2021.11,ic,US,10203221,89529426,113.9650,0003425293,2026-10-09T17:35:49+0900
2021.11,ic,VN,40178410,352550432,113.9650,0003425293,2026-10-09T17:35:49+0900
2021.11,ic,WORLD,343974880,3018250165,113.9650,0003425293,2026-10-09T17:35:49+0900
2021.11,liion,CN,5390201,47296986,113.9650,0003425293,2026-10-09T17:35:49+0900
2021.11,liion,KR,371195,3257096,113.9650,0003425293,2026-10-09T17:35:49+0900
2021.11,liion,OTHER,12569401,110291765,113.9650,0003425293,2026-10-09T17:35:49+0900
2021.11,liion,TW,317924,2789663,113.9650,0003425293,2026-10-09T17:35:49+0900
2021.11,liion,US,13589882,119246102,113.9650,0003425293,2026-10-09T17:35:49+0900
2021.11,liion,VN,26579,233221,113.9650,0003425293,2026-10-09T17:35:49+0900
2021.11,liion,WORLD,32265182,283114834,113.9650,0003425293,2026-10-09T17:35:49+0900
2021.11,mlcc,CN,15032359,131903295,113.9650,0003425293,2026-10-09T17:35:49+0900
2021.11,mlcc,KR,4420595,38789058,113.9650,0003425293,2026-10-09T17:35:49+0900
2021.11,mlcc,OTHER,20875216,183172167,113.9650,0003425293,2026-10-09T17:35:49+0900
2021.11,mlcc,TW,6268385,55002720,113.9650,0003425293,2026-10-09T17:35:49+0900
2021.11,mlcc,US,4692914,41178555,113.9650,0003425293,2026-10-09T17:35:49+0900
2021.11,mlcc,VN,500999,4396078,113.9650,0003425293,2026-10-09T17:35:49+0900
2021.11,mlcc,WORLD,51790468,454441873,113.9650,0003425293,2026-10-09T17:35:49+0900
2021.11,pcb,CN,6349415,55713728,113.9650,0003425293,2026-10-09T17:35:49+0900
2021.11,pcb,KR,4373400,38374940,113.9650,0003425293,2026-10-09T17:35:49+0900
2021.11,pcb,OTHER,13140490,115302856,113.9650,0003425293,2026-10-09T17:35:49+0900
2021.11,pcb,TW,2989648,26233036,113.9650,0003425293,2026-10-09T17:35:49+0900
2021.11,pcb,US,1432073,12565902,113.9650,0003425293,2026-10-09T17:35:49+0900
2021.11,pcb,VN,2092306,18359198,113.9650,0003425293,2026-10-09T17:35:49+0900
2021.11,pcb,WORLD,30377332,266549660,113.9650,0003425293,2026-10-09T17:35:49+0900
2021.11,photoresist,CN,7704226,67601685,113.9650,0003425293,2026-10-09T17:35:49+0900
2021.11,photoresist,KR,4970546,43614671,113.9650,0003425293,2026-10-09T17:35:49+0900
2021.11,photoresist,OTHER,5228793,45880691,113.9650,0003425293,2026-10-09T17:35:49+0900
2021.11,photoresist,TW,7447824,65351854,113.9650,0003425293,2026-10-09T17:35:49+0900
2021.11,photoresist,US,5032345,44156934,113.9650,0003425293,2026-10-09T17:35:49+0900
2021.11,photoresist,VN,572404,5022630,113.9650,0003425293,2026-10-09T17:35:49+0900
2021.11,photoresist,WORLD,30956138,271628465,113.9650,0003425293,2026-10-09T17:35:49+0900
2021.11,semi_equip,CN,126837914,1112954977,113.9650,0003425293,2026-10-09T17:35:49+0900
2021.11,semi_equip,KR,46320160,406441978,113.9650,0003425293,2026-10-09T17:35:49+0900
2021.11,semi_equip,OTHER,27048504,237340447,113.9650,0003425293,2026-10-09T17:35:49+0900
2021.11,semi_equip,TW,66061356,579663546,113.9650,0003425293,2026-10-09T17:35:49+0900
2021.11,semi_equip,US,38456161,337438345,113.9650,0003425293,2026-10-09T17:35:49+0900
2021.11,semi_equip,VN,607926,5334322,113.9650,0003425293,2026-10-09T17:35:49+0900
2021.11,semi_equip,WORLD,305332021,2679173615,113.9650,0003425293,2026-10-09T17:35:49+0900
2021.11,semi_fab_equip,CN,76580907,671968648,113.9650,0003425293,2026-10-09T17:35:49+0900
2021.11,semi_fab_equip,KR,35895265,314967446,113.9650,0003425293,2026-10-09T17:35:49+0900
2021.11,semi_fab_equip,OTHER,12946325,113599131,113.9650,0003425293,2026-10-09T17:35:49+0900
2021.11,semi_fab_equip,TW,46513464,408138148,113.9650,0003425293,2026-10-09T17:35:49+0900
2021.11,semi_fab_equip,US,19662621,172532102,113.9650,0003425293,2026-10-09T17:35:49+0900
2021.11,semi_fab_equip,VN,240276,2108332,113.9650,0003425293,2026-10-09T17:35:49+0900
2021.11,semi_fab_equip,WORLD,191838858,1683313807,113.9650,0003425293,2026-10-09T17:35:49+0900
2021.11,semi_test,CN,2618056,22972456,113.9650,0003425293,2026-10-09T17:35:49+0900
2021.11,semi_test,KR,7918504,69481894,113.9650,0003425293,2026-10-09T17:35:49+0900
2021.11,semi_test,OTHER,315460,2768043,113.9650,0003425293,2026-10-09T17:35:49+0900
2021.11,semi_test,TW,5607445,49203220,113.9650,0003425293,2026-10-09T17:35:49+0900
2021.11,semi_test,US,1413052,12399000,113.9650,0003425293,2026-10-09T17:35:49+0900
2021.11,semi_test,VN,0,0,113.9650,0003425293,2026-10-09T17:35:49+0900
2021.11,semi_test,WORLD,17872517,156824613,113.9650,0003425293,2026-10-09T17:35:49+0900
2021.11,transformer,CN,12272139,107683403,113.9650,0003425293,2026-10-09T17:35:49+0900
2021.11,transformer,KR,3610357,31679524,113.9650,0003425293,2026-10-09T17:35:49+0900
2021.11,transformer,OTHER,20575340,180540868,113.9650,0003425293,2026-10-09T17:35:49+0900
2021.11,transformer,TW,3341510,29320493,113.9650,0003425293,2026-10-09T17:35:49+0900
2021.11,transformer,US,8705706,76389295,113.9650,0003425293,2026-10-09T17:35:49+0900
2021.11,transformer,VN,562277,4933769,113.9650,0003425293,2026-10-09T17:35:49+0900
2021.11,transformer,WORLD,49067329,430547352,113.9650,0003425293,2026-10-09T17:35:49+0900
2021.11,transformer_large,KR,0,0,113.9650,0003425293,2026-10-09T17:35:49+0900
2021.11,transformer_large,OTHER,231016,2027078,113.9650,0003425293,2026-10-09T17:35:49+0900
2021.11,transformer_large,TW,0,0,113.9650,0003425293,2026-10-09T17:35:49+0900
2021.11,transformer_large,US,0,0,113.9650,0003425293,2026-10-09T17:35:49+0900
2021.11,transformer_large,WORLD,231016,2027078,113.9650,0003425293,2026-10-09T17:35:49+0900
2021.11,wafer,CN,8587388,75351099,113.9650,0003425293,2026-10-09T17:35:49+0900
2021.11,wafer,KR,8596528,75431299,113.9650,0003425293,2026-10-09T17:35:49+0900
2021.11,wafer,OTHER,8336701,73151415,113.9650,0003425293,2026-10-09T17:35:49+0900
2021.11,wafer,TW,12285006,107796306,113.9650,0003425293,2026-10-09T17:35:49+0900
2021.11,wafer,US,6159420,54046593,113.9650,0003425293,2026-10-09T17:35:49+0900
2021.11,wafer,VN,0,0,113.9650,0003425293,2026-10-09T17:35:49+0900
2021.11,wafer,WORLD,43965043,385776712,113.9650,0003425293,2026-10-09T17:35:49+0900
2021.12,discrete,CN,29007690,254826944,113.8329,0003425293,2026-10-09T17:35:49+0900
2021.12,discrete,KR,4372055,38407657,113.8329,0003425293,2026-10-09T17:35:49+0900
2021.12,discrete,OTHER,52903598,464747872,113.8329,0003425293,2026-10-09T17:35:49+0900
2021.12,discrete,TW,5251004,46129054,113.8329,0003425293,2026-10-09T17:35:49+0900
2021.12,discrete,US,8104648,71197764,113.8329,0003425293,2026-10-09T17:35:49+0900
2021.12,discrete,VN,1965500,17266537,113.8329,0003425293,2026-10-09T17:35:49+0900
2021.12,discrete,WORLD,101604495,892575828,113.8329,0003425293,2026-10-09T17:35:49+0900
2021.12,ic,CN,97018493,852288688,113.8329,0003425293,2026-10-09T17:35:49+0900
2021.12,ic,KR,40680823,357373158,113.8329,0003425293,2026-10-09T17:35:49+0900
2021.12,ic,OTHER,105652240,928134485,113.8329,0003425293,2026-10-09T17:35:49+0900
2021.12,ic,TW,94524209,830376886,113.8329,0003425293,2026-10-09T17:35:49+0900
2021.12,ic,US,11776012,103449987,113.8329,0003425293,2026-10-09T17:35:49+0900
2021.12,ic,VN,32321028,283933977,113.8329,0003425293,2026-10-09T17:35:49+0900
2021.12,ic,WORLD,381972805,3355557181,113.8329,0003425293,2026-10-09T17:35:49+0900
2021.12,liion,CN,4659123,40929494,113.8329,0003425293,2026-10-09T17:35:49+0900
2021.12,liion,KR,156712,1376685,113.8329,0003425293,2026-10-09T17:35:49+0900
2021.12,liion,OTHER,13088032,114975829,113.8329,0003425293,2026-10-09T17:35:49+0900
2021.12,liion,TW,567960,4989419,113.8329,0003425293,2026-10-09T17:35:49+0900
2021.12,liion,US,17051925,149797862,113.8329,0003425293,2026-10-09T17:35:49+0900
2021.12,liion,VN,107166,941433,113.8329,0003425293,2026-10-09T17:35:49+0900
2021.12,liion,WORLD,35630918,313010720,113.8329,0003425293,2026-10-09T17:35:49+0900
2021.12,mlcc,CN,17769422,156100934,113.8329,0003425293,2026-10-09T17:35:49+0900
2021.12,mlcc,KR,4369146,38382102,113.8329,0003425293,2026-10-09T17:35:49+0900
2021.12,mlcc,OTHER,21640002,190103230,113.8329,0003425293,2026-10-09T17:35:49+0900
2021.12,mlcc,TW,7876093,69189953,113.8329,0003425293,2026-10-09T17:35:49+0900
2021.12,mlcc,US,5111065,44899717,113.8329,0003425293,2026-10-09T17:35:49+0900
2021.12,mlcc,VN,719901,6324191,113.8329,0003425293,2026-10-09T17:35:49+0900
2021.12,mlcc,WORLD,57485629,505000127,113.8329,0003425293,2026-10-09T17:35:49+0900
2021.12,pcb,CN,9230975,81092329,113.8329,0003425293,2026-10-09T17:35:49+0900
2021.12,pcb,KR,4359075,38293630,113.8329,0003425293,2026-10-09T17:35:49+0900
2021.12,pcb,OTHER,13089394,114987794,113.8329,0003425293,2026-10-09T17:35:49+0900
2021.12,pcb,TW,2949987,25915065,113.8329,0003425293,2026-10-09T17:35:49+0900
2021.12,pcb,US,1560134,13705475,113.8329,0003425293,2026-10-09T17:35:49+0900
2021.12,pcb,VN,1708878,15012163,113.8329,0003425293,2026-10-09T17:35:49+0900
2021.12,pcb,WORLD,32898443,289006456,113.8329,0003425293,2026-10-09T17:35:49+0900
2021.12,photoresist,CN,8445676,74193629,113.8329,0003425293,2026-10-09T17:35:49+0900
2021.12,photoresist,KR,4883513,42900717,113.8329,0003425293,2026-10-09T17:35:49+0900
2021.12,photoresist,OTHER,7628806,67017585,113.8329,0003425293,2026-10-09T17:35:49+0900
2021.12,photoresist,TW,8762551,76977315,113.8329,0003425293,2026-10-09T17:35:49+0900
2021.12,photoresist,US,5300548,46564289,113.8329,0003425293,2026-10-09T17:35:49+0900
2021.12,photoresist,VN,518581,4555634,113.8329,0003425293,2026-10-09T17:35:49+0900
2021.12,photoresist,WORLD,35539675,312209168,113.8329,0003425293,2026-10-09T17:35:49+0900
2021.12,semi_equip,CN,124177015,1090871049,113.8329,0003425293,2026-10-09T17:35:49+0900
2021.12,semi_equip,KR,54702192,480548172,113.8329,0003425293,2026-10-09T17:35:49+0900
2021.12,semi_equip,OTHER,37651183,330758357,113.8329,0003425293,2026-10-09T17:35:49+0900
2021.12,semi_equip,TW,72642949,638154251,113.8329,0003425293,2026-10-09T17:35:49+0900
2021.12,semi_equip,US,54523719,478980321,113.8329,0003425293,2026-10-09T17:35:49+0900
2021.12,semi_equip,VN,1596323,14023389,113.8329,0003425293,2026-10-09T17:35:49+0900
2021.12,semi_equip,WORLD,345293381,3033335538,113.8329,0003425293,2026-10-09T17:35:49+0900
2021.12,semi_fab_equip,CN,75573689,663900234,113.8329,0003425293,2026-10-09T17:35:49+0900
2021.12,semi_fab_equip,KR,38730966,340244042,113.8329,0003425293,2026-10-09T17:35:49+0900
2021.12,semi_fab_equip,OTHER,23275401,204469894,113.8329,0003425293,2026-10-09T17:35:49+0900
2021.12,semi_fab_equip,TW,48618817,427106900,113.8329,0003425293,2026-10-09T17:35:49+0900
2021.12,semi_fab_equip,US,33955988,298296784,113.8329,0003425293,2026-10-09T17:35:49+0900
2021.12,semi_fab_equip,VN,681924,5990570,113.8329,0003425293,2026-10-09T17:35:49+0900
2021.12,semi_fab_equip,WORLD,220836785,1940008425,113.8329,0003425293,2026-10-09T17:35:49+0900
2021.12,semi_test,CN,3177882,27917078,113.8329,0003425293,2026-10-09T17:35:49+0900
2021.12,semi_test,KR,4660570,40942206,113.8329,0003425293,2026-10-09T17:35:49+0900
2021.12,semi_test,OTHER,331927,2915914,113.8329,0003425293,2026-10-09T17:35:49+0900
2021.12,semi_test,TW,8634167,75849486,113.8329,0003425293,2026-10-09T17:35:49+0900
2021.12,semi_test,US,3069383,26963936,113.8329,0003425293,2026-10-09T17:35:49+0900
2021.12,semi_test,VN,10544,92627,113.8329,0003425293,2026-10-09T17:35:49+0900
2021.12,semi_test,WORLD,19884473,174681248,113.8329,0003425293,2026-10-09T17:35:49+0900
2021.12,transformer,CN,13215223,116093177,113.8329,0003425293,2026-10-09T17:35:49+0900
2021.12,transformer,KR,3142924,27609979,113.8329,0003425293,2026-10-09T17:35:49+0900
2021.12,transformer,OTHER,22551808,198113270,113.8329,0003425293,2026-10-09T17:35:49+0900
2021.12,transformer,TW,2596905,22813308,113.8329,0003425293,2026-10-09T17:35:49+0900
2021.12,transformer,US,9871501,86719226,113.8329,0003425293,2026-10-09T17:35:49+0900
2021.12,transformer,VN,483645,4248728,113.8329,0003425293,2026-10-09T17:35:49+0900
2021.12,transformer,WORLD,51862006,455597687,113.8329,0003425293,2026-10-09T17:35:49+0900
2021.12,transformer_large,KR,0,0,113.8329,0003425293,2026-10-09T17:35:49+0900
2021.12,transformer_large,OTHER,1277490,11222502,113.8329,0003425293,2026-10-09T17:35:49+0900
2021.12,transformer_large,TW,0,0,113.8329,0003425293,2026-10-09T17:35:49+0900
2021.12,transformer_large,US,374180,3287099,113.8329,0003425293,2026-10-09T17:35:49+0900
2021.12,transformer_large,WORLD,1651670,14509601,113.8329,0003425293,2026-10-09T17:35:49+0900
2021.12,wafer,CN,9343079,82077141,113.8329,0003425293,2026-10-09T17:35:49+0900
2021.12,wafer,KR,9570263,84072909,113.8329,0003425293,2026-10-09T17:35:49+0900
2021.12,wafer,OTHER,9190037,80732697,113.8329,0003425293,2026-10-09T17:35:49+0900
2021.12,wafer,TW,13567994,119192202,113.8329,0003425293,2026-10-09T17:35:49+0900
2021.12,wafer,US,7199796,63248815,113.8329,0003425293,2026-10-09T17:35:49+0900
2021.12,wafer,VN,0,0,113.8329,0003425293,2026-10-09T17:35:49+0900
2021.12,wafer,WORLD,48871169,429323763,113.8329,0003425293,2026-10-09T17:35:49+0900
2022.01,discrete,CN,22973866,200076342,114.8255,0003425293,2026-10-09T17:35:49+0900
2022.01,discrete,KR,3665191,31919661,114.8255,0003425293,2026-10-09T17:35:49+0900
2022.01,discrete,OTHER,46028353,400854801,114.8255,0003425293,2026-10-09T17:35:49+0900
2022.01,discrete,TW,4286306,37328869,114.8255,0003425293,2026-10-09T17:35:49+0900
2022.01,discrete,US,7210772,62797654,114.8255,0003425293,2026-10-09T17:35:49+0900
2022.01,discrete,VN,1931193,16818503,114.8255,0003425293,2026-10-09T17:35:49+0900
2022.01,discrete,WORLD,86095681,749795829,114.8255,0003425293,2026-10-09T17:35:49+0900
2022.01,ic,CN,78617047,684665401,114.8255,0003425293,2026-10-09T17:35:49+0900
2022.01,ic,KR,24623586,214443534,114.8255,0003425293,2026-10-09T17:35:49+0900
2022.01,ic,OTHER,90226104,785767134,114.8255,0003425293,2026-10-09T17:35:49+0900
2022.01,ic,TW,91858021,799979282,114.8255,0003425293,2026-10-09T17:35:49+0900
2022.01,ic,US,8981201,78216084,114.8255,0003425293,2026-10-09T17:35:49+0900
2022.01,ic,VN,16983637,147908235,114.8255,0003425293,2026-10-09T17:35:49+0900
2022.01,ic,WORLD,311289596,2710979669,114.8255,0003425293,2026-10-09T17:35:49+0900
2022.01,liion,CN,1542573,13434063,114.8255,0003425293,2026-10-09T17:35:49+0900
2022.01,liion,KR,201756,1757066,114.8255,0003425293,2026-10-09T17:35:49+0900
2022.01,liion,OTHER,12109397,105459127,114.8255,0003425293,2026-10-09T17:35:49+0900
2022.01,liion,TW,443733,3864412,114.8255,0003425293,2026-10-09T17:35:49+0900
2022.01,liion,US,11271652,98163317,114.8255,0003425293,2026-10-09T17:35:49+0900
2022.01,liion,VN,6985,60831,114.8255,0003425293,2026-10-09T17:35:49+0900
2022.01,liion,WORLD,25576096,222738817,114.8255,0003425293,2026-10-09T17:35:49+0900
2022.01,mlcc,CN,15447821,134533017,114.8255,0003425293,2026-10-09T17:35:49+0900
2022.01,mlcc,KR,3714056,32345219,114.8255,0003425293,2026-10-09T17:35:49+0900
2022.01,mlcc,OTHER,20697736,180253829,114.8255,0003425293,2026-10-09T17:35:49+0900
2022.01,mlcc,TW,5835662,50822004,114.8255,0003425293,2026-10-09T17:35:49+0900
2022.01,mlcc,US,4398040,38301945,114.8255,0003425293,2026-10-09T17:35:49+0900
2022.01,mlcc,VN,541894,4719283,114.8255,0003425293,2026-10-09T17:35:49+0900
2022.01,mlcc,WORLD,50635209,440975297,114.8255,0003425293,2026-10-09T17:35:49+0900
2022.01,pcb,CN,6251436,54442924,114.8255,0003425293,2026-10-09T17:35:49+0900
2022.01,pcb,KR,3791012,33015419,114.8255,0003425293,2026-10-09T17:35:49+0900
2022.01,pcb,OTHER,10907841,94994936,114.8255,0003425293,2026-10-09T17:35:49+0900
2022.01,pcb,TW,2929527,25512861,114.8255,0003425293,2026-10-09T17:35:49+0900
2022.01,pcb,US,1275348,11106836,114.8255,0003425293,2026-10-09T17:35:49+0900
2022.01,pcb,VN,1040338,9060165,114.8255,0003425293,2026-10-09T17:35:49+0900
2022.01,pcb,WORLD,26195502,228133141,114.8255,0003425293,2026-10-09T17:35:49+0900
2022.01,photoresist,CN,6908899,60168682,114.8255,0003425293,2026-10-09T17:35:49+0900
2022.01,photoresist,KR,4434545,38619862,114.8255,0003425293,2026-10-09T17:35:49+0900
2022.01,photoresist,OTHER,8113352,70658103,114.8255,0003425293,2026-10-09T17:35:49+0900
2022.01,photoresist,TW,7001210,60972606,114.8255,0003425293,2026-10-09T17:35:49+0900
2022.01,photoresist,US,4618163,40218967,114.8255,0003425293,2026-10-09T17:35:49+0900
2022.01,photoresist,VN,386666,3367423,114.8255,0003425293,2026-10-09T17:35:49+0900
2022.01,photoresist,WORLD,31462835,274005643,114.8255,0003425293,2026-10-09T17:35:49+0900
2022.01,semi_equip,CN,92805931,808234504,114.8255,0003425293,2026-10-09T17:35:49+0900
2022.01,semi_equip,KR,41196277,358772895,114.8255,0003425293,2026-10-09T17:35:49+0900
2022.01,semi_equip,OTHER,24794893,215935424,114.8255,0003425293,2026-10-09T17:35:49+0900
2022.01,semi_equip,TW,48201927,419784168,114.8255,0003425293,2026-10-09T17:35:49+0900
2022.01,semi_equip,US,50797491,442388590,114.8255,0003425293,2026-10-09T17:35:49+0900
2022.01,semi_equip,VN,402934,3509099,114.8255,0003425293,2026-10-09T17:35:49+0900
2022.01,semi_equip,WORLD,258199453,2248624678,114.8255,0003425293,2026-10-09T17:35:49+0900
2022.01,semi_fab_equip,CN,67218897,585400429,114.8255,0003425293,2026-10-09T17:35:49+0900
2022.01,semi_fab_equip,KR,31698955,276061981,114.8255,0003425293,2026-10-09T17:35:49+0900
2022.01,semi_fab_equip,OTHER,12147184,105788209,114.8255,0003425293,2026-10-09T17:35:49+0900
2022.01,semi_fab_equip,TW,28586596,248956861,114.8255,0003425293,2026-10-09T17:35:49+0900
2022.01,semi_fab_equip,US,32304077,281331908,114.8255,0003425293,2026-10-09T17:35:49+0900
2022.01,semi_fab_equip,VN,25442,221571,114.8255,0003425293,2026-10-09T17:35:49+0900
2022.01,semi_fab_equip,WORLD,171981151,1497760959,114.8255,0003425293,2026-10-09T17:35:49+0900
2022.01,semi_test,CN,1844124,16060231,114.8255,0003425293,2026-10-09T17:35:49+0900
2022.01,semi_test,KR,4427180,38555722,114.8255,0003425293,2026-10-09T17:35:49+0900
2022.01,semi_test,OTHER,914500,7964259,114.8255,0003425293,2026-10-09T17:35:49+0900
2022.01,semi_test,TW,3690434,32139499,114.8255,0003425293,2026-10-09T17:35:49+0900
2022.01,semi_test,US,1158874,10092479,114.8255,0003425293,2026-10-09T17:35:49+0900
2022.01,semi_test,VN,341179,2971283,114.8255,0003425293,2026-10-09T17:35:49+0900
2022.01,semi_test,WORLD,12376291,107783471,114.8255,0003425293,2026-10-09T17:35:49+0900
2022.01,transformer,CN,9919264,86385550,114.8255,0003425293,2026-10-09T17:35:49+0900
2022.01,transformer,KR,1910613,16639274,114.8255,0003425293,2026-10-09T17:35:49+0900
2022.01,transformer,OTHER,18817497,163879077,114.8255,0003425293,2026-10-09T17:35:49+0900
2022.01,transformer,TW,2086131,18167837,114.8255,0003425293,2026-10-09T17:35:49+0900
2022.01,transformer,US,7097969,61815268,114.8255,0003425293,2026-10-09T17:35:49+0900
2022.01,transformer,VN,461298,4017383,114.8255,0003425293,2026-10-09T17:35:49+0900
2022.01,transformer,WORLD,40292772,350904390,114.8255,0003425293,2026-10-09T17:35:49+0900
2022.01,transformer_large,CN,1111,9676,114.8255,0003425293,2026-10-09T17:35:49+0900
2022.01,transformer_large,KR,0,0,114.8255,0003425293,2026-10-09T17:35:49+0900
2022.01,transformer_large,OTHER,444318,3869506,114.8255,0003425293,2026-10-09T17:35:49+0900
2022.01,transformer_large,TW,0,0,114.8255,0003425293,2026-10-09T17:35:49+0900
2022.01,transformer_large,US,6479,56425,114.8255,0003425293,2026-10-09T17:35:49+0900
2022.01,transformer_large,WORLD,451908,3935607,114.8255,0003425293,2026-10-09T17:35:49+0900
2022.01,wafer,CN,8346898,72692024,114.8255,0003425293,2026-10-09T17:35:49+0900
2022.01,wafer,KR,9096458,79219842,114.8255,0003425293,2026-10-09T17:35:49+0900
2022.01,wafer,OTHER,9569284,83337621,114.8255,0003425293,2026-10-09T17:35:49+0900
2022.01,wafer,TW,13975654,121712111,114.8255,0003425293,2026-10-09T17:35:49+0900
2022.01,wafer,US,6404122,55772646,114.8255,0003425293,2026-10-09T17:35:49+0900
2022.01,wafer,VN,0,0,114.8255,0003425293,2026-10-09T17:35:49+0900
2022.01,wafer,WORLD,47392416,412734245,114.8255,0003425293,2026-10-09T17:35:49+0900
2022.02,discrete,CN,25216718,218750237,115.2763,0003425293,2026-10-09T17:35:49+0900
2022.02,discrete,KR,3869955,33571124,115.2763,0003425293,2026-10-09T17:35:49+0900
2022.02,discrete,OTHER,46691050,405035987,115.2763,0003425293,2026-10-09T17:35:49+0900
2022.02,discrete,TW,4991094,43296792,115.2763,0003425293,2026-10-09T17:35:49+0900
2022.02,discrete,US,8623217,74804769,115.2763,0003425293,2026-10-09T17:35:49+0900
2022.02,discrete,VN,1901277,16493217,115.2763,0003425293,2026-10-09T17:35:49+0900
2022.02,discrete,WORLD,91293311,791952127,115.2763,0003425293,2026-10-09T17:35:49+0900
2022.02,ic,CN,72920553,632571942,115.2763,0003425293,2026-10-09T17:35:49+0900
2022.02,ic,KR,26591269,230674206,115.2763,0003425293,2026-10-09T17:35:49+0900
2022.02,ic,OTHER,94431786,819177802,115.2763,0003425293,2026-10-09T17:35:49+0900
2022.02,ic,TW,88972824,771822343,115.2763,0003425293,2026-10-09T17:35:49+0900
2022.02,ic,US,11370519,98637092,115.2763,0003425293,2026-10-09T17:35:49+0900
2022.02,ic,VN,18727059,162453679,115.2763,0003425293,2026-10-09T17:35:49+0900
2022.02,ic,WORLD,313014010,2715337064,115.2763,0003425293,2026-10-09T17:35:49+0900
2022.02,liion,CN,2508643,21762001,115.2763,0003425293,2026-10-09T17:35:49+0900
2022.02,liion,KR,220513,1912908,115.2763,0003425293,2026-10-09T17:35:49+0900
2022.02,liion,OTHER,11330111,98286560,115.2763,0003425293,2026-10-09T17:35:49+0900
2022.02,liion,TW,474362,4115000,115.2763,0003425293,2026-10-09T17:35:49+0900
2022.02,liion,US,9357913,81178117,115.2763,0003425293,2026-10-09T17:35:49+0900
2022.02,liion,VN,30025,260461,115.2763,0003425293,2026-10-09T17:35:49+0900
2022.02,liion,WORLD,23921567,207515049,115.2763,0003425293,2026-10-09T17:35:49+0900
2022.02,mlcc,CN,14036397,121763077,115.2763,0003425293,2026-10-09T17:35:49+0900
2022.02,mlcc,KR,3599143,31221882,115.2763,0003425293,2026-10-09T17:35:49+0900
2022.02,mlcc,OTHER,19057551,165320634,115.2763,0003425293,2026-10-09T17:35:49+0900
2022.02,mlcc,TW,5552893,48170292,115.2763,0003425293,2026-10-09T17:35:49+0900
2022.02,mlcc,US,4177770,36241361,115.2763,0003425293,2026-10-09T17:35:49+0900
2022.02,mlcc,VN,569863,4943453,115.2763,0003425293,2026-10-09T17:35:49+0900
2022.02,mlcc,WORLD,46993617,407660699,115.2763,0003425293,2026-10-09T17:35:49+0900
2022.02,pcb,CN,7242347,62825984,115.2763,0003425293,2026-10-09T17:35:49+0900
2022.02,pcb,KR,4064252,35256614,115.2763,0003425293,2026-10-09T17:35:49+0900
2022.02,pcb,OTHER,10339597,89694039,115.2763,0003425293,2026-10-09T17:35:49+0900
2022.02,pcb,TW,3037114,26346387,115.2763,0003425293,2026-10-09T17:35:49+0900
2022.02,pcb,US,1383515,12001730,115.2763,0003425293,2026-10-09T17:35:49+0900
2022.02,pcb,VN,1109944,9628553,115.2763,0003425293,2026-10-09T17:35:49+0900
2022.02,pcb,WORLD,27176769,235753307,115.2763,0003425293,2026-10-09T17:35:49+0900
2022.02,photoresist,CN,7329685,63583625,115.2763,0003425293,2026-10-09T17:35:49+0900
2022.02,photoresist,KR,4838791,41975593,115.2763,0003425293,2026-10-09T17:35:49+0900
2022.02,photoresist,OTHER,6710999,58216641,115.2763,0003425293,2026-10-09T17:35:49+0900
2022.02,photoresist,TW,7656753,66420877,115.2763,0003425293,2026-10-09T17:35:49+0900
2022.02,photoresist,US,4966680,43085005,115.2763,0003425293,2026-10-09T17:35:49+0900
2022.02,photoresist,VN,457010,3964475,115.2763,0003425293,2026-10-09T17:35:49+0900
2022.02,photoresist,WORLD,31959918,277246216,115.2763,0003425293,2026-10-09T17:35:49+0900
2022.02,semi_equip,CN,109083777,946281040,115.2763,0003425293,2026-10-09T17:35:49+0900
2022.02,semi_equip,KR,51527112,446987906,115.2763,0003425293,2026-10-09T17:35:49+0900
2022.02,semi_equip,OTHER,35799178,310551067,115.2763,0003425293,2026-10-09T17:35:49+0900
2022.02,semi_equip,TW,58429626,506865904,115.2763,0003425293,2026-10-09T17:35:49+0900
2022.02,semi_equip,US,51699063,448479549,115.2763,0003425293,2026-10-09T17:35:49+0900
2022.02,semi_equip,VN,569282,4938413,115.2763,0003425293,2026-10-09T17:35:49+0900
2022.02,semi_equip,WORLD,307108038,2664103879,115.2763,0003425293,2026-10-09T17:35:49+0900
2022.02,semi_fab_equip,CN,57827250,501640407,115.2763,0003425293,2026-10-09T17:35:49+0900
2022.02,semi_fab_equip,KR,33385505,289612913,115.2763,0003425293,2026-10-09T17:35:49+0900
2022.02,semi_fab_equip,OTHER,21255546,184387823,115.2763,0003425293,2026-10-09T17:35:49+0900
2022.02,semi_fab_equip,TW,34021339,295128652,115.2763,0003425293,2026-10-09T17:35:49+0900
2022.02,semi_fab_equip,US,25928779,224927231,115.2763,0003425293,2026-10-09T17:35:49+0900
2022.02,semi_fab_equip,VN,303637,2633993,115.2763,0003425293,2026-10-09T17:35:49+0900
2022.02,semi_fab_equip,WORLD,172722056,1498331019,115.2763,0003425293,2026-10-09T17:35:49+0900
2022.02,semi_test,CN,4662061,40442493,115.2763,0003425293,2026-10-09T17:35:49+0900
2022.02,semi_test,KR,4941508,42866643,115.2763,0003425293,2026-10-09T17:35:49+0900
2022.02,semi_test,OTHER,1175695,10198931,115.2763,0003425293,2026-10-09T17:35:49+0900
2022.02,semi_test,TW,4088682,35468540,115.2763,0003425293,2026-10-09T17:35:49+0900
2022.02,semi_test,US,1273653,11048698,115.2763,0003425293,2026-10-09T17:35:49+0900
2022.02,semi_test,VN,396,3435,115.2763,0003425293,2026-10-09T17:35:49+0900
2022.02,semi_test,WORLD,16141995,140028740,115.2763,0003425293,2026-10-09T17:35:49+0900
2022.02,transformer,CN,10654456,92425381,115.2763,0003425293,2026-10-09T17:35:49+0900
2022.02,transformer,KR,2366327,20527437,115.2763,0003425293,2026-10-09T17:35:49+0900
2022.02,transformer,OTHER,18497343,160460936,115.2763,0003425293,2026-10-09T17:35:49+0900
2022.02,transformer,TW,2221902,19274578,115.2763,0003425293,2026-10-09T17:35:49+0900
2022.02,transformer,US,7657133,66424174,115.2763,0003425293,2026-10-09T17:35:49+0900
2022.02,transformer,VN,547880,4752755,115.2763,0003425293,2026-10-09T17:35:49+0900
2022.02,transformer,WORLD,41945041,363865261,115.2763,0003425293,2026-10-09T17:35:49+0900
2022.02,transformer_large,CN,0,0,115.2763,0003425293,2026-10-09T17:35:49+0900
2022.02,transformer_large,KR,0,0,115.2763,0003425293,2026-10-09T17:35:49+0900
2022.02,transformer_large,OTHER,0,0,115.2763,0003425293,2026-10-09T17:35:49+0900
2022.02,transformer_large,TW,0,0,115.2763,0003425293,2026-10-09T17:35:49+0900
2022.02,transformer_large,US,0,0,115.2763,0003425293,2026-10-09T17:35:49+0900
2022.02,transformer_large,WORLD,0,0,115.2763,0003425293,2026-10-09T17:35:49+0900
2022.02,wafer,CN,10366461,89927080,115.2763,0003425293,2026-10-09T17:35:49+0900
2022.02,wafer,KR,8550739,74176036,115.2763,0003425293,2026-10-09T17:35:49+0900
2022.02,wafer,OTHER,8640485,74954566,115.2763,0003425293,2026-10-09T17:35:49+0900
2022.02,wafer,TW,14254773,123657447,115.2763,0003425293,2026-10-09T17:35:49+0900
2022.02,wafer,US,7868292,68255938,115.2763,0003425293,2026-10-09T17:35:49+0900
2022.02,wafer,VN,0,0,115.2763,0003425293,2026-10-09T17:35:49+0900
2022.02,wafer,WORLD,49680750,430971067,115.2763,0003425293,2026-10-09T17:35:49+0900
2022.03,discrete,CN,30015559,253130521,118.5774,0003425293,2026-10-09T17:35:49+0900
2022.03,discrete,KR,4699039,39628454,118.5774,0003425293,2026-10-09T17:35:49+0900
2022.03,discrete,OTHER,52553444,443199497,118.5774,0003425293,2026-10-09T17:35:49+0900
2022.03,discrete,TW,6471274,54574261,118.5774,0003425293,2026-10-09T17:35:49+0900
2022.03,discrete,US,9323449,78627538,118.5774,0003425293,2026-10-09T17:35:49+0900
2022.03,discrete,VN,1631252,13756854,118.5774,0003425293,2026-10-09T17:35:49+0900
2022.03,discrete,WORLD,104694017,882917124,118.5774,0003425293,2026-10-09T17:35:49+0900
2022.03,ic,CN,72653005,612705330,118.5774,0003425293,2026-10-09T17:35:49+0900
2022.03,ic,KR,31161934,262798257,118.5774,0003425293,2026-10-09T17:35:49+0900
2022.03,ic,OTHER,106960615,902032048,118.5774,0003425293,2026-10-09T17:35:49+0900
2022.03,ic,TW,91807716,774242950,118.5774,0003425293,2026-10-09T17:35:49+0900
2022.03,ic,US,10834091,91367250,118.5774,0003425293,2026-10-09T17:35:49+0900
2022.03,ic,VN,25426879,214432759,118.5774,0003425293,2026-10-09T17:35:49+0900
2022.03,ic,WORLD,338844240,2857578594,118.5774,0003425293,2026-10-09T17:35:49+0900
2022.03,liion,CN,2813366,23725988,118.5774,0003425293,2026-10-09T17:35:49+0900
2022.03,liion,KR,176779,1490832,118.5774,0003425293,2026-10-09T17:35:49+0900
2022.03,liion,OTHER,13515605,113981290,118.5774,0003425293,2026-10-09T17:35:49+0900
2022.03,liion,TW,1115391,9406438,118.5774,0003425293,2026-10-09T17:35:49+0900
2022.03,liion,US,28676971,241841793,118.5774,0003425293,2026-10-09T17:35:49+0900
2022.03,liion,VN,181461,1530317,118.5774,0003425293,2026-10-09T17:35:49+0900
2022.03,liion,WORLD,46479573,391976658,118.5774,0003425293,2026-10-09T17:35:49+0900
2022.03,mlcc,CN,17507811,147648802,118.5774,0003425293,2026-10-09T17:35:49+0900
2022.03,mlcc,KR,3991781,33663928,118.5774,0003425293,2026-10-09T17:35:49+0900
2022.03,mlcc,OTHER,20778342,175230204,118.5774,0003425293,2026-10-09T17:35:49+0900
2022.03,mlcc,TW,5703975,48103391,118.5774,0003425293,2026-10-09T17:35:49+0900
2022.03,mlcc,US,4280980,36102832,118.5774,0003425293,2026-10-09T17:35:49+0900
2022.03,mlcc,VN,591842,4991187,118.5774,0003425293,2026-10-09T17:35:49+0900
2022.03,mlcc,WORLD,52854731,445740343,118.5774,0003425293,2026-10-09T17:35:49+0900
2022.03,pcb,CN,10314505,86985420,118.5774,0003425293,2026-10-09T17:35:49+0900
2022.03,pcb,KR,4708175,39705500,118.5774,0003425293,2026-10-09T17:35:49+0900
2022.03,pcb,OTHER,11838311,99836149,118.5774,0003425293,2026-10-09T17:35:49+0900
2022.03,pcb,TW,3984867,33605620,118.5774,0003425293,2026-10-09T17:35:49+0900
2022.03,pcb,US,1665042,14041816,118.5774,0003425293,2026-10-09T17:35:49+0900
2022.03,pcb,VN,1280694,10800490,118.5774,0003425293,2026-10-09T17:35:49+0900
2022.03,pcb,WORLD,33791594,284974995,118.5774,0003425293,2026-10-09T17:35:49+0900
2022.03,photoresist,CN,8248960,69566039,118.5774,0003425293,2026-10-09T17:35:49+0900
2022.03,photoresist,KR,4618070,38945617,118.5774,0003425293,2026-10-09T17:35:49+0900
2022.03,photoresist,OTHER,7320383,61735061,118.5774,0003425293,2026-10-09T17:35:49+0900
2022.03,photoresist,TW,8654321,72984574,118.5774,0003425293,2026-10-09T17:35:49+0900
2022.03,photoresist,US,3564400,30059691,118.5774,0003425293,2026-10-09T17:35:49+0900
2022.03,photoresist,VN,535998,4520237,118.5774,0003425293,2026-10-09T17:35:49+0900
2022.03,photoresist,WORLD,32942132,277811219,118.5774,0003425293,2026-10-09T17:35:49+0900
2022.03,semi_equip,CN,108255638,912953379,118.5774,0003425293,2026-10-09T17:35:49+0900
2022.03,semi_equip,KR,76315909,643595736,118.5774,0003425293,2026-10-09T17:35:49+0900
2022.03,semi_equip,OTHER,55351226,466794060,118.5774,0003425293,2026-10-09T17:35:49+0900
2022.03,semi_equip,TW,75972177,640696937,118.5774,0003425293,2026-10-09T17:35:49+0900
2022.03,semi_equip,US,53141382,448157760,118.5774,0003425293,2026-10-09T17:35:49+0900
2022.03,semi_equip,VN,945165,7970870,118.5774,0003425293,2026-10-09T17:35:49+0900
2022.03,semi_equip,WORLD,369981497,3120168742,118.5774,0003425293,2026-10-09T17:35:49+0900
2022.03,semi_fab_equip,CN,69465206,585821632,118.5774,0003425293,2026-10-09T17:35:49+0900
2022.03,semi_fab_equip,KR,55174677,465305168,118.5774,0003425293,2026-10-09T17:35:49+0900
2022.03,semi_fab_equip,OTHER,36798778,310335511,118.5774,0003425293,2026-10-09T17:35:49+0900
2022.03,semi_fab_equip,TW,55905467,471468147,118.5774,0003425293,2026-10-09T17:35:49+0900
2022.03,semi_fab_equip,US,33723403,284399919,118.5774,0003425293,2026-10-09T17:35:49+0900
2022.03,semi_fab_equip,VN,571936,4823314,118.5774,0003425293,2026-10-09T17:35:49+0900
2022.03,semi_fab_equip,WORLD,251639467,2122153690,118.5774,0003425293,2026-10-09T17:35:49+0900
2022.03,semi_test,CN,4355484,36731148,118.5774,0003425293,2026-10-09T17:35:49+0900
2022.03,semi_test,KR,3285335,27706249,118.5774,0003425293,2026-10-09T17:35:49+0900
2022.03,semi_test,OTHER,1492949,12590502,118.5774,0003425293,2026-10-09T17:35:49+0900
2022.03,semi_test,TW,4738139,39958196,118.5774,0003425293,2026-10-09T17:35:49+0900
2022.03,semi_test,US,3303837,27862282,118.5774,0003425293,2026-10-09T17:35:49+0900
2022.03,semi_test,VN,49830,420232,118.5774,0003425293,2026-10-09T17:35:49+0900
2022.03,semi_test,WORLD,17225574,145268609,118.5774,0003425293,2026-10-09T17:35:49+0900
2022.03,transformer,CN,13567786,114421348,118.5774,0003425293,2026-10-09T17:35:49+0900
2022.03,transformer,KR,3123262,26339437,118.5774,0003425293,2026-10-09T17:35:49+0900
2022.03,transformer,OTHER,22596167,190560486,118.5774,0003425293,2026-10-09T17:35:49+0900
2022.03,transformer,TW,2593093,21868358,118.5774,0003425293,2026-10-09T17:35:49+0900
2022.03,transformer,US,12840438,108287397,118.5774,0003425293,2026-10-09T17:35:49+0900
2022.03,transformer,VN,690033,5819262,118.5774,0003425293,2026-10-09T17:35:49+0900
2022.03,transformer,WORLD,55410779,467296289,118.5774,0003425293,2026-10-09T17:35:49+0900
2022.03,transformer_large,CN,0,0,118.5774,0003425293,2026-10-09T17:35:49+0900
2022.03,transformer_large,KR,0,0,118.5774,0003425293,2026-10-09T17:35:49+0900
2022.03,transformer_large,OTHER,1248382,10527993,118.5774,0003425293,2026-10-09T17:35:49+0900
2022.03,transformer_large,TW,0,0,118.5774,0003425293,2026-10-09T17:35:49+0900
2022.03,transformer_large,US,0,0,118.5774,0003425293,2026-10-09T17:35:49+0900
2022.03,transformer_large,WORLD,1248382,10527993,118.5774,0003425293,2026-10-09T17:35:49+0900
2022.03,wafer,CN,9302327,78449409,118.5774,0003425293,2026-10-09T17:35:49+0900
2022.03,wafer,KR,9082567,76596105,118.5774,0003425293,2026-10-09T17:35:49+0900
2022.03,wafer,OTHER,9256116,78059698,118.5774,0003425293,2026-10-09T17:35:49+0900
2022.03,wafer,TW,13797849,116361541,118.5774,0003425293,2026-10-09T17:35:49+0900
2022.03,wafer,US,6807811,57412382,118.5774,0003425293,2026-10-09T17:35:49+0900
2022.03,wafer,VN,0,0,118.5774,0003425293,2026-10-09T17:35:49+0900
2022.03,wafer,WORLD,48246670,406879135,118.5774,0003425293,2026-10-09T17:35:49+0900
2022.04,discrete,CN,26728052,211499110,126.3743,0003425293,2026-10-09T17:35:49+0900
2022.04,discrete,KR,4221728,33406539,126.3743,0003425293,2026-10-09T17:35:49+0900
2022.04,discrete,OTHER,54156636,428541531,126.3743,0003425293,2026-10-09T17:35:49+0900
2022.04,discrete,TW,5553064,43941403,126.3743,0003425293,2026-10-09T17:35:49+0900
2022.04,discrete,US,9214421,72913725,126.3743,0003425293,2026-10-09T17:35:49+0900
2022.04,discrete,VN,1790080,14164905,126.3743,0003425293,2026-10-09T17:35:49+0900
2022.04,discrete,WORLD,101663981,804467214,126.3743,0003425293,2026-10-09T17:35:49+0900
2022.04,ic,CN,64606473,511231105,126.3743,0003425293,2026-10-09T17:35:49+0900
2022.04,ic,KR,27729033,219419874,126.3743,0003425293,2026-10-09T17:35:49+0900
2022.04,ic,OTHER,100802389,797649435,126.3743,0003425293,2026-10-09T17:35:49+0900
2022.04,ic,TW,100515375,795378293,126.3743,0003425293,2026-10-09T17:35:49+0900
2022.04,ic,US,10510111,83166522,126.3743,0003425293,2026-10-09T17:35:49+0900
2022.04,ic,VN,18806249,148813873,126.3743,0003425293,2026-10-09T17:35:49+0900
2022.04,ic,WORLD,322969630,2555659102,126.3743,0003425293,2026-10-09T17:35:49+0900
2022.04,liion,CN,1629048,12890659,126.3743,0003425293,2026-10-09T17:35:49+0900
2022.04,liion,KR,131895,1043685,126.3743,0003425293,2026-10-09T17:35:49+0900
2022.04,liion,OTHER,14806326,117162477,126.3743,0003425293,2026-10-09T17:35:49+0900
2022.04,liion,TW,451136,3569840,126.3743,0003425293,2026-10-09T17:35:49+0900
2022.04,liion,US,15113446,119592718,126.3743,0003425293,2026-10-09T17:35:49+0900
2022.04,liion,VN,92988,735814,126.3743,0003425293,2026-10-09T17:35:49+0900
2022.04,liion,WORLD,32224839,254995193,126.3743,0003425293,2026-10-09T17:35:49+0900
2022.04,mlcc,CN,19130666,151380985,126.3743,0003425293,2026-10-09T17:35:49+0900
2022.04,mlcc,KR,4328461,34251118,126.3743,0003425293,2026-10-09T17:35:49+0900
2022.04,mlcc,OTHER,21983963,173959128,126.3743,0003425293,2026-10-09T17:35:49+0900
2022.04,mlcc,TW,6119906,48426824,126.3743,0003425293,2026-10-09T17:35:49+0900
2022.04,mlcc,US,4447347,35191863,126.3743,0003425293,2026-10-09T17:35:49+0900
2022.04,mlcc,VN,604568,4783947,126.3743,0003425293,2026-10-09T17:35:49+0900
2022.04,mlcc,WORLD,56614911,447993864,126.3743,0003425293,2026-10-09T17:35:49+0900
2022.04,pcb,CN,8980703,71064315,126.3743,0003425293,2026-10-09T17:35:49+0900
2022.04,pcb,KR,4585019,36281261,126.3743,0003425293,2026-10-09T17:35:49+0900
2022.04,pcb,OTHER,12690516,100420070,126.3743,0003425293,2026-10-09T17:35:49+0900
2022.04,pcb,TW,3254911,25756115,126.3743,0003425293,2026-10-09T17:35:49+0900
2022.04,pcb,US,1857620,14699349,126.3743,0003425293,2026-10-09T17:35:49+0900
2022.04,pcb,VN,1124206,8895844,126.3743,0003425293,2026-10-09T17:35:49+0900
2022.04,pcb,WORLD,32492975,257116953,126.3743,0003425293,2026-10-09T17:35:49+0900
2022.04,photoresist,CN,7375804,58364747,126.3743,0003425293,2026-10-09T17:35:49+0900
2022.04,photoresist,KR,4999735,39562910,126.3743,0003425293,2026-10-09T17:35:49+0900
2022.04,photoresist,OTHER,5463608,43233537,126.3743,0003425293,2026-10-09T17:35:49+0900
2022.04,photoresist,TW,9279872,73431639,126.3743,0003425293,2026-10-09T17:35:49+0900
2022.04,photoresist,US,3683527,29147754,126.3743,0003425293,2026-10-09T17:35:49+0900
2022.04,photoresist,VN,336590,2663437,126.3743,0003425293,2026-10-09T17:35:49+0900
2022.04,photoresist,WORLD,31139136,246404024,126.3743,0003425293,2026-10-09T17:35:49+0900
2022.04,semi_equip,CN,80382739,636068718,126.3743,0003425293,2026-10-09T17:35:49+0900
2022.04,semi_equip,KR,58458680,462583611,126.3743,0003425293,2026-10-09T17:35:49+0900
2022.04,semi_equip,OTHER,72691722,575209691,126.3743,0003425293,2026-10-09T17:35:49+0900
2022.04,semi_equip,TW,75355738,596290053,126.3743,0003425293,2026-10-09T17:35:49+0900
2022.04,semi_equip,US,47226317,373701908,126.3743,0003425293,2026-10-09T17:35:49+0900
2022.04,semi_equip,VN,621195,4915517,126.3743,0003425293,2026-10-09T17:35:49+0900
2022.04,semi_equip,WORLD,334736391,2648769497,126.3743,0003425293,2026-10-09T17:35:49+0900
2022.04,semi_fab_equip,CN,34647969,274169424,126.3743,0003425293,2026-10-09T17:35:49+0900
2022.04,semi_fab_equip,KR,34361179,271900054,126.3743,0003425293,2026-10-09T17:35:49+0900
2022.04,semi_fab_equip,OTHER,53884235,426386022,126.3743,0003425293,2026-10-09T17:35:49+0900
2022.04,semi_fab_equip,TW,46966541,371646300,126.3743,0003425293,2026-10-09T17:35:49+0900
2022.04,semi_fab_equip,US,24307475,192345081,126.3743,0003425293,2026-10-09T17:35:49+0900
2022.04,semi_fab_equip,VN,391534,3098209,126.3743,0003425293,2026-10-09T17:35:49+0900
2022.04,semi_fab_equip,WORLD,194558933,1539545089,126.3743,0003425293,2026-10-09T17:35:49+0900
2022.04,semi_test,CN,3736144,29564112,126.3743,0003425293,2026-10-09T17:35:49+0900
2022.04,semi_test,KR,4290769,33952861,126.3743,0003425293,2026-10-09T17:35:49+0900
2022.04,semi_test,OTHER,3301726,26126562,126.3743,0003425293,2026-10-09T17:35:49+0900
2022.04,semi_test,TW,3540134,28013085,126.3743,0003425293,2026-10-09T17:35:49+0900
2022.04,semi_test,US,3285926,26001537,126.3743,0003425293,2026-10-09T17:35:49+0900
2022.04,semi_test,VN,0,0,126.3743,0003425293,2026-10-09T17:35:49+0900
2022.04,semi_test,WORLD,18154699,143658157,126.3743,0003425293,2026-10-09T17:35:49+0900
2022.04,transformer,CN,12416549,98252168,126.3743,0003425293,2026-10-09T17:35:49+0900
2022.04,transformer,KR,3300445,26116426,126.3743,0003425293,2026-10-09T17:35:49+0900
2022.04,transformer,OTHER,22806667,180469186,126.3743,0003425293,2026-10-09T17:35:49+0900
2022.04,transformer,TW,3269630,25872586,126.3743,0003425293,2026-10-09T17:35:49+0900
2022.04,transformer,US,9439162,74692101,126.3743,0003425293,2026-10-09T17:35:49+0900
2022.04,transformer,VN,555201,4393306,126.3743,0003425293,2026-10-09T17:35:49+0900
2022.04,transformer,WORLD,51787654,409795773,126.3743,0003425293,2026-10-09T17:35:49+0900
2022.04,transformer_large,CN,0,0,126.3743,0003425293,2026-10-09T17:35:49+0900
2022.04,transformer_large,KR,0,0,126.3743,0003425293,2026-10-09T17:35:49+0900
2022.04,transformer_large,OTHER,393737,3115641,126.3743,0003425293,2026-10-09T17:35:49+0900
2022.04,transformer_large,TW,0,0,126.3743,0003425293,2026-10-09T17:35:49+0900
2022.04,transformer_large,US,0,0,126.3743,0003425293,2026-10-09T17:35:49+0900
2022.04,transformer_large,WORLD,393737,3115641,126.3743,0003425293,2026-10-09T17:35:49+0900
2022.04,wafer,CN,9063118,71716465,126.3743,0003425293,2026-10-09T17:35:49+0900
2022.04,wafer,KR,8856741,70083403,126.3743,0003425293,2026-10-09T17:35:49+0900
2022.04,wafer,OTHER,9444706,74735971,126.3743,0003425293,2026-10-09T17:35:49+0900
2022.04,wafer,TW,14261830,112853879,126.3743,0003425293,2026-10-09T17:35:49+0900
2022.04,wafer,US,7927503,62730342,126.3743,0003425293,2026-10-09T17:35:49+0900
2022.04,wafer,VN,277,2192,126.3743,0003425293,2026-10-09T17:35:49+0900
2022.04,wafer,WORLD,49554175,392122251,126.3743,0003425293,2026-10-09T17:35:49+0900
2022.05,discrete,CN,23813436,184817189,128.8486,0003425293,2026-10-09T17:35:49+0900
2022.05,discrete,KR,3855994,29926549,128.8486,0003425293,2026-10-09T17:35:49+0900
2022.05,discrete,OTHER,48593726,377138176,128.8486,0003425293,2026-10-09T17:35:49+0900
2022.05,discrete,TW,5761190,44712865,128.8486,0003425293,2026-10-09T17:35:49+0900
2022.05,discrete,US,8040719,62404396,128.8486,0003425293,2026-10-09T17:35:49+0900
2022.05,discrete,VN,1235085,9585552,128.8486,0003425293,2026-10-09T17:35:49+0900
2022.05,discrete,WORLD,91300150,708584727,128.8486,0003425293,2026-10-09T17:35:49+0900
2022.05,ic,CN,70728442,548926740,128.8486,0003425293,2026-10-09T17:35:49+0900
2022.05,ic,KR,23662555,183646194,128.8486,0003425293,2026-10-09T17:35:49+0900
2022.05,ic,OTHER,109548713,850212676,128.8486,0003425293,2026-10-09T17:35:49+0900
2022.05,ic,TW,111655599,866564317,128.8486,0003425293,2026-10-09T17:35:49+0900
2022.05,ic,US,11241166,87243214,128.8486,0003425293,2026-10-09T17:35:49+0900
2022.05,ic,VN,17992290,139639003,128.8486,0003425293,2026-10-09T17:35:49+0900
2022.05,ic,WORLD,344828765,2676232144,128.8486,0003425293,2026-10-09T17:35:49+0900
2022.05,liion,CN,1623020,12596334,128.8486,0003425293,2026-10-09T17:35:49+0900
2022.05,liion,KR,283006,2196423,128.8486,0003425293,2026-10-09T17:35:49+0900
2022.05,liion,OTHER,12201890,94699438,128.8486,0003425293,2026-10-09T17:35:49+0900
2022.05,liion,TW,556970,4322670,128.8486,0003425293,2026-10-09T17:35:49+0900
2022.05,liion,US,13519728,104927240,128.8486,0003425293,2026-10-09T17:35:49+0900
2022.05,liion,VN,102896,798581,128.8486,0003425293,2026-10-09T17:35:49+0900
2022.05,liion,WORLD,28287510,219540686,128.8486,0003425293,2026-10-09T17:35:49+0900
2022.05,mlcc,CN,15226002,118169712,128.8486,0003425293,2026-10-09T17:35:49+0900
2022.05,mlcc,KR,4283569,33244979,128.8486,0003425293,2026-10-09T17:35:49+0900
2022.05,mlcc,OTHER,22598764,175390062,128.8486,0003425293,2026-10-09T17:35:49+0900
2022.05,mlcc,TW,6951453,53950551,128.8486,0003425293,2026-10-09T17:35:49+0900
2022.05,mlcc,US,5305714,41177894,128.8486,0003425293,2026-10-09T17:35:49+0900
2022.05,mlcc,VN,264898,2055886,128.8486,0003425293,2026-10-09T17:35:49+0900
2022.05,mlcc,WORLD,54630400,423989085,128.8486,0003425293,2026-10-09T17:35:49+0900
2022.05,pcb,CN,6526958,50656026,128.8486,0003425293,2026-10-09T17:35:49+0900
2022.05,pcb,KR,4054909,31470338,128.8486,0003425293,2026-10-09T17:35:49+0900
2022.05,pcb,OTHER,10565232,81997259,128.8486,0003425293,2026-10-09T17:35:49+0900
2022.05,pcb,TW,3091768,23995356,128.8486,0003425293,2026-10-09T17:35:49+0900
2022.05,pcb,US,1516576,11770217,128.8486,0003425293,2026-10-09T17:35:49+0900
2022.05,pcb,VN,899436,6980565,128.8486,0003425293,2026-10-09T17:35:49+0900
2022.05,pcb,WORLD,26654879,206869760,128.8486,0003425293,2026-10-09T17:35:49+0900
2022.05,photoresist,CN,8698397,67508665,128.8486,0003425293,2026-10-09T17:35:49+0900
2022.05,photoresist,KR,4724456,36666724,128.8486,0003425293,2026-10-09T17:35:49+0900
2022.05,photoresist,OTHER,5739261,44542673,128.8486,0003425293,2026-10-09T17:35:49+0900
2022.05,photoresist,TW,7636504,59267264,128.8486,0003425293,2026-10-09T17:35:49+0900
2022.05,photoresist,US,4065507,31552590,128.8486,0003425293,2026-10-09T17:35:49+0900
2022.05,photoresist,VN,617579,4793059,128.8486,0003425293,2026-10-09T17:35:49+0900
2022.05,photoresist,WORLD,31481704,244330974,128.8486,0003425293,2026-10-09T17:35:49+0900
2022.05,semi_equip,CN,91479105,709973605,128.8486,0003425293,2026-10-09T17:35:49+0900
2022.05,semi_equip,KR,50087806,388733801,128.8486,0003425293,2026-10-09T17:35:49+0900
2022.05,semi_equip,OTHER,51469581,399457821,128.8486,0003425293,2026-10-09T17:35:49+0900
2022.05,semi_equip,TW,62581360,485696857,128.8486,0003425293,2026-10-09T17:35:49+0900
2022.05,semi_equip,US,37740255,292903881,128.8486,0003425293,2026-10-09T17:35:49+0900
2022.05,semi_equip,VN,1024001,7947320,128.8486,0003425293,2026-10-09T17:35:49+0900
2022.05,semi_equip,WORLD,294382108,2284713284,128.8486,0003425293,2026-10-09T17:35:49+0900
2022.05,semi_fab_equip,CN,46743239,362776460,128.8486,0003425293,2026-10-09T17:35:49+0900
2022.05,semi_fab_equip,KR,32241561,250228260,128.8486,0003425293,2026-10-09T17:35:49+0900
2022.05,semi_fab_equip,OTHER,35409782,274816971,128.8486,0003425293,2026-10-09T17:35:49+0900
2022.05,semi_fab_equip,TW,41602687,322880396,128.8486,0003425293,2026-10-09T17:35:49+0900
2022.05,semi_fab_equip,US,18552939,143990226,128.8486,0003425293,2026-10-09T17:35:49+0900
2022.05,semi_fab_equip,VN,707057,5487502,128.8486,0003425293,2026-10-09T17:35:49+0900
2022.05,semi_fab_equip,WORLD,175257265,1360179816,128.8486,0003425293,2026-10-09T17:35:49+0900
2022.05,semi_test,CN,1992440,15463420,128.8486,0003425293,2026-10-09T17:35:49+0900
2022.05,semi_test,KR,4440106,34459870,128.8486,0003425293,2026-10-09T17:35:49+0900
2022.05,semi_test,OTHER,3322077,25782795,128.8486,0003425293,2026-10-09T17:35:49+0900
2022.05,semi_test,TW,3852339,29898183,128.8486,0003425293,2026-10-09T17:35:49+0900
2022.05,semi_test,US,914204,7095180,128.8486,0003425293,2026-10-09T17:35:49+0900
2022.05,semi_test,VN,0,0,128.8486,0003425293,2026-10-09T17:35:49+0900
2022.05,semi_test,WORLD,14521166,112699447,128.8486,0003425293,2026-10-09T17:35:49+0900
2022.05,transformer,CN,10295913,79907061,128.8486,0003425293,2026-10-09T17:35:49+0900
2022.05,transformer,KR,3862937,29980434,128.8486,0003425293,2026-10-09T17:35:49+0900
2022.05,transformer,OTHER,17734521,137638445,128.8486,0003425293,2026-10-09T17:35:49+0900
2022.05,transformer,TW,2862874,22218899,128.8486,0003425293,2026-10-09T17:35:49+0900
2022.05,transformer,US,6999525,54323640,128.8486,0003425293,2026-10-09T17:35:49+0900
2022.05,transformer,VN,455186,3532720,128.8486,0003425293,2026-10-09T17:35:49+0900
2022.05,transformer,WORLD,42210956,327601200,128.8486,0003425293,2026-10-09T17:35:49+0900
2022.05,transformer_large,CN,0,0,128.8486,0003425293,2026-10-09T17:35:49+0900
2022.05,transformer_large,KR,142940,1109364,128.8486,0003425293,2026-10-09T17:35:49+0900
2022.05,transformer_large,OTHER,0,0,128.8486,0003425293,2026-10-09T17:35:49+0900
2022.05,transformer_large,TW,0,0,128.8486,0003425293,2026-10-09T17:35:49+0900
2022.05,transformer_large,US,0,0,128.8486,0003425293,2026-10-09T17:35:49+0900
2022.05,transformer_large,WORLD,142940,1109364,128.8486,0003425293,2026-10-09T17:35:49+0900
2022.05,wafer,CN,11230433,87159915,128.8486,0003425293,2026-10-09T17:35:49+0900
2022.05,wafer,KR,9185096,71285959,128.8486,0003425293,2026-10-09T17:35:49+0900
2022.05,wafer,OTHER,9808237,76122185,128.8486,0003425293,2026-10-09T17:35:49+0900
2022.05,wafer,TW,16357910,126954503,128.8486,0003425293,2026-10-09T17:35:49+0900
2022.05,wafer,US,7237830,56173137,128.8486,0003425293,2026-10-09T17:35:49+0900
2022.05,wafer,VN,0,0,128.8486,0003425293,2026-10-09T17:35:49+0900
2022.05,wafer,WORLD,53819506,417695699,128.8486,0003425293,2026-10-09T17:35:49+0900
2022.06,discrete,CN,30458632,227367871,133.9619,0003425293,2026-10-09T17:35:49+0900
2022.06,discrete,KR,4803988,35860853,133.9619,0003425293,2026-10-09T17:35:49+0900
2022.06,discrete,OTHER,54980049,410415566,133.9619,0003425293,2026-10-09T17:35:49+0900
2022.06,discrete,TW,6041515,45098756,133.9619,0003425293,2026-10-09T17:35:49+0900
2022.06,discrete,US,9711074,72491313,133.9619,0003425293,2026-10-09T17:35:49+0900
2022.06,discrete,VN,1165722,8701892,133.9619,0003425293,2026-10-09T17:35:49+0900
2022.06,discrete,WORLD,107160980,799936251,133.9619,0003425293,2026-10-09T17:35:49+0900
2022.06,ic,CN,105107158,784604862,133.9619,0003425293,2026-10-09T17:35:49+0900
2022.06,ic,KR,26901911,200817628,133.9619,0003425293,2026-10-09T17:35:49+0900
2022.06,ic,OTHER,118871622,887353957,133.9619,0003425293,2026-10-09T17:35:49+0900
2022.06,ic,TW,116596972,870374129,133.9619,0003425293,2026-10-09T17:35:49+0900
2022.06,ic,US,10385971,77529290,133.9619,0003425293,2026-10-09T17:35:49+0900
2022.06,ic,VN,25206293,188160163,133.9619,0003425293,2026-10-09T17:35:49+0900
2022.06,ic,WORLD,403069927,3008840028,133.9619,0003425293,2026-10-09T17:35:49+0900
2022.06,liion,CN,1939062,14474728,133.9619,0003425293,2026-10-09T17:35:49+0900
2022.06,liion,KR,328165,2449689,133.9619,0003425293,2026-10-09T17:35:49+0900
2022.06,liion,OTHER,15942478,119007554,133.9619,0003425293,2026-10-09T17:35:49+0900
2022.06,liion,TW,596833,4455244,133.9619,0003425293,2026-10-09T17:35:49+0900
2022.06,liion,US,18319288,136749986,133.9619,0003425293,2026-10-09T17:35:49+0900
2022.06,liion,VN,62121,463721,133.9619,0003425293,2026-10-09T17:35:49+0900
2022.06,liion,WORLD,37187947,277600922,133.9619,0003425293,2026-10-09T17:35:49+0900
2022.06,mlcc,CN,16572068,123707323,133.9619,0003425293,2026-10-09T17:35:49+0900
2022.06,mlcc,KR,4240762,31656478,133.9619,0003425293,2026-10-09T17:35:49+0900
2022.06,mlcc,OTHER,19826858,148003709,133.9619,0003425293,2026-10-09T17:35:49+0900
2022.06,mlcc,TW,6217663,46413667,133.9619,0003425293,2026-10-09T17:35:49+0900
2022.06,mlcc,US,4926480,36775232,133.9619,0003425293,2026-10-09T17:35:49+0900
2022.06,mlcc,VN,697341,5205517,133.9619,0003425293,2026-10-09T17:35:49+0900
2022.06,mlcc,WORLD,52481172,391761926,133.9619,0003425293,2026-10-09T17:35:49+0900
2022.06,pcb,CN,8087874,60374435,133.9619,0003425293,2026-10-09T17:35:49+0900
2022.06,pcb,KR,5570904,41585734,133.9619,0003425293,2026-10-09T17:35:49+0900
2022.06,pcb,OTHER,13911730,103848408,133.9619,0003425293,2026-10-09T17:35:49+0900
2022.06,pcb,TW,3812173,28457143,133.9619,0003425293,2026-10-09T17:35:49+0900
2022.06,pcb,US,1671255,12475599,133.9619,0003425293,2026-10-09T17:35:49+0900
2022.06,pcb,VN,1016210,7585814,133.9619,0003425293,2026-10-09T17:35:49+0900
2022.06,pcb,WORLD,34070146,254327133,133.9619,0003425293,2026-10-09T17:35:49+0900
2022.06,photoresist,CN,10076170,75216685,133.9619,0003425293,2026-10-09T17:35:49+0900
2022.06,photoresist,KR,4888098,36488718,133.9619,0003425293,2026-10-09T17:35:49+0900
2022.06,photoresist,OTHER,6547933,48879069,133.9619,0003425293,2026-10-09T17:35:49+0900
2022.06,photoresist,TW,9376648,69994887,133.9619,0003425293,2026-10-09T17:35:49+0900
2022.06,photoresist,US,5508704,41121423,133.9619,0003425293,2026-10-09T17:35:49+0900
2022.06,photoresist,VN,683459,5101891,133.9619,0003425293,2026-10-09T17:35:49+0900
2022.06,photoresist,WORLD,37081012,276802673,133.9619,0003425293,2026-10-09T17:35:49+0900
2022.06,semi_equip,CN,121198711,904725232,133.9619,0003425293,2026-10-09T17:35:49+0900
2022.06,semi_equip,KR,57597465,429954076,133.9619,0003425293,2026-10-09T17:35:49+0900
2022.06,semi_equip,OTHER,44017483,328582104,133.9619,0003425293,2026-10-09T17:35:49+0900
2022.06,semi_equip,TW,77853255,581159680,133.9619,0003425293,2026-10-09T17:35:49+0900
2022.06,semi_equip,US,48034809,358570676,133.9619,0003425293,2026-10-09T17:35:49+0900
2022.06,semi_equip,VN,1473870,11002158,133.9619,0003425293,2026-10-09T17:35:49+0900
2022.06,semi_equip,WORLD,350175593,2613993927,133.9619,0003425293,2026-10-09T17:35:49+0900
2022.06,semi_fab_equip,CN,63440254,473569381,133.9619,0003425293,2026-10-09T17:35:49+0900
2022.06,semi_fab_equip,KR,39831967,297338027,133.9619,0003425293,2026-10-09T17:35:49+0900
2022.06,semi_fab_equip,OTHER,26137181,195109065,133.9619,0003425293,2026-10-09T17:35:49+0900
2022.06,semi_fab_equip,TW,49860680,372200454,133.9619,0003425293,2026-10-09T17:35:49+0900
2022.06,semi_fab_equip,US,23552815,175817266,133.9619,0003425293,2026-10-09T17:35:49+0900
2022.06,semi_fab_equip,VN,714909,5336659,133.9619,0003425293,2026-10-09T17:35:49+0900
2022.06,semi_fab_equip,WORLD,203537806,1519370851,133.9619,0003425293,2026-10-09T17:35:49+0900
2022.06,semi_test,CN,5173790,38621354,133.9619,0003425293,2026-10-09T17:35:49+0900
2022.06,semi_test,KR,4131540,30841157,133.9619,0003425293,2026-10-09T17:35:49+0900
2022.06,semi_test,OTHER,6915967,51626373,133.9619,0003425293,2026-10-09T17:35:49+0900
2022.06,semi_test,TW,9706704,72458692,133.9619,0003425293,2026-10-09T17:35:49+0900
2022.06,semi_test,US,2095218,15640402,133.9619,0003425293,2026-10-09T17:35:49+0900
2022.06,semi_test,VN,443190,3308329,133.9619,0003425293,2026-10-09T17:35:49+0900
2022.06,semi_test,WORLD,28466409,212496307,133.9619,0003425293,2026-10-09T17:35:49+0900
2022.06,transformer,CN,13197321,98515481,133.9619,0003425293,2026-10-09T17:35:49+0900
2022.06,transformer,KR,3804304,28398403,133.9619,0003425293,2026-10-09T17:35:49+0900
2022.06,transformer,OTHER,21701816,161999912,133.9619,0003425293,2026-10-09T17:35:49+0900
2022.06,transformer,TW,3207153,23940785,133.9619,0003425293,2026-10-09T17:35:49+0900
2022.06,transformer,US,8672038,64735108,133.9619,0003425293,2026-10-09T17:35:49+0900
2022.06,transformer,VN,472752,3529003,133.9619,0003425293,2026-10-09T17:35:49+0900
2022.06,transformer,WORLD,51055384,381118691,133.9619,0003425293,2026-10-09T17:35:49+0900
2022.06,transformer_large,CN,0,0,133.9619,0003425293,2026-10-09T17:35:49+0900
2022.06,transformer_large,KR,0,0,133.9619,0003425293,2026-10-09T17:35:49+0900
2022.06,transformer_large,OTHER,1410242,10527187,133.9619,0003425293,2026-10-09T17:35:49+0900
2022.06,transformer_large,TW,0,0,133.9619,0003425293,2026-10-09T17:35:49+0900
2022.06,transformer_large,US,0,0,133.9619,0003425293,2026-10-09T17:35:49+0900
2022.06,transformer_large,WORLD,1410242,10527187,133.9619,0003425293,2026-10-09T17:35:49+0900
2022.06,wafer,CN,10685101,79762238,133.9619,0003425293,2026-10-09T17:35:49+0900
2022.06,wafer,KR,8860850,66144553,133.9619,0003425293,2026-10-09T17:35:49+0900
2022.06,wafer,OTHER,10753635,80273832,133.9619,0003425293,2026-10-09T17:35:49+0900
2022.06,wafer,TW,18610927,138927016,133.9619,0003425293,2026-10-09T17:35:49+0900
2022.06,wafer,US,8105473,60505808,133.9619,0003425293,2026-10-09T17:35:49+0900
2022.06,wafer,VN,0,0,133.9619,0003425293,2026-10-09T17:35:49+0900
2022.06,wafer,WORLD,57015986,425613447,133.9619,0003425293,2026-10-09T17:35:49+0900
2022.07,discrete,CN,31162605,227948453,136.7090,0003425293,2026-10-09T17:35:49+0900
2022.07,discrete,KR,5082035,37174107,136.7090,0003425293,2026-10-09T17:35:49+0900
2022.07,discrete,OTHER,53747421,393152031,136.7090,0003425293,2026-10-09T17:35:49+0900
2022.07,discrete,TW,7221425,52823333,136.7090,0003425293,2026-10-09T17:35:49+0900
2022.07,discrete,US,9241694,67601211,136.7090,0003425293,2026-10-09T17:35:49+0900
2022.07,discrete,VN,1478556,10815352,136.7090,0003425293,2026-10-09T17:35:49+0900
2022.07,discrete,WORLD,107933736,789514487,136.7090,0003425293,2026-10-09T17:35:49+0900
2022.07,ic,CN,105192661,769464051,136.7090,0003425293,2026-10-09T17:35:49+0900
2022.07,ic,KR,34219247,250307200,136.7090,0003425293,2026-10-09T17:35:49+0900
2022.07,ic,OTHER,127343019,931489653,136.7090,0003425293,2026-10-09T17:35:49+0900
2022.07,ic,TW,95933809,701737333,136.7090,0003425293,2026-10-09T17:35:49+0900
2022.07,ic,US,12110173,88583583,136.7090,0003425293,2026-10-09T17:35:49+0900
2022.07,ic,VN,32238607,235819200,136.7090,0003425293,2026-10-09T17:35:49+0900
2022.07,ic,WORLD,407037516,2977401020,136.7090,0003425293,2026-10-09T17:35:49+0900
2022.07,liion,CN,2237177,16364519,136.7090,0003425293,2026-10-09T17:35:49+0900
2022.07,liion,KR,485038,3547960,136.7090,0003425293,2026-10-09T17:35:49+0900
2022.07,liion,OTHER,13815886,101060545,136.7090,0003425293,2026-10-09T17:35:49+0900
2022.07,liion,TW,1030251,7536088,136.7090,0003425293,2026-10-09T17:35:49+0900
2022.07,liion,US,10447772,76423440,136.7090,0003425293,2026-10-09T17:35:49+0900
2022.07,liion,VN,128684,941299,136.7090,0003425293,2026-10-09T17:35:49+0900
2022.07,liion,WORLD,28144808,205873849,136.7090,0003425293,2026-10-09T17:35:49+0900
2022.07,mlcc,CN,16546014,121030905,136.7090,0003425293,2026-10-09T17:35:49+0900
2022.07,mlcc,KR,4191823,30662378,136.7090,0003425293,2026-10-09T17:35:49+0900
2022.07,mlcc,OTHER,22672880,165847750,136.7090,0003425293,2026-10-09T17:35:49+0900
2022.07,mlcc,TW,7406088,54174107,136.7090,0003425293,2026-10-09T17:35:49+0900
2022.07,mlcc,US,5632505,41200689,136.7090,0003425293,2026-10-09T17:35:49+0900
2022.07,mlcc,VN,664298,4859212,136.7090,0003425293,2026-10-09T17:35:49+0900
2022.07,mlcc,WORLD,57113608,417775040,136.7090,0003425293,2026-10-09T17:35:49+0900
2022.07,pcb,CN,10947173,80076462,136.7090,0003425293,2026-10-09T17:35:49+0900
2022.07,pcb,KR,6413618,46914380,136.7090,0003425293,2026-10-09T17:35:49+0900
2022.07,pcb,OTHER,16277453,119066433,136.7090,0003425293,2026-10-09T17:35:49+0900
2022.07,pcb,TW,3943312,28844568,136.7090,0003425293,2026-10-09T17:35:49+0900
2022.07,pcb,US,1785757,13062468,136.7090,0003425293,2026-10-09T17:35:49+0900
2022.07,pcb,VN,1778058,13006152,136.7090,0003425293,2026-10-09T17:35:49+0900
2022.07,pcb,WORLD,41145371,300970463,136.7090,0003425293,2026-10-09T17:35:49+0900
2022.07,photoresist,CN,9557225,69909260,136.7090,0003425293,2026-10-09T17:35:49+0900
2022.07,photoresist,KR,5253937,38431537,136.7090,0003425293,2026-10-09T17:35:49+0900
2022.07,photoresist,OTHER,8743991,63960610,136.7090,0003425293,2026-10-09T17:35:49+0900
2022.07,photoresist,TW,9298920,68019808,136.7090,0003425293,2026-10-09T17:35:49+0900
2022.07,photoresist,US,5744958,42023261,136.7090,0003425293,2026-10-09T17:35:49+0900
2022.07,photoresist,VN,717620,5249252,136.7090,0003425293,2026-10-09T17:35:49+0900
2022.07,photoresist,WORLD,39316651,287593728,136.7090,0003425293,2026-10-09T17:35:49+0900
2022.07,semi_equip,CN,123641657,904414903,136.7090,0003425293,2026-10-09T17:35:49+0900
2022.07,semi_equip,KR,54091999,395672553,136.7090,0003425293,2026-10-09T17:35:49+0900
2022.07,semi_equip,OTHER,57344150,419461411,136.7090,0003425293,2026-10-09T17:35:49+0900
2022.07,semi_equip,TW,94368024,690283917,136.7090,0003425293,2026-10-09T17:35:49+0900
2022.07,semi_equip,US,61702563,451342362,136.7090,0003425293,2026-10-09T17:35:49+0900
2022.07,semi_equip,VN,1339641,9799216,136.7090,0003425293,2026-10-09T17:35:49+0900
2022.07,semi_equip,WORLD,392488034,2870974362,136.7090,0003425293,2026-10-09T17:35:49+0900
2022.07,semi_fab_equip,CN,65183773,476806743,136.7090,0003425293,2026-10-09T17:35:49+0900
2022.07,semi_fab_equip,KR,32886179,240556064,136.7090,0003425293,2026-10-09T17:35:49+0900
2022.07,semi_fab_equip,OTHER,36768664,268955694,136.7090,0003425293,2026-10-09T17:35:49+0900
2022.07,semi_fab_equip,TW,62892908,460049507,136.7090,0003425293,2026-10-09T17:35:49+0900
2022.07,semi_fab_equip,US,36976262,270474234,136.7090,0003425293,2026-10-09T17:35:49+0900
2022.07,semi_fab_equip,VN,881676,6449290,136.7090,0003425293,2026-10-09T17:35:49+0900
2022.07,semi_fab_equip,WORLD,235589462,1723291532,136.7090,0003425293,2026-10-09T17:35:49+0900
2022.07,semi_test,CN,3279144,23986307,136.7090,0003425293,2026-10-09T17:35:49+0900
2022.07,semi_test,KR,8659954,63345895,136.7090,0003425293,2026-10-09T17:35:49+0900
2022.07,semi_test,OTHER,6856370,50153026,136.7090,0003425293,2026-10-09T17:35:49+0900
2022.07,semi_test,TW,11957199,87464607,136.7090,0003425293,2026-10-09T17:35:49+0900
2022.07,semi_test,US,3158741,23105582,136.7090,0003425293,2026-10-09T17:35:49+0900
2022.07,semi_test,VN,1491,10906,136.7090,0003425293,2026-10-09T17:35:49+0900
2022.07,semi_test,WORLD,33912899,248066323,136.7090,0003425293,2026-10-09T17:35:49+0900
2022.07,transformer,CN,13794661,100905288,136.7090,0003425293,2026-10-09T17:35:49+0900
2022.07,transformer,KR,2823970,20656797,136.7090,0003425293,2026-10-09T17:35:49+0900
2022.07,transformer,OTHER,23737260,173633484,136.7090,0003425293,2026-10-09T17:35:49+0900
2022.07,transformer,TW,4555489,33322524,136.7090,0003425293,2026-10-09T17:35:49+0900
2022.07,transformer,US,8901910,65115757,136.7090,0003425293,2026-10-09T17:35:49+0900
2022.07,transformer,VN,572827,4190119,136.7090,0003425293,2026-10-09T17:35:49+0900
2022.07,transformer,WORLD,54386117,397823969,136.7090,0003425293,2026-10-09T17:35:49+0900
2022.07,transformer_large,CN,0,0,136.7090,0003425293,2026-10-09T17:35:49+0900
2022.07,transformer_large,KR,0,0,136.7090,0003425293,2026-10-09T17:35:49+0900
2022.07,transformer_large,OTHER,0,0,136.7090,0003425293,2026-10-09T17:35:49+0900
2022.07,transformer_large,TW,426840,3122252,136.7090,0003425293,2026-10-09T17:35:49+0900
2022.07,transformer_large,US,0,0,136.7090,0003425293,2026-10-09T17:35:49+0900
2022.07,transformer_large,WORLD,426840,3122252,136.7090,0003425293,2026-10-09T17:35:49+0900
2022.07,wafer,CN,11602148,84867478,136.7090,0003425293,2026-10-09T17:35:49+0900
2022.07,wafer,KR,8822632,64535854,136.7090,0003425293,2026-10-09T17:35:49+0900
2022.07,wafer,OTHER,11579084,84698769,136.7090,0003425293,2026-10-09T17:35:49+0900
2022.07,wafer,TW,18943526,138568243,136.7090,0003425293,2026-10-09T17:35:49+0900
2022.07,wafer,US,9569588,69999693,136.7090,0003425293,2026-10-09T17:35:49+0900
2022.07,wafer,VN,0,0,136.7090,0003425293,2026-10-09T17:35:49+0900
2022.07,wafer,WORLD,60516978,442670036,136.7090,0003425293,2026-10-09T17:35:49+0900
2022.08,discrete,CN,26684097,197245762,135.2835,0003425293,2026-10-09T17:35:49+0900
2022.08,discrete,KR,5585749,41289211,135.2835,0003425293,2026-10-09T17:35:49+0900
2022.08,discrete,OTHER,51512671,380775712,135.2835,0003425293,2026-10-09T17:35:49+0900
2022.08,discrete,TW,5462456,40377844,135.2835,0003425293,2026-10-09T17:35:49+0900
2022.08,discrete,US,9635370,71223542,135.2835,0003425293,2026-10-09T17:35:49+0900
2022.08,discrete,VN,1186269,8768763,135.2835,0003425293,2026-10-09T17:35:49+0900
2022.08,discrete,WORLD,100066612,739680833,135.2835,0003425293,2026-10-09T17:35:49+0900
2022.08,ic,CN,62439471,461545355,135.2835,0003425293,2026-10-09T17:35:49+0900
2022.08,ic,KR,40116205,296534352,135.2835,0003425293,2026-10-09T17:35:49+0900
2022.08,ic,OTHER,112705445,833105626,135.2835,0003425293,2026-10-09T17:35:49+0900
2022.08,ic,TW,79916555,590733940,135.2835,0003425293,2026-10-09T17:35:49+0900
2022.08,ic,US,10722151,79256901,135.2835,0003425293,2026-10-09T17:35:49+0900
2022.08,ic,VN,37982300,280760773,135.2835,0003425293,2026-10-09T17:35:49+0900
2022.08,ic,WORLD,343882127,2541936947,135.2835,0003425293,2026-10-09T17:35:49+0900
2022.08,liion,CN,1959014,14480805,135.2835,0003425293,2026-10-09T17:35:49+0900
2022.08,liion,KR,445287,3291510,135.2835,0003425293,2026-10-09T17:35:49+0900
2022.08,liion,OTHER,13065785,96580773,135.2835,0003425293,2026-10-09T17:35:49+0900
2022.08,liion,TW,944261,6979868,135.2835,0003425293,2026-10-09T17:35:49+0900
2022.08,liion,US,16341676,120795781,135.2835,0003425293,2026-10-09T17:35:49+0900
2022.08,liion,VN,34132,252300,135.2835,0003425293,2026-10-09T17:35:49+0900
2022.08,liion,WORLD,32790155,242381037,135.2835,0003425293,2026-10-09T17:35:49+0900
2022.08,mlcc,CN,17504239,129389312,135.2835,0003425293,2026-10-09T17:35:49+0900
2022.08,mlcc,KR,3968548,29335048,135.2835,0003425293,2026-10-09T17:35:49+0900
2022.08,mlcc,OTHER,21859931,161586084,135.2835,0003425293,2026-10-09T17:35:49+0900
2022.08,mlcc,TW,6918346,51139614,135.2835,0003425293,2026-10-09T17:35:49+0900
2022.08,mlcc,US,4817982,35613966,135.2835,0003425293,2026-10-09T17:35:49+0900
2022.08,mlcc,VN,1023977,7569120,135.2835,0003425293,2026-10-09T17:35:49+0900
2022.08,mlcc,WORLD,56093023,414633144,135.2835,0003425293,2026-10-09T17:35:49+0900
2022.08,pcb,CN,12523588,92572915,135.2835,0003425293,2026-10-09T17:35:49+0900
2022.08,pcb,KR,6466231,47797632,135.2835,0003425293,2026-10-09T17:35:49+0900
2022.08,pcb,OTHER,15456670,114253919,135.2835,0003425293,2026-10-09T17:35:49+0900
2022.08,pcb,TW,3365754,24879265,135.2835,0003425293,2026-10-09T17:35:49+0900
2022.08,pcb,US,1988440,14698319,135.2835,0003425293,2026-10-09T17:35:49+0900
2022.08,pcb,VN,2009288,14852425,135.2835,0003425293,2026-10-09T17:35:49+0900
2022.08,pcb,WORLD,41809971,309054474,135.2835,0003425293,2026-10-09T17:35:49+0900
2022.08,photoresist,CN,8823618,65223165,135.2835,0003425293,2026-10-09T17:35:49+0900
2022.08,photoresist,KR,4697283,34721773,135.2835,0003425293,2026-10-09T17:35:49+0900
2022.08,photoresist,OTHER,7840417,57955457,135.2835,0003425293,2026-10-09T17:35:49+0900
2022.08,photoresist,TW,8621730,63730832,135.2835,0003425293,2026-10-09T17:35:49+0900
2022.08,photoresist,US,6130195,45313693,135.2835,0003425293,2026-10-09T17:35:49+0900
2022.08,photoresist,VN,478161,3534511,135.2835,0003425293,2026-10-09T17:35:49+0900
2022.08,photoresist,WORLD,36591404,270479430,135.2835,0003425293,2026-10-09T17:35:49+0900
2022.08,semi_equip,CN,110329091,815539892,135.2835,0003425293,2026-10-09T17:35:49+0900
2022.08,semi_equip,KR,54338660,401665096,135.2835,0003425293,2026-10-09T17:35:49+0900
2022.08,semi_equip,OTHER,51015145,377098057,135.2835,0003425293,2026-10-09T17:35:49+0900
2022.08,semi_equip,TW,76299038,563993673,135.2835,0003425293,2026-10-09T17:35:49+0900
2022.08,semi_equip,US,53980061,399014374,135.2835,0003425293,2026-10-09T17:35:49+0900
2022.08,semi_equip,VN,1219220,9012333,135.2835,0003425293,2026-10-09T17:35:49+0900
2022.08,semi_equip,WORLD,347181215,2566323425,135.2835,0003425293,2026-10-09T17:35:49+0900
2022.08,semi_fab_equip,CN,67282412,497343815,135.2835,0003425293,2026-10-09T17:35:49+0900
2022.08,semi_fab_equip,KR,27251133,201437226,135.2835,0003425293,2026-10-09T17:35:49+0900
2022.08,semi_fab_equip,OTHER,33231932,245646601,135.2835,0003425293,2026-10-09T17:35:49+0900
2022.08,semi_fab_equip,TW,48503364,358531262,135.2835,0003425293,2026-10-09T17:35:49+0900
2022.08,semi_fab_equip,US,32699255,241709115,135.2835,0003425293,2026-10-09T17:35:49+0900
2022.08,semi_fab_equip,VN,793277,5863812,135.2835,0003425293,2026-10-09T17:35:49+0900
2022.08,semi_fab_equip,WORLD,209761373,1550531831,135.2835,0003425293,2026-10-09T17:35:49+0900
2022.08,semi_test,CN,5205404,38477745,135.2835,0003425293,2026-10-09T17:35:49+0900
2022.08,semi_test,KR,7978060,58972898,135.2835,0003425293,2026-10-09T17:35:49+0900
2022.08,semi_test,OTHER,1139846,8425610,135.2835,0003425293,2026-10-09T17:35:49+0900
2022.08,semi_test,TW,7032055,51980138,135.2835,0003425293,2026-10-09T17:35:49+0900
2022.08,semi_test,US,6376067,47131151,135.2835,0003425293,2026-10-09T17:35:49+0900
2022.08,semi_test,VN,0,0,135.2835,0003425293,2026-10-09T17:35:49+0900
2022.08,semi_test,WORLD,27731432,204987541,135.2835,0003425293,2026-10-09T17:35:49+0900
2022.08,transformer,CN,11870523,87745534,135.2835,0003425293,2026-10-09T17:35:49+0900
2022.08,transformer,KR,3674531,27161709,135.2835,0003425293,2026-10-09T17:35:49+0900
2022.08,transformer,OTHER,21604309,159696556,135.2835,0003425293,2026-10-09T17:35:49+0900
2022.08,transformer,TW,3091299,22850525,135.2835,0003425293,2026-10-09T17:35:49+0900
2022.08,transformer,US,8901099,65795895,135.2835,0003425293,2026-10-09T17:35:49+0900
2022.08,transformer,VN,419282,3099284,135.2835,0003425293,2026-10-09T17:35:49+0900
2022.08,transformer,WORLD,49561043,366349503,135.2835,0003425293,2026-10-09T17:35:49+0900
2022.08,transformer_large,CN,0,0,135.2835,0003425293,2026-10-09T17:35:49+0900
2022.08,transformer_large,KR,0,0,135.2835,0003425293,2026-10-09T17:35:49+0900
2022.08,transformer_large,OTHER,0,0,135.2835,0003425293,2026-10-09T17:35:49+0900
2022.08,transformer_large,TW,0,0,135.2835,0003425293,2026-10-09T17:35:49+0900
2022.08,transformer_large,US,0,0,135.2835,0003425293,2026-10-09T17:35:49+0900
2022.08,transformer_large,WORLD,0,0,135.2835,0003425293,2026-10-09T17:35:49+0900
2022.08,wafer,CN,10607631,78410383,135.2835,0003425293,2026-10-09T17:35:49+0900
2022.08,wafer,KR,8633843,63820370,135.2835,0003425293,2026-10-09T17:35:49+0900
2022.08,wafer,OTHER,10278942,75980752,135.2835,0003425293,2026-10-09T17:35:49+0900
2022.08,wafer,TW,17683033,130710937,135.2835,0003425293,2026-10-09T17:35:49+0900
2022.08,wafer,US,8574169,63379267,135.2835,0003425293,2026-10-09T17:35:49+0900
2022.08,wafer,VN,0,0,135.2835,0003425293,2026-10-09T17:35:49+0900
2022.08,wafer,WORLD,55777618,412301707,135.2835,0003425293,2026-10-09T17:35:49+0900
2022.09,discrete,CN,29480180,205746059,143.2843,0003425293,2026-10-09T17:35:49+0900
2022.09,discrete,KR,4441751,30999565,143.2843,0003425293,2026-10-09T17:35:49+0900
2022.09,discrete,OTHER,56608008,395074743,143.2843,0003425293,2026-10-09T17:35:49+0900
2022.09,discrete,TW,5750605,40134230,143.2843,0003425293,2026-10-09T17:35:49+0900
2022.09,discrete,US,9760769,68121692,143.2843,0003425293,2026-10-09T17:35:49+0900
2022.09,discrete,VN,1167568,8148611,143.2843,0003425293,2026-10-09T17:35:49+0900
2022.09,discrete,WORLD,107208881,748224900,143.2843,0003425293,2026-10-09T17:35:49+0900
2022.09,ic,CN,107347008,749188906,143.2843,0003425293,2026-10-09T17:35:49+0900
2022.09,ic,KR,58397329,407562650,143.2843,0003425293,2026-10-09T17:35:49+0900
2022.09,ic,OTHER,119630537,834917273,143.2843,0003425293,2026-10-09T17:35:49+0900
2022.09,ic,TW,91620424,639431005,143.2843,0003425293,2026-10-09T17:35:49+0900
2022.09,ic,US,16545293,115471779,143.2843,0003425293,2026-10-09T17:35:49+0900
2022.09,ic,VN,42953759,299779941,143.2843,0003425293,2026-10-09T17:35:49+0900
2022.09,ic,WORLD,436494350,3046351554,143.2843,0003425293,2026-10-09T17:35:49+0900
2022.09,liion,CN,1765984,12325035,143.2843,0003425293,2026-10-09T17:35:49+0900
2022.09,liion,KR,360162,2513618,143.2843,0003425293,2026-10-09T17:35:49+0900
2022.09,liion,OTHER,15849323,110614513,143.2843,0003425293,2026-10-09T17:35:49+0900
2022.09,liion,TW,1365542,9530297,143.2843,0003425293,2026-10-09T17:35:49+0900
2022.09,liion,US,18174367,126841301,143.2843,0003425293,2026-10-09T17:35:49+0900
2022.09,liion,VN,87624,611539,143.2843,0003425293,2026-10-09T17:35:49+0900
2022.09,liion,WORLD,37603002,262436303,143.2843,0003425293,2026-10-09T17:35:49+0900
2022.09,mlcc,CN,17349276,121082882,143.2843,0003425293,2026-10-09T17:35:49+0900
2022.09,mlcc,KR,3916068,27330754,143.2843,0003425293,2026-10-09T17:35:49+0900
2022.09,mlcc,OTHER,24320236,169734130,143.2843,0003425293,2026-10-09T17:35:49+0900
2022.09,mlcc,TW,8100257,56532760,143.2843,0003425293,2026-10-09T17:35:49+0900
2022.09,mlcc,US,4750014,33150973,143.2843,0003425293,2026-10-09T17:35:49+0900
2022.09,mlcc,VN,1221935,8528045,143.2843,0003425293,2026-10-09T17:35:49+0900
2022.09,mlcc,WORLD,59657786,416359545,143.2843,0003425293,2026-10-09T17:35:49+0900
2022.09,pcb,CN,13299328,92817762,143.2843,0003425293,2026-10-09T17:35:49+0900
2022.09,pcb,KR,6558705,45774066,143.2843,0003425293,2026-10-09T17:35:49+0900
2022.09,pcb,OTHER,16137759,112627545,143.2843,0003425293,2026-10-09T17:35:49+0900
2022.09,pcb,TW,3908376,27277071,143.2843,0003425293,2026-10-09T17:35:49+0900
2022.09,pcb,US,2089685,14584187,143.2843,0003425293,2026-10-09T17:35:49+0900
2022.09,pcb,VN,2327630,16244836,143.2843,0003425293,2026-10-09T17:35:49+0900
2022.09,pcb,WORLD,44321483,309325467,143.2843,0003425293,2026-10-09T17:35:49+0900
2022.09,photoresist,CN,8996356,62786753,143.2843,0003425293,2026-10-09T17:35:49+0900
2022.09,photoresist,KR,5015071,35000841,143.2843,0003425293,2026-10-09T17:35:49+0900
2022.09,photoresist,OTHER,6331716,44189880,143.2843,0003425293,2026-10-09T17:35:49+0900
2022.09,photoresist,TW,9173322,64021822,143.2843,0003425293,2026-10-09T17:35:49+0900
2022.09,photoresist,US,4993026,34846986,143.2843,0003425293,2026-10-09T17:35:49+0900
2022.09,photoresist,VN,659518,4602863,143.2843,0003425293,2026-10-09T17:35:49+0900
2022.09,photoresist,WORLD,35169009,245449146,143.2843,0003425293,2026-10-09T17:35:49+0900
2022.09,semi_equip,CN,133067298,928694197,143.2843,0003425293,2026-10-09T17:35:49+0900
2022.09,semi_equip,KR,52411919,365789685,143.2843,0003425293,2026-10-09T17:35:49+0900
2022.09,semi_equip,OTHER,57532280,401525359,143.2843,0003425293,2026-10-09T17:35:49+0900
2022.09,semi_equip,TW,77339642,539763547,143.2843,0003425293,2026-10-09T17:35:49+0900
2022.09,semi_equip,US,46376223,323665768,143.2843,0003425293,2026-10-09T17:35:49+0900
2022.09,semi_equip,VN,970531,6773464,143.2843,0003425293,2026-10-09T17:35:49+0900
2022.09,semi_equip,WORLD,367697893,2566212020,143.2843,0003425293,2026-10-09T17:35:49+0900
2022.09,semi_fab_equip,CN,88523553,617817535,143.2843,0003425293,2026-10-09T17:35:49+0900
2022.09,semi_fab_equip,KR,33165484,231466281,143.2843,0003425293,2026-10-09T17:35:49+0900
2022.09,semi_fab_equip,OTHER,36643544,255740119,143.2843,0003425293,2026-10-09T17:35:49+0900
2022.09,semi_fab_equip,TW,47857063,334000745,143.2843,0003425293,2026-10-09T17:35:49+0900
2022.09,semi_fab_equip,US,20024444,139753232,143.2843,0003425293,2026-10-09T17:35:49+0900
2022.09,semi_fab_equip,VN,710992,4962107,143.2843,0003425293,2026-10-09T17:35:49+0900
2022.09,semi_fab_equip,WORLD,226925080,1583740019,143.2843,0003425293,2026-10-09T17:35:49+0900
2022.09,semi_test,CN,7268215,50725830,143.2843,0003425293,2026-10-09T17:35:49+0900
2022.09,semi_test,KR,2651862,18507694,143.2843,0003425293,2026-10-09T17:35:49+0900
2022.09,semi_test,OTHER,1416171,9883644,143.2843,0003425293,2026-10-09T17:35:49+0900
2022.09,semi_test,TW,3338444,23299440,143.2843,0003425293,2026-10-09T17:35:49+0900
2022.09,semi_test,US,420989,2938138,143.2843,0003425293,2026-10-09T17:35:49+0900
2022.09,semi_test,VN,0,0,143.2843,0003425293,2026-10-09T17:35:49+0900
2022.09,semi_test,WORLD,15095681,105354746,143.2843,0003425293,2026-10-09T17:35:49+0900
2022.09,transformer,CN,12684700,88528192,143.2843,0003425293,2026-10-09T17:35:49+0900
2022.09,transformer,KR,3827018,26709263,143.2843,0003425293,2026-10-09T17:35:49+0900
2022.09,transformer,OTHER,25716436,179478394,143.2843,0003425293,2026-10-09T17:35:49+0900
2022.09,transformer,TW,4006710,27963357,143.2843,0003425293,2026-10-09T17:35:49+0900
2022.09,transformer,US,9160154,63929921,143.2843,0003425293,2026-10-09T17:35:49+0900
2022.09,transformer,VN,685196,4782073,143.2843,0003425293,2026-10-09T17:35:49+0900
2022.09,transformer,WORLD,56080214,391391199,143.2843,0003425293,2026-10-09T17:35:49+0900
2022.09,transformer_large,CN,0,0,143.2843,0003425293,2026-10-09T17:35:49+0900
2022.09,transformer_large,KR,0,0,143.2843,0003425293,2026-10-09T17:35:49+0900
2022.09,transformer_large,OTHER,580730,4052991,143.2843,0003425293,2026-10-09T17:35:49+0900
2022.09,transformer_large,TW,0,0,143.2843,0003425293,2026-10-09T17:35:49+0900
2022.09,transformer_large,US,0,0,143.2843,0003425293,2026-10-09T17:35:49+0900
2022.09,transformer_large,WORLD,580730,4052991,143.2843,0003425293,2026-10-09T17:35:49+0900
2022.09,wafer,CN,9780438,68258965,143.2843,0003425293,2026-10-09T17:35:49+0900
2022.09,wafer,KR,8568338,59799559,143.2843,0003425293,2026-10-09T17:35:49+0900
2022.09,wafer,OTHER,11029153,76973911,143.2843,0003425293,2026-10-09T17:35:49+0900
2022.09,wafer,TW,18644378,130121569,143.2843,0003425293,2026-10-09T17:35:49+0900
2022.09,wafer,US,8271127,57725285,143.2843,0003425293,2026-10-09T17:35:49+0900
2022.09,wafer,VN,1913,13351,143.2843,0003425293,2026-10-09T17:35:49+0900
2022.09,wafer,WORLD,56295347,392892641,143.2843,0003425293,2026-10-09T17:35:49+0900
2022.10,discrete,CN,30614451,208188635,147.0515,0003425293,2026-10-09T17:35:49+0900
2022.10,discrete,KR,5924208,40286621,147.0515,0003425293,2026-10-09T17:35:49+0900
2022.10,discrete,OTHER,54700282,371980442,147.0515,0003425293,2026-10-09T17:35:49+0900
2022.10,discrete,TW,5501636,37412988,147.0515,0003425293,2026-10-09T17:35:49+0900
2022.10,discrete,US,9573053,65100002,147.0515,0003425293,2026-10-09T17:35:49+0900
2022.10,discrete,VN,1426087,9697875,147.0515,0003425293,2026-10-09T17:35:49+0900
2022.10,discrete,WORLD,107739717,732666562,147.0515,0003425293,2026-10-09T17:35:49+0900
2022.10,ic,CN,101808031,692329089,147.0515,0003425293,2026-10-09T17:35:49+0900
2022.10,ic,KR,63333765,430691050,147.0515,0003425293,2026-10-09T17:35:49+0900
2022.10,ic,OTHER,124027791,843430982,147.0515,0003425293,2026-10-09T17:35:49+0900
2022.10,ic,TW,91969847,625426106,147.0515,0003425293,2026-10-09T17:35:49+0900
2022.10,ic,US,11925260,81095807,147.0515,0003425293,2026-10-09T17:35:49+0900
2022.10,ic,VN,41003493,278837639,147.0515,0003425293,2026-10-09T17:35:49+0900
2022.10,ic,WORLD,434068187,2951810672,147.0515,0003425293,2026-10-09T17:35:49+0900
2022.10,liion,CN,2256335,15343842,147.0515,0003425293,2026-10-09T17:35:49+0900
2022.10,liion,KR,412321,2803922,147.0515,0003425293,2026-10-09T17:35:49+0900
2022.10,liion,OTHER,15981403,108678953,147.0515,0003425293,2026-10-09T17:35:49+0900
2022.10,liion,TW,507268,3449594,147.0515,0003425293,2026-10-09T17:35:49+0900
2022.10,liion,US,18794941,127811964,147.0515,0003425293,2026-10-09T17:35:49+0900
2022.10,liion,VN,138706,943248,147.0515,0003425293,2026-10-09T17:35:49+0900
2022.10,liion,WORLD,38090974,259031523,147.0515,0003425293,2026-10-09T17:35:49+0900
2022.10,mlcc,CN,16227773,110354352,147.0515,0003425293,2026-10-09T17:35:49+0900
2022.10,mlcc,KR,4179350,28420995,147.0515,0003425293,2026-10-09T17:35:49+0900
2022.10,mlcc,OTHER,21550788,146552657,147.0515,0003425293,2026-10-09T17:35:49+0900
2022.10,mlcc,TW,8367554,56902201,147.0515,0003425293,2026-10-09T17:35:49+0900
2022.10,mlcc,US,5336682,36291245,147.0515,0003425293,2026-10-09T17:35:49+0900
2022.10,mlcc,VN,811158,5516149,147.0515,0003425293,2026-10-09T17:35:49+0900
2022.10,mlcc,WORLD,56473305,384037599,147.0515,0003425293,2026-10-09T17:35:49+0900
2022.10,pcb,CN,12102517,82301214,147.0515,0003425293,2026-10-09T17:35:49+0900
2022.10,pcb,KR,6530357,44408639,147.0515,0003425293,2026-10-09T17:35:49+0900
2022.10,pcb,OTHER,16165422,109930344,147.0515,0003425293,2026-10-09T17:35:49+0900
2022.10,pcb,TW,3953525,26885309,147.0515,0003425293,2026-10-09T17:35:49+0900
2022.10,pcb,US,2299966,15640548,147.0515,0003425293,2026-10-09T17:35:49+0900
2022.10,pcb,VN,2170768,14761958,147.0515,0003425293,2026-10-09T17:35:49+0900
2022.10,pcb,WORLD,43222555,293928012,147.0515,0003425293,2026-10-09T17:35:49+0900
2022.10,photoresist,CN,9959356,67726994,147.0515,0003425293,2026-10-09T17:35:49+0900
2022.10,photoresist,KR,4932939,33545656,147.0515,0003425293,2026-10-09T17:35:49+0900
2022.10,photoresist,OTHER,7832746,53265325,147.0515,0003425293,2026-10-09T17:35:49+0900
2022.10,photoresist,TW,9236451,62810995,147.0515,0003425293,2026-10-09T17:35:49+0900
2022.10,photoresist,US,5666043,38531011,147.0515,0003425293,2026-10-09T17:35:49+0900
2022.10,photoresist,VN,448884,3052563,147.0515,0003425293,2026-10-09T17:35:49+0900
2022.10,photoresist,WORLD,38076419,258932544,147.0515,0003425293,2026-10-09T17:35:49+0900
2022.10,semi_equip,CN,104717482,712114341,147.0515,0003425293,2026-10-09T17:35:49+0900
2022.10,semi_equip,KR,48791182,331796561,147.0515,0003425293,2026-10-09T17:35:49+0900
2022.10,semi_equip,OTHER,44133512,300122828,147.0515,0003425293,2026-10-09T17:35:49+0900
2022.10,semi_equip,TW,98374456,668979616,147.0515,0003425293,2026-10-09T17:35:49+0900
2022.10,semi_equip,US,52529827,357220613,147.0515,0003425293,2026-10-09T17:35:49+0900
2022.10,semi_equip,VN,857123,5828727,147.0515,0003425293,2026-10-09T17:35:49+0900
2022.10,semi_equip,WORLD,349403582,2376062686,147.0515,0003425293,2026-10-09T17:35:49+0900
2022.10,semi_fab_equip,CN,58454571,397510879,147.0515,0003425293,2026-10-09T17:35:49+0900
2022.10,semi_fab_equip,KR,25472299,173220260,147.0515,0003425293,2026-10-09T17:35:49+0900
2022.10,semi_fab_equip,OTHER,26236091,178414304,147.0515,0003425293,2026-10-09T17:35:49+0900
2022.10,semi_fab_equip,TW,65038115,442281208,147.0515,0003425293,2026-10-09T17:35:49+0900
2022.10,semi_fab_equip,US,29999898,204009466,147.0515,0003425293,2026-10-09T17:35:49+0900
2022.10,semi_fab_equip,VN,450266,3061961,147.0515,0003425293,2026-10-09T17:35:49+0900
2022.10,semi_fab_equip,WORLD,205651240,1398498077,147.0515,0003425293,2026-10-09T17:35:49+0900
2022.10,semi_test,CN,4718439,32086983,147.0515,0003425293,2026-10-09T17:35:49+0900
2022.10,semi_test,KR,3890828,26458948,147.0515,0003425293,2026-10-09T17:35:49+0900
2022.10,semi_test,OTHER,2315370,15745300,147.0515,0003425293,2026-10-09T17:35:49+0900
2022.10,semi_test,TW,10933272,74349952,147.0515,0003425293,2026-10-09T17:35:49+0900
2022.10,semi_test,US,6879770,46784766,147.0515,0003425293,2026-10-09T17:35:49+0900
2022.10,semi_test,VN,27992,190355,147.0515,0003425293,2026-10-09T17:35:49+0900
2022.10,semi_test,WORLD,28765671,195616304,147.0515,0003425293,2026-10-09T17:35:49+0900
2022.10,transformer,CN,11941904,81208991,147.0515,0003425293,2026-10-09T17:35:49+0900
2022.10,transformer,KR,3205624,21799329,147.0515,0003425293,2026-10-09T17:35:49+0900
2022.10,transformer,OTHER,23939028,162793498,147.0515,0003425293,2026-10-09T17:35:49+0900
2022.10,transformer,TW,3036672,20650398,147.0515,0003425293,2026-10-09T17:35:49+0900
2022.10,transformer,US,11028282,74996052,147.0515,0003425293,2026-10-09T17:35:49+0900
2022.10,transformer,VN,721708,4907859,147.0515,0003425293,2026-10-09T17:35:49+0900
2022.10,transformer,WORLD,53873218,366356127,147.0515,0003425293,2026-10-09T17:35:49+0900
2022.10,transformer_large,CN,0,0,147.0515,0003425293,2026-10-09T17:35:49+0900
2022.10,transformer_large,KR,347564,2363553,147.0515,0003425293,2026-10-09T17:35:49+0900
2022.10,transformer_large,OTHER,201249,1368561,147.0515,0003425293,2026-10-09T17:35:49+0900
2022.10,transformer_large,TW,130732,889022,147.0515,0003425293,2026-10-09T17:35:49+0900
2022.10,transformer_large,US,0,0,147.0515,0003425293,2026-10-09T17:35:49+0900
2022.10,transformer_large,WORLD,679545,4621136,147.0515,0003425293,2026-10-09T17:35:49+0900
2022.10,wafer,CN,12228445,83157567,147.0515,0003425293,2026-10-09T17:35:49+0900
2022.10,wafer,KR,8660500,58894333,147.0515,0003425293,2026-10-09T17:35:49+0900
2022.10,wafer,OTHER,11793829,80202031,147.0515,0003425293,2026-10-09T17:35:49+0900
2022.10,wafer,TW,19441270,132207220,147.0515,0003425293,2026-10-09T17:35:49+0900
2022.10,wafer,US,9065468,61648252,147.0515,0003425293,2026-10-09T17:35:49+0900
2022.10,wafer,VN,0,0,147.0515,0003425293,2026-10-09T17:35:49+0900
2022.10,wafer,WORLD,61189512,416109404,147.0515,0003425293,2026-10-09T17:35:49+0900
2022.11,discrete,CN,29088389,204207863,142.4450,0003425293,2026-10-09T17:35:49+0900
2022.11,discrete,KR,5277700,37050792,142.4450,0003425293,2026-10-09T17:35:49+0900
2022.11,discrete,OTHER,51194903,359401193,142.4450,0003425293,2026-10-09T17:35:49+0900
2022.11,discrete,TW,5429383,38115645,142.4450,0003425293,2026-10-09T17:35:49+0900
2022.11,discrete,US,8910474,62553786,142.4450,0003425293,2026-10-09T17:35:49+0900
2022.11,discrete,VN,1537288,10792151,142.4450,0003425293,2026-10-09T17:35:49+0900
2022.11,discrete,WORLD,101438137,712121429,142.4450,0003425293,2026-10-09T17:35:49+0900
2022.11,ic,CN,88287226,619798701,142.4450,0003425293,2026-10-09T17:35:49+0900
2022.11,ic,KR,56878735,399303135,142.4450,0003425293,2026-10-09T17:35:49+0900
2022.11,ic,OTHER,120684346,847234694,142.4450,0003425293,2026-10-09T17:35:49+0900
2022.11,ic,TW,80275523,563554516,142.4450,0003425293,2026-10-09T17:35:49+0900
2022.11,ic,US,10579458,74270476,142.4450,0003425293,2026-10-09T17:35:49+0900
2022.11,ic,VN,28000567,196571077,142.4450,0003425293,2026-10-09T17:35:49+0900
2022.11,ic,WORLD,384705855,2700732599,142.4450,0003425293,2026-10-09T17:35:49+0900
2022.11,liion,CN,2305898,16187988,142.4450,0003425293,2026-10-09T17:35:49+0900
2022.11,liion,KR,329283,2311650,142.4450,0003425293,2026-10-09T17:35:49+0900
2022.11,liion,OTHER,17109816,120115244,142.4450,0003425293,2026-10-09T17:35:49+0900
2022.11,liion,TW,661260,4642213,142.4450,0003425293,2026-10-09T17:35:49+0900
2022.11,liion,US,19512927,136985693,142.4450,0003425293,2026-10-09T17:35:49+0900
2022.11,liion,VN,172925,1213977,142.4450,0003425293,2026-10-09T17:35:49+0900
2022.11,liion,WORLD,40092109,281456766,142.4450,0003425293,2026-10-09T17:35:49+0900
2022.11,mlcc,CN,15481168,108681723,142.4450,0003425293,2026-10-09T17:35:49+0900
2022.11,mlcc,KR,4062339,28518649,142.4450,0003425293,2026-10-09T17:35:49+0900
2022.11,mlcc,OTHER,17470282,122645807,142.4450,0003425293,2026-10-09T17:35:49+0900
2022.11,mlcc,TW,7241953,50840345,142.4450,0003425293,2026-10-09T17:35:49+0900
2022.11,mlcc,US,4500265,31593001,142.4450,0003425293,2026-10-09T17:35:49+0900
2022.11,mlcc,VN,1098655,7712837,142.4450,0003425293,2026-10-09T17:35:49+0900
2022.11,mlcc,WORLD,49854662,349992362,142.4450,0003425293,2026-10-09T17:35:49+0900
2022.11,pcb,CN,9243681,64892983,142.4450,0003425293,2026-10-09T17:35:49+0900
2022.11,pcb,KR,5567607,39086012,142.4450,0003425293,2026-10-09T17:35:49+0900
2022.11,pcb,OTHER,14764103,103647745,142.4450,0003425293,2026-10-09T17:35:49+0900
2022.11,pcb,TW,4089846,28711755,142.4450,0003425293,2026-10-09T17:35:49+0900
2022.11,pcb,US,2097559,14725396,142.4450,0003425293,2026-10-09T17:35:49+0900
2022.11,pcb,VN,2172734,15253143,142.4450,0003425293,2026-10-09T17:35:49+0900
2022.11,pcb,WORLD,37935530,266317035,142.4450,0003425293,2026-10-09T17:35:49+0900
2022.11,photoresist,CN,8696683,61052919,142.4450,0003425293,2026-10-09T17:35:49+0900
2022.11,photoresist,KR,4614737,32396623,142.4450,0003425293,2026-10-09T17:35:49+0900
2022.11,photoresist,OTHER,8765508,61536088,142.4450,0003425293,2026-10-09T17:35:49+0900
2022.11,photoresist,TW,9208991,64649451,142.4450,0003425293,2026-10-09T17:35:49+0900
2022.11,photoresist,US,4486127,31493748,142.4450,0003425293,2026-10-09T17:35:49+0900
2022.11,photoresist,VN,429006,3011731,142.4450,0003425293,2026-10-09T17:35:49+0900
2022.11,photoresist,WORLD,36201052,254140560,142.4450,0003425293,2026-10-09T17:35:49+0900
2022.11,semi_equip,CN,93563989,656842915,142.4450,0003425293,2026-10-09T17:35:49+0900
2022.11,semi_equip,KR,51706120,362990066,142.4450,0003425293,2026-10-09T17:35:49+0900
2022.11,semi_equip,OTHER,32615461,228968802,142.4450,0003425293,2026-10-09T17:35:49+0900
2022.11,semi_equip,TW,92222498,647425308,142.4450,0003425293,2026-10-09T17:35:49+0900
2022.11,semi_equip,US,45013550,316006529,142.4450,0003425293,2026-10-09T17:35:49+0900
2022.11,semi_equip,VN,1664444,11684819,142.4450,0003425293,2026-10-09T17:35:49+0900
2022.11,semi_equip,WORLD,316786062,2223918439,142.4450,0003425293,2026-10-09T17:35:49+0900
2022.11,semi_fab_equip,CN,57987434,407086483,142.4450,0003425293,2026-10-09T17:35:49+0900
2022.11,semi_fab_equip,KR,33097756,232354635,142.4450,0003425293,2026-10-09T17:35:49+0900
2022.11,semi_fab_equip,OTHER,16063307,112768486,142.4450,0003425293,2026-10-09T17:35:49+0900
2022.11,semi_fab_equip,TW,57850055,406122047,142.4450,0003425293,2026-10-09T17:35:49+0900
2022.11,semi_fab_equip,US,18611421,130656892,142.4450,0003425293,2026-10-09T17:35:49+0900
2022.11,semi_fab_equip,VN,878106,6164527,142.4450,0003425293,2026-10-09T17:35:49+0900
2022.11,semi_fab_equip,WORLD,184488079,1295153070,142.4450,0003425293,2026-10-09T17:35:49+0900
2022.11,semi_test,CN,3116870,21881217,142.4450,0003425293,2026-10-09T17:35:49+0900
2022.11,semi_test,KR,4774403,33517519,142.4450,0003425293,2026-10-09T17:35:49+0900
2022.11,semi_test,OTHER,1984203,13929608,142.4450,0003425293,2026-10-09T17:35:49+0900
2022.11,semi_test,TW,5531333,38831359,142.4450,0003425293,2026-10-09T17:35:49+0900
2022.11,semi_test,US,4444514,31201615,142.4450,0003425293,2026-10-09T17:35:49+0900
2022.11,semi_test,VN,219980,1544315,142.4450,0003425293,2026-10-09T17:35:49+0900
2022.11,semi_test,WORLD,20071303,140905634,142.4450,0003425293,2026-10-09T17:35:49+0900
2022.11,transformer,CN,11520516,80876942,142.4450,0003425293,2026-10-09T17:35:49+0900
2022.11,transformer,KR,2801394,19666496,142.4450,0003425293,2026-10-09T17:35:49+0900
2022.11,transformer,OTHER,23969097,168269135,142.4450,0003425293,2026-10-09T17:35:49+0900
2022.11,transformer,TW,2729275,19160202,142.4450,0003425293,2026-10-09T17:35:49+0900
2022.11,transformer,US,9945573,69820443,142.4450,0003425293,2026-10-09T17:35:49+0900
2022.11,transformer,VN,648458,4552339,142.4450,0003425293,2026-10-09T17:35:49+0900
2022.11,transformer,WORLD,51614313,362345558,142.4450,0003425293,2026-10-09T17:35:49+0900
2022.11,transformer_large,CN,76500,537049,142.4450,0003425293,2026-10-09T17:35:49+0900
2022.11,transformer_large,KR,0,0,142.4450,0003425293,2026-10-09T17:35:49+0900
2022.11,transformer_large,OTHER,223102,1566233,142.4450,0003425293,2026-10-09T17:35:49+0900
2022.11,transformer_large,TW,0,0,142.4450,0003425293,2026-10-09T17:35:49+0900
2022.11,transformer_large,US,0,0,142.4450,0003425293,2026-10-09T17:35:49+0900
2022.11,transformer_large,WORLD,299602,2103282,142.4450,0003425293,2026-10-09T17:35:49+0900
2022.11,wafer,CN,10536209,73966857,142.4450,0003425293,2026-10-09T17:35:49+0900
2022.11,wafer,KR,8050265,56514900,142.4450,0003425293,2026-10-09T17:35:49+0900
2022.11,wafer,OTHER,11083072,77805974,142.4450,0003425293,2026-10-09T17:35:49+0900
2022.11,wafer,TW,18883486,132566857,142.4450,0003425293,2026-10-09T17:35:49+0900
2022.11,wafer,US,8200760,57571414,142.4450,0003425293,2026-10-09T17:35:49+0900
2022.11,wafer,VN,2943,20661,142.4450,0003425293,2026-10-09T17:35:49+0900
2022.11,wafer,WORLD,56756735,398446664,142.4450,0003425293,2026-10-09T17:35:49+0900
2022.12,discrete,CN,29021925,215112982,134.9148,0003425293,2026-10-09T17:35:49+0900
2022.12,discrete,KR,4425236,32800227,134.9148,0003425293,2026-10-09T17:35:49+0900
2022.12,discrete,OTHER,54368184,402981615,134.9148,0003425293,2026-10-09T17:35:49+0900
2022.12,discrete,TW,5272304,39078767,134.9148,0003425293,2026-10-09T17:35:49+0900
2022.12,discrete,US,10025395,74309082,134.9148,0003425293,2026-10-09T17:35:49+0900
2022.12,discrete,VN,1304413,9668420,134.9148,0003425293,2026-10-09T17:35:49+0900
2022.12,discrete,WORLD,104417457,773951094,134.9148,0003425293,2026-10-09T17:35:49+0900
2022.12,ic,CN,102229520,757733918,134.9148,0003425293,2026-10-09T17:35:49+0900
2022.12,ic,KR,45014151,333648725,134.9148,0003425293,2026-10-09T17:35:49+0900
2022.12,ic,OTHER,108337434,803006297,134.9148,0003425293,2026-10-09T17:35:49+0900
2022.12,ic,TW,77934309,577655743,134.9148,0003425293,2026-10-09T17:35:49+0900
2022.12,ic,US,11475689,85058785,134.9148,0003425293,2026-10-09T17:35:49+0900
2022.12,ic,VN,36693632,271976329,134.9148,0003425293,2026-10-09T17:35:49+0900
2022.12,ic,WORLD,381684735,2829079797,134.9148,0003425293,2026-10-09T17:35:49+0900
2022.12,liion,CN,2405391,17828963,134.9148,0003425293,2026-10-09T17:35:49+0900
2022.12,liion,KR,302274,2240481,134.9148,0003425293,2026-10-09T17:35:49+0900
2022.12,liion,OTHER,15854041,117511504,134.9148,0003425293,2026-10-09T17:35:49+0900
2022.12,liion,TW,1099201,8147372,134.9148,0003425293,2026-10-09T17:35:49+0900
2022.12,liion,US,22547840,167126512,134.9148,0003425293,2026-10-09T17:35:49+0900
2022.12,liion,VN,289399,2145050,134.9148,0003425293,2026-10-09T17:35:49+0900
2022.12,liion,WORLD,42498146,314999881,134.9148,0003425293,2026-10-09T17:35:49+0900
2022.12,mlcc,CN,16866097,125012949,134.9148,0003425293,2026-10-09T17:35:49+0900
2022.12,mlcc,KR,3589175,26603271,134.9148,0003425293,2026-10-09T17:35:49+0900
2022.12,mlcc,OTHER,21350873,158254491,134.9148,0003425293,2026-10-09T17:35:49+0900
2022.12,mlcc,TW,7598578,56321308,134.9148,0003425293,2026-10-09T17:35:49+0900
2022.12,mlcc,US,5192420,38486660,134.9148,0003425293,2026-10-09T17:35:49+0900
2022.12,mlcc,VN,717386,5317326,134.9148,0003425293,2026-10-09T17:35:49+0900
2022.12,mlcc,WORLD,55314529,409996005,134.9148,0003425293,2026-10-09T17:35:49+0900
2022.12,pcb,CN,9985991,74017017,134.9148,0003425293,2026-10-09T17:35:49+0900
2022.12,pcb,KR,5018025,37194029,134.9148,0003425293,2026-10-09T17:35:49+0900
2022.12,pcb,OTHER,13398872,99313582,134.9148,0003425293,2026-10-09T17:35:49+0900
2022.12,pcb,TW,3872539,28703589,134.9148,0003425293,2026-10-09T17:35:49+0900
2022.12,pcb,US,1984378,14708379,134.9148,0003425293,2026-10-09T17:35:49+0900
2022.12,pcb,VN,1928158,14291671,134.9148,0003425293,2026-10-09T17:35:49+0900
2022.12,pcb,WORLD,36187963,268228267,134.9148,0003425293,2026-10-09T17:35:49+0900
2022.12,photoresist,CN,9761543,72353389,134.9148,0003425293,2026-10-09T17:35:49+0900
2022.12,photoresist,KR,5084857,37689394,134.9148,0003425293,2026-10-09T17:35:49+0900
2022.12,photoresist,OTHER,7274222,53917154,134.9148,0003425293,2026-10-09T17:35:49+0900
2022.12,photoresist,TW,9287285,68838148,134.9148,0003425293,2026-10-09T17:35:49+0900
2022.12,photoresist,US,5243390,38864454,134.9148,0003425293,2026-10-09T17:35:49+0900
2022.12,photoresist,VN,405767,3007580,134.9148,0003425293,2026-10-09T17:35:49+0900
2022.12,photoresist,WORLD,37057064,274670118,134.9148,0003425293,2026-10-09T17:35:49+0900
2022.12,semi_equip,CN,110662441,820239447,134.9148,0003425293,2026-10-09T17:35:49+0900
2022.12,semi_equip,KR,61894819,458769675,134.9148,0003425293,2026-10-09T17:35:49+0900
2022.12,semi_equip,OTHER,45060150,333989673,134.9148,0003425293,2026-10-09T17:35:49+0900
2022.12,semi_equip,TW,104011569,770942617,134.9148,0003425293,2026-10-09T17:35:49+0900
2022.12,semi_equip,US,54761691,405898322,134.9148,0003425293,2026-10-09T17:35:49+0900
2022.12,semi_equip,VN,679538,5036794,134.9148,0003425293,2026-10-09T17:35:49+0900
2022.12,semi_equip,WORLD,377070208,2794876529,134.9148,0003425293,2026-10-09T17:35:49+0900
2022.12,semi_fab_equip,CN,75425199,559058005,134.9148,0003425293,2026-10-09T17:35:49+0900
2022.12,semi_fab_equip,KR,40700351,301674472,134.9148,0003425293,2026-10-09T17:35:49+0900
2022.12,semi_fab_equip,OTHER,27497635,203814815,134.9148,0003425293,2026-10-09T17:35:49+0900
2022.12,semi_fab_equip,TW,71190926,527673213,134.9148,0003425293,2026-10-09T17:35:49+0900
2022.12,semi_fab_equip,US,30313188,224683934,134.9148,0003425293,2026-10-09T17:35:49+0900
2022.12,semi_fab_equip,VN,366600,2717270,134.9148,0003425293,2026-10-09T17:35:49+0900
2022.12,semi_fab_equip,WORLD,245493899,1819621709,134.9148,0003425293,2026-10-09T17:35:49+0900
2022.12,semi_test,CN,4220964,31286145,134.9148,0003425293,2026-10-09T17:35:49+0900
2022.12,semi_test,KR,5159458,38242343,134.9148,0003425293,2026-10-09T17:35:49+0900
2022.12,semi_test,OTHER,2743024,20331528,134.9148,0003425293,2026-10-09T17:35:49+0900
2022.12,semi_test,TW,3897011,28884978,134.9148,0003425293,2026-10-09T17:35:49+0900
2022.12,semi_test,US,3837698,28445345,134.9148,0003425293,2026-10-09T17:35:49+0900
2022.12,semi_test,VN,0,0,134.9148,0003425293,2026-10-09T17:35:49+0900
2022.12,semi_test,WORLD,19858155,147190338,134.9148,0003425293,2026-10-09T17:35:49+0900
2022.12,transformer,CN,10413956,77189130,134.9148,0003425293,2026-10-09T17:35:49+0900
2022.12,transformer,KR,3207766,23776235,134.9148,0003425293,2026-10-09T17:35:49+0900
2022.12,transformer,OTHER,25892253,191915587,134.9148,0003425293,2026-10-09T17:35:49+0900
2022.12,transformer,TW,2757434,20438336,134.9148,0003425293,2026-10-09T17:35:49+0900
2022.12,transformer,US,11734294,86975588,134.9148,0003425293,2026-10-09T17:35:49+0900
2022.12,transformer,VN,729643,5408176,134.9148,0003425293,2026-10-09T17:35:49+0900
2022.12,transformer,WORLD,54735346,405703051,134.9148,0003425293,2026-10-09T17:35:49+0900
2022.12,transformer_large,CN,0,0,134.9148,0003425293,2026-10-09T17:35:49+0900
2022.12,transformer_large,KR,0,0,134.9148,0003425293,2026-10-09T17:35:49+0900
2022.12,transformer_large,OTHER,0,0,134.9148,0003425293,2026-10-09T17:35:49+0900
2022.12,transformer_large,TW,0,0,134.9148,0003425293,2026-10-09T17:35:49+0900
2022.12,transformer_large,US,2681,19872,134.9148,0003425293,2026-10-09T17:35:49+0900
2022.12,transformer_large,WORLD,2681,19872,134.9148,0003425293,2026-10-09T17:35:49+0900
2022.12,wafer,CN,11594274,85937747,134.9148,0003425293,2026-10-09T17:35:49+0900
2022.12,wafer,KR,9173251,67992918,134.9148,0003425293,2026-10-09T17:35:49+0900
2022.12,wafer,OTHER,12286178,91066199,134.9148,0003425293,2026-10-09T17:35:49+0900
2022.12,wafer,TW,17587885,130362903,134.9148,0003425293,2026-10-09T17:35:49+0900
2022.12,wafer,US,7335970,54374835,134.9148,0003425293,2026-10-09T17:35:49+0900
2022.12,wafer,VN,0,0,134.9148,0003425293,2026-10-09T17:35:49+0900
2022.12,wafer,WORLD,57977558,429734603,134.9148,0003425293,2026-10-09T17:35:49+0900
2023.01,discrete,CN,16306632,125005324,130.4475,0003425293,2026-10-09T17:35:49+0900
2023.01,discrete,KR,4272578,32753238,130.4475,0003425293,2026-10-09T17:35:49+0900
2023.01,discrete,OTHER,43236366,331446490,130.4475,0003425293,2026-10-09T17:35:49+0900
2023.01,discrete,TW,3734214,28626183,130.4475,0003425293,2026-10-09T17:35:49+0900
2023.01,discrete,US,8023597,61508247,130.4475,0003425293,2026-10-09T17:35:49+0900
2023.01,discrete,VN,1102049,8448219,130.4475,0003425293,2026-10-09T17:35:49+0900
2023.01,discrete,WORLD,76675436,587787700,130.4475,0003425293,2026-10-09T17:35:49+0900
2023.01,ic,CN,83176197,637622009,130.4475,0003425293,2026-10-09T17:35:49+0900
2023.01,ic,KR,47232313,362079097,130.4475,0003425293,2026-10-09T17:35:49+0900
2023.01,ic,OTHER,88932874,681752230,130.4475,0003425293,2026-10-09T17:35:49+0900
2023.01,ic,TW,69044044,529286065,130.4475,0003425293,2026-10-09T17:35:49+0900
2023.01,ic,US,9270547,71067265,130.4475,0003425293,2026-10-09T17:35:49+0900
2023.01,ic,VN,25005568,191690665,130.4475,0003425293,2026-10-09T17:35:49+0900
2023.01,ic,WORLD,322661543,2473497330,130.4475,0003425293,2026-10-09T17:35:49+0900
2023.01,liion,CN,1239554,9502321,130.4475,0003425293,2026-10-09T17:35:49+0900
2023.01,liion,KR,608772,4666797,130.4475,0003425293,2026-10-09T17:35:49+0900
2023.01,liion,OTHER,12020097,92145093,130.4475,0003425293,2026-10-09T17:35:49+0900
2023.01,liion,TW,973126,7459905,130.4475,0003425293,2026-10-09T17:35:49+0900
2023.01,liion,US,18499165,141813105,130.4475,0003425293,2026-10-09T17:35:49+0900
2023.01,liion,VN,140162,1074471,130.4475,0003425293,2026-10-09T17:35:49+0900
2023.01,liion,WORLD,33480876,256661691,130.4475,0003425293,2026-10-09T17:35:49+0900
2023.01,mlcc,CN,11039076,84624665,130.4475,0003425293,2026-10-09T17:35:49+0900
2023.01,mlcc,KR,3116032,23887250,130.4475,0003425293,2026-10-09T17:35:49+0900
2023.01,mlcc,OTHER,16207912,124248544,130.4475,0003425293,2026-10-09T17:35:49+0900
2023.01,mlcc,TW,3837702,29419514,130.4475,0003425293,2026-10-09T17:35:49+0900
2023.01,mlcc,US,4123658,31611629,130.4475,0003425293,2026-10-09T17:35:49+0900
2023.01,mlcc,VN,844355,6472757,130.4475,0003425293,2026-10-09T17:35:49+0900
2023.01,mlcc,WORLD,39168735,300264359,130.4475,0003425293,2026-10-09T17:35:49+0900
2023.01,pcb,CN,7003004,53684463,130.4475,0003425293,2026-10-09T17:35:49+0900
2023.01,pcb,KR,4071939,31215156,130.4475,0003425293,2026-10-09T17:35:49+0900
2023.01,pcb,OTHER,9018348,69133927,130.4475,0003425293,2026-10-09T17:35:49+0900
2023.01,pcb,TW,3498237,26817202,130.4475,0003425293,2026-10-09T17:35:49+0900
2023.01,pcb,US,1631733,12508733,130.4475,0003425293,2026-10-09T17:35:49+0900
2023.01,pcb,VN,1517110,11630043,130.4475,0003425293,2026-10-09T17:35:49+0900
2023.01,pcb,WORLD,26740371,204989525,130.4475,0003425293,2026-10-09T17:35:49+0900
2023.01,photoresist,CN,5746023,44048548,130.4475,0003425293,2026-10-09T17:35:49+0900
2023.01,photoresist,KR,3641635,27916480,130.4475,0003425293,2026-10-09T17:35:49+0900
2023.01,photoresist,OTHER,6697330,51341191,130.4475,0003425293,2026-10-09T17:35:49+0900
2023.01,photoresist,TW,5519321,42310669,130.4475,0003425293,2026-10-09T17:35:49+0900
2023.01,photoresist,US,3297496,25278338,130.4475,0003425293,2026-10-09T17:35:49+0900
2023.01,photoresist,VN,285047,2185147,130.4475,0003425293,2026-10-09T17:35:49+0900
2023.01,photoresist,WORLD,25186852,193080373,130.4475,0003425293,2026-10-09T17:35:49+0900
2023.01,semi_equip,CN,67179491,514992553,130.4475,0003425293,2026-10-09T17:35:49+0900
2023.01,semi_equip,KR,38389866,294293612,130.4475,0003425293,2026-10-09T17:35:49+0900
2023.01,semi_equip,OTHER,31519472,241625727,130.4475,0003425293,2026-10-09T17:35:49+0900
2023.01,semi_equip,TW,57338235,439550279,130.4475,0003425293,2026-10-09T17:35:49+0900
2023.01,semi_equip,US,33195075,254470764,130.4475,0003425293,2026-10-09T17:35:49+0900
2023.01,semi_equip,VN,869140,6662757,130.4475,0003425293,2026-10-09T17:35:49+0900
2023.01,semi_equip,WORLD,228491279,1751595692,130.4475,0003425293,2026-10-09T17:35:49+0900
2023.01,semi_fab_equip,CN,34269459,262706905,130.4475,0003425293,2026-10-09T17:35:49+0900
2023.01,semi_fab_equip,KR,26854206,205862174,130.4475,0003425293,2026-10-09T17:35:49+0900
2023.01,semi_fab_equip,OTHER,17309369,132692225,130.4475,0003425293,2026-10-09T17:35:49+0900
2023.01,semi_fab_equip,TW,36704453,281373372,130.4475,0003425293,2026-10-09T17:35:49+0900
2023.01,semi_fab_equip,US,16516767,126616202,130.4475,0003425293,2026-10-09T17:35:49+0900
2023.01,semi_fab_equip,VN,436138,3343399,130.4475,0003425293,2026-10-09T17:35:49+0900
2023.01,semi_fab_equip,WORLD,132090392,1012594277,130.4475,0003425293,2026-10-09T17:35:49+0900
2023.01,semi_test,CN,2618152,20070542,130.4475,0003425293,2026-10-09T17:35:49+0900
2023.01,semi_test,KR,1844335,14138523,130.4475,0003425293,2026-10-09T17:35:49+0900
2023.01,semi_test,OTHER,1444049,11069963,130.4475,0003425293,2026-10-09T17:35:49+0900
2023.01,semi_test,TW,7801256,59803798,130.4475,0003425293,2026-10-09T17:35:49+0900
2023.01,semi_test,US,2459292,18852734,130.4475,0003425293,2026-10-09T17:35:49+0900
2023.01,semi_test,VN,211600,1622109,130.4475,0003425293,2026-10-09T17:35:49+0900
2023.01,semi_test,WORLD,16378684,125557669,130.4475,0003425293,2026-10-09T17:35:49+0900
2023.01,transformer,CN,6098451,46750233,130.4475,0003425293,2026-10-09T17:35:49+0900
2023.01,transformer,KR,2568744,19691784,130.4475,0003425293,2026-10-09T17:35:49+0900
2023.01,transformer,OTHER,21485347,164704935,130.4475,0003425293,2026-10-09T17:35:49+0900
2023.01,transformer,TW,1732828,13283720,130.4475,0003425293,2026-10-09T17:35:49+0900
2023.01,transformer,US,8631010,66164626,130.4475,0003425293,2026-10-09T17:35:49+0900
2023.01,transformer,VN,490589,3760816,130.4475,0003425293,2026-10-09T17:35:49+0900
2023.01,transformer,WORLD,41006969,314356113,130.4475,0003425293,2026-10-09T17:35:49+0900
2023.01,transformer_large,KR,0,0,130.4475,0003425293,2026-10-09T17:35:49+0900
2023.01,transformer_large,OTHER,1763304,13517346,130.4475,0003425293,2026-10-09T17:35:49+0900
2023.01,transformer_large,TW,0,0,130.4475,0003425293,2026-10-09T17:35:49+0900
2023.01,transformer_large,US,0,0,130.4475,0003425293,2026-10-09T17:35:49+0900
2023.01,transformer_large,WORLD,1763304,13517346,130.4475,0003425293,2026-10-09T17:35:49+0900
2023.01,wafer,CN,7063357,54147124,130.4475,0003425293,2026-10-09T17:35:49+0900
2023.01,wafer,KR,6860187,52589640,130.4475,0003425293,2026-10-09T17:35:49+0900
2023.01,wafer,OTHER,11992104,91930501,130.4475,0003425293,2026-10-09T17:35:49+0900
2023.01,wafer,TW,17464299,133879906,130.4475,0003425293,2026-10-09T17:35:49+0900
2023.01,wafer,US,6943465,53228042,130.4475,0003425293,2026-10-09T17:35:49+0900
2023.01,wafer,VN,0,0,130.4475,0003425293,2026-10-09T17:35:49+0900
2023.01,wafer,WORLD,50323412,385775212,130.4475,0003425293,2026-10-09T17:35:49+0900
2023.02,discrete,CN,21479431,161443280,133.0463,0003425293,2026-10-09T17:35:49+0900
2023.02,discrete,KR,4526304,34020518,133.0463,0003425293,2026-10-09T17:35:49+0900
2023.02,discrete,OTHER,46869099,352276606,133.0463,0003425293,2026-10-09T17:35:49+0900
2023.02,discrete,TW,4091344,30751280,133.0463,0003425293,2026-10-09T17:35:49+0900
2023.02,discrete,US,8057125,60558805,133.0463,0003425293,2026-10-09T17:35:49+0900
2023.02,discrete,VN,1419514,10669323,133.0463,0003425293,2026-10-09T17:35:49+0900
2023.02,discrete,WORLD,86442817,649719812,133.0463,0003425293,2026-10-09T17:35:49+0900
2023.02,ic,CN,78251627,588153350,133.0463,0003425293,2026-10-09T17:35:49+0900
2023.02,ic,KR,40924212,307593762,133.0463,0003425293,2026-10-09T17:35:49+0900
2023.02,ic,OTHER,93384788,701896919,133.0463,0003425293,2026-10-09T17:35:49+0900
2023.02,ic,TW,76822098,577408752,133.0463,0003425293,2026-10-09T17:35:49+0900
2023.02,ic,US,9409772,70725544,133.0463,0003425293,2026-10-09T17:35:49+0900
2023.02,ic,VN,20780512,156190078,133.0463,0003425293,2026-10-09T17:35:49+0900
2023.02,ic,WORLD,319573009,2401968405,133.0463,0003425293,2026-10-09T17:35:49+0900
2023.02,liion,CN,1883016,14153088,133.0463,0003425293,2026-10-09T17:35:49+0900
2023.02,liion,KR,339232,2549729,133.0463,0003425293,2026-10-09T17:35:49+0900
2023.02,liion,OTHER,11084913,83316206,133.0463,0003425293,2026-10-09T17:35:49+0900
2023.02,liion,TW,1259806,9468929,133.0463,0003425293,2026-10-09T17:35:49+0900
2023.02,liion,US,19453637,146217046,133.0463,0003425293,2026-10-09T17:35:49+0900
2023.02,liion,VN,233519,1755171,133.0463,0003425293,2026-10-09T17:35:49+0900
2023.02,liion,WORLD,34254123,257460170,133.0463,0003425293,2026-10-09T17:35:49+0900
2023.02,mlcc,CN,10268094,77176847,133.0463,0003425293,2026-10-09T17:35:49+0900
2023.02,mlcc,KR,2952825,22193966,133.0463,0003425293,2026-10-09T17:35:49+0900
2023.02,mlcc,OTHER,14880247,111842622,133.0463,0003425293,2026-10-09T17:35:49+0900
2023.02,mlcc,TW,4595683,34541983,133.0463,0003425293,2026-10-09T17:35:49+0900
2023.02,mlcc,US,3655630,27476375,133.0463,0003425293,2026-10-09T17:35:49+0900
2023.02,mlcc,VN,677871,5095001,133.0463,0003425293,2026-10-09T17:35:49+0900
2023.02,mlcc,WORLD,37030350,278326793,133.0463,0003425293,2026-10-09T17:35:49+0900
2023.02,pcb,CN,5207661,39141720,133.0463,0003425293,2026-10-09T17:35:49+0900
2023.02,pcb,KR,3490317,26233852,133.0463,0003425293,2026-10-09T17:35:49+0900
2023.02,pcb,OTHER,8740201,65692928,133.0463,0003425293,2026-10-09T17:35:49+0900
2023.02,pcb,TW,3745905,28154898,133.0463,0003425293,2026-10-09T17:35:49+0900
2023.02,pcb,US,1627737,12234365,133.0463,0003425293,2026-10-09T17:35:49+0900
2023.02,pcb,VN,1108693,8333137,133.0463,0003425293,2026-10-09T17:35:49+0900
2023.02,pcb,WORLD,23920514,179790900,133.0463,0003425293,2026-10-09T17:35:49+0900
2023.02,photoresist,CN,7649672,57496315,133.0463,0003425293,2026-10-09T17:35:49+0900
2023.02,photoresist,KR,3385501,25446036,133.0463,0003425293,2026-10-09T17:35:49+0900
2023.02,photoresist,OTHER,6802183,51126435,133.0463,0003425293,2026-10-09T17:35:49+0900
2023.02,photoresist,TW,6781652,50972120,133.0463,0003425293,2026-10-09T17:35:49+0900
2023.02,photoresist,US,4101761,30829576,133.0463,0003425293,2026-10-09T17:35:49+0900
2023.02,photoresist,VN,386253,2903147,133.0463,0003425293,2026-10-09T17:35:49+0900
2023.02,photoresist,WORLD,29107022,218773630,133.0463,0003425293,2026-10-09T17:35:49+0900
2023.02,semi_equip,CN,91628163,688693808,133.0463,0003425293,2026-10-09T17:35:49+0900
2023.02,semi_equip,KR,41658142,313110113,133.0463,0003425293,2026-10-09T17:35:49+0900
2023.02,semi_equip,OTHER,28946384,217566246,133.0463,0003425293,2026-10-09T17:35:49+0900
2023.02,semi_equip,TW,69510027,522449907,133.0463,0003425293,2026-10-09T17:35:49+0900
2023.02,semi_equip,US,57579329,432776627,133.0463,0003425293,2026-10-09T17:35:49+0900
2023.02,semi_equip,VN,1070073,8042862,133.0463,0003425293,2026-10-09T17:35:49+0900
2023.02,semi_equip,WORLD,290392118,2182639562,133.0463,0003425293,2026-10-09T17:35:49+0900
2023.02,semi_fab_equip,CN,57584249,432813607,133.0463,0003425293,2026-10-09T17:35:49+0900
2023.02,semi_fab_equip,KR,27505273,206734595,133.0463,0003425293,2026-10-09T17:35:49+0900
2023.02,semi_fab_equip,OTHER,13715303,103086692,133.0463,0003425293,2026-10-09T17:35:49+0900
2023.02,semi_fab_equip,TW,41742695,313745628,133.0463,0003425293,2026-10-09T17:35:49+0900
2023.02,semi_fab_equip,US,32446850,243876380,133.0463,0003425293,2026-10-09T17:35:49+0900
2023.02,semi_fab_equip,VN,462791,3478421,133.0463,0003425293,2026-10-09T17:35:49+0900
2023.02,semi_fab_equip,WORLD,173457161,1303735324,133.0463,0003425293,2026-10-09T17:35:49+0900
2023.02,semi_test,CN,5159653,38780883,133.0463,0003425293,2026-10-09T17:35:49+0900
2023.02,semi_test,KR,3621655,27221013,133.0463,0003425293,2026-10-09T17:35:49+0900
2023.02,semi_test,OTHER,1408258,10584721,133.0463,0003425293,2026-10-09T17:35:49+0900
2023.02,semi_test,TW,3346042,25149455,133.0463,0003425293,2026-10-09T17:35:49+0900
2023.02,semi_test,US,4839083,36371421,133.0463,0003425293,2026-10-09T17:35:49+0900
2023.02,semi_test,VN,327204,2459324,133.0463,0003425293,2026-10-09T17:35:49+0900
2023.02,semi_test,WORLD,18701895,140566818,133.0463,0003425293,2026-10-09T17:35:49+0900
2023.02,transformer,CN,8085197,60769800,133.0463,0003425293,2026-10-09T17:35:49+0900
2023.02,transformer,KR,2813700,21148277,133.0463,0003425293,2026-10-09T17:35:49+0900
2023.02,transformer,OTHER,20586944,154735186,133.0463,0003425293,2026-10-09T17:35:49+0900
2023.02,transformer,TW,2308317,17349727,133.0463,0003425293,2026-10-09T17:35:49+0900
2023.02,transformer,US,9669882,72680578,133.0463,0003425293,2026-10-09T17:35:49+0900
2023.02,transformer,VN,553917,4163340,133.0463,0003425293,2026-10-09T17:35:49+0900
2023.02,transformer,WORLD,44017957,330846908,133.0463,0003425293,2026-10-09T17:35:49+0900
2023.02,transformer_large,KR,0,0,133.0463,0003425293,2026-10-09T17:35:49+0900
2023.02,transformer_large,OTHER,141170,1061059,133.0463,0003425293,2026-10-09T17:35:49+0900
2023.02,transformer_large,TW,0,0,133.0463,0003425293,2026-10-09T17:35:49+0900
2023.02,transformer_large,US,367570,2762722,133.0463,0003425293,2026-10-09T17:35:49+0900
2023.02,transformer_large,WORLD,508740,3823782,133.0463,0003425293,2026-10-09T17:35:49+0900
2023.02,wafer,CN,12119161,91089801,133.0463,0003425293,2026-10-09T17:35:49+0900
2023.02,wafer,KR,7285680,54760486,133.0463,0003425293,2026-10-09T17:35:49+0900
2023.02,wafer,OTHER,11776946,88517651,133.0463,0003425293,2026-10-09T17:35:49+0900
2023.02,wafer,TW,16765014,126008871,133.0463,0003425293,2026-10-09T17:35:49+0900
2023.02,wafer,US,6469880,48628786,133.0463,0003425293,2026-10-09T17:35:49+0900
2023.02,wafer,VN,0,0,133.0463,0003425293,2026-10-09T17:35:49+0900
2023.02,wafer,WORLD,54416681,409005594,133.0463,0003425293,2026-10-09T17:35:49+0900
2023.03,discrete,CN,26010479,194595558,133.6643,0003425293,2026-10-09T17:35:49+0900
2023.03,discrete,KR,4512177,33757533,133.6643,0003425293,2026-10-09T17:35:49+0900
2023.03,discrete,OTHER,51590943,385973989,133.6643,0003425293,2026-10-09T17:35:49+0900
2023.03,discrete,TW,3794311,28386869,133.6643,0003425293,2026-10-09T17:35:49+0900
2023.03,discrete,US,9638279,72108102,133.6643,0003425293,2026-10-09T17:35:49+0900
2023.03,discrete,VN,1423791,10651992,133.6643,0003425293,2026-10-09T17:35:49+0900
2023.03,discrete,WORLD,96969980,725474042,133.6643,0003425293,2026-10-09T17:35:49+0900
2023.03,ic,CN,93329601,698238804,133.6643,0003425293,2026-10-09T17:35:49+0900
2023.03,ic,KR,44970775,336445670,133.6643,0003425293,2026-10-09T17:35:49+0900
2023.03,ic,OTHER,111683512,835552290,133.6643,0003425293,2026-10-09T17:35:49+0900
2023.03,ic,TW,79456022,594444605,133.6643,0003425293,2026-10-09T17:35:49+0900
2023.03,ic,US,10861710,81261115,133.6643,0003425293,2026-10-09T17:35:49+0900
2023.03,ic,VN,21642789,161918994,133.6643,0003425293,2026-10-09T17:35:49+0900
2023.03,ic,WORLD,361944409,2707861478,133.6643,0003425293,2026-10-09T17:35:49+0900
2023.03,liion,CN,2188419,16372502,133.6643,0003425293,2026-10-09T17:35:49+0900
2023.03,liion,KR,654176,4894171,133.6643,0003425293,2026-10-09T17:35:49+0900
2023.03,liion,OTHER,12801151,95770905,133.6643,0003425293,2026-10-09T17:35:49+0900
2023.03,liion,TW,1535594,11488438,133.6643,0003425293,2026-10-09T17:35:49+0900
2023.03,liion,US,24220722,181205617,133.6643,0003425293,2026-10-09T17:35:49+0900
2023.03,liion,VN,152092,1137866,133.6643,0003425293,2026-10-09T17:35:49+0900
2023.03,liion,WORLD,41552154,310869499,133.6643,0003425293,2026-10-09T17:35:49+0900
2023.03,mlcc,CN,13287632,99410478,133.6643,0003425293,2026-10-09T17:35:49+0900
2023.03,mlcc,KR,3341266,24997445,133.6643,0003425293,2026-10-09T17:35:49+0900
2023.03,mlcc,OTHER,17060367,127635928,133.6643,0003425293,2026-10-09T17:35:49+0900
2023.03,mlcc,TW,4386495,32817252,133.6643,0003425293,2026-10-09T17:35:49+0900
2023.03,mlcc,US,4245517,31762535,133.6643,0003425293,2026-10-09T17:35:49+0900
2023.03,mlcc,VN,707206,5290912,133.6643,0003425293,2026-10-09T17:35:49+0900
2023.03,mlcc,WORLD,43028483,321914550,133.6643,0003425293,2026-10-09T17:35:49+0900
2023.03,pcb,CN,5868294,43903226,133.6643,0003425293,2026-10-09T17:35:49+0900
2023.03,pcb,KR,3634340,27190057,133.6643,0003425293,2026-10-09T17:35:49+0900
2023.03,pcb,OTHER,10431797,78044751,133.6643,0003425293,2026-10-09T17:35:49+0900
2023.03,pcb,TW,4235663,31688813,133.6643,0003425293,2026-10-09T17:35:49+0900
2023.03,pcb,US,1992115,14903867,133.6643,0003425293,2026-10-09T17:35:49+0900
2023.03,pcb,VN,1376018,10294581,133.6643,0003425293,2026-10-09T17:35:49+0900
2023.03,pcb,WORLD,27538227,206025296,133.6643,0003425293,2026-10-09T17:35:49+0900
2023.03,photoresist,CN,8176741,61173709,133.6643,0003425293,2026-10-09T17:35:49+0900
2023.03,photoresist,KR,4071974,30464185,133.6643,0003425293,2026-10-09T17:35:49+0900
2023.03,photoresist,OTHER,6156562,46059883,133.6643,0003425293,2026-10-09T17:35:49+0900
2023.03,photoresist,TW,6234200,46640726,133.6643,0003425293,2026-10-09T17:35:49+0900
2023.03,photoresist,US,3504774,26220719,133.6643,0003425293,2026-10-09T17:35:49+0900
2023.03,photoresist,VN,490816,3672005,133.6643,0003425293,2026-10-09T17:35:49+0900
2023.03,photoresist,WORLD,28635067,214231227,133.6643,0003425293,2026-10-09T17:35:49+0900
2023.03,semi_equip,CN,126940358,949695304,133.6643,0003425293,2026-10-09T17:35:49+0900
2023.03,semi_equip,KR,72893238,545345601,133.6643,0003425293,2026-10-09T17:35:49+0900
2023.03,semi_equip,OTHER,53427657,399715234,133.6643,0003425293,2026-10-09T17:35:49+0900
2023.03,semi_equip,TW,73513659,549987237,133.6643,0003425293,2026-10-09T17:35:49+0900
2023.03,semi_equip,US,70262068,525660689,133.6643,0003425293,2026-10-09T17:35:49+0900
2023.03,semi_equip,VN,371401,2778610,133.6643,0003425293,2026-10-09T17:35:49+0900
2023.03,semi_equip,WORLD,397408381,2973182675,133.6643,0003425293,2026-10-09T17:35:49+0900
2023.03,semi_fab_equip,CN,92518151,692167998,133.6643,0003425293,2026-10-09T17:35:49+0900
2023.03,semi_fab_equip,KR,52916667,395892299,133.6643,0003425293,2026-10-09T17:35:49+0900
2023.03,semi_fab_equip,OTHER,32507581,243203166,133.6643,0003425293,2026-10-09T17:35:49+0900
2023.03,semi_fab_equip,TW,40081694,299868357,133.6643,0003425293,2026-10-09T17:35:49+0900
2023.03,semi_fab_equip,US,44509217,332992557,133.6643,0003425293,2026-10-09T17:35:49+0900
2023.03,semi_fab_equip,VN,152297,1139399,133.6643,0003425293,2026-10-09T17:35:49+0900
2023.03,semi_fab_equip,WORLD,262685607,1965263776,133.6643,0003425293,2026-10-09T17:35:49+0900
2023.03,semi_test,CN,3527293,26389193,133.6643,0003425293,2026-10-09T17:35:49+0900
2023.03,semi_test,KR,4901264,36668460,133.6643,0003425293,2026-10-09T17:35:49+0900
2023.03,semi_test,OTHER,3933777,29430274,133.6643,0003425293,2026-10-09T17:35:49+0900
2023.03,semi_test,TW,5672243,42436485,133.6643,0003425293,2026-10-09T17:35:49+0900
2023.03,semi_test,US,4966002,37152792,133.6643,0003425293,2026-10-09T17:35:49+0900
2023.03,semi_test,VN,0,0,133.6643,0003425293,2026-10-09T17:35:49+0900
2023.03,semi_test,WORLD,23000579,172077204,133.6643,0003425293,2026-10-09T17:35:49+0900
2023.03,transformer,CN,9653310,72220556,133.6643,0003425293,2026-10-09T17:35:49+0900
2023.03,transformer,KR,3745048,28018312,133.6643,0003425293,2026-10-09T17:35:49+0900
2023.03,transformer,OTHER,22869227,171094503,133.6643,0003425293,2026-10-09T17:35:49+0900
2023.03,transformer,TW,2646774,19801652,133.6643,0003425293,2026-10-09T17:35:49+0900
2023.03,transformer,US,11811571,88367432,133.6643,0003425293,2026-10-09T17:35:49+0900
2023.03,transformer,VN,720162,5387841,133.6643,0003425293,2026-10-09T17:35:49+0900
2023.03,transformer,WORLD,51446092,384890296,133.6643,0003425293,2026-10-09T17:35:49+0900
2023.03,transformer_large,KR,0,0,133.6643,0003425293,2026-10-09T17:35:49+0900
2023.03,transformer_large,OTHER,363270,2717779,133.6643,0003425293,2026-10-09T17:35:49+0900
2023.03,transformer_large,TW,0,0,133.6643,0003425293,2026-10-09T17:35:49+0900
2023.03,transformer_large,US,0,0,133.6643,0003425293,2026-10-09T17:35:49+0900
2023.03,transformer_large,WORLD,363270,2717779,133.6643,0003425293,2026-10-09T17:35:49+0900
2023.03,wafer,CN,8868880,66351898,133.6643,0003425293,2026-10-09T17:35:49+0900
2023.03,wafer,KR,6242341,46701632,133.6643,0003425293,2026-10-09T17:35:49+0900
2023.03,wafer,OTHER,12568625,94031278,133.6643,0003425293,2026-10-09T17:35:49+0900
2023.03,wafer,TW,17358834,129868888,133.6643,0003425293,2026-10-09T17:35:49+0900
2023.03,wafer,US,7179812,53715255,133.6643,0003425293,2026-10-09T17:35:49+0900
2023.03,wafer,VN,0,0,133.6643,0003425293,2026-10-09T17:35:49+0900
2023.03,wafer,WORLD,52218492,390668952,133.6643,0003425293,2026-10-09T17:35:49+0900
2023.04,discrete,CN,25959594,194491038,133.4745,0003425293,2026-10-09T17:35:49+0900
2023.04,discrete,KR,4402302,32982345,133.4745,0003425293,2026-10-09T17:35:49+0900
2023.04,discrete,OTHER,51314398,384450948,133.4745,0003425293,2026-10-09T17:35:49+0900
2023.04,discrete,TW,3576358,26794317,133.4745,0003425293,2026-10-09T17:35:49+0900
2023.04,discrete,US,8249987,61809462,133.4745,0003425293,2026-10-09T17:35:49+0900
2023.04,discrete,VN,1051824,7880337,133.4745,0003425293,2026-10-09T17:35:49+0900
2023.04,discrete,WORLD,94554463,708408445,133.4745,0003425293,2026-10-09T17:35:49+0900
2023.04,ic,CN,67624127,506644543,133.4745,0003425293,2026-10-09T17:35:49+0900
2023.04,ic,KR,24824607,185987638,133.4745,0003425293,2026-10-09T17:35:49+0900
2023.04,ic,OTHER,106104951,794945484,133.4745,0003425293,2026-10-09T17:35:49+0900
2023.04,ic,TW,69907114,523748836,133.4745,0003425293,2026-10-09T17:35:49+0900
2023.04,ic,US,12325440,92343032,133.4745,0003425293,2026-10-09T17:35:49+0900
2023.04,ic,VN,21972626,164620403,133.4745,0003425293,2026-10-09T17:35:49+0900
2023.04,ic,WORLD,302758865,2268289936,133.4745,0003425293,2026-10-09T17:35:49+0900
2023.04,liion,CN,1136290,8513162,133.4745,0003425293,2026-10-09T17:35:49+0900
2023.04,liion,KR,20708,155146,133.4745,0003425293,2026-10-09T17:35:49+0900
2023.04,liion,OTHER,13259054,99337731,133.4745,0003425293,2026-10-09T17:35:49+0900
2023.04,liion,TW,1095712,8209149,133.4745,0003425293,2026-10-09T17:35:49+0900
2023.04,liion,US,20537919,153871481,133.4745,0003425293,2026-10-09T17:35:49+0900
2023.04,liion,VN,206788,1549270,133.4745,0003425293,2026-10-09T17:35:49+0900
2023.04,liion,WORLD,36256471,271635938,133.4745,0003425293,2026-10-09T17:35:49+0900
2023.04,mlcc,CN,15105223,113169354,133.4745,0003425293,2026-10-09T17:35:49+0900
2023.04,mlcc,KR,4276120,32036981,133.4745,0003425293,2026-10-09T17:35:49+0900
2023.04,mlcc,OTHER,18783770,140729278,133.4745,0003425293,2026-10-09T17:35:49+0900
2023.04,mlcc,TW,6129412,45921970,133.4745,0003425293,2026-10-09T17:35:49+0900
2023.04,mlcc,US,4810062,36037310,133.4745,0003425293,2026-10-09T17:35:49+0900
2023.04,mlcc,VN,809545,6065166,133.4745,0003425293,2026-10-09T17:35:49+0900
2023.04,mlcc,WORLD,49914132,373960060,133.4745,0003425293,2026-10-09T17:35:49+0900
2023.04,pcb,CN,8004684,59971635,133.4745,0003425293,2026-10-09T17:35:49+0900
2023.04,pcb,KR,3045126,22814290,133.4745,0003425293,2026-10-09T17:35:49+0900
2023.04,pcb,OTHER,10314584,77277562,133.4745,0003425293,2026-10-09T17:35:49+0900
2023.04,pcb,TW,3200580,23978962,133.4745,0003425293,2026-10-09T17:35:49+0900
2023.04,pcb,US,1559196,11681602,133.4745,0003425293,2026-10-09T17:35:49+0900
2023.04,pcb,VN,1313067,9837587,133.4745,0003425293,2026-10-09T17:35:49+0900
2023.04,pcb,WORLD,27437237,205561639,133.4745,0003425293,2026-10-09T17:35:49+0900
2023.04,photoresist,CN,8790172,65856564,133.4745,0003425293,2026-10-09T17:35:49+0900
2023.04,photoresist,KR,5035444,37725888,133.4745,0003425293,2026-10-09T17:35:49+0900
2023.04,photoresist,OTHER,6322941,47371902,133.4745,0003425293,2026-10-09T17:35:49+0900
2023.04,photoresist,TW,7754434,58096745,133.4745,0003425293,2026-10-09T17:35:49+0900
2023.04,photoresist,US,4543572,34040749,133.4745,0003425293,2026-10-09T17:35:49+0900
2023.04,photoresist,VN,613143,4593709,133.4745,0003425293,2026-10-09T17:35:49+0900
2023.04,photoresist,WORLD,33059706,247685558,133.4745,0003425293,2026-10-09T17:35:49+0900
2023.04,semi_equip,CN,96676826,724309332,133.4745,0003425293,2026-10-09T17:35:49+0900
2023.04,semi_equip,KR,45247729,338999052,133.4745,0003425293,2026-10-09T17:35:49+0900
2023.04,semi_equip,OTHER,36706119,275004731,133.4745,0003425293,2026-10-09T17:35:49+0900
2023.04,semi_equip,TW,65394127,489937231,133.4745,0003425293,2026-10-09T17:35:49+0900
2023.04,semi_equip,US,51176199,383415551,133.4745,0003425293,2026-10-09T17:35:49+0900
2023.04,semi_equip,VN,524363,3928563,133.4745,0003425293,2026-10-09T17:35:49+0900
2023.04,semi_equip,WORLD,295725363,2215594462,133.4745,0003425293,2026-10-09T17:35:49+0900
2023.04,semi_fab_equip,CN,63459825,475445310,133.4745,0003425293,2026-10-09T17:35:49+0900
2023.04,semi_fab_equip,KR,28794483,215730218,133.4745,0003425293,2026-10-09T17:35:49+0900
2023.04,semi_fab_equip,OTHER,21067155,157836553,133.4745,0003425293,2026-10-09T17:35:49+0900
2023.04,semi_fab_equip,TW,39534848,296197761,133.4745,0003425293,2026-10-09T17:35:49+0900
2023.04,semi_fab_equip,US,34206873,256280211,133.4745,0003425293,2026-10-09T17:35:49+0900
2023.04,semi_fab_equip,VN,89214,668397,133.4745,0003425293,2026-10-09T17:35:49+0900
2023.04,semi_fab_equip,WORLD,187152398,1402158450,133.4745,0003425293,2026-10-09T17:35:49+0900
2023.04,semi_test,CN,2764372,20710862,133.4745,0003425293,2026-10-09T17:35:49+0900
2023.04,semi_test,KR,7523073,56363373,133.4745,0003425293,2026-10-09T17:35:49+0900
2023.04,semi_test,OTHER,2698723,20219016,133.4745,0003425293,2026-10-09T17:35:49+0900
2023.04,semi_test,TW,10833082,81162185,133.4745,0003425293,2026-10-09T17:35:49+0900
2023.04,semi_test,US,4289545,32137562,133.4745,0003425293,2026-10-09T17:35:49+0900
2023.04,semi_test,VN,0,0,133.4745,0003425293,2026-10-09T17:35:49+0900
2023.04,semi_test,WORLD,28108795,210592997,133.4745,0003425293,2026-10-09T17:35:49+0900
2023.04,transformer,CN,10619184,79559646,133.4745,0003425293,2026-10-09T17:35:49+0900
2023.04,transformer,KR,4259956,31915879,133.4745,0003425293,2026-10-09T17:35:49+0900
2023.04,transformer,OTHER,22934191,171824513,133.4745,0003425293,2026-10-09T17:35:49+0900
2023.04,transformer,TW,3265735,24467108,133.4745,0003425293,2026-10-09T17:35:49+0900
2023.04,transformer,US,13759377,103086185,133.4745,0003425293,2026-10-09T17:35:49+0900
2023.04,transformer,VN,698957,5236633,133.4745,0003425293,2026-10-09T17:35:49+0900
2023.04,transformer,WORLD,55537400,416089965,133.4745,0003425293,2026-10-09T17:35:49+0900
2023.04,transformer_large,KR,0,0,133.4745,0003425293,2026-10-09T17:35:49+0900
2023.04,transformer_large,OTHER,0,0,133.4745,0003425293,2026-10-09T17:35:49+0900
2023.04,transformer_large,TW,864164,6474375,133.4745,0003425293,2026-10-09T17:35:49+0900
2023.04,transformer_large,US,762500,5712702,133.4745,0003425293,2026-10-09T17:35:49+0900
2023.04,transformer_large,WORLD,1626664,12187077,133.4745,0003425293,2026-10-09T17:35:49+0900
2023.04,wafer,CN,8619284,64576260,133.4745,0003425293,2026-10-09T17:35:49+0900
2023.04,wafer,KR,9644018,72253636,133.4745,0003425293,2026-10-09T17:35:49+0900
2023.04,wafer,OTHER,11852309,88798302,133.4745,0003425293,2026-10-09T17:35:49+0900
2023.04,wafer,TW,17519151,131254667,133.4745,0003425293,2026-10-09T17:35:49+0900
2023.04,wafer,US,6242094,46766191,133.4745,0003425293,2026-10-09T17:35:49+0900
2023.04,wafer,VN,3240,24274,133.4745,0003425293,2026-10-09T17:35:49+0900
2023.04,wafer,WORLD,53880096,403673331,133.4745,0003425293,2026-10-09T17:35:49+0900
2023.05,discrete,CN,22188510,161897059,137.0532,0003425293,2026-10-09T17:35:49+0900
2023.05,discrete,KR,3831973,27959748,137.0532,0003425293,2026-10-09T17:35:49+0900
2023.05,discrete,OTHER,44660608,325863300,137.0532,0003425293,2026-10-09T17:35:49+0900
2023.05,discrete,TW,3277073,23910956,137.0532,0003425293,2026-10-09T17:35:49+0900
2023.05,discrete,US,6830904,49841259,137.0532,0003425293,2026-10-09T17:35:49+0900
2023.05,discrete,VN,1018545,7431749,137.0532,0003425293,2026-10-09T17:35:49+0900
2023.05,discrete,WORLD,81807613,596904071,137.0532,0003425293,2026-10-09T17:35:49+0900
2023.05,ic,CN,86680587,632459417,137.0532,0003425293,2026-10-09T17:35:49+0900
2023.05,ic,KR,20881009,152356961,137.0532,0003425293,2026-10-09T17:35:49+0900
2023.05,ic,OTHER,116696586,851469254,137.0532,0003425293,2026-10-09T17:35:49+0900
2023.05,ic,TW,54290758,396129080,137.0532,0003425293,2026-10-09T17:35:49+0900
2023.05,ic,US,10716080,78189200,137.0532,0003425293,2026-10-09T17:35:49+0900
2023.05,ic,VN,13527484,98702431,137.0532,0003425293,2026-10-09T17:35:49+0900
2023.05,ic,WORLD,302792504,2209306342,137.0532,0003425293,2026-10-09T17:35:49+0900
2023.05,liion,CN,1125868,8214825,137.0532,0003425293,2026-10-09T17:35:49+0900
2023.05,liion,KR,17901,130614,137.0532,0003425293,2026-10-09T17:35:49+0900
2023.05,liion,OTHER,11378294,83021002,137.0532,0003425293,2026-10-09T17:35:49+0900
2023.05,liion,TW,788822,5755590,137.0532,0003425293,2026-10-09T17:35:49+0900
2023.05,liion,US,17620214,128564776,137.0532,0003425293,2026-10-09T17:35:49+0900
2023.05,liion,VN,449200,3277559,137.0532,0003425293,2026-10-09T17:35:49+0900
2023.05,liion,WORLD,31380299,228964366,137.0532,0003425293,2026-10-09T17:35:49+0900
2023.05,mlcc,CN,13213034,96408066,137.0532,0003425293,2026-10-09T17:35:49+0900
2023.05,mlcc,KR,3701433,27007272,137.0532,0003425293,2026-10-09T17:35:49+0900
2023.05,mlcc,OTHER,15842745,115595586,137.0532,0003425293,2026-10-09T17:35:49+0900
2023.05,mlcc,TW,5670672,41375699,137.0532,0003425293,2026-10-09T17:35:49+0900
2023.05,mlcc,US,4570649,33349451,137.0532,0003425293,2026-10-09T17:35:49+0900
2023.05,mlcc,VN,766391,5591923,137.0532,0003425293,2026-10-09T17:35:49+0900
2023.05,mlcc,WORLD,43764924,319327998,137.0532,0003425293,2026-10-09T17:35:49+0900
2023.05,pcb,CN,6342635,46278635,137.0532,0003425293,2026-10-09T17:35:49+0900
2023.05,pcb,KR,3381818,24675221,137.0532,0003425293,2026-10-09T17:35:49+0900
2023.05,pcb,OTHER,8720782,63630634,137.0532,0003425293,2026-10-09T17:35:49+0900
2023.05,pcb,TW,2614560,19076972,137.0532,0003425293,2026-10-09T17:35:49+0900
2023.05,pcb,US,1819455,13275538,137.0532,0003425293,2026-10-09T17:35:49+0900
2023.05,pcb,VN,853199,6225313,137.0532,0003425293,2026-10-09T17:35:49+0900
2023.05,pcb,WORLD,23732449,173162312,137.0532,0003425293,2026-10-09T17:35:49+0900
2023.05,photoresist,CN,9298472,67845712,137.0532,0003425293,2026-10-09T17:35:49+0900
2023.05,photoresist,KR,4005315,29224527,137.0532,0003425293,2026-10-09T17:35:49+0900
2023.05,photoresist,OTHER,6272158,45764404,137.0532,0003425293,2026-10-09T17:35:49+0900
2023.05,photoresist,TW,6150843,44879237,137.0532,0003425293,2026-10-09T17:35:49+0900
2023.05,photoresist,US,3222546,23513103,137.0532,0003425293,2026-10-09T17:35:49+0900
2023.05,photoresist,VN,537219,3919784,137.0532,0003425293,2026-10-09T17:35:49+0900
2023.05,photoresist,WORLD,29486553,215146768,137.0532,0003425293,2026-10-09T17:35:49+0900
2023.05,semi_equip,CN,81658522,595816238,137.0532,0003425293,2026-10-09T17:35:49+0900
2023.05,semi_equip,KR,44143640,322091276,137.0532,0003425293,2026-10-09T17:35:49+0900
2023.05,semi_equip,OTHER,25698049,187504188,137.0532,0003425293,2026-10-09T17:35:49+0900
2023.05,semi_equip,TW,52762843,384980745,137.0532,0003425293,2026-10-09T17:35:49+0900
2023.05,semi_equip,US,30506996,222592366,137.0532,0003425293,2026-10-09T17:35:49+0900
2023.05,semi_equip,VN,200140,1460309,137.0532,0003425293,2026-10-09T17:35:49+0900
2023.05,semi_equip,WORLD,234970190,1714445121,137.0532,0003425293,2026-10-09T17:35:49+0900
2023.05,semi_fab_equip,CN,51093727,372802145,137.0532,0003425293,2026-10-09T17:35:49+0900
2023.05,semi_fab_equip,KR,32622757,238029882,137.0532,0003425293,2026-10-09T17:35:49+0900
2023.05,semi_fab_equip,OTHER,11861589,86547333,137.0532,0003425293,2026-10-09T17:35:49+0900
2023.05,semi_fab_equip,TW,30191883,220293164,137.0532,0003425293,2026-10-09T17:35:49+0900
2023.05,semi_fab_equip,US,15037433,109719678,137.0532,0003425293,2026-10-09T17:35:49+0900
2023.05,semi_fab_equip,VN,0,0,137.0532,0003425293,2026-10-09T17:35:49+0900
2023.05,semi_fab_equip,WORLD,140807389,1027392202,137.0532,0003425293,2026-10-09T17:35:49+0900
2023.05,semi_test,CN,3031077,22116062,137.0532,0003425293,2026-10-09T17:35:49+0900
2023.05,semi_test,KR,16273295,118737067,137.0532,0003425293,2026-10-09T17:35:49+0900
2023.05,semi_test,OTHER,1116827,8148858,137.0532,0003425293,2026-10-09T17:35:49+0900
2023.05,semi_test,TW,2622122,19132147,137.0532,0003425293,2026-10-09T17:35:49+0900
2023.05,semi_test,US,3084212,22503758,137.0532,0003425293,2026-10-09T17:35:49+0900
2023.05,semi_test,VN,0,0,137.0532,0003425293,2026-10-09T17:35:49+0900
2023.05,semi_test,WORLD,26127533,190637891,137.0532,0003425293,2026-10-09T17:35:49+0900
2023.05,transformer,CN,9176483,66955627,137.0532,0003425293,2026-10-09T17:35:49+0900
2023.05,transformer,KR,2363875,17247864,137.0532,0003425293,2026-10-09T17:35:49+0900
2023.05,transformer,OTHER,22883334,166966798,137.0532,0003425293,2026-10-09T17:35:49+0900
2023.05,transformer,TW,2496788,18217656,137.0532,0003425293,2026-10-09T17:35:49+0900
2023.05,transformer,US,11179438,81570062,137.0532,0003425293,2026-10-09T17:35:49+0900
2023.05,transformer,VN,587757,4288532,137.0532,0003425293,2026-10-09T17:35:49+0900
2023.05,transformer,WORLD,48687675,355246539,137.0532,0003425293,2026-10-09T17:35:49+0900
2023.05,transformer_large,KR,0,0,137.0532,0003425293,2026-10-09T17:35:49+0900
2023.05,transformer_large,OTHER,535532,3907475,137.0532,0003425293,2026-10-09T17:35:49+0900
2023.05,transformer_large,TW,0,0,137.0532,0003425293,2026-10-09T17:35:49+0900
2023.05,transformer_large,US,498100,3634355,137.0532,0003425293,2026-10-09T17:35:49+0900
2023.05,transformer_large,WORLD,1033632,7541830,137.0532,0003425293,2026-10-09T17:35:49+0900
2023.05,wafer,CN,9206452,67174294,137.0532,0003425293,2026-10-09T17:35:49+0900
2023.05,wafer,KR,9496153,69288079,137.0532,0003425293,2026-10-09T17:35:49+0900
2023.05,wafer,OTHER,11485586,83803851,137.0532,0003425293,2026-10-09T17:35:49+0900
2023.05,wafer,TW,16163820,117938290,137.0532,0003425293,2026-10-09T17:35:49+0900
2023.05,wafer,US,6301746,45980291,137.0532,0003425293,2026-10-09T17:35:49+0900
2023.05,wafer,VN,3240,23640,137.0532,0003425293,2026-10-09T17:35:49+0900
2023.05,wafer,WORLD,52656997,384208446,137.0532,0003425293,2026-10-09T17:35:49+0900
2023.06,discrete,CN,25994604,183891860,141.3581,0003425293,2026-10-09T17:35:49+0900
2023.06,discrete,KR,4226315,29897933,141.3581,0003425293,2026-10-09T17:35:49+0900
2023.06,discrete,OTHER,49125438,347524747,141.3581,0003425293,2026-10-09T17:35:49+0900
2023.06,discrete,TW,3680229,26034794,141.3581,0003425293,2026-10-09T17:35:49+0900
2023.06,discrete,US,8113523,57396944,141.3581,0003425293,2026-10-09T17:35:49+0900
2023.06,discrete,VN,910652,6442164,141.3581,0003425293,2026-10-09T17:35:49+0900
2023.06,discrete,WORLD,92050761,651188443,141.3581,0003425293,2026-10-09T17:35:49+0900
2023.06,ic,CN,91884074,650009260,141.3581,0003425293,2026-10-09T17:35:49+0900
2023.06,ic,KR,35573926,251658207,141.3581,0003425293,2026-10-09T17:35:49+0900
2023.06,ic,OTHER,131609750,931037910,141.3581,0003425293,2026-10-09T17:35:49+0900
2023.06,ic,TW,70287536,497230339,141.3581,0003425293,2026-10-09T17:35:49+0900
2023.06,ic,US,11513823,81451456,141.3581,0003425293,2026-10-09T17:35:49+0900
2023.06,ic,VN,23194656,164084379,141.3581,0003425293,2026-10-09T17:35:49+0900
2023.06,ic,WORLD,364063765,2575471551,141.3581,0003425293,2026-10-09T17:35:49+0900
2023.06,liion,CN,911797,6450264,141.3581,0003425293,2026-10-09T17:35:49+0900
2023.06,liion,KR,282968,2001781,141.3581,0003425293,2026-10-09T17:35:49+0900
2023.06,liion,OTHER,12005996,84933202,141.3581,0003425293,2026-10-09T17:35:49+0900
2023.06,liion,TW,931866,6592236,141.3581,0003425293,2026-10-09T17:35:49+0900
2023.06,liion,US,18262009,129189689,141.3581,0003425293,2026-10-09T17:35:49+0900
2023.06,liion,VN,350247,2477729,141.3581,0003425293,2026-10-09T17:35:49+0900
2023.06,liion,WORLD,32744883,231644900,141.3581,0003425293,2026-10-09T17:35:49+0900
2023.06,mlcc,CN,15524758,109825740,141.3581,0003425293,2026-10-09T17:35:49+0900
2023.06,mlcc,KR,4396692,31103219,141.3581,0003425293,2026-10-09T17:35:49+0900
2023.06,mlcc,OTHER,18197891,128736104,141.3581,0003425293,2026-10-09T17:35:49+0900
2023.06,mlcc,TW,6040442,42731488,141.3581,0003425293,2026-10-09T17:35:49+0900
2023.06,mlcc,US,4860890,34387064,141.3581,0003425293,2026-10-09T17:35:49+0900
2023.06,mlcc,VN,834661,5904586,141.3581,0003425293,2026-10-09T17:35:49+0900
2023.06,mlcc,WORLD,49855334,352688201,141.3581,0003425293,2026-10-09T17:35:49+0900
2023.06,pcb,CN,8606811,60886578,141.3581,0003425293,2026-10-09T17:35:49+0900
2023.06,pcb,KR,3991118,28234095,141.3581,0003425293,2026-10-09T17:35:49+0900
2023.06,pcb,OTHER,12703725,89869098,141.3581,0003425293,2026-10-09T17:35:49+0900
2023.06,pcb,TW,2712189,19186654,141.3581,0003425293,2026-10-09T17:35:49+0900
2023.06,pcb,US,2002457,14165845,141.3581,0003425293,2026-10-09T17:35:49+0900
2023.06,pcb,VN,1278925,9047412,141.3581,0003425293,2026-10-09T17:35:49+0900
2023.06,pcb,WORLD,31295225,221389683,141.3581,0003425293,2026-10-09T17:35:49+0900
2023.06,photoresist,CN,9466531,66968437,141.3581,0003425293,2026-10-09T17:35:49+0900
2023.06,photoresist,KR,3761769,26611627,141.3581,0003425293,2026-10-09T17:35:49+0900
2023.06,photoresist,OTHER,8352687,59088846,141.3581,0003425293,2026-10-09T17:35:49+0900
2023.06,photoresist,TW,7833459,55415707,141.3581,0003425293,2026-10-09T17:35:49+0900
2023.06,photoresist,US,4362956,30864563,141.3581,0003425293,2026-10-09T17:35:49+0900
2023.06,photoresist,VN,712045,5037172,141.3581,0003425293,2026-10-09T17:35:49+0900
2023.06,photoresist,WORLD,34489447,243986351,141.3581,0003425293,2026-10-09T17:35:49+0900
2023.06,semi_equip,CN,130426761,922669171,141.3581,0003425293,2026-10-09T17:35:49+0900
2023.06,semi_equip,KR,50522170,357405554,141.3581,0003425293,2026-10-09T17:35:49+0900
2023.06,semi_equip,OTHER,34996247,247571572,141.3581,0003425293,2026-10-09T17:35:49+0900
2023.06,semi_equip,TW,40474085,286323069,141.3581,0003425293,2026-10-09T17:35:49+0900
2023.06,semi_equip,US,30288593,214268535,141.3581,0003425293,2026-10-09T17:35:49+0900
2023.06,semi_equip,VN,1393897,9860751,141.3581,0003425293,2026-10-09T17:35:49+0900
2023.06,semi_equip,WORLD,288101753,2038098652,141.3581,0003425293,2026-10-09T17:35:49+0900
2023.06,semi_fab_equip,CN,97168746,687394256,141.3581,0003425293,2026-10-09T17:35:49+0900
2023.06,semi_fab_equip,KR,35894315,253924713,141.3581,0003425293,2026-10-09T17:35:49+0900
2023.06,semi_fab_equip,OTHER,15369884,108730126,141.3581,0003425293,2026-10-09T17:35:49+0900
2023.06,semi_fab_equip,TW,16149778,114247277,141.3581,0003425293,2026-10-09T17:35:49+0900
2023.06,semi_fab_equip,US,13136113,92927911,141.3581,0003425293,2026-10-09T17:35:49+0900
2023.06,semi_fab_equip,VN,832302,5887897,141.3581,0003425293,2026-10-09T17:35:49+0900
2023.06,semi_fab_equip,WORLD,178551138,1263112181,141.3581,0003425293,2026-10-09T17:35:49+0900
2023.06,semi_test,CN,4091886,28946951,141.3581,0003425293,2026-10-09T17:35:49+0900
2023.06,semi_test,KR,6795041,48069697,141.3581,0003425293,2026-10-09T17:35:49+0900
2023.06,semi_test,OTHER,2362559,16713291,141.3581,0003425293,2026-10-09T17:35:49+0900
2023.06,semi_test,TW,9322314,65948212,141.3581,0003425293,2026-10-09T17:35:49+0900
2023.06,semi_test,US,2202027,15577650,141.3581,0003425293,2026-10-09T17:35:49+0900
2023.06,semi_test,VN,208400,1474270,141.3581,0003425293,2026-10-09T17:35:49+0900
2023.06,semi_test,WORLD,24982227,176730071,141.3581,0003425293,2026-10-09T17:35:49+0900
2023.06,transformer,CN,11977253,84729867,141.3581,0003425293,2026-10-09T17:35:49+0900
2023.06,transformer,KR,2799703,19805749,141.3581,0003425293,2026-10-09T17:35:49+0900
2023.06,transformer,OTHER,23724853,167835115,141.3581,0003425293,2026-10-09T17:35:49+0900
2023.06,transformer,TW,3018674,21354800,141.3581,0003425293,2026-10-09T17:35:49+0900
2023.06,transformer,US,12183605,86189649,141.3581,0003425293,2026-10-09T17:35:49+0900
2023.06,transformer,VN,697495,4934241,141.3581,0003425293,2026-10-09T17:35:49+0900
2023.06,transformer,WORLD,54401583,384849421,141.3581,0003425293,2026-10-09T17:35:49+0900
2023.06,transformer_large,KR,0,0,141.3581,0003425293,2026-10-09T17:35:49+0900
2023.06,transformer_large,OTHER,0,0,141.3581,0003425293,2026-10-09T17:35:49+0900
2023.06,transformer_large,TW,0,0,141.3581,0003425293,2026-10-09T17:35:49+0900
2023.06,transformer_large,US,0,0,141.3581,0003425293,2026-10-09T17:35:49+0900
2023.06,transformer_large,WORLD,0,0,141.3581,0003425293,2026-10-09T17:35:49+0900
2023.06,wafer,CN,7984166,56481843,141.3581,0003425293,2026-10-09T17:35:49+0900
2023.06,wafer,KR,9171441,64880902,141.3581,0003425293,2026-10-09T17:35:49+0900
2023.06,wafer,OTHER,13446581,95124234,141.3581,0003425293,2026-10-09T17:35:49+0900
2023.06,wafer,TW,23667375,167428503,141.3581,0003425293,2026-10-09T17:35:49+0900
2023.06,wafer,US,6281391,44436017,141.3581,0003425293,2026-10-09T17:35:49+0900
2023.06,wafer,VN,3050,21576,141.3581,0003425293,2026-10-09T17:35:49+0900
2023.06,wafer,WORLD,60554004,428373075,141.3581,0003425293,2026-10-09T17:35:49+0900
2023.07,discrete,CN,26724164,189619146,140.9360,0003425293,2026-10-09T17:35:49+0900
2023.07,discrete,KR,4591799,32580739,140.9360,0003425293,2026-10-09T17:35:49+0900
2023.07,discrete,OTHER,48541796,344424391,140.9360,0003425293,2026-10-09T17:35:49+0900
2023.07,discrete,TW,4807416,34110632,140.9360,0003425293,2026-10-09T17:35:49+0900
2023.07,discrete,US,9840954,69825694,140.9360,0003425293,2026-10-09T17:35:49+0900
2023.07,discrete,VN,956693,6788138,140.9360,0003425293,2026-10-09T17:35:49+0900
2023.07,discrete,WORLD,95462822,677348740,140.9360,0003425293,2026-10-09T17:35:49+0900
2023.07,ic,CN,86497593,613736682,140.9360,0003425293,2026-10-09T17:35:49+0900
2023.07,ic,KR,28029870,198883678,140.9360,0003425293,2026-10-09T17:35:49+0900
2023.07,ic,OTHER,119964591,851199062,140.9360,0003425293,2026-10-09T17:35:49+0900
2023.07,ic,TW,68588075,486661144,140.9360,0003425293,2026-10-09T17:35:49+0900
2023.07,ic,US,12534696,88938923,140.9360,0003425293,2026-10-09T17:35:49+0900
2023.07,ic,VN,27428925,194619721,140.9360,0003425293,2026-10-09T17:35:49+0900
2023.07,ic,WORLD,343043750,2434039209,140.9360,0003425293,2026-10-09T17:35:49+0900
2023.07,liion,CN,852228,6046915,140.9360,0003425293,2026-10-09T17:35:49+0900
2023.07,liion,KR,403996,2866521,140.9360,0003425293,2026-10-09T17:35:49+0900
2023.07,liion,OTHER,15147415,107477259,140.9360,0003425293,2026-10-09T17:35:49+0900
2023.07,liion,TW,632652,4488931,140.9360,0003425293,2026-10-09T17:35:49+0900
2023.07,liion,US,23294880,165286939,140.9360,0003425293,2026-10-09T17:35:49+0900
2023.07,liion,VN,169632,1203610,140.9360,0003425293,2026-10-09T17:35:49+0900
2023.07,liion,WORLD,40500803,287370175,140.9360,0003425293,2026-10-09T17:35:49+0900
2023.07,mlcc,CN,15425261,109448693,140.9360,0003425293,2026-10-09T17:35:49+0900
2023.07,mlcc,KR,4471078,31724173,140.9360,0003425293,2026-10-09T17:35:49+0900
2023.07,mlcc,OTHER,20107127,142668495,140.9360,0003425293,2026-10-09T17:35:49+0900
2023.07,mlcc,TW,6836214,48505804,140.9360,0003425293,2026-10-09T17:35:49+0900
2023.07,mlcc,US,5046856,35809559,140.9360,0003425293,2026-10-09T17:35:49+0900
2023.07,mlcc,VN,979231,6948054,140.9360,0003425293,2026-10-09T17:35:49+0900
2023.07,mlcc,WORLD,52865767,375104778,140.9360,0003425293,2026-10-09T17:35:49+0900
2023.07,pcb,CN,9616791,68235163,140.9360,0003425293,2026-10-09T17:35:49+0900
2023.07,pcb,KR,5162477,36629938,140.9360,0003425293,2026-10-09T17:35:49+0900
2023.07,pcb,OTHER,14353036,101840807,140.9360,0003425293,2026-10-09T17:35:49+0900
2023.07,pcb,TW,2474541,17557906,140.9360,0003425293,2026-10-09T17:35:49+0900
2023.07,pcb,US,2026112,14376114,140.9360,0003425293,2026-10-09T17:35:49+0900
2023.07,pcb,VN,1931839,13707208,140.9360,0003425293,2026-10-09T17:35:49+0900
2023.07,pcb,WORLD,35564796,252347136,140.9360,0003425293,2026-10-09T17:35:49+0900
2023.07,photoresist,CN,9054233,64243579,140.9360,0003425293,2026-10-09T17:35:49+0900
2023.07,photoresist,KR,3982218,28255506,140.9360,0003425293,2026-10-09T17:35:49+0900
2023.07,photoresist,OTHER,9043641,64168424,140.9360,0003425293,2026-10-09T17:35:49+0900
2023.07,photoresist,TW,7355182,52188100,140.9360,0003425293,2026-10-09T17:35:49+0900
2023.07,photoresist,US,4269587,30294510,140.9360,0003425293,2026-10-09T17:35:49+0900
2023.07,photoresist,VN,607790,4312525,140.9360,0003425293,2026-10-09T17:35:49+0900
2023.07,photoresist,WORLD,34312651,243462643,140.9360,0003425293,2026-10-09T17:35:49+0900
2023.07,semi_equip,CN,140540309,997192406,140.9360,0003425293,2026-10-09T17:35:49+0900
2023.07,semi_equip,KR,44049011,312546198,140.9360,0003425293,2026-10-09T17:35:49+0900
2023.07,semi_equip,OTHER,33089278,234782298,140.9360,0003425293,2026-10-09T17:35:49+0900
2023.07,semi_equip,TW,36414149,258373652,140.9360,0003425293,2026-10-09T17:35:49+0900
2023.07,semi_equip,US,33601735,238418396,140.9360,0003425293,2026-10-09T17:35:49+0900
2023.07,semi_equip,VN,574584,4076914,140.9360,0003425293,2026-10-09T17:35:49+0900
2023.07,semi_equip,WORLD,288269066,2045389865,140.9360,0003425293,2026-10-09T17:35:49+0900
2023.07,semi_fab_equip,CN,88641238,628946742,140.9360,0003425293,2026-10-09T17:35:49+0900
2023.07,semi_fab_equip,KR,29633414,210261495,140.9360,0003425293,2026-10-09T17:35:49+0900
2023.07,semi_fab_equip,OTHER,17909681,127076694,140.9360,0003425293,2026-10-09T17:35:49+0900
2023.07,semi_fab_equip,TW,16771475,119000646,140.9360,0003425293,2026-10-09T17:35:49+0900
2023.07,semi_fab_equip,US,16266309,115416281,140.9360,0003425293,2026-10-09T17:35:49+0900
2023.07,semi_fab_equip,VN,98800,701027,140.9360,0003425293,2026-10-09T17:35:49+0900
2023.07,semi_fab_equip,WORLD,169320917,1201402885,140.9360,0003425293,2026-10-09T17:35:49+0900
2023.07,semi_test,CN,3556187,25232638,140.9360,0003425293,2026-10-09T17:35:49+0900
2023.07,semi_test,KR,16384684,116256201,140.9360,0003425293,2026-10-09T17:35:49+0900
2023.07,semi_test,OTHER,2013322,14285364,140.9360,0003425293,2026-10-09T17:35:49+0900
2023.07,semi_test,TW,1685205,11957236,140.9360,0003425293,2026-10-09T17:35:49+0900
2023.07,semi_test,US,2331944,16546120,140.9360,0003425293,2026-10-09T17:35:49+0900
2023.07,semi_test,VN,3245,23025,140.9360,0003425293,2026-10-09T17:35:49+0900
2023.07,semi_test,WORLD,25974587,184300583,140.9360,0003425293,2026-10-09T17:35:49+0900
2023.07,transformer,CN,11358964,80596611,140.9360,0003425293,2026-10-09T17:35:49+0900
2023.07,transformer,KR,2771624,19665834,140.9360,0003425293,2026-10-09T17:35:49+0900
2023.07,transformer,OTHER,28720849,203786463,140.9360,0003425293,2026-10-09T17:35:49+0900
2023.07,transformer,TW,5079843,36043616,140.9360,0003425293,2026-10-09T17:35:49+0900
2023.07,transformer,US,13485263,95683594,140.9360,0003425293,2026-10-09T17:35:49+0900
2023.07,transformer,VN,632739,4489548,140.9360,0003425293,2026-10-09T17:35:49+0900
2023.07,transformer,WORLD,62049282,440265667,140.9360,0003425293,2026-10-09T17:35:49+0900
2023.07,transformer_large,KR,0,0,140.9360,0003425293,2026-10-09T17:35:49+0900
2023.07,transformer_large,OTHER,381889,2709663,140.9360,0003425293,2026-10-09T17:35:49+0900
2023.07,transformer_large,TW,513800,3645626,140.9360,0003425293,2026-10-09T17:35:49+0900
2023.07,transformer_large,US,0,0,140.9360,0003425293,2026-10-09T17:35:49+0900
2023.07,transformer_large,WORLD,895689,6355289,140.9360,0003425293,2026-10-09T17:35:49+0900
2023.07,wafer,CN,7670779,54427393,140.9360,0003425293,2026-10-09T17:35:49+0900
2023.07,wafer,KR,6867076,48724783,140.9360,0003425293,2026-10-09T17:35:49+0900
2023.07,wafer,OTHER,12312279,87360781,140.9360,0003425293,2026-10-09T17:35:49+0900
2023.07,wafer,TW,19999540,141905120,140.9360,0003425293,2026-10-09T17:35:49+0900
2023.07,wafer,US,6049528,42923937,140.9360,0003425293,2026-10-09T17:35:49+0900
2023.07,wafer,VN,0,0,140.9360,0003425293,2026-10-09T17:35:49+0900
2023.07,wafer,WORLD,52899202,375342013,140.9360,0003425293,2026-10-09T17:35:49+0900
2023.08,discrete,CN,26678682,184269984,144.7804,0003425293,2026-10-09T17:35:49+0900
2023.08,discrete,KR,4640194,32049877,144.7804,0003425293,2026-10-09T17:35:49+0900
2023.08,discrete,OTHER,47248418,326345403,144.7804,0003425293,2026-10-09T17:35:49+0900
2023.08,discrete,TW,4527573,31272002,144.7804,0003425293,2026-10-09T17:35:49+0900
2023.08,discrete,US,9592663,66256641,144.7804,0003425293,2026-10-09T17:35:49+0900
2023.08,discrete,VN,1233095,8517002,144.7804,0003425293,2026-10-09T17:35:49+0900
2023.08,discrete,WORLD,93920625,648710910,144.7804,0003425293,2026-10-09T17:35:49+0900
2023.08,ic,CN,85076922,587627345,144.7804,0003425293,2026-10-09T17:35:49+0900
2023.08,ic,KR,42719489,295064035,144.7804,0003425293,2026-10-09T17:35:49+0900
2023.08,ic,OTHER,115009784,794373990,144.7804,0003425293,2026-10-09T17:35:49+0900
2023.08,ic,TW,77474414,535116729,144.7804,0003425293,2026-10-09T17:35:49+0900
2023.08,ic,US,11336887,78304018,144.7804,0003425293,2026-10-09T17:35:49+0900
2023.08,ic,VN,53869513,372077388,144.7804,0003425293,2026-10-09T17:35:49+0900
2023.08,ic,WORLD,385487009,2662563503,144.7804,0003425293,2026-10-09T17:35:49+0900
2023.08,liion,CN,889580,6144340,144.7804,0003425293,2026-10-09T17:35:49+0900
2023.08,liion,KR,263080,1817097,144.7804,0003425293,2026-10-09T17:35:49+0900
2023.08,liion,OTHER,13768406,95098549,144.7804,0003425293,2026-10-09T17:35:49+0900
2023.08,liion,TW,330501,2282774,144.7804,0003425293,2026-10-09T17:35:49+0900
2023.08,liion,US,19615281,135482987,144.7804,0003425293,2026-10-09T17:35:49+0900
2023.08,liion,VN,109709,757761,144.7804,0003425293,2026-10-09T17:35:49+0900
2023.08,liion,WORLD,34976557,241583509,144.7804,0003425293,2026-10-09T17:35:49+0900
2023.08,mlcc,CN,17889546,123563314,144.7804,0003425293,2026-10-09T17:35:49+0900
2023.08,mlcc,KR,4777925,33001187,144.7804,0003425293,2026-10-09T17:35:49+0900
2023.08,mlcc,OTHER,21500467,148503989,144.7804,0003425293,2026-10-09T17:35:49+0900
2023.08,mlcc,TW,5191604,35858473,144.7804,0003425293,2026-10-09T17:35:49+0900
2023.08,mlcc,US,4956082,34231719,144.7804,0003425293,2026-10-09T17:35:49+0900
2023.08,mlcc,VN,1127303,7786296,144.7804,0003425293,2026-10-09T17:35:49+0900
2023.08,mlcc,WORLD,55442927,382944977,144.7804,0003425293,2026-10-09T17:35:49+0900
2023.08,pcb,CN,9926775,68564357,144.7804,0003425293,2026-10-09T17:35:49+0900
2023.08,pcb,KR,4816054,33264544,144.7804,0003425293,2026-10-09T17:35:49+0900
2023.08,pcb,OTHER,14505370,100188769,144.7804,0003425293,2026-10-09T17:35:49+0900
2023.08,pcb,TW,2164291,14948785,144.7804,0003425293,2026-10-09T17:35:49+0900
2023.08,pcb,US,1758673,12147176,144.7804,0003425293,2026-10-09T17:35:49+0900
2023.08,pcb,VN,1835877,12680425,144.7804,0003425293,2026-10-09T17:35:49+0900
2023.08,pcb,WORLD,35007040,241794055,144.7804,0003425293,2026-10-09T17:35:49+0900
2023.08,photoresist,CN,8719004,60222268,144.7804,0003425293,2026-10-09T17:35:49+0900
2023.08,photoresist,KR,4205194,29045327,144.7804,0003425293,2026-10-09T17:35:49+0900
2023.08,photoresist,OTHER,7375640,50943636,144.7804,0003425293,2026-10-09T17:35:49+0900
2023.08,photoresist,TW,7192520,49678824,144.7804,0003425293,2026-10-09T17:35:49+0900
2023.08,photoresist,US,5930348,40960986,144.7804,0003425293,2026-10-09T17:35:49+0900
2023.08,photoresist,VN,522255,3607222,144.7804,0003425293,2026-10-09T17:35:49+0900
2023.08,photoresist,WORLD,33944961,234458262,144.7804,0003425293,2026-10-09T17:35:49+0900
2023.08,semi_equip,CN,111326015,768930152,144.7804,0003425293,2026-10-09T17:35:49+0900
2023.08,semi_equip,KR,29044629,200611609,144.7804,0003425293,2026-10-09T17:35:49+0900
2023.08,semi_equip,OTHER,29193065,201636858,144.7804,0003425293,2026-10-09T17:35:49+0900
2023.08,semi_equip,TW,24223422,167311473,144.7804,0003425293,2026-10-09T17:35:49+0900
2023.08,semi_equip,US,26382369,182223347,144.7804,0003425293,2026-10-09T17:35:49+0900
2023.08,semi_equip,VN,844812,5835127,144.7804,0003425293,2026-10-09T17:35:49+0900
2023.08,semi_equip,WORLD,221014312,1526548566,144.7804,0003425293,2026-10-09T17:35:49+0900
2023.08,semi_fab_equip,CN,75891365,524182590,144.7804,0003425293,2026-10-09T17:35:49+0900
2023.08,semi_fab_equip,KR,17837988,123207202,144.7804,0003425293,2026-10-09T17:35:49+0900
2023.08,semi_fab_equip,OTHER,15655629,108133622,144.7804,0003425293,2026-10-09T17:35:49+0900
2023.08,semi_fab_equip,TW,6344336,43820407,144.7804,0003425293,2026-10-09T17:35:49+0900
2023.08,semi_fab_equip,US,11849030,81841396,144.7804,0003425293,2026-10-09T17:35:49+0900
2023.08,semi_fab_equip,VN,460390,3179919,144.7804,0003425293,2026-10-09T17:35:49+0900
2023.08,semi_fab_equip,WORLD,128038738,884365135,144.7804,0003425293,2026-10-09T17:35:49+0900
2023.08,semi_test,CN,4789376,33080279,144.7804,0003425293,2026-10-09T17:35:49+0900
2023.08,semi_test,KR,7378515,50963494,144.7804,0003425293,2026-10-09T17:35:49+0900
2023.08,semi_test,OTHER,2451351,16931511,144.7804,0003425293,2026-10-09T17:35:49+0900
2023.08,semi_test,TW,2833609,19571772,144.7804,0003425293,2026-10-09T17:35:49+0900
2023.08,semi_test,US,3124743,21582638,144.7804,0003425293,2026-10-09T17:35:49+0900
2023.08,semi_test,VN,0,0,144.7804,0003425293,2026-10-09T17:35:49+0900
2023.08,semi_test,WORLD,20577594,142129694,144.7804,0003425293,2026-10-09T17:35:49+0900
2023.08,transformer,CN,10630432,73424524,144.7804,0003425293,2026-10-09T17:35:49+0900
2023.08,transformer,KR,3032429,20945024,144.7804,0003425293,2026-10-09T17:35:49+0900
2023.08,transformer,OTHER,26577068,183568135,144.7804,0003425293,2026-10-09T17:35:49+0900
2023.08,transformer,TW,3443777,23786210,144.7804,0003425293,2026-10-09T17:35:49+0900
2023.08,transformer,US,14004775,96731153,144.7804,0003425293,2026-10-09T17:35:49+0900
2023.08,transformer,VN,672068,4641982,144.7804,0003425293,2026-10-09T17:35:49+0900
2023.08,transformer,WORLD,58360549,403097028,144.7804,0003425293,2026-10-09T17:35:49+0900
2023.08,transformer_large,KR,189420,1308326,144.7804,0003425293,2026-10-09T17:35:49+0900
2023.08,transformer_large,OTHER,0,0,144.7804,0003425293,2026-10-09T17:35:49+0900
2023.08,transformer_large,TW,0,0,144.7804,0003425293,2026-10-09T17:35:49+0900
2023.08,transformer_large,US,712053,4918159,144.7804,0003425293,2026-10-09T17:35:49+0900
2023.08,transformer_large,WORLD,901473,6226485,144.7804,0003425293,2026-10-09T17:35:49+0900
2023.08,wafer,CN,5605345,38716187,144.7804,0003425293,2026-10-09T17:35:49+0900
2023.08,wafer,KR,7007956,48404038,144.7804,0003425293,2026-10-09T17:35:49+0900
2023.08,wafer,OTHER,11120704,76810839,144.7804,0003425293,2026-10-09T17:35:49+0900
2023.08,wafer,TW,21430690,148022039,144.7804,0003425293,2026-10-09T17:35:49+0900
2023.08,wafer,US,6148407,42467123,144.7804,0003425293,2026-10-09T17:35:49+0900
2023.08,wafer,VN,7093,48991,144.7804,0003425293,2026-10-09T17:35:49+0900
2023.08,wafer,WORLD,51320195,354469217,144.7804,0003425293,2026-10-09T17:35:49+0900
2023.09,discrete,CN,26731705,180808989,147.8450,0003425293,2026-10-09T17:35:49+0900
2023.09,discrete,KR,4673683,31612046,147.8450,0003425293,2026-10-09T17:35:49+0900
2023.09,discrete,OTHER,56031980,378991376,147.8450,0003425293,2026-10-09T17:35:49+0900
2023.09,discrete,TW,5104216,34524103,147.8450,0003425293,2026-10-09T17:35:49+0900
2023.09,discrete,US,10734102,72603754,147.8450,0003425293,2026-10-09T17:35:49+0900
2023.09,discrete,VN,1342605,9081166,147.8450,0003425293,2026-10-09T17:35:49+0900
2023.09,discrete,WORLD,104618291,707621435,147.8450,0003425293,2026-10-09T17:35:49+0900
2023.09,ic,CN,77813108,526315452,147.8450,0003425293,2026-10-09T17:35:49+0900
2023.09,ic,KR,45178725,305581690,147.8450,0003425293,2026-10-09T17:35:49+0900
2023.09,ic,OTHER,123409487,834722087,147.8450,0003425293,2026-10-09T17:35:49+0900
2023.09,ic,TW,90678322,613333708,147.8450,0003425293,2026-10-09T17:35:49+0900
2023.09,ic,US,12158630,82239034,147.8450,0003425293,2026-10-09T17:35:49+0900
2023.09,ic,VN,45030868,304581609,147.8450,0003425293,2026-10-09T17:35:49+0900
2023.09,ic,WORLD,394269140,2666773580,147.8450,0003425293,2026-10-09T17:35:49+0900
2023.09,liion,CN,1090466,7375738,147.8450,0003425293,2026-10-09T17:35:49+0900
2023.09,liion,KR,357154,2415733,147.8450,0003425293,2026-10-09T17:35:49+0900
2023.09,liion,OTHER,18796727,127138064,147.8450,0003425293,2026-10-09T17:35:49+0900
2023.09,liion,TW,725782,4909074,147.8450,0003425293,2026-10-09T17:35:49+0900
2023.09,liion,US,16403763,110952437,147.8450,0003425293,2026-10-09T17:35:49+0900
2023.09,liion,VN,296804,2007535,147.8450,0003425293,2026-10-09T17:35:49+0900
2023.09,liion,WORLD,37670696,254798580,147.8450,0003425293,2026-10-09T17:35:49+0900
2023.09,mlcc,CN,21173816,143216314,147.8450,0003425293,2026-10-09T17:35:49+0900
2023.09,mlcc,KR,4528000,30626670,147.8450,0003425293,2026-10-09T17:35:49+0900
2023.09,mlcc,OTHER,21783879,147342683,147.8450,0003425293,2026-10-09T17:35:49+0900
2023.09,mlcc,TW,5270004,35645467,147.8450,0003425293,2026-10-09T17:35:49+0900
2023.09,mlcc,US,5147512,34816950,147.8450,0003425293,2026-10-09T17:35:49+0900
2023.09,mlcc,VN,892895,6039399,147.8450,0003425293,2026-10-09T17:35:49+0900
2023.09,mlcc,WORLD,58796106,397687484,147.8450,0003425293,2026-10-09T17:35:49+0900
2023.09,pcb,CN,12544692,84850296,147.8450,0003425293,2026-10-09T17:35:49+0900
2023.09,pcb,KR,5012925,33906625,147.8450,0003425293,2026-10-09T17:35:49+0900
2023.09,pcb,OTHER,14133802,95598783,147.8450,0003425293,2026-10-09T17:35:49+0900
2023.09,pcb,TW,2565561,17353045,147.8450,0003425293,2026-10-09T17:35:49+0900
2023.09,pcb,US,1707586,11549839,147.8450,0003425293,2026-10-09T17:35:49+0900
2023.09,pcb,VN,2168511,14667463,147.8450,0003425293,2026-10-09T17:35:49+0900
2023.09,pcb,WORLD,38133077,257926051,147.8450,0003425293,2026-10-09T17:35:49+0900
2023.09,photoresist,CN,9793917,66244493,147.8450,0003425293,2026-10-09T17:35:49+0900
2023.09,photoresist,KR,4371503,29568149,147.8450,0003425293,2026-10-09T17:35:49+0900
2023.09,photoresist,OTHER,5952432,40261301,147.8450,0003425293,2026-10-09T17:35:49+0900
2023.09,photoresist,TW,7744140,52380128,147.8450,0003425293,2026-10-09T17:35:49+0900
2023.09,photoresist,US,4286189,28991099,147.8450,0003425293,2026-10-09T17:35:49+0900
2023.09,photoresist,VN,589238,3985512,147.8450,0003425293,2026-10-09T17:35:49+0900
2023.09,photoresist,WORLD,32737419,221430681,147.8450,0003425293,2026-10-09T17:35:49+0900
2023.09,semi_equip,CN,166681293,1127405682,147.8450,0003425293,2026-10-09T17:35:49+0900
2023.09,semi_equip,KR,44628363,301859129,147.8450,0003425293,2026-10-09T17:35:49+0900
2023.09,semi_equip,OTHER,35327900,238952281,147.8450,0003425293,2026-10-09T17:35:49+0900
2023.09,semi_equip,TW,33739952,228211654,147.8450,0003425293,2026-10-09T17:35:49+0900
2023.09,semi_equip,US,33472169,226400413,147.8450,0003425293,2026-10-09T17:35:49+0900
2023.09,semi_equip,VN,574705,3887213,147.8450,0003425293,2026-10-09T17:35:49+0900
2023.09,semi_equip,WORLD,314424382,2126716372,147.8450,0003425293,2026-10-09T17:35:49+0900
2023.09,semi_fab_equip,CN,122059926,825593872,147.8450,0003425293,2026-10-09T17:35:49+0900
2023.09,semi_fab_equip,KR,27031181,182834597,147.8450,0003425293,2026-10-09T17:35:49+0900
2023.09,semi_fab_equip,OTHER,18065746,122193825,147.8450,0003425293,2026-10-09T17:35:49+0900
2023.09,semi_fab_equip,TW,15622157,105665778,147.8450,0003425293,2026-10-09T17:35:49+0900
2023.09,semi_fab_equip,US,16906297,114351496,147.8450,0003425293,2026-10-09T17:35:49+0900
2023.09,semi_fab_equip,VN,241145,1631066,147.8450,0003425293,2026-10-09T17:35:49+0900
2023.09,semi_fab_equip,WORLD,199926452,1352270635,147.8450,0003425293,2026-10-09T17:35:49+0900
2023.09,semi_test,CN,7368406,49838723,147.8450,0003425293,2026-10-09T17:35:49+0900
2023.09,semi_test,KR,5401973,36538084,147.8450,0003425293,2026-10-09T17:35:49+0900
2023.09,semi_test,OTHER,2240696,15155710,147.8450,0003425293,2026-10-09T17:35:49+0900
2023.09,semi_test,TW,2638917,17849214,147.8450,0003425293,2026-10-09T17:35:49+0900
2023.09,semi_test,US,2651574,17934824,147.8450,0003425293,2026-10-09T17:35:49+0900
2023.09,semi_test,VN,0,0,147.8450,0003425293,2026-10-09T17:35:49+0900
2023.09,semi_test,WORLD,20301566,137316554,147.8450,0003425293,2026-10-09T17:35:49+0900
2023.09,transformer,CN,13559090,91711522,147.8450,0003425293,2026-10-09T17:35:49+0900
2023.09,transformer,KR,3015130,20393858,147.8450,0003425293,2026-10-09T17:35:49+0900
2023.09,transformer,OTHER,32254929,218167195,147.8450,0003425293,2026-10-09T17:35:49+0900
2023.09,transformer,TW,3070283,20766905,147.8450,0003425293,2026-10-09T17:35:49+0900
2023.09,transformer,US,13709985,92732152,147.8450,0003425293,2026-10-09T17:35:49+0900
2023.09,transformer,VN,621963,4206859,147.8450,0003425293,2026-10-09T17:35:49+0900
2023.09,transformer,WORLD,66231380,447978491,147.8450,0003425293,2026-10-09T17:35:49+0900
2023.09,transformer_large,KR,0,0,147.8450,0003425293,2026-10-09T17:35:49+0900
2023.09,transformer_large,OTHER,0,0,147.8450,0003425293,2026-10-09T17:35:49+0900
2023.09,transformer_large,TW,0,0,147.8450,0003425293,2026-10-09T17:35:49+0900
2023.09,transformer_large,US,0,0,147.8450,0003425293,2026-10-09T17:35:49+0900
2023.09,transformer_large,WORLD,0,0,147.8450,0003425293,2026-10-09T17:35:49+0900
2023.09,wafer,CN,5544329,37500957,147.8450,0003425293,2026-10-09T17:35:49+0900
2023.09,wafer,KR,5507912,37254638,147.8450,0003425293,2026-10-09T17:35:49+0900
2023.09,wafer,OTHER,13118483,88731327,147.8450,0003425293,2026-10-09T17:35:49+0900
2023.09,wafer,TW,21844479,147752572,147.8450,0003425293,2026-10-09T17:35:49+0900
2023.09,wafer,US,5411000,36599141,147.8450,0003425293,2026-10-09T17:35:49+0900
2023.09,wafer,VN,369,2496,147.8450,0003425293,2026-10-09T17:35:49+0900
2023.09,wafer,WORLD,51426572,347841131,147.8450,0003425293,2026-10-09T17:35:49+0900
2023.10,discrete,CN,27660220,184902800,149.5933,0003425293,2026-10-09T17:35:49+0900
2023.10,discrete,KR,4505264,30116750,149.5933,0003425293,2026-10-09T17:35:49+0900
2023.10,discrete,OTHER,49814327,332998383,149.5933,0003425293,2026-10-09T17:35:49+0900
2023.10,discrete,TW,4755483,31789412,149.5933,0003425293,2026-10-09T17:35:49+0900
2023.10,discrete,US,9698766,64834227,149.5933,0003425293,2026-10-09T17:35:49+0900
2023.10,discrete,VN,1229836,8221197,149.5933,0003425293,2026-10-09T17:35:49+0900
2023.10,discrete,WORLD,97663896,652862769,149.5933,0003425293,2026-10-09T17:35:49+0900
2023.10,ic,CN,74252340,496361401,149.5933,0003425293,2026-10-09T17:35:49+0900
2023.10,ic,KR,55512869,371091947,149.5933,0003425293,2026-10-09T17:35:49+0900
2023.10,ic,OTHER,123497875,825557528,149.5933,0003425293,2026-10-09T17:35:49+0900
2023.10,ic,TW,101556236,678882249,149.5933,0003425293,2026-10-09T17:35:49+0900
2023.10,ic,US,11802630,78898119,149.5933,0003425293,2026-10-09T17:35:49+0900
2023.10,ic,VN,61046472,408082929,149.5933,0003425293,2026-10-09T17:35:49+0900
2023.10,ic,WORLD,427668422,2858874174,149.5933,0003425293,2026-10-09T17:35:49+0900
2023.10,liion,CN,1229430,8218483,149.5933,0003425293,2026-10-09T17:35:49+0900
2023.10,liion,KR,250919,1677341,149.5933,0003425293,2026-10-09T17:35:49+0900
2023.10,liion,OTHER,17972674,120143576,149.5933,0003425293,2026-10-09T17:35:49+0900
2023.10,liion,TW,454242,3036513,149.5933,0003425293,2026-10-09T17:35:49+0900
2023.10,liion,US,15960567,106693060,149.5933,0003425293,2026-10-09T17:35:49+0900
2023.10,liion,VN,224418,1500188,149.5933,0003425293,2026-10-09T17:35:49+0900
2023.10,liion,WORLD,36092250,241269161,149.5933,0003425293,2026-10-09T17:35:49+0900
2023.10,mlcc,CN,18240761,121935682,149.5933,0003425293,2026-10-09T17:35:49+0900
2023.10,mlcc,KR,4547855,30401462,149.5933,0003425293,2026-10-09T17:35:49+0900
2023.10,mlcc,OTHER,20581068,137580146,149.5933,0003425293,2026-10-09T17:35:49+0900
2023.10,mlcc,TW,6810593,45527393,149.5933,0003425293,2026-10-09T17:35:49+0900
2023.10,mlcc,US,5143210,34381286,149.5933,0003425293,2026-10-09T17:35:49+0900
2023.10,mlcc,VN,911185,6091082,149.5933,0003425293,2026-10-09T17:35:49+0900
2023.10,mlcc,WORLD,56234672,375917050,149.5933,0003425293,2026-10-09T17:35:49+0900
2023.10,pcb,CN,11158973,74595406,149.5933,0003425293,2026-10-09T17:35:49+0900
2023.10,pcb,KR,5265405,35198134,149.5933,0003425293,2026-10-09T17:35:49+0900
2023.10,pcb,OTHER,13024047,87063037,149.5933,0003425293,2026-10-09T17:35:49+0900
2023.10,pcb,TW,2470872,16517264,149.5933,0003425293,2026-10-09T17:35:49+0900
2023.10,pcb,US,1807701,12084104,149.5933,0003425293,2026-10-09T17:35:49+0900
2023.10,pcb,VN,2155034,14405953,149.5933,0003425293,2026-10-09T17:35:49+0900
2023.10,pcb,WORLD,35882032,239863898,149.5933,0003425293,2026-10-09T17:35:49+0900
2023.10,photoresist,CN,10388107,69442328,149.5933,0003425293,2026-10-09T17:35:49+0900
2023.10,photoresist,KR,4427053,29593926,149.5933,0003425293,2026-10-09T17:35:49+0900
2023.10,photoresist,OTHER,6112328,40859637,149.5933,0003425293,2026-10-09T17:35:49+0900
2023.10,photoresist,TW,7661646,51216505,149.5933,0003425293,2026-10-09T17:35:49+0900
2023.10,photoresist,US,4928424,32945486,149.5933,0003425293,2026-10-09T17:35:49+0900
2023.10,photoresist,VN,842796,5633915,149.5933,0003425293,2026-10-09T17:35:49+0900
2023.10,photoresist,WORLD,34360354,229691798,149.5933,0003425293,2026-10-09T17:35:49+0900
2023.10,semi_equip,CN,137929814,922032030,149.5933,0003425293,2026-10-09T17:35:49+0900
2023.10,semi_equip,KR,27940536,186776654,149.5933,0003425293,2026-10-09T17:35:49+0900
2023.10,semi_equip,OTHER,31059359,207625335,149.5933,0003425293,2026-10-09T17:35:49+0900
2023.10,semi_equip,TW,38014886,254121582,149.5933,0003425293,2026-10-09T17:35:49+0900
2023.10,semi_equip,US,49988741,334164304,149.5933,0003425293,2026-10-09T17:35:49+0900
2023.10,semi_equip,VN,915283,6118476,149.5933,0003425293,2026-10-09T17:35:49+0900
2023.10,semi_equip,WORLD,285848619,1910838380,149.5933,0003425293,2026-10-09T17:35:49+0900
2023.10,semi_fab_equip,CN,84467891,564650228,149.5933,0003425293,2026-10-09T17:35:49+0900
2023.10,semi_fab_equip,KR,15207700,101660302,149.5933,0003425293,2026-10-09T17:35:49+0900
2023.10,semi_fab_equip,OTHER,15697776,104936357,149.5933,0003425293,2026-10-09T17:35:49+0900
2023.10,semi_fab_equip,TW,17459082,116710321,149.5933,0003425293,2026-10-09T17:35:49+0900
2023.10,semi_fab_equip,US,30312870,202635212,149.5933,0003425293,2026-10-09T17:35:49+0900
2023.10,semi_fab_equip,VN,767527,5130758,149.5933,0003425293,2026-10-09T17:35:49+0900
2023.10,semi_fab_equip,WORLD,163912846,1095723177,149.5933,0003425293,2026-10-09T17:35:49+0900
2023.10,semi_test,CN,7860185,52543697,149.5933,0003425293,2026-10-09T17:35:49+0900
2023.10,semi_test,KR,1051913,7031819,149.5933,0003425293,2026-10-09T17:35:49+0900
2023.10,semi_test,OTHER,477912,3194742,149.5933,0003425293,2026-10-09T17:35:49+0900
2023.10,semi_test,TW,585268,3912394,149.5933,0003425293,2026-10-09T17:35:49+0900
2023.10,semi_test,US,3001906,20067115,149.5933,0003425293,2026-10-09T17:35:49+0900
2023.10,semi_test,VN,6542,43732,149.5933,0003425293,2026-10-09T17:35:49+0900
2023.10,semi_test,WORLD,12983726,86793499,149.5933,0003425293,2026-10-09T17:35:49+0900
2023.10,transformer,CN,12592739,84179833,149.5933,0003425293,2026-10-09T17:35:49+0900
2023.10,transformer,KR,3185092,21291675,149.5933,0003425293,2026-10-09T17:35:49+0900
2023.10,transformer,OTHER,29232804,195415196,149.5933,0003425293,2026-10-09T17:35:49+0900
2023.10,transformer,TW,3233949,21618274,149.5933,0003425293,2026-10-09T17:35:49+0900
2023.10,transformer,US,17273409,115469135,149.5933,0003425293,2026-10-09T17:35:49+0900
2023.10,transformer,VN,672695,4496826,149.5933,0003425293,2026-10-09T17:35:49+0900
2023.10,transformer,WORLD,66190688,442470940,149.5933,0003425293,2026-10-09T17:35:49+0900
2023.10,transformer_large,KR,0,0,149.5933,0003425293,2026-10-09T17:35:49+0900
2023.10,transformer_large,OTHER,0,0,149.5933,0003425293,2026-10-09T17:35:49+0900
2023.10,transformer_large,TW,0,0,149.5933,0003425293,2026-10-09T17:35:49+0900
2023.10,transformer_large,US,0,0,149.5933,0003425293,2026-10-09T17:35:49+0900
2023.10,transformer_large,WORLD,0,0,149.5933,0003425293,2026-10-09T17:35:49+0900
2023.10,wafer,CN,8116298,54255759,149.5933,0003425293,2026-10-09T17:35:49+0900
2023.10,wafer,KR,9659324,64570566,149.5933,0003425293,2026-10-09T17:35:49+0900
2023.10,wafer,OTHER,11462239,76622676,149.5933,0003425293,2026-10-09T17:35:49+0900
2023.10,wafer,TW,18572764,124155052,149.5933,0003425293,2026-10-09T17:35:49+0900
2023.10,wafer,US,5869547,39236697,149.5933,0003425293,2026-10-09T17:35:49+0900
2023.10,wafer,VN,3864,25830,149.5933,0003425293,2026-10-09T17:35:49+0900
2023.10,wafer,WORLD,53684036,358866580,149.5933,0003425293,2026-10-09T17:35:49+0900
2023.11,discrete,CN,28900391,193082470,149.6790,0003425293,2026-10-09T17:35:49+0900
2023.11,discrete,KR,4726265,31576006,149.6790,0003425293,2026-10-09T17:35:49+0900
2023.11,discrete,OTHER,48231145,322230540,149.6790,0003425293,2026-10-09T17:35:49+0900
2023.11,discrete,TW,4785796,31973730,149.6790,0003425293,2026-10-09T17:35:49+0900
2023.11,discrete,US,8694943,58090601,149.6790,0003425293,2026-10-09T17:35:49+0900
2023.11,discrete,VN,1572851,10508161,149.6790,0003425293,2026-10-09T17:35:49+0900
2023.11,discrete,WORLD,96911391,647461508,149.6790,0003425293,2026-10-09T17:35:49+0900
2023.11,ic,CN,69818257,466453257,149.6790,0003425293,2026-10-09T17:35:49+0900
2023.11,ic,KR,51722453,345555843,149.6790,0003425293,2026-10-09T17:35:49+0900
2023.11,ic,OTHER,128743603,860131368,149.6790,0003425293,2026-10-09T17:35:49+0900
2023.11,ic,TW,96630274,645583375,149.6790,0003425293,2026-10-09T17:35:49+0900
2023.11,ic,US,10840181,72422858,149.6790,0003425293,2026-10-09T17:35:49+0900
2023.11,ic,VN,65227613,435783330,149.6790,0003425293,2026-10-09T17:35:49+0900
2023.11,ic,WORLD,422982381,2825930030,149.6790,0003425293,2026-10-09T17:35:49+0900
2023.11,liion,CN,1280179,8552830,149.6790,0003425293,2026-10-09T17:35:49+0900
2023.11,liion,KR,48359,323085,149.6790,0003425293,2026-10-09T17:35:49+0900
2023.11,liion,OTHER,18394807,122895042,149.6790,0003425293,2026-10-09T17:35:49+0900
2023.11,liion,TW,704694,4708035,149.6790,0003425293,2026-10-09T17:35:49+0900
2023.11,liion,US,10771846,71966315,149.6790,0003425293,2026-10-09T17:35:49+0900
2023.11,liion,VN,530539,3544512,149.6790,0003425293,2026-10-09T17:35:49+0900
2023.11,liion,WORLD,31730424,211989818,149.6790,0003425293,2026-10-09T17:35:49+0900
2023.11,mlcc,CN,18636998,124513111,149.6790,0003425293,2026-10-09T17:35:49+0900
2023.11,mlcc,KR,4022146,26871812,149.6790,0003425293,2026-10-09T17:35:49+0900
2023.11,mlcc,OTHER,19862044,132697600,149.6790,0003425293,2026-10-09T17:35:49+0900
2023.11,mlcc,TW,6686954,44675298,149.6790,0003425293,2026-10-09T17:35:49+0900
2023.11,mlcc,US,4482156,29945123,149.6790,0003425293,2026-10-09T17:35:49+0900
2023.11,mlcc,VN,1115271,7451085,149.6790,0003425293,2026-10-09T17:35:49+0900
2023.11,mlcc,WORLD,54805569,366154030,149.6790,0003425293,2026-10-09T17:35:49+0900
2023.11,pcb,CN,10185224,68047114,149.6790,0003425293,2026-10-09T17:35:49+0900
2023.11,pcb,KR,4440259,29665210,149.6790,0003425293,2026-10-09T17:35:49+0900
2023.11,pcb,OTHER,13646611,91172516,149.6790,0003425293,2026-10-09T17:35:49+0900
2023.11,pcb,TW,2357089,15747627,149.6790,0003425293,2026-10-09T17:35:49+0900
2023.11,pcb,US,1627540,10873536,149.6790,0003425293,2026-10-09T17:35:49+0900
2023.11,pcb,VN,1645743,10995150,149.6790,0003425293,2026-10-09T17:35:49+0900
2023.11,pcb,WORLD,33902466,226501152,149.6790,0003425293,2026-10-09T17:35:49+0900
2023.11,photoresist,CN,10800618,72158539,149.6790,0003425293,2026-10-09T17:35:49+0900
2023.11,photoresist,KR,4306964,28774671,149.6790,0003425293,2026-10-09T17:35:49+0900
2023.11,photoresist,OTHER,6507461,43476112,149.6790,0003425293,2026-10-09T17:35:49+0900
2023.11,photoresist,TW,9234855,61697733,149.6790,0003425293,2026-10-09T17:35:49+0900
2023.11,photoresist,US,4940302,33005979,149.6790,0003425293,2026-10-09T17:35:49+0900
2023.11,photoresist,VN,667565,4459978,149.6790,0003425293,2026-10-09T17:35:49+0900
2023.11,photoresist,WORLD,36457765,243573013,149.6790,0003425293,2026-10-09T17:35:49+0900
2023.11,semi_equip,CN,157527249,1052433868,149.6790,0003425293,2026-10-09T17:35:49+0900
2023.11,semi_equip,KR,29307588,195802938,149.6790,0003425293,2026-10-09T17:35:49+0900
2023.11,semi_equip,OTHER,25918874,173163062,149.6790,0003425293,2026-10-09T17:35:49+0900
2023.11,semi_equip,TW,33733963,225375390,149.6790,0003425293,2026-10-09T17:35:49+0900
2023.11,semi_equip,US,35727077,238691313,149.6790,0003425293,2026-10-09T17:35:49+0900
2023.11,semi_equip,VN,1131297,7558154,149.6790,0003425293,2026-10-09T17:35:49+0900
2023.11,semi_equip,WORLD,283346048,1893024726,149.6790,0003425293,2026-10-09T17:35:49+0900
2023.11,semi_fab_equip,CN,118619981,792495814,149.6790,0003425293,2026-10-09T17:35:49+0900
2023.11,semi_fab_equip,KR,18836945,125848950,149.6790,0003425293,2026-10-09T17:35:49+0900
2023.11,semi_fab_equip,OTHER,11549815,77163897,149.6790,0003425293,2026-10-09T17:35:49+0900
2023.11,semi_fab_equip,TW,15945501,106531317,149.6790,0003425293,2026-10-09T17:35:49+0900
2023.11,semi_fab_equip,US,15645519,104527148,149.6790,0003425293,2026-10-09T17:35:49+0900
2023.11,semi_fab_equip,VN,893163,5967190,149.6790,0003425293,2026-10-09T17:35:49+0900
2023.11,semi_fab_equip,WORLD,181490924,1212534317,149.6790,0003425293,2026-10-09T17:35:49+0900
2023.11,semi_test,CN,7219628,48234074,149.6790,0003425293,2026-10-09T17:35:49+0900
2023.11,semi_test,KR,11933512,79727363,149.6790,0003425293,2026-10-09T17:35:49+0900
2023.11,semi_test,OTHER,714533,4773769,149.6790,0003425293,2026-10-09T17:35:49+0900
2023.11,semi_test,TW,3397667,22699691,149.6790,0003425293,2026-10-09T17:35:49+0900
2023.11,semi_test,US,6879485,45961591,149.6790,0003425293,2026-10-09T17:35:49+0900
2023.11,semi_test,VN,0,0,149.6790,0003425293,2026-10-09T17:35:49+0900
2023.11,semi_test,WORLD,30144825,201396488,149.6790,0003425293,2026-10-09T17:35:49+0900
2023.11,transformer,CN,11795618,78806098,149.6790,0003425293,2026-10-09T17:35:49+0900
2023.11,transformer,KR,3825028,25554874,149.6790,0003425293,2026-10-09T17:35:49+0900
2023.11,transformer,OTHER,27801237,185739062,149.6790,0003425293,2026-10-09T17:35:49+0900
2023.11,transformer,TW,4041737,27002699,149.6790,0003425293,2026-10-09T17:35:49+0900
2023.11,transformer,US,12624063,84340910,149.6790,0003425293,2026-10-09T17:35:49+0900
2023.11,transformer,VN,631249,4217352,149.6790,0003425293,2026-10-09T17:35:49+0900
2023.11,transformer,WORLD,60718932,405660995,149.6790,0003425293,2026-10-09T17:35:49+0900
2023.11,transformer_large,KR,0,0,149.6790,0003425293,2026-10-09T17:35:49+0900
2023.11,transformer_large,OTHER,0,0,149.6790,0003425293,2026-10-09T17:35:49+0900
2023.11,transformer_large,TW,872670,5830277,149.6790,0003425293,2026-10-09T17:35:49+0900
2023.11,transformer_large,US,337414,2254251,149.6790,0003425293,2026-10-09T17:35:49+0900
2023.11,transformer_large,WORLD,1210084,8084528,149.6790,0003425293,2026-10-09T17:35:49+0900
2023.11,wafer,CN,7161245,47844020,149.6790,0003425293,2026-10-09T17:35:49+0900
2023.11,wafer,KR,9099983,60796658,149.6790,0003425293,2026-10-09T17:35:49+0900
2023.11,wafer,OTHER,11443013,76450357,149.6790,0003425293,2026-10-09T17:35:49+0900
2023.11,wafer,TW,19163757,128032369,149.6790,0003425293,2026-10-09T17:35:49+0900
2023.11,wafer,US,5357076,35790432,149.6790,0003425293,2026-10-09T17:35:49+0900
2023.11,wafer,VN,987,6594,149.6790,0003425293,2026-10-09T17:35:49+0900
2023.11,wafer,WORLD,52226061,348920430,149.6790,0003425293,2026-10-09T17:35:49+0900
2023.12,discrete,CN,29808082,207027167,143.9815,0003425293,2026-10-09T17:35:49+0900
2023.12,discrete,KR,4592667,31897619,143.9815,0003425293,2026-10-09T17:35:49+0900
2023.12,discrete,OTHER,50764442,352576143,143.9815,0003425293,2026-10-09T17:35:49+0900
2023.12,discrete,TW,4918161,34158284,143.9815,0003425293,2026-10-09T17:35:49+0900
2023.12,discrete,US,8861024,61542795,143.9815,0003425293,2026-10-09T17:35:49+0900
2023.12,discrete,VN,1510403,10490257,143.9815,0003425293,2026-10-09T17:35:49+0900
2023.12,discrete,WORLD,100454779,697692266,143.9815,0003425293,2026-10-09T17:35:49+0900
2023.12,ic,CN,72534551,503776881,143.9815,0003425293,2026-10-09T17:35:49+0900
2023.12,ic,KR,43285509,300632435,143.9815,0003425293,2026-10-09T17:35:49+0900
2023.12,ic,OTHER,126104750,875839952,143.9815,0003425293,2026-10-09T17:35:49+0900
2023.12,ic,TW,88336165,613524411,143.9815,0003425293,2026-10-09T17:35:49+0900
2023.12,ic,US,12891661,89536927,143.9815,0003425293,2026-10-09T17:35:49+0900
2023.12,ic,VN,46286327,321474127,143.9815,0003425293,2026-10-09T17:35:49+0900
2023.12,ic,WORLD,389438963,2704784733,143.9815,0003425293,2026-10-09T17:35:49+0900
2023.12,liion,CN,1224881,8507211,143.9815,0003425293,2026-10-09T17:35:49+0900
2023.12,liion,KR,11384,79066,143.9815,0003425293,2026-10-09T17:35:49+0900
2023.12,liion,OTHER,23781640,165171498,143.9815,0003425293,2026-10-09T17:35:49+0900
2023.12,liion,TW,350678,2435577,143.9815,0003425293,2026-10-09T17:35:49+0900
2023.12,liion,US,14865339,103244785,143.9815,0003425293,2026-10-09T17:35:49+0900
2023.12,liion,VN,230034,1597664,143.9815,0003425293,2026-10-09T17:35:49+0900
2023.12,liion,WORLD,40463956,281035800,143.9815,0003425293,2026-10-09T17:35:49+0900
2023.12,mlcc,CN,20643687,143377358,143.9815,0003425293,2026-10-09T17:35:49+0900
2023.12,mlcc,KR,4218891,29301619,143.9815,0003425293,2026-10-09T17:35:49+0900
2023.12,mlcc,OTHER,21088420,146466178,143.9815,0003425293,2026-10-09T17:35:49+0900
2023.12,mlcc,TW,7258259,50411053,143.9815,0003425293,2026-10-09T17:35:49+0900
2023.12,mlcc,US,5493584,38154791,143.9815,0003425293,2026-10-09T17:35:49+0900
2023.12,mlcc,VN,1058075,7348687,143.9815,0003425293,2026-10-09T17:35:49+0900
2023.12,mlcc,WORLD,59760916,415059685,143.9815,0003425293,2026-10-09T17:35:49+0900
2023.12,pcb,CN,11280581,78347434,143.9815,0003425293,2026-10-09T17:35:49+0900
2023.12,pcb,KR,3731986,25919899,143.9815,0003425293,2026-10-09T17:35:49+0900
2023.12,pcb,OTHER,12931419,89813059,143.9815,0003425293,2026-10-09T17:35:49+0900
2023.12,pcb,TW,2902808,20160979,143.9815,0003425293,2026-10-09T17:35:49+0900
2023.12,pcb,US,2044036,14196518,143.9815,0003425293,2026-10-09T17:35:49+0900
2023.12,pcb,VN,1608228,11169685,143.9815,0003425293,2026-10-09T17:35:49+0900
2023.12,pcb,WORLD,34499058,239607575,143.9815,0003425293,2026-10-09T17:35:49+0900
2023.12,photoresist,CN,11717750,81383719,143.9815,0003425293,2026-10-09T17:35:49+0900
2023.12,photoresist,KR,4980596,34591916,143.9815,0003425293,2026-10-09T17:35:49+0900
2023.12,photoresist,OTHER,8517056,59153822,143.9815,0003425293,2026-10-09T17:35:49+0900
2023.12,photoresist,TW,9650746,67027681,143.9815,0003425293,2026-10-09T17:35:49+0900
2023.12,photoresist,US,4979504,34584332,143.9815,0003425293,2026-10-09T17:35:49+0900
2023.12,photoresist,VN,616138,4279286,143.9815,0003425293,2026-10-09T17:35:49+0900
2023.12,photoresist,WORLD,40461790,281020756,143.9815,0003425293,2026-10-09T17:35:49+0900
2023.12,semi_equip,CN,222453258,1545012783,143.9815,0003425293,2026-10-09T17:35:49+0900
2023.12,semi_equip,KR,57694928,400710702,143.9815,0003425293,2026-10-09T17:35:49+0900
2023.12,semi_equip,OTHER,33606911,233411313,143.9815,0003425293,2026-10-09T17:35:49+0900
2023.12,semi_equip,TW,52384947,363831096,143.9815,0003425293,2026-10-09T17:35:49+0900
2023.12,semi_equip,US,40745571,282991711,143.9815,0003425293,2026-10-09T17:35:49+0900
2023.12,semi_equip,VN,167226,1161441,143.9815,0003425293,2026-10-09T17:35:49+0900
2023.12,semi_equip,WORLD,407052841,2827119047,143.9815,0003425293,2026-10-09T17:35:49+0900
2023.12,semi_fab_equip,CN,158834757,1103160871,143.9815,0003425293,2026-10-09T17:35:49+0900
2023.12,semi_fab_equip,KR,41494600,288193969,143.9815,0003425293,2026-10-09T17:35:49+0900
2023.12,semi_fab_equip,OTHER,17788445,123546740,143.9815,0003425293,2026-10-09T17:35:49+0900
2023.12,semi_fab_equip,TW,30671200,213021812,143.9815,0003425293,2026-10-09T17:35:49+0900
2023.12,semi_fab_equip,US,20027164,139095398,143.9815,0003425293,2026-10-09T17:35:49+0900
2023.12,semi_fab_equip,VN,8503,59056,143.9815,0003425293,2026-10-09T17:35:49+0900
2023.12,semi_fab_equip,WORLD,268824669,1867077847,143.9815,0003425293,2026-10-09T17:35:49+0900
2023.12,semi_test,CN,7476711,51928276,143.9815,0003425293,2026-10-09T17:35:49+0900
2023.12,semi_test,KR,8002859,55582551,143.9815,0003425293,2026-10-09T17:35:49+0900
2023.12,semi_test,OTHER,2258368,15685126,143.9815,0003425293,2026-10-09T17:35:49+0900
2023.12,semi_test,TW,3820579,26535208,143.9815,0003425293,2026-10-09T17:35:49+0900
2023.12,semi_test,US,9070391,62996920,143.9815,0003425293,2026-10-09T17:35:49+0900
2023.12,semi_test,VN,0,0,143.9815,0003425293,2026-10-09T17:35:49+0900
2023.12,semi_test,WORLD,30628908,212728080,143.9815,0003425293,2026-10-09T17:35:49+0900
2023.12,transformer,CN,11641327,80852936,143.9815,0003425293,2026-10-09T17:35:49+0900
2023.12,transformer,KR,4212865,29259766,143.9815,0003425293,2026-10-09T17:35:49+0900
2023.12,transformer,OTHER,31059544,215718992,143.9815,0003425293,2026-10-09T17:35:49+0900
2023.12,transformer,TW,3883131,26969652,143.9815,0003425293,2026-10-09T17:35:49+0900
2023.12,transformer,US,15099361,104870147,143.9815,0003425293,2026-10-09T17:35:49+0900
2023.12,transformer,VN,793073,5508159,143.9815,0003425293,2026-10-09T17:35:49+0900
2023.12,transformer,WORLD,66689301,463179652,143.9815,0003425293,2026-10-09T17:35:49+0900
2023.12,transformer_large,KR,0,0,143.9815,0003425293,2026-10-09T17:35:49+0900
2023.12,transformer_large,OTHER,96190,668072,143.9815,0003425293,2026-10-09T17:35:49+0900
2023.12,transformer_large,TW,0,0,143.9815,0003425293,2026-10-09T17:35:49+0900
2023.12,transformer_large,US,437573,3039092,143.9815,0003425293,2026-10-09T17:35:49+0900
2023.12,transformer_large,WORLD,533763,3707164,143.9815,0003425293,2026-10-09T17:35:49+0900
2023.12,wafer,CN,7801993,54187469,143.9815,0003425293,2026-10-09T17:35:49+0900
2023.12,wafer,KR,8976005,62341377,143.9815,0003425293,2026-10-09T17:35:49+0900
2023.12,wafer,OTHER,12970840,90086851,143.9815,0003425293,2026-10-09T17:35:49+0900
2023.12,wafer,TW,16090534,111754177,143.9815,0003425293,2026-10-09T17:35:49+0900
2023.12,wafer,US,6551025,45499075,143.9815,0003425293,2026-10-09T17:35:49+0900
2023.12,wafer,VN,1440,10001,143.9815,0003425293,2026-10-09T17:35:49+0900
2023.12,wafer,WORLD,52391837,363878950,143.9815,0003425293,2026-10-09T17:35:49+0900
2024.01,discrete,CN,24045017,164360587,146.2943,0003425293,2026-10-09T17:35:49+0900
2024.01,discrete,KR,2683381,18342348,146.2943,0003425293,2026-10-09T17:35:49+0900
2024.01,discrete,OTHER,42872725,293058069,146.2943,0003425293,2026-10-09T17:35:49+0900
2024.01,discrete,TW,4150376,28370046,146.2943,0003425293,2026-10-09T17:35:49+0900
2024.01,discrete,US,8395373,57386877,146.2943,0003425293,2026-10-09T17:35:49+0900
2024.01,discrete,VN,1267491,8663981,146.2943,0003425293,2026-10-09T17:35:49+0900
2024.01,discrete,WORLD,83414363,570181907,146.2943,0003425293,2026-10-09T17:35:49+0900
2024.01,ic,CN,68778027,470134701,146.2943,0003425293,2026-10-09T17:35:49+0900
2024.01,ic,KR,35009678,239309925,146.2943,0003425293,2026-10-09T17:35:49+0900
2024.01,ic,OTHER,107946821,737874415,146.2943,0003425293,2026-10-09T17:35:49+0900
2024.01,ic,TW,90782771,620548928,146.2943,0003425293,2026-10-09T17:35:49+0900
2024.01,ic,US,9729594,66506993,146.2943,0003425293,2026-10-09T17:35:49+0900
2024.01,ic,VN,37720830,257842103,146.2943,0003425293,2026-10-09T17:35:49+0900
2024.01,ic,WORLD,349967721,2392217065,146.2943,0003425293,2026-10-09T17:35:49+0900
2024.01,liion,CN,1062117,7260139,146.2943,0003425293,2026-10-09T17:35:49+0900
2024.01,liion,KR,152603,1043123,146.2943,0003425293,2026-10-09T17:35:49+0900
2024.01,liion,OTHER,16438186,112363817,146.2943,0003425293,2026-10-09T17:35:49+0900
2024.01,liion,TW,528720,3614085,146.2943,0003425293,2026-10-09T17:35:49+0900
2024.01,liion,US,9477066,64780829,146.2943,0003425293,2026-10-09T17:35:49+0900
2024.01,liion,VN,228640,1562877,146.2943,0003425293,2026-10-09T17:35:49+0900
2024.01,liion,WORLD,27887332,190624871,146.2943,0003425293,2026-10-09T17:35:49+0900
2024.01,mlcc,CN,17604787,120338161,146.2943,0003425293,2026-10-09T17:35:49+0900
2024.01,mlcc,KR,3965203,27104289,146.2943,0003425293,2026-10-09T17:35:49+0900
2024.01,mlcc,OTHER,16351243,111769515,146.2943,0003425293,2026-10-09T17:35:49+0900
2024.01,mlcc,TW,7600474,51953316,146.2943,0003425293,2026-10-09T17:35:49+0900
2024.01,mlcc,US,3908994,26720070,146.2943,0003425293,2026-10-09T17:35:49+0900
2024.01,mlcc,VN,1066567,7290557,146.2943,0003425293,2026-10-09T17:35:49+0900
2024.01,mlcc,WORLD,50497268,345175909,146.2943,0003425293,2026-10-09T17:35:49+0900
2024.01,pcb,CN,6571952,44922817,146.2943,0003425293,2026-10-09T17:35:49+0900
2024.01,pcb,KR,2640265,18047627,146.2943,0003425293,2026-10-09T17:35:49+0900
2024.01,pcb,OTHER,11544116,78910224,146.2943,0003425293,2026-10-09T17:35:49+0900
2024.01,pcb,TW,1957365,13379640,146.2943,0003425293,2026-10-09T17:35:49+0900
2024.01,pcb,US,1670478,11418613,146.2943,0003425293,2026-10-09T17:35:49+0900
2024.01,pcb,VN,1253743,8570006,146.2943,0003425293,2026-10-09T17:35:49+0900
2024.01,pcb,WORLD,25637919,175248926,146.2943,0003425293,2026-10-09T17:35:49+0900
2024.01,photoresist,CN,11711390,80053632,146.2943,0003425293,2026-10-09T17:35:49+0900
2024.01,photoresist,KR,4149586,28364646,146.2943,0003425293,2026-10-09T17:35:49+0900
2024.01,photoresist,OTHER,8787584,60067850,146.2943,0003425293,2026-10-09T17:35:49+0900
2024.01,photoresist,TW,7910870,54075039,146.2943,0003425293,2026-10-09T17:35:49+0900
2024.01,photoresist,US,4954700,33868032,146.2943,0003425293,2026-10-09T17:35:49+0900
2024.01,photoresist,VN,360558,2464607,146.2943,0003425293,2026-10-09T17:35:49+0900
2024.01,photoresist,WORLD,37874688,258893805,146.2943,0003425293,2026-10-09T17:35:49+0900
2024.01,semi_equip,CN,124040531,847883554,146.2943,0003425293,2026-10-09T17:35:49+0900
2024.01,semi_equip,KR,59839348,409034036,146.2943,0003425293,2026-10-09T17:35:49+0900
2024.01,semi_equip,OTHER,32319166,220918833,146.2943,0003425293,2026-10-09T17:35:49+0900
2024.01,semi_equip,TW,38583426,263738409,146.2943,0003425293,2026-10-09T17:35:49+0900
2024.01,semi_equip,US,36195318,247414411,146.2943,0003425293,2026-10-09T17:35:49+0900
2024.01,semi_equip,VN,265921,1817713,146.2943,0003425293,2026-10-09T17:35:49+0900
2024.01,semi_equip,WORLD,291243710,1990806956,146.2943,0003425293,2026-10-09T17:35:49+0900
2024.01,semi_fab_equip,CN,79519297,543557042,146.2943,0003425293,2026-10-09T17:35:49+0900
2024.01,semi_fab_equip,KR,44907075,306963942,146.2943,0003425293,2026-10-09T17:35:49+0900
2024.01,semi_fab_equip,OTHER,19777966,135193005,146.2943,0003425293,2026-10-09T17:35:49+0900
2024.01,semi_fab_equip,TW,15860180,108412836,146.2943,0003425293,2026-10-09T17:35:49+0900
2024.01,semi_fab_equip,US,19642099,134264281,146.2943,0003425293,2026-10-09T17:35:49+0900
2024.01,semi_fab_equip,VN,87138,595635,146.2943,0003425293,2026-10-09T17:35:49+0900
2024.01,semi_fab_equip,WORLD,179793755,1228986741,146.2943,0003425293,2026-10-09T17:35:49+0900
2024.01,semi_test,CN,5021448,34324290,146.2943,0003425293,2026-10-09T17:35:49+0900
2024.01,semi_test,KR,4064209,27781048,146.2943,0003425293,2026-10-09T17:35:49+0900
2024.01,semi_test,OTHER,6207889,42434251,146.2943,0003425293,2026-10-09T17:35:49+0900
2024.01,semi_test,TW,4731825,32344562,146.2943,0003425293,2026-10-09T17:35:49+0900
2024.01,semi_test,US,3898341,26647251,146.2943,0003425293,2026-10-09T17:35:49+0900
2024.01,semi_test,VN,0,0,146.2943,0003425293,2026-10-09T17:35:49+0900
2024.01,semi_test,WORLD,23923712,163531402,146.2943,0003425293,2026-10-09T17:35:49+0900
2024.01,transformer,CN,7627840,52140377,146.2943,0003425293,2026-10-09T17:35:49+0900
2024.01,transformer,KR,3217190,21991219,146.2943,0003425293,2026-10-09T17:35:49+0900
2024.01,transformer,OTHER,23487380,160548839,146.2943,0003425293,2026-10-09T17:35:49+0900
2024.01,transformer,TW,2899453,19819316,146.2943,0003425293,2026-10-09T17:35:49+0900
2024.01,transformer,US,11032758,75414818,146.2943,0003425293,2026-10-09T17:35:49+0900
2024.01,transformer,VN,527578,3606279,146.2943,0003425293,2026-10-09T17:35:49+0900
2024.01,transformer,WORLD,48792199,333520848,146.2943,0003425293,2026-10-09T17:35:49+0900
2024.01,transformer_large,OTHER,1684455,11514153,146.2943,0003425293,2026-10-09T17:35:49+0900
2024.01,transformer_large,TW,0,0,146.2943,0003425293,2026-10-09T17:35:49+0900
2024.01,transformer_large,US,0,0,146.2943,0003425293,2026-10-09T17:35:49+0900
2024.01,transformer_large,WORLD,1684455,11514153,146.2943,0003425293,2026-10-09T17:35:49+0900
2024.01,wafer,CN,6712941,45886552,146.2943,0003425293,2026-10-09T17:35:49+0900
2024.01,wafer,KR,8084334,55260759,146.2943,0003425293,2026-10-09T17:35:49+0900
2024.01,wafer,OTHER,12123021,82867350,146.2943,0003425293,2026-10-09T17:35:49+0900
2024.01,wafer,TW,17068760,116674129,146.2943,0003425293,2026-10-09T17:35:49+0900
2024.01,wafer,US,6693845,45756021,146.2943,0003425293,2026-10-09T17:35:49+0900
2024.01,wafer,VN,624,4265,146.2943,0003425293,2026-10-09T17:35:49+0900
2024.01,wafer,WORLD,50683525,346449076,146.2943,0003425293,2026-10-09T17:35:49+0900
2024.02,discrete,CN,22780967,152263924,149.6150,0003425293,2026-10-09T17:35:49+0900
2024.02,discrete,KR,3189393,21317334,149.6150,0003425293,2026-10-09T17:35:49+0900
2024.02,discrete,OTHER,43023464,287561167,149.6150,0003425293,2026-10-09T17:35:49+0900
2024.02,discrete,TW,3660707,24467513,149.6150,0003425293,2026-10-09T17:35:49+0900
2024.02,discrete,US,8822357,58967062,149.6150,0003425293,2026-10-09T17:35:49+0900
2024.02,discrete,VN,1185475,7923504,149.6150,0003425293,2026-10-09T17:35:49+0900
2024.02,discrete,WORLD,82662363,552500505,149.6150,0003425293,2026-10-09T17:35:49+0900
2024.02,ic,CN,73012865,488004979,149.6150,0003425293,2026-10-09T17:35:49+0900
2024.02,ic,KR,40634491,271593697,149.6150,0003425293,2026-10-09T17:35:49+0900
2024.02,ic,OTHER,104083506,695675607,149.6150,0003425293,2026-10-09T17:35:49+0900
2024.02,ic,TW,85982773,574693533,149.6150,0003425293,2026-10-09T17:35:49+0900
2024.02,ic,US,11027962,73708933,149.6150,0003425293,2026-10-09T17:35:49+0900
2024.02,ic,VN,36279171,242483514,149.6150,0003425293,2026-10-09T17:35:49+0900
2024.02,ic,WORLD,351020768,2346160265,149.6150,0003425293,2026-10-09T17:35:49+0900
2024.02,liion,CN,905083,6049413,149.6150,0003425293,2026-10-09T17:35:49+0900
2024.02,liion,KR,230048,1537600,149.6150,0003425293,2026-10-09T17:35:49+0900
2024.02,liion,OTHER,20303707,135706360,149.6150,0003425293,2026-10-09T17:35:49+0900
2024.02,liion,TW,835377,5583511,149.6150,0003425293,2026-10-09T17:35:49+0900
2024.02,liion,US,13802648,92254440,149.6150,0003425293,2026-10-09T17:35:49+0900
2024.02,liion,VN,187367,1252328,149.6150,0003425293,2026-10-09T17:35:49+0900
2024.02,liion,WORLD,36264230,242383651,149.6150,0003425293,2026-10-09T17:35:49+0900
2024.02,mlcc,CN,16203740,108302911,149.6150,0003425293,2026-10-09T17:35:49+0900
2024.02,mlcc,KR,3813847,25491074,149.6150,0003425293,2026-10-09T17:35:49+0900
2024.02,mlcc,OTHER,17960926,120047629,149.6150,0003425293,2026-10-09T17:35:49+0900
2024.02,mlcc,TW,5805250,38801257,149.6150,0003425293,2026-10-09T17:35:49+0900
2024.02,mlcc,US,4404596,29439535,149.6150,0003425293,2026-10-09T17:35:49+0900
2024.02,mlcc,VN,857091,5728644,149.6150,0003425293,2026-10-09T17:35:49+0900
2024.02,mlcc,WORLD,49045450,327811048,149.6150,0003425293,2026-10-09T17:35:49+0900
2024.02,pcb,CN,6285356,42010200,149.6150,0003425293,2026-10-09T17:35:49+0900
2024.02,pcb,KR,3471874,23205387,149.6150,0003425293,2026-10-09T17:35:49+0900
2024.02,pcb,OTHER,11713438,78290532,149.6150,0003425293,2026-10-09T17:35:49+0900
2024.02,pcb,TW,2200860,14710156,149.6150,0003425293,2026-10-09T17:35:49+0900
2024.02,pcb,US,1867500,12482037,149.6150,0003425293,2026-10-09T17:35:49+0900
2024.02,pcb,VN,1351309,9031909,149.6150,0003425293,2026-10-09T17:35:49+0900
2024.02,pcb,WORLD,26890337,179730221,149.6150,0003425293,2026-10-09T17:35:49+0900
2024.02,photoresist,CN,9264967,61925388,149.6150,0003425293,2026-10-09T17:35:49+0900
2024.02,photoresist,KR,4252440,28422551,149.6150,0003425293,2026-10-09T17:35:49+0900
2024.02,photoresist,OTHER,8360048,55877071,149.6150,0003425293,2026-10-09T17:35:49+0900
2024.02,photoresist,TW,7722103,51613160,149.6150,0003425293,2026-10-09T17:35:49+0900
2024.02,photoresist,US,3999650,26732948,149.6150,0003425293,2026-10-09T17:35:49+0900
2024.02,photoresist,VN,611260,4085553,149.6150,0003425293,2026-10-09T17:35:49+0900
2024.02,photoresist,WORLD,34210468,228656672,149.6150,0003425293,2026-10-09T17:35:49+0900
2024.02,semi_equip,CN,165585477,1106743822,149.6150,0003425293,2026-10-09T17:35:49+0900
2024.02,semi_equip,KR,48757398,325885760,149.6150,0003425293,2026-10-09T17:35:49+0900
2024.02,semi_equip,OTHER,27918625,186603115,149.6150,0003425293,2026-10-09T17:35:49+0900
2024.02,semi_equip,TW,31822302,212694596,149.6150,0003425293,2026-10-09T17:35:49+0900
2024.02,semi_equip,US,36065658,241056432,149.6150,0003425293,2026-10-09T17:35:49+0900
2024.02,semi_equip,VN,276641,1849019,149.6150,0003425293,2026-10-09T17:35:49+0900
2024.02,semi_equip,WORLD,310426101,2074832744,149.6150,0003425293,2026-10-09T17:35:49+0900
2024.02,semi_fab_equip,CN,111492679,745197199,149.6150,0003425293,2026-10-09T17:35:49+0900
2024.02,semi_fab_equip,KR,31780192,212413140,149.6150,0003425293,2026-10-09T17:35:49+0900
2024.02,semi_fab_equip,OTHER,12521029,83688327,149.6150,0003425293,2026-10-09T17:35:49+0900
2024.02,semi_fab_equip,TW,12063087,80627524,149.6150,0003425293,2026-10-09T17:35:49+0900
2024.02,semi_fab_equip,US,16529284,110478789,149.6150,0003425293,2026-10-09T17:35:49+0900
2024.02,semi_fab_equip,VN,94523,631775,149.6150,0003425293,2026-10-09T17:35:49+0900
2024.02,semi_fab_equip,WORLD,184480794,1233036754,149.6150,0003425293,2026-10-09T17:35:49+0900
2024.02,semi_test,CN,3334934,22290105,149.6150,0003425293,2026-10-09T17:35:49+0900
2024.02,semi_test,KR,8904347,59515069,149.6150,0003425293,2026-10-09T17:35:49+0900
2024.02,semi_test,OTHER,539317,3604699,149.6150,0003425293,2026-10-09T17:35:49+0900
2024.02,semi_test,TW,647672,4328924,149.6150,0003425293,2026-10-09T17:35:49+0900
2024.02,semi_test,US,3960849,26473609,149.6150,0003425293,2026-10-09T17:35:49+0900
2024.02,semi_test,VN,2160,14437,149.6150,0003425293,2026-10-09T17:35:49+0900
2024.02,semi_test,WORLD,17389279,116226842,149.6150,0003425293,2026-10-09T17:35:49+0900
2024.02,transformer,CN,8676724,57993677,149.6150,0003425293,2026-10-09T17:35:49+0900
2024.02,transformer,KR,3548126,23715042,149.6150,0003425293,2026-10-09T17:35:49+0900
2024.02,transformer,OTHER,27746816,185454774,149.6150,0003425293,2026-10-09T17:35:49+0900
2024.02,transformer,TW,2652554,17729198,149.6150,0003425293,2026-10-09T17:35:49+0900
2024.02,transformer,US,14109606,94306092,149.6150,0003425293,2026-10-09T17:35:49+0900
2024.02,transformer,VN,651415,4353942,149.6150,0003425293,2026-10-09T17:35:49+0900
2024.02,transformer,WORLD,57385241,383552725,149.6150,0003425293,2026-10-09T17:35:49+0900
2024.02,transformer_large,OTHER,1334725,8921064,149.6150,0003425293,2026-10-09T17:35:49+0900
2024.02,transformer_large,TW,0,0,149.6150,0003425293,2026-10-09T17:35:49+0900
2024.02,transformer_large,US,0,0,149.6150,0003425293,2026-10-09T17:35:49+0900
2024.02,transformer_large,WORLD,1334725,8921064,149.6150,0003425293,2026-10-09T17:35:49+0900
2024.02,wafer,CN,7824128,52295077,149.6150,0003425293,2026-10-09T17:35:49+0900
2024.02,wafer,KR,5174361,34584507,149.6150,0003425293,2026-10-09T17:35:49+0900
2024.02,wafer,OTHER,11784482,78765378,149.6150,0003425293,2026-10-09T17:35:49+0900
2024.02,wafer,TW,18515203,123752318,149.6150,0003425293,2026-10-09T17:35:49+0900
2024.02,wafer,US,6582378,43995442,149.6150,0003425293,2026-10-09T17:35:49+0900
2024.02,wafer,VN,0,0,149.6150,0003425293,2026-10-09T17:35:49+0900
2024.02,wafer,WORLD,49880552,333392721,149.6150,0003425293,2026-10-09T17:35:49+0900
2024.03,discrete,CN,30976186,206757946,149.8186,0003425293,2026-10-09T17:35:49+0900
2024.03,discrete,KR,4600182,30705013,149.8186,0003425293,2026-10-09T17:35:49+0900
2024.03,discrete,OTHER,51722950,345237173,149.8186,0003425293,2026-10-09T17:35:49+0900
2024.03,discrete,TW,4497838,30021893,149.8186,0003425293,2026-10-09T17:35:49+0900
2024.03,discrete,US,9687008,64658247,149.8186,0003425293,2026-10-09T17:35:49+0900
2024.03,discrete,VN,1305959,8716935,149.8186,0003425293,2026-10-09T17:35:49+0900
2024.03,discrete,WORLD,102790123,686097207,149.8186,0003425293,2026-10-09T17:35:49+0900
2024.03,ic,CN,86576102,577872854,149.8186,0003425293,2026-10-09T17:35:49+0900
2024.03,ic,KR,37445562,249939340,149.8186,0003425293,2026-10-09T17:35:49+0900
2024.03,ic,OTHER,122808244,819712933,149.8186,0003425293,2026-10-09T17:35:49+0900
2024.03,ic,TW,104341104,696449600,149.8186,0003425293,2026-10-09T17:35:49+0900
2024.03,ic,US,11373346,75914112,149.8186,0003425293,2026-10-09T17:35:49+0900
2024.03,ic,VN,46364881,309473463,149.8186,0003425293,2026-10-09T17:35:49+0900
2024.03,ic,WORLD,408909239,2729362302,149.8186,0003425293,2026-10-09T17:35:49+0900
2024.03,liion,CN,1239365,8272437,149.8186,0003425293,2026-10-09T17:35:49+0900
2024.03,liion,KR,251132,1676240,149.8186,0003425293,2026-10-09T17:35:49+0900
2024.03,liion,OTHER,20452632,136515973,149.8186,0003425293,2026-10-09T17:35:49+0900
2024.03,liion,TW,1828192,12202704,149.8186,0003425293,2026-10-09T17:35:49+0900
2024.03,liion,US,19093917,127446906,149.8186,0003425293,2026-10-09T17:35:49+0900
2024.03,liion,VN,280035,1869160,149.8186,0003425293,2026-10-09T17:35:49+0900
2024.03,liion,WORLD,43145273,287983421,149.8186,0003425293,2026-10-09T17:35:49+0900
2024.03,mlcc,CN,19426264,129665235,149.8186,0003425293,2026-10-09T17:35:49+0900
2024.03,mlcc,KR,4502749,30054673,149.8186,0003425293,2026-10-09T17:35:49+0900
2024.03,mlcc,OTHER,19873562,132650832,149.8186,0003425293,2026-10-09T17:35:49+0900
2024.03,mlcc,TW,7313463,48815454,149.8186,0003425293,2026-10-09T17:35:49+0900
2024.03,mlcc,US,5113559,34131670,149.8186,0003425293,2026-10-09T17:35:49+0900
2024.03,mlcc,VN,989788,6606576,149.8186,0003425293,2026-10-09T17:35:49+0900
2024.03,mlcc,WORLD,57219385,381924441,149.8186,0003425293,2026-10-09T17:35:49+0900
2024.03,pcb,CN,6876374,45897999,149.8186,0003425293,2026-10-09T17:35:49+0900
2024.03,pcb,KR,3583544,23919220,149.8186,0003425293,2026-10-09T17:35:49+0900
2024.03,pcb,OTHER,13871868,92591093,149.8186,0003425293,2026-10-09T17:35:49+0900
2024.03,pcb,TW,2570268,17155867,149.8186,0003425293,2026-10-09T17:35:49+0900
2024.03,pcb,US,1796967,11994285,149.8186,0003425293,2026-10-09T17:35:49+0900
2024.03,pcb,VN,1731235,11555541,149.8186,0003425293,2026-10-09T17:35:49+0900
2024.03,pcb,WORLD,30430256,203114006,149.8186,0003425293,2026-10-09T17:35:49+0900
2024.03,photoresist,CN,12866536,85880765,149.8186,0003425293,2026-10-09T17:35:49+0900
2024.03,photoresist,KR,4427215,29550503,149.8186,0003425293,2026-10-09T17:35:49+0900
2024.03,photoresist,OTHER,8048596,53722275,149.8186,0003425293,2026-10-09T17:35:49+0900
2024.03,photoresist,TW,9747562,65062429,149.8186,0003425293,2026-10-09T17:35:49+0900
2024.03,photoresist,US,4379790,29233954,149.8186,0003425293,2026-10-09T17:35:49+0900
2024.03,photoresist,VN,729032,4866098,149.8186,0003425293,2026-10-09T17:35:49+0900
2024.03,photoresist,WORLD,40198731,268316024,149.8186,0003425293,2026-10-09T17:35:49+0900
2024.03,semi_equip,CN,231594911,1545835504,149.8186,0003425293,2026-10-09T17:35:49+0900
2024.03,semi_equip,KR,60342078,402767600,149.8186,0003425293,2026-10-09T17:35:49+0900
2024.03,semi_equip,OTHER,34277338,228792273,149.8186,0003425293,2026-10-09T17:35:49+0900
2024.03,semi_equip,TW,61748059,412152156,149.8186,0003425293,2026-10-09T17:35:49+0900
2024.03,semi_equip,US,46391895,309653775,149.8186,0003425293,2026-10-09T17:35:49+0900
2024.03,semi_equip,VN,550125,3671941,149.8186,0003425293,2026-10-09T17:35:49+0900
2024.03,semi_equip,WORLD,434904406,2902873248,149.8186,0003425293,2026-10-09T17:35:49+0900
2024.03,semi_fab_equip,CN,171583845,1145277322,149.8186,0003425293,2026-10-09T17:35:49+0900
2024.03,semi_fab_equip,KR,37594778,250935318,149.8186,0003425293,2026-10-09T17:35:49+0900
2024.03,semi_fab_equip,OTHER,18164106,121240660,149.8186,0003425293,2026-10-09T17:35:49+0900
2024.03,semi_fab_equip,TW,32765743,218702771,149.8186,0003425293,2026-10-09T17:35:49+0900
2024.03,semi_fab_equip,US,21066069,140610505,149.8186,0003425293,2026-10-09T17:35:49+0900
2024.03,semi_fab_equip,VN,164628,1098849,149.8186,0003425293,2026-10-09T17:35:49+0900
2024.03,semi_fab_equip,WORLD,281339169,1877865425,149.8186,0003425293,2026-10-09T17:35:49+0900
2024.03,semi_test,CN,6289213,41978853,149.8186,0003425293,2026-10-09T17:35:49+0900
2024.03,semi_test,KR,8995364,60041704,149.8186,0003425293,2026-10-09T17:35:49+0900
2024.03,semi_test,OTHER,1549015,10339270,149.8186,0003425293,2026-10-09T17:35:49+0900
2024.03,semi_test,TW,866924,5786491,149.8186,0003425293,2026-10-09T17:35:49+0900
2024.03,semi_test,US,7796415,52039033,149.8186,0003425293,2026-10-09T17:35:49+0900
2024.03,semi_test,VN,0,0,149.8186,0003425293,2026-10-09T17:35:49+0900
2024.03,semi_test,WORLD,25496931,170185351,149.8186,0003425293,2026-10-09T17:35:49+0900
2024.03,transformer,CN,11141977,74369785,149.8186,0003425293,2026-10-09T17:35:49+0900
2024.03,transformer,KR,4028027,26886028,149.8186,0003425293,2026-10-09T17:35:49+0900
2024.03,transformer,OTHER,28682543,191448478,149.8186,0003425293,2026-10-09T17:35:49+0900
2024.03,transformer,TW,3376029,22534111,149.8186,0003425293,2026-10-09T17:35:49+0900
2024.03,transformer,US,14384456,96012484,149.8186,0003425293,2026-10-09T17:35:49+0900
2024.03,transformer,VN,672103,4486112,149.8186,0003425293,2026-10-09T17:35:49+0900
2024.03,transformer,WORLD,62285135,415736998,149.8186,0003425293,2026-10-09T17:35:49+0900
2024.03,transformer_large,OTHER,592500,3954783,149.8186,0003425293,2026-10-09T17:35:49+0900
2024.03,transformer_large,TW,0,0,149.8186,0003425293,2026-10-09T17:35:49+0900
2024.03,transformer_large,US,0,0,149.8186,0003425293,2026-10-09T17:35:49+0900
2024.03,transformer_large,WORLD,592500,3954783,149.8186,0003425293,2026-10-09T17:35:49+0900
2024.03,wafer,CN,9436751,62987847,149.8186,0003425293,2026-10-09T17:35:49+0900
2024.03,wafer,KR,5117140,34155572,149.8186,0003425293,2026-10-09T17:35:49+0900
2024.03,wafer,OTHER,12891122,86044870,149.8186,0003425293,2026-10-09T17:35:49+0900
2024.03,wafer,TW,16228784,108322892,149.8186,0003425293,2026-10-09T17:35:49+0900
2024.03,wafer,US,6914722,46153962,149.8186,0003425293,2026-10-09T17:35:49+0900
2024.03,wafer,VN,0,0,149.8186,0003425293,2026-10-09T17:35:49+0900
2024.03,wafer,WORLD,50588519,337665143,149.8186,0003425293,2026-10-09T17:35:49+0900
2024.04,discrete,CN,29589785,192278803,153.8900,0003425293,2026-10-09T17:35:49+0900
2024.04,discrete,KR,3389839,22027676,153.8900,0003425293,2026-10-09T17:35:49+0900
2024.04,discrete,OTHER,47656138,309676639,153.8900,0003425293,2026-10-09T17:35:49+0900
2024.04,discrete,TW,4030076,26188030,153.8900,0003425293,2026-10-09T17:35:49+0900
2024.04,discrete,US,10145289,65925590,153.8900,0003425293,2026-10-09T17:35:49+0900
2024.04,discrete,VN,1219193,7922497,153.8900,0003425293,2026-10-09T17:35:49+0900
2024.04,discrete,WORLD,96030320,624019235,153.8900,0003425293,2026-10-09T17:35:49+0900
2024.04,ic,CN,80270654,521610592,153.8900,0003425293,2026-10-09T17:35:49+0900
2024.04,ic,KR,32135121,208818773,153.8900,0003425293,2026-10-09T17:35:49+0900
2024.04,ic,OTHER,121581233,790052849,153.8900,0003425293,2026-10-09T17:35:49+0900
2024.04,ic,TW,103261494,671008474,153.8900,0003425293,2026-10-09T17:35:49+0900
2024.04,ic,US,11053989,71830457,153.8900,0003425293,2026-10-09T17:35:49+0900
2024.04,ic,VN,35052253,227774729,153.8900,0003425293,2026-10-09T17:35:49+0900
2024.04,ic,WORLD,383354744,2491095874,153.8900,0003425293,2026-10-09T17:35:49+0900
2024.04,liion,CN,1013247,6584229,153.8900,0003425293,2026-10-09T17:35:49+0900
2024.04,liion,KR,135336,879433,153.8900,0003425293,2026-10-09T17:35:49+0900
2024.04,liion,OTHER,21448816,139377581,153.8900,0003425293,2026-10-09T17:35:49+0900
2024.04,liion,TW,907594,5897680,153.8900,0003425293,2026-10-09T17:35:49+0900
2024.04,liion,US,13916899,90434070,153.8900,0003425293,2026-10-09T17:35:49+0900
2024.04,liion,VN,191775,1246182,153.8900,0003425293,2026-10-09T17:35:49+0900
2024.04,liion,WORLD,37613667,244419176,153.8900,0003425293,2026-10-09T17:35:49+0900
2024.04,mlcc,CN,21131988,137318786,153.8900,0003425293,2026-10-09T17:35:49+0900
2024.04,mlcc,KR,5272258,34259913,153.8900,0003425293,2026-10-09T17:35:49+0900
2024.04,mlcc,OTHER,20640748,134126636,153.8900,0003425293,2026-10-09T17:35:49+0900
2024.04,mlcc,TW,6577246,42739918,153.8900,0003425293,2026-10-09T17:35:49+0900
2024.04,mlcc,US,5182743,33678231,153.8900,0003425293,2026-10-09T17:35:49+0900
2024.04,mlcc,VN,1304684,8478030,153.8900,0003425293,2026-10-09T17:35:49+0900
2024.04,mlcc,WORLD,60109667,390601514,153.8900,0003425293,2026-10-09T17:35:49+0900
2024.04,pcb,CN,8724869,56695490,153.8900,0003425293,2026-10-09T17:35:49+0900
2024.04,pcb,KR,3151359,20477997,153.8900,0003425293,2026-10-09T17:35:49+0900
2024.04,pcb,OTHER,12605062,81909559,153.8900,0003425293,2026-10-09T17:35:49+0900
2024.04,pcb,TW,2024494,13155462,153.8900,0003425293,2026-10-09T17:35:49+0900
2024.04,pcb,US,2129632,13838664,153.8900,0003425293,2026-10-09T17:35:49+0900
2024.04,pcb,VN,1460274,9489077,153.8900,0003425293,2026-10-09T17:35:49+0900
2024.04,pcb,WORLD,30095690,195566249,153.8900,0003425293,2026-10-09T17:35:49+0900
2024.04,photoresist,CN,12237194,79519098,153.8900,0003425293,2026-10-09T17:35:49+0900
2024.04,photoresist,KR,4664871,30313022,153.8900,0003425293,2026-10-09T17:35:49+0900
2024.04,photoresist,OTHER,7599340,49381636,153.8900,0003425293,2026-10-09T17:35:49+0900
2024.04,photoresist,TW,8977186,58335084,153.8900,0003425293,2026-10-09T17:35:49+0900
2024.04,photoresist,US,6249351,40609208,153.8900,0003425293,2026-10-09T17:35:49+0900
2024.04,photoresist,VN,632274,4108610,153.8900,0003425293,2026-10-09T17:35:49+0900
2024.04,photoresist,WORLD,40360216,262266658,153.8900,0003425293,2026-10-09T17:35:49+0900
2024.04,semi_equip,CN,188865570,1227276431,153.8900,0003425293,2026-10-09T17:35:49+0900
2024.04,semi_equip,KR,45082272,292951277,153.8900,0003425293,2026-10-09T17:35:49+0900
2024.04,semi_equip,OTHER,30842019,200416005,153.8900,0003425293,2026-10-09T17:35:49+0900
2024.04,semi_equip,TW,70297297,456802242,153.8900,0003425293,2026-10-09T17:35:49+0900
2024.04,semi_equip,US,42837594,278365027,153.8900,0003425293,2026-10-09T17:35:49+0900
2024.04,semi_equip,VN,1113737,7237228,153.8900,0003425293,2026-10-09T17:35:49+0900
2024.04,semi_equip,WORLD,379038489,2463048210,153.8900,0003425293,2026-10-09T17:35:49+0900
2024.04,semi_fab_equip,CN,138153199,897739938,153.8900,0003425293,2026-10-09T17:35:49+0900
2024.04,semi_fab_equip,KR,28013796,182037793,153.8900,0003425293,2026-10-09T17:35:49+0900
2024.04,semi_fab_equip,OTHER,14838785,96424621,153.8900,0003425293,2026-10-09T17:35:49+0900
2024.04,semi_fab_equip,TW,48102590,312577750,153.8900,0003425293,2026-10-09T17:35:49+0900
2024.04,semi_fab_equip,US,21770096,141465306,153.8900,0003425293,2026-10-09T17:35:49+0900
2024.04,semi_fab_equip,VN,1145,7440,153.8900,0003425293,2026-10-09T17:35:49+0900
2024.04,semi_fab_equip,WORLD,250879611,1630252849,153.8900,0003425293,2026-10-09T17:35:49+0900
2024.04,semi_test,CN,6962380,45242576,153.8900,0003425293,2026-10-09T17:35:49+0900
2024.04,semi_test,KR,5085175,33044220,153.8900,0003425293,2026-10-09T17:35:49+0900
2024.04,semi_test,OTHER,9436843,61322003,153.8900,0003425293,2026-10-09T17:35:49+0900
2024.04,semi_test,TW,1599370,10392943,153.8900,0003425293,2026-10-09T17:35:49+0900
2024.04,semi_test,US,233589,1517896,153.8900,0003425293,2026-10-09T17:35:49+0900
2024.04,semi_test,VN,0,0,153.8900,0003425293,2026-10-09T17:35:49+0900
2024.04,semi_test,WORLD,23317357,151519637,153.8900,0003425293,2026-10-09T17:35:49+0900
2024.04,transformer,CN,10060168,65372461,153.8900,0003425293,2026-10-09T17:35:49+0900
2024.04,transformer,KR,3673378,23870154,153.8900,0003425293,2026-10-09T17:35:49+0900
2024.04,transformer,OTHER,25098386,163093027,153.8900,0003425293,2026-10-09T17:35:49+0900
2024.04,transformer,TW,2573033,16719949,153.8900,0003425293,2026-10-09T17:35:49+0900
2024.04,transformer,US,13770931,89485548,153.8900,0003425293,2026-10-09T17:35:49+0900
2024.04,transformer,VN,669489,4350439,153.8900,0003425293,2026-10-09T17:35:49+0900
2024.04,transformer,WORLD,55845385,362891578,153.8900,0003425293,2026-10-09T17:35:49+0900
2024.04,transformer_large,OTHER,0,0,153.8900,0003425293,2026-10-09T17:35:49+0900
2024.04,transformer_large,TW,0,0,153.8900,0003425293,2026-10-09T17:35:49+0900
2024.04,transformer_large,US,0,0,153.8900,0003425293,2026-10-09T17:35:49+0900
2024.04,transformer_large,WORLD,0,0,153.8900,0003425293,2026-10-09T17:35:49+0900
2024.04,wafer,CN,8714947,56631016,153.8900,0003425293,2026-10-09T17:35:49+0900
2024.04,wafer,KR,7708247,50089330,153.8900,0003425293,2026-10-09T17:35:49+0900
2024.04,wafer,OTHER,10802617,70197004,153.8900,0003425293,2026-10-09T17:35:49+0900
2024.04,wafer,TW,20191152,131205095,153.8900,0003425293,2026-10-09T17:35:49+0900
2024.04,wafer,US,7531153,48938547,153.8900,0003425293,2026-10-09T17:35:49+0900
2024.04,wafer,VN,1699,11040,153.8900,0003425293,2026-10-09T17:35:49+0900
2024.04,wafer,WORLD,54949815,357072032,153.8900,0003425293,2026-10-09T17:35:49+0900
2024.05,discrete,CN,25237195,161912752,155.8691,0003425293,2026-10-09T17:35:49+0900
2024.05,discrete,KR,2807020,18008829,155.8691,0003425293,2026-10-09T17:35:49+0900
2024.05,discrete,OTHER,47377175,303954889,155.8691,0003425293,2026-10-09T17:35:49+0900
2024.05,discrete,TW,3638056,23340457,155.8691,0003425293,2026-10-09T17:35:49+0900
2024.05,discrete,US,9766976,62661400,155.8691,0003425293,2026-10-09T17:35:49+0900
2024.05,discrete,VN,1249495,8016310,155.8691,0003425293,2026-10-09T17:35:49+0900
2024.05,discrete,WORLD,90075917,577894637,155.8691,0003425293,2026-10-09T17:35:49+0900
2024.05,ic,CN,86824513,557034800,155.8691,0003425293,2026-10-09T17:35:49+0900
2024.05,ic,KR,28620052,183615944,155.8691,0003425293,2026-10-09T17:35:49+0900
2024.05,ic,OTHER,126768441,813300654,155.8691,0003425293,2026-10-09T17:35:49+0900
2024.05,ic,TW,110881161,711373588,155.8691,0003425293,2026-10-09T17:35:49+0900
2024.05,ic,US,11623020,74569110,155.8691,0003425293,2026-10-09T17:35:49+0900
2024.05,ic,VN,22835797,146506248,155.8691,0003425293,2026-10-09T17:35:49+0900
2024.05,ic,WORLD,387552984,2486400345,155.8691,0003425293,2026-10-09T17:35:49+0900
2024.05,liion,CN,1066476,6842126,155.8691,0003425293,2026-10-09T17:35:49+0900
2024.05,liion,KR,341854,2193212,155.8691,0003425293,2026-10-09T17:35:49+0900
2024.05,liion,OTHER,21669419,139023187,155.8691,0003425293,2026-10-09T17:35:49+0900
2024.05,liion,TW,698147,4479060,155.8691,0003425293,2026-10-09T17:35:49+0900
2024.05,liion,US,17444903,111920214,155.8691,0003425293,2026-10-09T17:35:49+0900
2024.05,liion,VN,344054,2207327,155.8691,0003425293,2026-10-09T17:35:49+0900
2024.05,liion,WORLD,41564853,266665125,155.8691,0003425293,2026-10-09T17:35:49+0900
2024.05,mlcc,CN,18429256,118235468,155.8691,0003425293,2026-10-09T17:35:49+0900
2024.05,mlcc,KR,4852356,31130968,155.8691,0003425293,2026-10-09T17:35:49+0900
2024.05,mlcc,OTHER,18386975,117964208,155.8691,0003425293,2026-10-09T17:35:49+0900
2024.05,mlcc,TW,6396157,41035439,155.8691,0003425293,2026-10-09T17:35:49+0900
2024.05,mlcc,US,4791120,30738100,155.8691,0003425293,2026-10-09T17:35:49+0900
2024.05,mlcc,VN,1293878,8301055,155.8691,0003425293,2026-10-09T17:35:49+0900
2024.05,mlcc,WORLD,54149742,347405239,155.8691,0003425293,2026-10-09T17:35:49+0900
2024.05,pcb,CN,7306670,46876963,155.8691,0003425293,2026-10-09T17:35:49+0900
2024.05,pcb,KR,3452550,22150317,155.8691,0003425293,2026-10-09T17:35:49+0900
2024.05,pcb,OTHER,10978630,70434935,155.8691,0003425293,2026-10-09T17:35:49+0900
2024.05,pcb,TW,2354804,15107574,155.8691,0003425293,2026-10-09T17:35:49+0900
2024.05,pcb,US,1908547,12244550,155.8691,0003425293,2026-10-09T17:35:49+0900
2024.05,pcb,VN,1437362,9221597,155.8691,0003425293,2026-10-09T17:35:49+0900
2024.05,pcb,WORLD,27438563,176035937,155.8691,0003425293,2026-10-09T17:35:49+0900
2024.05,photoresist,CN,12806766,82163598,155.8691,0003425293,2026-10-09T17:35:49+0900
2024.05,photoresist,KR,4028587,25845963,155.8691,0003425293,2026-10-09T17:35:49+0900
2024.05,photoresist,OTHER,9082006,58266879,155.8691,0003425293,2026-10-09T17:35:49+0900
2024.05,photoresist,TW,9072803,58207836,155.8691,0003425293,2026-10-09T17:35:49+0900
2024.05,photoresist,US,4189125,26875917,155.8691,0003425293,2026-10-09T17:35:49+0900
2024.05,photoresist,VN,658934,4227483,155.8691,0003425293,2026-10-09T17:35:49+0900
2024.05,photoresist,WORLD,39838221,255587676,155.8691,0003425293,2026-10-09T17:35:49+0900
2024.05,semi_equip,CN,188374161,1208540763,155.8691,0003425293,2026-10-09T17:35:49+0900
2024.05,semi_equip,KR,39003735,250233914,155.8691,0003425293,2026-10-09T17:35:49+0900
2024.05,semi_equip,OTHER,35343513,226751248,155.8691,0003425293,2026-10-09T17:35:49+0900
2024.05,semi_equip,TW,40467497,259624884,155.8691,0003425293,2026-10-09T17:35:49+0900
2024.05,semi_equip,US,39417675,252889604,155.8691,0003425293,2026-10-09T17:35:49+0900
2024.05,semi_equip,VN,119836,768825,155.8691,0003425293,2026-10-09T17:35:49+0900
2024.05,semi_equip,WORLD,342726417,2198809238,155.8691,0003425293,2026-10-09T17:35:49+0900
2024.05,semi_fab_equip,CN,138721133,889984821,155.8691,0003425293,2026-10-09T17:35:49+0900
2024.05,semi_fab_equip,KR,17630721,113112355,155.8691,0003425293,2026-10-09T17:35:49+0900
2024.05,semi_fab_equip,OTHER,19351280,124150842,155.8691,0003425293,2026-10-09T17:35:49+0900
2024.05,semi_fab_equip,TW,20509938,131584374,155.8691,0003425293,2026-10-09T17:35:49+0900
2024.05,semi_fab_equip,US,17991656,115427984,155.8691,0003425293,2026-10-09T17:35:49+0900
2024.05,semi_fab_equip,VN,20297,130218,155.8691,0003425293,2026-10-09T17:35:49+0900
2024.05,semi_fab_equip,WORLD,214225025,1374390594,155.8691,0003425293,2026-10-09T17:35:49+0900
2024.05,semi_test,CN,5876705,37702822,155.8691,0003425293,2026-10-09T17:35:49+0900
2024.05,semi_test,KR,4295199,27556450,155.8691,0003425293,2026-10-09T17:35:49+0900
2024.05,semi_test,OTHER,1816679,11655158,155.8691,0003425293,2026-10-09T17:35:49+0900
2024.05,semi_test,TW,5269005,33804038,155.8691,0003425293,2026-10-09T17:35:49+0900
2024.05,semi_test,US,1187523,7618720,155.8691,0003425293,2026-10-09T17:35:49+0900
2024.05,semi_test,VN,22878,146777,155.8691,0003425293,2026-10-09T17:35:49+0900
2024.05,semi_test,WORLD,18467989,118483965,155.8691,0003425293,2026-10-09T17:35:49+0900
2024.05,transformer,CN,8374377,53726986,155.8691,0003425293,2026-10-09T17:35:49+0900
2024.05,transformer,KR,3249960,20850573,155.8691,0003425293,2026-10-09T17:35:49+0900
2024.05,transformer,OTHER,22221729,142566609,155.8691,0003425293,2026-10-09T17:35:49+0900
2024.05,transformer,TW,2425191,15559152,155.8691,0003425293,2026-10-09T17:35:49+0900
2024.05,transformer,US,12538790,80444360,155.8691,0003425293,2026-10-09T17:35:49+0900
2024.05,transformer,VN,599389,3845464,155.8691,0003425293,2026-10-09T17:35:49+0900
2024.05,transformer,WORLD,49409436,316993144,155.8691,0003425293,2026-10-09T17:35:49+0900
2024.05,transformer_large,OTHER,0,0,155.8691,0003425293,2026-10-09T17:35:49+0900
2024.05,transformer_large,TW,0,0,155.8691,0003425293,2026-10-09T17:35:49+0900
2024.05,transformer_large,US,0,0,155.8691,0003425293,2026-10-09T17:35:49+0900
2024.05,transformer_large,WORLD,0,0,155.8691,0003425293,2026-10-09T17:35:49+0900
2024.05,wafer,CN,10946303,70227537,155.8691,0003425293,2026-10-09T17:35:49+0900
2024.05,wafer,KR,8225202,52769933,155.8691,0003425293,2026-10-09T17:35:49+0900
2024.05,wafer,OTHER,10871016,69744523,155.8691,0003425293,2026-10-09T17:35:49+0900
2024.05,wafer,TW,21544615,138222489,155.8691,0003425293,2026-10-09T17:35:49+0900
2024.05,wafer,US,6907299,44314742,155.8691,0003425293,2026-10-09T17:35:49+0900
2024.05,wafer,VN,0,0,155.8691,0003425293,2026-10-09T17:35:49+0900
2024.05,wafer,WORLD,58494435,375279225,155.8691,0003425293,2026-10-09T17:35:49+0900
2024.06,discrete,CN,27264005,172710028,157.8600,0003425293,2026-10-09T17:35:49+0900
2024.06,discrete,KR,3686714,23354327,157.8600,0003425293,2026-10-09T17:35:49+0900
2024.06,discrete,OTHER,50065842,317153440,157.8600,0003425293,2026-10-09T17:35:49+0900
2024.06,discrete,TW,4535845,28733340,157.8600,0003425293,2026-10-09T17:35:49+0900
2024.06,discrete,US,10063810,63751489,157.8600,0003425293,2026-10-09T17:35:49+0900
2024.06,discrete,VN,1314244,8325377,157.8600,0003425293,2026-10-09T17:35:49+0900
2024.06,discrete,WORLD,96930460,614027999,157.8600,0003425293,2026-10-09T17:35:49+0900
2024.06,ic,CN,85778063,543380609,157.8600,0003425293,2026-10-09T17:35:49+0900
2024.06,ic,KR,33175982,210160788,157.8600,0003425293,2026-10-09T17:35:49+0900
2024.06,ic,OTHER,125715839,796375516,157.8600,0003425293,2026-10-09T17:35:49+0900
2024.06,ic,TW,108521821,687456107,157.8600,0003425293,2026-10-09T17:35:49+0900
2024.06,ic,US,11828478,74930179,157.8600,0003425293,2026-10-09T17:35:49+0900
2024.06,ic,VN,26622764,168647941,157.8600,0003425293,2026-10-09T17:35:49+0900
2024.06,ic,WORLD,391642947,2480951140,157.8600,0003425293,2026-10-09T17:35:49+0900
2024.06,liion,CN,1038951,6581471,157.8600,0003425293,2026-10-09T17:35:49+0900
2024.06,liion,KR,446327,2827360,157.8600,0003425293,2026-10-09T17:35:49+0900
2024.06,liion,OTHER,22455185,142247466,157.8600,0003425293,2026-10-09T17:35:49+0900
2024.06,liion,TW,891972,5650399,157.8600,0003425293,2026-10-09T17:35:49+0900
2024.06,liion,US,19565051,123939256,157.8600,0003425293,2026-10-09T17:35:49+0900
2024.06,liion,VN,320783,2032073,157.8600,0003425293,2026-10-09T17:35:49+0900
2024.06,liion,WORLD,44718269,283278025,157.8600,0003425293,2026-10-09T17:35:49+0900
2024.06,mlcc,CN,19260228,122008286,157.8600,0003425293,2026-10-09T17:35:49+0900
2024.06,mlcc,KR,4740410,30029203,157.8600,0003425293,2026-10-09T17:35:49+0900
2024.06,mlcc,OTHER,19014443,120451305,157.8600,0003425293,2026-10-09T17:35:49+0900
2024.06,mlcc,TW,7040627,44600450,157.8600,0003425293,2026-10-09T17:35:49+0900
2024.06,mlcc,US,5262543,33336773,157.8600,0003425293,2026-10-09T17:35:49+0900
2024.06,mlcc,VN,1331537,8434923,157.8600,0003425293,2026-10-09T17:35:49+0900
2024.06,mlcc,WORLD,56649788,358860940,157.8600,0003425293,2026-10-09T17:35:49+0900
2024.06,pcb,CN,8443084,53484632,157.8600,0003425293,2026-10-09T17:35:49+0900
2024.06,pcb,KR,4212297,26683751,157.8600,0003425293,2026-10-09T17:35:49+0900
2024.06,pcb,OTHER,13473609,85351634,157.8600,0003425293,2026-10-09T17:35:49+0900
2024.06,pcb,TW,2297494,14553997,157.8600,0003425293,2026-10-09T17:35:49+0900
2024.06,pcb,US,1912215,12113360,157.8600,0003425293,2026-10-09T17:35:49+0900
2024.06,pcb,VN,1431488,9068086,157.8600,0003425293,2026-10-09T17:35:49+0900
2024.06,pcb,WORLD,31770187,201255461,157.8600,0003425293,2026-10-09T17:35:49+0900
2024.06,photoresist,CN,12388384,78477030,157.8600,0003425293,2026-10-09T17:35:49+0900
2024.06,photoresist,KR,4816576,30511694,157.8600,0003425293,2026-10-09T17:35:49+0900
2024.06,photoresist,OTHER,6828248,43255087,157.8600,0003425293,2026-10-09T17:35:49+0900
2024.06,photoresist,TW,10480840,66393260,157.8600,0003425293,2026-10-09T17:35:49+0900
2024.06,photoresist,US,5383513,34103085,157.8600,0003425293,2026-10-09T17:35:49+0900
2024.06,photoresist,VN,1062017,6727588,157.8600,0003425293,2026-10-09T17:35:49+0900
2024.06,photoresist,WORLD,40959578,259467744,157.8600,0003425293,2026-10-09T17:35:49+0900
2024.06,semi_equip,CN,192583584,1219964424,157.8600,0003425293,2026-10-09T17:35:49+0900
2024.06,semi_equip,KR,54348591,344283485,157.8600,0003425293,2026-10-09T17:35:49+0900
2024.06,semi_equip,OTHER,27198110,172292601,157.8600,0003425293,2026-10-09T17:35:49+0900
2024.06,semi_equip,TW,74744791,473487844,157.8600,0003425293,2026-10-09T17:35:49+0900
2024.06,semi_equip,US,47981437,303949303,157.8600,0003425293,2026-10-09T17:35:49+0900
2024.06,semi_equip,VN,309650,1961548,157.8600,0003425293,2026-10-09T17:35:49+0900
2024.06,semi_equip,WORLD,397166163,2515939206,157.8600,0003425293,2026-10-09T17:35:49+0900
2024.06,semi_fab_equip,CN,136179475,862659793,157.8600,0003425293,2026-10-09T17:35:49+0900
2024.06,semi_fab_equip,KR,34612276,219259318,157.8600,0003425293,2026-10-09T17:35:49+0900
2024.06,semi_fab_equip,OTHER,9697268,61429545,157.8600,0003425293,2026-10-09T17:35:49+0900
2024.06,semi_fab_equip,TW,49011652,310475434,157.8600,0003425293,2026-10-09T17:35:49+0900
2024.06,semi_fab_equip,US,25467404,161329051,157.8600,0003425293,2026-10-09T17:35:49+0900
2024.06,semi_fab_equip,VN,178640,1131636,157.8600,0003425293,2026-10-09T17:35:49+0900
2024.06,semi_fab_equip,WORLD,255146715,1616284778,157.8600,0003425293,2026-10-09T17:35:49+0900
2024.06,semi_test,CN,6390487,40481990,157.8600,0003425293,2026-10-09T17:35:49+0900
2024.06,semi_test,KR,5398755,34199639,157.8600,0003425293,2026-10-09T17:35:49+0900
2024.06,semi_test,OTHER,650308,4119524,157.8600,0003425293,2026-10-09T17:35:49+0900
2024.06,semi_test,TW,11305028,71614266,157.8600,0003425293,2026-10-09T17:35:49+0900
2024.06,semi_test,US,8548837,54154548,157.8600,0003425293,2026-10-09T17:35:49+0900
2024.06,semi_test,VN,0,0,157.8600,0003425293,2026-10-09T17:35:49+0900
2024.06,semi_test,WORLD,32293415,204569967,157.8600,0003425293,2026-10-09T17:35:49+0900
2024.06,transformer,CN,9122753,57790149,157.8600,0003425293,2026-10-09T17:35:49+0900
2024.06,transformer,KR,2475025,15678608,157.8600,0003425293,2026-10-09T17:35:49+0900
2024.06,transformer,OTHER,27588397,174764963,157.8600,0003425293,2026-10-09T17:35:49+0900
2024.06,transformer,TW,3212965,20353256,157.8600,0003425293,2026-10-09T17:35:49+0900
2024.06,transformer,US,14376354,91070277,157.8600,0003425293,2026-10-09T17:35:49+0900
2024.06,transformer,VN,673883,4268865,157.8600,0003425293,2026-10-09T17:35:49+0900
2024.06,transformer,WORLD,57449377,363926118,157.8600,0003425293,2026-10-09T17:35:49+0900
2024.06,transformer_large,OTHER,1421500,9004814,157.8600,0003425293,2026-10-09T17:35:49+0900
2024.06,transformer_large,TW,498050,3155011,157.8600,0003425293,2026-10-09T17:35:49+0900
2024.06,transformer_large,US,0,0,157.8600,0003425293,2026-10-09T17:35:49+0900
2024.06,transformer_large,WORLD,1919550,12159825,157.8600,0003425293,2026-10-09T17:35:49+0900
2024.06,wafer,CN,9895334,62684239,157.8600,0003425293,2026-10-09T17:35:49+0900
2024.06,wafer,KR,7383163,46770322,157.8600,0003425293,2026-10-09T17:35:49+0900
2024.06,wafer,OTHER,12404142,78576853,157.8600,0003425293,2026-10-09T17:35:49+0900
2024.06,wafer,TW,20820570,131892626,157.8600,0003425293,2026-10-09T17:35:49+0900
2024.06,wafer,US,7542077,47776999,157.8600,0003425293,2026-10-09T17:35:49+0900
2024.06,wafer,VN,8381,53091,157.8600,0003425293,2026-10-09T17:35:49+0900
2024.06,wafer,WORLD,58053667,367754130,157.8600,0003425293,2026-10-09T17:35:49+0900
2024.07,discrete,CN,27481640,174466443,157.5182,0003425293,2026-10-09T17:35:49+0900
2024.07,discrete,KR,3500366,22221978,157.5182,0003425293,2026-10-09T17:35:49+0900
2024.07,discrete,OTHER,52298252,332014028,157.5182,0003425293,2026-10-09T17:35:49+0900
2024.07,discrete,TW,4564158,28975433,157.5182,0003425293,2026-10-09T17:35:49+0900
2024.07,discrete,US,10071360,63937754,157.5182,0003425293,2026-10-09T17:35:49+0900
2024.07,discrete,VN,1352486,8586221,157.5182,0003425293,2026-10-09T17:35:49+0900
2024.07,discrete,WORLD,99268262,630201856,157.5182,0003425293,2026-10-09T17:35:49+0900
2024.07,ic,CN,90628570,575353007,157.5182,0003425293,2026-10-09T17:35:49+0900
2024.07,ic,KR,59528812,377917041,157.5182,0003425293,2026-10-09T17:35:49+0900
2024.07,ic,OTHER,142436044,904251344,157.5182,0003425293,2026-10-09T17:35:49+0900
2024.07,ic,TW,119663942,759683275,157.5182,0003425293,2026-10-09T17:35:49+0900
2024.07,ic,US,12133320,77028051,157.5182,0003425293,2026-10-09T17:35:49+0900
2024.07,ic,VN,26277241,166820348,157.5182,0003425293,2026-10-09T17:35:49+0900
2024.07,ic,WORLD,450667929,2861053066,157.5182,0003425293,2026-10-09T17:35:49+0900
2024.07,liion,CN,1457074,9250195,157.5182,0003425293,2026-10-09T17:35:49+0900
2024.07,liion,KR,365643,2321275,157.5182,0003425293,2026-10-09T17:35:49+0900
2024.07,liion,OTHER,23142963,146922470,157.5182,0003425293,2026-10-09T17:35:49+0900
2024.07,liion,TW,827386,5252637,157.5182,0003425293,2026-10-09T17:35:49+0900
2024.07,liion,US,21184438,134488827,157.5182,0003425293,2026-10-09T17:35:49+0900
2024.07,liion,VN,190565,1209797,157.5182,0003425293,2026-10-09T17:35:49+0900
2024.07,liion,WORLD,47168069,299445201,157.5182,0003425293,2026-10-09T17:35:49+0900
2024.07,mlcc,CN,21787330,138316271,157.5182,0003425293,2026-10-09T17:35:49+0900
2024.07,mlcc,KR,4769395,30278374,157.5182,0003425293,2026-10-09T17:35:49+0900
2024.07,mlcc,OTHER,21541384,136754889,157.5182,0003425293,2026-10-09T17:35:49+0900
2024.07,mlcc,TW,8160177,51804661,157.5182,0003425293,2026-10-09T17:35:49+0900
2024.07,mlcc,US,5297279,33629631,157.5182,0003425293,2026-10-09T17:35:49+0900
2024.07,mlcc,VN,1720965,10925499,157.5182,0003425293,2026-10-09T17:35:49+0900
2024.07,mlcc,WORLD,63276530,401709326,157.5182,0003425293,2026-10-09T17:35:49+0900
2024.07,pcb,CN,11083107,70360803,157.5182,0003425293,2026-10-09T17:35:49+0900
2024.07,pcb,KR,4283430,27193239,157.5182,0003425293,2026-10-09T17:35:49+0900
2024.07,pcb,OTHER,18249357,115855546,157.5182,0003425293,2026-10-09T17:35:49+0900
2024.07,pcb,TW,2147254,13631784,157.5182,0003425293,2026-10-09T17:35:49+0900
2024.07,pcb,US,1885002,11966884,157.5182,0003425293,2026-10-09T17:35:49+0900
2024.07,pcb,VN,1671428,10611015,157.5182,0003425293,2026-10-09T17:35:49+0900
2024.07,pcb,WORLD,39319578,249619269,157.5182,0003425293,2026-10-09T17:35:49+0900
2024.07,photoresist,CN,13317820,84547817,157.5182,0003425293,2026-10-09T17:35:49+0900
2024.07,photoresist,KR,5490859,34858569,157.5182,0003425293,2026-10-09T17:35:49+0900
2024.07,photoresist,OTHER,10370420,65836329,157.5182,0003425293,2026-10-09T17:35:49+0900
2024.07,photoresist,TW,10024929,63642989,157.5182,0003425293,2026-10-09T17:35:49+0900
2024.07,photoresist,US,5969548,37897513,157.5182,0003425293,2026-10-09T17:35:49+0900
2024.07,photoresist,VN,748111,4749362,157.5182,0003425293,2026-10-09T17:35:49+0900
2024.07,photoresist,WORLD,45921687,291532578,157.5182,0003425293,2026-10-09T17:35:49+0900
2024.07,semi_equip,CN,163857602,1040245521,157.5182,0003425293,2026-10-09T17:35:49+0900
2024.07,semi_equip,KR,51193230,324998826,157.5182,0003425293,2026-10-09T17:35:49+0900
2024.07,semi_equip,OTHER,30082165,190975805,157.5182,0003425293,2026-10-09T17:35:49+0900
2024.07,semi_equip,TW,78916137,500996945,157.5182,0003425293,2026-10-09T17:35:49+0900
2024.07,semi_equip,US,43963915,279103716,157.5182,0003425293,2026-10-09T17:35:49+0900
2024.07,semi_equip,VN,530783,3369661,157.5182,0003425293,2026-10-09T17:35:49+0900
2024.07,semi_equip,WORLD,368543832,2339690474,157.5182,0003425293,2026-10-09T17:35:49+0900
2024.07,semi_fab_equip,CN,110752231,703107520,157.5182,0003425293,2026-10-09T17:35:49+0900
2024.07,semi_fab_equip,KR,33777185,214433538,157.5182,0003425293,2026-10-09T17:35:49+0900
2024.07,semi_fab_equip,OTHER,12852151,81591530,157.5182,0003425293,2026-10-09T17:35:49+0900
2024.07,semi_fab_equip,TW,47342708,300553892,157.5182,0003425293,2026-10-09T17:35:49+0900
2024.07,semi_fab_equip,US,23803061,151113084,157.5182,0003425293,2026-10-09T17:35:49+0900
2024.07,semi_fab_equip,VN,335562,2130306,157.5182,0003425293,2026-10-09T17:35:49+0900
2024.07,semi_fab_equip,WORLD,228862898,1452929871,157.5182,0003425293,2026-10-09T17:35:49+0900
2024.07,semi_test,CN,9359621,59419299,157.5182,0003425293,2026-10-09T17:35:49+0900
2024.07,semi_test,KR,8405214,53360272,157.5182,0003425293,2026-10-09T17:35:49+0900
2024.07,semi_test,OTHER,892214,5664196,157.5182,0003425293,2026-10-09T17:35:49+0900
2024.07,semi_test,TW,2377575,15093970,157.5182,0003425293,2026-10-09T17:35:49+0900
2024.07,semi_test,US,9226999,58577352,157.5182,0003425293,2026-10-09T17:35:49+0900
2024.07,semi_test,VN,10470,66469,157.5182,0003425293,2026-10-09T17:35:49+0900
2024.07,semi_test,WORLD,30272093,192181557,157.5182,0003425293,2026-10-09T17:35:49+0900
2024.07,transformer,CN,10736058,68157572,157.5182,0003425293,2026-10-09T17:35:49+0900
2024.07,transformer,KR,2578649,16370483,157.5182,0003425293,2026-10-09T17:35:49+0900
2024.07,transformer,OTHER,29474488,187117984,157.5182,0003425293,2026-10-09T17:35:49+0900
2024.07,transformer,TW,2966674,18833849,157.5182,0003425293,2026-10-09T17:35:49+0900
2024.07,transformer,US,16955005,107638387,157.5182,0003425293,2026-10-09T17:35:49+0900
2024.07,transformer,VN,666184,4229251,157.5182,0003425293,2026-10-09T17:35:49+0900
2024.07,transformer,WORLD,63377058,402347526,157.5182,0003425293,2026-10-09T17:35:49+0900
2024.07,transformer_large,OTHER,0,0,157.5182,0003425293,2026-10-09T17:35:49+0900
2024.07,transformer_large,TW,0,0,157.5182,0003425293,2026-10-09T17:35:49+0900
2024.07,transformer_large,US,256960,1631304,157.5182,0003425293,2026-10-09T17:35:49+0900
2024.07,transformer_large,WORLD,256960,1631304,157.5182,0003425293,2026-10-09T17:35:49+0900
2024.07,wafer,CN,9726289,61747081,157.5182,0003425293,2026-10-09T17:35:49+0900
2024.07,wafer,KR,6851153,43494358,157.5182,0003425293,2026-10-09T17:35:49+0900
2024.07,wafer,OTHER,11867979,75343541,157.5182,0003425293,2026-10-09T17:35:49+0900
2024.07,wafer,TW,22667883,143906437,157.5182,0003425293,2026-10-09T17:35:49+0900
2024.07,wafer,US,7024457,44594574,157.5182,0003425293,2026-10-09T17:35:49+0900
2024.07,wafer,VN,0,0,157.5182,0003425293,2026-10-09T17:35:49+0900
2024.07,wafer,WORLD,58137761,369085991,157.5182,0003425293,2026-10-09T17:35:49+0900
2024.08,discrete,CN,26366122,180263797,146.2641,0003425293,2026-10-09T17:35:49+0900
2024.08,discrete,KR,2872320,19637902,146.2641,0003425293,2026-10-09T17:35:49+0900
2024.08,discrete,OTHER,48212267,329624747,146.2641,0003425293,2026-10-09T17:35:49+0900
2024.08,discrete,TW,4409713,30148977,146.2641,0003425293,2026-10-09T17:35:49+0900
2024.08,discrete,US,9740875,66597853,146.2641,0003425293,2026-10-09T17:35:49+0900
2024.08,discrete,VN,1252932,8566231,146.2641,0003425293,2026-10-09T17:35:49+0900
2024.08,discrete,WORLD,92854229,634839506,146.2641,0003425293,2026-10-09T17:35:49+0900
2024.08,ic,CN,88945122,608113146,146.2641,0003425293,2026-10-09T17:35:49+0900
2024.08,ic,KR,63057694,431122155,146.2641,0003425293,2026-10-09T17:35:49+0900
2024.08,ic,OTHER,149820461,1024314654,146.2641,0003425293,2026-10-09T17:35:49+0900
2024.08,ic,TW,112242975,767399348,146.2641,0003425293,2026-10-09T17:35:49+0900
2024.08,ic,US,12076023,82563138,146.2641,0003425293,2026-10-09T17:35:49+0900
2024.08,ic,VN,34163745,233575737,146.2641,0003425293,2026-10-09T17:35:49+0900
2024.08,ic,WORLD,460306020,3147088178,146.2641,0003425293,2026-10-09T17:35:49+0900
2024.08,liion,CN,1118876,7649697,146.2641,0003425293,2026-10-09T17:35:49+0900
2024.08,liion,KR,241080,1648251,146.2641,0003425293,2026-10-09T17:35:49+0900
2024.08,liion,OTHER,17097958,116897844,146.2641,0003425293,2026-10-09T17:35:49+0900
2024.08,liion,TW,776978,5312158,146.2641,0003425293,2026-10-09T17:35:49+0900
2024.08,liion,US,22255636,152160619,146.2641,0003425293,2026-10-09T17:35:49+0900
2024.08,liion,VN,115099,786926,146.2641,0003425293,2026-10-09T17:35:49+0900
2024.08,liion,WORLD,41605627,284455495,146.2641,0003425293,2026-10-09T17:35:49+0900
2024.08,mlcc,CN,20926164,143071089,146.2641,0003425293,2026-10-09T17:35:49+0900
2024.08,mlcc,KR,4870273,33297802,146.2641,0003425293,2026-10-09T17:35:49+0900
2024.08,mlcc,OTHER,19449496,132975187,146.2641,0003425293,2026-10-09T17:35:49+0900
2024.08,mlcc,TW,8831250,60378794,146.2641,0003425293,2026-10-09T17:35:49+0900
2024.08,mlcc,US,5692556,38919708,146.2641,0003425293,2026-10-09T17:35:49+0900
2024.08,mlcc,VN,1387517,9486381,146.2641,0003425293,2026-10-09T17:35:49+0900
2024.08,mlcc,WORLD,61157256,418128960,146.2641,0003425293,2026-10-09T17:35:49+0900
2024.08,pcb,CN,10405456,71141558,146.2641,0003425293,2026-10-09T17:35:49+0900
2024.08,pcb,KR,4329019,29597276,146.2641,0003425293,2026-10-09T17:35:49+0900
2024.08,pcb,OTHER,16421707,112274352,146.2641,0003425293,2026-10-09T17:35:49+0900
2024.08,pcb,TW,1619523,11072594,146.2641,0003425293,2026-10-09T17:35:49+0900
2024.08,pcb,US,2034920,13912642,146.2641,0003425293,2026-10-09T17:35:49+0900
2024.08,pcb,VN,1832893,12531394,146.2641,0003425293,2026-10-09T17:35:49+0900
2024.08,pcb,WORLD,36643518,250529816,146.2641,0003425293,2026-10-09T17:35:49+0900
2024.08,photoresist,CN,12317926,84217016,146.2641,0003425293,2026-10-09T17:35:49+0900
2024.08,photoresist,KR,4185103,28613330,146.2641,0003425293,2026-10-09T17:35:49+0900
2024.08,photoresist,OTHER,9268073,63365330,146.2641,0003425293,2026-10-09T17:35:49+0900
2024.08,photoresist,TW,10192408,69684960,146.2641,0003425293,2026-10-09T17:35:49+0900
2024.08,photoresist,US,5139732,35140079,146.2641,0003425293,2026-10-09T17:35:49+0900
2024.08,photoresist,VN,708785,4845926,146.2641,0003425293,2026-10-09T17:35:49+0900
2024.08,photoresist,WORLD,41812027,285866641,146.2641,0003425293,2026-10-09T17:35:49+0900
2024.08,semi_equip,CN,179926925,1230150973,146.2641,0003425293,2026-10-09T17:35:49+0900
2024.08,semi_equip,KR,44877564,306825557,146.2641,0003425293,2026-10-09T17:35:49+0900
2024.08,semi_equip,OTHER,33455664,228734625,146.2641,0003425293,2026-10-09T17:35:49+0900
2024.08,semi_equip,TW,46912096,320735546,146.2641,0003425293,2026-10-09T17:35:49+0900
2024.08,semi_equip,US,37317341,255136708,146.2641,0003425293,2026-10-09T17:35:49+0900
2024.08,semi_equip,VN,438552,2998357,146.2641,0003425293,2026-10-09T17:35:49+0900
2024.08,semi_equip,WORLD,342928142,2344581767,146.2641,0003425293,2026-10-09T17:35:49+0900
2024.08,semi_fab_equip,CN,120338959,822751167,146.2641,0003425293,2026-10-09T17:35:49+0900
2024.08,semi_fab_equip,KR,28658604,195937376,146.2641,0003425293,2026-10-09T17:35:49+0900
2024.08,semi_fab_equip,OTHER,15724753,107509314,146.2641,0003425293,2026-10-09T17:35:49+0900
2024.08,semi_fab_equip,TW,24071453,164575265,146.2641,0003425293,2026-10-09T17:35:49+0900
2024.08,semi_fab_equip,US,19139557,130856150,146.2641,0003425293,2026-10-09T17:35:49+0900
2024.08,semi_fab_equip,VN,19650,134346,146.2641,0003425293,2026-10-09T17:35:49+0900
2024.08,semi_fab_equip,WORLD,207952976,1421763618,146.2641,0003425293,2026-10-09T17:35:49+0900
2024.08,semi_test,CN,6671971,45615917,146.2641,0003425293,2026-10-09T17:35:49+0900
2024.08,semi_test,KR,11146125,76205474,146.2641,0003425293,2026-10-09T17:35:49+0900
2024.08,semi_test,OTHER,6429325,43956959,146.2641,0003425293,2026-10-09T17:35:49+0900
2024.08,semi_test,TW,1875100,12819961,146.2641,0003425293,2026-10-09T17:35:49+0900
2024.08,semi_test,US,11568700,79094597,146.2641,0003425293,2026-10-09T17:35:49+0900
2024.08,semi_test,VN,1619,11069,146.2641,0003425293,2026-10-09T17:35:49+0900
2024.08,semi_test,WORLD,37692840,257703975,146.2641,0003425293,2026-10-09T17:35:49+0900
2024.08,transformer,CN,10666201,72924258,146.2641,0003425293,2026-10-09T17:35:49+0900
2024.08,transformer,KR,2925102,19998769,146.2641,0003425293,2026-10-09T17:35:49+0900
2024.08,transformer,OTHER,25377709,173506069,146.2641,0003425293,2026-10-09T17:35:49+0900
2024.08,transformer,TW,3260355,22290877,146.2641,0003425293,2026-10-09T17:35:49+0900
2024.08,transformer,US,14571229,99622730,146.2641,0003425293,2026-10-09T17:35:49+0900
2024.08,transformer,VN,630792,4312692,146.2641,0003425293,2026-10-09T17:35:49+0900
2024.08,transformer,WORLD,57431388,392655395,146.2641,0003425293,2026-10-09T17:35:49+0900
2024.08,transformer_large,OTHER,0,0,146.2641,0003425293,2026-10-09T17:35:49+0900
2024.08,transformer_large,TW,575855,3937091,146.2641,0003425293,2026-10-09T17:35:49+0900
2024.08,transformer_large,US,713250,4876453,146.2641,0003425293,2026-10-09T17:35:49+0900
2024.08,transformer_large,WORLD,1289105,8813543,146.2641,0003425293,2026-10-09T17:35:49+0900
2024.08,wafer,CN,10539109,72055337,146.2641,0003425293,2026-10-09T17:35:49+0900
2024.08,wafer,KR,7675946,52480041,146.2641,0003425293,2026-10-09T17:35:49+0900
2024.08,wafer,OTHER,11511748,78705219,146.2641,0003425293,2026-10-09T17:35:49+0900
2024.08,wafer,TW,23480372,160534075,146.2641,0003425293,2026-10-09T17:35:49+0900
2024.08,wafer,US,6337936,43332137,146.2641,0003425293,2026-10-09T17:35:49+0900
2024.08,wafer,VN,216,1477,146.2641,0003425293,2026-10-09T17:35:49+0900
2024.08,wafer,WORLD,59545327,407108286,146.2641,0003425293,2026-10-09T17:35:49+0900
2024.09,discrete,CN,24737538,173045441,142.9540,0003425293,2026-10-09T17:35:49+0900
2024.09,discrete,KR,3214925,22489227,142.9540,0003425293,2026-10-09T17:35:49+0900
2024.09,discrete,OTHER,50422700,352719756,142.9540,0003425293,2026-10-09T17:35:49+0900
2024.09,discrete,TW,3956801,27678841,142.9540,0003425293,2026-10-09T17:35:49+0900
2024.09,discrete,US,10038087,70219001,142.9540,0003425293,2026-10-09T17:35:49+0900
2024.09,discrete,VN,1162666,8133148,142.9540,0003425293,2026-10-09T17:35:49+0900
2024.09,discrete,WORLD,93532717,654285413,142.9540,0003425293,2026-10-09T17:35:49+0900
2024.09,ic,CN,84160664,588725492,142.9540,0003425293,2026-10-09T17:35:49+0900
2024.09,ic,KR,64714544,452694881,142.9540,0003425293,2026-10-09T17:35:49+0900
2024.09,ic,OTHER,153384680,1072965290,142.9540,0003425293,2026-10-09T17:35:49+0900
2024.09,ic,TW,112778229,788912720,142.9540,0003425293,2026-10-09T17:35:49+0900
2024.09,ic,US,11972994,83754173,142.9540,0003425293,2026-10-09T17:35:49+0900
2024.09,ic,VN,31118474,217681730,142.9540,0003425293,2026-10-09T17:35:49+0900
2024.09,ic,WORLD,458129585,3204734285,142.9540,0003425293,2026-10-09T17:35:49+0900
2024.09,liion,CN,1012963,7085937,142.9540,0003425293,2026-10-09T17:35:49+0900
2024.09,liion,KR,60531,423430,142.9540,0003425293,2026-10-09T17:35:49+0900
2024.09,liion,OTHER,21625543,151276236,142.9540,0003425293,2026-10-09T17:35:49+0900
2024.09,liion,TW,693065,4848168,142.9540,0003425293,2026-10-09T17:35:49+0900
2024.09,liion,US,25135613,175830078,142.9540,0003425293,2026-10-09T17:35:49+0900
2024.09,liion,VN,212523,1486653,142.9540,0003425293,2026-10-09T17:35:49+0900
2024.09,liion,WORLD,48740238,340950502,142.9540,0003425293,2026-10-09T17:35:49+0900
2024.09,mlcc,CN,21362718,149437707,142.9540,0003425293,2026-10-09T17:35:49+0900
2024.09,mlcc,KR,4223334,29543308,142.9540,0003425293,2026-10-09T17:35:49+0900
2024.09,mlcc,OTHER,18423725,128878695,142.9540,0003425293,2026-10-09T17:35:49+0900
2024.09,mlcc,TW,7384836,51658827,142.9540,0003425293,2026-10-09T17:35:49+0900
2024.09,mlcc,US,4765934,33338934,142.9540,0003425293,2026-10-09T17:35:49+0900
2024.09,mlcc,VN,1564233,10942212,142.9540,0003425293,2026-10-09T17:35:49+0900
2024.09,mlcc,WORLD,57724780,403799684,142.9540,0003425293,2026-10-09T17:35:49+0900
2024.09,pcb,CN,9548375,66793339,142.9540,0003425293,2026-10-09T17:35:49+0900
2024.09,pcb,KR,3315999,23196266,142.9540,0003425293,2026-10-09T17:35:49+0900
2024.09,pcb,OTHER,15157605,106031346,142.9540,0003425293,2026-10-09T17:35:49+0900
2024.09,pcb,TW,2220310,15531640,142.9540,0003425293,2026-10-09T17:35:49+0900
2024.09,pcb,US,2061856,14423213,142.9540,0003425293,2026-10-09T17:35:49+0900
2024.09,pcb,VN,1780175,12452782,142.9540,0003425293,2026-10-09T17:35:49+0900
2024.09,pcb,WORLD,34084320,238428585,142.9540,0003425293,2026-10-09T17:35:49+0900
2024.09,photoresist,CN,13093029,91589106,142.9540,0003425293,2026-10-09T17:35:49+0900
2024.09,photoresist,KR,4099223,28675119,142.9540,0003425293,2026-10-09T17:35:49+0900
2024.09,photoresist,OTHER,7924689,55435238,142.9540,0003425293,2026-10-09T17:35:49+0900
2024.09,photoresist,TW,10121052,70799362,142.9540,0003425293,2026-10-09T17:35:49+0900
2024.09,photoresist,US,5324647,37247275,142.9540,0003425293,2026-10-09T17:35:49+0900
2024.09,photoresist,VN,716342,5010997,142.9540,0003425293,2026-10-09T17:35:49+0900
2024.09,photoresist,WORLD,41278982,288757097,142.9540,0003425293,2026-10-09T17:35:49+0900
2024.09,semi_equip,CN,194671406,1361776557,142.9540,0003425293,2026-10-09T17:35:49+0900
2024.09,semi_equip,KR,48086069,336374421,142.9540,0003425293,2026-10-09T17:35:49+0900
2024.09,semi_equip,OTHER,39025600,272994110,142.9540,0003425293,2026-10-09T17:35:49+0900
2024.09,semi_equip,TW,56466741,394999377,142.9540,0003425293,2026-10-09T17:35:49+0900
2024.09,semi_equip,US,58419536,408659681,142.9540,0003425293,2026-10-09T17:35:49+0900
2024.09,semi_equip,VN,357774,2502721,142.9540,0003425293,2026-10-09T17:35:49+0900
2024.09,semi_equip,WORLD,397027126,2777306868,142.9540,0003425293,2026-10-09T17:35:49+0900
2024.09,semi_fab_equip,CN,136833033,957182261,142.9540,0003425293,2026-10-09T17:35:49+0900
2024.09,semi_fab_equip,KR,29954157,209537033,142.9540,0003425293,2026-10-09T17:35:49+0900
2024.09,semi_fab_equip,OTHER,21944044,153504232,142.9540,0003425293,2026-10-09T17:35:49+0900
2024.09,semi_fab_equip,TW,32334335,226186990,142.9540,0003425293,2026-10-09T17:35:49+0900
2024.09,semi_fab_equip,US,38336356,268172671,142.9540,0003425293,2026-10-09T17:35:49+0900
2024.09,semi_fab_equip,VN,75895,530905,142.9540,0003425293,2026-10-09T17:35:49+0900
2024.09,semi_fab_equip,WORLD,259477820,1815114093,142.9540,0003425293,2026-10-09T17:35:49+0900
2024.09,semi_test,CN,8225552,57539852,142.9540,0003425293,2026-10-09T17:35:49+0900
2024.09,semi_test,KR,11143023,77948312,142.9540,0003425293,2026-10-09T17:35:49+0900
2024.09,semi_test,OTHER,1928685,13491648,142.9540,0003425293,2026-10-09T17:35:49+0900
2024.09,semi_test,TW,3050433,21338563,142.9540,0003425293,2026-10-09T17:35:49+0900
2024.09,semi_test,US,6229945,43580068,142.9540,0003425293,2026-10-09T17:35:49+0900
2024.09,semi_test,VN,661,4624,142.9540,0003425293,2026-10-09T17:35:49+0900
2024.09,semi_test,WORLD,30578299,213903067,142.9540,0003425293,2026-10-09T17:35:49+0900
2024.09,transformer,CN,10651538,74510248,142.9540,0003425293,2026-10-09T17:35:49+0900
2024.09,transformer,KR,2454191,17167697,142.9540,0003425293,2026-10-09T17:35:49+0900
2024.09,transformer,OTHER,25756784,180175329,142.9540,0003425293,2026-10-09T17:35:49+0900
2024.09,transformer,TW,2705880,18928327,142.9540,0003425293,2026-10-09T17:35:49+0900
2024.09,transformer,US,13541947,94729402,142.9540,0003425293,2026-10-09T17:35:49+0900
2024.09,transformer,VN,712659,4985233,142.9540,0003425293,2026-10-09T17:35:49+0900
2024.09,transformer,WORLD,55822999,390496237,142.9540,0003425293,2026-10-09T17:35:49+0900
2024.09,transformer_large,OTHER,0,0,142.9540,0003425293,2026-10-09T17:35:49+0900
2024.09,transformer_large,TW,0,0,142.9540,0003425293,2026-10-09T17:35:49+0900
2024.09,transformer_large,US,255613,1788079,142.9540,0003425293,2026-10-09T17:35:49+0900
2024.09,transformer_large,WORLD,255613,1788079,142.9540,0003425293,2026-10-09T17:35:49+0900
2024.09,wafer,CN,9070968,63453754,142.9540,0003425293,2026-10-09T17:35:49+0900
2024.09,wafer,KR,8345318,58377646,142.9540,0003425293,2026-10-09T17:35:49+0900
2024.09,wafer,OTHER,12384531,86632980,142.9540,0003425293,2026-10-09T17:35:49+0900
2024.09,wafer,TW,20609689,144170076,142.9540,0003425293,2026-10-09T17:35:49+0900
2024.09,wafer,US,7278441,50914567,142.9540,0003425293,2026-10-09T17:35:49+0900
2024.09,wafer,VN,0,0,142.9540,0003425293,2026-10-09T17:35:49+0900
2024.09,wafer,WORLD,57688947,403549023,142.9540,0003425293,2026-10-09T17:35:49+0900
2024.10,discrete,CN,26342483,175744378,149.8909,0003425293,2026-10-09T17:35:49+0900
2024.10,discrete,KR,3261747,21760807,149.8909,0003425293,2026-10-09T17:35:49+0900
2024.10,discrete,OTHER,50117325,334358690,149.8909,0003425293,2026-10-09T17:35:49+0900
2024.10,discrete,TW,4137086,27600648,149.8909,0003425293,2026-10-09T17:35:49+0900
2024.10,discrete,US,10037330,66964239,149.8909,0003425293,2026-10-09T17:35:49+0900
2024.10,discrete,VN,1813534,12099027,149.8909,0003425293,2026-10-09T17:35:49+0900
2024.10,discrete,WORLD,95709505,638527789,149.8909,0003425293,2026-10-09T17:35:49+0900
2024.10,ic,CN,81791246,545671859,149.8909,0003425293,2026-10-09T17:35:49+0900
2024.10,ic,KR,63976450,426820107,149.8909,0003425293,2026-10-09T17:35:49+0900
2024.10,ic,OTHER,152672258,1018555883,149.8909,0003425293,2026-10-09T17:35:49+0900
2024.10,ic,TW,96124645,641297404,149.8909,0003425293,2026-10-09T17:35:49+0900
2024.10,ic,US,12172625,81209900,149.8909,0003425293,2026-10-09T17:35:49+0900
2024.10,ic,VN,31270254,208620096,149.8909,0003425293,2026-10-09T17:35:49+0900
2024.10,ic,WORLD,438007478,2922175249,149.8909,0003425293,2026-10-09T17:35:49+0900
2024.10,liion,CN,1370619,9144111,149.8909,0003425293,2026-10-09T17:35:49+0900
2024.10,liion,KR,16594,110707,149.8909,0003425293,2026-10-09T17:35:49+0900
2024.10,liion,OTHER,22535687,150347266,149.8909,0003425293,2026-10-09T17:35:49+0900
2024.10,liion,TW,705862,4709172,149.8909,0003425293,2026-10-09T17:35:49+0900
2024.10,liion,US,19577906,130614374,149.8909,0003425293,2026-10-09T17:35:49+0900
2024.10,liion,VN,85720,571883,149.8909,0003425293,2026-10-09T17:35:49+0900
2024.10,liion,WORLD,44292388,295497512,149.8909,0003425293,2026-10-09T17:35:49+0900
2024.10,mlcc,CN,18978096,126612730,149.8909,0003425293,2026-10-09T17:35:49+0900
2024.10,mlcc,KR,4895239,32658680,149.8909,0003425293,2026-10-09T17:35:49+0900
2024.10,mlcc,OTHER,19670859,131234511,149.8909,0003425293,2026-10-09T17:35:49+0900
2024.10,mlcc,TW,7639918,50969859,149.8909,0003425293,2026-10-09T17:35:49+0900
2024.10,mlcc,US,5340598,35629901,149.8909,0003425293,2026-10-09T17:35:49+0900
2024.10,mlcc,VN,1231560,8216376,149.8909,0003425293,2026-10-09T17:35:49+0900
2024.10,mlcc,WORLD,57756270,385322058,149.8909,0003425293,2026-10-09T17:35:49+0900
2024.10,pcb,CN,10536543,70294748,149.8909,0003425293,2026-10-09T17:35:49+0900
2024.10,pcb,KR,3405962,22722940,149.8909,0003425293,2026-10-09T17:35:49+0900
2024.10,pcb,OTHER,14752980,98424788,149.8909,0003425293,2026-10-09T17:35:49+0900
2024.10,pcb,TW,1809740,12073715,149.8909,0003425293,2026-10-09T17:35:49+0900
2024.10,pcb,US,2310357,15413591,149.8909,0003425293,2026-10-09T17:35:49+0900
2024.10,pcb,VN,1749177,11669668,149.8909,0003425293,2026-10-09T17:35:49+0900
2024.10,pcb,WORLD,34564759,230599449,149.8909,0003425293,2026-10-09T17:35:49+0900
2024.10,photoresist,CN,12898467,86052369,149.8909,0003425293,2026-10-09T17:35:49+0900
2024.10,photoresist,KR,5288444,35281955,149.8909,0003425293,2026-10-09T17:35:49+0900
2024.10,photoresist,OTHER,7828472,52227800,149.8909,0003425293,2026-10-09T17:35:49+0900
2024.10,photoresist,TW,10214532,68146445,149.8909,0003425293,2026-10-09T17:35:49+0900
2024.10,photoresist,US,5495205,36661365,149.8909,0003425293,2026-10-09T17:35:49+0900
2024.10,photoresist,VN,724825,4835684,149.8909,0003425293,2026-10-09T17:35:49+0900
2024.10,photoresist,WORLD,42449945,283205618,149.8909,0003425293,2026-10-09T17:35:49+0900
2024.10,semi_equip,CN,184040521,1227829848,149.8909,0003425293,2026-10-09T17:35:49+0900
2024.10,semi_equip,KR,62754703,418669199,149.8909,0003425293,2026-10-09T17:35:49+0900
2024.10,semi_equip,OTHER,44961334,299960398,149.8909,0003425293,2026-10-09T17:35:49+0900
2024.10,semi_equip,TW,56808953,379002014,149.8909,0003425293,2026-10-09T17:35:49+0900
2024.10,semi_equip,US,57583667,384170533,149.8909,0003425293,2026-10-09T17:35:49+0900
2024.10,semi_equip,VN,1449173,9668185,149.8909,0003425293,2026-10-09T17:35:49+0900
2024.10,semi_equip,WORLD,407598351,2719300178,149.8909,0003425293,2026-10-09T17:35:49+0900
2024.10,semi_fab_equip,CN,132789212,885905762,149.8909,0003425293,2026-10-09T17:35:49+0900
2024.10,semi_fab_equip,KR,44264098,295308775,149.8909,0003425293,2026-10-09T17:35:49+0900
2024.10,semi_fab_equip,OTHER,25756046,171831952,149.8909,0003425293,2026-10-09T17:35:49+0900
2024.10,semi_fab_equip,TW,30456936,203194030,149.8909,0003425293,2026-10-09T17:35:49+0900
2024.10,semi_fab_equip,US,35913694,239598895,149.8909,0003425293,2026-10-09T17:35:49+0900
2024.10,semi_fab_equip,VN,337605,2252338,149.8909,0003425293,2026-10-09T17:35:49+0900
2024.10,semi_fab_equip,WORLD,269517591,1798091752,149.8909,0003425293,2026-10-09T17:35:49+0900
2024.10,semi_test,CN,8483509,56597892,149.8909,0003425293,2026-10-09T17:35:49+0900
2024.10,semi_test,KR,4713556,31446579,149.8909,0003425293,2026-10-09T17:35:49+0900
2024.10,semi_test,OTHER,2353006,15698124,149.8909,0003425293,2026-10-09T17:35:49+0900
2024.10,semi_test,TW,6952740,46385338,149.8909,0003425293,2026-10-09T17:35:49+0900
2024.10,semi_test,US,11773031,78544001,149.8909,0003425293,2026-10-09T17:35:49+0900
2024.10,semi_test,VN,2497,16659,149.8909,0003425293,2026-10-09T17:35:49+0900
2024.10,semi_test,WORLD,34278339,228688593,149.8909,0003425293,2026-10-09T17:35:49+0900
2024.10,transformer,CN,10583952,70611038,149.8909,0003425293,2026-10-09T17:35:49+0900
2024.10,transformer,KR,2791654,18624573,149.8909,0003425293,2026-10-09T17:35:49+0900
2024.10,transformer,OTHER,25823415,172281406,149.8909,0003425293,2026-10-09T17:35:49+0900
2024.10,transformer,TW,2710191,18081091,149.8909,0003425293,2026-10-09T17:35:49+0900
2024.10,transformer,US,15344733,102372679,149.8909,0003425293,2026-10-09T17:35:49+0900
2024.10,transformer,VN,603125,4023760,149.8909,0003425293,2026-10-09T17:35:49+0900
2024.10,transformer,WORLD,57857070,385994547,149.8909,0003425293,2026-10-09T17:35:49+0900
2024.10,transformer_large,OTHER,0,0,149.8909,0003425293,2026-10-09T17:35:49+0900
2024.10,transformer_large,TW,0,0,149.8909,0003425293,2026-10-09T17:35:49+0900
2024.10,transformer_large,US,713250,4758461,149.8909,0003425293,2026-10-09T17:35:49+0900
2024.10,transformer_large,WORLD,713250,4758461,149.8909,0003425293,2026-10-09T17:35:49+0900
2024.10,wafer,CN,10235968,68289456,149.8909,0003425293,2026-10-09T17:35:49+0900
2024.10,wafer,KR,8311111,55447736,149.8909,0003425293,2026-10-09T17:35:49+0900
2024.10,wafer,OTHER,11887944,79310645,149.8909,0003425293,2026-10-09T17:35:49+0900
2024.10,wafer,TW,24072805,160602178,149.8909,0003425293,2026-10-09T17:35:49+0900
2024.10,wafer,US,6726345,44874939,149.8909,0003425293,2026-10-09T17:35:49+0900
2024.10,wafer,VN,536,3576,149.8909,0003425293,2026-10-09T17:35:49+0900
2024.10,wafer,WORLD,61234709,408528530,149.8909,0003425293,2026-10-09T17:35:49+0900
2024.11,discrete,CN,28004484,182187303,153.7126,0003425293,2026-10-09T17:35:49+0900
2024.11,discrete,KR,3448371,22433886,153.7126,0003425293,2026-10-09T17:35:49+0900
2024.11,discrete,OTHER,52592429,342147807,153.7126,0003425293,2026-10-09T17:35:49+0900
2024.11,discrete,TW,3751824,24408045,153.7126,0003425293,2026-10-09T17:35:49+0900
2024.11,discrete,US,7832753,50957130,153.7126,0003425293,2026-10-09T17:35:49+0900
2024.11,discrete,VN,1353799,8807339,153.7126,0003425293,2026-10-09T17:35:49+0900
2024.11,discrete,WORLD,96983660,630941510,153.7126,0003425293,2026-10-09T17:35:49+0900
2024.11,ic,CN,78681038,511871102,153.7126,0003425293,2026-10-09T17:35:49+0900
2024.11,ic,KR,53955196,351013489,153.7126,0003425293,2026-10-09T17:35:49+0900
2024.11,ic,OTHER,158681882,1032328397,153.7126,0003425293,2026-10-09T17:35:49+0900
2024.11,ic,TW,85512287,556312801,153.7126,0003425293,2026-10-09T17:35:49+0900
2024.11,ic,US,10470190,68115366,153.7126,0003425293,2026-10-09T17:35:49+0900
2024.11,ic,VN,23592498,153484477,153.7126,0003425293,2026-10-09T17:35:49+0900
2024.11,ic,WORLD,410893091,2673125632,153.7126,0003425293,2026-10-09T17:35:49+0900
2024.11,liion,CN,1238063,8054402,153.7126,0003425293,2026-10-09T17:35:49+0900
2024.11,liion,KR,14304,93057,153.7126,0003425293,2026-10-09T17:35:49+0900
2024.11,liion,OTHER,19000507,123610602,153.7126,0003425293,2026-10-09T17:35:49+0900
2024.11,liion,TW,975202,6344321,153.7126,0003425293,2026-10-09T17:35:49+0900
2024.11,liion,US,17437675,113443368,153.7126,0003425293,2026-10-09T17:35:49+0900
2024.11,liion,VN,15385,100089,153.7126,0003425293,2026-10-09T17:35:49+0900
2024.11,liion,WORLD,38681136,251645838,153.7126,0003425293,2026-10-09T17:35:49+0900
2024.11,mlcc,CN,20765479,135092888,153.7126,0003425293,2026-10-09T17:35:49+0900
2024.11,mlcc,KR,4565085,29698834,153.7126,0003425293,2026-10-09T17:35:49+0900
2024.11,mlcc,OTHER,18618036,121122380,153.7126,0003425293,2026-10-09T17:35:49+0900
2024.11,mlcc,TW,8124282,52853715,153.7126,0003425293,2026-10-09T17:35:49+0900
2024.11,mlcc,US,4330182,28170638,153.7126,0003425293,2026-10-09T17:35:49+0900
2024.11,mlcc,VN,1307872,8508554,153.7126,0003425293,2026-10-09T17:35:49+0900
2024.11,mlcc,WORLD,57710936,375447010,153.7126,0003425293,2026-10-09T17:35:49+0900
2024.11,pcb,CN,10310523,67076629,153.7126,0003425293,2026-10-09T17:35:49+0900
2024.11,pcb,KR,4446368,28926503,153.7126,0003425293,2026-10-09T17:35:49+0900
2024.11,pcb,OTHER,14337921,93277461,153.7126,0003425293,2026-10-09T17:35:49+0900
2024.11,pcb,TW,2129602,13854440,153.7126,0003425293,2026-10-09T17:35:49+0900
2024.11,pcb,US,2312364,15043425,153.7126,0003425293,2026-10-09T17:35:49+0900
2024.11,pcb,VN,1392900,9061716,153.7126,0003425293,2026-10-09T17:35:49+0900
2024.11,pcb,WORLD,34929678,227240174,153.7126,0003425293,2026-10-09T17:35:49+0900
2024.11,photoresist,CN,13267815,86315728,153.7126,0003425293,2026-10-09T17:35:49+0900
2024.11,photoresist,KR,4102934,26692243,153.7126,0003425293,2026-10-09T17:35:49+0900
2024.11,photoresist,OTHER,7822336,50889361,153.7126,0003425293,2026-10-09T17:35:49+0900
2024.11,photoresist,TW,10438778,67911011,153.7126,0003425293,2026-10-09T17:35:49+0900
2024.11,photoresist,US,4161408,27072654,153.7126,0003425293,2026-10-09T17:35:49+0900
2024.11,photoresist,VN,412234,2681849,153.7126,0003425293,2026-10-09T17:35:49+0900
2024.11,photoresist,WORLD,40205505,261562845,153.7126,0003425293,2026-10-09T17:35:49+0900
2024.11,semi_equip,CN,164134333,1067800122,153.7126,0003425293,2026-10-09T17:35:49+0900
2024.11,semi_equip,KR,55648308,362028279,153.7126,0003425293,2026-10-09T17:35:49+0900
2024.11,semi_equip,OTHER,32245930,209780656,153.7126,0003425293,2026-10-09T17:35:49+0900
2024.11,semi_equip,TW,79801049,519157499,153.7126,0003425293,2026-10-09T17:35:49+0900
2024.11,semi_equip,US,42000374,273239630,153.7126,0003425293,2026-10-09T17:35:49+0900
2024.11,semi_equip,VN,513613,3341385,153.7126,0003425293,2026-10-09T17:35:49+0900
2024.11,semi_equip,WORLD,374343607,2435347571,153.7126,0003425293,2026-10-09T17:35:49+0900
2024.11,semi_fab_equip,CN,106799979,694803022,153.7126,0003425293,2026-10-09T17:35:49+0900
2024.11,semi_fab_equip,KR,36288723,236081642,153.7126,0003425293,2026-10-09T17:35:49+0900
2024.11,semi_fab_equip,OTHER,13552744,88169376,153.7126,0003425293,2026-10-09T17:35:49+0900
2024.11,semi_fab_equip,TW,51038964,332041511,153.7126,0003425293,2026-10-09T17:35:49+0900
2024.11,semi_fab_equip,US,20437908,132961826,153.7126,0003425293,2026-10-09T17:35:49+0900
2024.11,semi_fab_equip,VN,369114,2401326,153.7126,0003425293,2026-10-09T17:35:49+0900
2024.11,semi_fab_equip,WORLD,228487432,1486458703,153.7126,0003425293,2026-10-09T17:35:49+0900
2024.11,semi_test,CN,5477778,35636493,153.7126,0003425293,2026-10-09T17:35:49+0900
2024.11,semi_test,KR,4804615,31257132,153.7126,0003425293,2026-10-09T17:35:49+0900
2024.11,semi_test,OTHER,2390900,15554353,153.7126,0003425293,2026-10-09T17:35:49+0900
2024.11,semi_test,TW,4430992,28826472,153.7126,0003425293,2026-10-09T17:35:49+0900
2024.11,semi_test,US,6314370,41079066,153.7126,0003425293,2026-10-09T17:35:49+0900
2024.11,semi_test,VN,0,0,153.7126,0003425293,2026-10-09T17:35:49+0900
2024.11,semi_test,WORLD,23418655,152353516,153.7126,0003425293,2026-10-09T17:35:49+0900
2024.11,transformer,CN,11788368,76690967,153.7126,0003425293,2026-10-09T17:35:49+0900
2024.11,transformer,KR,2856332,18582289,153.7126,0003425293,2026-10-09T17:35:49+0900
2024.11,transformer,OTHER,24797497,161323776,153.7126,0003425293,2026-10-09T17:35:49+0900
2024.11,transformer,TW,2805061,18248738,153.7126,0003425293,2026-10-09T17:35:49+0900
2024.11,transformer,US,12861922,83675131,153.7126,0003425293,2026-10-09T17:35:49+0900
2024.11,transformer,VN,718508,4674360,153.7126,0003425293,2026-10-09T17:35:49+0900
2024.11,transformer,WORLD,55827688,363195262,153.7126,0003425293,2026-10-09T17:35:49+0900
2024.11,transformer_large,OTHER,1279623,8324776,153.7126,0003425293,2026-10-09T17:35:49+0900
2024.11,transformer_large,TW,0,0,153.7126,0003425293,2026-10-09T17:35:49+0900
2024.11,transformer_large,US,475500,3093435,153.7126,0003425293,2026-10-09T17:35:49+0900
2024.11,transformer_large,WORLD,1755123,11418212,153.7126,0003425293,2026-10-09T17:35:49+0900
2024.11,wafer,CN,11858869,77149622,153.7126,0003425293,2026-10-09T17:35:49+0900
2024.11,wafer,KR,7340327,47753580,153.7126,0003425293,2026-10-09T17:35:49+0900
2024.11,wafer,OTHER,12475890,81163743,153.7126,0003425293,2026-10-09T17:35:49+0900
2024.11,wafer,TW,21230990,138121338,153.7126,0003425293,2026-10-09T17:35:49+0900
2024.11,wafer,US,6178328,40194024,153.7126,0003425293,2026-10-09T17:35:49+0900
2024.11,wafer,VN,0,0,153.7126,0003425293,2026-10-09T17:35:49+0900
2024.11,wafer,WORLD,59084404,384382308,153.7126,0003425293,2026-10-09T17:35:49+0900
2024.12,discrete,CN,28922561,188035579,153.8143,0003425293,2026-10-09T17:35:49+0900
2024.12,discrete,KR,3509888,22818997,153.8143,0003425293,2026-10-09T17:35:49+0900
2024.12,discrete,OTHER,50162217,326121934,153.8143,0003425293,2026-10-09T17:35:49+0900
2024.12,discrete,TW,4220410,27438346,153.8143,0003425293,2026-10-09T17:35:49+0900
2024.12,discrete,US,11931714,77572202,153.8143,0003425293,2026-10-09T17:35:49+0900
2024.12,discrete,VN,1539323,10007672,153.8143,0003425293,2026-10-09T17:35:49+0900
2024.12,discrete,WORLD,100286113,651994730,153.8143,0003425293,2026-10-09T17:35:49+0900
2024.12,ic,CN,80088306,520681796,153.8143,0003425293,2026-10-09T17:35:49+0900
2024.12,ic,KR,54986317,357485078,153.8143,0003425293,2026-10-09T17:35:49+0900
2024.12,ic,OTHER,162913315,1059155846,153.8143,0003425293,2026-10-09T17:35:49+0900
2024.12,ic,TW,84799315,551309696,153.8143,0003425293,2026-10-09T17:35:49+0900
2024.12,ic,US,13268832,86265269,153.8143,0003425293,2026-10-09T17:35:49+0900
2024.12,ic,VN,25931639,168590560,153.8143,0003425293,2026-10-09T17:35:49+0900
2024.12,ic,WORLD,421987724,2743488245,153.8143,0003425293,2026-10-09T17:35:49+0900
2024.12,liion,CN,1683323,10943865,153.8143,0003425293,2026-10-09T17:35:49+0900
2024.12,liion,KR,11497,74746,153.8143,0003425293,2026-10-09T17:35:49+0900
2024.12,liion,OTHER,25042734,162811481,153.8143,0003425293,2026-10-09T17:35:49+0900
2024.12,liion,TW,910687,5920691,153.8143,0003425293,2026-10-09T17:35:49+0900
2024.12,liion,US,24365719,158409972,153.8143,0003425293,2026-10-09T17:35:49+0900
2024.12,liion,VN,10752,69902,153.8143,0003425293,2026-10-09T17:35:49+0900
2024.12,liion,WORLD,52024712,338230659,153.8143,0003425293,2026-10-09T17:35:49+0900
2024.12,mlcc,CN,21611740,140505402,153.8143,0003425293,2026-10-09T17:35:49+0900
2024.12,mlcc,KR,4659452,30292710,153.8143,0003425293,2026-10-09T17:35:49+0900
2024.12,mlcc,OTHER,20364249,132395031,153.8143,0003425293,2026-10-09T17:35:49+0900
2024.12,mlcc,TW,7610593,49479099,153.8143,0003425293,2026-10-09T17:35:49+0900
2024.12,mlcc,US,5222005,33950062,153.8143,0003425293,2026-10-09T17:35:49+0900
2024.12,mlcc,VN,1585190,10305869,153.8143,0003425293,2026-10-09T17:35:49+0900
2024.12,mlcc,WORLD,61053229,396928172,153.8143,0003425293,2026-10-09T17:35:49+0900
2024.12,pcb,CN,10601241,68922337,153.8143,0003425293,2026-10-09T17:35:49+0900
2024.12,pcb,KR,2696652,17531868,153.8143,0003425293,2026-10-09T17:35:49+0900
2024.12,pcb,OTHER,13600669,88422656,153.8143,0003425293,2026-10-09T17:35:49+0900
2024.12,pcb,TW,2296026,14927260,153.8143,0003425293,2026-10-09T17:35:49+0900
2024.12,pcb,US,2489391,16184392,153.8143,0003425293,2026-10-09T17:35:49+0900
2024.12,pcb,VN,1549850,10076111,153.8143,0003425293,2026-10-09T17:35:49+0900
2024.12,pcb,WORLD,33233829,216064625,153.8143,0003425293,2026-10-09T17:35:49+0900
2024.12,photoresist,CN,13445224,87412055,153.8143,0003425293,2026-10-09T17:35:49+0900
2024.12,photoresist,KR,3870845,25165703,153.8143,0003425293,2026-10-09T17:35:49+0900
2024.12,photoresist,OTHER,10082213,65547956,153.8143,0003425293,2026-10-09T17:35:49+0900
2024.12,photoresist,TW,9790488,63651351,153.8143,0003425293,2026-10-09T17:35:49+0900
2024.12,photoresist,US,5775281,37547101,153.8143,0003425293,2026-10-09T17:35:49+0900
2024.12,photoresist,VN,539098,3504863,153.8143,0003425293,2026-10-09T17:35:49+0900
2024.12,photoresist,WORLD,43503149,282829028,153.8143,0003425293,2026-10-09T17:35:49+0900
2024.12,semi_equip,CN,199284059,1295614641,153.8143,0003425293,2026-10-09T17:35:49+0900
2024.12,semi_equip,KR,69624709,452654331,153.8143,0003425293,2026-10-09T17:35:49+0900
2024.12,semi_equip,OTHER,41118983,267328740,153.8143,0003425293,2026-10-09T17:35:49+0900
2024.12,semi_equip,TW,96545423,627675210,153.8143,0003425293,2026-10-09T17:35:49+0900
2024.12,semi_equip,US,41659271,270841339,153.8143,0003425293,2026-10-09T17:35:49+0900
2024.12,semi_equip,VN,2028470,13187786,153.8143,0003425293,2026-10-09T17:35:49+0900
2024.12,semi_equip,WORLD,450260915,2927302045,153.8143,0003425293,2026-10-09T17:35:49+0900
2024.12,semi_fab_equip,CN,156459956,1017200325,153.8143,0003425293,2026-10-09T17:35:49+0900
2024.12,semi_fab_equip,KR,51337188,333760827,153.8143,0003425293,2026-10-09T17:35:49+0900
2024.12,semi_fab_equip,OTHER,18765272,121999528,153.8143,0003425293,2026-10-09T17:35:49+0900
2024.12,semi_fab_equip,TW,65715180,427237129,153.8143,0003425293,2026-10-09T17:35:49+0900
2024.12,semi_fab_equip,US,20061000,130423504,153.8143,0003425293,2026-10-09T17:35:49+0900
2024.12,semi_fab_equip,VN,1878159,12210562,153.8143,0003425293,2026-10-09T17:35:49+0900
2024.12,semi_fab_equip,WORLD,314216755,2042831876,153.8143,0003425293,2026-10-09T17:35:49+0900
2024.12,semi_test,CN,15359072,99854643,153.8143,0003425293,2026-10-09T17:35:49+0900
2024.12,semi_test,KR,8409639,54673974,153.8143,0003425293,2026-10-09T17:35:49+0900
2024.12,semi_test,OTHER,1382308,8986863,153.8143,0003425293,2026-10-09T17:35:49+0900
2024.12,semi_test,TW,5414051,35198619,153.8143,0003425293,2026-10-09T17:35:49+0900
2024.12,semi_test,US,4461473,29005580,153.8143,0003425293,2026-10-09T17:35:49+0900
2024.12,semi_test,VN,0,0,153.8143,0003425293,2026-10-09T17:35:49+0900
2024.12,semi_test,WORLD,35026543,227719679,153.8143,0003425293,2026-10-09T17:35:49+0900
2024.12,transformer,CN,11006304,71555792,153.8143,0003425293,2026-10-09T17:35:49+0900
2024.12,transformer,KR,3419257,22229773,153.8143,0003425293,2026-10-09T17:35:49+0900
2024.12,transformer,OTHER,30208156,196393677,153.8143,0003425293,2026-10-09T17:35:49+0900
2024.12,transformer,TW,3313382,21541443,153.8143,0003425293,2026-10-09T17:35:49+0900
2024.12,transformer,US,16762521,108978951,153.8143,0003425293,2026-10-09T17:35:49+0900
2024.12,transformer,VN,774914,5037984,153.8143,0003425293,2026-10-09T17:35:49+0900
2024.12,transformer,WORLD,65484534,425737620,153.8143,0003425293,2026-10-09T17:35:49+0900
2024.12,transformer_large,OTHER,243394,1582389,153.8143,0003425293,2026-10-09T17:35:49+0900
2024.12,transformer_large,TW,0,0,153.8143,0003425293,2026-10-09T17:35:49+0900
2024.12,transformer_large,US,475500,3091390,153.8143,0003425293,2026-10-09T17:35:49+0900
2024.12,transformer_large,WORLD,718894,4673779,153.8143,0003425293,2026-10-09T17:35:49+0900
2024.12,wafer,CN,10332903,67177779,153.8143,0003425293,2026-10-09T17:35:49+0900
2024.12,wafer,KR,8060749,52405719,153.8143,0003425293,2026-10-09T17:35:49+0900
2024.12,wafer,OTHER,13439665,87375914,153.8143,0003425293,2026-10-09T17:35:49+0900
2024.12,wafer,TW,21298557,138469291,153.8143,0003425293,2026-10-09T17:35:49+0900
2024.12,wafer,US,6112344,39738464,153.8143,0003425293,2026-10-09T17:35:49+0900
2024.12,wafer,VN,2600,16903,153.8143,0003425293,2026-10-09T17:35:49+0900
2024.12,wafer,WORLD,59246818,385184069,153.8143,0003425293,2026-10-09T17:35:49+0900
2025.01,discrete,CN,22139598,141483443,156.4819,0003425293,2026-10-09T17:35:49+0900
2025.01,discrete,KR,2729577,17443404,156.4819,0003425293,2026-10-09T17:35:49+0900
2025.01,discrete,OTHER,48121075,307518473,156.4819,0003425293,2026-10-09T17:35:49+0900
2025.01,discrete,TW,3120551,19941929,156.4819,0003425293,2026-10-09T17:35:49+0900
2025.01,discrete,US,12433211,79454627,156.4819,0003425293,2026-10-09T17:35:49+0900
2025.01,discrete,VN,1214363,7760406,156.4819,0003425293,2026-10-09T17:35:49+0900
2025.01,discrete,WORLD,89758375,573602282,156.4819,0003425293,2026-10-09T17:35:49+0900
2025.01,ic,CN,60090589,384009838,156.4819,0003425293,2026-10-09T17:35:49+0900
2025.01,ic,KR,42415257,271055355,156.4819,0003425293,2026-10-09T17:35:49+0900
2025.01,ic,OTHER,133713229,854496456,156.4819,0003425293,2026-10-09T17:35:49+0900
2025.01,ic,TW,90884642,580799709,156.4819,0003425293,2026-10-09T17:35:49+0900
2025.01,ic,US,9431509,60272204,156.4819,0003425293,2026-10-09T17:35:49+0900
2025.01,ic,VN,19228631,122880864,156.4819,0003425293,2026-10-09T17:35:49+0900
2025.01,ic,WORLD,355763857,2273514426,156.4819,0003425293,2026-10-09T17:35:49+0900
2025.01,liion,CN,1146657,7327729,156.4819,0003425293,2026-10-09T17:35:49+0900
2025.01,liion,KR,112635,719796,156.4819,0003425293,2026-10-09T17:35:49+0900
2025.01,liion,OTHER,15027922,96036168,156.4819,0003425293,2026-10-09T17:35:49+0900
2025.01,liion,TW,409831,2619031,156.4819,0003425293,2026-10-09T17:35:49+0900
2025.01,liion,US,16467456,105235532,156.4819,0003425293,2026-10-09T17:35:49+0900
2025.01,liion,VN,491,3138,156.4819,0003425293,2026-10-09T17:35:49+0900
2025.01,liion,WORLD,33164992,211941394,156.4819,0003425293,2026-10-09T17:35:49+0900
2025.01,mlcc,CN,15163023,96899533,156.4819,0003425293,2026-10-09T17:35:49+0900
2025.01,mlcc,KR,3928172,25103044,156.4819,0003425293,2026-10-09T17:35:49+0900
2025.01,mlcc,OTHER,18324844,117105199,156.4819,0003425293,2026-10-09T17:35:49+0900
2025.01,mlcc,TW,6501274,41546492,156.4819,0003425293,2026-10-09T17:35:49+0900
2025.01,mlcc,US,5257332,33597061,156.4819,0003425293,2026-10-09T17:35:49+0900
2025.01,mlcc,VN,1618928,10345784,156.4819,0003425293,2026-10-09T17:35:49+0900
2025.01,mlcc,WORLD,50793573,324597113,156.4819,0003425293,2026-10-09T17:35:49+0900
2025.01,pcb,CN,7303943,46675961,156.4819,0003425293,2026-10-09T17:35:49+0900
2025.01,pcb,KR,2908477,18586667,156.4819,0003425293,2026-10-09T17:35:49+0900
2025.01,pcb,OTHER,10186044,65094072,156.4819,0003425293,2026-10-09T17:35:49+0900
2025.01,pcb,TW,1691080,10806873,156.4819,0003425293,2026-10-09T17:35:49+0900
2025.01,pcb,US,2080365,13294605,156.4819,0003425293,2026-10-09T17:35:49+0900
2025.01,pcb,VN,1580561,10100599,156.4819,0003425293,2026-10-09T17:35:49+0900
2025.01,pcb,WORLD,25750470,164558776,156.4819,0003425293,2026-10-09T17:35:49+0900
2025.01,photoresist,CN,11958592,76421567,156.4819,0003425293,2026-10-09T17:35:49+0900
2025.01,photoresist,KR,3900368,24925362,156.4819,0003425293,2026-10-09T17:35:49+0900
2025.01,photoresist,OTHER,8398095,53668156,156.4819,0003425293,2026-10-09T17:35:49+0900
2025.01,photoresist,TW,7642622,48840294,156.4819,0003425293,2026-10-09T17:35:49+0900
2025.01,photoresist,US,5261777,33625467,156.4819,0003425293,2026-10-09T17:35:49+0900
2025.01,photoresist,VN,635451,4060859,156.4819,0003425293,2026-10-09T17:35:49+0900
2025.01,photoresist,WORLD,37796905,241541705,156.4819,0003425293,2026-10-09T17:35:49+0900
2025.01,semi_equip,CN,98286679,628102541,156.4819,0003425293,2026-10-09T17:35:49+0900
2025.01,semi_equip,KR,50582004,323245078,156.4819,0003425293,2026-10-09T17:35:49+0900
2025.01,semi_equip,OTHER,30027800,191893120,156.4819,0003425293,2026-10-09T17:35:49+0900
2025.01,semi_equip,TW,79309843,506830777,156.4819,0003425293,2026-10-09T17:35:49+0900
2025.01,semi_equip,US,28862519,184446374,156.4819,0003425293,2026-10-09T17:35:49+0900
2025.01,semi_equip,VN,826997,5284937,156.4819,0003425293,2026-10-09T17:35:49+0900
2025.01,semi_equip,WORLD,287895842,1839802827,156.4819,0003425293,2026-10-09T17:35:49+0900
2025.01,semi_fab_equip,CN,67152969,429142086,156.4819,0003425293,2026-10-09T17:35:49+0900
2025.01,semi_fab_equip,KR,37424971,239164855,156.4819,0003425293,2026-10-09T17:35:49+0900
2025.01,semi_fab_equip,OTHER,15252935,97474117,156.4819,0003425293,2026-10-09T17:35:49+0900
2025.01,semi_fab_equip,TW,55893349,357187310,156.4819,0003425293,2026-10-09T17:35:49+0900
2025.01,semi_fab_equip,US,12534117,80099468,156.4819,0003425293,2026-10-09T17:35:49+0900
2025.01,semi_fab_equip,VN,710064,4537675,156.4819,0003425293,2026-10-09T17:35:49+0900
2025.01,semi_fab_equip,WORLD,188968405,1207605512,156.4819,0003425293,2026-10-09T17:35:49+0900
2025.01,semi_test,CN,1780125,11375916,156.4819,0003425293,2026-10-09T17:35:49+0900
2025.01,semi_test,KR,15097496,96480781,156.4819,0003425293,2026-10-09T17:35:49+0900
2025.01,semi_test,OTHER,2029220,12967762,156.4819,0003425293,2026-10-09T17:35:49+0900
2025.01,semi_test,TW,2733667,17469541,156.4819,0003425293,2026-10-09T17:35:49+0900
2025.01,semi_test,US,1699934,10863454,156.4819,0003425293,2026-10-09T17:35:49+0900
2025.01,semi_test,VN,2835,18117,156.4819,0003425293,2026-10-09T17:35:49+0900
2025.01,semi_test,WORLD,23343277,149175572,156.4819,0003425293,2026-10-09T17:35:49+0900
2025.01,transformer,CN,7097717,45358070,156.4819,0003425293,2026-10-09T17:35:49+0900
2025.01,transformer,KR,3021474,19308776,156.4819,0003425293,2026-10-09T17:35:49+0900
2025.01,transformer,OTHER,18353075,117285609,156.4819,0003425293,2026-10-09T17:35:49+0900
2025.01,transformer,TW,3571493,22823681,156.4819,0003425293,2026-10-09T17:35:49+0900
2025.01,transformer,US,10712525,68458557,156.4819,0003425293,2026-10-09T17:35:49+0900
2025.01,transformer,VN,605648,3870403,156.4819,0003425293,2026-10-09T17:35:49+0900
2025.01,transformer,WORLD,43361932,277105096,156.4819,0003425293,2026-10-09T17:35:49+0900
2025.01,transformer_large,KR,0,0,156.4819,0003425293,2026-10-09T17:35:49+0900
2025.01,transformer_large,OTHER,0,0,156.4819,0003425293,2026-10-09T17:35:49+0900
2025.01,transformer_large,TW,0,0,156.4819,0003425293,2026-10-09T17:35:49+0900
2025.01,transformer_large,US,0,0,156.4819,0003425293,2026-10-09T17:35:49+0900
2025.01,transformer_large,WORLD,0,0,156.4819,0003425293,2026-10-09T17:35:49+0900
2025.01,wafer,CN,7858063,50217073,156.4819,0003425293,2026-10-09T17:35:49+0900
2025.01,wafer,KR,5126267,32759488,156.4819,0003425293,2026-10-09T17:35:49+0900
2025.01,wafer,OTHER,14440036,92279273,156.4819,0003425293,2026-10-09T17:35:49+0900
2025.01,wafer,TW,21087721,134761407,156.4819,0003425293,2026-10-09T17:35:49+0900
2025.01,wafer,US,5428103,34688376,156.4819,0003425293,2026-10-09T17:35:49+0900
2025.01,wafer,VN,1435,9170,156.4819,0003425293,2026-10-09T17:35:49+0900
2025.01,wafer,WORLD,53941625,344714788,156.4819,0003425293,2026-10-09T17:35:49+0900
2025.02,discrete,CN,29044815,191624387,151.5716,0003425293,2026-10-09T17:35:49+0900
2025.02,discrete,KR,3369553,22230768,151.5716,0003425293,2026-10-09T17:35:49+0900
2025.02,discrete,OTHER,53339758,351911295,151.5716,0003425293,2026-10-09T17:35:49+0900
2025.02,discrete,TW,4183412,27600236,151.5716,0003425293,2026-10-09T17:35:49+0900
2025.02,discrete,US,10406098,68654669,151.5716,0003425293,2026-10-09T17:35:49+0900
2025.02,discrete,VN,1778074,11730918,151.5716,0003425293,2026-10-09T17:35:49+0900
2025.02,discrete,WORLD,102121710,673752273,151.5716,0003425293,2026-10-09T17:35:49+0900
2025.02,ic,CN,66721754,440199576,151.5716,0003425293,2026-10-09T17:35:49+0900
2025.02,ic,KR,44205866,291650058,151.5716,0003425293,2026-10-09T17:35:49+0900
2025.02,ic,OTHER,127543890,841476174,151.5716,0003425293,2026-10-09T17:35:49+0900
2025.02,ic,TW,105343658,695009210,151.5716,0003425293,2026-10-09T17:35:49+0900
2025.02,ic,US,10189880,67228161,151.5716,0003425293,2026-10-09T17:35:49+0900
2025.02,ic,VN,27840352,183677892,151.5716,0003425293,2026-10-09T17:35:49+0900
2025.02,ic,WORLD,381845400,2519241072,151.5716,0003425293,2026-10-09T17:35:49+0900
2025.02,liion,CN,970528,6403099,151.5716,0003425293,2026-10-09T17:35:49+0900
2025.02,liion,KR,200873,1325268,151.5716,0003425293,2026-10-09T17:35:49+0900
2025.02,liion,OTHER,19003063,125373507,151.5716,0003425293,2026-10-09T17:35:49+0900
2025.02,liion,TW,601923,3971212,151.5716,0003425293,2026-10-09T17:35:49+0900
2025.02,liion,US,23866672,157461371,151.5716,0003425293,2026-10-09T17:35:49+0900
2025.02,liion,VN,19706,130011,151.5716,0003425293,2026-10-09T17:35:49+0900
2025.02,liion,WORLD,44662765,294664469,151.5716,0003425293,2026-10-09T17:35:49+0900
2025.02,mlcc,CN,16077827,106074139,151.5716,0003425293,2026-10-09T17:35:49+0900
2025.02,mlcc,KR,4010894,26462042,151.5716,0003425293,2026-10-09T17:35:49+0900
2025.02,mlcc,OTHER,18096639,119393336,151.5716,0003425293,2026-10-09T17:35:49+0900
2025.02,mlcc,TW,7812769,51545072,151.5716,0003425293,2026-10-09T17:35:49+0900
2025.02,mlcc,US,4698274,30997060,151.5716,0003425293,2026-10-09T17:35:49+0900
2025.02,mlcc,VN,2045990,13498505,151.5716,0003425293,2026-10-09T17:35:49+0900
2025.02,mlcc,WORLD,52742393,347970154,151.5716,0003425293,2026-10-09T17:35:49+0900
2025.02,pcb,CN,9553896,63032230,151.5716,0003425293,2026-10-09T17:35:49+0900
2025.02,pcb,KR,3038476,20046473,151.5716,0003425293,2026-10-09T17:35:49+0900
2025.02,pcb,OTHER,13127878,86611727,151.5716,0003425293,2026-10-09T17:35:49+0900
2025.02,pcb,TW,3250665,21446399,151.5716,0003425293,2026-10-09T17:35:49+0900
2025.02,pcb,US,2414988,15932985,151.5716,0003425293,2026-10-09T17:35:49+0900
2025.02,pcb,VN,1832936,12092872,151.5716,0003425293,2026-10-09T17:35:49+0900
2025.02,pcb,WORLD,33218839,219162686,151.5716,0003425293,2026-10-09T17:35:49+0900
2025.02,photoresist,CN,13376999,88255313,151.5716,0003425293,2026-10-09T17:35:49+0900
2025.02,photoresist,KR,5231152,34512745,151.5716,0003425293,2026-10-09T17:35:49+0900
2025.02,photoresist,OTHER,6472397,42701911,151.5716,0003425293,2026-10-09T17:35:49+0900
2025.02,photoresist,TW,11735007,77422202,151.5716,0003425293,2026-10-09T17:35:49+0900
2025.02,photoresist,US,4439453,29289478,151.5716,0003425293,2026-10-09T17:35:49+0900
2025.02,photoresist,VN,728739,4807886,151.5716,0003425293,2026-10-09T17:35:49+0900
2025.02,photoresist,WORLD,41983747,276989535,151.5716,0003425293,2026-10-09T17:35:49+0900
2025.02,semi_equip,CN,145878822,962441658,151.5716,0003425293,2026-10-09T17:35:49+0900
2025.02,semi_equip,KR,72127157,475861949,151.5716,0003425293,2026-10-09T17:35:49+0900
2025.02,semi_equip,OTHER,31662333,208893572,151.5716,0003425293,2026-10-09T17:35:49+0900
2025.02,semi_equip,TW,109923194,725222891,151.5716,0003425293,2026-10-09T17:35:49+0900
2025.02,semi_equip,US,35382036,233434469,151.5716,0003425293,2026-10-09T17:35:49+0900
2025.02,semi_equip,VN,1280309,8446892,151.5716,0003425293,2026-10-09T17:35:49+0900
2025.02,semi_equip,WORLD,396253851,2614301432,151.5716,0003425293,2026-10-09T17:35:49+0900
2025.02,semi_fab_equip,CN,91999790,606972480,151.5716,0003425293,2026-10-09T17:35:49+0900
2025.02,semi_fab_equip,KR,46526823,306962670,151.5716,0003425293,2026-10-09T17:35:49+0900
2025.02,semi_fab_equip,OTHER,14514791,95761944,151.5716,0003425293,2026-10-09T17:35:49+0900
2025.02,semi_fab_equip,TW,67534363,445560798,151.5716,0003425293,2026-10-09T17:35:49+0900
2025.02,semi_fab_equip,US,16268558,107332495,151.5716,0003425293,2026-10-09T17:35:49+0900
2025.02,semi_fab_equip,VN,879556,5802908,151.5716,0003425293,2026-10-09T17:35:49+0900
2025.02,semi_fab_equip,WORLD,237723881,1568393294,151.5716,0003425293,2026-10-09T17:35:49+0900
2025.02,semi_test,CN,6915756,45626991,151.5716,0003425293,2026-10-09T17:35:49+0900
2025.02,semi_test,KR,10015509,66077741,151.5716,0003425293,2026-10-09T17:35:49+0900
2025.02,semi_test,OTHER,4140654,27318139,151.5716,0003425293,2026-10-09T17:35:49+0900
2025.02,semi_test,TW,4375004,28864273,151.5716,0003425293,2026-10-09T17:35:49+0900
2025.02,semi_test,US,10916330,72020946,151.5716,0003425293,2026-10-09T17:35:49+0900
2025.02,semi_test,VN,0,0,151.5716,0003425293,2026-10-09T17:35:49+0900
2025.02,semi_test,WORLD,36363253,239908090,151.5716,0003425293,2026-10-09T17:35:49+0900
2025.02,transformer,CN,10314479,68050209,151.5716,0003425293,2026-10-09T17:35:49+0900
2025.02,transformer,KR,2768937,18268178,151.5716,0003425293,2026-10-09T17:35:49+0900
2025.02,transformer,OTHER,24153616,159354496,151.5716,0003425293,2026-10-09T17:35:49+0900
2025.02,transformer,TW,3503084,23111744,151.5716,0003425293,2026-10-09T17:35:49+0900
2025.02,transformer,US,14413067,95090815,151.5716,0003425293,2026-10-09T17:35:49+0900
2025.02,transformer,VN,799945,5277671,151.5716,0003425293,2026-10-09T17:35:49+0900
2025.02,transformer,WORLD,55953128,369153113,151.5716,0003425293,2026-10-09T17:35:49+0900
2025.02,transformer_large,KR,0,0,151.5716,0003425293,2026-10-09T17:35:49+0900
2025.02,transformer_large,OTHER,1119086,7383217,151.5716,0003425293,2026-10-09T17:35:49+0900
2025.02,transformer_large,TW,0,0,151.5716,0003425293,2026-10-09T17:35:49+0900
2025.02,transformer_large,US,0,0,151.5716,0003425293,2026-10-09T17:35:49+0900
2025.02,transformer_large,WORLD,1119086,7383217,151.5716,0003425293,2026-10-09T17:35:49+0900
2025.02,wafer,CN,11431083,75417050,151.5716,0003425293,2026-10-09T17:35:49+0900
2025.02,wafer,KR,5394432,35589992,151.5716,0003425293,2026-10-09T17:35:49+0900
2025.02,wafer,OTHER,11571745,76345074,151.5716,0003425293,2026-10-09T17:35:49+0900
2025.02,wafer,TW,19347500,127645944,151.5716,0003425293,2026-10-09T17:35:49+0900
2025.02,wafer,US,6134018,40469442,151.5716,0003425293,2026-10-09T17:35:49+0900
2025.02,wafer,VN,0,0,151.5716,0003425293,2026-10-09T17:35:49+0900
2025.02,wafer,WORLD,53878778,355467502,151.5716,0003425293,2026-10-09T17:35:49+0900
2025.03,discrete,CN,28072359,188332289,149.0576,0003425293,2026-10-09T17:35:49+0900
2025.03,discrete,KR,3640215,24421532,149.0576,0003425293,2026-10-09T17:35:49+0900
2025.03,discrete,OTHER,60920299,408703072,149.0576,0003425293,2026-10-09T17:35:49+0900
2025.03,discrete,TW,4212723,28262383,149.0576,0003425293,2026-10-09T17:35:49+0900
2025.03,discrete,US,14974962,100464263,149.0576,0003425293,2026-10-09T17:35:49+0900
2025.03,discrete,VN,1329825,8921551,149.0576,0003425293,2026-10-09T17:35:49+0900
2025.03,discrete,WORLD,113150383,759105091,149.0576,0003425293,2026-10-09T17:35:49+0900
2025.03,ic,CN,73094468,490377331,149.0576,0003425293,2026-10-09T17:35:49+0900
2025.03,ic,KR,43366728,290939395,149.0576,0003425293,2026-10-09T17:35:49+0900
2025.03,ic,OTHER,134414646,901763117,149.0576,0003425293,2026-10-09T17:35:49+0900
2025.03,ic,TW,127724364,856879247,149.0576,0003425293,2026-10-09T17:35:49+0900
2025.03,ic,US,13949913,93587398,149.0576,0003425293,2026-10-09T17:35:49+0900
2025.03,ic,VN,29674063,199077826,149.0576,0003425293,2026-10-09T17:35:49+0900
2025.03,ic,WORLD,422224182,2832624314,149.0576,0003425293,2026-10-09T17:35:49+0900
2025.03,liion,CN,1175644,7887179,149.0576,0003425293,2026-10-09T17:35:49+0900
2025.03,liion,KR,175777,1179256,149.0576,0003425293,2026-10-09T17:35:49+0900
2025.03,liion,OTHER,18786842,126037465,149.0576,0003425293,2026-10-09T17:35:49+0900
2025.03,liion,TW,1349306,9052246,149.0576,0003425293,2026-10-09T17:35:49+0900
2025.03,liion,US,21333379,143121713,149.0576,0003425293,2026-10-09T17:35:49+0900
2025.03,liion,VN,52562,352629,149.0576,0003425293,2026-10-09T17:35:49+0900
2025.03,liion,WORLD,42873510,287630486,149.0576,0003425293,2026-10-09T17:35:49+0900
2025.03,mlcc,CN,16709692,112102248,149.0576,0003425293,2026-10-09T17:35:49+0900
2025.03,mlcc,KR,4613235,30949344,149.0576,0003425293,2026-10-09T17:35:49+0900
2025.03,mlcc,OTHER,19585323,131394327,149.0576,0003425293,2026-10-09T17:35:49+0900
2025.03,mlcc,TW,7020849,47101584,149.0576,0003425293,2026-10-09T17:35:49+0900
2025.03,mlcc,US,5738737,38500130,149.0576,0003425293,2026-10-09T17:35:49+0900
2025.03,mlcc,VN,2058321,13808897,149.0576,0003425293,2026-10-09T17:35:49+0900
2025.03,mlcc,WORLD,55726157,373856529,149.0576,0003425293,2026-10-09T17:35:49+0900
2025.03,pcb,CN,8684327,58261551,149.0576,0003425293,2026-10-09T17:35:49+0900
2025.03,pcb,KR,2893178,19409799,149.0576,0003425293,2026-10-09T17:35:49+0900
2025.03,pcb,OTHER,14016682,94035339,149.0576,0003425293,2026-10-09T17:35:49+0900
2025.03,pcb,TW,2638458,17700929,149.0576,0003425293,2026-10-09T17:35:49+0900
2025.03,pcb,US,2738643,18373052,149.0576,0003425293,2026-10-09T17:35:49+0900
2025.03,pcb,VN,2015851,13523973,149.0576,0003425293,2026-10-09T17:35:49+0900
2025.03,pcb,WORLD,32987139,221304643,149.0576,0003425293,2026-10-09T17:35:49+0900
2025.03,photoresist,CN,13321084,89368700,149.0576,0003425293,2026-10-09T17:35:49+0900
2025.03,photoresist,KR,4441834,29799447,149.0576,0003425293,2026-10-09T17:35:49+0900
2025.03,photoresist,OTHER,8150102,54677534,149.0576,0003425293,2026-10-09T17:35:49+0900
2025.03,photoresist,TW,11072293,74281976,149.0576,0003425293,2026-10-09T17:35:49+0900
2025.03,photoresist,US,4803720,32227273,149.0576,0003425293,2026-10-09T17:35:49+0900
2025.03,photoresist,VN,706652,4740798,149.0576,0003425293,2026-10-09T17:35:49+0900
2025.03,photoresist,WORLD,42495685,285095728,149.0576,0003425293,2026-10-09T17:35:49+0900
2025.03,semi_equip,CN,207492848,1392031322,149.0576,0003425293,2026-10-09T17:35:49+0900
2025.03,semi_equip,KR,99852603,669892733,149.0576,0003425293,2026-10-09T17:35:49+0900
2025.03,semi_equip,OTHER,43240122,290090019,149.0576,0003425293,2026-10-09T17:35:49+0900
2025.03,semi_equip,TW,109154361,732296515,149.0576,0003425293,2026-10-09T17:35:49+0900
2025.03,semi_equip,US,36234121,243088048,149.0576,0003425293,2026-10-09T17:35:49+0900
2025.03,semi_equip,VN,2440400,16372194,149.0576,0003425293,2026-10-09T17:35:49+0900
2025.03,semi_equip,WORLD,498414455,3343770831,149.0576,0003425293,2026-10-09T17:35:49+0900
2025.03,semi_fab_equip,CN,144540499,969695601,149.0576,0003425293,2026-10-09T17:35:49+0900
2025.03,semi_fab_equip,KR,74070362,496924424,149.0576,0003425293,2026-10-09T17:35:49+0900
2025.03,semi_fab_equip,OTHER,21454265,143932715,149.0576,0003425293,2026-10-09T17:35:49+0900
2025.03,semi_fab_equip,TW,72044289,483331873,149.0576,0003425293,2026-10-09T17:35:49+0900
2025.03,semi_fab_equip,US,17813385,119506721,149.0576,0003425293,2026-10-09T17:35:49+0900
2025.03,semi_fab_equip,VN,252261,1692373,149.0576,0003425293,2026-10-09T17:35:49+0900
2025.03,semi_fab_equip,WORLD,330175061,2215083706,149.0576,0003425293,2026-10-09T17:35:49+0900
2025.03,semi_test,CN,7111331,47708611,149.0576,0003425293,2026-10-09T17:35:49+0900
2025.03,semi_test,KR,19863606,133261276,149.0576,0003425293,2026-10-09T17:35:49+0900
2025.03,semi_test,OTHER,4175511,28012735,149.0576,0003425293,2026-10-09T17:35:49+0900
2025.03,semi_test,TW,5166268,34659541,149.0576,0003425293,2026-10-09T17:35:49+0900
2025.03,semi_test,US,1312048,8802289,149.0576,0003425293,2026-10-09T17:35:49+0900
2025.03,semi_test,VN,67592,453462,149.0576,0003425293,2026-10-09T17:35:49+0900
2025.03,semi_test,WORLD,37696356,252897913,149.0576,0003425293,2026-10-09T17:35:49+0900
2025.03,transformer,CN,11003546,73820765,149.0576,0003425293,2026-10-09T17:35:49+0900
2025.03,transformer,KR,3167397,21249483,149.0576,0003425293,2026-10-09T17:35:49+0900
2025.03,transformer,OTHER,23654453,158693371,149.0576,0003425293,2026-10-09T17:35:49+0900
2025.03,transformer,TW,3641469,24429945,149.0576,0003425293,2026-10-09T17:35:49+0900
2025.03,transformer,US,14802770,99309059,149.0576,0003425293,2026-10-09T17:35:49+0900
2025.03,transformer,VN,761004,5105436,149.0576,0003425293,2026-10-09T17:35:49+0900
2025.03,transformer,WORLD,57030639,382608059,149.0576,0003425293,2026-10-09T17:35:49+0900
2025.03,transformer_large,KR,0,0,149.0576,0003425293,2026-10-09T17:35:49+0900
2025.03,transformer_large,OTHER,572969,3843944,149.0576,0003425293,2026-10-09T17:35:49+0900
2025.03,transformer_large,TW,0,0,149.0576,0003425293,2026-10-09T17:35:49+0900
2025.03,transformer_large,US,1246275,8361030,149.0576,0003425293,2026-10-09T17:35:49+0900
2025.03,transformer_large,WORLD,1819244,12204973,149.0576,0003425293,2026-10-09T17:35:49+0900
2025.03,wafer,CN,9865133,66183361,149.0576,0003425293,2026-10-09T17:35:49+0900
2025.03,wafer,KR,5946091,39891230,149.0576,0003425293,2026-10-09T17:35:49+0900
2025.03,wafer,OTHER,14029102,94118663,149.0576,0003425293,2026-10-09T17:35:49+0900
2025.03,wafer,TW,20664177,138632160,149.0576,0003425293,2026-10-09T17:35:49+0900
2025.03,wafer,US,6157672,41310688,149.0576,0003425293,2026-10-09T17:35:49+0900
2025.03,wafer,VN,2600,17443,149.0576,0003425293,2026-10-09T17:35:49+0900
2025.03,wafer,WORLD,56664775,380153545,149.0576,0003425293,2026-10-09T17:35:49+0900
2025.04,discrete,CN,32263117,223849514,144.1286,0003425293,2026-10-09T17:35:49+0900
2025.04,discrete,KR,3534791,24525257,144.1286,0003425293,2026-10-09T17:35:49+0900
2025.04,discrete,OTHER,56112674,389323660,144.1286,0003425293,2026-10-09T17:35:49+0900
2025.04,discrete,TW,4092404,28394115,144.1286,0003425293,2026-10-09T17:35:49+0900
2025.04,discrete,US,10880488,75491526,144.1286,0003425293,2026-10-09T17:35:49+0900
2025.04,discrete,VN,1601676,11112826,144.1286,0003425293,2026-10-09T17:35:49+0900
2025.04,discrete,WORLD,108485150,752696897,144.1286,0003425293,2026-10-09T17:35:49+0900
2025.04,ic,CN,65584469,455041324,144.1286,0003425293,2026-10-09T17:35:49+0900
2025.04,ic,KR,55148908,382636812,144.1286,0003425293,2026-10-09T17:35:49+0900
2025.04,ic,OTHER,151840354,1053506063,144.1286,0003425293,2026-10-09T17:35:49+0900
2025.04,ic,TW,120401755,835377260,144.1286,0003425293,2026-10-09T17:35:49+0900
2025.04,ic,US,10371291,71958591,144.1286,0003425293,2026-10-09T17:35:49+0900
2025.04,ic,VN,33390411,231670959,144.1286,0003425293,2026-10-09T17:35:49+0900
2025.04,ic,WORLD,436737188,3030191010,144.1286,0003425293,2026-10-09T17:35:49+0900
2025.04,liion,CN,1346065,9339333,144.1286,0003425293,2026-10-09T17:35:49+0900
2025.04,liion,KR,216662,1503255,144.1286,0003425293,2026-10-09T17:35:49+0900
2025.04,liion,OTHER,18861397,130865054,144.1286,0003425293,2026-10-09T17:35:49+0900
2025.04,liion,TW,1155043,8013975,144.1286,0003425293,2026-10-09T17:35:49+0900
2025.04,liion,US,24103083,167233172,144.1286,0003425293,2026-10-09T17:35:49+0900
2025.04,liion,VN,58600,406581,144.1286,0003425293,2026-10-09T17:35:49+0900
2025.04,liion,WORLD,45740850,317361370,144.1286,0003425293,2026-10-09T17:35:49+0900
2025.04,mlcc,CN,19712775,136772126,144.1286,0003425293,2026-10-09T17:35:49+0900
2025.04,mlcc,KR,4966586,34459406,144.1286,0003425293,2026-10-09T17:35:49+0900
2025.04,mlcc,OTHER,18799156,130433210,144.1286,0003425293,2026-10-09T17:35:49+0900
2025.04,mlcc,TW,7258638,50362232,144.1286,0003425293,2026-10-09T17:35:49+0900
2025.04,mlcc,US,5135577,35631908,144.1286,0003425293,2026-10-09T17:35:49+0900
2025.04,mlcc,VN,2079492,14428032,144.1286,0003425293,2026-10-09T17:35:49+0900
2025.04,mlcc,WORLD,57952224,402086914,144.1286,0003425293,2026-10-09T17:35:49+0900
2025.04,pcb,CN,9468529,65695004,144.1286,0003425293,2026-10-09T17:35:49+0900
2025.04,pcb,KR,2608254,18096714,144.1286,0003425293,2026-10-09T17:35:49+0900
2025.04,pcb,OTHER,13882529,96320432,144.1286,0003425293,2026-10-09T17:35:49+0900
2025.04,pcb,TW,2427190,16840447,144.1286,0003425293,2026-10-09T17:35:49+0900
2025.04,pcb,US,2312264,16043062,144.1286,0003425293,2026-10-09T17:35:49+0900
2025.04,pcb,VN,2017929,14000892,144.1286,0003425293,2026-10-09T17:35:49+0900
2025.04,pcb,WORLD,32716695,226996550,144.1286,0003425293,2026-10-09T17:35:49+0900
2025.04,photoresist,CN,13261968,92014826,144.1286,0003425293,2026-10-09T17:35:49+0900
2025.04,photoresist,KR,4848592,33640735,144.1286,0003425293,2026-10-09T17:35:49+0900
2025.04,photoresist,OTHER,8086736,56107782,144.1286,0003425293,2026-10-09T17:35:49+0900
2025.04,photoresist,TW,12042597,83554527,144.1286,0003425293,2026-10-09T17:35:49+0900
2025.04,photoresist,US,4960241,34415383,144.1286,0003425293,2026-10-09T17:35:49+0900
2025.04,photoresist,VN,658179,4566609,144.1286,0003425293,2026-10-09T17:35:49+0900
2025.04,photoresist,WORLD,43858313,304299861,144.1286,0003425293,2026-10-09T17:35:49+0900
2025.04,semi_equip,CN,151629806,1052045229,144.1286,0003425293,2026-10-09T17:35:49+0900
2025.04,semi_equip,KR,43735354,303446741,144.1286,0003425293,2026-10-09T17:35:49+0900
2025.04,semi_equip,OTHER,35259295,244637740,144.1286,0003425293,2026-10-09T17:35:49+0900
2025.04,semi_equip,TW,108255130,751100961,144.1286,0003425293,2026-10-09T17:35:49+0900
2025.04,semi_equip,US,34408031,238731459,144.1286,0003425293,2026-10-09T17:35:49+0900
2025.04,semi_equip,VN,247276,1715662,144.1286,0003425293,2026-10-09T17:35:49+0900
2025.04,semi_equip,WORLD,373534892,2591677793,144.1286,0003425293,2026-10-09T17:35:49+0900
2025.04,semi_fab_equip,CN,99293344,688921866,144.1286,0003425293,2026-10-09T17:35:49+0900
2025.04,semi_fab_equip,KR,24843296,172368954,144.1286,0003425293,2026-10-09T17:35:49+0900
2025.04,semi_fab_equip,OTHER,17005432,117987908,144.1286,0003425293,2026-10-09T17:35:49+0900
2025.04,semi_fab_equip,TW,65106596,451725723,144.1286,0003425293,2026-10-09T17:35:49+0900
2025.04,semi_fab_equip,US,16239341,112672579,144.1286,0003425293,2026-10-09T17:35:49+0900
2025.04,semi_fab_equip,VN,16014,111109,144.1286,0003425293,2026-10-09T17:35:49+0900
2025.04,semi_fab_equip,WORLD,222504023,1543788138,144.1286,0003425293,2026-10-09T17:35:49+0900
2025.04,semi_test,CN,5785684,40142512,144.1286,0003425293,2026-10-09T17:35:49+0900
2025.04,semi_test,KR,4464995,30979244,144.1286,0003425293,2026-10-09T17:35:49+0900
2025.04,semi_test,OTHER,895850,6215630,144.1286,0003425293,2026-10-09T17:35:49+0900
2025.04,semi_test,TW,5187514,35992260,144.1286,0003425293,2026-10-09T17:35:49+0900
2025.04,semi_test,US,515240,3574863,144.1286,0003425293,2026-10-09T17:35:49+0900
2025.04,semi_test,VN,8533,59204,144.1286,0003425293,2026-10-09T17:35:49+0900
2025.04,semi_test,WORLD,16857816,116963712,144.1286,0003425293,2026-10-09T17:35:49+0900
2025.04,transformer,CN,10340903,71747752,144.1286,0003425293,2026-10-09T17:35:49+0900
2025.04,transformer,KR,3705832,25711982,144.1286,0003425293,2026-10-09T17:35:49+0900
2025.04,transformer,OTHER,24269571,168388307,144.1286,0003425293,2026-10-09T17:35:49+0900
2025.04,transformer,TW,3523939,24449963,144.1286,0003425293,2026-10-09T17:35:49+0900
2025.04,transformer,US,15762967,109367377,144.1286,0003425293,2026-10-09T17:35:49+0900
2025.04,transformer,VN,839284,5823161,144.1286,0003425293,2026-10-09T17:35:49+0900
2025.04,transformer,WORLD,58442496,405488543,144.1286,0003425293,2026-10-09T17:35:49+0900
2025.04,transformer_large,KR,0,0,144.1286,0003425293,2026-10-09T17:35:49+0900
2025.04,transformer_large,OTHER,491710,3411606,144.1286,0003425293,2026-10-09T17:35:49+0900
2025.04,transformer_large,TW,0,0,144.1286,0003425293,2026-10-09T17:35:49+0900
2025.04,transformer_large,US,208434,1446167,144.1286,0003425293,2026-10-09T17:35:49+0900
2025.04,transformer_large,WORLD,700144,4857773,144.1286,0003425293,2026-10-09T17:35:49+0900
2025.04,wafer,CN,9383704,65106467,144.1286,0003425293,2026-10-09T17:35:49+0900
2025.04,wafer,KR,9916021,68799815,144.1286,0003425293,2026-10-09T17:35:49+0900
2025.04,wafer,OTHER,11000332,76323034,144.1286,0003425293,2026-10-09T17:35:49+0900
2025.04,wafer,TW,25078363,173999907,144.1286,0003425293,2026-10-09T17:35:49+0900
2025.04,wafer,US,6890728,47809581,144.1286,0003425293,2026-10-09T17:35:49+0900
2025.04,wafer,VN,4130,28655,144.1286,0003425293,2026-10-09T17:35:49+0900
2025.04,wafer,WORLD,62273278,432067459,144.1286,0003425293,2026-10-09T17:35:49+0900
2025.05,discrete,CN,25584875,176598192,144.8762,0003425293,2026-10-09T17:35:49+0900
2025.05,discrete,KR,2938907,20285644,144.8762,0003425293,2026-10-09T17:35:49+0900
2025.05,discrete,OTHER,55188803,380937676,144.8762,0003425293,2026-10-09T17:35:49+0900
2025.05,discrete,TW,3957483,27316309,144.8762,0003425293,2026-10-09T17:35:49+0900
2025.05,discrete,US,7745868,53465428,144.8762,0003425293,2026-10-09T17:35:49+0900
2025.05,discrete,VN,1416677,9778535,144.8762,0003425293,2026-10-09T17:35:49+0900
2025.05,discrete,WORLD,96832613,668381784,144.8762,0003425293,2026-10-09T17:35:49+0900
2025.05,ic,CN,73007756,503932019,144.8762,0003425293,2026-10-09T17:35:49+0900
2025.05,ic,KR,22406364,154658695,144.8762,0003425293,2026-10-09T17:35:49+0900
2025.05,ic,OTHER,109988873,759192145,144.8762,0003425293,2026-10-09T17:35:49+0900
2025.05,ic,TW,114371163,789440660,144.8762,0003425293,2026-10-09T17:35:49+0900
2025.05,ic,US,7434059,51313183,144.8762,0003425293,2026-10-09T17:35:49+0900
2025.05,ic,VN,13396795,92470640,144.8762,0003425293,2026-10-09T17:35:49+0900
2025.05,ic,WORLD,340605010,2351007343,144.8762,0003425293,2026-10-09T17:35:49+0900
2025.05,liion,CN,1235378,8527129,144.8762,0003425293,2026-10-09T17:35:49+0900
2025.05,liion,KR,87615,604758,144.8762,0003425293,2026-10-09T17:35:49+0900
2025.05,liion,OTHER,18260670,126043270,144.8762,0003425293,2026-10-09T17:35:49+0900
2025.05,liion,TW,650988,4493409,144.8762,0003425293,2026-10-09T17:35:49+0900
2025.05,liion,US,19282513,133096485,144.8762,0003425293,2026-10-09T17:35:49+0900
2025.05,liion,VN,32851,226752,144.8762,0003425293,2026-10-09T17:35:49+0900
2025.05,liion,WORLD,39550015,272991803,144.8762,0003425293,2026-10-09T17:35:49+0900
2025.05,mlcc,CN,17454687,120480017,144.8762,0003425293,2026-10-09T17:35:49+0900
2025.05,mlcc,KR,4163948,28741422,144.8762,0003425293,2026-10-09T17:35:49+0900
2025.05,mlcc,OTHER,18316656,126429710,144.8762,0003425293,2026-10-09T17:35:49+0900
2025.05,mlcc,TW,8424588,58150255,144.8762,0003425293,2026-10-09T17:35:49+0900
2025.05,mlcc,US,5128762,35400998,144.8762,0003425293,2026-10-09T17:35:49+0900
2025.05,mlcc,VN,1365483,9425171,144.8762,0003425293,2026-10-09T17:35:49+0900
2025.05,mlcc,WORLD,54854124,378627573,144.8762,0003425293,2026-10-09T17:35:49+0900
2025.05,pcb,CN,8268358,57071886,144.8762,0003425293,2026-10-09T17:35:49+0900
2025.05,pcb,KR,2215227,15290482,144.8762,0003425293,2026-10-09T17:35:49+0900
2025.05,pcb,OTHER,12385955,85493373,144.8762,0003425293,2026-10-09T17:35:49+0900
2025.05,pcb,TW,2380384,16430470,144.8762,0003425293,2026-10-09T17:35:49+0900
2025.05,pcb,US,2180448,15050422,144.8762,0003425293,2026-10-09T17:35:49+0900
2025.05,pcb,VN,1896586,13091081,144.8762,0003425293,2026-10-09T17:35:49+0900
2025.05,pcb,WORLD,29326958,202427714,144.8762,0003425293,2026-10-09T17:35:49+0900
2025.05,photoresist,CN,12047677,83158428,144.8762,0003425293,2026-10-09T17:35:49+0900
2025.05,photoresist,KR,4632613,31976356,144.8762,0003425293,2026-10-09T17:35:49+0900
2025.05,photoresist,OTHER,7747544,53476996,144.8762,0003425293,2026-10-09T17:35:49+0900
2025.05,photoresist,TW,9954978,68713688,144.8762,0003425293,2026-10-09T17:35:49+0900
2025.05,photoresist,US,5589763,38583032,144.8762,0003425293,2026-10-09T17:35:49+0900
2025.05,photoresist,VN,816838,5638179,144.8762,0003425293,2026-10-09T17:35:49+0900
2025.05,photoresist,WORLD,40789413,281546679,144.8762,0003425293,2026-10-09T17:35:49+0900
2025.05,semi_equip,CN,147561524,1018535301,144.8762,0003425293,2026-10-09T17:35:49+0900
2025.05,semi_equip,KR,46103413,318226272,144.8762,0003425293,2026-10-09T17:35:49+0900
2025.05,semi_equip,OTHER,24790755,171116823,144.8762,0003425293,2026-10-09T17:35:49+0900
2025.05,semi_equip,TW,86657028,598145368,144.8762,0003425293,2026-10-09T17:35:49+0900
2025.05,semi_equip,US,26100869,180159812,144.8762,0003425293,2026-10-09T17:35:49+0900
2025.05,semi_equip,VN,771306,5323897,144.8762,0003425293,2026-10-09T17:35:49+0900
2025.05,semi_equip,WORLD,331984895,2291507473,144.8762,0003425293,2026-10-09T17:35:49+0900
2025.05,semi_fab_equip,CN,85160749,587817385,144.8762,0003425293,2026-10-09T17:35:49+0900
2025.05,semi_fab_equip,KR,28372558,195840021,144.8762,0003425293,2026-10-09T17:35:49+0900
2025.05,semi_fab_equip,OTHER,7666599,52918278,144.8762,0003425293,2026-10-09T17:35:49+0900
2025.05,semi_fab_equip,TW,49399257,340975654,144.8762,0003425293,2026-10-09T17:35:49+0900
2025.05,semi_fab_equip,US,9671665,66758136,144.8762,0003425293,2026-10-09T17:35:49+0900
2025.05,semi_fab_equip,VN,378589,2613190,144.8762,0003425293,2026-10-09T17:35:49+0900
2025.05,semi_fab_equip,WORLD,180649417,1246922662,144.8762,0003425293,2026-10-09T17:35:49+0900
2025.05,semi_test,CN,6991093,48255635,144.8762,0003425293,2026-10-09T17:35:49+0900
2025.05,semi_test,KR,5341692,36870735,144.8762,0003425293,2026-10-09T17:35:49+0900
2025.05,semi_test,OTHER,1098620,7583164,144.8762,0003425293,2026-10-09T17:35:49+0900
2025.05,semi_test,TW,1375868,9496853,144.8762,0003425293,2026-10-09T17:35:49+0900
2025.05,semi_test,US,5244952,36202993,144.8762,0003425293,2026-10-09T17:35:49+0900
2025.05,semi_test,VN,0,0,144.8762,0003425293,2026-10-09T17:35:49+0900
2025.05,semi_test,WORLD,20052225,138409380,144.8762,0003425293,2026-10-09T17:35:49+0900
2025.05,transformer,CN,8699161,60045480,144.8762,0003425293,2026-10-09T17:35:49+0900
2025.05,transformer,KR,2582375,17824701,144.8762,0003425293,2026-10-09T17:35:49+0900
2025.05,transformer,OTHER,20140199,139016616,144.8762,0003425293,2026-10-09T17:35:49+0900
2025.05,transformer,TW,2843061,19624072,144.8762,0003425293,2026-10-09T17:35:49+0900
2025.05,transformer,US,15694323,108329201,144.8762,0003425293,2026-10-09T17:35:49+0900
2025.05,transformer,VN,762763,5264930,144.8762,0003425293,2026-10-09T17:35:49+0900
2025.05,transformer,WORLD,50721882,350105000,144.8762,0003425293,2026-10-09T17:35:49+0900
2025.05,transformer_large,KR,0,0,144.8762,0003425293,2026-10-09T17:35:49+0900
2025.05,transformer_large,OTHER,18282,126190,144.8762,0003425293,2026-10-09T17:35:49+0900
2025.05,transformer_large,TW,0,0,144.8762,0003425293,2026-10-09T17:35:49+0900
2025.05,transformer_large,US,1189751,8212191,144.8762,0003425293,2026-10-09T17:35:49+0900
2025.05,transformer_large,WORLD,1208033,8338381,144.8762,0003425293,2026-10-09T17:35:49+0900
2025.05,wafer,CN,12729491,87864611,144.8762,0003425293,2026-10-09T17:35:49+0900
2025.05,wafer,KR,9516876,65689713,144.8762,0003425293,2026-10-09T17:35:49+0900
2025.05,wafer,OTHER,11458777,79093578,144.8762,0003425293,2026-10-09T17:35:49+0900
2025.05,wafer,TW,21712293,149867908,144.8762,0003425293,2026-10-09T17:35:49+0900
2025.05,wafer,US,7058085,48718043,144.8762,0003425293,2026-10-09T17:35:49+0900
2025.05,wafer,VN,345,2381,144.8762,0003425293,2026-10-09T17:35:49+0900
2025.05,wafer,WORLD,62475867,431236235,144.8762,0003425293,2026-10-09T17:35:49+0900
2025.06,discrete,CN,27723519,191880173,144.4835,0003425293,2026-10-09T17:35:49+0900
2025.06,discrete,KR,3074141,21276762,144.4835,0003425293,2026-10-09T17:35:49+0900
2025.06,discrete,OTHER,57236711,396147041,144.4835,0003425293,2026-10-09T17:35:49+0900
2025.06,discrete,TW,3877008,26833569,144.4835,0003425293,2026-10-09T17:35:49+0900
2025.06,discrete,US,9130139,63191569,144.4835,0003425293,2026-10-09T17:35:49+0900
2025.06,discrete,VN,1426539,9873370,144.4835,0003425293,2026-10-09T17:35:49+0900
2025.06,discrete,WORLD,102468057,709202483,144.4835,0003425293,2026-10-09T17:35:49+0900
2025.06,ic,CN,75610691,523317133,144.4835,0003425293,2026-10-09T17:35:49+0900
2025.06,ic,KR,30960365,214283050,144.4835,0003425293,2026-10-09T17:35:49+0900
2025.06,ic,OTHER,128476025,889208975,144.4835,0003425293,2026-10-09T17:35:49+0900
2025.06,ic,TW,105941857,733245367,144.4835,0003425293,2026-10-09T17:35:49+0900
2025.06,ic,US,7936627,54931027,144.4835,0003425293,2026-10-09T17:35:49+0900
2025.06,ic,VN,20908610,144712787,144.4835,0003425293,2026-10-09T17:35:49+0900
2025.06,ic,WORLD,369834175,2559698339,144.4835,0003425293,2026-10-09T17:35:49+0900
2025.06,liion,CN,1165427,8066160,144.4835,0003425293,2026-10-09T17:35:49+0900
2025.06,liion,KR,114936,795496,144.4835,0003425293,2026-10-09T17:35:49+0900
2025.06,liion,OTHER,21621960,149650029,144.4835,0003425293,2026-10-09T17:35:49+0900
2025.06,liion,TW,917829,6352483,144.4835,0003425293,2026-10-09T17:35:49+0900
2025.06,liion,US,22473582,155544280,144.4835,0003425293,2026-10-09T17:35:49+0900
2025.06,liion,VN,24374,168697,144.4835,0003425293,2026-10-09T17:35:49+0900
2025.06,liion,WORLD,46318108,320577145,144.4835,0003425293,2026-10-09T17:35:49+0900
2025.06,mlcc,CN,18240007,126242837,144.4835,0003425293,2026-10-09T17:35:49+0900
2025.06,mlcc,KR,4550825,31497195,144.4835,0003425293,2026-10-09T17:35:49+0900
2025.06,mlcc,OTHER,17441066,120713203,144.4835,0003425293,2026-10-09T17:35:49+0900
2025.06,mlcc,TW,8100381,56064402,144.4835,0003425293,2026-10-09T17:35:49+0900
2025.06,mlcc,US,4958572,34319296,144.4835,0003425293,2026-10-09T17:35:49+0900
2025.06,mlcc,VN,1440427,9969491,144.4835,0003425293,2026-10-09T17:35:49+0900
2025.06,mlcc,WORLD,54731278,378806424,144.4835,0003425293,2026-10-09T17:35:49+0900
2025.06,pcb,CN,7058551,48853682,144.4835,0003425293,2026-10-09T17:35:49+0900
2025.06,pcb,KR,2997981,20749643,144.4835,0003425293,2026-10-09T17:35:49+0900
2025.06,pcb,OTHER,14086766,97497403,144.4835,0003425293,2026-10-09T17:35:49+0900
2025.06,pcb,TW,2757348,19084172,144.4835,0003425293,2026-10-09T17:35:49+0900
2025.06,pcb,US,1985003,13738614,144.4835,0003425293,2026-10-09T17:35:49+0900
2025.06,pcb,VN,2164184,14978762,144.4835,0003425293,2026-10-09T17:35:49+0900
2025.06,pcb,WORLD,31049833,214902276,144.4835,0003425293,2026-10-09T17:35:49+0900
2025.06,photoresist,CN,13708055,94876266,144.4835,0003425293,2026-10-09T17:35:49+0900
2025.06,photoresist,KR,3864237,26745179,144.4835,0003425293,2026-10-09T17:35:49+0900
2025.06,photoresist,OTHER,6793610,47019971,144.4835,0003425293,2026-10-09T17:35:49+0900
2025.06,photoresist,TW,10568845,73149149,144.4835,0003425293,2026-10-09T17:35:49+0900
2025.06,photoresist,US,5666506,39219053,144.4835,0003425293,2026-10-09T17:35:49+0900
2025.06,photoresist,VN,563978,3903408,144.4835,0003425293,2026-10-09T17:35:49+0900
2025.06,photoresist,WORLD,41165231,284913025,144.4835,0003425293,2026-10-09T17:35:49+0900
2025.06,semi_equip,CN,174983573,1211097274,144.4835,0003425293,2026-10-09T17:35:49+0900
2025.06,semi_equip,KR,63384765,438698986,144.4835,0003425293,2026-10-09T17:35:49+0900
2025.06,semi_equip,OTHER,24302173,168200334,144.4835,0003425293,2026-10-09T17:35:49+0900
2025.06,semi_equip,TW,89082996,616561725,144.4835,0003425293,2026-10-09T17:35:49+0900
2025.06,semi_equip,US,35605257,246431302,144.4835,0003425293,2026-10-09T17:35:49+0900
2025.06,semi_equip,VN,421107,2914568,144.4835,0003425293,2026-10-09T17:35:49+0900
2025.06,semi_equip,WORLD,387779871,2683904190,144.4835,0003425293,2026-10-09T17:35:49+0900
2025.06,semi_fab_equip,CN,116009708,802927033,144.4835,0003425293,2026-10-09T17:35:49+0900
2025.06,semi_fab_equip,KR,43004922,297645904,144.4835,0003425293,2026-10-09T17:35:49+0900
2025.06,semi_fab_equip,OTHER,10137861,70166220,144.4835,0003425293,2026-10-09T17:35:49+0900
2025.06,semi_fab_equip,TW,56382024,390231577,144.4835,0003425293,2026-10-09T17:35:49+0900
2025.06,semi_fab_equip,US,11617882,80409749,144.4835,0003425293,2026-10-09T17:35:49+0900
2025.06,semi_fab_equip,VN,198182,1371658,144.4835,0003425293,2026-10-09T17:35:49+0900
2025.06,semi_fab_equip,WORLD,237350579,1642752141,144.4835,0003425293,2026-10-09T17:35:49+0900
2025.06,semi_test,CN,10174254,70418103,144.4835,0003425293,2026-10-09T17:35:49+0900
2025.06,semi_test,KR,2608504,18053992,144.4835,0003425293,2026-10-09T17:35:49+0900
2025.06,semi_test,OTHER,3058864,21171026,144.4835,0003425293,2026-10-09T17:35:49+0900
2025.06,semi_test,TW,5145771,35614939,144.4835,0003425293,2026-10-09T17:35:49+0900
2025.06,semi_test,US,49565,343050,144.4835,0003425293,2026-10-09T17:35:49+0900
2025.06,semi_test,VN,0,0,144.4835,0003425293,2026-10-09T17:35:49+0900
2025.06,semi_test,WORLD,21036958,145601110,144.4835,0003425293,2026-10-09T17:35:49+0900
2025.06,transformer,CN,9821648,67977645,144.4835,0003425293,2026-10-09T17:35:49+0900
2025.06,transformer,KR,3113382,21548357,144.4835,0003425293,2026-10-09T17:35:49+0900
2025.06,transformer,OTHER,22368782,154818938,144.4835,0003425293,2026-10-09T17:35:49+0900
2025.06,transformer,TW,3206373,22191967,144.4835,0003425293,2026-10-09T17:35:49+0900
2025.06,transformer,US,15626272,108152640,144.4835,0003425293,2026-10-09T17:35:49+0900
2025.06,transformer,VN,776775,5376219,144.4835,0003425293,2026-10-09T17:35:49+0900
2025.06,transformer,WORLD,54913232,380065765,144.4835,0003425293,2026-10-09T17:35:49+0900
2025.06,transformer_large,KR,0,0,144.4835,0003425293,2026-10-09T17:35:49+0900
2025.06,transformer_large,OTHER,0,0,144.4835,0003425293,2026-10-09T17:35:49+0900
2025.06,transformer_large,TW,0,0,144.4835,0003425293,2026-10-09T17:35:49+0900
2025.06,transformer_large,US,0,0,144.4835,0003425293,2026-10-09T17:35:49+0900
2025.06,transformer_large,WORLD,0,0,144.4835,0003425293,2026-10-09T17:35:49+0900
2025.06,wafer,CN,9045606,62606498,144.4835,0003425293,2026-10-09T17:35:49+0900
2025.06,wafer,KR,8192672,56703167,144.4835,0003425293,2026-10-09T17:35:49+0900
2025.06,wafer,OTHER,11936384,82614167,144.4835,0003425293,2026-10-09T17:35:49+0900
2025.06,wafer,TW,22876547,158333284,144.4835,0003425293,2026-10-09T17:35:49+0900
2025.06,wafer,US,7069795,48931504,144.4835,0003425293,2026-10-09T17:35:49+0900
2025.06,wafer,VN,1827,12645,144.4835,0003425293,2026-10-09T17:35:49+0900
2025.06,wafer,WORLD,59122831,409201265,144.4835,0003425293,2026-10-09T17:35:49+0900
2025.07,discrete,CN,31529935,214195891,147.2014,0003425293,2026-10-09T17:35:49+0900
2025.07,discrete,KR,3470762,23578322,147.2014,0003425293,2026-10-09T17:35:49+0900
2025.07,discrete,OTHER,56799432,385862037,147.2014,0003425293,2026-10-09T17:35:49+0900
2025.07,discrete,TW,4983594,33855616,147.2014,0003425293,2026-10-09T17:35:49+0900
2025.07,discrete,US,10302586,69989728,147.2014,0003425293,2026-10-09T17:35:49+0900
2025.07,discrete,VN,1653423,11232386,147.2014,0003425293,2026-10-09T17:35:49+0900
2025.07,discrete,WORLD,108739732,738713980,147.2014,0003425293,2026-10-09T17:35:49+0900
2025.07,ic,CN,81813231,555791120,147.2014,0003425293,2026-10-09T17:35:49+0900
2025.07,ic,KR,41084287,279102556,147.2014,0003425293,2026-10-09T17:35:49+0900
2025.07,ic,OTHER,168393418,1143966144,147.2014,0003425293,2026-10-09T17:35:49+0900
2025.07,ic,TW,125310968,851289240,147.2014,0003425293,2026-10-09T17:35:49+0900
2025.07,ic,US,10172285,69104540,147.2014,0003425293,2026-10-09T17:35:49+0900
2025.07,ic,VN,40267724,273555306,147.2014,0003425293,2026-10-09T17:35:49+0900
2025.07,ic,WORLD,467041913,3172808907,147.2014,0003425293,2026-10-09T17:35:49+0900
2025.07,liion,CN,1102638,7490676,147.2014,0003425293,2026-10-09T17:35:49+0900
2025.07,liion,KR,107903,733030,147.2014,0003425293,2026-10-09T17:35:49+0900
2025.07,liion,OTHER,20555180,139639840,147.2014,0003425293,2026-10-09T17:35:49+0900
2025.07,liion,TW,721556,4901828,147.2014,0003425293,2026-10-09T17:35:49+0900
2025.07,liion,US,22253310,151175940,147.2014,0003425293,2026-10-09T17:35:49+0900
2025.07,liion,VN,1723,11705,147.2014,0003425293,2026-10-09T17:35:49+0900
2025.07,liion,WORLD,44742310,303953019,147.2014,0003425293,2026-10-09T17:35:49+0900
2025.07,mlcc,CN,20667165,140400601,147.2014,0003425293,2026-10-09T17:35:49+0900
2025.07,mlcc,KR,5240837,35603174,147.2014,0003425293,2026-10-09T17:35:49+0900
2025.07,mlcc,OTHER,20008611,135926771,147.2014,0003425293,2026-10-09T17:35:49+0900
2025.07,mlcc,TW,10126328,68792335,147.2014,0003425293,2026-10-09T17:35:49+0900
2025.07,mlcc,US,5414471,36782741,147.2014,0003425293,2026-10-09T17:35:49+0900
2025.07,mlcc,VN,2474935,16813257,147.2014,0003425293,2026-10-09T17:35:49+0900
2025.07,mlcc,WORLD,63932347,434318879,147.2014,0003425293,2026-10-09T17:35:49+0900
2025.07,pcb,CN,9509931,64604895,147.2014,0003425293,2026-10-09T17:35:49+0900
2025.07,pcb,KR,3511941,23858068,147.2014,0003425293,2026-10-09T17:35:49+0900
2025.07,pcb,OTHER,19218466,130558989,147.2014,0003425293,2026-10-09T17:35:49+0900
2025.07,pcb,TW,2909408,19764812,147.2014,0003425293,2026-10-09T17:35:49+0900
2025.07,pcb,US,2408483,16361821,147.2014,0003425293,2026-10-09T17:35:49+0900
2025.07,pcb,VN,3188645,21661784,147.2014,0003425293,2026-10-09T17:35:49+0900
2025.07,pcb,WORLD,40746874,276810370,147.2014,0003425293,2026-10-09T17:35:49+0900
2025.07,photoresist,CN,15366926,104393885,147.2014,0003425293,2026-10-09T17:35:49+0900
2025.07,photoresist,KR,5318367,36129867,147.2014,0003425293,2026-10-09T17:35:49+0900
2025.07,photoresist,OTHER,8842491,60070699,147.2014,0003425293,2026-10-09T17:35:49+0900
2025.07,photoresist,TW,12325399,83731534,147.2014,0003425293,2026-10-09T17:35:49+0900
2025.07,photoresist,US,4500180,30571584,147.2014,0003425293,2026-10-09T17:35:49+0900
2025.07,photoresist,VN,437432,2971657,147.2014,0003425293,2026-10-09T17:35:49+0900
2025.07,photoresist,WORLD,46790795,317869225,147.2014,0003425293,2026-10-09T17:35:49+0900
2025.07,semi_equip,CN,156405280,1062525764,147.2014,0003425293,2026-10-09T17:35:49+0900
2025.07,semi_equip,KR,42359560,287766013,147.2014,0003425293,2026-10-09T17:35:49+0900
2025.07,semi_equip,OTHER,35713690,242617869,147.2014,0003425293,2026-10-09T17:35:49+0900
2025.07,semi_equip,TW,86066780,584687238,147.2014,0003425293,2026-10-09T17:35:49+0900
2025.07,semi_equip,US,30208613,205219604,147.2014,0003425293,2026-10-09T17:35:49+0900
2025.07,semi_equip,VN,189261,1285728,147.2014,0003425293,2026-10-09T17:35:49+0900
2025.07,semi_equip,WORLD,350943184,2384102216,147.2014,0003425293,2026-10-09T17:35:49+0900
2025.07,semi_fab_equip,CN,102943222,699335889,147.2014,0003425293,2026-10-09T17:35:49+0900
2025.07,semi_fab_equip,KR,22032429,149675404,147.2014,0003425293,2026-10-09T17:35:49+0900
2025.07,semi_fab_equip,OTHER,15352991,104299219,147.2014,0003425293,2026-10-09T17:35:49+0900
2025.07,semi_fab_equip,TW,46039638,312766305,147.2014,0003425293,2026-10-09T17:35:49+0900
2025.07,semi_fab_equip,US,10897237,74029439,147.2014,0003425293,2026-10-09T17:35:49+0900
2025.07,semi_fab_equip,VN,32015,217491,147.2014,0003425293,2026-10-09T17:35:49+0900
2025.07,semi_fab_equip,WORLD,197297532,1340323747,147.2014,0003425293,2026-10-09T17:35:49+0900
2025.07,semi_test,CN,8439526,57333191,147.2014,0003425293,2026-10-09T17:35:49+0900
2025.07,semi_test,KR,6008450,40817886,147.2014,0003425293,2026-10-09T17:35:49+0900
2025.07,semi_test,OTHER,1051514,7143370,147.2014,0003425293,2026-10-09T17:35:49+0900
2025.07,semi_test,TW,1793219,12182078,147.2014,0003425293,2026-10-09T17:35:49+0900
2025.07,semi_test,US,1626535,11049725,147.2014,0003425293,2026-10-09T17:35:49+0900
2025.07,semi_test,VN,0,0,147.2014,0003425293,2026-10-09T17:35:49+0900
2025.07,semi_test,WORLD,18919244,128526250,147.2014,0003425293,2026-10-09T17:35:49+0900
2025.07,transformer,CN,10017872,68055548,147.2014,0003425293,2026-10-09T17:35:49+0900
2025.07,transformer,KR,3184176,21631425,147.2014,0003425293,2026-10-09T17:35:49+0900
2025.07,transformer,OTHER,25879191,175808049,147.2014,0003425293,2026-10-09T17:35:49+0900
2025.07,transformer,TW,3711328,25212586,147.2014,0003425293,2026-10-09T17:35:49+0900
2025.07,transformer,US,17207928,116900573,147.2014,0003425293,2026-10-09T17:35:49+0900
2025.07,transformer,VN,930883,6323873,147.2014,0003425293,2026-10-09T17:35:49+0900
2025.07,transformer,WORLD,60931378,413932055,147.2014,0003425293,2026-10-09T17:35:49+0900
2025.07,transformer_large,KR,0,0,147.2014,0003425293,2026-10-09T17:35:49+0900
2025.07,transformer_large,OTHER,1363282,9261339,147.2014,0003425293,2026-10-09T17:35:49+0900
2025.07,transformer_large,TW,841210,5714687,147.2014,0003425293,2026-10-09T17:35:49+0900
2025.07,transformer_large,US,0,0,147.2014,0003425293,2026-10-09T17:35:49+0900
2025.07,transformer_large,WORLD,2204492,14976026,147.2014,0003425293,2026-10-09T17:35:49+0900
2025.07,wafer,CN,8451070,57411614,147.2014,0003425293,2026-10-09T17:35:49+0900
2025.07,wafer,KR,7811273,53065209,147.2014,0003425293,2026-10-09T17:35:49+0900
2025.07,wafer,OTHER,10536817,71580956,147.2014,0003425293,2026-10-09T17:35:49+0900
2025.07,wafer,TW,22124076,150298000,147.2014,0003425293,2026-10-09T17:35:49+0900
2025.07,wafer,US,7239176,49178717,147.2014,0003425293,2026-10-09T17:35:49+0900
2025.07,wafer,VN,873,5931,147.2014,0003425293,2026-10-09T17:35:49+0900
2025.07,wafer,WORLD,56163285,381540427,147.2014,0003425293,2026-10-09T17:35:49+0900
2025.08,discrete,CN,31220395,211694409,147.4786,0003425293,2026-10-09T17:35:49+0900
2025.08,discrete,KR,3299479,22372595,147.4786,0003425293,2026-10-09T17:35:49+0900
2025.08,discrete,OTHER,55268059,374753076,147.4786,0003425293,2026-10-09T17:35:49+0900
2025.08,discrete,TW,5679656,38511730,147.4786,0003425293,2026-10-09T17:35:49+0900
2025.08,discrete,US,9737636,66027451,147.4786,0003425293,2026-10-09T17:35:49+0900
2025.08,discrete,VN,1911684,12962450,147.4786,0003425293,2026-10-09T17:35:49+0900
2025.08,discrete,WORLD,107116909,726321710,147.4786,0003425293,2026-10-09T17:35:49+0900
2025.08,ic,CN,86395373,585816335,147.4786,0003425293,2026-10-09T17:35:49+0900
2025.08,ic,KR,46289049,313869599,147.4786,0003425293,2026-10-09T17:35:49+0900
2025.08,ic,OTHER,162565681,1102300137,147.4786,0003425293,2026-10-09T17:35:49+0900
2025.08,ic,TW,125035045,847818226,147.4786,0003425293,2026-10-09T17:35:49+0900
2025.08,ic,US,9339741,63329466,147.4786,0003425293,2026-10-09T17:35:49+0900
2025.08,ic,VN,48140544,326423929,147.4786,0003425293,2026-10-09T17:35:49+0900
2025.08,ic,WORLD,477765433,3239557692,147.4786,0003425293,2026-10-09T17:35:49+0900
2025.08,liion,CN,859339,5826873,147.4786,0003425293,2026-10-09T17:35:49+0900
2025.08,liion,KR,115207,781178,147.4786,0003425293,2026-10-09T17:35:49+0900
2025.08,liion,OTHER,20156633,136674968,147.4786,0003425293,2026-10-09T17:35:49+0900
2025.08,liion,TW,494097,3350296,147.4786,0003425293,2026-10-09T17:35:49+0900
2025.08,liion,US,15732288,106675057,147.4786,0003425293,2026-10-09T17:35:49+0900
2025.08,liion,VN,2589,17555,147.4786,0003425293,2026-10-09T17:35:49+0900
2025.08,liion,WORLD,37360153,253325927,147.4786,0003425293,2026-10-09T17:35:49+0900
2025.08,mlcc,CN,18804052,127503597,147.4786,0003425293,2026-10-09T17:35:49+0900
2025.08,mlcc,KR,4169794,28273892,147.4786,0003425293,2026-10-09T17:35:49+0900
2025.08,mlcc,OTHER,19693158,133532309,147.4786,0003425293,2026-10-09T17:35:49+0900
2025.08,mlcc,TW,8813219,59759307,147.4786,0003425293,2026-10-09T17:35:49+0900
2025.08,mlcc,US,5321029,36080008,147.4786,0003425293,2026-10-09T17:35:49+0900
2025.08,mlcc,VN,2098811,14231292,147.4786,0003425293,2026-10-09T17:35:49+0900
2025.08,mlcc,WORLD,58900063,399380405,147.4786,0003425293,2026-10-09T17:35:49+0900
2025.08,pcb,CN,9437873,63994864,147.4786,0003425293,2026-10-09T17:35:49+0900
2025.08,pcb,KR,3712936,25176100,147.4786,0003425293,2026-10-09T17:35:49+0900
2025.08,pcb,OTHER,17256219,117008291,147.4786,0003425293,2026-10-09T17:35:49+0900
2025.08,pcb,TW,2733330,18533740,147.4786,0003425293,2026-10-09T17:35:49+0900
2025.08,pcb,US,1918312,13007392,147.4786,0003425293,2026-10-09T17:35:49+0900
2025.08,pcb,VN,2750745,18651825,147.4786,0003425293,2026-10-09T17:35:49+0900
2025.08,pcb,WORLD,37809415,256372213,147.4786,0003425293,2026-10-09T17:35:49+0900
2025.08,photoresist,CN,14748526,100004516,147.4786,0003425293,2026-10-09T17:35:49+0900
2025.08,photoresist,KR,4851766,32898102,147.4786,0003425293,2026-10-09T17:35:49+0900
2025.08,photoresist,OTHER,8149536,55259109,147.4786,0003425293,2026-10-09T17:35:49+0900
2025.08,photoresist,TW,10916990,74024231,147.4786,0003425293,2026-10-09T17:35:49+0900
2025.08,photoresist,US,3242569,21986709,147.4786,0003425293,2026-10-09T17:35:49+0900
2025.08,photoresist,VN,661686,4486658,147.4786,0003425293,2026-10-09T17:35:49+0900
2025.08,photoresist,WORLD,42571073,288659324,147.4786,0003425293,2026-10-09T17:35:49+0900
2025.08,semi_equip,CN,167537076,1136009401,147.4786,0003425293,2026-10-09T17:35:49+0900
2025.08,semi_equip,KR,49996635,339009422,147.4786,0003425293,2026-10-09T17:35:49+0900
2025.08,semi_equip,OTHER,26545342,179994535,147.4786,0003425293,2026-10-09T17:35:49+0900
2025.08,semi_equip,TW,82410147,558793933,147.4786,0003425293,2026-10-09T17:35:49+0900
2025.08,semi_equip,US,22815809,154705896,147.4786,0003425293,2026-10-09T17:35:49+0900
2025.08,semi_equip,VN,187688,1272646,147.4786,0003425293,2026-10-09T17:35:49+0900
2025.08,semi_equip,WORLD,349492697,2369785833,147.4786,0003425293,2026-10-09T17:35:49+0900
2025.08,semi_fab_equip,CN,112059902,759838390,147.4786,0003425293,2026-10-09T17:35:49+0900
2025.08,semi_fab_equip,KR,36203141,245480639,147.4786,0003425293,2026-10-09T17:35:49+0900
2025.08,semi_fab_equip,OTHER,8836623,59918002,147.4786,0003425293,2026-10-09T17:35:49+0900
2025.08,semi_fab_equip,TW,50491951,342367984,147.4786,0003425293,2026-10-09T17:35:49+0900
2025.08,semi_fab_equip,US,7080946,48013380,147.4786,0003425293,2026-10-09T17:35:49+0900
2025.08,semi_fab_equip,VN,33514,227247,147.4786,0003425293,2026-10-09T17:35:49+0900
2025.08,semi_fab_equip,WORLD,214706077,1455845641,147.4786,0003425293,2026-10-09T17:35:49+0900
2025.08,semi_test,CN,7089201,48069354,147.4786,0003425293,2026-10-09T17:35:49+0900
2025.08,semi_test,KR,3448158,23380735,147.4786,0003425293,2026-10-09T17:35:49+0900
2025.08,semi_test,OTHER,1398787,9484678,147.4786,0003425293,2026-10-09T17:35:49+0900
2025.08,semi_test,TW,4188102,28398032,147.4786,0003425293,2026-10-09T17:35:49+0900
2025.08,semi_test,US,465937,3159353,147.4786,0003425293,2026-10-09T17:35:49+0900
2025.08,semi_test,VN,0,0,147.4786,0003425293,2026-10-09T17:35:49+0900
2025.08,semi_test,WORLD,16590185,112492151,147.4786,0003425293,2026-10-09T17:35:49+0900
2025.08,transformer,CN,9805247,66485897,147.4786,0003425293,2026-10-09T17:35:49+0900
2025.08,transformer,KR,2642839,17920152,147.4786,0003425293,2026-10-09T17:35:49+0900
2025.08,transformer,OTHER,24083978,163304900,147.4786,0003425293,2026-10-09T17:35:49+0900
2025.08,transformer,TW,2796831,18964318,147.4786,0003425293,2026-10-09T17:35:49+0900
2025.08,transformer,US,13662984,92643841,147.4786,0003425293,2026-10-09T17:35:49+0900
2025.08,transformer,VN,691599,4689487,147.4786,0003425293,2026-10-09T17:35:49+0900
2025.08,transformer,WORLD,53683478,364008595,147.4786,0003425293,2026-10-09T17:35:49+0900
2025.08,transformer_large,KR,0,0,147.4786,0003425293,2026-10-09T17:35:49+0900
2025.08,transformer_large,OTHER,302946,2054169,147.4786,0003425293,2026-10-09T17:35:49+0900
2025.08,transformer_large,TW,0,0,147.4786,0003425293,2026-10-09T17:35:49+0900
2025.08,transformer_large,US,0,0,147.4786,0003425293,2026-10-09T17:35:49+0900
2025.08,transformer_large,WORLD,302946,2054169,147.4786,0003425293,2026-10-09T17:35:49+0900
2025.08,wafer,CN,8808902,59730035,147.4786,0003425293,2026-10-09T17:35:49+0900
2025.08,wafer,KR,8874084,60172011,147.4786,0003425293,2026-10-09T17:35:49+0900
2025.08,wafer,OTHER,11269544,76414775,147.4786,0003425293,2026-10-09T17:35:49+0900
2025.08,wafer,TW,19208171,130243785,147.4786,0003425293,2026-10-09T17:35:49+0900
2025.08,wafer,US,7514889,50955793,147.4786,0003425293,2026-10-09T17:35:49+0900
2025.08,wafer,VN,5601,37978,147.4786,0003425293,2026-10-09T17:35:49+0900
2025.08,wafer,WORLD,55681191,377554377,147.4786,0003425293,2026-10-09T17:35:49+0900
2025.09,discrete,CN,35205265,238093971,147.8629,0003425293,2026-10-09T17:35:49+0900
2025.09,discrete,KR,3473124,23488813,147.8629,0003425293,2026-10-09T17:35:49+0900
2025.09,discrete,OTHER,62285548,421238512,147.8629,0003425293,2026-10-09T17:35:49+0900
2025.09,discrete,TW,5123524,34650504,147.8629,0003425293,2026-10-09T17:35:49+0900
2025.09,discrete,US,9374517,63400062,147.8629,0003425293,2026-10-09T17:35:49+0900
2025.09,discrete,VN,1527920,10333356,147.8629,0003425293,2026-10-09T17:35:49+0900
2025.09,discrete,WORLD,116989898,791205218,147.8629,0003425293,2026-10-09T17:35:49+0900
2025.09,ic,CN,90659637,613133092,147.8629,0003425293,2026-10-09T17:35:49+0900
2025.09,ic,KR,58651609,396662104,147.8629,0003425293,2026-10-09T17:35:49+0900
2025.09,ic,OTHER,176825747,1195876362,147.8629,0003425293,2026-10-09T17:35:49+0900
2025.09,ic,TW,121201821,819690544,147.8629,0003425293,2026-10-09T17:35:49+0900
2025.09,ic,US,9052213,61220313,147.8629,0003425293,2026-10-09T17:35:49+0900
2025.09,ic,VN,48414837,327430593,147.8629,0003425293,2026-10-09T17:35:49+0900
2025.09,ic,WORLD,504805864,3414013008,147.8629,0003425293,2026-10-09T17:35:49+0900
2025.09,liion,CN,1331210,9003002,147.8629,0003425293,2026-10-09T17:35:49+0900
2025.09,liion,KR,43209,292223,147.8629,0003425293,2026-10-09T17:35:49+0900
2025.09,liion,OTHER,26824131,181412180,147.8629,0003425293,2026-10-09T17:35:49+0900
2025.09,liion,TW,831735,5625042,147.8629,0003425293,2026-10-09T17:35:49+0900
2025.09,liion,US,25719709,173942950,147.8629,0003425293,2026-10-09T17:35:49+0900
2025.09,liion,VN,5022,33964,147.8629,0003425293,2026-10-09T17:35:49+0900
2025.09,liion,WORLD,54755016,370309361,147.8629,0003425293,2026-10-09T17:35:49+0900
2025.09,mlcc,CN,19688062,133150790,147.8629,0003425293,2026-10-09T17:35:49+0900
2025.09,mlcc,KR,4763632,32216547,147.8629,0003425293,2026-10-09T17:35:49+0900
2025.09,mlcc,OTHER,20080039,135801739,147.8629,0003425293,2026-10-09T17:35:49+0900
2025.09,mlcc,TW,8987491,60782597,147.8629,0003425293,2026-10-09T17:35:49+0900
2025.09,mlcc,US,6161973,41673557,147.8629,0003425293,2026-10-09T17:35:49+0900
2025.09,mlcc,VN,2231566,15092129,147.8629,0003425293,2026-10-09T17:35:49+0900
2025.09,mlcc,WORLD,61912763,418717359,147.8629,0003425293,2026-10-09T17:35:49+0900
2025.09,pcb,CN,9904489,66984274,147.8629,0003425293,2026-10-09T17:35:49+0900
2025.09,pcb,KR,3579576,24208750,147.8629,0003425293,2026-10-09T17:35:49+0900
2025.09,pcb,OTHER,18115392,122514789,147.8629,0003425293,2026-10-09T17:35:49+0900
2025.09,pcb,TW,3194965,21607618,147.8629,0003425293,2026-10-09T17:35:49+0900
2025.09,pcb,US,2271263,15360601,147.8629,0003425293,2026-10-09T17:35:49+0900
2025.09,pcb,VN,2718011,18381967,147.8629,0003425293,2026-10-09T17:35:49+0900
2025.09,pcb,WORLD,39783696,269057999,147.8629,0003425293,2026-10-09T17:35:49+0900
2025.09,photoresist,CN,14860985,100505164,147.8629,0003425293,2026-10-09T17:35:49+0900
2025.09,photoresist,KR,5293016,35796782,147.8629,0003425293,2026-10-09T17:35:49+0900
2025.09,photoresist,OTHER,6881900,46542439,147.8629,0003425293,2026-10-09T17:35:49+0900
2025.09,photoresist,TW,11703916,79153838,147.8629,0003425293,2026-10-09T17:35:49+0900
2025.09,photoresist,US,4459349,30158674,147.8629,0003425293,2026-10-09T17:35:49+0900
2025.09,photoresist,VN,562715,3805654,147.8629,0003425293,2026-10-09T17:35:49+0900
2025.09,photoresist,WORLD,43761881,295962550,147.8629,0003425293,2026-10-09T17:35:49+0900
2025.09,semi_equip,CN,196997402,1332297703,147.8629,0003425293,2026-10-09T17:35:49+0900
2025.09,semi_equip,KR,53300928,360475332,147.8629,0003425293,2026-10-09T17:35:49+0900
2025.09,semi_equip,OTHER,29871117,202019012,147.8629,0003425293,2026-10-09T17:35:49+0900
2025.09,semi_equip,TW,71881689,486137422,147.8629,0003425293,2026-10-09T17:35:49+0900
2025.09,semi_equip,US,31731294,214599430,147.8629,0003425293,2026-10-09T17:35:49+0900
2025.09,semi_equip,VN,620144,4194047,147.8629,0003425293,2026-10-09T17:35:49+0900
2025.09,semi_equip,WORLD,384402574,2599722946,147.8629,0003425293,2026-10-09T17:35:49+0900
2025.09,semi_fab_equip,CN,133749984,904554043,147.8629,0003425293,2026-10-09T17:35:49+0900
2025.09,semi_fab_equip,KR,40356262,272930275,147.8629,0003425293,2026-10-09T17:35:49+0900
2025.09,semi_fab_equip,OTHER,12391039,83800866,147.8629,0003425293,2026-10-09T17:35:49+0900
2025.09,semi_fab_equip,TW,39070180,264232475,147.8629,0003425293,2026-10-09T17:35:49+0900
2025.09,semi_fab_equip,US,14218168,96157779,147.8629,0003425293,2026-10-09T17:35:49+0900
2025.09,semi_fab_equip,VN,454033,3070635,147.8629,0003425293,2026-10-09T17:35:49+0900
2025.09,semi_fab_equip,WORLD,240239666,1624746072,147.8629,0003425293,2026-10-09T17:35:49+0900
2025.09,semi_test,CN,7259623,49096988,147.8629,0003425293,2026-10-09T17:35:49+0900
2025.09,semi_test,KR,6309781,42673186,147.8629,0003425293,2026-10-09T17:35:49+0900
2025.09,semi_test,OTHER,2522603,17060419,147.8629,0003425293,2026-10-09T17:35:49+0900
2025.09,semi_test,TW,1932884,13072136,147.8629,0003425293,2026-10-09T17:35:49+0900
2025.09,semi_test,US,62333,421559,147.8629,0003425293,2026-10-09T17:35:49+0900
2025.09,semi_test,VN,17301,117007,147.8629,0003425293,2026-10-09T17:35:49+0900
2025.09,semi_test,WORLD,18104525,122441295,147.8629,0003425293,2026-10-09T17:35:49+0900
2025.09,transformer,CN,10624146,71851330,147.8629,0003425293,2026-10-09T17:35:49+0900
2025.09,transformer,KR,2923570,19772167,147.8629,0003425293,2026-10-09T17:35:49+0900
2025.09,transformer,OTHER,24210516,163736245,147.8629,0003425293,2026-10-09T17:35:49+0900
2025.09,transformer,TW,3130099,21168927,147.8629,0003425293,2026-10-09T17:35:49+0900
2025.09,transformer,US,15130568,102328360,147.8629,0003425293,2026-10-09T17:35:49+0900
2025.09,transformer,VN,678700,4590063,147.8629,0003425293,2026-10-09T17:35:49+0900
2025.09,transformer,WORLD,56697599,383447092,147.8629,0003425293,2026-10-09T17:35:49+0900
2025.09,transformer_large,KR,0,0,147.8629,0003425293,2026-10-09T17:35:49+0900
2025.09,transformer_large,OTHER,365452,2471560,147.8629,0003425293,2026-10-09T17:35:49+0900
2025.09,transformer_large,TW,0,0,147.8629,0003425293,2026-10-09T17:35:49+0900
2025.09,transformer_large,US,302000,2042433,147.8629,0003425293,2026-10-09T17:35:49+0900
2025.09,transformer_large,WORLD,667452,4513992,147.8629,0003425293,2026-10-09T17:35:49+0900
2025.09,wafer,CN,9443741,63868225,147.8629,0003425293,2026-10-09T17:35:49+0900
2025.09,wafer,KR,8649954,58499827,147.8629,0003425293,2026-10-09T17:35:49+0900
2025.09,wafer,OTHER,12047325,81476320,147.8629,0003425293,2026-10-09T17:35:49+0900
2025.09,wafer,TW,23694565,160246857,147.8629,0003425293,2026-10-09T17:35:49+0900
2025.09,wafer,US,7583365,51286462,147.8629,0003425293,2026-10-09T17:35:49+0900
2025.09,wafer,VN,338,2286,147.8629,0003425293,2026-10-09T17:35:49+0900
2025.09,wafer,WORLD,61419288,415379977,147.8629,0003425293,2026-10-09T17:35:49+0900
2025.10,discrete,CN,34561160,228345771,151.3545,0003425293,2026-10-09T17:35:49+0900
2025.10,discrete,KR,3341410,22076714,151.3545,0003425293,2026-10-09T17:35:49+0900
2025.10,discrete,OTHER,63572633,420024730,151.3545,0003425293,2026-10-09T17:35:49+0900
2025.10,discrete,TW,4278258,28266474,151.3545,0003425293,2026-10-09T17:35:49+0900
2025.10,discrete,US,9667808,63875260,151.3545,0003425293,2026-10-09T17:35:49+0900
2025.10,discrete,VN,1935649,12788843,151.3545,0003425293,2026-10-09T17:35:49+0900
2025.10,discrete,WORLD,117356918,775377792,151.3545,0003425293,2026-10-09T17:35:49+0900
2025.10,ic,CN,94098756,621710990,151.3545,0003425293,2026-10-09T17:35:49+0900
2025.10,ic,KR,52398061,346194272,151.3545,0003425293,2026-10-09T17:35:49+0900
2025.10,ic,OTHER,159964889,1056888887,151.3545,0003425293,2026-10-09T17:35:49+0900
2025.10,ic,TW,132901459,878080658,151.3545,0003425293,2026-10-09T17:35:49+0900
2025.10,ic,US,7606868,50258618,151.3545,0003425293,2026-10-09T17:35:49+0900
2025.10,ic,VN,53940603,356385856,151.3545,0003425293,2026-10-09T17:35:49+0900
2025.10,ic,WORLD,500910636,3309519281,151.3545,0003425293,2026-10-09T17:35:49+0900
2025.10,liion,CN,1502906,9929708,151.3545,0003425293,2026-10-09T17:35:49+0900
2025.10,liion,KR,24911,164587,151.3545,0003425293,2026-10-09T17:35:49+0900
2025.10,liion,OTHER,24496313,161847272,151.3545,0003425293,2026-10-09T17:35:49+0900
2025.10,liion,TW,572896,3785127,151.3545,0003425293,2026-10-09T17:35:49+0900
2025.10,liion,US,24140820,159498528,151.3545,0003425293,2026-10-09T17:35:49+0900
2025.10,liion,VN,12280,81134,151.3545,0003425293,2026-10-09T17:35:49+0900
2025.10,liion,WORLD,50750126,335306357,151.3545,0003425293,2026-10-09T17:35:49+0900
2025.10,mlcc,CN,18686606,123462507,151.3545,0003425293,2026-10-09T17:35:49+0900
2025.10,mlcc,KR,3635956,24022781,151.3545,0003425293,2026-10-09T17:35:49+0900
2025.10,mlcc,OTHER,22919378,151428454,151.3545,0003425293,2026-10-09T17:35:49+0900
2025.10,mlcc,TW,9353880,61801136,151.3545,0003425293,2026-10-09T17:35:49+0900
2025.10,mlcc,US,5926459,39156147,151.3545,0003425293,2026-10-09T17:35:49+0900
2025.10,mlcc,VN,2001148,13221596,151.3545,0003425293,2026-10-09T17:35:49+0900
2025.10,mlcc,WORLD,62523427,413092620,151.3545,0003425293,2026-10-09T17:35:49+0900
2025.10,pcb,CN,8997292,59445157,151.3545,0003425293,2026-10-09T17:35:49+0900
2025.10,pcb,KR,3283746,21695728,151.3545,0003425293,2026-10-09T17:35:49+0900
2025.10,pcb,OTHER,16045347,106011694,151.3545,0003425293,2026-10-09T17:35:49+0900
2025.10,pcb,TW,3394599,22428134,151.3545,0003425293,2026-10-09T17:35:49+0900
2025.10,pcb,US,2428181,16043005,151.3545,0003425293,2026-10-09T17:35:49+0900
2025.10,pcb,VN,2836602,18741445,151.3545,0003425293,2026-10-09T17:35:49+0900
2025.10,pcb,WORLD,36985767,244365163,151.3545,0003425293,2026-10-09T17:35:49+0900
2025.10,photoresist,CN,15920266,105185284,151.3545,0003425293,2026-10-09T17:35:49+0900
2025.10,photoresist,KR,4710027,31119174,151.3545,0003425293,2026-10-09T17:35:49+0900
2025.10,photoresist,OTHER,7321479,48373051,151.3545,0003425293,2026-10-09T17:35:49+0900
2025.10,photoresist,TW,12408671,81984156,151.3545,0003425293,2026-10-09T17:35:49+0900
2025.10,photoresist,US,4989330,32964530,151.3545,0003425293,2026-10-09T17:35:49+0900
2025.10,photoresist,VN,630232,4163946,151.3545,0003425293,2026-10-09T17:35:49+0900
2025.10,photoresist,WORLD,45980005,303790142,151.3545,0003425293,2026-10-09T17:35:49+0900
2025.10,semi_equip,CN,149205068,985798691,151.3545,0003425293,2026-10-09T17:35:49+0900
2025.10,semi_equip,KR,55427910,366212501,151.3545,0003425293,2026-10-09T17:35:49+0900
2025.10,semi_equip,OTHER,45011880,297393735,151.3545,0003425293,2026-10-09T17:35:49+0900
2025.10,semi_equip,TW,84047316,555301071,151.3545,0003425293,2026-10-09T17:35:49+0900
2025.10,semi_equip,US,29031257,191809672,151.3545,0003425293,2026-10-09T17:35:49+0900
2025.10,semi_equip,VN,814476,5381247,151.3545,0003425293,2026-10-09T17:35:49+0900
2025.10,semi_equip,WORLD,363537907,2401896918,151.3545,0003425293,2026-10-09T17:35:49+0900
2025.10,semi_fab_equip,CN,99246189,655720107,151.3545,0003425293,2026-10-09T17:35:49+0900
2025.10,semi_fab_equip,KR,37284599,246339547,151.3545,0003425293,2026-10-09T17:35:49+0900
2025.10,semi_fab_equip,OTHER,20730898,136969155,151.3545,0003425293,2026-10-09T17:35:49+0900
2025.10,semi_fab_equip,TW,50024432,330511693,151.3545,0003425293,2026-10-09T17:35:49+0900
2025.10,semi_fab_equip,US,10741726,70970642,151.3545,0003425293,2026-10-09T17:35:49+0900
2025.10,semi_fab_equip,VN,564500,3729655,151.3545,0003425293,2026-10-09T17:35:49+0900
2025.10,semi_fab_equip,WORLD,218592344,1444240799,151.3545,0003425293,2026-10-09T17:35:49+0900
2025.10,semi_test,CN,6659500,43999353,151.3545,0003425293,2026-10-09T17:35:49+0900
2025.10,semi_test,KR,3152001,20825288,151.3545,0003425293,2026-10-09T17:35:49+0900
2025.10,semi_test,OTHER,831178,5491598,151.3545,0003425293,2026-10-09T17:35:49+0900
2025.10,semi_test,TW,3733416,24666700,151.3545,0003425293,2026-10-09T17:35:49+0900
2025.10,semi_test,US,941036,6217430,151.3545,0003425293,2026-10-09T17:35:49+0900
2025.10,semi_test,VN,0,0,151.3545,0003425293,2026-10-09T17:35:49+0900
2025.10,semi_test,WORLD,15317131,101200367,151.3545,0003425293,2026-10-09T17:35:49+0900
2025.10,transformer,CN,11494794,75946166,151.3545,0003425293,2026-10-09T17:35:49+0900
2025.10,transformer,KR,2396067,15830828,151.3545,0003425293,2026-10-09T17:35:49+0900
2025.10,transformer,OTHER,27126341,179223882,151.3545,0003425293,2026-10-09T17:35:49+0900
2025.10,transformer,TW,2904787,19191943,151.3545,0003425293,2026-10-09T17:35:49+0900
2025.10,transformer,US,16918284,111779194,151.3545,0003425293,2026-10-09T17:35:49+0900
2025.10,transformer,VN,765082,5054901,151.3545,0003425293,2026-10-09T17:35:49+0900
2025.10,transformer,WORLD,61605355,407026914,151.3545,0003425293,2026-10-09T17:35:49+0900
2025.10,transformer_large,KR,1283,8477,151.3545,0003425293,2026-10-09T17:35:49+0900
2025.10,transformer_large,OTHER,1991725,13159338,151.3545,0003425293,2026-10-09T17:35:49+0900
2025.10,transformer_large,TW,0,0,151.3545,0003425293,2026-10-09T17:35:49+0900
2025.10,transformer_large,US,0,0,151.3545,0003425293,2026-10-09T17:35:49+0900
2025.10,transformer_large,WORLD,1993008,13167815,151.3545,0003425293,2026-10-09T17:35:49+0900
2025.10,wafer,CN,7119358,47037637,151.3545,0003425293,2026-10-09T17:35:49+0900
2025.10,wafer,KR,8991111,59404319,151.3545,0003425293,2026-10-09T17:35:49+0900
2025.10,wafer,OTHER,11322726,74809312,151.3545,0003425293,2026-10-09T17:35:49+0900
2025.10,wafer,TW,22903053,151320595,151.3545,0003425293,2026-10-09T17:35:49+0900
2025.10,wafer,US,7309990,48297143,151.3545,0003425293,2026-10-09T17:35:49+0900
2025.10,wafer,VN,4300,28410,151.3545,0003425293,2026-10-09T17:35:49+0900
2025.10,wafer,WORLD,57650538,380897416,151.3545,0003425293,2026-10-09T17:35:49+0900
2025.11,discrete,CN,36156425,233055103,155.1411,0003425293,2026-10-09T17:35:49+0900
2025.11,discrete,KR,3242638,20901218,155.1411,0003425293,2026-10-09T17:35:49+0900
2025.11,discrete,OTHER,61099152,393829565,155.1411,0003425293,2026-10-09T17:35:49+0900
2025.11,discrete,TW,4453141,28703812,155.1411,0003425293,2026-10-09T17:35:49+0900
2025.11,discrete,US,8186628,52768918,155.1411,0003425293,2026-10-09T17:35:49+0900
2025.11,discrete,VN,1723527,11109416,155.1411,0003425293,2026-10-09T17:35:49+0900
2025.11,discrete,WORLD,114861511,740368033,155.1411,0003425293,2026-10-09T17:35:49+0900
2025.11,ic,CN,95205323,613669253,155.1411,0003425293,2026-10-09T17:35:49+0900
2025.11,ic,KR,53437214,344442665,155.1411,0003425293,2026-10-09T17:35:49+0900
2025.11,ic,OTHER,140029462,902594232,155.1411,0003425293,2026-10-09T17:35:49+0900
2025.11,ic,TW,116591244,751517451,155.1411,0003425293,2026-10-09T17:35:49+0900
2025.11,ic,US,7405253,47732374,155.1411,0003425293,2026-10-09T17:35:49+0900
2025.11,ic,VN,46629131,300559497,155.1411,0003425293,2026-10-09T17:35:49+0900
2025.11,ic,WORLD,459297627,2960515473,155.1411,0003425293,2026-10-09T17:35:49+0900
2025.11,liion,CN,1389139,8954036,155.1411,0003425293,2026-10-09T17:35:49+0900
2025.11,liion,KR,38916,250843,155.1411,0003425293,2026-10-09T17:35:49+0900
2025.11,liion,OTHER,24978695,161006303,155.1411,0003425293,2026-10-09T17:35:49+0900
2025.11,liion,TW,802615,5173452,155.1411,0003425293,2026-10-09T17:35:49+0900
2025.11,liion,US,23757372,153133966,155.1411,0003425293,2026-10-09T17:35:49+0900
2025.11,liion,VN,6706,43225,155.1411,0003425293,2026-10-09T17:35:49+0900
2025.11,liion,WORLD,50973443,328561825,155.1411,0003425293,2026-10-09T17:35:49+0900
2025.11,mlcc,CN,19716400,127086891,155.1411,0003425293,2026-10-09T17:35:49+0900
2025.11,mlcc,KR,4443317,28640489,155.1411,0003425293,2026-10-09T17:35:49+0900
2025.11,mlcc,OTHER,21400208,137940288,155.1411,0003425293,2026-10-09T17:35:49+0900
2025.11,mlcc,TW,7614174,49079025,155.1411,0003425293,2026-10-09T17:35:49+0900
2025.11,mlcc,US,4621788,29790868,155.1411,0003425293,2026-10-09T17:35:49+0900
2025.11,mlcc,VN,2087955,13458426,155.1411,0003425293,2026-10-09T17:35:49+0900
2025.11,mlcc,WORLD,59883842,385995987,155.1411,0003425293,2026-10-09T17:35:49+0900
2025.11,pcb,CN,8276424,53347720,155.1411,0003425293,2026-10-09T17:35:49+0900
2025.11,pcb,KR,3328512,21454740,155.1411,0003425293,2026-10-09T17:35:49+0900
2025.11,pcb,OTHER,17238024,111111910,155.1411,0003425293,2026-10-09T17:35:49+0900
2025.11,pcb,TW,3411238,21987971,155.1411,0003425293,2026-10-09T17:35:49+0900
2025.11,pcb,US,2279895,14695622,155.1411,0003425293,2026-10-09T17:35:49+0900
2025.11,pcb,VN,3042156,19608962,155.1411,0003425293,2026-10-09T17:35:49+0900
2025.11,pcb,WORLD,37576249,242206926,155.1411,0003425293,2026-10-09T17:35:49+0900
2025.11,photoresist,CN,14994117,96648258,155.1411,0003425293,2026-10-09T17:35:49+0900
2025.11,photoresist,KR,5214727,33612802,155.1411,0003425293,2026-10-09T17:35:49+0900
2025.11,photoresist,OTHER,8129531,52400885,155.1411,0003425293,2026-10-09T17:35:49+0900
2025.11,photoresist,TW,12412044,80004873,155.1411,0003425293,2026-10-09T17:35:49+0900
2025.11,photoresist,US,5176415,33365852,155.1411,0003425293,2026-10-09T17:35:49+0900
2025.11,photoresist,VN,732226,4719742,155.1411,0003425293,2026-10-09T17:35:49+0900
2025.11,photoresist,WORLD,46659060,300752412,155.1411,0003425293,2026-10-09T17:35:49+0900
2025.11,semi_equip,CN,139873911,901591590,155.1411,0003425293,2026-10-09T17:35:49+0900
2025.11,semi_equip,KR,61765779,398126473,155.1411,0003425293,2026-10-09T17:35:49+0900
2025.11,semi_equip,OTHER,49889274,321573548,155.1411,0003425293,2026-10-09T17:35:49+0900
2025.11,semi_equip,TW,97088367,625806875,155.1411,0003425293,2026-10-09T17:35:49+0900
2025.11,semi_equip,US,30022668,193518468,155.1411,0003425293,2026-10-09T17:35:49+0900
2025.11,semi_equip,VN,582666,3755717,155.1411,0003425293,2026-10-09T17:35:49+0900
2025.11,semi_equip,WORLD,379222665,2444372671,155.1411,0003425293,2026-10-09T17:35:49+0900
2025.11,semi_fab_equip,CN,81868778,527705282,155.1411,0003425293,2026-10-09T17:35:49+0900
2025.11,semi_fab_equip,KR,45155393,291060157,155.1411,0003425293,2026-10-09T17:35:49+0900
2025.11,semi_fab_equip,OTHER,28695983,184966995,155.1411,0003425293,2026-10-09T17:35:49+0900
2025.11,semi_fab_equip,TW,66126329,426233467,155.1411,0003425293,2026-10-09T17:35:49+0900
2025.11,semi_fab_equip,US,6990420,45058466,155.1411,0003425293,2026-10-09T17:35:49+0900
2025.11,semi_fab_equip,VN,459760,2963496,155.1411,0003425293,2026-10-09T17:35:49+0900
2025.11,semi_fab_equip,WORLD,229296663,1477987864,155.1411,0003425293,2026-10-09T17:35:49+0900
2025.11,semi_test,CN,11845327,76351960,155.1411,0003425293,2026-10-09T17:35:49+0900
2025.11,semi_test,KR,5671836,36559210,155.1411,0003425293,2026-10-09T17:35:49+0900
2025.11,semi_test,OTHER,1160131,7477909,155.1411,0003425293,2026-10-09T17:35:49+0900
2025.11,semi_test,TW,2528509,16298125,155.1411,0003425293,2026-10-09T17:35:49+0900
2025.11,semi_test,US,1954277,12596772,155.1411,0003425293,2026-10-09T17:35:49+0900
2025.11,semi_test,VN,0,0,155.1411,0003425293,2026-10-09T17:35:49+0900
2025.11,semi_test,WORLD,23160080,149283974,155.1411,0003425293,2026-10-09T17:35:49+0900
2025.11,transformer,CN,10534587,67903264,155.1411,0003425293,2026-10-09T17:35:49+0900
2025.11,transformer,KR,3496868,22539920,155.1411,0003425293,2026-10-09T17:35:49+0900
2025.11,transformer,OTHER,25060050,161530697,155.1411,0003425293,2026-10-09T17:35:49+0900
2025.11,transformer,TW,2804289,18075732,155.1411,0003425293,2026-10-09T17:35:49+0900
2025.11,transformer,US,13499189,87012333,155.1411,0003425293,2026-10-09T17:35:49+0900
2025.11,transformer,VN,718902,4633859,155.1411,0003425293,2026-10-09T17:35:49+0900
2025.11,transformer,WORLD,56113885,361695805,155.1411,0003425293,2026-10-09T17:35:49+0900
2025.11,transformer_large,KR,939880,6058227,155.1411,0003425293,2026-10-09T17:35:49+0900
2025.11,transformer_large,OTHER,0,0,155.1411,0003425293,2026-10-09T17:35:49+0900
2025.11,transformer_large,TW,0,0,155.1411,0003425293,2026-10-09T17:35:49+0900
2025.11,transformer_large,US,0,0,155.1411,0003425293,2026-10-09T17:35:49+0900
2025.11,transformer_large,WORLD,939880,6058227,155.1411,0003425293,2026-10-09T17:35:49+0900
2025.11,wafer,CN,10352358,66728662,155.1411,0003425293,2026-10-09T17:35:49+0900
2025.11,wafer,KR,8837340,56963242,155.1411,0003425293,2026-10-09T17:35:49+0900
2025.11,wafer,OTHER,12152427,78331448,155.1411,0003425293,2026-10-09T17:35:49+0900
2025.11,wafer,TW,27496475,177235272,155.1411,0003425293,2026-10-09T17:35:49+0900
2025.11,wafer,US,7104911,45796446,155.1411,0003425293,2026-10-09T17:35:49+0900
2025.11,wafer,VN,0,0,155.1411,0003425293,2026-10-09T17:35:49+0900
2025.11,wafer,WORLD,65943511,425055069,155.1411,0003425293,2026-10-09T17:35:49+0900
2025.12,discrete,CN,36897214,236649546,155.9150,0003425293,2026-10-09T17:35:49+0900
2025.12,discrete,KR,3426814,21978732,155.9150,0003425293,2026-10-09T17:35:49+0900
2025.12,discrete,OTHER,66311942,425308290,155.9150,0003425293,2026-10-09T17:35:49+0900
2025.12,discrete,TW,5509209,35334695,155.9150,0003425293,2026-10-09T17:35:49+0900
2025.12,discrete,US,11175673,71677985,155.9150,0003425293,2026-10-09T17:35:49+0900
2025.12,discrete,VN,1936279,12418812,155.9150,0003425293,2026-10-09T17:35:49+0900
2025.12,discrete,WORLD,125257131,803368060,155.9150,0003425293,2026-10-09T17:35:49+0900
2025.12,ic,CN,96545920,619221499,155.9150,0003425293,2026-10-09T17:35:49+0900
2025.12,ic,KR,60825243,390117968,155.9150,0003425293,2026-10-09T17:35:49+0900
2025.12,ic,OTHER,173234312,1111081756,155.9150,0003425293,2026-10-09T17:35:49+0900
2025.12,ic,TW,145696565,934461501,155.9150,0003425293,2026-10-09T17:35:49+0900
2025.12,ic,US,9853732,63199384,155.9150,0003425293,2026-10-09T17:35:49+0900
2025.12,ic,VN,50547617,324199833,155.9150,0003425293,2026-10-09T17:35:49+0900
2025.12,ic,WORLD,536703389,3442281942,155.9150,0003425293,2026-10-09T17:35:49+0900
2025.12,liion,CN,1360171,8723798,155.9150,0003425293,2026-10-09T17:35:49+0900
2025.12,liion,KR,36907,236712,155.9150,0003425293,2026-10-09T17:35:49+0900
2025.12,liion,OTHER,30095709,193026386,155.9150,0003425293,2026-10-09T17:35:49+0900
2025.12,liion,TW,703848,4514306,155.9150,0003425293,2026-10-09T17:35:49+0900
2025.12,liion,US,26740491,171506853,155.9150,0003425293,2026-10-09T17:35:49+0900
2025.12,liion,VN,88396,566950,155.9150,0003425293,2026-10-09T17:35:49+0900
2025.12,liion,WORLD,59025522,378575006,155.9150,0003425293,2026-10-09T17:35:49+0900
2025.12,mlcc,CN,21909133,140519725,155.9150,0003425293,2026-10-09T17:35:49+0900
2025.12,mlcc,KR,4626277,29671789,155.9150,0003425293,2026-10-09T17:35:49+0900
2025.12,mlcc,OTHER,24468266,156933368,155.9150,0003425293,2026-10-09T17:35:49+0900
2025.12,mlcc,TW,8452194,54210268,155.9150,0003425293,2026-10-09T17:35:49+0900
2025.12,mlcc,US,5702239,36572742,155.9150,0003425293,2026-10-09T17:35:49+0900
2025.12,mlcc,VN,2182246,13996383,155.9150,0003425293,2026-10-09T17:35:49+0900
2025.12,mlcc,WORLD,67340355,431904275,155.9150,0003425293,2026-10-09T17:35:49+0900
2025.12,pcb,CN,9485491,60837578,155.9150,0003425293,2026-10-09T17:35:49+0900
2025.12,pcb,KR,3162588,20284052,155.9150,0003425293,2026-10-09T17:35:49+0900
2025.12,pcb,OTHER,16564841,106242767,155.9150,0003425293,2026-10-09T17:35:49+0900
2025.12,pcb,TW,3524922,22607972,155.9150,0003425293,2026-10-09T17:35:49+0900
2025.12,pcb,US,2833827,18175461,155.9150,0003425293,2026-10-09T17:35:49+0900
2025.12,pcb,VN,2919887,18727428,155.9150,0003425293,2026-10-09T17:35:49+0900
2025.12,pcb,WORLD,38491556,246875259,155.9150,0003425293,2026-10-09T17:35:49+0900
2025.12,photoresist,CN,15678837,100560158,155.9150,0003425293,2026-10-09T17:35:49+0900
2025.12,photoresist,KR,5245628,33644152,155.9150,0003425293,2026-10-09T17:35:49+0900
2025.12,photoresist,OTHER,9969187,63939884,155.9150,0003425293,2026-10-09T17:35:49+0900
2025.12,photoresist,TW,13557034,86951441,155.9150,0003425293,2026-10-09T17:35:49+0900
2025.12,photoresist,US,6211851,39841266,155.9150,0003425293,2026-10-09T17:35:49+0900
2025.12,photoresist,VN,698486,4479915,155.9150,0003425293,2026-10-09T17:35:49+0900
2025.12,photoresist,WORLD,51361023,329416817,155.9150,0003425293,2026-10-09T17:35:49+0900
2025.12,semi_equip,CN,174922327,1121908264,155.9150,0003425293,2026-10-09T17:35:49+0900
2025.12,semi_equip,KR,75935901,487033967,155.9150,0003425293,2026-10-09T17:35:49+0900
2025.12,semi_equip,OTHER,55881813,358412039,155.9150,0003425293,2026-10-09T17:35:49+0900
2025.12,semi_equip,TW,106783739,684884322,155.9150,0003425293,2026-10-09T17:35:49+0900
2025.12,semi_equip,US,29510379,189272225,155.9150,0003425293,2026-10-09T17:35:49+0900
2025.12,semi_equip,VN,649337,4164686,155.9150,0003425293,2026-10-09T17:35:49+0900
2025.12,semi_equip,WORLD,443683496,2845675503,155.9150,0003425293,2026-10-09T17:35:49+0900
2025.12,semi_fab_equip,CN,110993710,711886028,155.9150,0003425293,2026-10-09T17:35:49+0900
2025.12,semi_fab_equip,KR,55838047,358131334,155.9150,0003425293,2026-10-09T17:35:49+0900
2025.12,semi_fab_equip,OTHER,31540332,202291839,155.9150,0003425293,2026-10-09T17:35:49+0900
2025.12,semi_fab_equip,TW,69245350,444122439,155.9150,0003425293,2026-10-09T17:35:49+0900
2025.12,semi_fab_equip,US,8561925,54914056,155.9150,0003425293,2026-10-09T17:35:49+0900
2025.12,semi_fab_equip,VN,275356,1766065,155.9150,0003425293,2026-10-09T17:35:49+0900
2025.12,semi_fab_equip,WORLD,276454720,1773111760,155.9150,0003425293,2026-10-09T17:35:49+0900
2025.12,semi_test,CN,13440141,86201719,155.9150,0003425293,2026-10-09T17:35:49+0900
2025.12,semi_test,KR,6019265,38606067,155.9150,0003425293,2026-10-09T17:35:49+0900
2025.12,semi_test,OTHER,2077266,13323067,155.9150,0003425293,2026-10-09T17:35:49+0900
2025.12,semi_test,TW,8621976,55299208,155.9150,0003425293,2026-10-09T17:35:49+0900
2025.12,semi_test,US,880505,5647340,155.9150,0003425293,2026-10-09T17:35:49+0900
2025.12,semi_test,VN,0,0,155.9150,0003425293,2026-10-09T17:35:49+0900
2025.12,semi_test,WORLD,31039153,199077401,155.9150,0003425293,2026-10-09T17:35:49+0900
2025.12,transformer,CN,12303497,78911567,155.9150,0003425293,2026-10-09T17:35:49+0900
2025.12,transformer,KR,2538604,16281974,155.9150,0003425293,2026-10-09T17:35:49+0900
2025.12,transformer,OTHER,28887174,185275144,155.9150,0003425293,2026-10-09T17:35:49+0900
2025.12,transformer,TW,3553622,22792047,155.9150,0003425293,2026-10-09T17:35:49+0900
2025.12,transformer,US,18994968,121828997,155.9150,0003425293,2026-10-09T17:35:49+0900
2025.12,transformer,VN,886925,5688516,155.9150,0003425293,2026-10-09T17:35:49+0900
2025.12,transformer,WORLD,67164790,430778245,155.9150,0003425293,2026-10-09T17:35:49+0900
2025.12,transformer_large,KR,0,0,155.9150,0003425293,2026-10-09T17:35:49+0900
2025.12,transformer_large,OTHER,0,0,155.9150,0003425293,2026-10-09T17:35:49+0900
2025.12,transformer_large,TW,0,0,155.9150,0003425293,2026-10-09T17:35:49+0900
2025.12,transformer_large,US,0,0,155.9150,0003425293,2026-10-09T17:35:49+0900
2025.12,transformer_large,WORLD,0,0,155.9150,0003425293,2026-10-09T17:35:49+0900
2025.12,wafer,CN,9192692,58959638,155.9150,0003425293,2026-10-09T17:35:49+0900
2025.12,wafer,KR,11031920,70755989,155.9150,0003425293,2026-10-09T17:35:49+0900
2025.12,wafer,OTHER,11316702,72582510,155.9150,0003425293,2026-10-09T17:35:49+0900
2025.12,wafer,TW,21852374,140155687,155.9150,0003425293,2026-10-09T17:35:49+0900
2025.12,wafer,US,7545379,48394183,155.9150,0003425293,2026-10-09T17:35:49+0900
2025.12,wafer,VN,345,2213,155.9150,0003425293,2026-10-09T17:35:49+0900
2025.12,wafer,WORLD,60939412,390850220,155.9150,0003425293,2026-10-09T17:35:49+0900
2026.01,discrete,CN,32599197,208101455,156.6505,0004049306,2026-10-09T17:35:49+0900
2026.01,discrete,KR,3128283,19969825,156.6505,0004049306,2026-10-09T17:35:49+0900
2026.01,discrete,OTHER,65413040,417573133,156.6505,0004049306,2026-10-09T17:35:49+0900
2026.01,discrete,TW,5685786,36295997,156.6505,0004049306,2026-10-09T17:35:49+0900
2026.01,discrete,US,10347680,66055838,156.6505,0004049306,2026-10-09T17:35:49+0900
2026.01,discrete,VN,1915171,12225757,156.6505,0004049306,2026-10-09T17:35:49+0900
2026.01,discrete,WORLD,119089157,760222004,156.6505,0004049306,2026-10-09T17:35:49+0900
2026.01,ic,CN,89058745,568518741,156.6505,0004049306,2026-10-09T17:35:49+0900
2026.01,ic,KR,43673107,278793282,156.6505,0004049306,2026-10-09T17:35:49+0900
2026.01,ic,OTHER,167851994,1071506277,156.6505,0004049306,2026-10-09T17:35:49+0900
2026.01,ic,TW,148893879,950484544,156.6505,0004049306,2026-10-09T17:35:49+0900
2026.01,ic,US,8409893,53685708,156.6505,0004049306,2026-10-09T17:35:49+0900
2026.01,ic,VN,40406684,257941622,156.6505,0004049306,2026-10-09T17:35:49+0900
2026.01,ic,WORLD,498294302,3180930173,156.6505,0004049306,2026-10-09T17:35:49+0900
2026.01,liion,CN,1462223,9334302,156.6505,0004049306,2026-10-09T17:35:49+0900
2026.01,liion,KR,35744,228177,156.6505,0004049306,2026-10-09T17:35:49+0900
2026.01,liion,OTHER,20071445,128128828,156.6505,0004049306,2026-10-09T17:35:49+0900
2026.01,liion,TW,624243,3984941,156.6505,0004049306,2026-10-09T17:35:49+0900
2026.01,liion,US,13271761,84722111,156.6505,0004049306,2026-10-09T17:35:49+0900
2026.01,liion,VN,8354,53329,156.6505,0004049306,2026-10-09T17:35:49+0900
2026.01,liion,WORLD,35473770,226451687,156.6505,0004049306,2026-10-09T17:35:49+0900
2026.01,mlcc,CN,18982082,121174730,156.6505,0004049306,2026-10-09T17:35:49+0900
2026.01,mlcc,KR,4096031,26147577,156.6505,0004049306,2026-10-09T17:35:49+0900
2026.01,mlcc,OTHER,20403610,130249249,156.6505,0004049306,2026-10-09T17:35:49+0900
2026.01,mlcc,TW,8894309,56778044,156.6505,0004049306,2026-10-09T17:35:49+0900
2026.01,mlcc,US,4912882,31362058,156.6505,0004049306,2026-10-09T17:35:49+0900
2026.01,mlcc,VN,2456682,15682567,156.6505,0004049306,2026-10-09T17:35:49+0900
2026.01,mlcc,WORLD,59745596,381394225,156.6505,0004049306,2026-10-09T17:35:49+0900
2026.01,pcb,CN,9193244,58686337,156.6505,0004049306,2026-10-09T17:35:49+0900
2026.01,pcb,KR,2751998,17567758,156.6505,0004049306,2026-10-09T17:35:49+0900
2026.01,pcb,OTHER,16510391,105396350,156.6505,0004049306,2026-10-09T17:35:49+0900
2026.01,pcb,TW,3286503,20979844,156.6505,0004049306,2026-10-09T17:35:49+0900
2026.01,pcb,US,2343380,14959288,156.6505,0004049306,2026-10-09T17:35:49+0900
2026.01,pcb,VN,2651893,16928723,156.6505,0004049306,2026-10-09T17:35:49+0900
2026.01,pcb,WORLD,36737409,234518300,156.6505,0004049306,2026-10-09T17:35:49+0900
2026.01,photoresist,CN,17312840,110518894,156.6505,0004049306,2026-10-09T17:35:49+0900
2026.01,photoresist,KR,5025714,32082336,156.6505,0004049306,2026-10-09T17:35:49+0900
2026.01,photoresist,OTHER,8139906,51962209,156.6505,0004049306,2026-10-09T17:35:49+0900
2026.01,photoresist,TW,13670280,87266112,156.6505,0004049306,2026-10-09T17:35:49+0900
2026.01,photoresist,US,5036227,32149447,156.6505,0004049306,2026-10-09T17:35:49+0900
2026.01,photoresist,VN,698823,4461033,156.6505,0004049306,2026-10-09T17:35:49+0900
2026.01,photoresist,WORLD,49883790,318440031,156.6505,0004049306,2026-10-09T17:35:49+0900
2026.01,semi_equip,CN,101449288,647615475,156.6505,0004049306,2026-10-09T17:35:49+0900
2026.01,semi_equip,KR,71717037,457815564,156.6505,0004049306,2026-10-09T17:35:49+0900
2026.01,semi_equip,OTHER,36583335,233534748,156.6505,0004049306,2026-10-09T17:35:49+0900
2026.01,semi_equip,TW,78418091,500592663,156.6505,0004049306,2026-10-09T17:35:49+0900
2026.01,semi_equip,US,26504059,169192304,156.6505,0004049306,2026-10-09T17:35:49+0900
2026.01,semi_equip,VN,995214,6353085,156.6505,0004049306,2026-10-09T17:35:49+0900
2026.01,semi_equip,WORLD,315667024,2015103839,156.6505,0004049306,2026-10-09T17:35:49+0900
2026.01,semi_fab_equip,CN,48853553,311863371,156.6505,0004049306,2026-10-09T17:35:49+0900
2026.01,semi_fab_equip,KR,57250827,365468524,156.6505,0004049306,2026-10-09T17:35:49+0900
2026.01,semi_fab_equip,OTHER,16220694,103547030,156.6505,0004049306,2026-10-09T17:35:49+0900
2026.01,semi_fab_equip,TW,45356782,289541253,156.6505,0004049306,2026-10-09T17:35:49+0900
2026.01,semi_fab_equip,US,6127247,39114123,156.6505,0004049306,2026-10-09T17:35:49+0900
2026.01,semi_fab_equip,VN,876286,5593892,156.6505,0004049306,2026-10-09T17:35:49+0900
2026.01,semi_fab_equip,WORLD,174685389,1115128193,156.6505,0004049306,2026-10-09T17:35:49+0900
2026.01,semi_test,CN,9024643,57610049,156.6505,0004049306,2026-10-09T17:35:49+0900
2026.01,semi_test,KR,19116410,122032231,156.6505,0004049306,2026-10-09T17:35:49+0900
2026.01,semi_test,OTHER,1525902,9740805,156.6505,0004049306,2026-10-09T17:35:49+0900
2026.01,semi_test,TW,2510555,16026473,156.6505,0004049306,2026-10-09T17:35:49+0900
2026.01,semi_test,US,5048688,32228994,156.6505,0004049306,2026-10-09T17:35:49+0900
2026.01,semi_test,VN,0,0,156.6505,0004049306,2026-10-09T17:35:49+0900
2026.01,semi_test,WORLD,37226198,237638552,156.6505,0004049306,2026-10-09T17:35:49+0900
2026.01,transformer,CN,9597088,61264330,156.6505,0004049306,2026-10-09T17:35:49+0900
2026.01,transformer,KR,2412266,15399032,156.6505,0004049306,2026-10-09T17:35:49+0900
2026.01,transformer,OTHER,22557705,144000211,156.6505,0004049306,2026-10-09T17:35:49+0900
2026.01,transformer,TW,2887801,18434675,156.6505,0004049306,2026-10-09T17:35:49+0900
2026.01,transformer,US,14997268,95737122,156.6505,0004049306,2026-10-09T17:35:49+0900
2026.01,transformer,VN,923565,5895704,156.6505,0004049306,2026-10-09T17:35:49+0900
2026.01,transformer,WORLD,53375693,340731073,156.6505,0004049306,2026-10-09T17:35:49+0900
2026.01,transformer_large,KR,0,0,156.6505,0004049306,2026-10-09T17:35:49+0900
2026.01,transformer_large,OTHER,0,0,156.6505,0004049306,2026-10-09T17:35:49+0900
2026.01,transformer_large,TW,0,0,156.6505,0004049306,2026-10-09T17:35:49+0900
2026.01,transformer_large,WORLD,0,0,156.6505,0004049306,2026-10-09T17:35:49+0900
2026.01,wafer,CN,10277079,65605146,156.6505,0004049306,2026-10-09T17:35:49+0900
2026.01,wafer,KR,8568350,54697240,156.6505,0004049306,2026-10-09T17:35:49+0900
2026.01,wafer,OTHER,10200933,65119058,156.6505,0004049306,2026-10-09T17:35:49+0900
2026.01,wafer,TW,19117874,122041577,156.6505,0004049306,2026-10-09T17:35:49+0900
2026.01,wafer,US,7059156,45063093,156.6505,0004049306,2026-10-09T17:35:49+0900
2026.01,wafer,VN,3890,24832,156.6505,0004049306,2026-10-09T17:35:49+0900
2026.01,wafer,WORLD,55227282,352550946,156.6505,0004049306,2026-10-09T17:35:49+0900
2026.02,discrete,CN,28876896,186180517,155.1016,0004049306,2026-10-09T17:35:49+0900
2026.02,discrete,KR,3325277,21439347,155.1016,0004049306,2026-10-09T17:35:49+0900
2026.02,discrete,OTHER,63253000,407816554,155.1016,0004049306,2026-10-09T17:35:49+0900
2026.02,discrete,TW,5804502,37423869,155.1016,0004049306,2026-10-09T17:35:49+0900
2026.02,discrete,US,9683840,62435462,155.1016,0004049306,2026-10-09T17:35:49+0900
2026.02,discrete,VN,1721545,11099466,155.1016,0004049306,2026-10-09T17:35:49+0900
2026.02,discrete,WORLD,112665060,726395214,155.1016,0004049306,2026-10-09T17:35:49+0900
2026.02,ic,CN,105141604,677888584,155.1016,0004049306,2026-10-09T17:35:49+0900
2026.02,ic,KR,44751758,288531891,155.1016,0004049306,2026-10-09T17:35:49+0900
2026.02,ic,OTHER,144725422,933100767,155.1016,0004049306,2026-10-09T17:35:49+0900
2026.02,ic,TW,155733422,1004073601,155.1016,0004049306,2026-10-09T17:35:49+0900
2026.02,ic,US,8396902,54138075,155.1016,0004049306,2026-10-09T17:35:49+0900
2026.02,ic,VN,34457800,222162763,155.1016,0004049306,2026-10-09T17:35:49+0900
2026.02,ic,WORLD,493206908,3179895681,155.1016,0004049306,2026-10-09T17:35:49+0900
2026.02,liion,CN,1266615,8166357,155.1016,0004049306,2026-10-09T17:35:49+0900
2026.02,liion,KR,47257,304684,155.1016,0004049306,2026-10-09T17:35:49+0900
2026.02,liion,OTHER,28762406,185442355,155.1016,0004049306,2026-10-09T17:35:49+0900
2026.02,liion,TW,535369,3451731,155.1016,0004049306,2026-10-09T17:35:49+0900
2026.02,liion,US,23655026,152513101,155.1016,0004049306,2026-10-09T17:35:49+0900
2026.02,liion,VN,17846,115060,155.1016,0004049306,2026-10-09T17:35:49+0900
2026.02,liion,WORLD,54284519,349993288,155.1016,0004049306,2026-10-09T17:35:49+0900
2026.02,mlcc,CN,16492700,106334815,155.1016,0004049306,2026-10-09T17:35:49+0900
2026.02,mlcc,KR,4486220,28924395,155.1016,0004049306,2026-10-09T17:35:49+0900
2026.02,mlcc,OTHER,21006363,135436146,155.1016,0004049306,2026-10-09T17:35:49+0900
2026.02,mlcc,TW,7584854,48902487,155.1016,0004049306,2026-10-09T17:35:49+0900
2026.02,mlcc,US,5296323,34147443,155.1016,0004049306,2026-10-09T17:35:49+0900
2026.02,mlcc,VN,2114221,13631200,155.1016,0004049306,2026-10-09T17:35:49+0900
2026.02,mlcc,WORLD,56980681,367376487,155.1016,0004049306,2026-10-09T17:35:49+0900
2026.02,pcb,CN,6093220,39285346,155.1016,0004049306,2026-10-09T17:35:49+0900
2026.02,pcb,KR,2923510,18849000,155.1016,0004049306,2026-10-09T17:35:49+0900
2026.02,pcb,OTHER,14308471,92252246,155.1016,0004049306,2026-10-09T17:35:49+0900
2026.02,pcb,TW,3329803,21468528,155.1016,0004049306,2026-10-09T17:35:49+0900
2026.02,pcb,US,2154208,13889012,155.1016,0004049306,2026-10-09T17:35:49+0900
2026.02,pcb,VN,2231049,14384436,155.1016,0004049306,2026-10-09T17:35:49+0900
2026.02,pcb,WORLD,31040261,200128567,155.1016,0004049306,2026-10-09T17:35:49+0900
2026.02,photoresist,CN,15135139,97582095,155.1016,0004049306,2026-10-09T17:35:49+0900
2026.02,photoresist,KR,4531165,29214173,155.1016,0004049306,2026-10-09T17:35:49+0900
2026.02,photoresist,OTHER,9056831,58392892,155.1016,0004049306,2026-10-09T17:35:49+0900
2026.02,photoresist,TW,11810647,76147809,155.1016,0004049306,2026-10-09T17:35:49+0900
2026.02,photoresist,US,5090378,32819636,155.1016,0004049306,2026-10-09T17:35:49+0900
2026.02,photoresist,VN,777797,5014758,155.1016,0004049306,2026-10-09T17:35:49+0900
2026.02,photoresist,WORLD,46401957,299171363,155.1016,0004049306,2026-10-09T17:35:49+0900
2026.02,semi_equip,CN,97621204,629401657,155.1016,0004049306,2026-10-09T17:35:49+0900
2026.02,semi_equip,KR,67629764,436035244,155.1016,0004049306,2026-10-09T17:35:49+0900
2026.02,semi_equip,OTHER,38211977,246367394,155.1016,0004049306,2026-10-09T17:35:49+0900
2026.02,semi_equip,TW,85961159,554224837,155.1016,0004049306,2026-10-09T17:35:49+0900
2026.02,semi_equip,US,39190571,252676768,155.1016,0004049306,2026-10-09T17:35:49+0900
2026.02,semi_equip,VN,474332,3058202,155.1016,0004049306,2026-10-09T17:35:49+0900
2026.02,semi_equip,WORLD,329089007,2121764102,155.1016,0004049306,2026-10-09T17:35:49+0900
2026.02,semi_fab_equip,CN,46405416,299193664,155.1016,0004049306,2026-10-09T17:35:49+0900
2026.02,semi_fab_equip,KR,45160853,291169485,155.1016,0004049306,2026-10-09T17:35:49+0900
2026.02,semi_fab_equip,OTHER,18909987,121920000,155.1016,0004049306,2026-10-09T17:35:49+0900
2026.02,semi_fab_equip,TW,58608798,377873587,155.1016,0004049306,2026-10-09T17:35:49+0900
2026.02,semi_fab_equip,US,19538276,125970822,155.1016,0004049306,2026-10-09T17:35:49+0900
2026.02,semi_fab_equip,VN,181657,1171213,155.1016,0004049306,2026-10-09T17:35:49+0900
2026.02,semi_fab_equip,WORLD,188804987,1217298771,155.1016,0004049306,2026-10-09T17:35:49+0900
2026.02,semi_test,CN,3743310,24134567,155.1016,0004049306,2026-10-09T17:35:49+0900
2026.02,semi_test,KR,6635318,42780461,155.1016,0004049306,2026-10-09T17:35:49+0900
2026.02,semi_test,OTHER,2498661,16109834,155.1016,0004049306,2026-10-09T17:35:49+0900
2026.02,semi_test,TW,5097978,32868636,155.1016,0004049306,2026-10-09T17:35:49+0900
2026.02,semi_test,US,9445094,60896174,155.1016,0004049306,2026-10-09T17:35:49+0900
2026.02,semi_test,VN,0,0,155.1016,0004049306,2026-10-09T17:35:49+0900
2026.02,semi_test,WORLD,27420361,176789672,155.1016,0004049306,2026-10-09T17:35:49+0900
2026.02,transformer,CN,8316175,53617596,155.1016,0004049306,2026-10-09T17:35:49+0900
2026.02,transformer,KR,3342046,21547463,155.1016,0004049306,2026-10-09T17:35:49+0900
2026.02,transformer,OTHER,24007472,154785457,155.1016,0004049306,2026-10-09T17:35:49+0900
2026.02,transformer,TW,3001881,19354288,155.1016,0004049306,2026-10-09T17:35:49+0900
2026.02,transformer,US,19680773,126889555,155.1016,0004049306,2026-10-09T17:35:49+0900
2026.02,transformer,VN,781420,5038117,155.1016,0004049306,2026-10-09T17:35:49+0900
2026.02,transformer,WORLD,59129767,381232476,155.1016,0004049306,2026-10-09T17:35:49+0900
2026.02,transformer_large,KR,0,0,155.1016,0004049306,2026-10-09T17:35:49+0900
2026.02,transformer_large,OTHER,0,0,155.1016,0004049306,2026-10-09T17:35:49+0900
2026.02,transformer_large,TW,0,0,155.1016,0004049306,2026-10-09T17:35:49+0900
2026.02,transformer_large,WORLD,0,0,155.1016,0004049306,2026-10-09T17:35:49+0900
2026.02,wafer,CN,5505531,35496288,155.1016,0004049306,2026-10-09T17:35:49+0900
2026.02,wafer,KR,8034840,51803721,155.1016,0004049306,2026-10-09T17:35:49+0900
2026.02,wafer,OTHER,12026645,77540432,155.1016,0004049306,2026-10-09T17:35:49+0900
2026.02,wafer,TW,16577989,106884707,155.1016,0004049306,2026-10-09T17:35:49+0900
2026.02,wafer,US,6789935,43777337,155.1016,0004049306,2026-10-09T17:35:49+0900
2026.02,wafer,VN,36947,238212,155.1016,0004049306,2026-10-09T17:35:49+0900
2026.02,wafer,WORLD,48971887,315740695,155.1016,0004049306,2026-10-09T17:35:49+0900
2026.03,discrete,CN,34844041,219583111,158.6827,0004049306,2026-10-09T17:35:49+0900
2026.03,discrete,KR,4015161,25303080,158.6827,0004049306,2026-10-09T17:35:49+0900
2026.03,discrete,OTHER,73150315,460984814,158.6827,0004049306,2026-10-09T17:35:49+0900
2026.03,discrete,TW,4789731,30184330,158.6827,0004049306,2026-10-09T17:35:49+0900
2026.03,discrete,US,15581285,98191454,158.6827,0004049306,2026-10-09T17:35:49+0900
2026.03,discrete,VN,1687762,10636081,158.6827,0004049306,2026-10-09T17:35:49+0900
2026.03,discrete,WORLD,134068295,844882870,158.6827,0004049306,2026-10-09T17:35:49+0900
2026.03,ic,CN,111181789,700654759,158.6827,0004049306,2026-10-09T17:35:49+0900
2026.03,ic,KR,51508886,324603035,158.6827,0004049306,2026-10-09T17:35:49+0900
2026.03,ic,OTHER,168895901,1064362410,158.6827,0004049306,2026-10-09T17:35:49+0900
2026.03,ic,TW,177147072,1116360334,158.6827,0004049306,2026-10-09T17:35:49+0900
2026.03,ic,US,10693680,67390333,158.6827,0004049306,2026-10-09T17:35:49+0900
2026.03,ic,VN,40120729,252836188,158.6827,0004049306,2026-10-09T17:35:49+0900
2026.03,ic,WORLD,559548057,3526207060,158.6827,0004049306,2026-10-09T17:35:49+0900
2026.03,liion,CN,1397505,8806915,158.6827,0004049306,2026-10-09T17:35:49+0900
2026.03,liion,KR,39781,250695,158.6827,0004049306,2026-10-09T17:35:49+0900
2026.03,liion,OTHER,28593857,180195176,158.6827,0004049306,2026-10-09T17:35:49+0900
2026.03,liion,TW,1057069,6661526,158.6827,0004049306,2026-10-09T17:35:49+0900
2026.03,liion,US,35469812,223526648,158.6827,0004049306,2026-10-09T17:35:49+0900
2026.03,liion,VN,16885,106407,158.6827,0004049306,2026-10-09T17:35:49+0900
2026.03,liion,WORLD,66574909,419547367,158.6827,0004049306,2026-10-09T17:35:49+0900
2026.03,mlcc,CN,20070495,126481935,158.6827,0004049306,2026-10-09T17:35:49+0900
2026.03,mlcc,KR,4592489,28941334,158.6827,0004049306,2026-10-09T17:35:49+0900
2026.03,mlcc,OTHER,24587190,154945624,158.6827,0004049306,2026-10-09T17:35:49+0900
2026.03,mlcc,TW,9821627,61894756,158.6827,0004049306,2026-10-09T17:35:49+0900
2026.03,mlcc,US,6336916,39934511,158.6827,0004049306,2026-10-09T17:35:49+0900
2026.03,mlcc,VN,2435733,15349707,158.6827,0004049306,2026-10-09T17:35:49+0900
2026.03,mlcc,WORLD,67844450,427547868,158.6827,0004049306,2026-10-09T17:35:49+0900
2026.03,pcb,CN,7909095,49842201,158.6827,0004049306,2026-10-09T17:35:49+0900
2026.03,pcb,KR,3146568,19829307,158.6827,0004049306,2026-10-09T17:35:49+0900
2026.03,pcb,OTHER,16743184,105513607,158.6827,0004049306,2026-10-09T17:35:49+0900
2026.03,pcb,TW,3301888,20808116,158.6827,0004049306,2026-10-09T17:35:49+0900
2026.03,pcb,US,2384109,15024379,158.6827,0004049306,2026-10-09T17:35:49+0900
2026.03,pcb,VN,3547786,22357737,158.6827,0004049306,2026-10-09T17:35:49+0900
2026.03,pcb,WORLD,37032630,233375346,158.6827,0004049306,2026-10-09T17:35:49+0900
2026.03,photoresist,CN,20197190,127280353,158.6827,0004049306,2026-10-09T17:35:49+0900
2026.03,photoresist,KR,5114582,32231503,158.6827,0004049306,2026-10-09T17:35:49+0900
2026.03,photoresist,OTHER,10072666,63476775,158.6827,0004049306,2026-10-09T17:35:49+0900
2026.03,photoresist,TW,14681639,92521989,158.6827,0004049306,2026-10-09T17:35:49+0900
2026.03,photoresist,US,4382425,27617535,158.6827,0004049306,2026-10-09T17:35:49+0900
2026.03,photoresist,VN,683251,4305769,158.6827,0004049306,2026-10-09T17:35:49+0900
2026.03,photoresist,WORLD,55131753,347433923,158.6827,0004049306,2026-10-09T17:35:49+0900
2026.03,semi_equip,CN,205892757,1297512312,158.6827,0004049306,2026-10-09T17:35:49+0900
2026.03,semi_equip,KR,97241567,612805095,158.6827,0004049306,2026-10-09T17:35:49+0900
2026.03,semi_equip,OTHER,47004195,296214994,158.6827,0004049306,2026-10-09T17:35:49+0900
2026.03,semi_equip,TW,134929516,850310185,158.6827,0004049306,2026-10-09T17:35:49+0900
2026.03,semi_equip,US,39581597,249438641,158.6827,0004049306,2026-10-09T17:35:49+0900
2026.03,semi_equip,VN,1246253,7853742,158.6827,0004049306,2026-10-09T17:35:49+0900
2026.03,semi_equip,WORLD,525895885,3314134969,158.6827,0004049306,2026-10-09T17:35:49+0900
2026.03,semi_fab_equip,CN,138142165,870555927,158.6827,0004049306,2026-10-09T17:35:49+0900
2026.03,semi_fab_equip,KR,76639071,482970551,158.6827,0004049306,2026-10-09T17:35:49+0900
2026.03,semi_fab_equip,OTHER,25788891,162518605,158.6827,0004049306,2026-10-09T17:35:49+0900
2026.03,semi_fab_equip,TW,98103038,618233985,158.6827,0004049306,2026-10-09T17:35:49+0900
2026.03,semi_fab_equip,US,20417786,128670523,158.6827,0004049306,2026-10-09T17:35:49+0900
2026.03,semi_fab_equip,VN,651758,4107303,158.6827,0004049306,2026-10-09T17:35:49+0900
2026.03,semi_fab_equip,WORLD,359742709,2267056894,158.6827,0004049306,2026-10-09T17:35:49+0900
2026.03,semi_test,CN,7992927,50370500,158.6827,0004049306,2026-10-09T17:35:49+0900
2026.03,semi_test,KR,22767490,143478086,158.6827,0004049306,2026-10-09T17:35:49+0900
2026.03,semi_test,OTHER,2232660,14069965,158.6827,0004049306,2026-10-09T17:35:49+0900
2026.03,semi_test,TW,3196057,20141181,158.6827,0004049306,2026-10-09T17:35:49+0900
2026.03,semi_test,US,11698228,73720878,158.6827,0004049306,2026-10-09T17:35:49+0900
2026.03,semi_test,VN,0,0,158.6827,0004049306,2026-10-09T17:35:49+0900
2026.03,semi_test,WORLD,47887362,301780610,158.6827,0004049306,2026-10-09T17:35:49+0900
2026.03,transformer,CN,12404992,78174823,158.6827,0004049306,2026-10-09T17:35:49+0900
2026.03,transformer,KR,4331099,27294084,158.6827,0004049306,2026-10-09T17:35:49+0900
2026.03,transformer,OTHER,30623894,192988234,158.6827,0004049306,2026-10-09T17:35:49+0900
2026.03,transformer,TW,3660646,23068967,158.6827,0004049306,2026-10-09T17:35:49+0900
2026.03,transformer,US,21862474,137774779,158.6827,0004049306,2026-10-09T17:35:49+0900
2026.03,transformer,VN,988733,6230881,158.6827,0004049306,2026-10-09T17:35:49+0900
2026.03,transformer,WORLD,73871838,465531769,158.6827,0004049306,2026-10-09T17:35:49+0900
2026.03,transformer_large,KR,330710,2084096,158.6827,0004049306,2026-10-09T17:35:49+0900
2026.03,transformer_large,OTHER,0,0,158.6827,0004049306,2026-10-09T17:35:49+0900
2026.03,transformer_large,TW,0,0,158.6827,0004049306,2026-10-09T17:35:49+0900
2026.03,transformer_large,WORLD,330710,2084096,158.6827,0004049306,2026-10-09T17:35:49+0900
2026.03,wafer,CN,8593906,54157800,158.6827,0004049306,2026-10-09T17:35:49+0900
2026.03,wafer,KR,11044272,69599723,158.6827,0004049306,2026-10-09T17:35:49+0900
2026.03,wafer,OTHER,13137226,82789277,158.6827,0004049306,2026-10-09T17:35:49+0900
2026.03,wafer,TW,25195724,158780535,158.6827,0004049306,2026-10-09T17:35:49+0900
2026.03,wafer,US,6893487,43441957,158.6827,0004049306,2026-10-09T17:35:49+0900
2026.03,wafer,VN,4069,25642,158.6827,0004049306,2026-10-09T17:35:49+0900
2026.03,wafer,WORLD,64868684,408794935,158.6827,0004049306,2026-10-09T17:35:49+0900
2026.04,discrete,CN,42124648,264739585,159.1173,0004049306,2026-10-09T17:35:49+0900
2026.04,discrete,KR,3593788,22585778,159.1173,0004049306,2026-10-09T17:35:49+0900
2026.04,discrete,OTHER,74054823,465410254,159.1173,0004049306,2026-10-09T17:35:49+0900
2026.04,discrete,TW,5935898,37305170,159.1173,0004049306,2026-10-09T17:35:49+0900
2026.04,discrete,US,11636115,73129163,159.1173,0004049306,2026-10-09T17:35:49+0900
2026.04,discrete,VN,2272007,14278818,159.1173,0004049306,2026-10-09T17:35:49+0900
2026.04,discrete,WORLD,139617279,877448769,159.1173,0004049306,2026-10-09T17:35:49+0900
2026.04,ic,CN,142880440,897956665,159.1173,0004049306,2026-10-09T17:35:49+0900
2026.04,ic,KR,57787071,363172773,159.1173,0004049306,2026-10-09T17:35:49+0900
2026.04,ic,OTHER,185087409,1163213610,159.1173,0004049306,2026-10-09T17:35:49+0900
2026.04,ic,TW,186769322,1173783881,159.1173,0004049306,2026-10-09T17:35:49+0900
2026.04,ic,US,10418713,65478191,159.1173,0004049306,2026-10-09T17:35:49+0900
2026.04,ic,VN,50383272,316642326,159.1173,0004049306,2026-10-09T17:35:49+0900
2026.04,ic,WORLD,633326227,3980247446,159.1173,0004049306,2026-10-09T17:35:49+0900
2026.04,liion,CN,1001934,6296826,159.1173,0004049306,2026-10-09T17:35:49+0900
2026.04,liion,KR,86714,544969,159.1173,0004049306,2026-10-09T17:35:49+0900
2026.04,liion,OTHER,34938135,219574710,159.1173,0004049306,2026-10-09T17:35:49+0900
2026.04,liion,TW,628658,3950909,159.1173,0004049306,2026-10-09T17:35:49+0900
2026.04,liion,US,30938343,194437330,159.1173,0004049306,2026-10-09T17:35:49+0900
2026.04,liion,VN,13096,82304,159.1173,0004049306,2026-10-09T17:35:49+0900
2026.04,liion,WORLD,67606880,424887049,159.1173,0004049306,2026-10-09T17:35:49+0900
2026.04,mlcc,CN,22379607,140648484,159.1173,0004049306,2026-10-09T17:35:49+0900
2026.04,mlcc,KR,4830319,30356969,159.1173,0004049306,2026-10-09T17:35:49+0900
2026.04,mlcc,OTHER,28156821,176956377,159.1173,0004049306,2026-10-09T17:35:49+0900
2026.04,mlcc,TW,9415038,59170423,159.1173,0004049306,2026-10-09T17:35:49+0900
2026.04,mlcc,US,6932470,43568298,159.1173,0004049306,2026-10-09T17:35:49+0900
2026.04,mlcc,VN,2439074,15328779,159.1173,0004049306,2026-10-09T17:35:49+0900
2026.04,mlcc,WORLD,74153329,466029332,159.1173,0004049306,2026-10-09T17:35:49+0900
2026.04,pcb,CN,9634085,60547062,159.1173,0004049306,2026-10-09T17:35:49+0900
2026.04,pcb,KR,3295011,20708063,159.1173,0004049306,2026-10-09T17:35:49+0900
2026.04,pcb,OTHER,16596074,104300877,159.1173,0004049306,2026-10-09T17:35:49+0900
2026.04,pcb,TW,3584840,22529543,159.1173,0004049306,2026-10-09T17:35:49+0900
2026.04,pcb,US,2135223,13419176,159.1173,0004049306,2026-10-09T17:35:49+0900
2026.04,pcb,VN,3655428,22973165,159.1173,0004049306,2026-10-09T17:35:49+0900
2026.04,pcb,WORLD,38900661,244477885,159.1173,0004049306,2026-10-09T17:35:49+0900
2026.04,photoresist,CN,20179154,126819359,159.1173,0004049306,2026-10-09T17:35:49+0900
2026.04,photoresist,KR,5109654,32112498,159.1173,0004049306,2026-10-09T17:35:49+0900
2026.04,photoresist,OTHER,11850146,74474278,159.1173,0004049306,2026-10-09T17:35:49+0900
2026.04,photoresist,TW,15425805,96946121,159.1173,0004049306,2026-10-09T17:35:49+0900
2026.04,photoresist,US,6268623,39396238,159.1173,0004049306,2026-10-09T17:35:49+0900
2026.04,photoresist,VN,1056976,6642747,159.1173,0004049306,2026-10-09T17:35:49+0900
2026.04,photoresist,WORLD,59890358,376391241,159.1173,0004049306,2026-10-09T17:35:49+0900
2026.04,semi_equip,CN,111798923,702619533,159.1173,0004049306,2026-10-09T17:35:49+0900
2026.04,semi_equip,KR,79161221,497502289,159.1173,0004049306,2026-10-09T17:35:49+0900
2026.04,semi_equip,OTHER,40322349,253412728,159.1173,0004049306,2026-10-09T17:35:49+0900
2026.04,semi_equip,TW,103214961,648672149,159.1173,0004049306,2026-10-09T17:35:49+0900
2026.04,semi_equip,US,57581137,361878545,159.1173,0004049306,2026-10-09T17:35:49+0900
2026.04,semi_equip,VN,1134291,7128647,159.1173,0004049306,2026-10-09T17:35:49+0900
2026.04,semi_equip,WORLD,393212882,2471213891,159.1173,0004049306,2026-10-09T17:35:49+0900
2026.04,semi_fab_equip,CN,69412085,436232170,159.1173,0004049306,2026-10-09T17:35:49+0900
2026.04,semi_fab_equip,KR,54598311,343132463,159.1173,0004049306,2026-10-09T17:35:49+0900
2026.04,semi_fab_equip,OTHER,15589364,97974036,159.1173,0004049306,2026-10-09T17:35:49+0900
2026.04,semi_fab_equip,TW,62183604,390803539,159.1173,0004049306,2026-10-09T17:35:49+0900
2026.04,semi_fab_equip,US,33534020,210750308,159.1173,0004049306,2026-10-09T17:35:49+0900
2026.04,semi_fab_equip,VN,848366,5331702,159.1173,0004049306,2026-10-09T17:35:49+0900
2026.04,semi_fab_equip,WORLD,236165750,1484224217,159.1173,0004049306,2026-10-09T17:35:49+0900
2026.04,semi_test,CN,6167240,38759079,159.1173,0004049306,2026-10-09T17:35:49+0900
2026.04,semi_test,KR,6206643,39006714,159.1173,0004049306,2026-10-09T17:35:49+0900
2026.04,semi_test,OTHER,2824704,17752337,159.1173,0004049306,2026-10-09T17:35:49+0900
2026.04,semi_test,TW,6174299,38803442,159.1173,0004049306,2026-10-09T17:35:49+0900
2026.04,semi_test,US,9429819,59263317,159.1173,0004049306,2026-10-09T17:35:49+0900
2026.04,semi_test,VN,0,0,159.1173,0004049306,2026-10-09T17:35:49+0900
2026.04,semi_test,WORLD,30802705,193584890,159.1173,0004049306,2026-10-09T17:35:49+0900
2026.04,transformer,CN,11414106,71733910,159.1173,0004049306,2026-10-09T17:35:49+0900
2026.04,transformer,KR,3548699,22302408,159.1173,0004049306,2026-10-09T17:35:49+0900
2026.04,transformer,OTHER,30798763,193560116,159.1173,0004049306,2026-10-09T17:35:49+0900
2026.04,transformer,TW,3563536,22395654,159.1173,0004049306,2026-10-09T17:35:49+0900
2026.04,transformer,US,22068417,138692757,159.1173,0004049306,2026-10-09T17:35:49+0900
2026.04,transformer,VN,815754,5126746,159.1173,0004049306,2026-10-09T17:35:49+0900
2026.04,transformer,WORLD,72209275,453811591,159.1173,0004049306,2026-10-09T17:35:49+0900
2026.04,transformer_large,KR,0,0,159.1173,0004049306,2026-10-09T17:35:49+0900
2026.04,transformer_large,OTHER,0,0,159.1173,0004049306,2026-10-09T17:35:49+0900
2026.04,transformer_large,TW,0,0,159.1173,0004049306,2026-10-09T17:35:49+0900
2026.04,transformer_large,WORLD,0,0,159.1173,0004049306,2026-10-09T17:35:49+0900
2026.04,wafer,CN,8546400,53711319,159.1173,0004049306,2026-10-09T17:35:49+0900
2026.04,wafer,KR,9355907,58798804,159.1173,0004049306,2026-10-09T17:35:49+0900
2026.04,wafer,OTHER,10801321,67882757,159.1173,0004049306,2026-10-09T17:35:49+0900
2026.04,wafer,TW,25838034,162383562,159.1173,0004049306,2026-10-09T17:35:49+0900
2026.04,wafer,US,7597550,47748108,159.1173,0004049306,2026-10-09T17:35:49+0900
2026.04,wafer,VN,9944,62495,159.1173,0004049306,2026-10-09T17:35:49+0900
2026.04,wafer,WORLD,62149156,390587045,159.1173,0004049306,2026-10-09T17:35:49+0900
2026.05,discrete,CN,35149314,222248797,158.1530,0004049306,2026-10-09T17:35:49+0900
2026.05,discrete,KR,3424834,21655195,158.1530,0004049306,2026-10-09T17:35:49+0900
2026.05,discrete,OTHER,66282953,419106517,158.1530,0004049306,2026-10-09T17:35:49+0900
2026.05,discrete,TW,5145975,32537954,158.1530,0004049306,2026-10-09T17:35:49+0900
2026.05,discrete,US,10107948,63912465,158.1530,0004049306,2026-10-09T17:35:49+0900
2026.05,discrete,VN,1987631,12567773,158.1530,0004049306,2026-10-09T17:35:49+0900
2026.05,discrete,WORLD,122098655,772028700,158.1530,0004049306,2026-10-09T17:35:49+0900
2026.05,ic,CN,147553929,932982169,158.1530,0004049306,2026-10-09T17:35:49+0900
2026.05,ic,KR,42338474,267705791,158.1530,0004049306,2026-10-09T17:35:49+0900
2026.05,ic,OTHER,162573110,1027948316,158.1530,0004049306,2026-10-09T17:35:49+0900
2026.05,ic,TW,169329682,1070670060,158.1530,0004049306,2026-10-09T17:35:49+0900
2026.05,ic,US,14424623,91206762,158.1530,0004049306,2026-10-09T17:35:49+0900
2026.05,ic,VN,47824349,302392930,158.1530,0004049306,2026-10-09T17:35:49+0900
2026.05,ic,WORLD,584044167,3692906028,158.1530,0004049306,2026-10-09T17:35:49+0900
2026.05,liion,CN,1023691,6472789,158.1530,0004049306,2026-10-09T17:35:49+0900
2026.05,liion,KR,110709,700012,158.1530,0004049306,2026-10-09T17:35:49+0900
2026.05,liion,OTHER,29125367,184159434,158.1530,0004049306,2026-10-09T17:35:49+0900
2026.05,liion,TW,520351,3290175,158.1530,0004049306,2026-10-09T17:35:49+0900
2026.05,liion,US,14881974,94098588,158.1530,0004049306,2026-10-09T17:35:49+0900
2026.05,liion,VN,187014,1182488,158.1530,0004049306,2026-10-09T17:35:49+0900
2026.05,liion,WORLD,45849106,289903486,158.1530,0004049306,2026-10-09T17:35:49+0900
2026.05,mlcc,CN,20303146,128376610,158.1530,0004049306,2026-10-09T17:35:49+0900
2026.05,mlcc,KR,4453774,28161173,158.1530,0004049306,2026-10-09T17:35:49+0900
2026.05,mlcc,OTHER,22559894,142646007,158.1530,0004049306,2026-10-09T17:35:49+0900
2026.05,mlcc,TW,10975274,69396559,158.1530,0004049306,2026-10-09T17:35:49+0900
2026.05,mlcc,US,5123570,32396287,158.1530,0004049306,2026-10-09T17:35:49+0900
2026.05,mlcc,VN,1619661,10241102,158.1530,0004049306,2026-10-09T17:35:49+0900
2026.05,mlcc,WORLD,65035319,411217739,158.1530,0004049306,2026-10-09T17:35:49+0900
2026.05,pcb,CN,7018817,44379917,158.1530,0004049306,2026-10-09T17:35:49+0900
2026.05,pcb,KR,2421879,15313519,158.1530,0004049306,2026-10-09T17:35:49+0900
2026.05,pcb,OTHER,14718094,93062376,158.1530,0004049306,2026-10-09T17:35:49+0900
2026.05,pcb,TW,3864491,24435142,158.1530,0004049306,2026-10-09T17:35:49+0900
2026.05,pcb,US,2125501,13439524,158.1530,0004049306,2026-10-09T17:35:49+0900
2026.05,pcb,VN,3726282,23561248,158.1530,0004049306,2026-10-09T17:35:49+0900
2026.05,pcb,WORLD,33875064,214191726,158.1530,0004049306,2026-10-09T17:35:49+0900
2026.05,photoresist,CN,18043968,114091848,158.1530,0004049306,2026-10-09T17:35:49+0900
2026.05,photoresist,KR,4377748,27680461,158.1530,0004049306,2026-10-09T17:35:49+0900
2026.05,photoresist,OTHER,9722057,61472479,158.1530,0004049306,2026-10-09T17:35:49+0900
2026.05,photoresist,TW,13093706,82791386,158.1530,0004049306,2026-10-09T17:35:49+0900
2026.05,photoresist,US,4991906,31563777,158.1530,0004049306,2026-10-09T17:35:49+0900
2026.05,photoresist,VN,661849,4184865,158.1530,0004049306,2026-10-09T17:35:49+0900
2026.05,photoresist,WORLD,50891234,321784816,158.1530,0004049306,2026-10-09T17:35:49+0900
2026.05,semi_equip,CN,110774110,700423704,158.1530,0004049306,2026-10-09T17:35:49+0900
2026.05,semi_equip,KR,70549267,446082382,158.1530,0004049306,2026-10-09T17:35:49+0900
2026.05,semi_equip,OTHER,33068297,209090545,158.1530,0004049306,2026-10-09T17:35:49+0900
2026.05,semi_equip,TW,113793724,719516696,158.1530,0004049306,2026-10-09T17:35:49+0900
2026.05,semi_equip,US,36839598,232936448,158.1530,0004049306,2026-10-09T17:35:49+0900
2026.05,semi_equip,VN,429354,2714801,158.1530,0004049306,2026-10-09T17:35:49+0900
2026.05,semi_equip,WORLD,365454350,2310764576,158.1530,0004049306,2026-10-09T17:35:49+0900
2026.05,semi_fab_equip,CN,65598863,414781022,158.1530,0004049306,2026-10-09T17:35:49+0900
2026.05,semi_fab_equip,KR,45549195,288007151,158.1530,0004049306,2026-10-09T17:35:49+0900
2026.05,semi_fab_equip,OTHER,14114287,89244510,158.1530,0004049306,2026-10-09T17:35:49+0900
2026.05,semi_fab_equip,TW,74890665,473533003,158.1530,0004049306,2026-10-09T17:35:49+0900
2026.05,semi_fab_equip,US,17830779,112743856,158.1530,0004049306,2026-10-09T17:35:49+0900
2026.05,semi_fab_equip,VN,211814,1339298,158.1530,0004049306,2026-10-09T17:35:49+0900
2026.05,semi_fab_equip,WORLD,218195603,1379648840,158.1530,0004049306,2026-10-09T17:35:49+0900
2026.05,semi_test,CN,8975705,56753302,158.1530,0004049306,2026-10-09T17:35:49+0900
2026.05,semi_test,KR,8614882,54471822,158.1530,0004049306,2026-10-09T17:35:49+0900
2026.05,semi_test,OTHER,1117713,7067289,158.1530,0004049306,2026-10-09T17:35:49+0900
2026.05,semi_test,TW,4446966,28118126,158.1530,0004049306,2026-10-09T17:35:49+0900
2026.05,semi_test,US,8135585,51441231,158.1530,0004049306,2026-10-09T17:35:49+0900
2026.05,semi_test,VN,825,5216,158.1530,0004049306,2026-10-09T17:35:49+0900
2026.05,semi_test,WORLD,31291676,197856987,158.1530,0004049306,2026-10-09T17:35:49+0900
2026.05,transformer,CN,10533845,66605407,158.1530,0004049306,2026-10-09T17:35:49+0900
2026.05,transformer,KR,3606771,22805581,158.1530,0004049306,2026-10-09T17:35:49+0900
2026.05,transformer,OTHER,25873283,163596536,158.1530,0004049306,2026-10-09T17:35:49+0900
2026.05,transformer,TW,3389992,21434889,158.1530,0004049306,2026-10-09T17:35:49+0900
2026.05,transformer,US,15783490,99798866,158.1530,0004049306,2026-10-09T17:35:49+0900
2026.05,transformer,VN,775977,4906496,158.1530,0004049306,2026-10-09T17:35:49+0900
2026.05,transformer,WORLD,59963358,379147775,158.1530,0004049306,2026-10-09T17:35:49+0900
2026.05,transformer_large,KR,0,0,158.1530,0004049306,2026-10-09T17:35:49+0900
2026.05,transformer_large,OTHER,762150,4819068,158.1530,0004049306,2026-10-09T17:35:49+0900
2026.05,transformer_large,TW,0,0,158.1530,0004049306,2026-10-09T17:35:49+0900
2026.05,transformer_large,WORLD,762150,4819068,158.1530,0004049306,2026-10-09T17:35:49+0900
2026.05,wafer,CN,10980846,69431791,158.1530,0004049306,2026-10-09T17:35:49+0900
2026.05,wafer,KR,8744453,55291098,158.1530,0004049306,2026-10-09T17:35:49+0900
2026.05,wafer,OTHER,12503073,79056818,158.1530,0004049306,2026-10-09T17:35:49+0900
2026.05,wafer,TW,25148470,159013550,158.1530,0004049306,2026-10-09T17:35:49+0900
2026.05,wafer,US,7191516,45471891,158.1530,0004049306,2026-10-09T17:35:49+0900
2026.05,wafer,VN,402,2542,158.1530,0004049306,2026-10-09T17:35:49+0900
2026.05,wafer,WORLD,64568760,408267690,158.1530,0004049306,2026-10-09T17:35:49+0900
2026.06,discrete,CN,41888915,260551813,160.7700,0004049306,2026-10-09T17:35:49+0900
2026.06,discrete,KR,4001401,24888978,160.7700,0004049306,2026-10-09T17:35:49+0900
2026.06,discrete,OTHER,69445164,431953499,160.7700,0004049306,2026-10-09T17:35:49+0900
2026.06,discrete,TW,5971119,37140754,160.7700,0004049306,2026-10-09T17:35:49+0900
2026.06,discrete,US,10190331,63384531,160.7700,0004049306,2026-10-09T17:35:49+0900
2026.06,discrete,VN,1877569,11678603,160.7700,0004049306,2026-10-09T17:35:49+0900
2026.06,discrete,WORLD,133374499,829598178,160.7700,0004049306,2026-10-09T17:35:49+0900
2026.06,ic,CN,141934558,882842309,160.7700,0004049306,2026-10-09T17:35:49+0900
2026.06,ic,KR,37662884,234265622,160.7700,0004049306,2026-10-09T17:35:49+0900
2026.06,ic,OTHER,163379569,1016231691,160.7700,0004049306,2026-10-09T17:35:49+0900
2026.06,ic,TW,198102186,1232208658,160.7700,0004049306,2026-10-09T17:35:49+0900
2026.06,ic,US,8522425,53010045,160.7700,0004049306,2026-10-09T17:35:49+0900
2026.06,ic,VN,44155716,274651465,160.7700,0004049306,2026-10-09T17:35:49+0900
2026.06,ic,WORLD,593757338,3693209790,160.7700,0004049306,2026-10-09T17:35:49+0900
2026.06,liion,CN,1109757,6902762,160.7700,0004049306,2026-10-09T17:35:49+0900
2026.06,liion,KR,177460,1103813,160.7700,0004049306,2026-10-09T17:35:49+0900
2026.06,liion,OTHER,27357022,170162481,160.7700,0004049306,2026-10-09T17:35:49+0900
2026.06,liion,TW,923129,5741923,160.7700,0004049306,2026-10-09T17:35:49+0900
2026.06,liion,US,19179447,119297425,160.7700,0004049306,2026-10-09T17:35:49+0900
2026.06,liion,VN,225473,1402457,160.7700,0004049306,2026-10-09T17:35:49+0900
2026.06,liion,WORLD,48972288,304610860,160.7700,0004049306,2026-10-09T17:35:49+0900
2026.06,mlcc,CN,22763771,141592156,160.7700,0004049306,2026-10-09T17:35:49+0900
2026.06,mlcc,KR,4799621,29853959,160.7700,0004049306,2026-10-09T17:35:49+0900
2026.06,mlcc,OTHER,25175670,156594327,160.7700,0004049306,2026-10-09T17:35:49+0900
2026.06,mlcc,TW,10674182,66394116,160.7700,0004049306,2026-10-09T17:35:49+0900
2026.06,mlcc,US,6429501,39991920,160.7700,0004049306,2026-10-09T17:35:49+0900
2026.06,mlcc,VN,2128314,13238253,160.7700,0004049306,2026-10-09T17:35:49+0900
2026.06,mlcc,WORLD,71971059,447664732,160.7700,0004049306,2026-10-09T17:35:49+0900
2026.06,pcb,CN,7317244,45513740,160.7700,0004049306,2026-10-09T17:35:49+0900
2026.06,pcb,KR,2392374,14880724,160.7700,0004049306,2026-10-09T17:35:49+0900
2026.06,pcb,OTHER,15553067,96741102,160.7700,0004049306,2026-10-09T17:35:49+0900
2026.06,pcb,TW,3977934,24743012,160.7700,0004049306,2026-10-09T17:35:49+0900
2026.06,pcb,US,2397034,14909710,160.7700,0004049306,2026-10-09T17:35:49+0900
2026.06,pcb,VN,3555898,22117920,160.7700,0004049306,2026-10-09T17:35:49+0900
2026.06,pcb,WORLD,35193551,218906208,160.7700,0004049306,2026-10-09T17:35:49+0900
2026.06,photoresist,CN,18130228,112771214,160.7700,0004049306,2026-10-09T17:35:49+0900
2026.06,photoresist,KR,5352768,33294570,160.7700,0004049306,2026-10-09T17:35:49+0900
2026.06,photoresist,OTHER,10241945,63705573,160.7700,0004049306,2026-10-09T17:35:49+0900
2026.06,photoresist,TW,15466401,96202034,160.7700,0004049306,2026-10-09T17:35:49+0900
2026.06,photoresist,US,6366078,39597425,160.7700,0004049306,2026-10-09T17:35:49+0900
2026.06,photoresist,VN,894230,5562170,160.7700,0004049306,2026-10-09T17:35:49+0900
2026.06,photoresist,WORLD,56451650,351132985,160.7700,0004049306,2026-10-09T17:35:49+0900
2026.06,semi_equip,CN,157062803,976940990,160.7700,0004049306,2026-10-09T17:35:49+0900
2026.06,semi_equip,KR,86248506,536471394,160.7700,0004049306,2026-10-09T17:35:49+0900
2026.06,semi_equip,OTHER,42190403,262427088,160.7700,0004049306,2026-10-09T17:35:49+0900
2026.06,semi_equip,TW,132324466,823066903,160.7700,0004049306,2026-10-09T17:35:49+0900
2026.06,semi_equip,US,40705804,253192785,160.7700,0004049306,2026-10-09T17:35:49+0900
2026.06,semi_equip,VN,1610141,10015183,160.7700,0004049306,2026-10-09T17:35:49+0900
2026.06,semi_equip,WORLD,460142123,2862114343,160.7700,0004049306,2026-10-09T17:35:49+0900
2026.06,semi_fab_equip,CN,112161338,697650917,160.7700,0004049306,2026-10-09T17:35:49+0900
2026.06,semi_fab_equip,KR,57229583,355971780,160.7700,0004049306,2026-10-09T17:35:49+0900
2026.06,semi_fab_equip,OTHER,18675021,116159862,160.7700,0004049306,2026-10-09T17:35:49+0900
2026.06,semi_fab_equip,TW,88019725,547488493,160.7700,0004049306,2026-10-09T17:35:49+0900
2026.06,semi_fab_equip,US,20600991,128139522,160.7700,0004049306,2026-10-09T17:35:49+0900
2026.06,semi_fab_equip,VN,822473,5115836,160.7700,0004049306,2026-10-09T17:35:49+0900
2026.06,semi_fab_equip,WORLD,297509131,1850526410,160.7700,0004049306,2026-10-09T17:35:49+0900
2026.06,semi_test,CN,5265838,32753860,160.7700,0004049306,2026-10-09T17:35:49+0900
2026.06,semi_test,KR,6180815,38445077,160.7700,0004049306,2026-10-09T17:35:49+0900
2026.06,semi_test,OTHER,4571866,28437308,160.7700,0004049306,2026-10-09T17:35:49+0900
2026.06,semi_test,TW,10701606,66564695,160.7700,0004049306,2026-10-09T17:35:49+0900
2026.06,semi_test,US,12807570,79663930,160.7700,0004049306,2026-10-09T17:35:49+0900
2026.06,semi_test,VN,0,0,160.7700,0004049306,2026-10-09T17:35:49+0900
2026.06,semi_test,WORLD,39527695,245864869,160.7700,0004049306,2026-10-09T17:35:49+0900
2026.06,transformer,CN,11292402,70239485,160.7700,0004049306,2026-10-09T17:35:49+0900
2026.06,transformer,KR,3165659,19690608,160.7700,0004049306,2026-10-09T17:35:49+0900
2026.06,transformer,OTHER,27795237,172888207,160.7700,0004049306,2026-10-09T17:35:49+0900
2026.06,transformer,TW,3395485,21120141,160.7700,0004049306,2026-10-09T17:35:49+0900
2026.06,transformer,US,18326999,113995142,160.7700,0004049306,2026-10-09T17:35:49+0900
2026.06,transformer,VN,763659,4750009,160.7700,0004049306,2026-10-09T17:35:49+0900
2026.06,transformer,WORLD,64739441,402683591,160.7700,0004049306,2026-10-09T17:35:49+0900
2026.06,transformer_large,KR,0,0,160.7700,0004049306,2026-10-09T17:35:49+0900
2026.06,transformer_large,OTHER,0,0,160.7700,0004049306,2026-10-09T17:35:49+0900
2026.06,transformer_large,TW,0,0,160.7700,0004049306,2026-10-09T17:35:49+0900
2026.06,transformer_large,WORLD,0,0,160.7700,0004049306,2026-10-09T17:35:49+0900
2026.06,wafer,CN,9282444,57737414,160.7700,0004049306,2026-10-09T17:35:49+0900
2026.06,wafer,KR,10656814,66286086,160.7700,0004049306,2026-10-09T17:35:49+0900
2026.06,wafer,OTHER,12076332,75115581,160.7700,0004049306,2026-10-09T17:35:49+0900
2026.06,wafer,TW,24698215,153624526,160.7700,0004049306,2026-10-09T17:35:49+0900
2026.06,wafer,US,6779687,42170100,160.7700,0004049306,2026-10-09T17:35:49+0900
2026.06,wafer,VN,18049,112266,160.7700,0004049306,2026-10-09T17:35:49+0900
2026.06,wafer,WORLD,63511541,395045973,160.7700,0004049306,2026-10-09T17:35:49+0900
2026.07,discrete,CN,41043525,252840827,162.3295,0004049306,2026-10-09T17:35:49+0900
2026.07,discrete,KR,3966136,24432626,162.3295,0004049306,2026-10-09T17:35:49+0900
2026.07,discrete,OTHER,77418927,476924570,162.3295,0004049306,2026-10-09T17:35:49+0900
2026.07,discrete,TW,6449748,39732445,162.3295,0004049306,2026-10-09T17:35:49+0900
2026.07,discrete,US,12029857,74107645,162.3295,0004049306,2026-10-09T17:35:49+0900
2026.07,discrete,VN,2239247,13794455,162.3295,0004049306,2026-10-09T17:35:49+0900
2026.07,discrete,WORLD,143147440,881832569,162.3295,0004049306,2026-10-09T17:35:49+0900
2026.07,ic,CN,219259307,1350705245,162.3295,0004049306,2026-10-09T17:35:49+0900
2026.07,ic,KR,55367289,341079650,162.3295,0004049306,2026-10-09T17:35:49+0900
2026.07,ic,OTHER,187866863,1157318066,162.3295,0004049306,2026-10-09T17:35:49+0900
2026.07,ic,TW,191609615,1180374578,162.3295,0004049306,2026-10-09T17:35:49+0900
2026.07,ic,US,10338199,63686508,162.3295,0004049306,2026-10-09T17:35:49+0900
2026.07,ic,VN,51335247,316241022,162.3295,0004049306,2026-10-09T17:35:49+0900
2026.07,ic,WORLD,715776520,4409405068,162.3295,0004049306,2026-10-09T17:35:49+0900
2026.07,liion,CN,1437560,8855815,162.3295,0004049306,2026-10-09T17:35:49+0900
2026.07,liion,KR,135075,832104,162.3295,0004049306,2026-10-09T17:35:49+0900
2026.07,liion,OTHER,33217124,204627773,162.3295,0004049306,2026-10-09T17:35:49+0900
2026.07,liion,TW,910272,5607557,162.3295,0004049306,2026-10-09T17:35:49+0900
2026.07,liion,US,16049869,98872164,162.3295,0004049306,2026-10-09T17:35:49+0900
2026.07,liion,VN,62436,384625,162.3295,0004049306,2026-10-09T17:35:49+0900
2026.07,liion,WORLD,51812336,319180038,162.3295,0004049306,2026-10-09T17:35:49+0900
2026.07,mlcc,CN,26034524,160380732,162.3295,0004049306,2026-10-09T17:35:49+0900
2026.07,mlcc,KR,5456595,33614315,162.3295,0004049306,2026-10-09T17:35:49+0900
2026.07,mlcc,OTHER,28613311,176266858,162.3295,0004049306,2026-10-09T17:35:49+0900
2026.07,mlcc,TW,15256966,93987636,162.3295,0004049306,2026-10-09T17:35:49+0900
2026.07,mlcc,US,6286480,38726664,162.3295,0004049306,2026-10-09T17:35:49+0900
2026.07,mlcc,VN,3712329,22869096,162.3295,0004049306,2026-10-09T17:35:49+0900
2026.07,mlcc,WORLD,85360205,525845302,162.3295,0004049306,2026-10-09T17:35:49+0900
2026.07,pcb,CN,9648107,59435328,162.3295,0004049306,2026-10-09T17:35:49+0900
2026.07,pcb,KR,3206325,19751955,162.3295,0004049306,2026-10-09T17:35:49+0900
2026.07,pcb,OTHER,20089317,123756415,162.3295,0004049306,2026-10-09T17:35:49+0900
2026.07,pcb,TW,4142492,25519034,162.3295,0004049306,2026-10-09T17:35:49+0900
2026.07,pcb,US,2456352,15131889,162.3295,0004049306,2026-10-09T17:35:49+0900
2026.07,pcb,VN,4148531,25556236,162.3295,0004049306,2026-10-09T17:35:49+0900
2026.07,pcb,WORLD,43691124,269150857,162.3295,0004049306,2026-10-09T17:35:49+0900
2026.07,photoresist,CN,19789373,121908667,162.3295,0004049306,2026-10-09T17:35:49+0900
2026.07,photoresist,KR,4989596,30737457,162.3295,0004049306,2026-10-09T17:35:49+0900
2026.07,photoresist,OTHER,11607170,71503762,162.3295,0004049306,2026-10-09T17:35:49+0900
2026.07,photoresist,TW,15724629,96868585,162.3295,0004049306,2026-10-09T17:35:49+0900
2026.07,photoresist,US,6506362,40081205,162.3295,0004049306,2026-10-09T17:35:49+0900
2026.07,photoresist,VN,933315,5749509,162.3295,0004049306,2026-10-09T17:35:49+0900
2026.07,photoresist,WORLD,59550445,366849186,162.3295,0004049306,2026-10-09T17:35:49+0900
2026.07,semi_equip,CN,207346233,1277317019,162.3295,0004049306,2026-10-09T17:35:49+0900
2026.07,semi_equip,KR,74913489,461490296,162.3295,0004049306,2026-10-09T17:35:49+0900
2026.07,semi_equip,OTHER,53674103,330649100,162.3295,0004049306,2026-10-09T17:35:49+0900
2026.07,semi_equip,TW,117215832,722085832,162.3295,0004049306,2026-10-09T17:35:49+0900
2026.07,semi_equip,US,40419316,248995506,162.3295,0004049306,2026-10-09T17:35:49+0900
2026.07,semi_equip,VN,380848,2346142,162.3295,0004049306,2026-10-09T17:35:49+0900
2026.07,semi_equip,WORLD,493949821,3042883894,162.3295,0004049306,2026-10-09T17:35:49+0900
2026.07,semi_fab_equip,CN,152875396,941759791,162.3295,0004049306,2026-10-09T17:35:49+0900
2026.07,semi_fab_equip,KR,52677232,324508065,162.3295,0004049306,2026-10-09T17:35:49+0900
2026.07,semi_fab_equip,OTHER,28367023,174749648,162.3295,0004049306,2026-10-09T17:35:49+0900
2026.07,semi_fab_equip,TW,73427296,452334887,162.3295,0004049306,2026-10-09T17:35:49+0900
2026.07,semi_fab_equip,US,19853139,122301486,162.3295,0004049306,2026-10-09T17:35:49+0900
2026.07,semi_fab_equip,VN,151765,934919,162.3295,0004049306,2026-10-09T17:35:49+0900
2026.07,semi_fab_equip,WORLD,327351851,2016588796,162.3295,0004049306,2026-10-09T17:35:49+0900
2026.07,semi_test,CN,8155901,50242876,162.3295,0004049306,2026-10-09T17:35:49+0900
2026.07,semi_test,KR,13396708,82527871,162.3295,0004049306,2026-10-09T17:35:49+0900
2026.07,semi_test,OTHER,1168828,7200343,162.3295,0004049306,2026-10-09T17:35:49+0900
2026.07,semi_test,TW,5292815,32605380,162.3295,0004049306,2026-10-09T17:35:49+0900
2026.07,semi_test,US,13746522,84682833,162.3295,0004049306,2026-10-09T17:35:49+0900
2026.07,semi_test,VN,108579,668880,162.3295,0004049306,2026-10-09T17:35:49+0900
2026.07,semi_test,WORLD,41869353,257928183,162.3295,0004049306,2026-10-09T17:35:49+0900
2026.07,transformer,CN,12943558,79736326,162.3295,0004049306,2026-10-09T17:35:49+0900
2026.07,transformer,KR,3937146,24254039,162.3295,0004049306,2026-10-09T17:35:49+0900
2026.07,transformer,OTHER,31808121,195947878,162.3295,0004049306,2026-10-09T17:35:49+0900
2026.07,transformer,TW,5040988,31054047,162.3295,0004049306,2026-10-09T17:35:49+0900
2026.07,transformer,US,23259851,143287887,162.3295,0004049306,2026-10-09T17:35:49+0900
2026.07,transformer,VN,1301688,8018801,162.3295,0004049306,2026-10-09T17:35:49+0900
2026.07,transformer,WORLD,78291352,482298978,162.3295,0004049306,2026-10-09T17:35:49+0900
2026.07,transformer_large,KR,0,0,162.3295,0004049306,2026-10-09T17:35:49+0900
2026.07,transformer_large,OTHER,0,0,162.3295,0004049306,2026-10-09T17:35:49+0900
2026.07,transformer_large,TW,1289080,7941132,162.3295,0004049306,2026-10-09T17:35:49+0900
2026.07,transformer_large,WORLD,1289080,7941132,162.3295,0004049306,2026-10-09T17:35:49+0900
2026.07,wafer,CN,9669662,59568113,162.3295,0004049306,2026-10-09T17:35:49+0900
2026.07,wafer,KR,10169057,62644541,162.3295,0004049306,2026-10-09T17:35:49+0900
2026.07,wafer,OTHER,11993697,73884888,162.3295,0004049306,2026-10-09T17:35:49+0900
2026.07,wafer,TW,23003018,141705716,162.3295,0004049306,2026-10-09T17:35:49+0900
2026.07,wafer,US,8198454,50505016,162.3295,0004049306,2026-10-09T17:35:49+0900
2026.07,wafer,VN,12035,74139,162.3295,0004049306,2026-10-09T17:35:49+0900
2026.07,wafer,WORLD,63045923,388382414,162.3295,0004049306,2026-10-09T17:35:49+0900
2026.08,discrete,CN,42146978,265329649,158.8476,0004049306,2026-10-09T17:35:49+0900
2026.08,discrete,KR,3863228,24320342,158.8476,0004049306,2026-10-09T17:35:49+0900
2026.08,discrete,OTHER,73981818,465740861,158.8476,0004049306,2026-10-09T17:35:49+0900
2026.08,discrete,TW,6929967,43626514,158.8476,0004049306,2026-10-09T17:35:49+0900
2026.08,discrete,US,10949072,68928155,158.8476,0004049306,2026-10-09T17:35:49+0900
2026.08,discrete,VN,2013400,12675042,158.8476,0004049306,2026-10-09T17:35:49+0900
2026.08,discrete,WORLD,139884463,880620563,158.8476,0004049306,2026-10-09T17:35:49+0900
2026.08,ic,CN,230139785,1448808701,158.8476,0004049306,2026-10-09T17:35:49+0900
2026.08,ic,KR,59029348,371609946,158.8476,0004049306,2026-10-09T17:35:49+0900
2026.08,ic,OTHER,194228686,1222736044,158.8476,0004049306,2026-10-09T17:35:49+0900
2026.08,ic,TW,207869172,1308607571,158.8476,0004049306,2026-10-09T17:35:49+0900
2026.08,ic,US,10472941,65930747,158.8476,0004049306,2026-10-09T17:35:49+0900
2026.08,ic,VN,49351520,310684707,158.8476,0004049306,2026-10-09T17:35:49+0900
2026.08,ic,WORLD,751091452,4728377715,158.8476,0004049306,2026-10-09T17:35:49+0900
2026.08,liion,CN,1345041,8467493,158.8476,0004049306,2026-10-09T17:35:49+0900
2026.08,liion,KR,81999,516212,158.8476,0004049306,2026-10-09T17:35:49+0900
2026.08,liion,OTHER,32529826,204786386,158.8476,0004049306,2026-10-09T17:35:49+0900
2026.08,liion,TW,538051,3387215,158.8476,0004049306,2026-10-09T17:35:49+0900
2026.08,liion,US,14574788,91753278,158.8476,0004049306,2026-10-09T17:35:49+0900
2026.08,liion,VN,108584,683573,158.8476,0004049306,2026-10-09T17:35:49+0900
2026.08,liion,WORLD,49178289,309594158,158.8476,0004049306,2026-10-09T17:35:49+0900
2026.08,mlcc,CN,22917148,144271289,158.8476,0004049306,2026-10-09T17:35:49+0900
2026.08,mlcc,KR,4918668,30964698,158.8476,0004049306,2026-10-09T17:35:49+0900
2026.08,mlcc,OTHER,23989406,151021520,158.8476,0004049306,2026-10-09T17:35:49+0900
2026.08,mlcc,TW,13658456,85984654,158.8476,0004049306,2026-10-09T17:35:49+0900
2026.08,mlcc,US,5087917,32030179,158.8476,0004049306,2026-10-09T17:35:49+0900
2026.08,mlcc,VN,2735639,17221784,158.8476,0004049306,2026-10-09T17:35:49+0900
2026.08,mlcc,WORLD,73307234,461494124,158.8476,0004049306,2026-10-09T17:35:49+0900
2026.08,pcb,CN,8500091,53510982,158.8476,0004049306,2026-10-09T17:35:49+0900
2026.08,pcb,KR,2488650,15666903,158.8476,0004049306,2026-10-09T17:35:49+0900
2026.08,pcb,OTHER,18966615,119401332,158.8476,0004049306,2026-10-09T17:35:49+0900
2026.08,pcb,TW,3922422,24692989,158.8476,0004049306,2026-10-09T17:35:49+0900
2026.08,pcb,US,2080207,13095615,158.8476,0004049306,2026-10-09T17:35:49+0900
2026.08,pcb,VN,4413756,27786104,158.8476,0004049306,2026-10-09T17:35:49+0900
2026.08,pcb,WORLD,40371741,254153925,158.8476,0004049306,2026-10-09T17:35:49+0900
2026.08,photoresist,CN,18966729,119402050,158.8476,0004049306,2026-10-09T17:35:49+0900
2026.08,photoresist,KR,4869687,30656346,158.8476,0004049306,2026-10-09T17:35:49+0900
2026.08,photoresist,OTHER,8270917,52068253,158.8476,0004049306,2026-10-09T17:35:49+0900
2026.08,photoresist,TW,17653732,111136284,158.8476,0004049306,2026-10-09T17:35:49+0900
2026.08,photoresist,US,6438403,40531950,158.8476,0004049306,2026-10-09T17:35:49+0900
2026.08,photoresist,VN,938650,5909123,158.8476,0004049306,2026-10-09T17:35:49+0900
2026.08,photoresist,WORLD,57138118,359704006,158.8476,0004049306,2026-10-09T17:35:49+0900
2026.08,semi_equip,CN,194723227,1225849349,158.8476,0004049306,2026-10-09T17:35:49+0900
2026.08,semi_equip,KR,85050792,535423840,158.8476,0004049306,2026-10-09T17:35:49+0900
2026.08,semi_equip,OTHER,52434305,330091893,158.8476,0004049306,2026-10-09T17:35:49+0900
2026.08,semi_equip,TW,107728743,678189302,158.8476,0004049306,2026-10-09T17:35:49+0900
2026.08,semi_equip,US,48494027,305286495,158.8476,0004049306,2026-10-09T17:35:49+0900
2026.08,semi_equip,VN,1269980,7994959,158.8476,0004049306,2026-10-09T17:35:49+0900
2026.08,semi_equip,WORLD,489701074,3082835838,158.8476,0004049306,2026-10-09T17:35:49+0900
2026.08,semi_fab_equip,CN,136821235,861336495,158.8476,0004049306,2026-10-09T17:35:49+0900
2026.08,semi_fab_equip,KR,59369916,373753938,158.8476,0004049306,2026-10-09T17:35:49+0900
2026.08,semi_fab_equip,OTHER,28573192,179878021,158.8476,0004049306,2026-10-09T17:35:49+0900
2026.08,semi_fab_equip,TW,67600980,425571302,158.8476,0004049306,2026-10-09T17:35:49+0900
2026.08,semi_fab_equip,US,30407311,191424428,158.8476,0004049306,2026-10-09T17:35:49+0900
2026.08,semi_fab_equip,VN,583146,3671104,158.8476,0004049306,2026-10-09T17:35:49+0900
2026.08,semi_fab_equip,WORLD,323355780,2035635288,158.8476,0004049306,2026-10-09T17:35:49+0900
2026.08,semi_test,CN,12875802,81057580,158.8476,0004049306,2026-10-09T17:35:49+0900
2026.08,semi_test,KR,5113975,32194223,158.8476,0004049306,2026-10-09T17:35:49+0900
2026.08,semi_test,OTHER,2982107,18773384,158.8476,0004049306,2026-10-09T17:35:49+0900
2026.08,semi_test,TW,15319288,96440160,158.8476,0004049306,2026-10-09T17:35:49+0900
2026.08,semi_test,US,1752236,11030925,158.8476,0004049306,2026-10-09T17:35:49+0900
2026.08,semi_test,VN,23995,151057,158.8476,0004049306,2026-10-09T17:35:49+0900
2026.08,semi_test,WORLD,38067403,239647329,158.8476,0004049306,2026-10-09T17:35:49+0900
2026.08,transformer,CN,10911024,68688630,158.8476,0004049306,2026-10-09T17:35:49+0900
2026.08,transformer,KR,3226611,20312620,158.8476,0004049306,2026-10-09T17:35:49+0900
2026.08,transformer,OTHER,28936687,182166347,158.8476,0004049306,2026-10-09T17:35:49+0900
2026.08,transformer,TW,3556205,22387527,158.8476,0004049306,2026-10-09T17:35:49+0900
2026.08,transformer,US,19229887,121058719,158.8476,0004049306,2026-10-09T17:35:49+0900
2026.08,transformer,VN,840650,5292179,158.8476,0004049306,2026-10-09T17:35:49+0900
2026.08,transformer,WORLD,66701064,419906023,158.8476,0004049306,2026-10-09T17:35:49+0900
2026.08,transformer_large,KR,0,0,158.8476,0004049306,2026-10-09T17:35:49+0900
2026.08,transformer_large,OTHER,604872,3807876,158.8476,0004049306,2026-10-09T17:35:49+0900
2026.08,transformer_large,TW,0,0,158.8476,0004049306,2026-10-09T17:35:49+0900
2026.08,transformer_large,WORLD,604872,3807876,158.8476,0004049306,2026-10-09T17:35:49+0900
2026.08,wafer,CN,10079082,63451270,158.8476,0004049306,2026-10-09T17:35:49+0900
2026.08,wafer,KR,8906788,56071278,158.8476,0004049306,2026-10-09T17:35:49+0900
2026.08,wafer,OTHER,14044657,88415922,158.8476,0004049306,2026-10-09T17:35:49+0900
2026.08,wafer,TW,28561499,179804410,158.8476,0004049306,2026-10-09T17:35:49+0900
2026.08,wafer,US,8517860,53622844,158.8476,0004049306,2026-10-09T17:35:49+0900
2026.08,wafer,VN,3537,22267,158.8476,0004049306,2026-10-09T17:35:49+0900
2026.08,wafer,WORLD,70113423,441387991,158.8476,0004049306,2026-10-09T17:35:49+0900
