month,hs_code,sido_code,region,export_amount_raw,amount_unit,source,retrieved_at
2020.01,330499,36,세종특별자치시,2862,API_EXP_USD_AMT_UNVERIFIED_SCALE,https://www.data.go.kr/data/15134343/openapi.do,2026-10-07T08:12:52+09:00
2020.01,330499,41,경기도 가평군,0,API_EXP_USD_AMT_UNVERIFIED_SCALE,https://www.data.go.kr/data/15134343/openapi.do,2026-10-07T08:12:52+09:00
2020.01,330499,41,경기도 고양시,2427,API_EXP_USD_AMT_UNVERIFIED_SCALE,https://www.data.go.kr/data/15134343/openapi.do,2026-10-07T08:12:52+09:00
2020.01,330499,41,경기도 과천시,0,API_EXP_USD_AMT_UNVERIFIED_SCALE,https://www.data.go.kr/data/15134343/openapi.do,2026-10-07T08:12:52+09:00
2020.01,330499,41,경기도 광명시,1604,API_EXP_USD_AMT_UNVERIFIED_SCALE,https://www.data.go.kr/data/15134343/openapi.do,2026-10-07T08:12:52+09:00
2020.01,330499,41,경기도 광주시,274,API_EXP_USD_AMT_UNVERIFIED_SCALE,https://www.data.go.kr/data/15134343/openapi.do,2026-10-07T08:12:52+09:00
2020.01,330499,41,경기도 구리시,377,API_EXP_USD_AMT_UNVERIFIED_SCALE,https://www.data.go.kr/data/15134343/openapi.do,2026-10-07T08:12:52+09:00
2020.01,330499,41,경기도 군포시,207,API_EXP_USD_AMT_UNVERIFIED_SCALE,https://www.data.go.kr/data/15134343/openapi.do,2026-10-07T08:12:52+09:00
2020.01,330499,41,경기도 김포시,30152,API_EXP_USD_AMT_UNVERIFIED_SCALE,https://www.data.go.kr/data/15134343/openapi.do,2026-10-07T08:12:52+09:00
2020.01,330499,41,경기도 남양주시,881,API_EXP_USD_AMT_UNVERIFIED_SCALE,https://www.data.go.kr/data/15134343/openapi.do,2026-10-07T08:12:52+09:00
2020.01,330499,41,경기도 동두천시,0,API_EXP_USD_AMT_UNVERIFIED_SCALE,https://www.data.go.kr/data/15134343/openapi.do,2026-10-07T08:12:52+09:00
2020.01,330499,41,경기도 부천시,5258,API_EXP_USD_AMT_UNVERIFIED_SCALE,https://www.data.go.kr/data/15134343/openapi.do,2026-10-07T08:12:52+09:00
2020.01,330499,41,경기도 성남시,6295,API_EXP_USD_AMT_UNVERIFIED_SCALE,https://www.data.go.kr/data/15134343/openapi.do,2026-10-07T08:12:52+09:00
2020.01,330499,41,경기도 수원시,1118,API_EXP_USD_AMT_UNVERIFIED_SCALE,https://www.data.go.kr/data/15134343/openapi.do,2026-10-07T08:12:52+09:00
2020.01,330499,41,경기도 시흥시,2584,API_EXP_USD_AMT_UNVERIFIED_SCALE,https://www.data.go.kr/data/15134343/openapi.do,2026-10-07T08:12:52+09:00
2020.01,330499,41,경기도 안산시,1082,API_EXP_USD_AMT_UNVERIFIED_SCALE,https://www.data.go.kr/data/15134343/openapi.do,2026-10-07T08:12:52+09:00
2020.01,330499,41,경기도 안성시,924,API_EXP_USD_AMT_UNVERIFIED_SCALE,https://www.data.go.kr/data/15134343/openapi.do,2026-10-07T08:12:52+09:00
2020.01,330499,41,경기도 안양시,2949,API_EXP_USD_AMT_UNVERIFIED_SCALE,https://www.data.go.kr/data/15134343/openapi.do,2026-10-07T08:12:52+09:00
2020.01,330499,41,경기도 양주시,172,API_EXP_USD_AMT_UNVERIFIED_SCALE,https://www.data.go.kr/data/15134343/openapi.do,2026-10-07T08:12:52+09:00
2020.01,330499,41,경기도 양평군,497,API_EXP_USD_AMT_UNVERIFIED_SCALE,https://www.data.go.kr/data/15134343/openapi.do,2026-10-07T08:12:52+09:00
2020.01,330499,41,경기도 여주군,821,API_EXP_USD_AMT_UNVERIFIED_SCALE,https://www.data.go.kr/data/15134343/openapi.do,2026-10-07T08:12:52+09:00
2020.01,330499,41,경기도 연천군,10,API_EXP_USD_AMT_UNVERIFIED_SCALE,https://www.data.go.kr/data/15134343/openapi.do,2026-10-07T08:12:52+09:00
2020.01,330499,41,경기도 오산시,1107,API_EXP_USD_AMT_UNVERIFIED_SCALE,https://www.data.go.kr/data/15134343/openapi.do,2026-10-07T08:12:52+09:00
2020.01,330499,41,경기도 용인시,1107,API_EXP_USD_AMT_UNVERIFIED_SCALE,https://www.data.go.kr/data/15134343/openapi.do,2026-10-07T08:12:52+09:00
2020.01,330499,41,경기도 의왕시,284,API_EXP_USD_AMT_UNVERIFIED_SCALE,https://www.data.go.kr/data/15134343/openapi.do,2026-10-07T08:12:52+09:00
2020.01,330499,41,경기도 의정부시,52,API_EXP_USD_AMT_UNVERIFIED_SCALE,https://www.data.go.kr/data/15134343/openapi.do,2026-10-07T08:12:52+09:00
2020.01,330499,41,경기도 이천시,336,API_EXP_USD_AMT_UNVERIFIED_SCALE,https://www.data.go.kr/data/15134343/openapi.do,2026-10-07T08:12:52+09:00
2020.01,330499,41,경기도 파주시,3711,API_EXP_USD_AMT_UNVERIFIED_SCALE,https://www.data.go.kr/data/15134343/openapi.do,2026-10-07T08:12:52+09:00
2020.01,330499,41,경기도 평택시,779,API_EXP_USD_AMT_UNVERIFIED_SCALE,https://www.data.go.kr/data/15134343/openapi.do,2026-10-07T08:12:52+09:00
2020.01,330499,41,경기도 포천군,33,API_EXP_USD_AMT_UNVERIFIED_SCALE,https://www.data.go.kr/data/15134343/openapi.do,2026-10-07T08:12:52+09:00
2020.01,330499,41,경기도 하남시,429,API_EXP_USD_AMT_UNVERIFIED_SCALE,https://www.data.go.kr/data/15134343/openapi.do,2026-10-07T08:12:52+09:00
2020.01,330499,41,경기도 화성시,14424,API_EXP_USD_AMT_UNVERIFIED_SCALE,https://www.data.go.kr/data/15134343/openapi.do,2026-10-07T08:12:52+09:00
2020.01,853400,27,대구광역시 남구,91,API_EXP_USD_AMT_UNVERIFIED_SCALE,https://www.data.go.kr/data/15134343/openapi.do,2026-10-07T08:12:52+09:00
2020.01,853400,27,대구광역시 달서구,430,API_EXP_USD_AMT_UNVERIFIED_SCALE,https://www.data.go.kr/data/15134343/openapi.do,2026-10-07T08:12:52+09:00
2020.01,853400,27,대구광역시 달성군,17769,API_EXP_USD_AMT_UNVERIFIED_SCALE,https://www.data.go.kr/data/15134343/openapi.do,2026-10-07T08:12:52+09:00
2020.01,853400,27,대구광역시 북구,0,API_EXP_USD_AMT_UNVERIFIED_SCALE,https://www.data.go.kr/data/15134343/openapi.do,2026-10-07T08:12:52+09:00
2020.01,853400,27,대구광역시 서구,2,API_EXP_USD_AMT_UNVERIFIED_SCALE,https://www.data.go.kr/data/15134343/openapi.do,2026-10-07T08:12:52+09:00
2020.01,853400,27,대구광역시 수성구,0,API_EXP_USD_AMT_UNVERIFIED_SCALE,https://www.data.go.kr/data/15134343/openapi.do,2026-10-07T08:12:52+09:00
2020.01,853400,41,경기도 고양시,44,API_EXP_USD_AMT_UNVERIFIED_SCALE,https://www.data.go.kr/data/15134343/openapi.do,2026-10-07T08:12:52+09:00
2020.01,853400,41,경기도 광명시,77,API_EXP_USD_AMT_UNVERIFIED_SCALE,https://www.data.go.kr/data/15134343/openapi.do,2026-10-07T08:12:52+09:00
2020.01,853400,41,경기도 광주시,0,API_EXP_USD_AMT_UNVERIFIED_SCALE,https://www.data.go.kr/data/15134343/openapi.do,2026-10-07T08:12:52+09:00
2020.01,853400,41,경기도 구리시,0,API_EXP_USD_AMT_UNVERIFIED_SCALE,https://www.data.go.kr/data/15134343/openapi.do,2026-10-07T08:12:52+09:00
2020.01,853400,41,경기도 군포시,132,API_EXP_USD_AMT_UNVERIFIED_SCALE,https://www.data.go.kr/data/15134343/openapi.do,2026-10-07T08:12:52+09:00
2020.01,853400,41,경기도 김포시,90,API_EXP_USD_AMT_UNVERIFIED_SCALE,https://www.data.go.kr/data/15134343/openapi.do,2026-10-07T08:12:52+09:00
2020.01,853400,41,경기도 남양주시,0,API_EXP_USD_AMT_UNVERIFIED_SCALE,https://www.data.go.kr/data/15134343/openapi.do,2026-10-07T08:12:52+09:00
2020.01,853400,41,경기도 동두천시,0,API_EXP_USD_AMT_UNVERIFIED_SCALE,https://www.data.go.kr/data/15134343/openapi.do,2026-10-07T08:12:52+09:00
2020.01,853400,41,경기도 부천시,800,API_EXP_USD_AMT_UNVERIFIED_SCALE,https://www.data.go.kr/data/15134343/openapi.do,2026-10-07T08:12:52+09:00
2020.01,853400,41,경기도 성남시,770,API_EXP_USD_AMT_UNVERIFIED_SCALE,https://www.data.go.kr/data/15134343/openapi.do,2026-10-07T08:12:52+09:00
2020.01,853400,41,경기도 수원시,31275,API_EXP_USD_AMT_UNVERIFIED_SCALE,https://www.data.go.kr/data/15134343/openapi.do,2026-10-07T08:12:52+09:00
2020.01,853400,41,경기도 시흥시,26524,API_EXP_USD_AMT_UNVERIFIED_SCALE,https://www.data.go.kr/data/15134343/openapi.do,2026-10-07T08:12:52+09:00
2020.01,853400,41,경기도 안산시,134314,API_EXP_USD_AMT_UNVERIFIED_SCALE,https://www.data.go.kr/data/15134343/openapi.do,2026-10-07T08:12:52+09:00
2020.01,853400,41,경기도 안성시,12668,API_EXP_USD_AMT_UNVERIFIED_SCALE,https://www.data.go.kr/data/15134343/openapi.do,2026-10-07T08:12:52+09:00
2020.01,853400,41,경기도 안양시,633,API_EXP_USD_AMT_UNVERIFIED_SCALE,https://www.data.go.kr/data/15134343/openapi.do,2026-10-07T08:12:52+09:00
2020.01,853400,41,경기도 양주시,0,API_EXP_USD_AMT_UNVERIFIED_SCALE,https://www.data.go.kr/data/15134343/openapi.do,2026-10-07T08:12:52+09:00
2020.01,853400,41,경기도 양평군,37,API_EXP_USD_AMT_UNVERIFIED_SCALE,https://www.data.go.kr/data/15134343/openapi.do,2026-10-07T08:12:52+09:00
2020.01,853400,41,경기도 여주군,0,API_EXP_USD_AMT_UNVERIFIED_SCALE,https://www.data.go.kr/data/15134343/openapi.do,2026-10-07T08:12:52+09:00
2020.01,853400,41,경기도 연천군,0,API_EXP_USD_AMT_UNVERIFIED_SCALE,https://www.data.go.kr/data/15134343/openapi.do,2026-10-07T08:12:52+09:00
2020.01,853400,41,경기도 오산시,11,API_EXP_USD_AMT_UNVERIFIED_SCALE,https://www.data.go.kr/data/15134343/openapi.do,2026-10-07T08:12:52+09:00
2020.01,853400,41,경기도 용인시,960,API_EXP_USD_AMT_UNVERIFIED_SCALE,https://www.data.go.kr/data/15134343/openapi.do,2026-10-07T08:12:52+09:00
2020.01,853400,41,경기도 의왕시,81,API_EXP_USD_AMT_UNVERIFIED_SCALE,https://www.data.go.kr/data/15134343/openapi.do,2026-10-07T08:12:52+09:00
2020.01,853400,41,경기도 의정부시,0,API_EXP_USD_AMT_UNVERIFIED_SCALE,https://www.data.go.kr/data/15134343/openapi.do,2026-10-07T08:12:52+09:00
2020.01,853400,41,경기도 이천시,954,API_EXP_USD_AMT_UNVERIFIED_SCALE,https://www.data.go.kr/data/15134343/openapi.do,2026-10-07T08:12:52+09:00
2020.01,853400,41,경기도 파주시,1484,API_EXP_USD_AMT_UNVERIFIED_SCALE,https://www.data.go.kr/data/15134343/openapi.do,2026-10-07T08:12:52+09:00
2020.01,853400,41,경기도 평택시,22389,API_EXP_USD_AMT_UNVERIFIED_SCALE,https://www.data.go.kr/data/15134343/openapi.do,2026-10-07T08:12:52+09:00
2020.01,853400,41,경기도 포천군,0,API_EXP_USD_AMT_UNVERIFIED_SCALE,https://www.data.go.kr/data/15134343/openapi.do,2026-10-07T08:12:52+09:00
2020.01,853400,41,경기도 화성시,440,API_EXP_USD_AMT_UNVERIFIED_SCALE,https://www.data.go.kr/data/15134343/openapi.do,2026-10-07T08:12:52+09:00
2020.01,853400,43,충청북도 옥천군,0,API_EXP_USD_AMT_UNVERIFIED_SCALE,https://www.data.go.kr/data/15134343/openapi.do,2026-10-07T08:12:52+09:00
2020.01,853400,43,충청북도 음성군,13,API_EXP_USD_AMT_UNVERIFIED_SCALE,https://www.data.go.kr/data/15134343/openapi.do,2026-10-07T08:12:52+09:00
2020.01,853400,43,충청북도 제천시,0,API_EXP_USD_AMT_UNVERIFIED_SCALE,https://www.data.go.kr/data/15134343/openapi.do,2026-10-07T08:12:52+09:00
2020.01,853400,43,충청북도 증평군,664,API_EXP_USD_AMT_UNVERIFIED_SCALE,https://www.data.go.kr/data/15134343/openapi.do,2026-10-07T08:12:52+09:00
2020.01,853400,43,충청북도 진천군,0,API_EXP_USD_AMT_UNVERIFIED_SCALE,https://www.data.go.kr/data/15134343/openapi.do,2026-10-07T08:12:52+09:00
2020.01,853400,43,충청북도 청주시,45907,API_EXP_USD_AMT_UNVERIFIED_SCALE,https://www.data.go.kr/data/15134343/openapi.do,2026-10-07T08:12:52+09:00
2020.01,853400,43,충청북도 충주시,0,API_EXP_USD_AMT_UNVERIFIED_SCALE,https://www.data.go.kr/data/15134343/openapi.do,2026-10-07T08:12:52+09:00
2020.02,330499,36,세종특별자치시,1468,API_EXP_USD_AMT_UNVERIFIED_SCALE,https://www.data.go.kr/data/15134343/openapi.do,2026-10-07T08:12:52+09:00
2020.02,330499,41,경기도 가평군,0,API_EXP_USD_AMT_UNVERIFIED_SCALE,https://www.data.go.kr/data/15134343/openapi.do,2026-10-07T08:12:52+09:00
2020.02,330499,41,경기도 고양시,3076,API_EXP_USD_AMT_UNVERIFIED_SCALE,https://www.data.go.kr/data/15134343/openapi.do,2026-10-07T08:12:52+09:00
2020.02,330499,41,경기도 과천시,0,API_EXP_USD_AMT_UNVERIFIED_SCALE,https://www.data.go.kr/data/15134343/openapi.do,2026-10-07T08:12:52+09:00
2020.02,330499,41,경기도 광명시,928,API_EXP_USD_AMT_UNVERIFIED_SCALE,https://www.data.go.kr/data/15134343/openapi.do,2026-10-07T08:12:52+09:00
2020.02,330499,41,경기도 광주시,28,API_EXP_USD_AMT_UNVERIFIED_SCALE,https://www.data.go.kr/data/15134343/openapi.do,2026-10-07T08:12:52+09:00
2020.02,330499,41,경기도 구리시,369,API_EXP_USD_AMT_UNVERIFIED_SCALE,https://www.data.go.kr/data/15134343/openapi.do,2026-10-07T08:12:52+09:00
2020.02,330499,41,경기도 군포시,242,API_EXP_USD_AMT_UNVERIFIED_SCALE,https://www.data.go.kr/data/15134343/openapi.do,2026-10-07T08:12:52+09:00
2020.02,330499,41,경기도 김포시,34256,API_EXP_USD_AMT_UNVERIFIED_SCALE,https://www.data.go.kr/data/15134343/openapi.do,2026-10-07T08:12:52+09:00
2020.02,330499,41,경기도 남양주시,1472,API_EXP_USD_AMT_UNVERIFIED_SCALE,https://www.data.go.kr/data/15134343/openapi.do,2026-10-07T08:12:52+09:00
2020.02,330499,41,경기도 동두천시,0,API_EXP_USD_AMT_UNVERIFIED_SCALE,https://www.data.go.kr/data/15134343/openapi.do,2026-10-07T08:12:52+09:00
2020.02,330499,41,경기도 부천시,10186,API_EXP_USD_AMT_UNVERIFIED_SCALE,https://www.data.go.kr/data/15134343/openapi.do,2026-10-07T08:12:52+09:00
2020.02,330499,41,경기도 성남시,6705,API_EXP_USD_AMT_UNVERIFIED_SCALE,https://www.data.go.kr/data/15134343/openapi.do,2026-10-07T08:12:52+09:00
2020.02,330499,41,경기도 수원시,1937,API_EXP_USD_AMT_UNVERIFIED_SCALE,https://www.data.go.kr/data/15134343/openapi.do,2026-10-07T08:12:52+09:00
2020.02,330499,41,경기도 시흥시,4338,API_EXP_USD_AMT_UNVERIFIED_SCALE,https://www.data.go.kr/data/15134343/openapi.do,2026-10-07T08:12:52+09:00
2020.02,330499,41,경기도 안산시,539,API_EXP_USD_AMT_UNVERIFIED_SCALE,https://www.data.go.kr/data/15134343/openapi.do,2026-10-07T08:12:52+09:00
2020.02,330499,41,경기도 안성시,954,API_EXP_USD_AMT_UNVERIFIED_SCALE,https://www.data.go.kr/data/15134343/openapi.do,2026-10-07T08:12:52+09:00
2020.02,330499,41,경기도 안양시,4947,API_EXP_USD_AMT_UNVERIFIED_SCALE,https://www.data.go.kr/data/15134343/openapi.do,2026-10-07T08:12:52+09:00
2020.02,330499,41,경기도 양주시,932,API_EXP_USD_AMT_UNVERIFIED_SCALE,https://www.data.go.kr/data/15134343/openapi.do,2026-10-07T08:12:52+09:00
2020.02,330499,41,경기도 양평군,1593,API_EXP_USD_AMT_UNVERIFIED_SCALE,https://www.data.go.kr/data/15134343/openapi.do,2026-10-07T08:12:52+09:00
2020.02,330499,41,경기도 여주군,1100,API_EXP_USD_AMT_UNVERIFIED_SCALE,https://www.data.go.kr/data/15134343/openapi.do,2026-10-07T08:12:52+09:00
2020.02,330499,41,경기도 연천군,35,API_EXP_USD_AMT_UNVERIFIED_SCALE,https://www.data.go.kr/data/15134343/openapi.do,2026-10-07T08:12:52+09:00
2020.02,330499,41,경기도 오산시,2272,API_EXP_USD_AMT_UNVERIFIED_SCALE,https://www.data.go.kr/data/15134343/openapi.do,2026-10-07T08:12:52+09:00
2020.02,330499,41,경기도 용인시,1561,API_EXP_USD_AMT_UNVERIFIED_SCALE,https://www.data.go.kr/data/15134343/openapi.do,2026-10-07T08:12:52+09:00
2020.02,330499,41,경기도 의왕시,115,API_EXP_USD_AMT_UNVERIFIED_SCALE,https://www.data.go.kr/data/15134343/openapi.do,2026-10-07T08:12:52+09:00
2020.02,330499,41,경기도 의정부시,134,API_EXP_USD_AMT_UNVERIFIED_SCALE,https://www.data.go.kr/data/15134343/openapi.do,2026-10-07T08:12:52+09:00
2020.02,330499,41,경기도 이천시,144,API_EXP_USD_AMT_UNVERIFIED_SCALE,https://www.data.go.kr/data/15134343/openapi.do,2026-10-07T08:12:52+09:00
2020.02,330499,41,경기도 파주시,539,API_EXP_USD_AMT_UNVERIFIED_SCALE,https://www.data.go.kr/data/15134343/openapi.do,2026-10-07T08:12:52+09:00
2020.02,330499,41,경기도 평택시,1052,API_EXP_USD_AMT_UNVERIFIED_SCALE,https://www.data.go.kr/data/15134343/openapi.do,2026-10-07T08:12:52+09:00
2020.02,330499,41,경기도 포천군,106,API_EXP_USD_AMT_UNVERIFIED_SCALE,https://www.data.go.kr/data/15134343/openapi.do,2026-10-07T08:12:52+09:00
2020.02,330499,41,경기도 하남시,795,API_EXP_USD_AMT_UNVERIFIED_SCALE,https://www.data.go.kr/data/15134343/openapi.do,2026-10-07T08:12:52+09:00
2020.02,330499,41,경기도 화성시,12367,API_EXP_USD_AMT_UNVERIFIED_SCALE,https://www.data.go.kr/data/15134343/openapi.do,2026-10-07T08:12:52+09:00
2020.02,853400,27,대구광역시 남구,59,API_EXP_USD_AMT_UNVERIFIED_SCALE,https://www.data.go.kr/data/15134343/openapi.do,2026-10-07T08:12:52+09:00
2020.02,853400,27,대구광역시 달서구,560,API_EXP_USD_AMT_UNVERIFIED_SCALE,https://www.data.go.kr/data/15134343/openapi.do,2026-10-07T08:12:52+09:00
2020.02,853400,27,대구광역시 달성군,15694,API_EXP_USD_AMT_UNVERIFIED_SCALE,https://www.data.go.kr/data/15134343/openapi.do,2026-10-07T08:12:52+09:00
2020.02,853400,27,대구광역시 동구,0,API_EXP_USD_AMT_UNVERIFIED_SCALE,https://www.data.go.kr/data/15134343/openapi.do,2026-10-07T08:12:52+09:00
2020.02,853400,27,대구광역시 북구,0,API_EXP_USD_AMT_UNVERIFIED_SCALE,https://www.data.go.kr/data/15134343/openapi.do,2026-10-07T08:12:52+09:00
2020.02,853400,27,대구광역시 수성구,0,API_EXP_USD_AMT_UNVERIFIED_SCALE,https://www.data.go.kr/data/15134343/openapi.do,2026-10-07T08:12:52+09:00
2020.02,853400,41,경기도 고양시,107,API_EXP_USD_AMT_UNVERIFIED_SCALE,https://www.data.go.kr/data/15134343/openapi.do,2026-10-07T08:12:52+09:00
2020.02,853400,41,경기도 광명시,70,API_EXP_USD_AMT_UNVERIFIED_SCALE,https://www.data.go.kr/data/15134343/openapi.do,2026-10-07T08:12:52+09:00
2020.02,853400,41,경기도 광주시,0,API_EXP_USD_AMT_UNVERIFIED_SCALE,https://www.data.go.kr/data/15134343/openapi.do,2026-10-07T08:12:52+09:00
2020.02,853400,41,경기도 군포시,335,API_EXP_USD_AMT_UNVERIFIED_SCALE,https://www.data.go.kr/data/15134343/openapi.do,2026-10-07T08:12:52+09:00
2020.02,853400,41,경기도 김포시,225,API_EXP_USD_AMT_UNVERIFIED_SCALE,https://www.data.go.kr/data/15134343/openapi.do,2026-10-07T08:12:52+09:00
2020.02,853400,41,경기도 남양주시,2,API_EXP_USD_AMT_UNVERIFIED_SCALE,https://www.data.go.kr/data/15134343/openapi.do,2026-10-07T08:12:52+09:00
2020.02,853400,41,경기도 동두천시,0,API_EXP_USD_AMT_UNVERIFIED_SCALE,https://www.data.go.kr/data/15134343/openapi.do,2026-10-07T08:12:52+09:00
2020.02,853400,41,경기도 부천시,343,API_EXP_USD_AMT_UNVERIFIED_SCALE,https://www.data.go.kr/data/15134343/openapi.do,2026-10-07T08:12:52+09:00
2020.02,853400,41,경기도 성남시,947,API_EXP_USD_AMT_UNVERIFIED_SCALE,https://www.data.go.kr/data/15134343/openapi.do,2026-10-07T08:12:52+09:00
2020.02,853400,41,경기도 수원시,26099,API_EXP_USD_AMT_UNVERIFIED_SCALE,https://www.data.go.kr/data/15134343/openapi.do,2026-10-07T08:12:52+09:00
2020.02,853400,41,경기도 시흥시,27001,API_EXP_USD_AMT_UNVERIFIED_SCALE,https://www.data.go.kr/data/15134343/openapi.do,2026-10-07T08:12:52+09:00
2020.02,853400,41,경기도 안산시,114402,API_EXP_USD_AMT_UNVERIFIED_SCALE,https://www.data.go.kr/data/15134343/openapi.do,2026-10-07T08:12:52+09:00
2020.02,853400,41,경기도 안성시,11960,API_EXP_USD_AMT_UNVERIFIED_SCALE,https://www.data.go.kr/data/15134343/openapi.do,2026-10-07T08:12:52+09:00
2020.02,853400,41,경기도 안양시,763,API_EXP_USD_AMT_UNVERIFIED_SCALE,https://www.data.go.kr/data/15134343/openapi.do,2026-10-07T08:12:52+09:00
2020.02,853400,41,경기도 양평군,23,API_EXP_USD_AMT_UNVERIFIED_SCALE,https://www.data.go.kr/data/15134343/openapi.do,2026-10-07T08:12:52+09:00
2020.02,853400,41,경기도 연천군,0,API_EXP_USD_AMT_UNVERIFIED_SCALE,https://www.data.go.kr/data/15134343/openapi.do,2026-10-07T08:12:52+09:00
2020.02,853400,41,경기도 오산시,14,API_EXP_USD_AMT_UNVERIFIED_SCALE,https://www.data.go.kr/data/15134343/openapi.do,2026-10-07T08:12:52+09:00
2020.02,853400,41,경기도 용인시,1136,API_EXP_USD_AMT_UNVERIFIED_SCALE,https://www.data.go.kr/data/15134343/openapi.do,2026-10-07T08:12:52+09:00
2020.02,853400,41,경기도 의왕시,0,API_EXP_USD_AMT_UNVERIFIED_SCALE,https://www.data.go.kr/data/15134343/openapi.do,2026-10-07T08:12:52+09:00
2020.02,853400,41,경기도 의정부시,0,API_EXP_USD_AMT_UNVERIFIED_SCALE,https://www.data.go.kr/data/15134343/openapi.do,2026-10-07T08:12:52+09:00
2020.02,853400,41,경기도 이천시,28,API_EXP_USD_AMT_UNVERIFIED_SCALE,https://www.data.go.kr/data/15134343/openapi.do,2026-10-07T08:12:52+09:00
2020.02,853400,41,경기도 파주시,2864,API_EXP_USD_AMT_UNVERIFIED_SCALE,https://www.data.go.kr/data/15134343/openapi.do,2026-10-07T08:12:52+09:00
2020.02,853400,41,경기도 평택시,18012,API_EXP_USD_AMT_UNVERIFIED_SCALE,https://www.data.go.kr/data/15134343/openapi.do,2026-10-07T08:12:52+09:00
2020.02,853400,41,경기도 포천군,0,API_EXP_USD_AMT_UNVERIFIED_SCALE,https://www.data.go.kr/data/15134343/openapi.do,2026-10-07T08:12:52+09:00
2020.02,853400,41,경기도 하남시,0,API_EXP_USD_AMT_UNVERIFIED_SCALE,https://www.data.go.kr/data/15134343/openapi.do,2026-10-07T08:12:52+09:00
2020.02,853400,41,경기도 화성시,968,API_EXP_USD_AMT_UNVERIFIED_SCALE,https://www.data.go.kr/data/15134343/openapi.do,2026-10-07T08:12:52+09:00
2020.02,853400,43,충청북도 옥천군,0,API_EXP_USD_AMT_UNVERIFIED_SCALE,https://www.data.go.kr/data/15134343/openapi.do,2026-10-07T08:12:52+09:00
2020.02,853400,43,충청북도 증평군,965,API_EXP_USD_AMT_UNVERIFIED_SCALE,https://www.data.go.kr/data/15134343/openapi.do,2026-10-07T08:12:52+09:00
2020.02,853400,43,충청북도 진천군,2,API_EXP_USD_AMT_UNVERIFIED_SCALE,https://www.data.go.kr/data/15134343/openapi.do,2026-10-07T08:12:52+09:00
2020.02,853400,43,충청북도 청주시,43657,API_EXP_USD_AMT_UNVERIFIED_SCALE,https://www.data.go.kr/data/15134343/openapi.do,2026-10-07T08:12:52+09:00
2020.03,330499,36,세종특별자치시,1871,API_EXP_USD_AMT_UNVERIFIED_SCALE,https://www.data.go.kr/data/15134343/openapi.do,2026-10-07T08:12:52+09:00
2020.03,330499,41,경기도 가평군,0,API_EXP_USD_AMT_UNVERIFIED_SCALE,https://www.data.go.kr/data/15134343/openapi.do,2026-10-07T08:12:52+09:00
2020.03,330499,41,경기도 고양시,5146,API_EXP_USD_AMT_UNVERIFIED_SCALE,https://www.data.go.kr/data/15134343/openapi.do,2026-10-07T08:12:52+09:00
2020.03,330499,41,경기도 과천시,0,API_EXP_USD_AMT_UNVERIFIED_SCALE,https://www.data.go.kr/data/15134343/openapi.do,2026-10-07T08:12:52+09:00
2020.03,330499,41,경기도 광명시,1349,API_EXP_USD_AMT_UNVERIFIED_SCALE,https://www.data.go.kr/data/15134343/openapi.do,2026-10-07T08:12:52+09:00
2020.03,330499,41,경기도 광주시,73,API_EXP_USD_AMT_UNVERIFIED_SCALE,https://www.data.go.kr/data/15134343/openapi.do,2026-10-07T08:12:52+09:00
2020.03,330499,41,경기도 구리시,252,API_EXP_USD_AMT_UNVERIFIED_SCALE,https://www.data.go.kr/data/15134343/openapi.do,2026-10-07T08:12:52+09:00
2020.03,330499,41,경기도 군포시,172,API_EXP_USD_AMT_UNVERIFIED_SCALE,https://www.data.go.kr/data/15134343/openapi.do,2026-10-07T08:12:52+09:00
2020.03,330499,41,경기도 김포시,48859,API_EXP_USD_AMT_UNVERIFIED_SCALE,https://www.data.go.kr/data/15134343/openapi.do,2026-10-07T08:12:52+09:00
2020.03,330499,41,경기도 남양주시,1790,API_EXP_USD_AMT_UNVERIFIED_SCALE,https://www.data.go.kr/data/15134343/openapi.do,2026-10-07T08:12:52+09:00
2020.03,330499,41,경기도 동두천시,0,API_EXP_USD_AMT_UNVERIFIED_SCALE,https://www.data.go.kr/data/15134343/openapi.do,2026-10-07T08:12:52+09:00
2020.03,330499,41,경기도 부천시,13884,API_EXP_USD_AMT_UNVERIFIED_SCALE,https://www.data.go.kr/data/15134343/openapi.do,2026-10-07T08:12:52+09:00
2020.03,330499,41,경기도 성남시,11948,API_EXP_USD_AMT_UNVERIFIED_SCALE,https://www.data.go.kr/data/15134343/openapi.do,2026-10-07T08:12:52+09:00
2020.03,330499,41,경기도 수원시,1352,API_EXP_USD_AMT_UNVERIFIED_SCALE,https://www.data.go.kr/data/15134343/openapi.do,2026-10-07T08:12:52+09:00
2020.03,330499,41,경기도 시흥시,16555,API_EXP_USD_AMT_UNVERIFIED_SCALE,https://www.data.go.kr/data/15134343/openapi.do,2026-10-07T08:12:52+09:00
2020.03,330499,41,경기도 안산시,527,API_EXP_USD_AMT_UNVERIFIED_SCALE,https://www.data.go.kr/data/15134343/openapi.do,2026-10-07T08:12:52+09:00
2020.03,330499,41,경기도 안성시,905,API_EXP_USD_AMT_UNVERIFIED_SCALE,https://www.data.go.kr/data/15134343/openapi.do,2026-10-07T08:12:52+09:00
2020.03,330499,41,경기도 안양시,5695,API_EXP_USD_AMT_UNVERIFIED_SCALE,https://www.data.go.kr/data/15134343/openapi.do,2026-10-07T08:12:52+09:00
2020.03,330499,41,경기도 양주시,1135,API_EXP_USD_AMT_UNVERIFIED_SCALE,https://www.data.go.kr/data/15134343/openapi.do,2026-10-07T08:12:52+09:00
2020.03,330499,41,경기도 양평군,663,API_EXP_USD_AMT_UNVERIFIED_SCALE,https://www.data.go.kr/data/15134343/openapi.do,2026-10-07T08:12:52+09:00
2020.03,330499,41,경기도 여주군,1860,API_EXP_USD_AMT_UNVERIFIED_SCALE,https://www.data.go.kr/data/15134343/openapi.do,2026-10-07T08:12:52+09:00
2020.03,330499,41,경기도 연천군,17,API_EXP_USD_AMT_UNVERIFIED_SCALE,https://www.data.go.kr/data/15134343/openapi.do,2026-10-07T08:12:52+09:00
2020.03,330499,41,경기도 오산시,1808,API_EXP_USD_AMT_UNVERIFIED_SCALE,https://www.data.go.kr/data/15134343/openapi.do,2026-10-07T08:12:52+09:00
2020.03,330499,41,경기도 용인시,1453,API_EXP_USD_AMT_UNVERIFIED_SCALE,https://www.data.go.kr/data/15134343/openapi.do,2026-10-07T08:12:52+09:00
2020.03,330499,41,경기도 의왕시,382,API_EXP_USD_AMT_UNVERIFIED_SCALE,https://www.data.go.kr/data/15134343/openapi.do,2026-10-07T08:12:52+09:00
2020.03,330499,41,경기도 의정부시,37,API_EXP_USD_AMT_UNVERIFIED_SCALE,https://www.data.go.kr/data/15134343/openapi.do,2026-10-07T08:12:52+09:00
2020.03,330499,41,경기도 이천시,263,API_EXP_USD_AMT_UNVERIFIED_SCALE,https://www.data.go.kr/data/15134343/openapi.do,2026-10-07T08:12:52+09:00
2020.03,330499,41,경기도 파주시,2402,API_EXP_USD_AMT_UNVERIFIED_SCALE,https://www.data.go.kr/data/15134343/openapi.do,2026-10-07T08:12:52+09:00
2020.03,330499,41,경기도 평택시,1081,API_EXP_USD_AMT_UNVERIFIED_SCALE,https://www.data.go.kr/data/15134343/openapi.do,2026-10-07T08:12:52+09:00
2020.03,330499,41,경기도 포천군,63,API_EXP_USD_AMT_UNVERIFIED_SCALE,https://www.data.go.kr/data/15134343/openapi.do,2026-10-07T08:12:52+09:00
2020.03,330499,41,경기도 하남시,202,API_EXP_USD_AMT_UNVERIFIED_SCALE,https://www.data.go.kr/data/15134343/openapi.do,2026-10-07T08:12:52+09:00
2020.03,330499,41,경기도 화성시,22760,API_EXP_USD_AMT_UNVERIFIED_SCALE,https://www.data.go.kr/data/15134343/openapi.do,2026-10-07T08:12:52+09:00
2020.03,853400,27,대구광역시 남구,1053,API_EXP_USD_AMT_UNVERIFIED_SCALE,https://www.data.go.kr/data/15134343/openapi.do,2026-10-07T08:12:52+09:00
2020.03,853400,27,대구광역시 달서구,529,API_EXP_USD_AMT_UNVERIFIED_SCALE,https://www.data.go.kr/data/15134343/openapi.do,2026-10-07T08:12:52+09:00
2020.03,853400,27,대구광역시 달성군,20139,API_EXP_USD_AMT_UNVERIFIED_SCALE,https://www.data.go.kr/data/15134343/openapi.do,2026-10-07T08:12:52+09:00
2020.03,853400,27,대구광역시 동구,0,API_EXP_USD_AMT_UNVERIFIED_SCALE,https://www.data.go.kr/data/15134343/openapi.do,2026-10-07T08:12:52+09:00
2020.03,853400,27,대구광역시 북구,0,API_EXP_USD_AMT_UNVERIFIED_SCALE,https://www.data.go.kr/data/15134343/openapi.do,2026-10-07T08:12:52+09:00
2020.03,853400,27,대구광역시 서구,2,API_EXP_USD_AMT_UNVERIFIED_SCALE,https://www.data.go.kr/data/15134343/openapi.do,2026-10-07T08:12:52+09:00
2020.03,853400,27,대구광역시 수성구,0,API_EXP_USD_AMT_UNVERIFIED_SCALE,https://www.data.go.kr/data/15134343/openapi.do,2026-10-07T08:12:52+09:00
2020.03,853400,27,대구광역시 중구,0,API_EXP_USD_AMT_UNVERIFIED_SCALE,https://www.data.go.kr/data/15134343/openapi.do,2026-10-07T08:12:52+09:00
2020.03,853400,41,경기도 고양시,166,API_EXP_USD_AMT_UNVERIFIED_SCALE,https://www.data.go.kr/data/15134343/openapi.do,2026-10-07T08:12:52+09:00
2020.03,853400,41,경기도 과천시,0,API_EXP_USD_AMT_UNVERIFIED_SCALE,https://www.data.go.kr/data/15134343/openapi.do,2026-10-07T08:12:52+09:00
2020.03,853400,41,경기도 광명시,45,API_EXP_USD_AMT_UNVERIFIED_SCALE,https://www.data.go.kr/data/15134343/openapi.do,2026-10-07T08:12:52+09:00
2020.03,853400,41,경기도 광주시,1,API_EXP_USD_AMT_UNVERIFIED_SCALE,https://www.data.go.kr/data/15134343/openapi.do,2026-10-07T08:12:52+09:00
2020.03,853400,41,경기도 구리시,0,API_EXP_USD_AMT_UNVERIFIED_SCALE,https://www.data.go.kr/data/15134343/openapi.do,2026-10-07T08:12:52+09:00
2020.03,853400,41,경기도 군포시,172,API_EXP_USD_AMT_UNVERIFIED_SCALE,https://www.data.go.kr/data/15134343/openapi.do,2026-10-07T08:12:52+09:00
2020.03,853400,41,경기도 김포시,235,API_EXP_USD_AMT_UNVERIFIED_SCALE,https://www.data.go.kr/data/15134343/openapi.do,2026-10-07T08:12:52+09:00
2020.03,853400,41,경기도 남양주시,4,API_EXP_USD_AMT_UNVERIFIED_SCALE,https://www.data.go.kr/data/15134343/openapi.do,2026-10-07T08:12:52+09:00
2020.03,853400,41,경기도 동두천시,0,API_EXP_USD_AMT_UNVERIFIED_SCALE,https://www.data.go.kr/data/15134343/openapi.do,2026-10-07T08:12:52+09:00
2020.03,853400,41,경기도 부천시,1024,API_EXP_USD_AMT_UNVERIFIED_SCALE,https://www.data.go.kr/data/15134343/openapi.do,2026-10-07T08:12:52+09:00
2020.03,853400,41,경기도 성남시,1058,API_EXP_USD_AMT_UNVERIFIED_SCALE,https://www.data.go.kr/data/15134343/openapi.do,2026-10-07T08:12:52+09:00
2020.03,853400,41,경기도 수원시,28491,API_EXP_USD_AMT_UNVERIFIED_SCALE,https://www.data.go.kr/data/15134343/openapi.do,2026-10-07T08:12:52+09:00
2020.03,853400,41,경기도 시흥시,33030,API_EXP_USD_AMT_UNVERIFIED_SCALE,https://www.data.go.kr/data/15134343/openapi.do,2026-10-07T08:12:52+09:00
2020.03,853400,41,경기도 안산시,120559,API_EXP_USD_AMT_UNVERIFIED_SCALE,https://www.data.go.kr/data/15134343/openapi.do,2026-10-07T08:12:52+09:00
2020.03,853400,41,경기도 안성시,10158,API_EXP_USD_AMT_UNVERIFIED_SCALE,https://www.data.go.kr/data/15134343/openapi.do,2026-10-07T08:12:52+09:00
2020.03,853400,41,경기도 안양시,913,API_EXP_USD_AMT_UNVERIFIED_SCALE,https://www.data.go.kr/data/15134343/openapi.do,2026-10-07T08:12:52+09:00
2020.03,853400,41,경기도 양주시,0,API_EXP_USD_AMT_UNVERIFIED_SCALE,https://www.data.go.kr/data/15134343/openapi.do,2026-10-07T08:12:52+09:00
2020.03,853400,41,경기도 양평군,28,API_EXP_USD_AMT_UNVERIFIED_SCALE,https://www.data.go.kr/data/15134343/openapi.do,2026-10-07T08:12:52+09:00
2020.03,853400,41,경기도 여주군,0,API_EXP_USD_AMT_UNVERIFIED_SCALE,https://www.data.go.kr/data/15134343/openapi.do,2026-10-07T08:12:52+09:00
2020.03,853400,41,경기도 오산시,65,API_EXP_USD_AMT_UNVERIFIED_SCALE,https://www.data.go.kr/data/15134343/openapi.do,2026-10-07T08:12:52+09:00
2020.03,853400,41,경기도 용인시,1383,API_EXP_USD_AMT_UNVERIFIED_SCALE,https://www.data.go.kr/data/15134343/openapi.do,2026-10-07T08:12:52+09:00
2020.03,853400,41,경기도 의왕시,25,API_EXP_USD_AMT_UNVERIFIED_SCALE,https://www.data.go.kr/data/15134343/openapi.do,2026-10-07T08:12:52+09:00
2020.03,853400,41,경기도 의정부시,2,API_EXP_USD_AMT_UNVERIFIED_SCALE,https://www.data.go.kr/data/15134343/openapi.do,2026-10-07T08:12:52+09:00
2020.03,853400,41,경기도 이천시,288,API_EXP_USD_AMT_UNVERIFIED_SCALE,https://www.data.go.kr/data/15134343/openapi.do,2026-10-07T08:12:52+09:00
2020.03,853400,41,경기도 파주시,1612,API_EXP_USD_AMT_UNVERIFIED_SCALE,https://www.data.go.kr/data/15134343/openapi.do,2026-10-07T08:12:52+09:00
2020.03,853400,41,경기도 평택시,29390,API_EXP_USD_AMT_UNVERIFIED_SCALE,https://www.data.go.kr/data/15134343/openapi.do,2026-10-07T08:12:52+09:00
2020.03,853400,41,경기도 포천군,0,API_EXP_USD_AMT_UNVERIFIED_SCALE,https://www.data.go.kr/data/15134343/openapi.do,2026-10-07T08:12:52+09:00
2020.03,853400,41,경기도 하남시,0,API_EXP_USD_AMT_UNVERIFIED_SCALE,https://www.data.go.kr/data/15134343/openapi.do,2026-10-07T08:12:52+09:00
2020.03,853400,41,경기도 화성시,848,API_EXP_USD_AMT_UNVERIFIED_SCALE,https://www.data.go.kr/data/15134343/openapi.do,2026-10-07T08:12:52+09:00
2020.03,853400,43,충청북도 증평군,1184,API_EXP_USD_AMT_UNVERIFIED_SCALE,https://www.data.go.kr/data/15134343/openapi.do,2026-10-07T08:12:52+09:00
2020.03,853400,43,충청북도 진천군,7,API_EXP_USD_AMT_UNVERIFIED_SCALE,https://www.data.go.kr/data/15134343/openapi.do,2026-10-07T08:12:52+09:00
2020.03,853400,43,충청북도 청주시,48689,API_EXP_USD_AMT_UNVERIFIED_SCALE,https://www.data.go.kr/data/15134343/openapi.do,2026-10-07T08:12:52+09:00
2020.03,853400,43,충청북도 충주시,0,API_EXP_USD_AMT_UNVERIFIED_SCALE,https://www.data.go.kr/data/15134343/openapi.do,2026-10-07T08:12:52+09:00
2020.04,330499,36,세종특별자치시,1702,API_EXP_USD_AMT_UNVERIFIED_SCALE,https://www.data.go.kr/data/15134343/openapi.do,2026-10-07T08:12:52+09:00
2020.04,330499,41,경기도 가평군,0,API_EXP_USD_AMT_UNVERIFIED_SCALE,https://www.data.go.kr/data/15134343/openapi.do,2026-10-07T08:12:52+09:00
2020.04,330499,41,경기도 고양시,4576,API_EXP_USD_AMT_UNVERIFIED_SCALE,https://www.data.go.kr/data/15134343/openapi.do,2026-10-07T08:12:52+09:00
2020.04,330499,41,경기도 과천시,0,API_EXP_USD_AMT_UNVERIFIED_SCALE,https://www.data.go.kr/data/15134343/openapi.do,2026-10-07T08:12:52+09:00
2020.04,330499,41,경기도 광명시,960,API_EXP_USD_AMT_UNVERIFIED_SCALE,https://www.data.go.kr/data/15134343/openapi.do,2026-10-07T08:12:52+09:00
2020.04,330499,41,경기도 광주시,125,API_EXP_USD_AMT_UNVERIFIED_SCALE,https://www.data.go.kr/data/15134343/openapi.do,2026-10-07T08:12:52+09:00
2020.04,330499,41,경기도 구리시,427,API_EXP_USD_AMT_UNVERIFIED_SCALE,https://www.data.go.kr/data/15134343/openapi.do,2026-10-07T08:12:52+09:00
2020.04,330499,41,경기도 군포시,311,API_EXP_USD_AMT_UNVERIFIED_SCALE,https://www.data.go.kr/data/15134343/openapi.do,2026-10-07T08:12:52+09:00
2020.04,330499,41,경기도 김포시,31340,API_EXP_USD_AMT_UNVERIFIED_SCALE,https://www.data.go.kr/data/15134343/openapi.do,2026-10-07T08:12:52+09:00
2020.04,330499,41,경기도 남양주시,1201,API_EXP_USD_AMT_UNVERIFIED_SCALE,https://www.data.go.kr/data/15134343/openapi.do,2026-10-07T08:12:52+09:00
2020.04,330499,41,경기도 동두천시,0,API_EXP_USD_AMT_UNVERIFIED_SCALE,https://www.data.go.kr/data/15134343/openapi.do,2026-10-07T08:12:52+09:00
2020.04,330499,41,경기도 부천시,8932,API_EXP_USD_AMT_UNVERIFIED_SCALE,https://www.data.go.kr/data/15134343/openapi.do,2026-10-07T08:12:52+09:00
2020.04,330499,41,경기도 성남시,11104,API_EXP_USD_AMT_UNVERIFIED_SCALE,https://www.data.go.kr/data/15134343/openapi.do,2026-10-07T08:12:52+09:00
2020.04,330499,41,경기도 수원시,1166,API_EXP_USD_AMT_UNVERIFIED_SCALE,https://www.data.go.kr/data/15134343/openapi.do,2026-10-07T08:12:52+09:00
2020.04,330499,41,경기도 시흥시,3865,API_EXP_USD_AMT_UNVERIFIED_SCALE,https://www.data.go.kr/data/15134343/openapi.do,2026-10-07T08:12:52+09:00
2020.04,330499,41,경기도 안산시,286,API_EXP_USD_AMT_UNVERIFIED_SCALE,https://www.data.go.kr/data/15134343/openapi.do,2026-10-07T08:12:52+09:00
2020.04,330499,41,경기도 안성시,3965,API_EXP_USD_AMT_UNVERIFIED_SCALE,https://www.data.go.kr/data/15134343/openapi.do,2026-10-07T08:12:52+09:00
2020.04,330499,41,경기도 안양시,3800,API_EXP_USD_AMT_UNVERIFIED_SCALE,https://www.data.go.kr/data/15134343/openapi.do,2026-10-07T08:12:52+09:00
2020.04,330499,41,경기도 양주시,113,API_EXP_USD_AMT_UNVERIFIED_SCALE,https://www.data.go.kr/data/15134343/openapi.do,2026-10-07T08:12:52+09:00
2020.04,330499,41,경기도 양평군,2,API_EXP_USD_AMT_UNVERIFIED_SCALE,https://www.data.go.kr/data/15134343/openapi.do,2026-10-07T08:12:52+09:00
2020.04,330499,41,경기도 여주군,2068,API_EXP_USD_AMT_UNVERIFIED_SCALE,https://www.data.go.kr/data/15134343/openapi.do,2026-10-07T08:12:52+09:00
2020.04,330499,41,경기도 연천군,11,API_EXP_USD_AMT_UNVERIFIED_SCALE,https://www.data.go.kr/data/15134343/openapi.do,2026-10-07T08:12:52+09:00
2020.04,330499,41,경기도 오산시,3319,API_EXP_USD_AMT_UNVERIFIED_SCALE,https://www.data.go.kr/data/15134343/openapi.do,2026-10-07T08:12:52+09:00
2020.04,330499,41,경기도 용인시,1647,API_EXP_USD_AMT_UNVERIFIED_SCALE,https://www.data.go.kr/data/15134343/openapi.do,2026-10-07T08:12:52+09:00
2020.04,330499,41,경기도 의왕시,103,API_EXP_USD_AMT_UNVERIFIED_SCALE,https://www.data.go.kr/data/15134343/openapi.do,2026-10-07T08:12:52+09:00
2020.04,330499,41,경기도 의정부시,21,API_EXP_USD_AMT_UNVERIFIED_SCALE,https://www.data.go.kr/data/15134343/openapi.do,2026-10-07T08:12:52+09:00
2020.04,330499,41,경기도 이천시,137,API_EXP_USD_AMT_UNVERIFIED_SCALE,https://www.data.go.kr/data/15134343/openapi.do,2026-10-07T08:12:52+09:00
2020.04,330499,41,경기도 파주시,727,API_EXP_USD_AMT_UNVERIFIED_SCALE,https://www.data.go.kr/data/15134343/openapi.do,2026-10-07T08:12:52+09:00
2020.04,330499,41,경기도 평택시,508,API_EXP_USD_AMT_UNVERIFIED_SCALE,https://www.data.go.kr/data/15134343/openapi.do,2026-10-07T08:12:52+09:00
2020.04,330499,41,경기도 포천군,404,API_EXP_USD_AMT_UNVERIFIED_SCALE,https://www.data.go.kr/data/15134343/openapi.do,2026-10-07T08:12:52+09:00
2020.04,330499,41,경기도 하남시,574,API_EXP_USD_AMT_UNVERIFIED_SCALE,https://www.data.go.kr/data/15134343/openapi.do,2026-10-07T08:12:52+09:00
2020.04,330499,41,경기도 화성시,19350,API_EXP_USD_AMT_UNVERIFIED_SCALE,https://www.data.go.kr/data/15134343/openapi.do,2026-10-07T08:12:52+09:00
2020.04,853400,27,대구광역시 남구,812,API_EXP_USD_AMT_UNVERIFIED_SCALE,https://www.data.go.kr/data/15134343/openapi.do,2026-10-07T08:12:52+09:00
2020.04,853400,27,대구광역시 달서구,753,API_EXP_USD_AMT_UNVERIFIED_SCALE,https://www.data.go.kr/data/15134343/openapi.do,2026-10-07T08:12:52+09:00
2020.04,853400,27,대구광역시 달성군,22093,API_EXP_USD_AMT_UNVERIFIED_SCALE,https://www.data.go.kr/data/15134343/openapi.do,2026-10-07T08:12:52+09:00
2020.04,853400,27,대구광역시 동구,0,API_EXP_USD_AMT_UNVERIFIED_SCALE,https://www.data.go.kr/data/15134343/openapi.do,2026-10-07T08:12:52+09:00
2020.04,853400,27,대구광역시 북구,0,API_EXP_USD_AMT_UNVERIFIED_SCALE,https://www.data.go.kr/data/15134343/openapi.do,2026-10-07T08:12:52+09:00
2020.04,853400,27,대구광역시 서구,0,API_EXP_USD_AMT_UNVERIFIED_SCALE,https://www.data.go.kr/data/15134343/openapi.do,2026-10-07T08:12:52+09:00
2020.04,853400,27,대구광역시 수성구,0,API_EXP_USD_AMT_UNVERIFIED_SCALE,https://www.data.go.kr/data/15134343/openapi.do,2026-10-07T08:12:52+09:00
2020.04,853400,41,경기도 고양시,110,API_EXP_USD_AMT_UNVERIFIED_SCALE,https://www.data.go.kr/data/15134343/openapi.do,2026-10-07T08:12:52+09:00
2020.04,853400,41,경기도 과천시,0,API_EXP_USD_AMT_UNVERIFIED_SCALE,https://www.data.go.kr/data/15134343/openapi.do,2026-10-07T08:12:52+09:00
2020.04,853400,41,경기도 광명시,91,API_EXP_USD_AMT_UNVERIFIED_SCALE,https://www.data.go.kr/data/15134343/openapi.do,2026-10-07T08:12:52+09:00
2020.04,853400,41,경기도 광주시,0,API_EXP_USD_AMT_UNVERIFIED_SCALE,https://www.data.go.kr/data/15134343/openapi.do,2026-10-07T08:12:52+09:00
2020.04,853400,41,경기도 구리시,0,API_EXP_USD_AMT_UNVERIFIED_SCALE,https://www.data.go.kr/data/15134343/openapi.do,2026-10-07T08:12:52+09:00
2020.04,853400,41,경기도 군포시,91,API_EXP_USD_AMT_UNVERIFIED_SCALE,https://www.data.go.kr/data/15134343/openapi.do,2026-10-07T08:12:52+09:00
2020.04,853400,41,경기도 김포시,219,API_EXP_USD_AMT_UNVERIFIED_SCALE,https://www.data.go.kr/data/15134343/openapi.do,2026-10-07T08:12:52+09:00
2020.04,853400,41,경기도 남양주시,3,API_EXP_USD_AMT_UNVERIFIED_SCALE,https://www.data.go.kr/data/15134343/openapi.do,2026-10-07T08:12:52+09:00
2020.04,853400,41,경기도 동두천시,0,API_EXP_USD_AMT_UNVERIFIED_SCALE,https://www.data.go.kr/data/15134343/openapi.do,2026-10-07T08:12:52+09:00
2020.04,853400,41,경기도 부천시,578,API_EXP_USD_AMT_UNVERIFIED_SCALE,https://www.data.go.kr/data/15134343/openapi.do,2026-10-07T08:12:52+09:00
2020.04,853400,41,경기도 성남시,753,API_EXP_USD_AMT_UNVERIFIED_SCALE,https://www.data.go.kr/data/15134343/openapi.do,2026-10-07T08:12:52+09:00
2020.04,853400,41,경기도 수원시,29573,API_EXP_USD_AMT_UNVERIFIED_SCALE,https://www.data.go.kr/data/15134343/openapi.do,2026-10-07T08:12:52+09:00
2020.04,853400,41,경기도 시흥시,25025,API_EXP_USD_AMT_UNVERIFIED_SCALE,https://www.data.go.kr/data/15134343/openapi.do,2026-10-07T08:12:52+09:00
2020.04,853400,41,경기도 안산시,106827,API_EXP_USD_AMT_UNVERIFIED_SCALE,https://www.data.go.kr/data/15134343/openapi.do,2026-10-07T08:12:52+09:00
2020.04,853400,41,경기도 안성시,7867,API_EXP_USD_AMT_UNVERIFIED_SCALE,https://www.data.go.kr/data/15134343/openapi.do,2026-10-07T08:12:52+09:00
2020.04,853400,41,경기도 안양시,507,API_EXP_USD_AMT_UNVERIFIED_SCALE,https://www.data.go.kr/data/15134343/openapi.do,2026-10-07T08:12:52+09:00
2020.04,853400,41,경기도 양주시,0,API_EXP_USD_AMT_UNVERIFIED_SCALE,https://www.data.go.kr/data/15134343/openapi.do,2026-10-07T08:12:52+09:00
2020.04,853400,41,경기도 여주군,0,API_EXP_USD_AMT_UNVERIFIED_SCALE,https://www.data.go.kr/data/15134343/openapi.do,2026-10-07T08:12:52+09:00
2020.04,853400,41,경기도 오산시,37,API_EXP_USD_AMT_UNVERIFIED_SCALE,https://www.data.go.kr/data/15134343/openapi.do,2026-10-07T08:12:52+09:00
2020.04,853400,41,경기도 용인시,1044,API_EXP_USD_AMT_UNVERIFIED_SCALE,https://www.data.go.kr/data/15134343/openapi.do,2026-10-07T08:12:52+09:00
2020.04,853400,41,경기도 의왕시,98,API_EXP_USD_AMT_UNVERIFIED_SCALE,https://www.data.go.kr/data/15134343/openapi.do,2026-10-07T08:12:52+09:00
2020.04,853400,41,경기도 의정부시,0,API_EXP_USD_AMT_UNVERIFIED_SCALE,https://www.data.go.kr/data/15134343/openapi.do,2026-10-07T08:12:52+09:00
2020.04,853400,41,경기도 이천시,1867,API_EXP_USD_AMT_UNVERIFIED_SCALE,https://www.data.go.kr/data/15134343/openapi.do,2026-10-07T08:12:52+09:00
2020.04,853400,41,경기도 파주시,1157,API_EXP_USD_AMT_UNVERIFIED_SCALE,https://www.data.go.kr/data/15134343/openapi.do,2026-10-07T08:12:52+09:00
2020.04,853400,41,경기도 평택시,23691,API_EXP_USD_AMT_UNVERIFIED_SCALE,https://www.data.go.kr/data/15134343/openapi.do,2026-10-07T08:12:52+09:00
2020.04,853400,41,경기도 포천군,0,API_EXP_USD_AMT_UNVERIFIED_SCALE,https://www.data.go.kr/data/15134343/openapi.do,2026-10-07T08:12:52+09:00
2020.04,853400,41,경기도 하남시,0,API_EXP_USD_AMT_UNVERIFIED_SCALE,https://www.data.go.kr/data/15134343/openapi.do,2026-10-07T08:12:52+09:00
2020.04,853400,41,경기도 화성시,199,API_EXP_USD_AMT_UNVERIFIED_SCALE,https://www.data.go.kr/data/15134343/openapi.do,2026-10-07T08:12:52+09:00
2020.04,853400,43,충청북도 음성군,0,API_EXP_USD_AMT_UNVERIFIED_SCALE,https://www.data.go.kr/data/15134343/openapi.do,2026-10-07T08:12:52+09:00
2020.04,853400,43,충청북도 제천시,0,API_EXP_USD_AMT_UNVERIFIED_SCALE,https://www.data.go.kr/data/15134343/openapi.do,2026-10-07T08:12:52+09:00
2020.04,853400,43,충청북도 증평군,659,API_EXP_USD_AMT_UNVERIFIED_SCALE,https://www.data.go.kr/data/15134343/openapi.do,2026-10-07T08:12:52+09:00
2020.04,853400,43,충청북도 진천군,9,API_EXP_USD_AMT_UNVERIFIED_SCALE,https://www.data.go.kr/data/15134343/openapi.do,2026-10-07T08:12:52+09:00
2020.04,853400,43,충청북도 청주시,43845,API_EXP_USD_AMT_UNVERIFIED_SCALE,https://www.data.go.kr/data/15134343/openapi.do,2026-10-07T08:12:52+09:00
2020.05,330499,36,세종특별자치시,1562,API_EXP_USD_AMT_UNVERIFIED_SCALE,https://www.data.go.kr/data/15134343/openapi.do,2026-10-07T08:12:52+09:00
2020.05,330499,41,경기도 가평군,0,API_EXP_USD_AMT_UNVERIFIED_SCALE,https://www.data.go.kr/data/15134343/openapi.do,2026-10-07T08:12:52+09:00
2020.05,330499,41,경기도 고양시,7366,API_EXP_USD_AMT_UNVERIFIED_SCALE,https://www.data.go.kr/data/15134343/openapi.do,2026-10-07T08:12:52+09:00
2020.05,330499,41,경기도 과천시,0,API_EXP_USD_AMT_UNVERIFIED_SCALE,https://www.data.go.kr/data/15134343/openapi.do,2026-10-07T08:12:52+09:00
2020.05,330499,41,경기도 광명시,1358,API_EXP_USD_AMT_UNVERIFIED_SCALE,https://www.data.go.kr/data/15134343/openapi.do,2026-10-07T08:12:52+09:00
2020.05,330499,41,경기도 광주시,92,API_EXP_USD_AMT_UNVERIFIED_SCALE,https://www.data.go.kr/data/15134343/openapi.do,2026-10-07T08:12:52+09:00
2020.05,330499,41,경기도 구리시,347,API_EXP_USD_AMT_UNVERIFIED_SCALE,https://www.data.go.kr/data/15134343/openapi.do,2026-10-07T08:12:52+09:00
2020.05,330499,41,경기도 군포시,85,API_EXP_USD_AMT_UNVERIFIED_SCALE,https://www.data.go.kr/data/15134343/openapi.do,2026-10-07T08:12:52+09:00
2020.05,330499,41,경기도 김포시,30385,API_EXP_USD_AMT_UNVERIFIED_SCALE,https://www.data.go.kr/data/15134343/openapi.do,2026-10-07T08:12:52+09:00
2020.05,330499,41,경기도 남양주시,951,API_EXP_USD_AMT_UNVERIFIED_SCALE,https://www.data.go.kr/data/15134343/openapi.do,2026-10-07T08:12:52+09:00
2020.05,330499,41,경기도 동두천시,0,API_EXP_USD_AMT_UNVERIFIED_SCALE,https://www.data.go.kr/data/15134343/openapi.do,2026-10-07T08:12:52+09:00
2020.05,330499,41,경기도 부천시,4356,API_EXP_USD_AMT_UNVERIFIED_SCALE,https://www.data.go.kr/data/15134343/openapi.do,2026-10-07T08:12:52+09:00
2020.05,330499,41,경기도 성남시,9217,API_EXP_USD_AMT_UNVERIFIED_SCALE,https://www.data.go.kr/data/15134343/openapi.do,2026-10-07T08:12:52+09:00
2020.05,330499,41,경기도 수원시,1285,API_EXP_USD_AMT_UNVERIFIED_SCALE,https://www.data.go.kr/data/15134343/openapi.do,2026-10-07T08:12:52+09:00
2020.05,330499,41,경기도 시흥시,5448,API_EXP_USD_AMT_UNVERIFIED_SCALE,https://www.data.go.kr/data/15134343/openapi.do,2026-10-07T08:12:52+09:00
2020.05,330499,41,경기도 안산시,577,API_EXP_USD_AMT_UNVERIFIED_SCALE,https://www.data.go.kr/data/15134343/openapi.do,2026-10-07T08:12:52+09:00
2020.05,330499,41,경기도 안성시,1902,API_EXP_USD_AMT_UNVERIFIED_SCALE,https://www.data.go.kr/data/15134343/openapi.do,2026-10-07T08:12:52+09:00
2020.05,330499,41,경기도 안양시,1884,API_EXP_USD_AMT_UNVERIFIED_SCALE,https://www.data.go.kr/data/15134343/openapi.do,2026-10-07T08:12:52+09:00
2020.05,330499,41,경기도 양주시,64,API_EXP_USD_AMT_UNVERIFIED_SCALE,https://www.data.go.kr/data/15134343/openapi.do,2026-10-07T08:12:52+09:00
2020.05,330499,41,경기도 양평군,16,API_EXP_USD_AMT_UNVERIFIED_SCALE,https://www.data.go.kr/data/15134343/openapi.do,2026-10-07T08:12:52+09:00
2020.05,330499,41,경기도 여주군,1342,API_EXP_USD_AMT_UNVERIFIED_SCALE,https://www.data.go.kr/data/15134343/openapi.do,2026-10-07T08:12:52+09:00
2020.05,330499,41,경기도 연천군,0,API_EXP_USD_AMT_UNVERIFIED_SCALE,https://www.data.go.kr/data/15134343/openapi.do,2026-10-07T08:12:52+09:00
2020.05,330499,41,경기도 오산시,3221,API_EXP_USD_AMT_UNVERIFIED_SCALE,https://www.data.go.kr/data/15134343/openapi.do,2026-10-07T08:12:52+09:00
2020.05,330499,41,경기도 용인시,1491,API_EXP_USD_AMT_UNVERIFIED_SCALE,https://www.data.go.kr/data/15134343/openapi.do,2026-10-07T08:12:52+09:00
2020.05,330499,41,경기도 의왕시,68,API_EXP_USD_AMT_UNVERIFIED_SCALE,https://www.data.go.kr/data/15134343/openapi.do,2026-10-07T08:12:52+09:00
2020.05,330499,41,경기도 의정부시,164,API_EXP_USD_AMT_UNVERIFIED_SCALE,https://www.data.go.kr/data/15134343/openapi.do,2026-10-07T08:12:52+09:00
2020.05,330499,41,경기도 이천시,581,API_EXP_USD_AMT_UNVERIFIED_SCALE,https://www.data.go.kr/data/15134343/openapi.do,2026-10-07T08:12:52+09:00
2020.05,330499,41,경기도 파주시,366,API_EXP_USD_AMT_UNVERIFIED_SCALE,https://www.data.go.kr/data/15134343/openapi.do,2026-10-07T08:12:52+09:00
2020.05,330499,41,경기도 평택시,718,API_EXP_USD_AMT_UNVERIFIED_SCALE,https://www.data.go.kr/data/15134343/openapi.do,2026-10-07T08:12:52+09:00
2020.05,330499,41,경기도 포천군,259,API_EXP_USD_AMT_UNVERIFIED_SCALE,https://www.data.go.kr/data/15134343/openapi.do,2026-10-07T08:12:52+09:00
2020.05,330499,41,경기도 하남시,253,API_EXP_USD_AMT_UNVERIFIED_SCALE,https://www.data.go.kr/data/15134343/openapi.do,2026-10-07T08:12:52+09:00
2020.05,330499,41,경기도 화성시,24909,API_EXP_USD_AMT_UNVERIFIED_SCALE,https://www.data.go.kr/data/15134343/openapi.do,2026-10-07T08:12:52+09:00
2020.05,853400,27,대구광역시 남구,387,API_EXP_USD_AMT_UNVERIFIED_SCALE,https://www.data.go.kr/data/15134343/openapi.do,2026-10-07T08:12:52+09:00
2020.05,853400,27,대구광역시 달서구,207,API_EXP_USD_AMT_UNVERIFIED_SCALE,https://www.data.go.kr/data/15134343/openapi.do,2026-10-07T08:12:52+09:00
2020.05,853400,27,대구광역시 달성군,23476,API_EXP_USD_AMT_UNVERIFIED_SCALE,https://www.data.go.kr/data/15134343/openapi.do,2026-10-07T08:12:52+09:00
2020.05,853400,27,대구광역시 동구,0,API_EXP_USD_AMT_UNVERIFIED_SCALE,https://www.data.go.kr/data/15134343/openapi.do,2026-10-07T08:12:52+09:00
2020.05,853400,27,대구광역시 북구,0,API_EXP_USD_AMT_UNVERIFIED_SCALE,https://www.data.go.kr/data/15134343/openapi.do,2026-10-07T08:12:52+09:00
2020.05,853400,27,대구광역시 수성구,0,API_EXP_USD_AMT_UNVERIFIED_SCALE,https://www.data.go.kr/data/15134343/openapi.do,2026-10-07T08:12:52+09:00
2020.05,853400,41,경기도 가평군,0,API_EXP_USD_AMT_UNVERIFIED_SCALE,https://www.data.go.kr/data/15134343/openapi.do,2026-10-07T08:12:52+09:00
2020.05,853400,41,경기도 고양시,96,API_EXP_USD_AMT_UNVERIFIED_SCALE,https://www.data.go.kr/data/15134343/openapi.do,2026-10-07T08:12:52+09:00
2020.05,853400,41,경기도 광명시,45,API_EXP_USD_AMT_UNVERIFIED_SCALE,https://www.data.go.kr/data/15134343/openapi.do,2026-10-07T08:12:52+09:00
2020.05,853400,41,경기도 광주시,0,API_EXP_USD_AMT_UNVERIFIED_SCALE,https://www.data.go.kr/data/15134343/openapi.do,2026-10-07T08:12:52+09:00
2020.05,853400,41,경기도 구리시,0,API_EXP_USD_AMT_UNVERIFIED_SCALE,https://www.data.go.kr/data/15134343/openapi.do,2026-10-07T08:12:52+09:00
2020.05,853400,41,경기도 군포시,619,API_EXP_USD_AMT_UNVERIFIED_SCALE,https://www.data.go.kr/data/15134343/openapi.do,2026-10-07T08:12:52+09:00
2020.05,853400,41,경기도 김포시,126,API_EXP_USD_AMT_UNVERIFIED_SCALE,https://www.data.go.kr/data/15134343/openapi.do,2026-10-07T08:12:52+09:00
2020.05,853400,41,경기도 남양주시,0,API_EXP_USD_AMT_UNVERIFIED_SCALE,https://www.data.go.kr/data/15134343/openapi.do,2026-10-07T08:12:52+09:00
2020.05,853400,41,경기도 동두천시,0,API_EXP_USD_AMT_UNVERIFIED_SCALE,https://www.data.go.kr/data/15134343/openapi.do,2026-10-07T08:12:52+09:00
2020.05,853400,41,경기도 부천시,916,API_EXP_USD_AMT_UNVERIFIED_SCALE,https://www.data.go.kr/data/15134343/openapi.do,2026-10-07T08:12:52+09:00
2020.05,853400,41,경기도 성남시,642,API_EXP_USD_AMT_UNVERIFIED_SCALE,https://www.data.go.kr/data/15134343/openapi.do,2026-10-07T08:12:52+09:00
2020.05,853400,41,경기도 수원시,30798,API_EXP_USD_AMT_UNVERIFIED_SCALE,https://www.data.go.kr/data/15134343/openapi.do,2026-10-07T08:12:52+09:00
2020.05,853400,41,경기도 시흥시,1820,API_EXP_USD_AMT_UNVERIFIED_SCALE,https://www.data.go.kr/data/15134343/openapi.do,2026-10-07T08:12:52+09:00
2020.05,853400,41,경기도 안산시,120109,API_EXP_USD_AMT_UNVERIFIED_SCALE,https://www.data.go.kr/data/15134343/openapi.do,2026-10-07T08:12:52+09:00
2020.05,853400,41,경기도 안성시,6965,API_EXP_USD_AMT_UNVERIFIED_SCALE,https://www.data.go.kr/data/15134343/openapi.do,2026-10-07T08:12:52+09:00
2020.05,853400,41,경기도 안양시,569,API_EXP_USD_AMT_UNVERIFIED_SCALE,https://www.data.go.kr/data/15134343/openapi.do,2026-10-07T08:12:52+09:00
2020.05,853400,41,경기도 양주시,0,API_EXP_USD_AMT_UNVERIFIED_SCALE,https://www.data.go.kr/data/15134343/openapi.do,2026-10-07T08:12:52+09:00
2020.05,853400,41,경기도 양평군,0,API_EXP_USD_AMT_UNVERIFIED_SCALE,https://www.data.go.kr/data/15134343/openapi.do,2026-10-07T08:12:52+09:00
2020.05,853400,41,경기도 여주군,0,API_EXP_USD_AMT_UNVERIFIED_SCALE,https://www.data.go.kr/data/15134343/openapi.do,2026-10-07T08:12:52+09:00
2020.05,853400,41,경기도 오산시,21,API_EXP_USD_AMT_UNVERIFIED_SCALE,https://www.data.go.kr/data/15134343/openapi.do,2026-10-07T08:12:52+09:00
2020.05,853400,41,경기도 용인시,950,API_EXP_USD_AMT_UNVERIFIED_SCALE,https://www.data.go.kr/data/15134343/openapi.do,2026-10-07T08:12:52+09:00
2020.05,853400,41,경기도 의왕시,149,API_EXP_USD_AMT_UNVERIFIED_SCALE,https://www.data.go.kr/data/15134343/openapi.do,2026-10-07T08:12:52+09:00
2020.05,853400,41,경기도 의정부시,0,API_EXP_USD_AMT_UNVERIFIED_SCALE,https://www.data.go.kr/data/15134343/openapi.do,2026-10-07T08:12:52+09:00
2020.05,853400,41,경기도 이천시,317,API_EXP_USD_AMT_UNVERIFIED_SCALE,https://www.data.go.kr/data/15134343/openapi.do,2026-10-07T08:12:52+09:00
2020.05,853400,41,경기도 파주시,581,API_EXP_USD_AMT_UNVERIFIED_SCALE,https://www.data.go.kr/data/15134343/openapi.do,2026-10-07T08:12:52+09:00
2020.05,853400,41,경기도 평택시,19087,API_EXP_USD_AMT_UNVERIFIED_SCALE,https://www.data.go.kr/data/15134343/openapi.do,2026-10-07T08:12:52+09:00
2020.05,853400,41,경기도 포천군,0,API_EXP_USD_AMT_UNVERIFIED_SCALE,https://www.data.go.kr/data/15134343/openapi.do,2026-10-07T08:12:52+09:00
2020.05,853400,41,경기도 하남시,55,API_EXP_USD_AMT_UNVERIFIED_SCALE,https://www.data.go.kr/data/15134343/openapi.do,2026-10-07T08:12:52+09:00
2020.05,853400,41,경기도 화성시,219,API_EXP_USD_AMT_UNVERIFIED_SCALE,https://www.data.go.kr/data/15134343/openapi.do,2026-10-07T08:12:52+09:00
2020.05,853400,43,충청북도 음성군,0,API_EXP_USD_AMT_UNVERIFIED_SCALE,https://www.data.go.kr/data/15134343/openapi.do,2026-10-07T08:12:52+09:00
2020.05,853400,43,충청북도 증평군,395,API_EXP_USD_AMT_UNVERIFIED_SCALE,https://www.data.go.kr/data/15134343/openapi.do,2026-10-07T08:12:52+09:00
2020.05,853400,43,충청북도 진천군,0,API_EXP_USD_AMT_UNVERIFIED_SCALE,https://www.data.go.kr/data/15134343/openapi.do,2026-10-07T08:12:52+09:00
2020.05,853400,43,충청북도 청주시,44114,API_EXP_USD_AMT_UNVERIFIED_SCALE,https://www.data.go.kr/data/15134343/openapi.do,2026-10-07T08:12:52+09:00
2020.05,853400,43,충청북도 충주시,0,API_EXP_USD_AMT_UNVERIFIED_SCALE,https://www.data.go.kr/data/15134343/openapi.do,2026-10-07T08:12:52+09:00
2020.06,330499,36,세종특별자치시,2818,API_EXP_USD_AMT_UNVERIFIED_SCALE,https://www.data.go.kr/data/15134343/openapi.do,2026-10-07T08:12:52+09:00
2020.06,330499,41,경기도 가평군,0,API_EXP_USD_AMT_UNVERIFIED_SCALE,https://www.data.go.kr/data/15134343/openapi.do,2026-10-07T08:12:52+09:00
2020.06,330499,41,경기도 고양시,3766,API_EXP_USD_AMT_UNVERIFIED_SCALE,https://www.data.go.kr/data/15134343/openapi.do,2026-10-07T08:12:52+09:00
2020.06,330499,41,경기도 과천시,1,API_EXP_USD_AMT_UNVERIFIED_SCALE,https://www.data.go.kr/data/15134343/openapi.do,2026-10-07T08:12:52+09:00
2020.06,330499,41,경기도 광명시,924,API_EXP_USD_AMT_UNVERIFIED_SCALE,https://www.data.go.kr/data/15134343/openapi.do,2026-10-07T08:12:52+09:00
2020.06,330499,41,경기도 광주시,804,API_EXP_USD_AMT_UNVERIFIED_SCALE,https://www.data.go.kr/data/15134343/openapi.do,2026-10-07T08:12:52+09:00
2020.06,330499,41,경기도 구리시,898,API_EXP_USD_AMT_UNVERIFIED_SCALE,https://www.data.go.kr/data/15134343/openapi.do,2026-10-07T08:12:52+09:00
2020.06,330499,41,경기도 군포시,62,API_EXP_USD_AMT_UNVERIFIED_SCALE,https://www.data.go.kr/data/15134343/openapi.do,2026-10-07T08:12:52+09:00
2020.06,330499,41,경기도 김포시,23904,API_EXP_USD_AMT_UNVERIFIED_SCALE,https://www.data.go.kr/data/15134343/openapi.do,2026-10-07T08:12:52+09:00
2020.06,330499,41,경기도 남양주시,2132,API_EXP_USD_AMT_UNVERIFIED_SCALE,https://www.data.go.kr/data/15134343/openapi.do,2026-10-07T08:12:52+09:00
2020.06,330499,41,경기도 동두천시,0,API_EXP_USD_AMT_UNVERIFIED_SCALE,https://www.data.go.kr/data/15134343/openapi.do,2026-10-07T08:12:52+09:00
2020.06,330499,41,경기도 부천시,4615,API_EXP_USD_AMT_UNVERIFIED_SCALE,https://www.data.go.kr/data/15134343/openapi.do,2026-10-07T08:12:52+09:00
2020.06,330499,41,경기도 성남시,9737,API_EXP_USD_AMT_UNVERIFIED_SCALE,https://www.data.go.kr/data/15134343/openapi.do,2026-10-07T08:12:52+09:00
2020.06,330499,41,경기도 수원시,1895,API_EXP_USD_AMT_UNVERIFIED_SCALE,https://www.data.go.kr/data/15134343/openapi.do,2026-10-07T08:12:52+09:00
2020.06,330499,41,경기도 시흥시,4457,API_EXP_USD_AMT_UNVERIFIED_SCALE,https://www.data.go.kr/data/15134343/openapi.do,2026-10-07T08:12:52+09:00
2020.06,330499,41,경기도 안산시,1256,API_EXP_USD_AMT_UNVERIFIED_SCALE,https://www.data.go.kr/data/15134343/openapi.do,2026-10-07T08:12:52+09:00
2020.06,330499,41,경기도 안성시,1548,API_EXP_USD_AMT_UNVERIFIED_SCALE,https://www.data.go.kr/data/15134343/openapi.do,2026-10-07T08:12:52+09:00
2020.06,330499,41,경기도 안양시,10576,API_EXP_USD_AMT_UNVERIFIED_SCALE,https://www.data.go.kr/data/15134343/openapi.do,2026-10-07T08:12:52+09:00
2020.06,330499,41,경기도 양주시,464,API_EXP_USD_AMT_UNVERIFIED_SCALE,https://www.data.go.kr/data/15134343/openapi.do,2026-10-07T08:12:52+09:00
2020.06,330499,41,경기도 양평군,3,API_EXP_USD_AMT_UNVERIFIED_SCALE,https://www.data.go.kr/data/15134343/openapi.do,2026-10-07T08:12:52+09:00
2020.06,330499,41,경기도 여주군,1036,API_EXP_USD_AMT_UNVERIFIED_SCALE,https://www.data.go.kr/data/15134343/openapi.do,2026-10-07T08:12:52+09:00
2020.06,330499,41,경기도 연천군,0,API_EXP_USD_AMT_UNVERIFIED_SCALE,https://www.data.go.kr/data/15134343/openapi.do,2026-10-07T08:12:52+09:00
2020.06,330499,41,경기도 오산시,1995,API_EXP_USD_AMT_UNVERIFIED_SCALE,https://www.data.go.kr/data/15134343/openapi.do,2026-10-07T08:12:52+09:00
2020.06,330499,41,경기도 용인시,897,API_EXP_USD_AMT_UNVERIFIED_SCALE,https://www.data.go.kr/data/15134343/openapi.do,2026-10-07T08:12:52+09:00
2020.06,330499,41,경기도 의왕시,363,API_EXP_USD_AMT_UNVERIFIED_SCALE,https://www.data.go.kr/data/15134343/openapi.do,2026-10-07T08:12:52+09:00
2020.06,330499,41,경기도 의정부시,29,API_EXP_USD_AMT_UNVERIFIED_SCALE,https://www.data.go.kr/data/15134343/openapi.do,2026-10-07T08:12:52+09:00
2020.06,330499,41,경기도 이천시,226,API_EXP_USD_AMT_UNVERIFIED_SCALE,https://www.data.go.kr/data/15134343/openapi.do,2026-10-07T08:12:52+09:00
2020.06,330499,41,경기도 파주시,1186,API_EXP_USD_AMT_UNVERIFIED_SCALE,https://www.data.go.kr/data/15134343/openapi.do,2026-10-07T08:12:52+09:00
2020.06,330499,41,경기도 평택시,1572,API_EXP_USD_AMT_UNVERIFIED_SCALE,https://www.data.go.kr/data/15134343/openapi.do,2026-10-07T08:12:52+09:00
2020.06,330499,41,경기도 포천군,806,API_EXP_USD_AMT_UNVERIFIED_SCALE,https://www.data.go.kr/data/15134343/openapi.do,2026-10-07T08:12:52+09:00
2020.06,330499,41,경기도 하남시,270,API_EXP_USD_AMT_UNVERIFIED_SCALE,https://www.data.go.kr/data/15134343/openapi.do,2026-10-07T08:12:52+09:00
2020.06,330499,41,경기도 화성시,12620,API_EXP_USD_AMT_UNVERIFIED_SCALE,https://www.data.go.kr/data/15134343/openapi.do,2026-10-07T08:12:52+09:00
2020.06,853400,27,대구광역시 남구,1010,API_EXP_USD_AMT_UNVERIFIED_SCALE,https://www.data.go.kr/data/15134343/openapi.do,2026-10-07T08:12:52+09:00
2020.06,853400,27,대구광역시 달서구,127,API_EXP_USD_AMT_UNVERIFIED_SCALE,https://www.data.go.kr/data/15134343/openapi.do,2026-10-07T08:12:52+09:00
2020.06,853400,27,대구광역시 달성군,22992,API_EXP_USD_AMT_UNVERIFIED_SCALE,https://www.data.go.kr/data/15134343/openapi.do,2026-10-07T08:12:52+09:00
2020.06,853400,27,대구광역시 동구,1,API_EXP_USD_AMT_UNVERIFIED_SCALE,https://www.data.go.kr/data/15134343/openapi.do,2026-10-07T08:12:52+09:00
2020.06,853400,27,대구광역시 북구,3,API_EXP_USD_AMT_UNVERIFIED_SCALE,https://www.data.go.kr/data/15134343/openapi.do,2026-10-07T08:12:52+09:00
2020.06,853400,27,대구광역시 수성구,0,API_EXP_USD_AMT_UNVERIFIED_SCALE,https://www.data.go.kr/data/15134343/openapi.do,2026-10-07T08:12:52+09:00
2020.06,853400,27,대구광역시 중구,0,API_EXP_USD_AMT_UNVERIFIED_SCALE,https://www.data.go.kr/data/15134343/openapi.do,2026-10-07T08:12:52+09:00
2020.06,853400,41,경기도 고양시,109,API_EXP_USD_AMT_UNVERIFIED_SCALE,https://www.data.go.kr/data/15134343/openapi.do,2026-10-07T08:12:52+09:00
2020.06,853400,41,경기도 광명시,68,API_EXP_USD_AMT_UNVERIFIED_SCALE,https://www.data.go.kr/data/15134343/openapi.do,2026-10-07T08:12:52+09:00
2020.06,853400,41,경기도 광주시,1,API_EXP_USD_AMT_UNVERIFIED_SCALE,https://www.data.go.kr/data/15134343/openapi.do,2026-10-07T08:12:52+09:00
2020.06,853400,41,경기도 구리시,0,API_EXP_USD_AMT_UNVERIFIED_SCALE,https://www.data.go.kr/data/15134343/openapi.do,2026-10-07T08:12:52+09:00
2020.06,853400,41,경기도 군포시,129,API_EXP_USD_AMT_UNVERIFIED_SCALE,https://www.data.go.kr/data/15134343/openapi.do,2026-10-07T08:12:52+09:00
2020.06,853400,41,경기도 김포시,168,API_EXP_USD_AMT_UNVERIFIED_SCALE,https://www.data.go.kr/data/15134343/openapi.do,2026-10-07T08:12:52+09:00
2020.06,853400,41,경기도 남양주시,0,API_EXP_USD_AMT_UNVERIFIED_SCALE,https://www.data.go.kr/data/15134343/openapi.do,2026-10-07T08:12:52+09:00
2020.06,853400,41,경기도 동두천시,1,API_EXP_USD_AMT_UNVERIFIED_SCALE,https://www.data.go.kr/data/15134343/openapi.do,2026-10-07T08:12:52+09:00
2020.06,853400,41,경기도 부천시,863,API_EXP_USD_AMT_UNVERIFIED_SCALE,https://www.data.go.kr/data/15134343/openapi.do,2026-10-07T08:12:52+09:00
2020.06,853400,41,경기도 성남시,2305,API_EXP_USD_AMT_UNVERIFIED_SCALE,https://www.data.go.kr/data/15134343/openapi.do,2026-10-07T08:12:52+09:00
2020.06,853400,41,경기도 수원시,29222,API_EXP_USD_AMT_UNVERIFIED_SCALE,https://www.data.go.kr/data/15134343/openapi.do,2026-10-07T08:12:52+09:00
2020.06,853400,41,경기도 시흥시,1969,API_EXP_USD_AMT_UNVERIFIED_SCALE,https://www.data.go.kr/data/15134343/openapi.do,2026-10-07T08:12:52+09:00
2020.06,853400,41,경기도 안산시,139638,API_EXP_USD_AMT_UNVERIFIED_SCALE,https://www.data.go.kr/data/15134343/openapi.do,2026-10-07T08:12:52+09:00
2020.06,853400,41,경기도 안성시,9000,API_EXP_USD_AMT_UNVERIFIED_SCALE,https://www.data.go.kr/data/15134343/openapi.do,2026-10-07T08:12:52+09:00
2020.06,853400,41,경기도 안양시,395,API_EXP_USD_AMT_UNVERIFIED_SCALE,https://www.data.go.kr/data/15134343/openapi.do,2026-10-07T08:12:52+09:00
2020.06,853400,41,경기도 양주시,3,API_EXP_USD_AMT_UNVERIFIED_SCALE,https://www.data.go.kr/data/15134343/openapi.do,2026-10-07T08:12:52+09:00
2020.06,853400,41,경기도 여주군,0,API_EXP_USD_AMT_UNVERIFIED_SCALE,https://www.data.go.kr/data/15134343/openapi.do,2026-10-07T08:12:52+09:00
2020.06,853400,41,경기도 오산시,34,API_EXP_USD_AMT_UNVERIFIED_SCALE,https://www.data.go.kr/data/15134343/openapi.do,2026-10-07T08:12:52+09:00
2020.06,853400,41,경기도 용인시,657,API_EXP_USD_AMT_UNVERIFIED_SCALE,https://www.data.go.kr/data/15134343/openapi.do,2026-10-07T08:12:52+09:00
2020.06,853400,41,경기도 의왕시,0,API_EXP_USD_AMT_UNVERIFIED_SCALE,https://www.data.go.kr/data/15134343/openapi.do,2026-10-07T08:12:52+09:00
2020.06,853400,41,경기도 의정부시,0,API_EXP_USD_AMT_UNVERIFIED_SCALE,https://www.data.go.kr/data/15134343/openapi.do,2026-10-07T08:12:52+09:00
2020.06,853400,41,경기도 이천시,128,API_EXP_USD_AMT_UNVERIFIED_SCALE,https://www.data.go.kr/data/15134343/openapi.do,2026-10-07T08:12:52+09:00
2020.06,853400,41,경기도 파주시,707,API_EXP_USD_AMT_UNVERIFIED_SCALE,https://www.data.go.kr/data/15134343/openapi.do,2026-10-07T08:12:52+09:00
2020.06,853400,41,경기도 평택시,17854,API_EXP_USD_AMT_UNVERIFIED_SCALE,https://www.data.go.kr/data/15134343/openapi.do,2026-10-07T08:12:52+09:00
2020.06,853400,41,경기도 포천군,0,API_EXP_USD_AMT_UNVERIFIED_SCALE,https://www.data.go.kr/data/15134343/openapi.do,2026-10-07T08:12:52+09:00
2020.06,853400,41,경기도 하남시,0,API_EXP_USD_AMT_UNVERIFIED_SCALE,https://www.data.go.kr/data/15134343/openapi.do,2026-10-07T08:12:52+09:00
2020.06,853400,41,경기도 화성시,411,API_EXP_USD_AMT_UNVERIFIED_SCALE,https://www.data.go.kr/data/15134343/openapi.do,2026-10-07T08:12:52+09:00
2020.06,853400,43,충청북도 음성군,0,API_EXP_USD_AMT_UNVERIFIED_SCALE,https://www.data.go.kr/data/15134343/openapi.do,2026-10-07T08:12:52+09:00
2020.06,853400,43,충청북도 증평군,676,API_EXP_USD_AMT_UNVERIFIED_SCALE,https://www.data.go.kr/data/15134343/openapi.do,2026-10-07T08:12:52+09:00
2020.06,853400,43,충청북도 진천군,15,API_EXP_USD_AMT_UNVERIFIED_SCALE,https://www.data.go.kr/data/15134343/openapi.do,2026-10-07T08:12:52+09:00
2020.06,853400,43,충청북도 청주시,44751,API_EXP_USD_AMT_UNVERIFIED_SCALE,https://www.data.go.kr/data/15134343/openapi.do,2026-10-07T08:12:52+09:00
2020.06,853400,43,충청북도 충주시,0,API_EXP_USD_AMT_UNVERIFIED_SCALE,https://www.data.go.kr/data/15134343/openapi.do,2026-10-07T08:12:52+09:00
2020.07,330499,36,세종특별자치시,2239,API_EXP_USD_AMT_UNVERIFIED_SCALE,https://www.data.go.kr/data/15134343/openapi.do,2026-10-07T08:12:52+09:00
2020.07,330499,41,경기도 가평군,0,API_EXP_USD_AMT_UNVERIFIED_SCALE,https://www.data.go.kr/data/15134343/openapi.do,2026-10-07T08:12:52+09:00
2020.07,330499,41,경기도 고양시,3820,API_EXP_USD_AMT_UNVERIFIED_SCALE,https://www.data.go.kr/data/15134343/openapi.do,2026-10-07T08:12:52+09:00
2020.07,330499,41,경기도 과천시,12,API_EXP_USD_AMT_UNVERIFIED_SCALE,https://www.data.go.kr/data/15134343/openapi.do,2026-10-07T08:12:52+09:00
2020.07,330499,41,경기도 광명시,1515,API_EXP_USD_AMT_UNVERIFIED_SCALE,https://www.data.go.kr/data/15134343/openapi.do,2026-10-07T08:12:52+09:00
2020.07,330499,41,경기도 광주시,388,API_EXP_USD_AMT_UNVERIFIED_SCALE,https://www.data.go.kr/data/15134343/openapi.do,2026-10-07T08:12:52+09:00
2020.07,330499,41,경기도 구리시,706,API_EXP_USD_AMT_UNVERIFIED_SCALE,https://www.data.go.kr/data/15134343/openapi.do,2026-10-07T08:12:52+09:00
2020.07,330499,41,경기도 군포시,89,API_EXP_USD_AMT_UNVERIFIED_SCALE,https://www.data.go.kr/data/15134343/openapi.do,2026-10-07T08:12:52+09:00
2020.07,330499,41,경기도 김포시,32028,API_EXP_USD_AMT_UNVERIFIED_SCALE,https://www.data.go.kr/data/15134343/openapi.do,2026-10-07T08:12:52+09:00
2020.07,330499,41,경기도 남양주시,1575,API_EXP_USD_AMT_UNVERIFIED_SCALE,https://www.data.go.kr/data/15134343/openapi.do,2026-10-07T08:12:52+09:00
2020.07,330499,41,경기도 동두천시,3,API_EXP_USD_AMT_UNVERIFIED_SCALE,https://www.data.go.kr/data/15134343/openapi.do,2026-10-07T08:12:52+09:00
2020.07,330499,41,경기도 부천시,4085,API_EXP_USD_AMT_UNVERIFIED_SCALE,https://www.data.go.kr/data/15134343/openapi.do,2026-10-07T08:12:52+09:00
2020.07,330499,41,경기도 성남시,10217,API_EXP_USD_AMT_UNVERIFIED_SCALE,https://www.data.go.kr/data/15134343/openapi.do,2026-10-07T08:12:52+09:00
2020.07,330499,41,경기도 수원시,2261,API_EXP_USD_AMT_UNVERIFIED_SCALE,https://www.data.go.kr/data/15134343/openapi.do,2026-10-07T08:12:52+09:00
2020.07,330499,41,경기도 시흥시,4570,API_EXP_USD_AMT_UNVERIFIED_SCALE,https://www.data.go.kr/data/15134343/openapi.do,2026-10-07T08:12:52+09:00
2020.07,330499,41,경기도 안산시,1311,API_EXP_USD_AMT_UNVERIFIED_SCALE,https://www.data.go.kr/data/15134343/openapi.do,2026-10-07T08:12:52+09:00
2020.07,330499,41,경기도 안성시,1384,API_EXP_USD_AMT_UNVERIFIED_SCALE,https://www.data.go.kr/data/15134343/openapi.do,2026-10-07T08:12:52+09:00
2020.07,330499,41,경기도 안양시,7505,API_EXP_USD_AMT_UNVERIFIED_SCALE,https://www.data.go.kr/data/15134343/openapi.do,2026-10-07T08:12:52+09:00
2020.07,330499,41,경기도 양주시,215,API_EXP_USD_AMT_UNVERIFIED_SCALE,https://www.data.go.kr/data/15134343/openapi.do,2026-10-07T08:12:52+09:00
2020.07,330499,41,경기도 양평군,2,API_EXP_USD_AMT_UNVERIFIED_SCALE,https://www.data.go.kr/data/15134343/openapi.do,2026-10-07T08:12:52+09:00
2020.07,330499,41,경기도 여주군,716,API_EXP_USD_AMT_UNVERIFIED_SCALE,https://www.data.go.kr/data/15134343/openapi.do,2026-10-07T08:12:52+09:00
2020.07,330499,41,경기도 연천군,0,API_EXP_USD_AMT_UNVERIFIED_SCALE,https://www.data.go.kr/data/15134343/openapi.do,2026-10-07T08:12:52+09:00
2020.07,330499,41,경기도 오산시,1947,API_EXP_USD_AMT_UNVERIFIED_SCALE,https://www.data.go.kr/data/15134343/openapi.do,2026-10-07T08:12:52+09:00
2020.07,330499,41,경기도 용인시,855,API_EXP_USD_AMT_UNVERIFIED_SCALE,https://www.data.go.kr/data/15134343/openapi.do,2026-10-07T08:12:52+09:00
2020.07,330499,41,경기도 의왕시,215,API_EXP_USD_AMT_UNVERIFIED_SCALE,https://www.data.go.kr/data/15134343/openapi.do,2026-10-07T08:12:52+09:00
2020.07,330499,41,경기도 의정부시,420,API_EXP_USD_AMT_UNVERIFIED_SCALE,https://www.data.go.kr/data/15134343/openapi.do,2026-10-07T08:12:52+09:00
2020.07,330499,41,경기도 이천시,312,API_EXP_USD_AMT_UNVERIFIED_SCALE,https://www.data.go.kr/data/15134343/openapi.do,2026-10-07T08:12:52+09:00
2020.07,330499,41,경기도 파주시,957,API_EXP_USD_AMT_UNVERIFIED_SCALE,https://www.data.go.kr/data/15134343/openapi.do,2026-10-07T08:12:52+09:00
2020.07,330499,41,경기도 평택시,1073,API_EXP_USD_AMT_UNVERIFIED_SCALE,https://www.data.go.kr/data/15134343/openapi.do,2026-10-07T08:12:52+09:00
2020.07,330499,41,경기도 포천군,806,API_EXP_USD_AMT_UNVERIFIED_SCALE,https://www.data.go.kr/data/15134343/openapi.do,2026-10-07T08:12:52+09:00
2020.07,330499,41,경기도 하남시,433,API_EXP_USD_AMT_UNVERIFIED_SCALE,https://www.data.go.kr/data/15134343/openapi.do,2026-10-07T08:12:52+09:00
2020.07,330499,41,경기도 화성시,14075,API_EXP_USD_AMT_UNVERIFIED_SCALE,https://www.data.go.kr/data/15134343/openapi.do,2026-10-07T08:12:52+09:00
2020.07,853400,27,대구광역시 남구,793,API_EXP_USD_AMT_UNVERIFIED_SCALE,https://www.data.go.kr/data/15134343/openapi.do,2026-10-07T08:12:52+09:00
2020.07,853400,27,대구광역시 달서구,729,API_EXP_USD_AMT_UNVERIFIED_SCALE,https://www.data.go.kr/data/15134343/openapi.do,2026-10-07T08:12:52+09:00
2020.07,853400,27,대구광역시 달성군,26165,API_EXP_USD_AMT_UNVERIFIED_SCALE,https://www.data.go.kr/data/15134343/openapi.do,2026-10-07T08:12:52+09:00
2020.07,853400,27,대구광역시 동구,0,API_EXP_USD_AMT_UNVERIFIED_SCALE,https://www.data.go.kr/data/15134343/openapi.do,2026-10-07T08:12:52+09:00
2020.07,853400,27,대구광역시 북구,0,API_EXP_USD_AMT_UNVERIFIED_SCALE,https://www.data.go.kr/data/15134343/openapi.do,2026-10-07T08:12:52+09:00
2020.07,853400,27,대구광역시 서구,0,API_EXP_USD_AMT_UNVERIFIED_SCALE,https://www.data.go.kr/data/15134343/openapi.do,2026-10-07T08:12:52+09:00
2020.07,853400,27,대구광역시 수성구,0,API_EXP_USD_AMT_UNVERIFIED_SCALE,https://www.data.go.kr/data/15134343/openapi.do,2026-10-07T08:12:52+09:00
2020.07,853400,27,대구광역시 중구,0,API_EXP_USD_AMT_UNVERIFIED_SCALE,https://www.data.go.kr/data/15134343/openapi.do,2026-10-07T08:12:52+09:00
2020.07,853400,41,경기도 고양시,264,API_EXP_USD_AMT_UNVERIFIED_SCALE,https://www.data.go.kr/data/15134343/openapi.do,2026-10-07T08:12:52+09:00
2020.07,853400,41,경기도 과천시,0,API_EXP_USD_AMT_UNVERIFIED_SCALE,https://www.data.go.kr/data/15134343/openapi.do,2026-10-07T08:12:52+09:00
2020.07,853400,41,경기도 광명시,68,API_EXP_USD_AMT_UNVERIFIED_SCALE,https://www.data.go.kr/data/15134343/openapi.do,2026-10-07T08:12:52+09:00
2020.07,853400,41,경기도 광주시,1,API_EXP_USD_AMT_UNVERIFIED_SCALE,https://www.data.go.kr/data/15134343/openapi.do,2026-10-07T08:12:52+09:00
2020.07,853400,41,경기도 구리시,0,API_EXP_USD_AMT_UNVERIFIED_SCALE,https://www.data.go.kr/data/15134343/openapi.do,2026-10-07T08:12:52+09:00
2020.07,853400,41,경기도 군포시,619,API_EXP_USD_AMT_UNVERIFIED_SCALE,https://www.data.go.kr/data/15134343/openapi.do,2026-10-07T08:12:52+09:00
2020.07,853400,41,경기도 김포시,171,API_EXP_USD_AMT_UNVERIFIED_SCALE,https://www.data.go.kr/data/15134343/openapi.do,2026-10-07T08:12:52+09:00
2020.07,853400,41,경기도 남양주시,14,API_EXP_USD_AMT_UNVERIFIED_SCALE,https://www.data.go.kr/data/15134343/openapi.do,2026-10-07T08:12:52+09:00
2020.07,853400,41,경기도 동두천시,1,API_EXP_USD_AMT_UNVERIFIED_SCALE,https://www.data.go.kr/data/15134343/openapi.do,2026-10-07T08:12:52+09:00
2020.07,853400,41,경기도 부천시,1069,API_EXP_USD_AMT_UNVERIFIED_SCALE,https://www.data.go.kr/data/15134343/openapi.do,2026-10-07T08:12:52+09:00
2020.07,853400,41,경기도 성남시,4301,API_EXP_USD_AMT_UNVERIFIED_SCALE,https://www.data.go.kr/data/15134343/openapi.do,2026-10-07T08:12:52+09:00
2020.07,853400,41,경기도 수원시,36096,API_EXP_USD_AMT_UNVERIFIED_SCALE,https://www.data.go.kr/data/15134343/openapi.do,2026-10-07T08:12:52+09:00
2020.07,853400,41,경기도 시흥시,2064,API_EXP_USD_AMT_UNVERIFIED_SCALE,https://www.data.go.kr/data/15134343/openapi.do,2026-10-07T08:12:52+09:00
2020.07,853400,41,경기도 안산시,165550,API_EXP_USD_AMT_UNVERIFIED_SCALE,https://www.data.go.kr/data/15134343/openapi.do,2026-10-07T08:12:52+09:00
2020.07,853400,41,경기도 안성시,13879,API_EXP_USD_AMT_UNVERIFIED_SCALE,https://www.data.go.kr/data/15134343/openapi.do,2026-10-07T08:12:52+09:00
2020.07,853400,41,경기도 안양시,642,API_EXP_USD_AMT_UNVERIFIED_SCALE,https://www.data.go.kr/data/15134343/openapi.do,2026-10-07T08:12:52+09:00
2020.07,853400,41,경기도 양주시,1,API_EXP_USD_AMT_UNVERIFIED_SCALE,https://www.data.go.kr/data/15134343/openapi.do,2026-10-07T08:12:52+09:00
2020.07,853400,41,경기도 양평군,47,API_EXP_USD_AMT_UNVERIFIED_SCALE,https://www.data.go.kr/data/15134343/openapi.do,2026-10-07T08:12:52+09:00
2020.07,853400,41,경기도 여주군,0,API_EXP_USD_AMT_UNVERIFIED_SCALE,https://www.data.go.kr/data/15134343/openapi.do,2026-10-07T08:12:52+09:00
2020.07,853400,41,경기도 오산시,34,API_EXP_USD_AMT_UNVERIFIED_SCALE,https://www.data.go.kr/data/15134343/openapi.do,2026-10-07T08:12:52+09:00
2020.07,853400,41,경기도 용인시,567,API_EXP_USD_AMT_UNVERIFIED_SCALE,https://www.data.go.kr/data/15134343/openapi.do,2026-10-07T08:12:52+09:00
2020.07,853400,41,경기도 의왕시,92,API_EXP_USD_AMT_UNVERIFIED_SCALE,https://www.data.go.kr/data/15134343/openapi.do,2026-10-07T08:12:52+09:00
2020.07,853400,41,경기도 의정부시,0,API_EXP_USD_AMT_UNVERIFIED_SCALE,https://www.data.go.kr/data/15134343/openapi.do,2026-10-07T08:12:52+09:00
2020.07,853400,41,경기도 이천시,207,API_EXP_USD_AMT_UNVERIFIED_SCALE,https://www.data.go.kr/data/15134343/openapi.do,2026-10-07T08:12:52+09:00
2020.07,853400,41,경기도 파주시,896,API_EXP_USD_AMT_UNVERIFIED_SCALE,https://www.data.go.kr/data/15134343/openapi.do,2026-10-07T08:12:52+09:00
2020.07,853400,41,경기도 평택시,12714,API_EXP_USD_AMT_UNVERIFIED_SCALE,https://www.data.go.kr/data/15134343/openapi.do,2026-10-07T08:12:52+09:00
2020.07,853400,41,경기도 포천군,0,API_EXP_USD_AMT_UNVERIFIED_SCALE,https://www.data.go.kr/data/15134343/openapi.do,2026-10-07T08:12:52+09:00
2020.07,853400,41,경기도 하남시,1,API_EXP_USD_AMT_UNVERIFIED_SCALE,https://www.data.go.kr/data/15134343/openapi.do,2026-10-07T08:12:52+09:00
2020.07,853400,41,경기도 화성시,1194,API_EXP_USD_AMT_UNVERIFIED_SCALE,https://www.data.go.kr/data/15134343/openapi.do,2026-10-07T08:12:52+09:00
2020.07,853400,43,충청북도 괴산군,12,API_EXP_USD_AMT_UNVERIFIED_SCALE,https://www.data.go.kr/data/15134343/openapi.do,2026-10-07T08:12:52+09:00
2020.07,853400,43,충청북도 음성군,4,API_EXP_USD_AMT_UNVERIFIED_SCALE,https://www.data.go.kr/data/15134343/openapi.do,2026-10-07T08:12:52+09:00
2020.07,853400,43,충청북도 증평군,631,API_EXP_USD_AMT_UNVERIFIED_SCALE,https://www.data.go.kr/data/15134343/openapi.do,2026-10-07T08:12:52+09:00
2020.07,853400,43,충청북도 진천군,30,API_EXP_USD_AMT_UNVERIFIED_SCALE,https://www.data.go.kr/data/15134343/openapi.do,2026-10-07T08:12:52+09:00
2020.07,853400,43,충청북도 청주시,42295,API_EXP_USD_AMT_UNVERIFIED_SCALE,https://www.data.go.kr/data/15134343/openapi.do,2026-10-07T08:12:52+09:00
2020.07,853400,43,충청북도 충주시,0,API_EXP_USD_AMT_UNVERIFIED_SCALE,https://www.data.go.kr/data/15134343/openapi.do,2026-10-07T08:12:52+09:00
2020.08,330499,36,세종특별자치시,1893,API_EXP_USD_AMT_UNVERIFIED_SCALE,https://www.data.go.kr/data/15134343/openapi.do,2026-10-07T08:12:52+09:00
2020.08,330499,41,경기도 가평군,0,API_EXP_USD_AMT_UNVERIFIED_SCALE,https://www.data.go.kr/data/15134343/openapi.do,2026-10-07T08:12:52+09:00
2020.08,330499,41,경기도 고양시,4716,API_EXP_USD_AMT_UNVERIFIED_SCALE,https://www.data.go.kr/data/15134343/openapi.do,2026-10-07T08:12:52+09:00
2020.08,330499,41,경기도 과천시,0,API_EXP_USD_AMT_UNVERIFIED_SCALE,https://www.data.go.kr/data/15134343/openapi.do,2026-10-07T08:12:52+09:00
2020.08,330499,41,경기도 광명시,1571,API_EXP_USD_AMT_UNVERIFIED_SCALE,https://www.data.go.kr/data/15134343/openapi.do,2026-10-07T08:12:52+09:00
2020.08,330499,41,경기도 광주시,284,API_EXP_USD_AMT_UNVERIFIED_SCALE,https://www.data.go.kr/data/15134343/openapi.do,2026-10-07T08:12:52+09:00
2020.08,330499,41,경기도 구리시,380,API_EXP_USD_AMT_UNVERIFIED_SCALE,https://www.data.go.kr/data/15134343/openapi.do,2026-10-07T08:12:52+09:00
2020.08,330499,41,경기도 군포시,68,API_EXP_USD_AMT_UNVERIFIED_SCALE,https://www.data.go.kr/data/15134343/openapi.do,2026-10-07T08:12:52+09:00
2020.08,330499,41,경기도 김포시,30327,API_EXP_USD_AMT_UNVERIFIED_SCALE,https://www.data.go.kr/data/15134343/openapi.do,2026-10-07T08:12:52+09:00
2020.08,330499,41,경기도 남양주시,1086,API_EXP_USD_AMT_UNVERIFIED_SCALE,https://www.data.go.kr/data/15134343/openapi.do,2026-10-07T08:12:52+09:00
2020.08,330499,41,경기도 동두천시,0,API_EXP_USD_AMT_UNVERIFIED_SCALE,https://www.data.go.kr/data/15134343/openapi.do,2026-10-07T08:12:52+09:00
2020.08,330499,41,경기도 부천시,5397,API_EXP_USD_AMT_UNVERIFIED_SCALE,https://www.data.go.kr/data/15134343/openapi.do,2026-10-07T08:12:52+09:00
2020.08,330499,41,경기도 성남시,13040,API_EXP_USD_AMT_UNVERIFIED_SCALE,https://www.data.go.kr/data/15134343/openapi.do,2026-10-07T08:12:52+09:00
2020.08,330499,41,경기도 수원시,1699,API_EXP_USD_AMT_UNVERIFIED_SCALE,https://www.data.go.kr/data/15134343/openapi.do,2026-10-07T08:12:52+09:00
2020.08,330499,41,경기도 시흥시,5344,API_EXP_USD_AMT_UNVERIFIED_SCALE,https://www.data.go.kr/data/15134343/openapi.do,2026-10-07T08:12:52+09:00
2020.08,330499,41,경기도 안산시,1618,API_EXP_USD_AMT_UNVERIFIED_SCALE,https://www.data.go.kr/data/15134343/openapi.do,2026-10-07T08:12:52+09:00
2020.08,330499,41,경기도 안성시,1534,API_EXP_USD_AMT_UNVERIFIED_SCALE,https://www.data.go.kr/data/15134343/openapi.do,2026-10-07T08:12:52+09:00
2020.08,330499,41,경기도 안양시,7675,API_EXP_USD_AMT_UNVERIFIED_SCALE,https://www.data.go.kr/data/15134343/openapi.do,2026-10-07T08:12:52+09:00
2020.08,330499,41,경기도 양주시,111,API_EXP_USD_AMT_UNVERIFIED_SCALE,https://www.data.go.kr/data/15134343/openapi.do,2026-10-07T08:12:52+09:00
2020.08,330499,41,경기도 양평군,10,API_EXP_USD_AMT_UNVERIFIED_SCALE,https://www.data.go.kr/data/15134343/openapi.do,2026-10-07T08:12:52+09:00
2020.08,330499,41,경기도 여주군,631,API_EXP_USD_AMT_UNVERIFIED_SCALE,https://www.data.go.kr/data/15134343/openapi.do,2026-10-07T08:12:52+09:00
2020.08,330499,41,경기도 연천군,0,API_EXP_USD_AMT_UNVERIFIED_SCALE,https://www.data.go.kr/data/15134343/openapi.do,2026-10-07T08:12:52+09:00
2020.08,330499,41,경기도 오산시,1771,API_EXP_USD_AMT_UNVERIFIED_SCALE,https://www.data.go.kr/data/15134343/openapi.do,2026-10-07T08:12:52+09:00
2020.08,330499,41,경기도 용인시,1111,API_EXP_USD_AMT_UNVERIFIED_SCALE,https://www.data.go.kr/data/15134343/openapi.do,2026-10-07T08:12:52+09:00
2020.08,330499,41,경기도 의왕시,248,API_EXP_USD_AMT_UNVERIFIED_SCALE,https://www.data.go.kr/data/15134343/openapi.do,2026-10-07T08:12:52+09:00
2020.08,330499,41,경기도 의정부시,218,API_EXP_USD_AMT_UNVERIFIED_SCALE,https://www.data.go.kr/data/15134343/openapi.do,2026-10-07T08:12:52+09:00
2020.08,330499,41,경기도 이천시,286,API_EXP_USD_AMT_UNVERIFIED_SCALE,https://www.data.go.kr/data/15134343/openapi.do,2026-10-07T08:12:52+09:00
2020.08,330499,41,경기도 파주시,867,API_EXP_USD_AMT_UNVERIFIED_SCALE,https://www.data.go.kr/data/15134343/openapi.do,2026-10-07T08:12:52+09:00
2020.08,330499,41,경기도 평택시,484,API_EXP_USD_AMT_UNVERIFIED_SCALE,https://www.data.go.kr/data/15134343/openapi.do,2026-10-07T08:12:52+09:00
2020.08,330499,41,경기도 포천군,20,API_EXP_USD_AMT_UNVERIFIED_SCALE,https://www.data.go.kr/data/15134343/openapi.do,2026-10-07T08:12:52+09:00
2020.08,330499,41,경기도 하남시,424,API_EXP_USD_AMT_UNVERIFIED_SCALE,https://www.data.go.kr/data/15134343/openapi.do,2026-10-07T08:12:52+09:00
2020.08,330499,41,경기도 화성시,12057,API_EXP_USD_AMT_UNVERIFIED_SCALE,https://www.data.go.kr/data/15134343/openapi.do,2026-10-07T08:12:52+09:00
2020.08,853400,27,대구광역시 남구,814,API_EXP_USD_AMT_UNVERIFIED_SCALE,https://www.data.go.kr/data/15134343/openapi.do,2026-10-07T08:12:52+09:00
2020.08,853400,27,대구광역시 달서구,925,API_EXP_USD_AMT_UNVERIFIED_SCALE,https://www.data.go.kr/data/15134343/openapi.do,2026-10-07T08:12:52+09:00
2020.08,853400,27,대구광역시 달성군,24435,API_EXP_USD_AMT_UNVERIFIED_SCALE,https://www.data.go.kr/data/15134343/openapi.do,2026-10-07T08:12:52+09:00
2020.08,853400,27,대구광역시 동구,0,API_EXP_USD_AMT_UNVERIFIED_SCALE,https://www.data.go.kr/data/15134343/openapi.do,2026-10-07T08:12:52+09:00
2020.08,853400,27,대구광역시 북구,7,API_EXP_USD_AMT_UNVERIFIED_SCALE,https://www.data.go.kr/data/15134343/openapi.do,2026-10-07T08:12:52+09:00
2020.08,853400,27,대구광역시 서구,3,API_EXP_USD_AMT_UNVERIFIED_SCALE,https://www.data.go.kr/data/15134343/openapi.do,2026-10-07T08:12:52+09:00
2020.08,853400,27,대구광역시 수성구,0,API_EXP_USD_AMT_UNVERIFIED_SCALE,https://www.data.go.kr/data/15134343/openapi.do,2026-10-07T08:12:52+09:00
2020.08,853400,27,대구광역시 중구,0,API_EXP_USD_AMT_UNVERIFIED_SCALE,https://www.data.go.kr/data/15134343/openapi.do,2026-10-07T08:12:52+09:00
2020.08,853400,41,경기도 고양시,156,API_EXP_USD_AMT_UNVERIFIED_SCALE,https://www.data.go.kr/data/15134343/openapi.do,2026-10-07T08:12:52+09:00
2020.08,853400,41,경기도 광명시,70,API_EXP_USD_AMT_UNVERIFIED_SCALE,https://www.data.go.kr/data/15134343/openapi.do,2026-10-07T08:12:52+09:00
2020.08,853400,41,경기도 광주시,0,API_EXP_USD_AMT_UNVERIFIED_SCALE,https://www.data.go.kr/data/15134343/openapi.do,2026-10-07T08:12:52+09:00
2020.08,853400,41,경기도 구리시,0,API_EXP_USD_AMT_UNVERIFIED_SCALE,https://www.data.go.kr/data/15134343/openapi.do,2026-10-07T08:12:52+09:00
2020.08,853400,41,경기도 군포시,104,API_EXP_USD_AMT_UNVERIFIED_SCALE,https://www.data.go.kr/data/15134343/openapi.do,2026-10-07T08:12:52+09:00
2020.08,853400,41,경기도 김포시,402,API_EXP_USD_AMT_UNVERIFIED_SCALE,https://www.data.go.kr/data/15134343/openapi.do,2026-10-07T08:12:52+09:00
2020.08,853400,41,경기도 남양주시,0,API_EXP_USD_AMT_UNVERIFIED_SCALE,https://www.data.go.kr/data/15134343/openapi.do,2026-10-07T08:12:52+09:00
2020.08,853400,41,경기도 동두천시,0,API_EXP_USD_AMT_UNVERIFIED_SCALE,https://www.data.go.kr/data/15134343/openapi.do,2026-10-07T08:12:52+09:00
2020.08,853400,41,경기도 부천시,897,API_EXP_USD_AMT_UNVERIFIED_SCALE,https://www.data.go.kr/data/15134343/openapi.do,2026-10-07T08:12:52+09:00
2020.08,853400,41,경기도 성남시,3805,API_EXP_USD_AMT_UNVERIFIED_SCALE,https://www.data.go.kr/data/15134343/openapi.do,2026-10-07T08:12:52+09:00
2020.08,853400,41,경기도 수원시,33753,API_EXP_USD_AMT_UNVERIFIED_SCALE,https://www.data.go.kr/data/15134343/openapi.do,2026-10-07T08:12:52+09:00
2020.08,853400,41,경기도 시흥시,1826,API_EXP_USD_AMT_UNVERIFIED_SCALE,https://www.data.go.kr/data/15134343/openapi.do,2026-10-07T08:12:52+09:00
2020.08,853400,41,경기도 안산시,160674,API_EXP_USD_AMT_UNVERIFIED_SCALE,https://www.data.go.kr/data/15134343/openapi.do,2026-10-07T08:12:52+09:00
2020.08,853400,41,경기도 안성시,13872,API_EXP_USD_AMT_UNVERIFIED_SCALE,https://www.data.go.kr/data/15134343/openapi.do,2026-10-07T08:12:52+09:00
2020.08,853400,41,경기도 안양시,834,API_EXP_USD_AMT_UNVERIFIED_SCALE,https://www.data.go.kr/data/15134343/openapi.do,2026-10-07T08:12:52+09:00
2020.08,853400,41,경기도 양주시,0,API_EXP_USD_AMT_UNVERIFIED_SCALE,https://www.data.go.kr/data/15134343/openapi.do,2026-10-07T08:12:52+09:00
2020.08,853400,41,경기도 양평군,29,API_EXP_USD_AMT_UNVERIFIED_SCALE,https://www.data.go.kr/data/15134343/openapi.do,2026-10-07T08:12:52+09:00
2020.08,853400,41,경기도 여주군,0,API_EXP_USD_AMT_UNVERIFIED_SCALE,https://www.data.go.kr/data/15134343/openapi.do,2026-10-07T08:12:52+09:00
2020.08,853400,41,경기도 오산시,65,API_EXP_USD_AMT_UNVERIFIED_SCALE,https://www.data.go.kr/data/15134343/openapi.do,2026-10-07T08:12:52+09:00
2020.08,853400,41,경기도 용인시,281,API_EXP_USD_AMT_UNVERIFIED_SCALE,https://www.data.go.kr/data/15134343/openapi.do,2026-10-07T08:12:52+09:00
2020.08,853400,41,경기도 의왕시,32,API_EXP_USD_AMT_UNVERIFIED_SCALE,https://www.data.go.kr/data/15134343/openapi.do,2026-10-07T08:12:52+09:00
2020.08,853400,41,경기도 의정부시,0,API_EXP_USD_AMT_UNVERIFIED_SCALE,https://www.data.go.kr/data/15134343/openapi.do,2026-10-07T08:12:52+09:00
2020.08,853400,41,경기도 이천시,106,API_EXP_USD_AMT_UNVERIFIED_SCALE,https://www.data.go.kr/data/15134343/openapi.do,2026-10-07T08:12:52+09:00
2020.08,853400,41,경기도 파주시,568,API_EXP_USD_AMT_UNVERIFIED_SCALE,https://www.data.go.kr/data/15134343/openapi.do,2026-10-07T08:12:52+09:00
2020.08,853400,41,경기도 평택시,6870,API_EXP_USD_AMT_UNVERIFIED_SCALE,https://www.data.go.kr/data/15134343/openapi.do,2026-10-07T08:12:52+09:00
2020.08,853400,41,경기도 포천군,0,API_EXP_USD_AMT_UNVERIFIED_SCALE,https://www.data.go.kr/data/15134343/openapi.do,2026-10-07T08:12:52+09:00
2020.08,853400,41,경기도 하남시,0,API_EXP_USD_AMT_UNVERIFIED_SCALE,https://www.data.go.kr/data/15134343/openapi.do,2026-10-07T08:12:52+09:00
2020.08,853400,41,경기도 화성시,637,API_EXP_USD_AMT_UNVERIFIED_SCALE,https://www.data.go.kr/data/15134343/openapi.do,2026-10-07T08:12:52+09:00
2020.08,853400,43,충청북도 증평군,639,API_EXP_USD_AMT_UNVERIFIED_SCALE,https://www.data.go.kr/data/15134343/openapi.do,2026-10-07T08:12:52+09:00
2020.08,853400,43,충청북도 진천군,40,API_EXP_USD_AMT_UNVERIFIED_SCALE,https://www.data.go.kr/data/15134343/openapi.do,2026-10-07T08:12:52+09:00
2020.08,853400,43,충청북도 청주시,40273,API_EXP_USD_AMT_UNVERIFIED_SCALE,https://www.data.go.kr/data/15134343/openapi.do,2026-10-07T08:12:52+09:00
2020.09,330499,36,세종특별자치시,1510,API_EXP_USD_AMT_UNVERIFIED_SCALE,https://www.data.go.kr/data/15134343/openapi.do,2026-10-07T08:12:52+09:00
2020.09,330499,41,경기도 가평군,0,API_EXP_USD_AMT_UNVERIFIED_SCALE,https://www.data.go.kr/data/15134343/openapi.do,2026-10-07T08:12:52+09:00
2020.09,330499,41,경기도 고양시,5487,API_EXP_USD_AMT_UNVERIFIED_SCALE,https://www.data.go.kr/data/15134343/openapi.do,2026-10-07T08:12:52+09:00
2020.09,330499,41,경기도 과천시,0,API_EXP_USD_AMT_UNVERIFIED_SCALE,https://www.data.go.kr/data/15134343/openapi.do,2026-10-07T08:12:52+09:00
2020.09,330499,41,경기도 광명시,1513,API_EXP_USD_AMT_UNVERIFIED_SCALE,https://www.data.go.kr/data/15134343/openapi.do,2026-10-07T08:12:52+09:00
2020.09,330499,41,경기도 광주시,227,API_EXP_USD_AMT_UNVERIFIED_SCALE,https://www.data.go.kr/data/15134343/openapi.do,2026-10-07T08:12:52+09:00
2020.09,330499,41,경기도 구리시,735,API_EXP_USD_AMT_UNVERIFIED_SCALE,https://www.data.go.kr/data/15134343/openapi.do,2026-10-07T08:12:52+09:00
2020.09,330499,41,경기도 군포시,45,API_EXP_USD_AMT_UNVERIFIED_SCALE,https://www.data.go.kr/data/15134343/openapi.do,2026-10-07T08:12:52+09:00
2020.09,330499,41,경기도 김포시,49445,API_EXP_USD_AMT_UNVERIFIED_SCALE,https://www.data.go.kr/data/15134343/openapi.do,2026-10-07T08:12:52+09:00
2020.09,330499,41,경기도 남양주시,1126,API_EXP_USD_AMT_UNVERIFIED_SCALE,https://www.data.go.kr/data/15134343/openapi.do,2026-10-07T08:12:52+09:00
2020.09,330499,41,경기도 동두천시,0,API_EXP_USD_AMT_UNVERIFIED_SCALE,https://www.data.go.kr/data/15134343/openapi.do,2026-10-07T08:12:52+09:00
2020.09,330499,41,경기도 부천시,6703,API_EXP_USD_AMT_UNVERIFIED_SCALE,https://www.data.go.kr/data/15134343/openapi.do,2026-10-07T08:12:52+09:00
2020.09,330499,41,경기도 성남시,18911,API_EXP_USD_AMT_UNVERIFIED_SCALE,https://www.data.go.kr/data/15134343/openapi.do,2026-10-07T08:12:52+09:00
2020.09,330499,41,경기도 수원시,3043,API_EXP_USD_AMT_UNVERIFIED_SCALE,https://www.data.go.kr/data/15134343/openapi.do,2026-10-07T08:12:52+09:00
2020.09,330499,41,경기도 시흥시,13436,API_EXP_USD_AMT_UNVERIFIED_SCALE,https://www.data.go.kr/data/15134343/openapi.do,2026-10-07T08:12:52+09:00
2020.09,330499,41,경기도 안산시,2410,API_EXP_USD_AMT_UNVERIFIED_SCALE,https://www.data.go.kr/data/15134343/openapi.do,2026-10-07T08:12:52+09:00
2020.09,330499,41,경기도 안성시,1778,API_EXP_USD_AMT_UNVERIFIED_SCALE,https://www.data.go.kr/data/15134343/openapi.do,2026-10-07T08:12:52+09:00
2020.09,330499,41,경기도 안양시,14677,API_EXP_USD_AMT_UNVERIFIED_SCALE,https://www.data.go.kr/data/15134343/openapi.do,2026-10-07T08:12:52+09:00
2020.09,330499,41,경기도 양주시,1920,API_EXP_USD_AMT_UNVERIFIED_SCALE,https://www.data.go.kr/data/15134343/openapi.do,2026-10-07T08:12:52+09:00
2020.09,330499,41,경기도 양평군,10,API_EXP_USD_AMT_UNVERIFIED_SCALE,https://www.data.go.kr/data/15134343/openapi.do,2026-10-07T08:12:52+09:00
2020.09,330499,41,경기도 여주군,1688,API_EXP_USD_AMT_UNVERIFIED_SCALE,https://www.data.go.kr/data/15134343/openapi.do,2026-10-07T08:12:52+09:00
2020.09,330499,41,경기도 연천군,0,API_EXP_USD_AMT_UNVERIFIED_SCALE,https://www.data.go.kr/data/15134343/openapi.do,2026-10-07T08:12:52+09:00
2020.09,330499,41,경기도 오산시,3676,API_EXP_USD_AMT_UNVERIFIED_SCALE,https://www.data.go.kr/data/15134343/openapi.do,2026-10-07T08:12:52+09:00
2020.09,330499,41,경기도 용인시,1269,API_EXP_USD_AMT_UNVERIFIED_SCALE,https://www.data.go.kr/data/15134343/openapi.do,2026-10-07T08:12:52+09:00
2020.09,330499,41,경기도 의왕시,164,API_EXP_USD_AMT_UNVERIFIED_SCALE,https://www.data.go.kr/data/15134343/openapi.do,2026-10-07T08:12:52+09:00
2020.09,330499,41,경기도 의정부시,308,API_EXP_USD_AMT_UNVERIFIED_SCALE,https://www.data.go.kr/data/15134343/openapi.do,2026-10-07T08:12:52+09:00
2020.09,330499,41,경기도 이천시,381,API_EXP_USD_AMT_UNVERIFIED_SCALE,https://www.data.go.kr/data/15134343/openapi.do,2026-10-07T08:12:52+09:00
2020.09,330499,41,경기도 파주시,3331,API_EXP_USD_AMT_UNVERIFIED_SCALE,https://www.data.go.kr/data/15134343/openapi.do,2026-10-07T08:12:52+09:00
2020.09,330499,41,경기도 평택시,469,API_EXP_USD_AMT_UNVERIFIED_SCALE,https://www.data.go.kr/data/15134343/openapi.do,2026-10-07T08:12:52+09:00
2020.09,330499,41,경기도 포천군,152,API_EXP_USD_AMT_UNVERIFIED_SCALE,https://www.data.go.kr/data/15134343/openapi.do,2026-10-07T08:12:52+09:00
2020.09,330499,41,경기도 하남시,405,API_EXP_USD_AMT_UNVERIFIED_SCALE,https://www.data.go.kr/data/15134343/openapi.do,2026-10-07T08:12:52+09:00
2020.09,330499,41,경기도 화성시,10672,API_EXP_USD_AMT_UNVERIFIED_SCALE,https://www.data.go.kr/data/15134343/openapi.do,2026-10-07T08:12:52+09:00
2020.09,853400,27,대구광역시 남구,362,API_EXP_USD_AMT_UNVERIFIED_SCALE,https://www.data.go.kr/data/15134343/openapi.do,2026-10-07T08:12:52+09:00
2020.09,853400,27,대구광역시 달서구,616,API_EXP_USD_AMT_UNVERIFIED_SCALE,https://www.data.go.kr/data/15134343/openapi.do,2026-10-07T08:12:52+09:00
2020.09,853400,27,대구광역시 달성군,26915,API_EXP_USD_AMT_UNVERIFIED_SCALE,https://www.data.go.kr/data/15134343/openapi.do,2026-10-07T08:12:52+09:00
2020.09,853400,27,대구광역시 동구,0,API_EXP_USD_AMT_UNVERIFIED_SCALE,https://www.data.go.kr/data/15134343/openapi.do,2026-10-07T08:12:52+09:00
2020.09,853400,27,대구광역시 북구,0,API_EXP_USD_AMT_UNVERIFIED_SCALE,https://www.data.go.kr/data/15134343/openapi.do,2026-10-07T08:12:52+09:00
2020.09,853400,27,대구광역시 서구,0,API_EXP_USD_AMT_UNVERIFIED_SCALE,https://www.data.go.kr/data/15134343/openapi.do,2026-10-07T08:12:52+09:00
2020.09,853400,27,대구광역시 수성구,0,API_EXP_USD_AMT_UNVERIFIED_SCALE,https://www.data.go.kr/data/15134343/openapi.do,2026-10-07T08:12:52+09:00
2020.09,853400,27,대구광역시 중구,0,API_EXP_USD_AMT_UNVERIFIED_SCALE,https://www.data.go.kr/data/15134343/openapi.do,2026-10-07T08:12:52+09:00
2020.09,853400,41,경기도 고양시,89,API_EXP_USD_AMT_UNVERIFIED_SCALE,https://www.data.go.kr/data/15134343/openapi.do,2026-10-07T08:12:52+09:00
2020.09,853400,41,경기도 과천시,0,API_EXP_USD_AMT_UNVERIFIED_SCALE,https://www.data.go.kr/data/15134343/openapi.do,2026-10-07T08:12:52+09:00
2020.09,853400,41,경기도 광명시,77,API_EXP_USD_AMT_UNVERIFIED_SCALE,https://www.data.go.kr/data/15134343/openapi.do,2026-10-07T08:12:52+09:00
2020.09,853400,41,경기도 광주시,0,API_EXP_USD_AMT_UNVERIFIED_SCALE,https://www.data.go.kr/data/15134343/openapi.do,2026-10-07T08:12:52+09:00
2020.09,853400,41,경기도 구리시,0,API_EXP_USD_AMT_UNVERIFIED_SCALE,https://www.data.go.kr/data/15134343/openapi.do,2026-10-07T08:12:52+09:00
2020.09,853400,41,경기도 군포시,504,API_EXP_USD_AMT_UNVERIFIED_SCALE,https://www.data.go.kr/data/15134343/openapi.do,2026-10-07T08:12:52+09:00
2020.09,853400,41,경기도 김포시,64,API_EXP_USD_AMT_UNVERIFIED_SCALE,https://www.data.go.kr/data/15134343/openapi.do,2026-10-07T08:12:52+09:00
2020.09,853400,41,경기도 남양주시,0,API_EXP_USD_AMT_UNVERIFIED_SCALE,https://www.data.go.kr/data/15134343/openapi.do,2026-10-07T08:12:52+09:00
2020.09,853400,41,경기도 동두천시,0,API_EXP_USD_AMT_UNVERIFIED_SCALE,https://www.data.go.kr/data/15134343/openapi.do,2026-10-07T08:12:52+09:00
2020.09,853400,41,경기도 부천시,1222,API_EXP_USD_AMT_UNVERIFIED_SCALE,https://www.data.go.kr/data/15134343/openapi.do,2026-10-07T08:12:52+09:00
2020.09,853400,41,경기도 성남시,5124,API_EXP_USD_AMT_UNVERIFIED_SCALE,https://www.data.go.kr/data/15134343/openapi.do,2026-10-07T08:12:52+09:00
2020.09,853400,41,경기도 수원시,38893,API_EXP_USD_AMT_UNVERIFIED_SCALE,https://www.data.go.kr/data/15134343/openapi.do,2026-10-07T08:12:52+09:00
2020.09,853400,41,경기도 시흥시,1698,API_EXP_USD_AMT_UNVERIFIED_SCALE,https://www.data.go.kr/data/15134343/openapi.do,2026-10-07T08:12:52+09:00
2020.09,853400,41,경기도 안산시,162760,API_EXP_USD_AMT_UNVERIFIED_SCALE,https://www.data.go.kr/data/15134343/openapi.do,2026-10-07T08:12:52+09:00
2020.09,853400,41,경기도 안성시,16015,API_EXP_USD_AMT_UNVERIFIED_SCALE,https://www.data.go.kr/data/15134343/openapi.do,2026-10-07T08:12:52+09:00
2020.09,853400,41,경기도 안양시,1141,API_EXP_USD_AMT_UNVERIFIED_SCALE,https://www.data.go.kr/data/15134343/openapi.do,2026-10-07T08:12:52+09:00
2020.09,853400,41,경기도 양주시,2,API_EXP_USD_AMT_UNVERIFIED_SCALE,https://www.data.go.kr/data/15134343/openapi.do,2026-10-07T08:12:52+09:00
2020.09,853400,41,경기도 양평군,0,API_EXP_USD_AMT_UNVERIFIED_SCALE,https://www.data.go.kr/data/15134343/openapi.do,2026-10-07T08:12:52+09:00
2020.09,853400,41,경기도 여주군,0,API_EXP_USD_AMT_UNVERIFIED_SCALE,https://www.data.go.kr/data/15134343/openapi.do,2026-10-07T08:12:52+09:00
2020.09,853400,41,경기도 오산시,49,API_EXP_USD_AMT_UNVERIFIED_SCALE,https://www.data.go.kr/data/15134343/openapi.do,2026-10-07T08:12:52+09:00
2020.09,853400,41,경기도 용인시,465,API_EXP_USD_AMT_UNVERIFIED_SCALE,https://www.data.go.kr/data/15134343/openapi.do,2026-10-07T08:12:52+09:00
2020.09,853400,41,경기도 의왕시,2,API_EXP_USD_AMT_UNVERIFIED_SCALE,https://www.data.go.kr/data/15134343/openapi.do,2026-10-07T08:12:52+09:00
2020.09,853400,41,경기도 의정부시,0,API_EXP_USD_AMT_UNVERIFIED_SCALE,https://www.data.go.kr/data/15134343/openapi.do,2026-10-07T08:12:52+09:00
2020.09,853400,41,경기도 이천시,348,API_EXP_USD_AMT_UNVERIFIED_SCALE,https://www.data.go.kr/data/15134343/openapi.do,2026-10-07T08:12:52+09:00
2020.09,853400,41,경기도 파주시,602,API_EXP_USD_AMT_UNVERIFIED_SCALE,https://www.data.go.kr/data/15134343/openapi.do,2026-10-07T08:12:52+09:00
2020.09,853400,41,경기도 평택시,13283,API_EXP_USD_AMT_UNVERIFIED_SCALE,https://www.data.go.kr/data/15134343/openapi.do,2026-10-07T08:12:52+09:00
2020.09,853400,41,경기도 포천군,0,API_EXP_USD_AMT_UNVERIFIED_SCALE,https://www.data.go.kr/data/15134343/openapi.do,2026-10-07T08:12:52+09:00
2020.09,853400,41,경기도 하남시,0,API_EXP_USD_AMT_UNVERIFIED_SCALE,https://www.data.go.kr/data/15134343/openapi.do,2026-10-07T08:12:52+09:00
2020.09,853400,41,경기도 화성시,524,API_EXP_USD_AMT_UNVERIFIED_SCALE,https://www.data.go.kr/data/15134343/openapi.do,2026-10-07T08:12:52+09:00
2020.09,853400,43,충청북도 괴산군,19,API_EXP_USD_AMT_UNVERIFIED_SCALE,https://www.data.go.kr/data/15134343/openapi.do,2026-10-07T08:12:52+09:00
2020.09,853400,43,충청북도 음성군,0,API_EXP_USD_AMT_UNVERIFIED_SCALE,https://www.data.go.kr/data/15134343/openapi.do,2026-10-07T08:12:52+09:00
2020.09,853400,43,충청북도 증평군,827,API_EXP_USD_AMT_UNVERIFIED_SCALE,https://www.data.go.kr/data/15134343/openapi.do,2026-10-07T08:12:52+09:00
2020.09,853400,43,충청북도 진천군,89,API_EXP_USD_AMT_UNVERIFIED_SCALE,https://www.data.go.kr/data/15134343/openapi.do,2026-10-07T08:12:52+09:00
2020.09,853400,43,충청북도 청주시,39275,API_EXP_USD_AMT_UNVERIFIED_SCALE,https://www.data.go.kr/data/15134343/openapi.do,2026-10-07T08:12:52+09:00
2020.09,853400,43,충청북도 충주시,0,API_EXP_USD_AMT_UNVERIFIED_SCALE,https://www.data.go.kr/data/15134343/openapi.do,2026-10-07T08:12:52+09:00
2020.10,330499,36,세종특별자치시,1458,API_EXP_USD_AMT_UNVERIFIED_SCALE,https://www.data.go.kr/data/15134343/openapi.do,2026-10-07T08:12:52+09:00
2020.10,330499,41,경기도 가평군,0,API_EXP_USD_AMT_UNVERIFIED_SCALE,https://www.data.go.kr/data/15134343/openapi.do,2026-10-07T08:12:52+09:00
2020.10,330499,41,경기도 고양시,4419,API_EXP_USD_AMT_UNVERIFIED_SCALE,https://www.data.go.kr/data/15134343/openapi.do,2026-10-07T08:12:52+09:00
2020.10,330499,41,경기도 과천시,0,API_EXP_USD_AMT_UNVERIFIED_SCALE,https://www.data.go.kr/data/15134343/openapi.do,2026-10-07T08:12:52+09:00
2020.10,330499,41,경기도 광명시,1898,API_EXP_USD_AMT_UNVERIFIED_SCALE,https://www.data.go.kr/data/15134343/openapi.do,2026-10-07T08:12:52+09:00
2020.10,330499,41,경기도 광주시,253,API_EXP_USD_AMT_UNVERIFIED_SCALE,https://www.data.go.kr/data/15134343/openapi.do,2026-10-07T08:12:52+09:00
2020.10,330499,41,경기도 구리시,498,API_EXP_USD_AMT_UNVERIFIED_SCALE,https://www.data.go.kr/data/15134343/openapi.do,2026-10-07T08:12:52+09:00
2020.10,330499,41,경기도 군포시,115,API_EXP_USD_AMT_UNVERIFIED_SCALE,https://www.data.go.kr/data/15134343/openapi.do,2026-10-07T08:12:52+09:00
2020.10,330499,41,경기도 김포시,29218,API_EXP_USD_AMT_UNVERIFIED_SCALE,https://www.data.go.kr/data/15134343/openapi.do,2026-10-07T08:12:52+09:00
2020.10,330499,41,경기도 남양주시,1474,API_EXP_USD_AMT_UNVERIFIED_SCALE,https://www.data.go.kr/data/15134343/openapi.do,2026-10-07T08:12:52+09:00
2020.10,330499,41,경기도 동두천시,0,API_EXP_USD_AMT_UNVERIFIED_SCALE,https://www.data.go.kr/data/15134343/openapi.do,2026-10-07T08:12:52+09:00
2020.10,330499,41,경기도 부천시,6471,API_EXP_USD_AMT_UNVERIFIED_SCALE,https://www.data.go.kr/data/15134343/openapi.do,2026-10-07T08:12:52+09:00
2020.10,330499,41,경기도 성남시,18700,API_EXP_USD_AMT_UNVERIFIED_SCALE,https://www.data.go.kr/data/15134343/openapi.do,2026-10-07T08:12:52+09:00
2020.10,330499,41,경기도 수원시,2180,API_EXP_USD_AMT_UNVERIFIED_SCALE,https://www.data.go.kr/data/15134343/openapi.do,2026-10-07T08:12:52+09:00
2020.10,330499,41,경기도 시흥시,4227,API_EXP_USD_AMT_UNVERIFIED_SCALE,https://www.data.go.kr/data/15134343/openapi.do,2026-10-07T08:12:52+09:00
2020.10,330499,41,경기도 안산시,1838,API_EXP_USD_AMT_UNVERIFIED_SCALE,https://www.data.go.kr/data/15134343/openapi.do,2026-10-07T08:12:52+09:00
2020.10,330499,41,경기도 안성시,1474,API_EXP_USD_AMT_UNVERIFIED_SCALE,https://www.data.go.kr/data/15134343/openapi.do,2026-10-07T08:12:52+09:00
2020.10,330499,41,경기도 안양시,13516,API_EXP_USD_AMT_UNVERIFIED_SCALE,https://www.data.go.kr/data/15134343/openapi.do,2026-10-07T08:12:52+09:00
2020.10,330499,41,경기도 양주시,707,API_EXP_USD_AMT_UNVERIFIED_SCALE,https://www.data.go.kr/data/15134343/openapi.do,2026-10-07T08:12:52+09:00
2020.10,330499,41,경기도 양평군,65,API_EXP_USD_AMT_UNVERIFIED_SCALE,https://www.data.go.kr/data/15134343/openapi.do,2026-10-07T08:12:52+09:00
2020.10,330499,41,경기도 여주군,1560,API_EXP_USD_AMT_UNVERIFIED_SCALE,https://www.data.go.kr/data/15134343/openapi.do,2026-10-07T08:12:52+09:00
2020.10,330499,41,경기도 연천군,2,API_EXP_USD_AMT_UNVERIFIED_SCALE,https://www.data.go.kr/data/15134343/openapi.do,2026-10-07T08:12:52+09:00
2020.10,330499,41,경기도 오산시,2275,API_EXP_USD_AMT_UNVERIFIED_SCALE,https://www.data.go.kr/data/15134343/openapi.do,2026-10-07T08:12:52+09:00
2020.10,330499,41,경기도 용인시,883,API_EXP_USD_AMT_UNVERIFIED_SCALE,https://www.data.go.kr/data/15134343/openapi.do,2026-10-07T08:12:52+09:00
2020.10,330499,41,경기도 의왕시,303,API_EXP_USD_AMT_UNVERIFIED_SCALE,https://www.data.go.kr/data/15134343/openapi.do,2026-10-07T08:12:52+09:00
2020.10,330499,41,경기도 의정부시,300,API_EXP_USD_AMT_UNVERIFIED_SCALE,https://www.data.go.kr/data/15134343/openapi.do,2026-10-07T08:12:52+09:00
2020.10,330499,41,경기도 이천시,547,API_EXP_USD_AMT_UNVERIFIED_SCALE,https://www.data.go.kr/data/15134343/openapi.do,2026-10-07T08:12:52+09:00
2020.10,330499,41,경기도 파주시,1178,API_EXP_USD_AMT_UNVERIFIED_SCALE,https://www.data.go.kr/data/15134343/openapi.do,2026-10-07T08:12:52+09:00
2020.10,330499,41,경기도 평택시,532,API_EXP_USD_AMT_UNVERIFIED_SCALE,https://www.data.go.kr/data/15134343/openapi.do,2026-10-07T08:12:52+09:00
2020.10,330499,41,경기도 포천군,117,API_EXP_USD_AMT_UNVERIFIED_SCALE,https://www.data.go.kr/data/15134343/openapi.do,2026-10-07T08:12:52+09:00
2020.10,330499,41,경기도 하남시,494,API_EXP_USD_AMT_UNVERIFIED_SCALE,https://www.data.go.kr/data/15134343/openapi.do,2026-10-07T08:12:52+09:00
2020.10,330499,41,경기도 화성시,9818,API_EXP_USD_AMT_UNVERIFIED_SCALE,https://www.data.go.kr/data/15134343/openapi.do,2026-10-07T08:12:52+09:00
2020.10,853400,27,대구광역시 남구,0,API_EXP_USD_AMT_UNVERIFIED_SCALE,https://www.data.go.kr/data/15134343/openapi.do,2026-10-07T08:12:52+09:00
2020.10,853400,27,대구광역시 달서구,338,API_EXP_USD_AMT_UNVERIFIED_SCALE,https://www.data.go.kr/data/15134343/openapi.do,2026-10-07T08:12:52+09:00
2020.10,853400,27,대구광역시 달성군,25632,API_EXP_USD_AMT_UNVERIFIED_SCALE,https://www.data.go.kr/data/15134343/openapi.do,2026-10-07T08:12:52+09:00
2020.10,853400,27,대구광역시 동구,0,API_EXP_USD_AMT_UNVERIFIED_SCALE,https://www.data.go.kr/data/15134343/openapi.do,2026-10-07T08:12:52+09:00
2020.10,853400,27,대구광역시 북구,1,API_EXP_USD_AMT_UNVERIFIED_SCALE,https://www.data.go.kr/data/15134343/openapi.do,2026-10-07T08:12:52+09:00
2020.10,853400,27,대구광역시 서구,0,API_EXP_USD_AMT_UNVERIFIED_SCALE,https://www.data.go.kr/data/15134343/openapi.do,2026-10-07T08:12:52+09:00
2020.10,853400,41,경기도 고양시,119,API_EXP_USD_AMT_UNVERIFIED_SCALE,https://www.data.go.kr/data/15134343/openapi.do,2026-10-07T08:12:52+09:00
2020.10,853400,41,경기도 광명시,98,API_EXP_USD_AMT_UNVERIFIED_SCALE,https://www.data.go.kr/data/15134343/openapi.do,2026-10-07T08:12:52+09:00
2020.10,853400,41,경기도 광주시,0,API_EXP_USD_AMT_UNVERIFIED_SCALE,https://www.data.go.kr/data/15134343/openapi.do,2026-10-07T08:12:52+09:00
2020.10,853400,41,경기도 구리시,0,API_EXP_USD_AMT_UNVERIFIED_SCALE,https://www.data.go.kr/data/15134343/openapi.do,2026-10-07T08:12:52+09:00
2020.10,853400,41,경기도 군포시,50,API_EXP_USD_AMT_UNVERIFIED_SCALE,https://www.data.go.kr/data/15134343/openapi.do,2026-10-07T08:12:52+09:00
2020.10,853400,41,경기도 김포시,193,API_EXP_USD_AMT_UNVERIFIED_SCALE,https://www.data.go.kr/data/15134343/openapi.do,2026-10-07T08:12:52+09:00
2020.10,853400,41,경기도 남양주시,6,API_EXP_USD_AMT_UNVERIFIED_SCALE,https://www.data.go.kr/data/15134343/openapi.do,2026-10-07T08:12:52+09:00
2020.10,853400,41,경기도 동두천시,4,API_EXP_USD_AMT_UNVERIFIED_SCALE,https://www.data.go.kr/data/15134343/openapi.do,2026-10-07T08:12:52+09:00
2020.10,853400,41,경기도 부천시,953,API_EXP_USD_AMT_UNVERIFIED_SCALE,https://www.data.go.kr/data/15134343/openapi.do,2026-10-07T08:12:52+09:00
2020.10,853400,41,경기도 성남시,4603,API_EXP_USD_AMT_UNVERIFIED_SCALE,https://www.data.go.kr/data/15134343/openapi.do,2026-10-07T08:12:52+09:00
2020.10,853400,41,경기도 수원시,40322,API_EXP_USD_AMT_UNVERIFIED_SCALE,https://www.data.go.kr/data/15134343/openapi.do,2026-10-07T08:12:52+09:00
2020.10,853400,41,경기도 시흥시,1743,API_EXP_USD_AMT_UNVERIFIED_SCALE,https://www.data.go.kr/data/15134343/openapi.do,2026-10-07T08:12:52+09:00
2020.10,853400,41,경기도 안산시,151895,API_EXP_USD_AMT_UNVERIFIED_SCALE,https://www.data.go.kr/data/15134343/openapi.do,2026-10-07T08:12:52+09:00
2020.10,853400,41,경기도 안성시,14905,API_EXP_USD_AMT_UNVERIFIED_SCALE,https://www.data.go.kr/data/15134343/openapi.do,2026-10-07T08:12:52+09:00
2020.10,853400,41,경기도 안양시,892,API_EXP_USD_AMT_UNVERIFIED_SCALE,https://www.data.go.kr/data/15134343/openapi.do,2026-10-07T08:12:52+09:00
2020.10,853400,41,경기도 양주시,0,API_EXP_USD_AMT_UNVERIFIED_SCALE,https://www.data.go.kr/data/15134343/openapi.do,2026-10-07T08:12:52+09:00
2020.10,853400,41,경기도 여주군,0,API_EXP_USD_AMT_UNVERIFIED_SCALE,https://www.data.go.kr/data/15134343/openapi.do,2026-10-07T08:12:52+09:00
2020.10,853400,41,경기도 연천군,0,API_EXP_USD_AMT_UNVERIFIED_SCALE,https://www.data.go.kr/data/15134343/openapi.do,2026-10-07T08:12:52+09:00
2020.10,853400,41,경기도 오산시,18,API_EXP_USD_AMT_UNVERIFIED_SCALE,https://www.data.go.kr/data/15134343/openapi.do,2026-10-07T08:12:52+09:00
2020.10,853400,41,경기도 용인시,225,API_EXP_USD_AMT_UNVERIFIED_SCALE,https://www.data.go.kr/data/15134343/openapi.do,2026-10-07T08:12:52+09:00
2020.10,853400,41,경기도 의왕시,4,API_EXP_USD_AMT_UNVERIFIED_SCALE,https://www.data.go.kr/data/15134343/openapi.do,2026-10-07T08:12:52+09:00
2020.10,853400,41,경기도 의정부시,0,API_EXP_USD_AMT_UNVERIFIED_SCALE,https://www.data.go.kr/data/15134343/openapi.do,2026-10-07T08:12:52+09:00
2020.10,853400,41,경기도 이천시,197,API_EXP_USD_AMT_UNVERIFIED_SCALE,https://www.data.go.kr/data/15134343/openapi.do,2026-10-07T08:12:52+09:00
2020.10,853400,41,경기도 파주시,529,API_EXP_USD_AMT_UNVERIFIED_SCALE,https://www.data.go.kr/data/15134343/openapi.do,2026-10-07T08:12:52+09:00
2020.10,853400,41,경기도 평택시,6530,API_EXP_USD_AMT_UNVERIFIED_SCALE,https://www.data.go.kr/data/15134343/openapi.do,2026-10-07T08:12:52+09:00
2020.10,853400,41,경기도 포천군,0,API_EXP_USD_AMT_UNVERIFIED_SCALE,https://www.data.go.kr/data/15134343/openapi.do,2026-10-07T08:12:52+09:00
2020.10,853400,41,경기도 하남시,0,API_EXP_USD_AMT_UNVERIFIED_SCALE,https://www.data.go.kr/data/15134343/openapi.do,2026-10-07T08:12:52+09:00
2020.10,853400,41,경기도 화성시,288,API_EXP_USD_AMT_UNVERIFIED_SCALE,https://www.data.go.kr/data/15134343/openapi.do,2026-10-07T08:12:52+09:00
2020.10,853400,43,충청북도 음성군,6,API_EXP_USD_AMT_UNVERIFIED_SCALE,https://www.data.go.kr/data/15134343/openapi.do,2026-10-07T08:12:52+09:00
2020.10,853400,43,충청북도 제천시,0,API_EXP_USD_AMT_UNVERIFIED_SCALE,https://www.data.go.kr/data/15134343/openapi.do,2026-10-07T08:12:52+09:00
2020.10,853400,43,충청북도 증평군,894,API_EXP_USD_AMT_UNVERIFIED_SCALE,https://www.data.go.kr/data/15134343/openapi.do,2026-10-07T08:12:52+09:00
2020.10,853400,43,충청북도 진천군,94,API_EXP_USD_AMT_UNVERIFIED_SCALE,https://www.data.go.kr/data/15134343/openapi.do,2026-10-07T08:12:52+09:00
2020.10,853400,43,충청북도 청주시,38385,API_EXP_USD_AMT_UNVERIFIED_SCALE,https://www.data.go.kr/data/15134343/openapi.do,2026-10-07T08:12:52+09:00
2020.10,853400,43,충청북도 충주시,0,API_EXP_USD_AMT_UNVERIFIED_SCALE,https://www.data.go.kr/data/15134343/openapi.do,2026-10-07T08:12:52+09:00
2020.11,330499,36,세종특별자치시,1961,API_EXP_USD_AMT_UNVERIFIED_SCALE,https://www.data.go.kr/data/15134343/openapi.do,2026-10-07T08:12:52+09:00
2020.11,330499,41,경기도 가평군,0,API_EXP_USD_AMT_UNVERIFIED_SCALE,https://www.data.go.kr/data/15134343/openapi.do,2026-10-07T08:12:52+09:00
2020.11,330499,41,경기도 고양시,5827,API_EXP_USD_AMT_UNVERIFIED_SCALE,https://www.data.go.kr/data/15134343/openapi.do,2026-10-07T08:12:52+09:00
2020.11,330499,41,경기도 과천시,0,API_EXP_USD_AMT_UNVERIFIED_SCALE,https://www.data.go.kr/data/15134343/openapi.do,2026-10-07T08:12:52+09:00
2020.11,330499,41,경기도 광명시,1526,API_EXP_USD_AMT_UNVERIFIED_SCALE,https://www.data.go.kr/data/15134343/openapi.do,2026-10-07T08:12:52+09:00
2020.11,330499,41,경기도 광주시,370,API_EXP_USD_AMT_UNVERIFIED_SCALE,https://www.data.go.kr/data/15134343/openapi.do,2026-10-07T08:12:52+09:00
2020.11,330499,41,경기도 구리시,536,API_EXP_USD_AMT_UNVERIFIED_SCALE,https://www.data.go.kr/data/15134343/openapi.do,2026-10-07T08:12:52+09:00
2020.11,330499,41,경기도 군포시,77,API_EXP_USD_AMT_UNVERIFIED_SCALE,https://www.data.go.kr/data/15134343/openapi.do,2026-10-07T08:12:52+09:00
2020.11,330499,41,경기도 김포시,29107,API_EXP_USD_AMT_UNVERIFIED_SCALE,https://www.data.go.kr/data/15134343/openapi.do,2026-10-07T08:12:52+09:00
2020.11,330499,41,경기도 남양주시,1909,API_EXP_USD_AMT_UNVERIFIED_SCALE,https://www.data.go.kr/data/15134343/openapi.do,2026-10-07T08:12:52+09:00
2020.11,330499,41,경기도 동두천시,0,API_EXP_USD_AMT_UNVERIFIED_SCALE,https://www.data.go.kr/data/15134343/openapi.do,2026-10-07T08:12:52+09:00
2020.11,330499,41,경기도 부천시,5407,API_EXP_USD_AMT_UNVERIFIED_SCALE,https://www.data.go.kr/data/15134343/openapi.do,2026-10-07T08:12:52+09:00
2020.11,330499,41,경기도 성남시,14301,API_EXP_USD_AMT_UNVERIFIED_SCALE,https://www.data.go.kr/data/15134343/openapi.do,2026-10-07T08:12:52+09:00
2020.11,330499,41,경기도 수원시,2380,API_EXP_USD_AMT_UNVERIFIED_SCALE,https://www.data.go.kr/data/15134343/openapi.do,2026-10-07T08:12:52+09:00
2020.11,330499,41,경기도 시흥시,5536,API_EXP_USD_AMT_UNVERIFIED_SCALE,https://www.data.go.kr/data/15134343/openapi.do,2026-10-07T08:12:52+09:00
2020.11,330499,41,경기도 안산시,1412,API_EXP_USD_AMT_UNVERIFIED_SCALE,https://www.data.go.kr/data/15134343/openapi.do,2026-10-07T08:12:52+09:00
2020.11,330499,41,경기도 안성시,2103,API_EXP_USD_AMT_UNVERIFIED_SCALE,https://www.data.go.kr/data/15134343/openapi.do,2026-10-07T08:12:52+09:00
2020.11,330499,41,경기도 안양시,14865,API_EXP_USD_AMT_UNVERIFIED_SCALE,https://www.data.go.kr/data/15134343/openapi.do,2026-10-07T08:12:52+09:00
2020.11,330499,41,경기도 양주시,49,API_EXP_USD_AMT_UNVERIFIED_SCALE,https://www.data.go.kr/data/15134343/openapi.do,2026-10-07T08:12:52+09:00
2020.11,330499,41,경기도 양평군,26,API_EXP_USD_AMT_UNVERIFIED_SCALE,https://www.data.go.kr/data/15134343/openapi.do,2026-10-07T08:12:52+09:00
2020.11,330499,41,경기도 여주군,1594,API_EXP_USD_AMT_UNVERIFIED_SCALE,https://www.data.go.kr/data/15134343/openapi.do,2026-10-07T08:12:52+09:00
2020.11,330499,41,경기도 연천군,3,API_EXP_USD_AMT_UNVERIFIED_SCALE,https://www.data.go.kr/data/15134343/openapi.do,2026-10-07T08:12:52+09:00
2020.11,330499,41,경기도 오산시,2144,API_EXP_USD_AMT_UNVERIFIED_SCALE,https://www.data.go.kr/data/15134343/openapi.do,2026-10-07T08:12:52+09:00
2020.11,330499,41,경기도 용인시,1009,API_EXP_USD_AMT_UNVERIFIED_SCALE,https://www.data.go.kr/data/15134343/openapi.do,2026-10-07T08:12:52+09:00
2020.11,330499,41,경기도 의왕시,382,API_EXP_USD_AMT_UNVERIFIED_SCALE,https://www.data.go.kr/data/15134343/openapi.do,2026-10-07T08:12:52+09:00
2020.11,330499,41,경기도 의정부시,279,API_EXP_USD_AMT_UNVERIFIED_SCALE,https://www.data.go.kr/data/15134343/openapi.do,2026-10-07T08:12:52+09:00
2020.11,330499,41,경기도 이천시,429,API_EXP_USD_AMT_UNVERIFIED_SCALE,https://www.data.go.kr/data/15134343/openapi.do,2026-10-07T08:12:52+09:00
2020.11,330499,41,경기도 파주시,1140,API_EXP_USD_AMT_UNVERIFIED_SCALE,https://www.data.go.kr/data/15134343/openapi.do,2026-10-07T08:12:52+09:00
2020.11,330499,41,경기도 평택시,618,API_EXP_USD_AMT_UNVERIFIED_SCALE,https://www.data.go.kr/data/15134343/openapi.do,2026-10-07T08:12:52+09:00
2020.11,330499,41,경기도 포천군,153,API_EXP_USD_AMT_UNVERIFIED_SCALE,https://www.data.go.kr/data/15134343/openapi.do,2026-10-07T08:12:52+09:00
2020.11,330499,41,경기도 하남시,368,API_EXP_USD_AMT_UNVERIFIED_SCALE,https://www.data.go.kr/data/15134343/openapi.do,2026-10-07T08:12:52+09:00
2020.11,330499,41,경기도 화성시,10665,API_EXP_USD_AMT_UNVERIFIED_SCALE,https://www.data.go.kr/data/15134343/openapi.do,2026-10-07T08:12:52+09:00
2020.11,853400,27,대구광역시 달서구,466,API_EXP_USD_AMT_UNVERIFIED_SCALE,https://www.data.go.kr/data/15134343/openapi.do,2026-10-07T08:12:52+09:00
2020.11,853400,27,대구광역시 달성군,22597,API_EXP_USD_AMT_UNVERIFIED_SCALE,https://www.data.go.kr/data/15134343/openapi.do,2026-10-07T08:12:52+09:00
2020.11,853400,27,대구광역시 동구,0,API_EXP_USD_AMT_UNVERIFIED_SCALE,https://www.data.go.kr/data/15134343/openapi.do,2026-10-07T08:12:52+09:00
2020.11,853400,27,대구광역시 북구,0,API_EXP_USD_AMT_UNVERIFIED_SCALE,https://www.data.go.kr/data/15134343/openapi.do,2026-10-07T08:12:52+09:00
2020.11,853400,27,대구광역시 서구,0,API_EXP_USD_AMT_UNVERIFIED_SCALE,https://www.data.go.kr/data/15134343/openapi.do,2026-10-07T08:12:52+09:00
2020.11,853400,27,대구광역시 수성구,0,API_EXP_USD_AMT_UNVERIFIED_SCALE,https://www.data.go.kr/data/15134343/openapi.do,2026-10-07T08:12:52+09:00
2020.11,853400,27,대구광역시 중구,0,API_EXP_USD_AMT_UNVERIFIED_SCALE,https://www.data.go.kr/data/15134343/openapi.do,2026-10-07T08:12:52+09:00
2020.11,853400,41,경기도 고양시,216,API_EXP_USD_AMT_UNVERIFIED_SCALE,https://www.data.go.kr/data/15134343/openapi.do,2026-10-07T08:12:52+09:00
2020.11,853400,41,경기도 과천시,0,API_EXP_USD_AMT_UNVERIFIED_SCALE,https://www.data.go.kr/data/15134343/openapi.do,2026-10-07T08:12:52+09:00
2020.11,853400,41,경기도 광명시,23,API_EXP_USD_AMT_UNVERIFIED_SCALE,https://www.data.go.kr/data/15134343/openapi.do,2026-10-07T08:12:52+09:00
2020.11,853400,41,경기도 광주시,1,API_EXP_USD_AMT_UNVERIFIED_SCALE,https://www.data.go.kr/data/15134343/openapi.do,2026-10-07T08:12:52+09:00
2020.11,853400,41,경기도 구리시,0,API_EXP_USD_AMT_UNVERIFIED_SCALE,https://www.data.go.kr/data/15134343/openapi.do,2026-10-07T08:12:52+09:00
2020.11,853400,41,경기도 군포시,121,API_EXP_USD_AMT_UNVERIFIED_SCALE,https://www.data.go.kr/data/15134343/openapi.do,2026-10-07T08:12:52+09:00
2020.11,853400,41,경기도 김포시,73,API_EXP_USD_AMT_UNVERIFIED_SCALE,https://www.data.go.kr/data/15134343/openapi.do,2026-10-07T08:12:52+09:00
2020.11,853400,41,경기도 남양주시,0,API_EXP_USD_AMT_UNVERIFIED_SCALE,https://www.data.go.kr/data/15134343/openapi.do,2026-10-07T08:12:52+09:00
2020.11,853400,41,경기도 동두천시,2,API_EXP_USD_AMT_UNVERIFIED_SCALE,https://www.data.go.kr/data/15134343/openapi.do,2026-10-07T08:12:52+09:00
2020.11,853400,41,경기도 부천시,1181,API_EXP_USD_AMT_UNVERIFIED_SCALE,https://www.data.go.kr/data/15134343/openapi.do,2026-10-07T08:12:52+09:00
2020.11,853400,41,경기도 성남시,4925,API_EXP_USD_AMT_UNVERIFIED_SCALE,https://www.data.go.kr/data/15134343/openapi.do,2026-10-07T08:12:52+09:00
2020.11,853400,41,경기도 수원시,38997,API_EXP_USD_AMT_UNVERIFIED_SCALE,https://www.data.go.kr/data/15134343/openapi.do,2026-10-07T08:12:52+09:00
2020.11,853400,41,경기도 시흥시,1683,API_EXP_USD_AMT_UNVERIFIED_SCALE,https://www.data.go.kr/data/15134343/openapi.do,2026-10-07T08:12:52+09:00
2020.11,853400,41,경기도 안산시,155906,API_EXP_USD_AMT_UNVERIFIED_SCALE,https://www.data.go.kr/data/15134343/openapi.do,2026-10-07T08:12:52+09:00
2020.11,853400,41,경기도 안성시,9409,API_EXP_USD_AMT_UNVERIFIED_SCALE,https://www.data.go.kr/data/15134343/openapi.do,2026-10-07T08:12:52+09:00
2020.11,853400,41,경기도 안양시,872,API_EXP_USD_AMT_UNVERIFIED_SCALE,https://www.data.go.kr/data/15134343/openapi.do,2026-10-07T08:12:52+09:00
2020.11,853400,41,경기도 양주시,0,API_EXP_USD_AMT_UNVERIFIED_SCALE,https://www.data.go.kr/data/15134343/openapi.do,2026-10-07T08:12:52+09:00
2020.11,853400,41,경기도 양평군,9,API_EXP_USD_AMT_UNVERIFIED_SCALE,https://www.data.go.kr/data/15134343/openapi.do,2026-10-07T08:12:52+09:00
2020.11,853400,41,경기도 연천군,0,API_EXP_USD_AMT_UNVERIFIED_SCALE,https://www.data.go.kr/data/15134343/openapi.do,2026-10-07T08:12:52+09:00
2020.11,853400,41,경기도 오산시,45,API_EXP_USD_AMT_UNVERIFIED_SCALE,https://www.data.go.kr/data/15134343/openapi.do,2026-10-07T08:12:52+09:00
2020.11,853400,41,경기도 용인시,772,API_EXP_USD_AMT_UNVERIFIED_SCALE,https://www.data.go.kr/data/15134343/openapi.do,2026-10-07T08:12:52+09:00
2020.11,853400,41,경기도 의왕시,2,API_EXP_USD_AMT_UNVERIFIED_SCALE,https://www.data.go.kr/data/15134343/openapi.do,2026-10-07T08:12:52+09:00
2020.11,853400,41,경기도 의정부시,0,API_EXP_USD_AMT_UNVERIFIED_SCALE,https://www.data.go.kr/data/15134343/openapi.do,2026-10-07T08:12:52+09:00
2020.11,853400,41,경기도 이천시,396,API_EXP_USD_AMT_UNVERIFIED_SCALE,https://www.data.go.kr/data/15134343/openapi.do,2026-10-07T08:12:52+09:00
2020.11,853400,41,경기도 파주시,301,API_EXP_USD_AMT_UNVERIFIED_SCALE,https://www.data.go.kr/data/15134343/openapi.do,2026-10-07T08:12:52+09:00
2020.11,853400,41,경기도 평택시,2683,API_EXP_USD_AMT_UNVERIFIED_SCALE,https://www.data.go.kr/data/15134343/openapi.do,2026-10-07T08:12:52+09:00
2020.11,853400,41,경기도 포천군,0,API_EXP_USD_AMT_UNVERIFIED_SCALE,https://www.data.go.kr/data/15134343/openapi.do,2026-10-07T08:12:52+09:00
2020.11,853400,41,경기도 하남시,1,API_EXP_USD_AMT_UNVERIFIED_SCALE,https://www.data.go.kr/data/15134343/openapi.do,2026-10-07T08:12:52+09:00
2020.11,853400,41,경기도 화성시,429,API_EXP_USD_AMT_UNVERIFIED_SCALE,https://www.data.go.kr/data/15134343/openapi.do,2026-10-07T08:12:52+09:00
2020.11,853400,43,충청북도 음성군,0,API_EXP_USD_AMT_UNVERIFIED_SCALE,https://www.data.go.kr/data/15134343/openapi.do,2026-10-07T08:12:52+09:00
2020.11,853400,43,충청북도 제천시,0,API_EXP_USD_AMT_UNVERIFIED_SCALE,https://www.data.go.kr/data/15134343/openapi.do,2026-10-07T08:12:52+09:00
2020.11,853400,43,충청북도 증평군,873,API_EXP_USD_AMT_UNVERIFIED_SCALE,https://www.data.go.kr/data/15134343/openapi.do,2026-10-07T08:12:52+09:00
2020.11,853400,43,충청북도 진천군,69,API_EXP_USD_AMT_UNVERIFIED_SCALE,https://www.data.go.kr/data/15134343/openapi.do,2026-10-07T08:12:52+09:00
2020.11,853400,43,충청북도 청주시,38571,API_EXP_USD_AMT_UNVERIFIED_SCALE,https://www.data.go.kr/data/15134343/openapi.do,2026-10-07T08:12:52+09:00
2020.12,330499,36,세종특별자치시,2916,API_EXP_USD_AMT_UNVERIFIED_SCALE,https://www.data.go.kr/data/15134343/openapi.do,2026-10-07T08:12:52+09:00
2020.12,330499,41,경기도 가평군,0,API_EXP_USD_AMT_UNVERIFIED_SCALE,https://www.data.go.kr/data/15134343/openapi.do,2026-10-07T08:12:52+09:00
2020.12,330499,41,경기도 고양시,4732,API_EXP_USD_AMT_UNVERIFIED_SCALE,https://www.data.go.kr/data/15134343/openapi.do,2026-10-07T08:12:52+09:00
2020.12,330499,41,경기도 과천시,2,API_EXP_USD_AMT_UNVERIFIED_SCALE,https://www.data.go.kr/data/15134343/openapi.do,2026-10-07T08:12:52+09:00
2020.12,330499,41,경기도 광명시,2923,API_EXP_USD_AMT_UNVERIFIED_SCALE,https://www.data.go.kr/data/15134343/openapi.do,2026-10-07T08:12:52+09:00
2020.12,330499,41,경기도 광주시,298,API_EXP_USD_AMT_UNVERIFIED_SCALE,https://www.data.go.kr/data/15134343/openapi.do,2026-10-07T08:12:52+09:00
2020.12,330499,41,경기도 구리시,661,API_EXP_USD_AMT_UNVERIFIED_SCALE,https://www.data.go.kr/data/15134343/openapi.do,2026-10-07T08:12:52+09:00
2020.12,330499,41,경기도 군포시,424,API_EXP_USD_AMT_UNVERIFIED_SCALE,https://www.data.go.kr/data/15134343/openapi.do,2026-10-07T08:12:52+09:00
2020.12,330499,41,경기도 김포시,33698,API_EXP_USD_AMT_UNVERIFIED_SCALE,https://www.data.go.kr/data/15134343/openapi.do,2026-10-07T08:12:52+09:00
2020.12,330499,41,경기도 남양주시,1200,API_EXP_USD_AMT_UNVERIFIED_SCALE,https://www.data.go.kr/data/15134343/openapi.do,2026-10-07T08:12:52+09:00
2020.12,330499,41,경기도 동두천시,0,API_EXP_USD_AMT_UNVERIFIED_SCALE,https://www.data.go.kr/data/15134343/openapi.do,2026-10-07T08:12:52+09:00
2020.12,330499,41,경기도 부천시,3737,API_EXP_USD_AMT_UNVERIFIED_SCALE,https://www.data.go.kr/data/15134343/openapi.do,2026-10-07T08:12:52+09:00
2020.12,330499,41,경기도 성남시,17168,API_EXP_USD_AMT_UNVERIFIED_SCALE,https://www.data.go.kr/data/15134343/openapi.do,2026-10-07T08:12:52+09:00
2020.12,330499,41,경기도 수원시,3246,API_EXP_USD_AMT_UNVERIFIED_SCALE,https://www.data.go.kr/data/15134343/openapi.do,2026-10-07T08:12:52+09:00
2020.12,330499,41,경기도 시흥시,4971,API_EXP_USD_AMT_UNVERIFIED_SCALE,https://www.data.go.kr/data/15134343/openapi.do,2026-10-07T08:12:52+09:00
2020.12,330499,41,경기도 안산시,1547,API_EXP_USD_AMT_UNVERIFIED_SCALE,https://www.data.go.kr/data/15134343/openapi.do,2026-10-07T08:12:52+09:00
2020.12,330499,41,경기도 안성시,3047,API_EXP_USD_AMT_UNVERIFIED_SCALE,https://www.data.go.kr/data/15134343/openapi.do,2026-10-07T08:12:52+09:00
2020.12,330499,41,경기도 안양시,19920,API_EXP_USD_AMT_UNVERIFIED_SCALE,https://www.data.go.kr/data/15134343/openapi.do,2026-10-07T08:12:52+09:00
2020.12,330499,41,경기도 양주시,289,API_EXP_USD_AMT_UNVERIFIED_SCALE,https://www.data.go.kr/data/15134343/openapi.do,2026-10-07T08:12:52+09:00
2020.12,330499,41,경기도 양평군,41,API_EXP_USD_AMT_UNVERIFIED_SCALE,https://www.data.go.kr/data/15134343/openapi.do,2026-10-07T08:12:52+09:00
2020.12,330499,41,경기도 여주군,3234,API_EXP_USD_AMT_UNVERIFIED_SCALE,https://www.data.go.kr/data/15134343/openapi.do,2026-10-07T08:12:52+09:00
2020.12,330499,41,경기도 연천군,0,API_EXP_USD_AMT_UNVERIFIED_SCALE,https://www.data.go.kr/data/15134343/openapi.do,2026-10-07T08:12:52+09:00
2020.12,330499,41,경기도 오산시,2756,API_EXP_USD_AMT_UNVERIFIED_SCALE,https://www.data.go.kr/data/15134343/openapi.do,2026-10-07T08:12:52+09:00
2020.12,330499,41,경기도 용인시,959,API_EXP_USD_AMT_UNVERIFIED_SCALE,https://www.data.go.kr/data/15134343/openapi.do,2026-10-07T08:12:52+09:00
2020.12,330499,41,경기도 의왕시,486,API_EXP_USD_AMT_UNVERIFIED_SCALE,https://www.data.go.kr/data/15134343/openapi.do,2026-10-07T08:12:52+09:00
2020.12,330499,41,경기도 의정부시,378,API_EXP_USD_AMT_UNVERIFIED_SCALE,https://www.data.go.kr/data/15134343/openapi.do,2026-10-07T08:12:52+09:00
2020.12,330499,41,경기도 이천시,333,API_EXP_USD_AMT_UNVERIFIED_SCALE,https://www.data.go.kr/data/15134343/openapi.do,2026-10-07T08:12:52+09:00
2020.12,330499,41,경기도 파주시,1063,API_EXP_USD_AMT_UNVERIFIED_SCALE,https://www.data.go.kr/data/15134343/openapi.do,2026-10-07T08:12:52+09:00
2020.12,330499,41,경기도 평택시,1136,API_EXP_USD_AMT_UNVERIFIED_SCALE,https://www.data.go.kr/data/15134343/openapi.do,2026-10-07T08:12:52+09:00
2020.12,330499,41,경기도 포천군,299,API_EXP_USD_AMT_UNVERIFIED_SCALE,https://www.data.go.kr/data/15134343/openapi.do,2026-10-07T08:12:52+09:00
2020.12,330499,41,경기도 하남시,860,API_EXP_USD_AMT_UNVERIFIED_SCALE,https://www.data.go.kr/data/15134343/openapi.do,2026-10-07T08:12:52+09:00
2020.12,330499,41,경기도 화성시,11038,API_EXP_USD_AMT_UNVERIFIED_SCALE,https://www.data.go.kr/data/15134343/openapi.do,2026-10-07T08:12:52+09:00
2020.12,853400,27,대구광역시 남구,0,API_EXP_USD_AMT_UNVERIFIED_SCALE,https://www.data.go.kr/data/15134343/openapi.do,2026-10-07T08:12:52+09:00
2020.12,853400,27,대구광역시 달서구,411,API_EXP_USD_AMT_UNVERIFIED_SCALE,https://www.data.go.kr/data/15134343/openapi.do,2026-10-07T08:12:52+09:00
2020.12,853400,27,대구광역시 달성군,24098,API_EXP_USD_AMT_UNVERIFIED_SCALE,https://www.data.go.kr/data/15134343/openapi.do,2026-10-07T08:12:52+09:00
2020.12,853400,27,대구광역시 동구,1,API_EXP_USD_AMT_UNVERIFIED_SCALE,https://www.data.go.kr/data/15134343/openapi.do,2026-10-07T08:12:52+09:00
2020.12,853400,27,대구광역시 북구,0,API_EXP_USD_AMT_UNVERIFIED_SCALE,https://www.data.go.kr/data/15134343/openapi.do,2026-10-07T08:12:52+09:00
2020.12,853400,27,대구광역시 서구,0,API_EXP_USD_AMT_UNVERIFIED_SCALE,https://www.data.go.kr/data/15134343/openapi.do,2026-10-07T08:12:52+09:00
2020.12,853400,27,대구광역시 수성구,0,API_EXP_USD_AMT_UNVERIFIED_SCALE,https://www.data.go.kr/data/15134343/openapi.do,2026-10-07T08:12:52+09:00
2020.12,853400,27,대구광역시 중구,0,API_EXP_USD_AMT_UNVERIFIED_SCALE,https://www.data.go.kr/data/15134343/openapi.do,2026-10-07T08:12:52+09:00
2020.12,853400,41,경기도 고양시,210,API_EXP_USD_AMT_UNVERIFIED_SCALE,https://www.data.go.kr/data/15134343/openapi.do,2026-10-07T08:12:52+09:00
2020.12,853400,41,경기도 과천시,0,API_EXP_USD_AMT_UNVERIFIED_SCALE,https://www.data.go.kr/data/15134343/openapi.do,2026-10-07T08:12:52+09:00
2020.12,853400,41,경기도 광명시,87,API_EXP_USD_AMT_UNVERIFIED_SCALE,https://www.data.go.kr/data/15134343/openapi.do,2026-10-07T08:12:52+09:00
2020.12,853400,41,경기도 광주시,0,API_EXP_USD_AMT_UNVERIFIED_SCALE,https://www.data.go.kr/data/15134343/openapi.do,2026-10-07T08:12:52+09:00
2020.12,853400,41,경기도 구리시,0,API_EXP_USD_AMT_UNVERIFIED_SCALE,https://www.data.go.kr/data/15134343/openapi.do,2026-10-07T08:12:52+09:00
2020.12,853400,41,경기도 군포시,68,API_EXP_USD_AMT_UNVERIFIED_SCALE,https://www.data.go.kr/data/15134343/openapi.do,2026-10-07T08:12:52+09:00
2020.12,853400,41,경기도 김포시,72,API_EXP_USD_AMT_UNVERIFIED_SCALE,https://www.data.go.kr/data/15134343/openapi.do,2026-10-07T08:12:52+09:00
2020.12,853400,41,경기도 남양주시,0,API_EXP_USD_AMT_UNVERIFIED_SCALE,https://www.data.go.kr/data/15134343/openapi.do,2026-10-07T08:12:52+09:00
2020.12,853400,41,경기도 동두천시,0,API_EXP_USD_AMT_UNVERIFIED_SCALE,https://www.data.go.kr/data/15134343/openapi.do,2026-10-07T08:12:52+09:00
2020.12,853400,41,경기도 부천시,447,API_EXP_USD_AMT_UNVERIFIED_SCALE,https://www.data.go.kr/data/15134343/openapi.do,2026-10-07T08:12:52+09:00
2020.12,853400,41,경기도 성남시,5945,API_EXP_USD_AMT_UNVERIFIED_SCALE,https://www.data.go.kr/data/15134343/openapi.do,2026-10-07T08:12:52+09:00
2020.12,853400,41,경기도 수원시,40958,API_EXP_USD_AMT_UNVERIFIED_SCALE,https://www.data.go.kr/data/15134343/openapi.do,2026-10-07T08:12:52+09:00
2020.12,853400,41,경기도 시흥시,2272,API_EXP_USD_AMT_UNVERIFIED_SCALE,https://www.data.go.kr/data/15134343/openapi.do,2026-10-07T08:12:52+09:00
2020.12,853400,41,경기도 안산시,160311,API_EXP_USD_AMT_UNVERIFIED_SCALE,https://www.data.go.kr/data/15134343/openapi.do,2026-10-07T08:12:52+09:00
2020.12,853400,41,경기도 안성시,7981,API_EXP_USD_AMT_UNVERIFIED_SCALE,https://www.data.go.kr/data/15134343/openapi.do,2026-10-07T08:12:52+09:00
2020.12,853400,41,경기도 안양시,1188,API_EXP_USD_AMT_UNVERIFIED_SCALE,https://www.data.go.kr/data/15134343/openapi.do,2026-10-07T08:12:52+09:00
2020.12,853400,41,경기도 양주시,9,API_EXP_USD_AMT_UNVERIFIED_SCALE,https://www.data.go.kr/data/15134343/openapi.do,2026-10-07T08:12:52+09:00
2020.12,853400,41,경기도 양평군,0,API_EXP_USD_AMT_UNVERIFIED_SCALE,https://www.data.go.kr/data/15134343/openapi.do,2026-10-07T08:12:52+09:00
2020.12,853400,41,경기도 오산시,22,API_EXP_USD_AMT_UNVERIFIED_SCALE,https://www.data.go.kr/data/15134343/openapi.do,2026-10-07T08:12:52+09:00
2020.12,853400,41,경기도 용인시,352,API_EXP_USD_AMT_UNVERIFIED_SCALE,https://www.data.go.kr/data/15134343/openapi.do,2026-10-07T08:12:52+09:00
2020.12,853400,41,경기도 의왕시,29,API_EXP_USD_AMT_UNVERIFIED_SCALE,https://www.data.go.kr/data/15134343/openapi.do,2026-10-07T08:12:52+09:00
2020.12,853400,41,경기도 의정부시,0,API_EXP_USD_AMT_UNVERIFIED_SCALE,https://www.data.go.kr/data/15134343/openapi.do,2026-10-07T08:12:52+09:00
2020.12,853400,41,경기도 이천시,103,API_EXP_USD_AMT_UNVERIFIED_SCALE,https://www.data.go.kr/data/15134343/openapi.do,2026-10-07T08:12:52+09:00
2020.12,853400,41,경기도 파주시,962,API_EXP_USD_AMT_UNVERIFIED_SCALE,https://www.data.go.kr/data/15134343/openapi.do,2026-10-07T08:12:52+09:00
2020.12,853400,41,경기도 평택시,2687,API_EXP_USD_AMT_UNVERIFIED_SCALE,https://www.data.go.kr/data/15134343/openapi.do,2026-10-07T08:12:52+09:00
2020.12,853400,41,경기도 포천군,0,API_EXP_USD_AMT_UNVERIFIED_SCALE,https://www.data.go.kr/data/15134343/openapi.do,2026-10-07T08:12:52+09:00
2020.12,853400,41,경기도 하남시,1,API_EXP_USD_AMT_UNVERIFIED_SCALE,https://www.data.go.kr/data/15134343/openapi.do,2026-10-07T08:12:52+09:00
2020.12,853400,41,경기도 화성시,507,API_EXP_USD_AMT_UNVERIFIED_SCALE,https://www.data.go.kr/data/15134343/openapi.do,2026-10-07T08:12:52+09:00
2020.12,853400,43,충청북도 음성군,55,API_EXP_USD_AMT_UNVERIFIED_SCALE,https://www.data.go.kr/data/15134343/openapi.do,2026-10-07T08:12:52+09:00
2020.12,853400,43,충청북도 증평군,1406,API_EXP_USD_AMT_UNVERIFIED_SCALE,https://www.data.go.kr/data/15134343/openapi.do,2026-10-07T08:12:52+09:00
2020.12,853400,43,충청북도 진천군,102,API_EXP_USD_AMT_UNVERIFIED_SCALE,https://www.data.go.kr/data/15134343/openapi.do,2026-10-07T08:12:52+09:00
2020.12,853400,43,충청북도 청주시,42803,API_EXP_USD_AMT_UNVERIFIED_SCALE,https://www.data.go.kr/data/15134343/openapi.do,2026-10-07T08:12:52+09:00
2020.12,853400,43,충청북도 충주시,0,API_EXP_USD_AMT_UNVERIFIED_SCALE,https://www.data.go.kr/data/15134343/openapi.do,2026-10-07T08:12:52+09:00
2021.01,330499,36,세종특별자치시,1810,API_EXP_USD_AMT_UNVERIFIED_SCALE,https://www.data.go.kr/data/15134343/openapi.do,2026-10-07T08:12:52+09:00
2021.01,330499,41,경기도 가평군,0,API_EXP_USD_AMT_UNVERIFIED_SCALE,https://www.data.go.kr/data/15134343/openapi.do,2026-10-07T08:12:52+09:00
2021.01,330499,41,경기도 고양시,4830,API_EXP_USD_AMT_UNVERIFIED_SCALE,https://www.data.go.kr/data/15134343/openapi.do,2026-10-07T08:12:52+09:00
2021.01,330499,41,경기도 과천시,2,API_EXP_USD_AMT_UNVERIFIED_SCALE,https://www.data.go.kr/data/15134343/openapi.do,2026-10-07T08:12:52+09:00
2021.01,330499,41,경기도 광명시,2999,API_EXP_USD_AMT_UNVERIFIED_SCALE,https://www.data.go.kr/data/15134343/openapi.do,2026-10-07T08:12:52+09:00
2021.01,330499,41,경기도 광주시,262,API_EXP_USD_AMT_UNVERIFIED_SCALE,https://www.data.go.kr/data/15134343/openapi.do,2026-10-07T08:12:52+09:00
2021.01,330499,41,경기도 구리시,946,API_EXP_USD_AMT_UNVERIFIED_SCALE,https://www.data.go.kr/data/15134343/openapi.do,2026-10-07T08:12:52+09:00
2021.01,330499,41,경기도 군포시,282,API_EXP_USD_AMT_UNVERIFIED_SCALE,https://www.data.go.kr/data/15134343/openapi.do,2026-10-07T08:12:52+09:00
2021.01,330499,41,경기도 김포시,30697,API_EXP_USD_AMT_UNVERIFIED_SCALE,https://www.data.go.kr/data/15134343/openapi.do,2026-10-07T08:12:52+09:00
2021.01,330499,41,경기도 남양주시,2303,API_EXP_USD_AMT_UNVERIFIED_SCALE,https://www.data.go.kr/data/15134343/openapi.do,2026-10-07T08:12:52+09:00
2021.01,330499,41,경기도 동두천시,0,API_EXP_USD_AMT_UNVERIFIED_SCALE,https://www.data.go.kr/data/15134343/openapi.do,2026-10-07T08:12:52+09:00
2021.01,330499,41,경기도 부천시,5782,API_EXP_USD_AMT_UNVERIFIED_SCALE,https://www.data.go.kr/data/15134343/openapi.do,2026-10-07T08:12:52+09:00
2021.01,330499,41,경기도 성남시,13385,API_EXP_USD_AMT_UNVERIFIED_SCALE,https://www.data.go.kr/data/15134343/openapi.do,2026-10-07T08:12:52+09:00
2021.01,330499,41,경기도 수원시,3672,API_EXP_USD_AMT_UNVERIFIED_SCALE,https://www.data.go.kr/data/15134343/openapi.do,2026-10-07T08:12:52+09:00
2021.01,330499,41,경기도 시흥시,3521,API_EXP_USD_AMT_UNVERIFIED_SCALE,https://www.data.go.kr/data/15134343/openapi.do,2026-10-07T08:12:52+09:00
2021.01,330499,41,경기도 안산시,1748,API_EXP_USD_AMT_UNVERIFIED_SCALE,https://www.data.go.kr/data/15134343/openapi.do,2026-10-07T08:12:52+09:00
2021.01,330499,41,경기도 안성시,2744,API_EXP_USD_AMT_UNVERIFIED_SCALE,https://www.data.go.kr/data/15134343/openapi.do,2026-10-07T08:12:52+09:00
2021.01,330499,41,경기도 안양시,10312,API_EXP_USD_AMT_UNVERIFIED_SCALE,https://www.data.go.kr/data/15134343/openapi.do,2026-10-07T08:12:52+09:00
2021.01,330499,41,경기도 양주시,98,API_EXP_USD_AMT_UNVERIFIED_SCALE,https://www.data.go.kr/data/15134343/openapi.do,2026-10-07T08:12:52+09:00
2021.01,330499,41,경기도 양평군,45,API_EXP_USD_AMT_UNVERIFIED_SCALE,https://www.data.go.kr/data/15134343/openapi.do,2026-10-07T08:12:52+09:00
2021.01,330499,41,경기도 여주군,1403,API_EXP_USD_AMT_UNVERIFIED_SCALE,https://www.data.go.kr/data/15134343/openapi.do,2026-10-07T08:12:52+09:00
2021.01,330499,41,경기도 연천군,0,API_EXP_USD_AMT_UNVERIFIED_SCALE,https://www.data.go.kr/data/15134343/openapi.do,2026-10-07T08:12:52+09:00
2021.01,330499,41,경기도 오산시,1749,API_EXP_USD_AMT_UNVERIFIED_SCALE,https://www.data.go.kr/data/15134343/openapi.do,2026-10-07T08:12:52+09:00
2021.01,330499,41,경기도 용인시,1403,API_EXP_USD_AMT_UNVERIFIED_SCALE,https://www.data.go.kr/data/15134343/openapi.do,2026-10-07T08:12:52+09:00
2021.01,330499,41,경기도 의왕시,296,API_EXP_USD_AMT_UNVERIFIED_SCALE,https://www.data.go.kr/data/15134343/openapi.do,2026-10-07T08:12:52+09:00
2021.01,330499,41,경기도 의정부시,359,API_EXP_USD_AMT_UNVERIFIED_SCALE,https://www.data.go.kr/data/15134343/openapi.do,2026-10-07T08:12:52+09:00
2021.01,330499,41,경기도 이천시,252,API_EXP_USD_AMT_UNVERIFIED_SCALE,https://www.data.go.kr/data/15134343/openapi.do,2026-10-07T08:12:52+09:00
2021.01,330499,41,경기도 파주시,2080,API_EXP_USD_AMT_UNVERIFIED_SCALE,https://www.data.go.kr/data/15134343/openapi.do,2026-10-07T08:12:52+09:00
2021.01,330499,41,경기도 평택시,2190,API_EXP_USD_AMT_UNVERIFIED_SCALE,https://www.data.go.kr/data/15134343/openapi.do,2026-10-07T08:12:52+09:00
2021.01,330499,41,경기도 포천군,151,API_EXP_USD_AMT_UNVERIFIED_SCALE,https://www.data.go.kr/data/15134343/openapi.do,2026-10-07T08:12:52+09:00
2021.01,330499,41,경기도 하남시,651,API_EXP_USD_AMT_UNVERIFIED_SCALE,https://www.data.go.kr/data/15134343/openapi.do,2026-10-07T08:12:52+09:00
2021.01,330499,41,경기도 화성시,10706,API_EXP_USD_AMT_UNVERIFIED_SCALE,https://www.data.go.kr/data/15134343/openapi.do,2026-10-07T08:12:52+09:00
2021.01,853400,27,대구광역시 남구,0,API_EXP_USD_AMT_UNVERIFIED_SCALE,https://www.data.go.kr/data/15134343/openapi.do,2026-10-07T08:12:52+09:00
2021.01,853400,27,대구광역시 달서구,491,API_EXP_USD_AMT_UNVERIFIED_SCALE,https://www.data.go.kr/data/15134343/openapi.do,2026-10-07T08:12:52+09:00
2021.01,853400,27,대구광역시 달성군,25761,API_EXP_USD_AMT_UNVERIFIED_SCALE,https://www.data.go.kr/data/15134343/openapi.do,2026-10-07T08:12:52+09:00
2021.01,853400,27,대구광역시 동구,0,API_EXP_USD_AMT_UNVERIFIED_SCALE,https://www.data.go.kr/data/15134343/openapi.do,2026-10-07T08:12:52+09:00
2021.01,853400,27,대구광역시 북구,0,API_EXP_USD_AMT_UNVERIFIED_SCALE,https://www.data.go.kr/data/15134343/openapi.do,2026-10-07T08:12:52+09:00
2021.01,853400,27,대구광역시 서구,1,API_EXP_USD_AMT_UNVERIFIED_SCALE,https://www.data.go.kr/data/15134343/openapi.do,2026-10-07T08:12:52+09:00
2021.01,853400,27,대구광역시 수성구,0,API_EXP_USD_AMT_UNVERIFIED_SCALE,https://www.data.go.kr/data/15134343/openapi.do,2026-10-07T08:12:52+09:00
2021.01,853400,27,대구광역시 중구,0,API_EXP_USD_AMT_UNVERIFIED_SCALE,https://www.data.go.kr/data/15134343/openapi.do,2026-10-07T08:12:52+09:00
2021.01,853400,41,경기도 고양시,193,API_EXP_USD_AMT_UNVERIFIED_SCALE,https://www.data.go.kr/data/15134343/openapi.do,2026-10-07T08:12:52+09:00
2021.01,853400,41,경기도 광명시,74,API_EXP_USD_AMT_UNVERIFIED_SCALE,https://www.data.go.kr/data/15134343/openapi.do,2026-10-07T08:12:52+09:00
2021.01,853400,41,경기도 광주시,0,API_EXP_USD_AMT_UNVERIFIED_SCALE,https://www.data.go.kr/data/15134343/openapi.do,2026-10-07T08:12:52+09:00
2021.01,853400,41,경기도 구리시,0,API_EXP_USD_AMT_UNVERIFIED_SCALE,https://www.data.go.kr/data/15134343/openapi.do,2026-10-07T08:12:52+09:00
2021.01,853400,41,경기도 군포시,47,API_EXP_USD_AMT_UNVERIFIED_SCALE,https://www.data.go.kr/data/15134343/openapi.do,2026-10-07T08:12:52+09:00
2021.01,853400,41,경기도 김포시,65,API_EXP_USD_AMT_UNVERIFIED_SCALE,https://www.data.go.kr/data/15134343/openapi.do,2026-10-07T08:12:52+09:00
2021.01,853400,41,경기도 남양주시,0,API_EXP_USD_AMT_UNVERIFIED_SCALE,https://www.data.go.kr/data/15134343/openapi.do,2026-10-07T08:12:52+09:00
2021.01,853400,41,경기도 부천시,868,API_EXP_USD_AMT_UNVERIFIED_SCALE,https://www.data.go.kr/data/15134343/openapi.do,2026-10-07T08:12:52+09:00
2021.01,853400,41,경기도 성남시,3387,API_EXP_USD_AMT_UNVERIFIED_SCALE,https://www.data.go.kr/data/15134343/openapi.do,2026-10-07T08:12:52+09:00
2021.01,853400,41,경기도 수원시,42125,API_EXP_USD_AMT_UNVERIFIED_SCALE,https://www.data.go.kr/data/15134343/openapi.do,2026-10-07T08:12:52+09:00
2021.01,853400,41,경기도 시흥시,1786,API_EXP_USD_AMT_UNVERIFIED_SCALE,https://www.data.go.kr/data/15134343/openapi.do,2026-10-07T08:12:52+09:00
2021.01,853400,41,경기도 안산시,157776,API_EXP_USD_AMT_UNVERIFIED_SCALE,https://www.data.go.kr/data/15134343/openapi.do,2026-10-07T08:12:52+09:00
2021.01,853400,41,경기도 안성시,9015,API_EXP_USD_AMT_UNVERIFIED_SCALE,https://www.data.go.kr/data/15134343/openapi.do,2026-10-07T08:12:52+09:00
2021.01,853400,41,경기도 안양시,1209,API_EXP_USD_AMT_UNVERIFIED_SCALE,https://www.data.go.kr/data/15134343/openapi.do,2026-10-07T08:12:52+09:00
2021.01,853400,41,경기도 양주시,1,API_EXP_USD_AMT_UNVERIFIED_SCALE,https://www.data.go.kr/data/15134343/openapi.do,2026-10-07T08:12:52+09:00
2021.01,853400,41,경기도 여주군,0,API_EXP_USD_AMT_UNVERIFIED_SCALE,https://www.data.go.kr/data/15134343/openapi.do,2026-10-07T08:12:52+09:00
2021.01,853400,41,경기도 오산시,5,API_EXP_USD_AMT_UNVERIFIED_SCALE,https://www.data.go.kr/data/15134343/openapi.do,2026-10-07T08:12:52+09:00
2021.01,853400,41,경기도 용인시,329,API_EXP_USD_AMT_UNVERIFIED_SCALE,https://www.data.go.kr/data/15134343/openapi.do,2026-10-07T08:12:52+09:00
2021.01,853400,41,경기도 의왕시,3,API_EXP_USD_AMT_UNVERIFIED_SCALE,https://www.data.go.kr/data/15134343/openapi.do,2026-10-07T08:12:52+09:00
2021.01,853400,41,경기도 의정부시,0,API_EXP_USD_AMT_UNVERIFIED_SCALE,https://www.data.go.kr/data/15134343/openapi.do,2026-10-07T08:12:52+09:00
2021.01,853400,41,경기도 이천시,91,API_EXP_USD_AMT_UNVERIFIED_SCALE,https://www.data.go.kr/data/15134343/openapi.do,2026-10-07T08:12:52+09:00
2021.01,853400,41,경기도 파주시,626,API_EXP_USD_AMT_UNVERIFIED_SCALE,https://www.data.go.kr/data/15134343/openapi.do,2026-10-07T08:12:52+09:00
2021.01,853400,41,경기도 평택시,3363,API_EXP_USD_AMT_UNVERIFIED_SCALE,https://www.data.go.kr/data/15134343/openapi.do,2026-10-07T08:12:52+09:00
2021.01,853400,41,경기도 포천군,0,API_EXP_USD_AMT_UNVERIFIED_SCALE,https://www.data.go.kr/data/15134343/openapi.do,2026-10-07T08:12:52+09:00
2021.01,853400,41,경기도 하남시,0,API_EXP_USD_AMT_UNVERIFIED_SCALE,https://www.data.go.kr/data/15134343/openapi.do,2026-10-07T08:12:52+09:00
2021.01,853400,41,경기도 화성시,699,API_EXP_USD_AMT_UNVERIFIED_SCALE,https://www.data.go.kr/data/15134343/openapi.do,2026-10-07T08:12:52+09:00
2021.01,853400,43,충청북도 옥천군,0,API_EXP_USD_AMT_UNVERIFIED_SCALE,https://www.data.go.kr/data/15134343/openapi.do,2026-10-07T08:12:52+09:00
2021.01,853400,43,충청북도 음성군,11,API_EXP_USD_AMT_UNVERIFIED_SCALE,https://www.data.go.kr/data/15134343/openapi.do,2026-10-07T08:12:52+09:00
2021.01,853400,43,충청북도 증평군,1105,API_EXP_USD_AMT_UNVERIFIED_SCALE,https://www.data.go.kr/data/15134343/openapi.do,2026-10-07T08:12:52+09:00
2021.01,853400,43,충청북도 진천군,41,API_EXP_USD_AMT_UNVERIFIED_SCALE,https://www.data.go.kr/data/15134343/openapi.do,2026-10-07T08:12:52+09:00
2021.01,853400,43,충청북도 청주시,48948,API_EXP_USD_AMT_UNVERIFIED_SCALE,https://www.data.go.kr/data/15134343/openapi.do,2026-10-07T08:12:52+09:00
2021.01,853400,43,충청북도 충주시,0,API_EXP_USD_AMT_UNVERIFIED_SCALE,https://www.data.go.kr/data/15134343/openapi.do,2026-10-07T08:12:52+09:00
2021.02,330499,36,세종특별자치시,2003,API_EXP_USD_AMT_UNVERIFIED_SCALE,https://www.data.go.kr/data/15134343/openapi.do,2026-10-07T08:12:52+09:00
2021.02,330499,41,경기도 가평군,0,API_EXP_USD_AMT_UNVERIFIED_SCALE,https://www.data.go.kr/data/15134343/openapi.do,2026-10-07T08:12:52+09:00
2021.02,330499,41,경기도 고양시,3518,API_EXP_USD_AMT_UNVERIFIED_SCALE,https://www.data.go.kr/data/15134343/openapi.do,2026-10-07T08:12:52+09:00
2021.02,330499,41,경기도 과천시,0,API_EXP_USD_AMT_UNVERIFIED_SCALE,https://www.data.go.kr/data/15134343/openapi.do,2026-10-07T08:12:52+09:00
2021.02,330499,41,경기도 광명시,1716,API_EXP_USD_AMT_UNVERIFIED_SCALE,https://www.data.go.kr/data/15134343/openapi.do,2026-10-07T08:12:52+09:00
2021.02,330499,41,경기도 광주시,405,API_EXP_USD_AMT_UNVERIFIED_SCALE,https://www.data.go.kr/data/15134343/openapi.do,2026-10-07T08:12:52+09:00
2021.02,330499,41,경기도 구리시,1160,API_EXP_USD_AMT_UNVERIFIED_SCALE,https://www.data.go.kr/data/15134343/openapi.do,2026-10-07T08:12:52+09:00
2021.02,330499,41,경기도 군포시,164,API_EXP_USD_AMT_UNVERIFIED_SCALE,https://www.data.go.kr/data/15134343/openapi.do,2026-10-07T08:12:52+09:00
2021.02,330499,41,경기도 김포시,22646,API_EXP_USD_AMT_UNVERIFIED_SCALE,https://www.data.go.kr/data/15134343/openapi.do,2026-10-07T08:12:52+09:00
2021.02,330499,41,경기도 남양주시,1180,API_EXP_USD_AMT_UNVERIFIED_SCALE,https://www.data.go.kr/data/15134343/openapi.do,2026-10-07T08:12:52+09:00
2021.02,330499,41,경기도 동두천시,0,API_EXP_USD_AMT_UNVERIFIED_SCALE,https://www.data.go.kr/data/15134343/openapi.do,2026-10-07T08:12:52+09:00
2021.02,330499,41,경기도 부천시,4378,API_EXP_USD_AMT_UNVERIFIED_SCALE,https://www.data.go.kr/data/15134343/openapi.do,2026-10-07T08:12:52+09:00
2021.02,330499,41,경기도 성남시,15154,API_EXP_USD_AMT_UNVERIFIED_SCALE,https://www.data.go.kr/data/15134343/openapi.do,2026-10-07T08:12:52+09:00
2021.02,330499,41,경기도 수원시,3946,API_EXP_USD_AMT_UNVERIFIED_SCALE,https://www.data.go.kr/data/15134343/openapi.do,2026-10-07T08:12:52+09:00
2021.02,330499,41,경기도 시흥시,3378,API_EXP_USD_AMT_UNVERIFIED_SCALE,https://www.data.go.kr/data/15134343/openapi.do,2026-10-07T08:12:52+09:00
2021.02,330499,41,경기도 안산시,2372,API_EXP_USD_AMT_UNVERIFIED_SCALE,https://www.data.go.kr/data/15134343/openapi.do,2026-10-07T08:12:52+09:00
2021.02,330499,41,경기도 안성시,1766,API_EXP_USD_AMT_UNVERIFIED_SCALE,https://www.data.go.kr/data/15134343/openapi.do,2026-10-07T08:12:52+09:00
2021.02,330499,41,경기도 안양시,10724,API_EXP_USD_AMT_UNVERIFIED_SCALE,https://www.data.go.kr/data/15134343/openapi.do,2026-10-07T08:12:52+09:00
2021.02,330499,41,경기도 양주시,275,API_EXP_USD_AMT_UNVERIFIED_SCALE,https://www.data.go.kr/data/15134343/openapi.do,2026-10-07T08:12:52+09:00
2021.02,330499,41,경기도 양평군,5,API_EXP_USD_AMT_UNVERIFIED_SCALE,https://www.data.go.kr/data/15134343/openapi.do,2026-10-07T08:12:52+09:00
2021.02,330499,41,경기도 여주군,1855,API_EXP_USD_AMT_UNVERIFIED_SCALE,https://www.data.go.kr/data/15134343/openapi.do,2026-10-07T08:12:52+09:00
2021.02,330499,41,경기도 연천군,0,API_EXP_USD_AMT_UNVERIFIED_SCALE,https://www.data.go.kr/data/15134343/openapi.do,2026-10-07T08:12:52+09:00
2021.02,330499,41,경기도 오산시,1585,API_EXP_USD_AMT_UNVERIFIED_SCALE,https://www.data.go.kr/data/15134343/openapi.do,2026-10-07T08:12:52+09:00
2021.02,330499,41,경기도 용인시,1342,API_EXP_USD_AMT_UNVERIFIED_SCALE,https://www.data.go.kr/data/15134343/openapi.do,2026-10-07T08:12:52+09:00
2021.02,330499,41,경기도 의왕시,526,API_EXP_USD_AMT_UNVERIFIED_SCALE,https://www.data.go.kr/data/15134343/openapi.do,2026-10-07T08:12:52+09:00
2021.02,330499,41,경기도 의정부시,264,API_EXP_USD_AMT_UNVERIFIED_SCALE,https://www.data.go.kr/data/15134343/openapi.do,2026-10-07T08:12:52+09:00
2021.02,330499,41,경기도 이천시,247,API_EXP_USD_AMT_UNVERIFIED_SCALE,https://www.data.go.kr/data/15134343/openapi.do,2026-10-07T08:12:52+09:00
2021.02,330499,41,경기도 파주시,1416,API_EXP_USD_AMT_UNVERIFIED_SCALE,https://www.data.go.kr/data/15134343/openapi.do,2026-10-07T08:12:52+09:00
2021.02,330499,41,경기도 평택시,3011,API_EXP_USD_AMT_UNVERIFIED_SCALE,https://www.data.go.kr/data/15134343/openapi.do,2026-10-07T08:12:52+09:00
2021.02,330499,41,경기도 포천군,83,API_EXP_USD_AMT_UNVERIFIED_SCALE,https://www.data.go.kr/data/15134343/openapi.do,2026-10-07T08:12:52+09:00
2021.02,330499,41,경기도 하남시,283,API_EXP_USD_AMT_UNVERIFIED_SCALE,https://www.data.go.kr/data/15134343/openapi.do,2026-10-07T08:12:52+09:00
2021.02,330499,41,경기도 화성시,12530,API_EXP_USD_AMT_UNVERIFIED_SCALE,https://www.data.go.kr/data/15134343/openapi.do,2026-10-07T08:12:52+09:00
2021.02,853400,27,대구광역시 남구,0,API_EXP_USD_AMT_UNVERIFIED_SCALE,https://www.data.go.kr/data/15134343/openapi.do,2026-10-07T08:12:52+09:00
2021.02,853400,27,대구광역시 달서구,652,API_EXP_USD_AMT_UNVERIFIED_SCALE,https://www.data.go.kr/data/15134343/openapi.do,2026-10-07T08:12:52+09:00
2021.02,853400,27,대구광역시 달성군,18238,API_EXP_USD_AMT_UNVERIFIED_SCALE,https://www.data.go.kr/data/15134343/openapi.do,2026-10-07T08:12:52+09:00
2021.02,853400,27,대구광역시 동구,0,API_EXP_USD_AMT_UNVERIFIED_SCALE,https://www.data.go.kr/data/15134343/openapi.do,2026-10-07T08:12:52+09:00
2021.02,853400,27,대구광역시 북구,0,API_EXP_USD_AMT_UNVERIFIED_SCALE,https://www.data.go.kr/data/15134343/openapi.do,2026-10-07T08:12:52+09:00
2021.02,853400,27,대구광역시 서구,0,API_EXP_USD_AMT_UNVERIFIED_SCALE,https://www.data.go.kr/data/15134343/openapi.do,2026-10-07T08:12:52+09:00
2021.02,853400,27,대구광역시 수성구,0,API_EXP_USD_AMT_UNVERIFIED_SCALE,https://www.data.go.kr/data/15134343/openapi.do,2026-10-07T08:12:52+09:00
2021.02,853400,27,대구광역시 중구,0,API_EXP_USD_AMT_UNVERIFIED_SCALE,https://www.data.go.kr/data/15134343/openapi.do,2026-10-07T08:12:52+09:00
2021.02,853400,41,경기도 고양시,150,API_EXP_USD_AMT_UNVERIFIED_SCALE,https://www.data.go.kr/data/15134343/openapi.do,2026-10-07T08:12:52+09:00
2021.02,853400,41,경기도 광명시,45,API_EXP_USD_AMT_UNVERIFIED_SCALE,https://www.data.go.kr/data/15134343/openapi.do,2026-10-07T08:12:52+09:00
2021.02,853400,41,경기도 광주시,0,API_EXP_USD_AMT_UNVERIFIED_SCALE,https://www.data.go.kr/data/15134343/openapi.do,2026-10-07T08:12:52+09:00
2021.02,853400,41,경기도 구리시,0,API_EXP_USD_AMT_UNVERIFIED_SCALE,https://www.data.go.kr/data/15134343/openapi.do,2026-10-07T08:12:52+09:00
2021.02,853400,41,경기도 군포시,127,API_EXP_USD_AMT_UNVERIFIED_SCALE,https://www.data.go.kr/data/15134343/openapi.do,2026-10-07T08:12:52+09:00
2021.02,853400,41,경기도 김포시,24,API_EXP_USD_AMT_UNVERIFIED_SCALE,https://www.data.go.kr/data/15134343/openapi.do,2026-10-07T08:12:52+09:00
2021.02,853400,41,경기도 남양주시,5,API_EXP_USD_AMT_UNVERIFIED_SCALE,https://www.data.go.kr/data/15134343/openapi.do,2026-10-07T08:12:52+09:00
2021.02,853400,41,경기도 동두천시,0,API_EXP_USD_AMT_UNVERIFIED_SCALE,https://www.data.go.kr/data/15134343/openapi.do,2026-10-07T08:12:52+09:00
2021.02,853400,41,경기도 부천시,272,API_EXP_USD_AMT_UNVERIFIED_SCALE,https://www.data.go.kr/data/15134343/openapi.do,2026-10-07T08:12:52+09:00
2021.02,853400,41,경기도 성남시,1743,API_EXP_USD_AMT_UNVERIFIED_SCALE,https://www.data.go.kr/data/15134343/openapi.do,2026-10-07T08:12:52+09:00
2021.02,853400,41,경기도 수원시,38637,API_EXP_USD_AMT_UNVERIFIED_SCALE,https://www.data.go.kr/data/15134343/openapi.do,2026-10-07T08:12:52+09:00
2021.02,853400,41,경기도 시흥시,2108,API_EXP_USD_AMT_UNVERIFIED_SCALE,https://www.data.go.kr/data/15134343/openapi.do,2026-10-07T08:12:52+09:00
2021.02,853400,41,경기도 안산시,140620,API_EXP_USD_AMT_UNVERIFIED_SCALE,https://www.data.go.kr/data/15134343/openapi.do,2026-10-07T08:12:52+09:00
2021.02,853400,41,경기도 안성시,9278,API_EXP_USD_AMT_UNVERIFIED_SCALE,https://www.data.go.kr/data/15134343/openapi.do,2026-10-07T08:12:52+09:00
2021.02,853400,41,경기도 안양시,981,API_EXP_USD_AMT_UNVERIFIED_SCALE,https://www.data.go.kr/data/15134343/openapi.do,2026-10-07T08:12:52+09:00
2021.02,853400,41,경기도 양주시,0,API_EXP_USD_AMT_UNVERIFIED_SCALE,https://www.data.go.kr/data/15134343/openapi.do,2026-10-07T08:12:52+09:00
2021.02,853400,41,경기도 오산시,22,API_EXP_USD_AMT_UNVERIFIED_SCALE,https://www.data.go.kr/data/15134343/openapi.do,2026-10-07T08:12:52+09:00
2021.02,853400,41,경기도 용인시,405,API_EXP_USD_AMT_UNVERIFIED_SCALE,https://www.data.go.kr/data/15134343/openapi.do,2026-10-07T08:12:52+09:00
2021.02,853400,41,경기도 의왕시,0,API_EXP_USD_AMT_UNVERIFIED_SCALE,https://www.data.go.kr/data/15134343/openapi.do,2026-10-07T08:12:52+09:00
2021.02,853400,41,경기도 의정부시,0,API_EXP_USD_AMT_UNVERIFIED_SCALE,https://www.data.go.kr/data/15134343/openapi.do,2026-10-07T08:12:52+09:00
2021.02,853400,41,경기도 이천시,70,API_EXP_USD_AMT_UNVERIFIED_SCALE,https://www.data.go.kr/data/15134343/openapi.do,2026-10-07T08:12:52+09:00
2021.02,853400,41,경기도 파주시,1065,API_EXP_USD_AMT_UNVERIFIED_SCALE,https://www.data.go.kr/data/15134343/openapi.do,2026-10-07T08:12:52+09:00
2021.02,853400,41,경기도 평택시,2568,API_EXP_USD_AMT_UNVERIFIED_SCALE,https://www.data.go.kr/data/15134343/openapi.do,2026-10-07T08:12:52+09:00
2021.02,853400,41,경기도 포천군,3,API_EXP_USD_AMT_UNVERIFIED_SCALE,https://www.data.go.kr/data/15134343/openapi.do,2026-10-07T08:12:52+09:00
2021.02,853400,41,경기도 하남시,0,API_EXP_USD_AMT_UNVERIFIED_SCALE,https://www.data.go.kr/data/15134343/openapi.do,2026-10-07T08:12:52+09:00
2021.02,853400,41,경기도 화성시,636,API_EXP_USD_AMT_UNVERIFIED_SCALE,https://www.data.go.kr/data/15134343/openapi.do,2026-10-07T08:12:52+09:00
2021.02,853400,43,충청북도 음성군,0,API_EXP_USD_AMT_UNVERIFIED_SCALE,https://www.data.go.kr/data/15134343/openapi.do,2026-10-07T08:12:52+09:00
2021.02,853400,43,충청북도 제천시,0,API_EXP_USD_AMT_UNVERIFIED_SCALE,https://www.data.go.kr/data/15134343/openapi.do,2026-10-07T08:12:52+09:00
2021.02,853400,43,충청북도 증평군,1016,API_EXP_USD_AMT_UNVERIFIED_SCALE,https://www.data.go.kr/data/15134343/openapi.do,2026-10-07T08:12:52+09:00
2021.02,853400,43,충청북도 진천군,45,API_EXP_USD_AMT_UNVERIFIED_SCALE,https://www.data.go.kr/data/15134343/openapi.do,2026-10-07T08:12:52+09:00
2021.02,853400,43,충청북도 청주시,39875,API_EXP_USD_AMT_UNVERIFIED_SCALE,https://www.data.go.kr/data/15134343/openapi.do,2026-10-07T08:12:52+09:00
2021.03,330499,36,세종특별자치시,1833,API_EXP_USD_AMT_UNVERIFIED_SCALE,https://www.data.go.kr/data/15134343/openapi.do,2026-10-07T08:12:52+09:00
2021.03,330499,41,경기도 가평군,310,API_EXP_USD_AMT_UNVERIFIED_SCALE,https://www.data.go.kr/data/15134343/openapi.do,2026-10-07T08:12:52+09:00
2021.03,330499,41,경기도 고양시,5686,API_EXP_USD_AMT_UNVERIFIED_SCALE,https://www.data.go.kr/data/15134343/openapi.do,2026-10-07T08:12:52+09:00
2021.03,330499,41,경기도 과천시,3,API_EXP_USD_AMT_UNVERIFIED_SCALE,https://www.data.go.kr/data/15134343/openapi.do,2026-10-07T08:12:52+09:00
2021.03,330499,41,경기도 광명시,2614,API_EXP_USD_AMT_UNVERIFIED_SCALE,https://www.data.go.kr/data/15134343/openapi.do,2026-10-07T08:12:52+09:00
2021.03,330499,41,경기도 광주시,290,API_EXP_USD_AMT_UNVERIFIED_SCALE,https://www.data.go.kr/data/15134343/openapi.do,2026-10-07T08:12:52+09:00
2021.03,330499,41,경기도 구리시,1177,API_EXP_USD_AMT_UNVERIFIED_SCALE,https://www.data.go.kr/data/15134343/openapi.do,2026-10-07T08:12:52+09:00
2021.03,330499,41,경기도 군포시,232,API_EXP_USD_AMT_UNVERIFIED_SCALE,https://www.data.go.kr/data/15134343/openapi.do,2026-10-07T08:12:52+09:00
2021.03,330499,41,경기도 김포시,34583,API_EXP_USD_AMT_UNVERIFIED_SCALE,https://www.data.go.kr/data/15134343/openapi.do,2026-10-07T08:12:52+09:00
2021.03,330499,41,경기도 남양주시,2069,API_EXP_USD_AMT_UNVERIFIED_SCALE,https://www.data.go.kr/data/15134343/openapi.do,2026-10-07T08:12:52+09:00
2021.03,330499,41,경기도 동두천시,0,API_EXP_USD_AMT_UNVERIFIED_SCALE,https://www.data.go.kr/data/15134343/openapi.do,2026-10-07T08:12:52+09:00
2021.03,330499,41,경기도 부천시,6936,API_EXP_USD_AMT_UNVERIFIED_SCALE,https://www.data.go.kr/data/15134343/openapi.do,2026-10-07T08:12:52+09:00
2021.03,330499,41,경기도 성남시,15692,API_EXP_USD_AMT_UNVERIFIED_SCALE,https://www.data.go.kr/data/15134343/openapi.do,2026-10-07T08:12:52+09:00
2021.03,330499,41,경기도 수원시,3856,API_EXP_USD_AMT_UNVERIFIED_SCALE,https://www.data.go.kr/data/15134343/openapi.do,2026-10-07T08:12:52+09:00
2021.03,330499,41,경기도 시흥시,5975,API_EXP_USD_AMT_UNVERIFIED_SCALE,https://www.data.go.kr/data/15134343/openapi.do,2026-10-07T08:12:52+09:00
2021.03,330499,41,경기도 안산시,2794,API_EXP_USD_AMT_UNVERIFIED_SCALE,https://www.data.go.kr/data/15134343/openapi.do,2026-10-07T08:12:52+09:00
2021.03,330499,41,경기도 안성시,2212,API_EXP_USD_AMT_UNVERIFIED_SCALE,https://www.data.go.kr/data/15134343/openapi.do,2026-10-07T08:12:52+09:00
2021.03,330499,41,경기도 안양시,13696,API_EXP_USD_AMT_UNVERIFIED_SCALE,https://www.data.go.kr/data/15134343/openapi.do,2026-10-07T08:12:52+09:00
2021.03,330499,41,경기도 양주시,628,API_EXP_USD_AMT_UNVERIFIED_SCALE,https://www.data.go.kr/data/15134343/openapi.do,2026-10-07T08:12:52+09:00
2021.03,330499,41,경기도 양평군,54,API_EXP_USD_AMT_UNVERIFIED_SCALE,https://www.data.go.kr/data/15134343/openapi.do,2026-10-07T08:12:52+09:00
2021.03,330499,41,경기도 여주군,3102,API_EXP_USD_AMT_UNVERIFIED_SCALE,https://www.data.go.kr/data/15134343/openapi.do,2026-10-07T08:12:52+09:00
2021.03,330499,41,경기도 연천군,4,API_EXP_USD_AMT_UNVERIFIED_SCALE,https://www.data.go.kr/data/15134343/openapi.do,2026-10-07T08:12:52+09:00
2021.03,330499,41,경기도 오산시,2683,API_EXP_USD_AMT_UNVERIFIED_SCALE,https://www.data.go.kr/data/15134343/openapi.do,2026-10-07T08:12:52+09:00
2021.03,330499,41,경기도 용인시,1426,API_EXP_USD_AMT_UNVERIFIED_SCALE,https://www.data.go.kr/data/15134343/openapi.do,2026-10-07T08:12:52+09:00
2021.03,330499,41,경기도 의왕시,314,API_EXP_USD_AMT_UNVERIFIED_SCALE,https://www.data.go.kr/data/15134343/openapi.do,2026-10-07T08:12:52+09:00
2021.03,330499,41,경기도 의정부시,403,API_EXP_USD_AMT_UNVERIFIED_SCALE,https://www.data.go.kr/data/15134343/openapi.do,2026-10-07T08:12:52+09:00
2021.03,330499,41,경기도 이천시,95,API_EXP_USD_AMT_UNVERIFIED_SCALE,https://www.data.go.kr/data/15134343/openapi.do,2026-10-07T08:12:52+09:00
2021.03,330499,41,경기도 파주시,2491,API_EXP_USD_AMT_UNVERIFIED_SCALE,https://www.data.go.kr/data/15134343/openapi.do,2026-10-07T08:12:52+09:00
2021.03,330499,41,경기도 평택시,1703,API_EXP_USD_AMT_UNVERIFIED_SCALE,https://www.data.go.kr/data/15134343/openapi.do,2026-10-07T08:12:52+09:00
2021.03,330499,41,경기도 포천군,165,API_EXP_USD_AMT_UNVERIFIED_SCALE,https://www.data.go.kr/data/15134343/openapi.do,2026-10-07T08:12:52+09:00
2021.03,330499,41,경기도 하남시,596,API_EXP_USD_AMT_UNVERIFIED_SCALE,https://www.data.go.kr/data/15134343/openapi.do,2026-10-07T08:12:52+09:00
2021.03,330499,41,경기도 화성시,15009,API_EXP_USD_AMT_UNVERIFIED_SCALE,https://www.data.go.kr/data/15134343/openapi.do,2026-10-07T08:12:52+09:00
2021.03,853400,27,대구광역시 남구,0,API_EXP_USD_AMT_UNVERIFIED_SCALE,https://www.data.go.kr/data/15134343/openapi.do,2026-10-07T08:12:52+09:00
2021.03,853400,27,대구광역시 달서구,432,API_EXP_USD_AMT_UNVERIFIED_SCALE,https://www.data.go.kr/data/15134343/openapi.do,2026-10-07T08:12:52+09:00
2021.03,853400,27,대구광역시 달성군,26613,API_EXP_USD_AMT_UNVERIFIED_SCALE,https://www.data.go.kr/data/15134343/openapi.do,2026-10-07T08:12:52+09:00
2021.03,853400,27,대구광역시 동구,2,API_EXP_USD_AMT_UNVERIFIED_SCALE,https://www.data.go.kr/data/15134343/openapi.do,2026-10-07T08:12:52+09:00
2021.03,853400,27,대구광역시 북구,0,API_EXP_USD_AMT_UNVERIFIED_SCALE,https://www.data.go.kr/data/15134343/openapi.do,2026-10-07T08:12:52+09:00
2021.03,853400,27,대구광역시 수성구,0,API_EXP_USD_AMT_UNVERIFIED_SCALE,https://www.data.go.kr/data/15134343/openapi.do,2026-10-07T08:12:52+09:00
2021.03,853400,27,대구광역시 중구,0,API_EXP_USD_AMT_UNVERIFIED_SCALE,https://www.data.go.kr/data/15134343/openapi.do,2026-10-07T08:12:52+09:00
2021.03,853400,41,경기도 고양시,237,API_EXP_USD_AMT_UNVERIFIED_SCALE,https://www.data.go.kr/data/15134343/openapi.do,2026-10-07T08:12:52+09:00
2021.03,853400,41,경기도 과천시,0,API_EXP_USD_AMT_UNVERIFIED_SCALE,https://www.data.go.kr/data/15134343/openapi.do,2026-10-07T08:12:52+09:00
2021.03,853400,41,경기도 광명시,62,API_EXP_USD_AMT_UNVERIFIED_SCALE,https://www.data.go.kr/data/15134343/openapi.do,2026-10-07T08:12:52+09:00
2021.03,853400,41,경기도 광주시,0,API_EXP_USD_AMT_UNVERIFIED_SCALE,https://www.data.go.kr/data/15134343/openapi.do,2026-10-07T08:12:52+09:00
2021.03,853400,41,경기도 구리시,0,API_EXP_USD_AMT_UNVERIFIED_SCALE,https://www.data.go.kr/data/15134343/openapi.do,2026-10-07T08:12:52+09:00
2021.03,853400,41,경기도 군포시,20,API_EXP_USD_AMT_UNVERIFIED_SCALE,https://www.data.go.kr/data/15134343/openapi.do,2026-10-07T08:12:52+09:00
2021.03,853400,41,경기도 김포시,133,API_EXP_USD_AMT_UNVERIFIED_SCALE,https://www.data.go.kr/data/15134343/openapi.do,2026-10-07T08:12:52+09:00
2021.03,853400,41,경기도 남양주시,0,API_EXP_USD_AMT_UNVERIFIED_SCALE,https://www.data.go.kr/data/15134343/openapi.do,2026-10-07T08:12:52+09:00
2021.03,853400,41,경기도 동두천시,2,API_EXP_USD_AMT_UNVERIFIED_SCALE,https://www.data.go.kr/data/15134343/openapi.do,2026-10-07T08:12:52+09:00
2021.03,853400,41,경기도 부천시,352,API_EXP_USD_AMT_UNVERIFIED_SCALE,https://www.data.go.kr/data/15134343/openapi.do,2026-10-07T08:12:52+09:00
2021.03,853400,41,경기도 성남시,4158,API_EXP_USD_AMT_UNVERIFIED_SCALE,https://www.data.go.kr/data/15134343/openapi.do,2026-10-07T08:12:52+09:00
2021.03,853400,41,경기도 수원시,44874,API_EXP_USD_AMT_UNVERIFIED_SCALE,https://www.data.go.kr/data/15134343/openapi.do,2026-10-07T08:12:52+09:00
2021.03,853400,41,경기도 시흥시,2673,API_EXP_USD_AMT_UNVERIFIED_SCALE,https://www.data.go.kr/data/15134343/openapi.do,2026-10-07T08:12:52+09:00
2021.03,853400,41,경기도 안산시,157812,API_EXP_USD_AMT_UNVERIFIED_SCALE,https://www.data.go.kr/data/15134343/openapi.do,2026-10-07T08:12:52+09:00
2021.03,853400,41,경기도 안성시,10478,API_EXP_USD_AMT_UNVERIFIED_SCALE,https://www.data.go.kr/data/15134343/openapi.do,2026-10-07T08:12:52+09:00
2021.03,853400,41,경기도 안양시,1201,API_EXP_USD_AMT_UNVERIFIED_SCALE,https://www.data.go.kr/data/15134343/openapi.do,2026-10-07T08:12:52+09:00
2021.03,853400,41,경기도 양주시,0,API_EXP_USD_AMT_UNVERIFIED_SCALE,https://www.data.go.kr/data/15134343/openapi.do,2026-10-07T08:12:52+09:00
2021.03,853400,41,경기도 양평군,6,API_EXP_USD_AMT_UNVERIFIED_SCALE,https://www.data.go.kr/data/15134343/openapi.do,2026-10-07T08:12:52+09:00
2021.03,853400,41,경기도 여주군,0,API_EXP_USD_AMT_UNVERIFIED_SCALE,https://www.data.go.kr/data/15134343/openapi.do,2026-10-07T08:12:52+09:00
2021.03,853400,41,경기도 연천군,0,API_EXP_USD_AMT_UNVERIFIED_SCALE,https://www.data.go.kr/data/15134343/openapi.do,2026-10-07T08:12:52+09:00
2021.03,853400,41,경기도 오산시,15,API_EXP_USD_AMT_UNVERIFIED_SCALE,https://www.data.go.kr/data/15134343/openapi.do,2026-10-07T08:12:52+09:00
2021.03,853400,41,경기도 용인시,453,API_EXP_USD_AMT_UNVERIFIED_SCALE,https://www.data.go.kr/data/15134343/openapi.do,2026-10-07T08:12:52+09:00
2021.03,853400,41,경기도 의왕시,0,API_EXP_USD_AMT_UNVERIFIED_SCALE,https://www.data.go.kr/data/15134343/openapi.do,2026-10-07T08:12:52+09:00
2021.03,853400,41,경기도 의정부시,0,API_EXP_USD_AMT_UNVERIFIED_SCALE,https://www.data.go.kr/data/15134343/openapi.do,2026-10-07T08:12:52+09:00
2021.03,853400,41,경기도 이천시,394,API_EXP_USD_AMT_UNVERIFIED_SCALE,https://www.data.go.kr/data/15134343/openapi.do,2026-10-07T08:12:52+09:00
2021.03,853400,41,경기도 파주시,1081,API_EXP_USD_AMT_UNVERIFIED_SCALE,https://www.data.go.kr/data/15134343/openapi.do,2026-10-07T08:12:52+09:00
2021.03,853400,41,경기도 평택시,3287,API_EXP_USD_AMT_UNVERIFIED_SCALE,https://www.data.go.kr/data/15134343/openapi.do,2026-10-07T08:12:52+09:00
2021.03,853400,41,경기도 포천군,0,API_EXP_USD_AMT_UNVERIFIED_SCALE,https://www.data.go.kr/data/15134343/openapi.do,2026-10-07T08:12:52+09:00
2021.03,853400,41,경기도 하남시,0,API_EXP_USD_AMT_UNVERIFIED_SCALE,https://www.data.go.kr/data/15134343/openapi.do,2026-10-07T08:12:52+09:00
2021.03,853400,41,경기도 화성시,755,API_EXP_USD_AMT_UNVERIFIED_SCALE,https://www.data.go.kr/data/15134343/openapi.do,2026-10-07T08:12:52+09:00
2021.03,853400,43,충청북도 음성군,49,API_EXP_USD_AMT_UNVERIFIED_SCALE,https://www.data.go.kr/data/15134343/openapi.do,2026-10-07T08:12:52+09:00
2021.03,853400,43,충청북도 제천시,2,API_EXP_USD_AMT_UNVERIFIED_SCALE,https://www.data.go.kr/data/15134343/openapi.do,2026-10-07T08:12:52+09:00
2021.03,853400,43,충청북도 증평군,1071,API_EXP_USD_AMT_UNVERIFIED_SCALE,https://www.data.go.kr/data/15134343/openapi.do,2026-10-07T08:12:52+09:00
2021.03,853400,43,충청북도 진천군,110,API_EXP_USD_AMT_UNVERIFIED_SCALE,https://www.data.go.kr/data/15134343/openapi.do,2026-10-07T08:12:52+09:00
2021.03,853400,43,충청북도 청주시,48909,API_EXP_USD_AMT_UNVERIFIED_SCALE,https://www.data.go.kr/data/15134343/openapi.do,2026-10-07T08:12:52+09:00
2021.03,853400,43,충청북도 충주시,0,API_EXP_USD_AMT_UNVERIFIED_SCALE,https://www.data.go.kr/data/15134343/openapi.do,2026-10-07T08:12:52+09:00
2021.04,330499,36,세종특별자치시,2015,API_EXP_USD_AMT_UNVERIFIED_SCALE,https://www.data.go.kr/data/15134343/openapi.do,2026-10-07T08:12:52+09:00
2021.04,330499,41,경기도 가평군,16,API_EXP_USD_AMT_UNVERIFIED_SCALE,https://www.data.go.kr/data/15134343/openapi.do,2026-10-07T08:12:52+09:00
2021.04,330499,41,경기도 고양시,6441,API_EXP_USD_AMT_UNVERIFIED_SCALE,https://www.data.go.kr/data/15134343/openapi.do,2026-10-07T08:12:52+09:00
2021.04,330499,41,경기도 과천시,6,API_EXP_USD_AMT_UNVERIFIED_SCALE,https://www.data.go.kr/data/15134343/openapi.do,2026-10-07T08:12:52+09:00
2021.04,330499,41,경기도 광명시,1014,API_EXP_USD_AMT_UNVERIFIED_SCALE,https://www.data.go.kr/data/15134343/openapi.do,2026-10-07T08:12:52+09:00
2021.04,330499,41,경기도 광주시,579,API_EXP_USD_AMT_UNVERIFIED_SCALE,https://www.data.go.kr/data/15134343/openapi.do,2026-10-07T08:12:52+09:00
2021.04,330499,41,경기도 구리시,545,API_EXP_USD_AMT_UNVERIFIED_SCALE,https://www.data.go.kr/data/15134343/openapi.do,2026-10-07T08:12:52+09:00
2021.04,330499,41,경기도 군포시,216,API_EXP_USD_AMT_UNVERIFIED_SCALE,https://www.data.go.kr/data/15134343/openapi.do,2026-10-07T08:12:52+09:00
2021.04,330499,41,경기도 김포시,30256,API_EXP_USD_AMT_UNVERIFIED_SCALE,https://www.data.go.kr/data/15134343/openapi.do,2026-10-07T08:12:52+09:00
2021.04,330499,41,경기도 남양주시,2423,API_EXP_USD_AMT_UNVERIFIED_SCALE,https://www.data.go.kr/data/15134343/openapi.do,2026-10-07T08:12:52+09:00
2021.04,330499,41,경기도 동두천시,0,API_EXP_USD_AMT_UNVERIFIED_SCALE,https://www.data.go.kr/data/15134343/openapi.do,2026-10-07T08:12:52+09:00
2021.04,330499,41,경기도 부천시,6908,API_EXP_USD_AMT_UNVERIFIED_SCALE,https://www.data.go.kr/data/15134343/openapi.do,2026-10-07T08:12:52+09:00
2021.04,330499,41,경기도 성남시,12684,API_EXP_USD_AMT_UNVERIFIED_SCALE,https://www.data.go.kr/data/15134343/openapi.do,2026-10-07T08:12:52+09:00
2021.04,330499,41,경기도 수원시,4197,API_EXP_USD_AMT_UNVERIFIED_SCALE,https://www.data.go.kr/data/15134343/openapi.do,2026-10-07T08:12:52+09:00
2021.04,330499,41,경기도 시흥시,7604,API_EXP_USD_AMT_UNVERIFIED_SCALE,https://www.data.go.kr/data/15134343/openapi.do,2026-10-07T08:12:52+09:00
2021.04,330499,41,경기도 안산시,2869,API_EXP_USD_AMT_UNVERIFIED_SCALE,https://www.data.go.kr/data/15134343/openapi.do,2026-10-07T08:12:52+09:00
2021.04,330499,41,경기도 안성시,1959,API_EXP_USD_AMT_UNVERIFIED_SCALE,https://www.data.go.kr/data/15134343/openapi.do,2026-10-07T08:12:52+09:00
2021.04,330499,41,경기도 안양시,8268,API_EXP_USD_AMT_UNVERIFIED_SCALE,https://www.data.go.kr/data/15134343/openapi.do,2026-10-07T08:12:52+09:00
2021.04,330499,41,경기도 양주시,2459,API_EXP_USD_AMT_UNVERIFIED_SCALE,https://www.data.go.kr/data/15134343/openapi.do,2026-10-07T08:12:52+09:00
2021.04,330499,41,경기도 양평군,61,API_EXP_USD_AMT_UNVERIFIED_SCALE,https://www.data.go.kr/data/15134343/openapi.do,2026-10-07T08:12:52+09:00
2021.04,330499,41,경기도 여주군,2092,API_EXP_USD_AMT_UNVERIFIED_SCALE,https://www.data.go.kr/data/15134343/openapi.do,2026-10-07T08:12:52+09:00
2021.04,330499,41,경기도 연천군,0,API_EXP_USD_AMT_UNVERIFIED_SCALE,https://www.data.go.kr/data/15134343/openapi.do,2026-10-07T08:12:52+09:00
2021.04,330499,41,경기도 오산시,2189,API_EXP_USD_AMT_UNVERIFIED_SCALE,https://www.data.go.kr/data/15134343/openapi.do,2026-10-07T08:12:52+09:00
2021.04,330499,41,경기도 용인시,1512,API_EXP_USD_AMT_UNVERIFIED_SCALE,https://www.data.go.kr/data/15134343/openapi.do,2026-10-07T08:12:52+09:00
2021.04,330499,41,경기도 의왕시,441,API_EXP_USD_AMT_UNVERIFIED_SCALE,https://www.data.go.kr/data/15134343/openapi.do,2026-10-07T08:12:52+09:00
2021.04,330499,41,경기도 의정부시,128,API_EXP_USD_AMT_UNVERIFIED_SCALE,https://www.data.go.kr/data/15134343/openapi.do,2026-10-07T08:12:52+09:00
2021.04,330499,41,경기도 이천시,273,API_EXP_USD_AMT_UNVERIFIED_SCALE,https://www.data.go.kr/data/15134343/openapi.do,2026-10-07T08:12:52+09:00
2021.04,330499,41,경기도 파주시,1480,API_EXP_USD_AMT_UNVERIFIED_SCALE,https://www.data.go.kr/data/15134343/openapi.do,2026-10-07T08:12:52+09:00
2021.04,330499,41,경기도 평택시,1829,API_EXP_USD_AMT_UNVERIFIED_SCALE,https://www.data.go.kr/data/15134343/openapi.do,2026-10-07T08:12:52+09:00
2021.04,330499,41,경기도 포천군,175,API_EXP_USD_AMT_UNVERIFIED_SCALE,https://www.data.go.kr/data/15134343/openapi.do,2026-10-07T08:12:52+09:00
2021.04,330499,41,경기도 하남시,533,API_EXP_USD_AMT_UNVERIFIED_SCALE,https://www.data.go.kr/data/15134343/openapi.do,2026-10-07T08:12:52+09:00
2021.04,330499,41,경기도 화성시,20484,API_EXP_USD_AMT_UNVERIFIED_SCALE,https://www.data.go.kr/data/15134343/openapi.do,2026-10-07T08:12:52+09:00
2021.04,853400,27,대구광역시 남구,0,API_EXP_USD_AMT_UNVERIFIED_SCALE,https://www.data.go.kr/data/15134343/openapi.do,2026-10-07T08:12:52+09:00
2021.04,853400,27,대구광역시 달서구,378,API_EXP_USD_AMT_UNVERIFIED_SCALE,https://www.data.go.kr/data/15134343/openapi.do,2026-10-07T08:12:52+09:00
2021.04,853400,27,대구광역시 달성군,28729,API_EXP_USD_AMT_UNVERIFIED_SCALE,https://www.data.go.kr/data/15134343/openapi.do,2026-10-07T08:12:52+09:00
2021.04,853400,27,대구광역시 동구,2,API_EXP_USD_AMT_UNVERIFIED_SCALE,https://www.data.go.kr/data/15134343/openapi.do,2026-10-07T08:12:52+09:00
2021.04,853400,27,대구광역시 북구,0,API_EXP_USD_AMT_UNVERIFIED_SCALE,https://www.data.go.kr/data/15134343/openapi.do,2026-10-07T08:12:52+09:00
2021.04,853400,27,대구광역시 서구,0,API_EXP_USD_AMT_UNVERIFIED_SCALE,https://www.data.go.kr/data/15134343/openapi.do,2026-10-07T08:12:52+09:00
2021.04,853400,27,대구광역시 수성구,0,API_EXP_USD_AMT_UNVERIFIED_SCALE,https://www.data.go.kr/data/15134343/openapi.do,2026-10-07T08:12:52+09:00
2021.04,853400,41,경기도 가평군,0,API_EXP_USD_AMT_UNVERIFIED_SCALE,https://www.data.go.kr/data/15134343/openapi.do,2026-10-07T08:12:52+09:00
2021.04,853400,41,경기도 고양시,225,API_EXP_USD_AMT_UNVERIFIED_SCALE,https://www.data.go.kr/data/15134343/openapi.do,2026-10-07T08:12:52+09:00
2021.04,853400,41,경기도 과천시,0,API_EXP_USD_AMT_UNVERIFIED_SCALE,https://www.data.go.kr/data/15134343/openapi.do,2026-10-07T08:12:52+09:00
2021.04,853400,41,경기도 광명시,22,API_EXP_USD_AMT_UNVERIFIED_SCALE,https://www.data.go.kr/data/15134343/openapi.do,2026-10-07T08:12:52+09:00
2021.04,853400,41,경기도 광주시,0,API_EXP_USD_AMT_UNVERIFIED_SCALE,https://www.data.go.kr/data/15134343/openapi.do,2026-10-07T08:12:52+09:00
2021.04,853400,41,경기도 구리시,0,API_EXP_USD_AMT_UNVERIFIED_SCALE,https://www.data.go.kr/data/15134343/openapi.do,2026-10-07T08:12:52+09:00
2021.04,853400,41,경기도 군포시,33,API_EXP_USD_AMT_UNVERIFIED_SCALE,https://www.data.go.kr/data/15134343/openapi.do,2026-10-07T08:12:52+09:00
2021.04,853400,41,경기도 김포시,80,API_EXP_USD_AMT_UNVERIFIED_SCALE,https://www.data.go.kr/data/15134343/openapi.do,2026-10-07T08:12:52+09:00
2021.04,853400,41,경기도 남양주시,0,API_EXP_USD_AMT_UNVERIFIED_SCALE,https://www.data.go.kr/data/15134343/openapi.do,2026-10-07T08:12:52+09:00
2021.04,853400,41,경기도 동두천시,0,API_EXP_USD_AMT_UNVERIFIED_SCALE,https://www.data.go.kr/data/15134343/openapi.do,2026-10-07T08:12:52+09:00
2021.04,853400,41,경기도 부천시,458,API_EXP_USD_AMT_UNVERIFIED_SCALE,https://www.data.go.kr/data/15134343/openapi.do,2026-10-07T08:12:52+09:00
2021.04,853400,41,경기도 성남시,3369,API_EXP_USD_AMT_UNVERIFIED_SCALE,https://www.data.go.kr/data/15134343/openapi.do,2026-10-07T08:12:52+09:00
2021.04,853400,41,경기도 수원시,43247,API_EXP_USD_AMT_UNVERIFIED_SCALE,https://www.data.go.kr/data/15134343/openapi.do,2026-10-07T08:12:52+09:00
2021.04,853400,41,경기도 시흥시,2706,API_EXP_USD_AMT_UNVERIFIED_SCALE,https://www.data.go.kr/data/15134343/openapi.do,2026-10-07T08:12:52+09:00
2021.04,853400,41,경기도 안산시,124904,API_EXP_USD_AMT_UNVERIFIED_SCALE,https://www.data.go.kr/data/15134343/openapi.do,2026-10-07T08:12:52+09:00
2021.04,853400,41,경기도 안성시,10456,API_EXP_USD_AMT_UNVERIFIED_SCALE,https://www.data.go.kr/data/15134343/openapi.do,2026-10-07T08:12:52+09:00
2021.04,853400,41,경기도 안양시,1052,API_EXP_USD_AMT_UNVERIFIED_SCALE,https://www.data.go.kr/data/15134343/openapi.do,2026-10-07T08:12:52+09:00
2021.04,853400,41,경기도 양주시,0,API_EXP_USD_AMT_UNVERIFIED_SCALE,https://www.data.go.kr/data/15134343/openapi.do,2026-10-07T08:12:52+09:00
2021.04,853400,41,경기도 오산시,5,API_EXP_USD_AMT_UNVERIFIED_SCALE,https://www.data.go.kr/data/15134343/openapi.do,2026-10-07T08:12:52+09:00
2021.04,853400,41,경기도 용인시,698,API_EXP_USD_AMT_UNVERIFIED_SCALE,https://www.data.go.kr/data/15134343/openapi.do,2026-10-07T08:12:52+09:00
2021.04,853400,41,경기도 의왕시,0,API_EXP_USD_AMT_UNVERIFIED_SCALE,https://www.data.go.kr/data/15134343/openapi.do,2026-10-07T08:12:52+09:00
2021.04,853400,41,경기도 의정부시,0,API_EXP_USD_AMT_UNVERIFIED_SCALE,https://www.data.go.kr/data/15134343/openapi.do,2026-10-07T08:12:52+09:00
2021.04,853400,41,경기도 이천시,358,API_EXP_USD_AMT_UNVERIFIED_SCALE,https://www.data.go.kr/data/15134343/openapi.do,2026-10-07T08:12:52+09:00
2021.04,853400,41,경기도 파주시,1369,API_EXP_USD_AMT_UNVERIFIED_SCALE,https://www.data.go.kr/data/15134343/openapi.do,2026-10-07T08:12:52+09:00
2021.04,853400,41,경기도 평택시,3217,API_EXP_USD_AMT_UNVERIFIED_SCALE,https://www.data.go.kr/data/15134343/openapi.do,2026-10-07T08:12:52+09:00
2021.04,853400,41,경기도 포천군,0,API_EXP_USD_AMT_UNVERIFIED_SCALE,https://www.data.go.kr/data/15134343/openapi.do,2026-10-07T08:12:52+09:00
2021.04,853400,41,경기도 하남시,0,API_EXP_USD_AMT_UNVERIFIED_SCALE,https://www.data.go.kr/data/15134343/openapi.do,2026-10-07T08:12:52+09:00
2021.04,853400,41,경기도 화성시,1021,API_EXP_USD_AMT_UNVERIFIED_SCALE,https://www.data.go.kr/data/15134343/openapi.do,2026-10-07T08:12:52+09:00
2021.04,853400,43,충청북도 음성군,37,API_EXP_USD_AMT_UNVERIFIED_SCALE,https://www.data.go.kr/data/15134343/openapi.do,2026-10-07T08:12:52+09:00
2021.04,853400,43,충청북도 증평군,1266,API_EXP_USD_AMT_UNVERIFIED_SCALE,https://www.data.go.kr/data/15134343/openapi.do,2026-10-07T08:12:52+09:00
2021.04,853400,43,충청북도 진천군,76,API_EXP_USD_AMT_UNVERIFIED_SCALE,https://www.data.go.kr/data/15134343/openapi.do,2026-10-07T08:12:52+09:00
2021.04,853400,43,충청북도 청주시,48734,API_EXP_USD_AMT_UNVERIFIED_SCALE,https://www.data.go.kr/data/15134343/openapi.do,2026-10-07T08:12:52+09:00
2021.04,853400,43,충청북도 충주시,0,API_EXP_USD_AMT_UNVERIFIED_SCALE,https://www.data.go.kr/data/15134343/openapi.do,2026-10-07T08:12:52+09:00
2021.05,330499,36,세종특별자치시,1970,API_EXP_USD_AMT_UNVERIFIED_SCALE,https://www.data.go.kr/data/15134343/openapi.do,2026-10-07T08:12:52+09:00
2021.05,330499,41,경기도 가평군,60,API_EXP_USD_AMT_UNVERIFIED_SCALE,https://www.data.go.kr/data/15134343/openapi.do,2026-10-07T08:12:52+09:00
2021.05,330499,41,경기도 고양시,3963,API_EXP_USD_AMT_UNVERIFIED_SCALE,https://www.data.go.kr/data/15134343/openapi.do,2026-10-07T08:12:52+09:00
2021.05,330499,41,경기도 과천시,0,API_EXP_USD_AMT_UNVERIFIED_SCALE,https://www.data.go.kr/data/15134343/openapi.do,2026-10-07T08:12:52+09:00
2021.05,330499,41,경기도 광명시,930,API_EXP_USD_AMT_UNVERIFIED_SCALE,https://www.data.go.kr/data/15134343/openapi.do,2026-10-07T08:12:52+09:00
2021.05,330499,41,경기도 광주시,193,API_EXP_USD_AMT_UNVERIFIED_SCALE,https://www.data.go.kr/data/15134343/openapi.do,2026-10-07T08:12:52+09:00
2021.05,330499,41,경기도 구리시,950,API_EXP_USD_AMT_UNVERIFIED_SCALE,https://www.data.go.kr/data/15134343/openapi.do,2026-10-07T08:12:52+09:00
2021.05,330499,41,경기도 군포시,439,API_EXP_USD_AMT_UNVERIFIED_SCALE,https://www.data.go.kr/data/15134343/openapi.do,2026-10-07T08:12:52+09:00
2021.05,330499,41,경기도 김포시,26658,API_EXP_USD_AMT_UNVERIFIED_SCALE,https://www.data.go.kr/data/15134343/openapi.do,2026-10-07T08:12:52+09:00
2021.05,330499,41,경기도 남양주시,1916,API_EXP_USD_AMT_UNVERIFIED_SCALE,https://www.data.go.kr/data/15134343/openapi.do,2026-10-07T08:12:52+09:00
2021.05,330499,41,경기도 동두천시,0,API_EXP_USD_AMT_UNVERIFIED_SCALE,https://www.data.go.kr/data/15134343/openapi.do,2026-10-07T08:12:52+09:00
2021.05,330499,41,경기도 부천시,6289,API_EXP_USD_AMT_UNVERIFIED_SCALE,https://www.data.go.kr/data/15134343/openapi.do,2026-10-07T08:12:52+09:00
2021.05,330499,41,경기도 성남시,11520,API_EXP_USD_AMT_UNVERIFIED_SCALE,https://www.data.go.kr/data/15134343/openapi.do,2026-10-07T08:12:52+09:00
2021.05,330499,41,경기도 수원시,3739,API_EXP_USD_AMT_UNVERIFIED_SCALE,https://www.data.go.kr/data/15134343/openapi.do,2026-10-07T08:12:52+09:00
2021.05,330499,41,경기도 시흥시,6885,API_EXP_USD_AMT_UNVERIFIED_SCALE,https://www.data.go.kr/data/15134343/openapi.do,2026-10-07T08:12:52+09:00
2021.05,330499,41,경기도 안산시,2483,API_EXP_USD_AMT_UNVERIFIED_SCALE,https://www.data.go.kr/data/15134343/openapi.do,2026-10-07T08:12:52+09:00
2021.05,330499,41,경기도 안성시,1423,API_EXP_USD_AMT_UNVERIFIED_SCALE,https://www.data.go.kr/data/15134343/openapi.do,2026-10-07T08:12:52+09:00
2021.05,330499,41,경기도 안양시,10603,API_EXP_USD_AMT_UNVERIFIED_SCALE,https://www.data.go.kr/data/15134343/openapi.do,2026-10-07T08:12:52+09:00
2021.05,330499,41,경기도 양주시,829,API_EXP_USD_AMT_UNVERIFIED_SCALE,https://www.data.go.kr/data/15134343/openapi.do,2026-10-07T08:12:52+09:00
2021.05,330499,41,경기도 양평군,48,API_EXP_USD_AMT_UNVERIFIED_SCALE,https://www.data.go.kr/data/15134343/openapi.do,2026-10-07T08:12:52+09:00
2021.05,330499,41,경기도 여주군,1411,API_EXP_USD_AMT_UNVERIFIED_SCALE,https://www.data.go.kr/data/15134343/openapi.do,2026-10-07T08:12:52+09:00
2021.05,330499,41,경기도 연천군,0,API_EXP_USD_AMT_UNVERIFIED_SCALE,https://www.data.go.kr/data/15134343/openapi.do,2026-10-07T08:12:52+09:00
2021.05,330499,41,경기도 오산시,2778,API_EXP_USD_AMT_UNVERIFIED_SCALE,https://www.data.go.kr/data/15134343/openapi.do,2026-10-07T08:12:52+09:00
2021.05,330499,41,경기도 용인시,1673,API_EXP_USD_AMT_UNVERIFIED_SCALE,https://www.data.go.kr/data/15134343/openapi.do,2026-10-07T08:12:52+09:00
2021.05,330499,41,경기도 의왕시,504,API_EXP_USD_AMT_UNVERIFIED_SCALE,https://www.data.go.kr/data/15134343/openapi.do,2026-10-07T08:12:52+09:00
2021.05,330499,41,경기도 의정부시,371,API_EXP_USD_AMT_UNVERIFIED_SCALE,https://www.data.go.kr/data/15134343/openapi.do,2026-10-07T08:12:52+09:00
2021.05,330499,41,경기도 이천시,191,API_EXP_USD_AMT_UNVERIFIED_SCALE,https://www.data.go.kr/data/15134343/openapi.do,2026-10-07T08:12:52+09:00
2021.05,330499,41,경기도 파주시,2053,API_EXP_USD_AMT_UNVERIFIED_SCALE,https://www.data.go.kr/data/15134343/openapi.do,2026-10-07T08:12:52+09:00
2021.05,330499,41,경기도 평택시,2474,API_EXP_USD_AMT_UNVERIFIED_SCALE,https://www.data.go.kr/data/15134343/openapi.do,2026-10-07T08:12:52+09:00
2021.05,330499,41,경기도 포천군,320,API_EXP_USD_AMT_UNVERIFIED_SCALE,https://www.data.go.kr/data/15134343/openapi.do,2026-10-07T08:12:52+09:00
2021.05,330499,41,경기도 하남시,515,API_EXP_USD_AMT_UNVERIFIED_SCALE,https://www.data.go.kr/data/15134343/openapi.do,2026-10-07T08:12:52+09:00
2021.05,330499,41,경기도 화성시,16510,API_EXP_USD_AMT_UNVERIFIED_SCALE,https://www.data.go.kr/data/15134343/openapi.do,2026-10-07T08:12:52+09:00
2021.05,853400,27,대구광역시 남구,0,API_EXP_USD_AMT_UNVERIFIED_SCALE,https://www.data.go.kr/data/15134343/openapi.do,2026-10-07T08:12:52+09:00
2021.05,853400,27,대구광역시 달서구,522,API_EXP_USD_AMT_UNVERIFIED_SCALE,https://www.data.go.kr/data/15134343/openapi.do,2026-10-07T08:12:52+09:00
2021.05,853400,27,대구광역시 달성군,26787,API_EXP_USD_AMT_UNVERIFIED_SCALE,https://www.data.go.kr/data/15134343/openapi.do,2026-10-07T08:12:52+09:00
2021.05,853400,27,대구광역시 동구,0,API_EXP_USD_AMT_UNVERIFIED_SCALE,https://www.data.go.kr/data/15134343/openapi.do,2026-10-07T08:12:52+09:00
2021.05,853400,27,대구광역시 북구,0,API_EXP_USD_AMT_UNVERIFIED_SCALE,https://www.data.go.kr/data/15134343/openapi.do,2026-10-07T08:12:52+09:00
2021.05,853400,27,대구광역시 서구,0,API_EXP_USD_AMT_UNVERIFIED_SCALE,https://www.data.go.kr/data/15134343/openapi.do,2026-10-07T08:12:52+09:00
2021.05,853400,27,대구광역시 수성구,0,API_EXP_USD_AMT_UNVERIFIED_SCALE,https://www.data.go.kr/data/15134343/openapi.do,2026-10-07T08:12:52+09:00
2021.05,853400,27,대구광역시 중구,0,API_EXP_USD_AMT_UNVERIFIED_SCALE,https://www.data.go.kr/data/15134343/openapi.do,2026-10-07T08:12:52+09:00
2021.05,853400,41,경기도 가평군,0,API_EXP_USD_AMT_UNVERIFIED_SCALE,https://www.data.go.kr/data/15134343/openapi.do,2026-10-07T08:12:52+09:00
2021.05,853400,41,경기도 고양시,163,API_EXP_USD_AMT_UNVERIFIED_SCALE,https://www.data.go.kr/data/15134343/openapi.do,2026-10-07T08:12:52+09:00
2021.05,853400,41,경기도 광명시,22,API_EXP_USD_AMT_UNVERIFIED_SCALE,https://www.data.go.kr/data/15134343/openapi.do,2026-10-07T08:12:52+09:00
2021.05,853400,41,경기도 광주시,0,API_EXP_USD_AMT_UNVERIFIED_SCALE,https://www.data.go.kr/data/15134343/openapi.do,2026-10-07T08:12:52+09:00
2021.05,853400,41,경기도 군포시,162,API_EXP_USD_AMT_UNVERIFIED_SCALE,https://www.data.go.kr/data/15134343/openapi.do,2026-10-07T08:12:52+09:00
2021.05,853400,41,경기도 김포시,67,API_EXP_USD_AMT_UNVERIFIED_SCALE,https://www.data.go.kr/data/15134343/openapi.do,2026-10-07T08:12:52+09:00
2021.05,853400,41,경기도 남양주시,0,API_EXP_USD_AMT_UNVERIFIED_SCALE,https://www.data.go.kr/data/15134343/openapi.do,2026-10-07T08:12:52+09:00
2021.05,853400,41,경기도 동두천시,0,API_EXP_USD_AMT_UNVERIFIED_SCALE,https://www.data.go.kr/data/15134343/openapi.do,2026-10-07T08:12:52+09:00
2021.05,853400,41,경기도 부천시,391,API_EXP_USD_AMT_UNVERIFIED_SCALE,https://www.data.go.kr/data/15134343/openapi.do,2026-10-07T08:12:52+09:00
2021.05,853400,41,경기도 성남시,3024,API_EXP_USD_AMT_UNVERIFIED_SCALE,https://www.data.go.kr/data/15134343/openapi.do,2026-10-07T08:12:52+09:00
2021.05,853400,41,경기도 수원시,46893,API_EXP_USD_AMT_UNVERIFIED_SCALE,https://www.data.go.kr/data/15134343/openapi.do,2026-10-07T08:12:52+09:00
2021.05,853400,41,경기도 시흥시,2737,API_EXP_USD_AMT_UNVERIFIED_SCALE,https://www.data.go.kr/data/15134343/openapi.do,2026-10-07T08:12:52+09:00
2021.05,853400,41,경기도 안산시,123093,API_EXP_USD_AMT_UNVERIFIED_SCALE,https://www.data.go.kr/data/15134343/openapi.do,2026-10-07T08:12:52+09:00
2021.05,853400,41,경기도 안성시,11412,API_EXP_USD_AMT_UNVERIFIED_SCALE,https://www.data.go.kr/data/15134343/openapi.do,2026-10-07T08:12:52+09:00
2021.05,853400,41,경기도 안양시,799,API_EXP_USD_AMT_UNVERIFIED_SCALE,https://www.data.go.kr/data/15134343/openapi.do,2026-10-07T08:12:52+09:00
2021.05,853400,41,경기도 양주시,0,API_EXP_USD_AMT_UNVERIFIED_SCALE,https://www.data.go.kr/data/15134343/openapi.do,2026-10-07T08:12:52+09:00
2021.05,853400,41,경기도 여주군,1,API_EXP_USD_AMT_UNVERIFIED_SCALE,https://www.data.go.kr/data/15134343/openapi.do,2026-10-07T08:12:52+09:00
2021.05,853400,41,경기도 오산시,3,API_EXP_USD_AMT_UNVERIFIED_SCALE,https://www.data.go.kr/data/15134343/openapi.do,2026-10-07T08:12:52+09:00
2021.05,853400,41,경기도 용인시,402,API_EXP_USD_AMT_UNVERIFIED_SCALE,https://www.data.go.kr/data/15134343/openapi.do,2026-10-07T08:12:52+09:00
2021.05,853400,41,경기도 의왕시,0,API_EXP_USD_AMT_UNVERIFIED_SCALE,https://www.data.go.kr/data/15134343/openapi.do,2026-10-07T08:12:52+09:00
2021.05,853400,41,경기도 의정부시,0,API_EXP_USD_AMT_UNVERIFIED_SCALE,https://www.data.go.kr/data/15134343/openapi.do,2026-10-07T08:12:52+09:00
2021.05,853400,41,경기도 이천시,280,API_EXP_USD_AMT_UNVERIFIED_SCALE,https://www.data.go.kr/data/15134343/openapi.do,2026-10-07T08:12:52+09:00
2021.05,853400,41,경기도 파주시,1627,API_EXP_USD_AMT_UNVERIFIED_SCALE,https://www.data.go.kr/data/15134343/openapi.do,2026-10-07T08:12:52+09:00
2021.05,853400,41,경기도 평택시,2841,API_EXP_USD_AMT_UNVERIFIED_SCALE,https://www.data.go.kr/data/15134343/openapi.do,2026-10-07T08:12:52+09:00
2021.05,853400,41,경기도 포천군,0,API_EXP_USD_AMT_UNVERIFIED_SCALE,https://www.data.go.kr/data/15134343/openapi.do,2026-10-07T08:12:52+09:00
2021.05,853400,41,경기도 하남시,0,API_EXP_USD_AMT_UNVERIFIED_SCALE,https://www.data.go.kr/data/15134343/openapi.do,2026-10-07T08:12:52+09:00
2021.05,853400,41,경기도 화성시,687,API_EXP_USD_AMT_UNVERIFIED_SCALE,https://www.data.go.kr/data/15134343/openapi.do,2026-10-07T08:12:52+09:00
2021.05,853400,43,충청북도 음성군,25,API_EXP_USD_AMT_UNVERIFIED_SCALE,https://www.data.go.kr/data/15134343/openapi.do,2026-10-07T08:12:52+09:00
2021.05,853400,43,충청북도 제천시,14,API_EXP_USD_AMT_UNVERIFIED_SCALE,https://www.data.go.kr/data/15134343/openapi.do,2026-10-07T08:12:52+09:00
2021.05,853400,43,충청북도 증평군,1373,API_EXP_USD_AMT_UNVERIFIED_SCALE,https://www.data.go.kr/data/15134343/openapi.do,2026-10-07T08:12:52+09:00
2021.05,853400,43,충청북도 진천군,36,API_EXP_USD_AMT_UNVERIFIED_SCALE,https://www.data.go.kr/data/15134343/openapi.do,2026-10-07T08:12:52+09:00
2021.05,853400,43,충청북도 청주시,53382,API_EXP_USD_AMT_UNVERIFIED_SCALE,https://www.data.go.kr/data/15134343/openapi.do,2026-10-07T08:12:52+09:00
2021.05,853400,43,충청북도 충주시,0,API_EXP_USD_AMT_UNVERIFIED_SCALE,https://www.data.go.kr/data/15134343/openapi.do,2026-10-07T08:12:52+09:00
2021.06,330499,36,세종특별자치시,2129,API_EXP_USD_AMT_UNVERIFIED_SCALE,https://www.data.go.kr/data/15134343/openapi.do,2026-10-07T08:12:52+09:00
2021.06,330499,41,경기도 가평군,0,API_EXP_USD_AMT_UNVERIFIED_SCALE,https://www.data.go.kr/data/15134343/openapi.do,2026-10-07T08:12:52+09:00
2021.06,330499,41,경기도 고양시,5354,API_EXP_USD_AMT_UNVERIFIED_SCALE,https://www.data.go.kr/data/15134343/openapi.do,2026-10-07T08:12:52+09:00
2021.06,330499,41,경기도 과천시,13,API_EXP_USD_AMT_UNVERIFIED_SCALE,https://www.data.go.kr/data/15134343/openapi.do,2026-10-07T08:12:52+09:00
2021.06,330499,41,경기도 광명시,1204,API_EXP_USD_AMT_UNVERIFIED_SCALE,https://www.data.go.kr/data/15134343/openapi.do,2026-10-07T08:12:52+09:00
2021.06,330499,41,경기도 광주시,204,API_EXP_USD_AMT_UNVERIFIED_SCALE,https://www.data.go.kr/data/15134343/openapi.do,2026-10-07T08:12:52+09:00
2021.06,330499,41,경기도 구리시,658,API_EXP_USD_AMT_UNVERIFIED_SCALE,https://www.data.go.kr/data/15134343/openapi.do,2026-10-07T08:12:52+09:00
2021.06,330499,41,경기도 군포시,694,API_EXP_USD_AMT_UNVERIFIED_SCALE,https://www.data.go.kr/data/15134343/openapi.do,2026-10-07T08:12:52+09:00
2021.06,330499,41,경기도 김포시,30739,API_EXP_USD_AMT_UNVERIFIED_SCALE,https://www.data.go.kr/data/15134343/openapi.do,2026-10-07T08:12:52+09:00
2021.06,330499,41,경기도 남양주시,1582,API_EXP_USD_AMT_UNVERIFIED_SCALE,https://www.data.go.kr/data/15134343/openapi.do,2026-10-07T08:12:52+09:00
2021.06,330499,41,경기도 동두천시,0,API_EXP_USD_AMT_UNVERIFIED_SCALE,https://www.data.go.kr/data/15134343/openapi.do,2026-10-07T08:12:52+09:00
2021.06,330499,41,경기도 부천시,4686,API_EXP_USD_AMT_UNVERIFIED_SCALE,https://www.data.go.kr/data/15134343/openapi.do,2026-10-07T08:12:52+09:00
2021.06,330499,41,경기도 성남시,14027,API_EXP_USD_AMT_UNVERIFIED_SCALE,https://www.data.go.kr/data/15134343/openapi.do,2026-10-07T08:12:52+09:00
2021.06,330499,41,경기도 수원시,3356,API_EXP_USD_AMT_UNVERIFIED_SCALE,https://www.data.go.kr/data/15134343/openapi.do,2026-10-07T08:12:52+09:00
2021.06,330499,41,경기도 시흥시,5786,API_EXP_USD_AMT_UNVERIFIED_SCALE,https://www.data.go.kr/data/15134343/openapi.do,2026-10-07T08:12:52+09:00
2021.06,330499,41,경기도 안산시,1964,API_EXP_USD_AMT_UNVERIFIED_SCALE,https://www.data.go.kr/data/15134343/openapi.do,2026-10-07T08:12:52+09:00
2021.06,330499,41,경기도 안성시,1470,API_EXP_USD_AMT_UNVERIFIED_SCALE,https://www.data.go.kr/data/15134343/openapi.do,2026-10-07T08:12:52+09:00
2021.06,330499,41,경기도 안양시,10498,API_EXP_USD_AMT_UNVERIFIED_SCALE,https://www.data.go.kr/data/15134343/openapi.do,2026-10-07T08:12:52+09:00
2021.06,330499,41,경기도 양주시,76,API_EXP_USD_AMT_UNVERIFIED_SCALE,https://www.data.go.kr/data/15134343/openapi.do,2026-10-07T08:12:52+09:00
2021.06,330499,41,경기도 양평군,13,API_EXP_USD_AMT_UNVERIFIED_SCALE,https://www.data.go.kr/data/15134343/openapi.do,2026-10-07T08:12:52+09:00
2021.06,330499,41,경기도 여주군,1428,API_EXP_USD_AMT_UNVERIFIED_SCALE,https://www.data.go.kr/data/15134343/openapi.do,2026-10-07T08:12:52+09:00
2021.06,330499,41,경기도 연천군,0,API_EXP_USD_AMT_UNVERIFIED_SCALE,https://www.data.go.kr/data/15134343/openapi.do,2026-10-07T08:12:52+09:00
2021.06,330499,41,경기도 오산시,2383,API_EXP_USD_AMT_UNVERIFIED_SCALE,https://www.data.go.kr/data/15134343/openapi.do,2026-10-07T08:12:52+09:00
2021.06,330499,41,경기도 용인시,1593,API_EXP_USD_AMT_UNVERIFIED_SCALE,https://www.data.go.kr/data/15134343/openapi.do,2026-10-07T08:12:52+09:00
2021.06,330499,41,경기도 의왕시,536,API_EXP_USD_AMT_UNVERIFIED_SCALE,https://www.data.go.kr/data/15134343/openapi.do,2026-10-07T08:12:52+09:00
2021.06,330499,41,경기도 의정부시,366,API_EXP_USD_AMT_UNVERIFIED_SCALE,https://www.data.go.kr/data/15134343/openapi.do,2026-10-07T08:12:52+09:00
2021.06,330499,41,경기도 이천시,11,API_EXP_USD_AMT_UNVERIFIED_SCALE,https://www.data.go.kr/data/15134343/openapi.do,2026-10-07T08:12:52+09:00
2021.06,330499,41,경기도 파주시,2403,API_EXP_USD_AMT_UNVERIFIED_SCALE,https://www.data.go.kr/data/15134343/openapi.do,2026-10-07T08:12:52+09:00
2021.06,330499,41,경기도 평택시,2711,API_EXP_USD_AMT_UNVERIFIED_SCALE,https://www.data.go.kr/data/15134343/openapi.do,2026-10-07T08:12:52+09:00
2021.06,330499,41,경기도 포천군,72,API_EXP_USD_AMT_UNVERIFIED_SCALE,https://www.data.go.kr/data/15134343/openapi.do,2026-10-07T08:12:52+09:00
2021.06,330499,41,경기도 하남시,546,API_EXP_USD_AMT_UNVERIFIED_SCALE,https://www.data.go.kr/data/15134343/openapi.do,2026-10-07T08:12:52+09:00
2021.06,330499,41,경기도 화성시,18944,API_EXP_USD_AMT_UNVERIFIED_SCALE,https://www.data.go.kr/data/15134343/openapi.do,2026-10-07T08:12:52+09:00
2021.06,853400,27,대구광역시 남구,0,API_EXP_USD_AMT_UNVERIFIED_SCALE,https://www.data.go.kr/data/15134343/openapi.do,2026-10-07T08:12:52+09:00
2021.06,853400,27,대구광역시 달서구,424,API_EXP_USD_AMT_UNVERIFIED_SCALE,https://www.data.go.kr/data/15134343/openapi.do,2026-10-07T08:12:52+09:00
2021.06,853400,27,대구광역시 달성군,25841,API_EXP_USD_AMT_UNVERIFIED_SCALE,https://www.data.go.kr/data/15134343/openapi.do,2026-10-07T08:12:52+09:00
2021.06,853400,27,대구광역시 동구,0,API_EXP_USD_AMT_UNVERIFIED_SCALE,https://www.data.go.kr/data/15134343/openapi.do,2026-10-07T08:12:52+09:00
2021.06,853400,27,대구광역시 북구,0,API_EXP_USD_AMT_UNVERIFIED_SCALE,https://www.data.go.kr/data/15134343/openapi.do,2026-10-07T08:12:52+09:00
2021.06,853400,27,대구광역시 서구,0,API_EXP_USD_AMT_UNVERIFIED_SCALE,https://www.data.go.kr/data/15134343/openapi.do,2026-10-07T08:12:52+09:00
2021.06,853400,27,대구광역시 수성구,0,API_EXP_USD_AMT_UNVERIFIED_SCALE,https://www.data.go.kr/data/15134343/openapi.do,2026-10-07T08:12:52+09:00
2021.06,853400,27,대구광역시 중구,0,API_EXP_USD_AMT_UNVERIFIED_SCALE,https://www.data.go.kr/data/15134343/openapi.do,2026-10-07T08:12:52+09:00
2021.06,853400,41,경기도 가평군,0,API_EXP_USD_AMT_UNVERIFIED_SCALE,https://www.data.go.kr/data/15134343/openapi.do,2026-10-07T08:12:52+09:00
2021.06,853400,41,경기도 고양시,164,API_EXP_USD_AMT_UNVERIFIED_SCALE,https://www.data.go.kr/data/15134343/openapi.do,2026-10-07T08:12:52+09:00
2021.06,853400,41,경기도 과천시,0,API_EXP_USD_AMT_UNVERIFIED_SCALE,https://www.data.go.kr/data/15134343/openapi.do,2026-10-07T08:12:52+09:00
2021.06,853400,41,경기도 광명시,45,API_EXP_USD_AMT_UNVERIFIED_SCALE,https://www.data.go.kr/data/15134343/openapi.do,2026-10-07T08:12:52+09:00
2021.06,853400,41,경기도 광주시,0,API_EXP_USD_AMT_UNVERIFIED_SCALE,https://www.data.go.kr/data/15134343/openapi.do,2026-10-07T08:12:52+09:00
2021.06,853400,41,경기도 군포시,24,API_EXP_USD_AMT_UNVERIFIED_SCALE,https://www.data.go.kr/data/15134343/openapi.do,2026-10-07T08:12:52+09:00
2021.06,853400,41,경기도 김포시,752,API_EXP_USD_AMT_UNVERIFIED_SCALE,https://www.data.go.kr/data/15134343/openapi.do,2026-10-07T08:12:52+09:00
2021.06,853400,41,경기도 남양주시,0,API_EXP_USD_AMT_UNVERIFIED_SCALE,https://www.data.go.kr/data/15134343/openapi.do,2026-10-07T08:12:52+09:00
2021.06,853400,41,경기도 동두천시,1,API_EXP_USD_AMT_UNVERIFIED_SCALE,https://www.data.go.kr/data/15134343/openapi.do,2026-10-07T08:12:52+09:00
2021.06,853400,41,경기도 부천시,450,API_EXP_USD_AMT_UNVERIFIED_SCALE,https://www.data.go.kr/data/15134343/openapi.do,2026-10-07T08:12:52+09:00
2021.06,853400,41,경기도 성남시,3747,API_EXP_USD_AMT_UNVERIFIED_SCALE,https://www.data.go.kr/data/15134343/openapi.do,2026-10-07T08:12:52+09:00
2021.06,853400,41,경기도 수원시,48461,API_EXP_USD_AMT_UNVERIFIED_SCALE,https://www.data.go.kr/data/15134343/openapi.do,2026-10-07T08:12:52+09:00
2021.06,853400,41,경기도 시흥시,3033,API_EXP_USD_AMT_UNVERIFIED_SCALE,https://www.data.go.kr/data/15134343/openapi.do,2026-10-07T08:12:52+09:00
2021.06,853400,41,경기도 안산시,135199,API_EXP_USD_AMT_UNVERIFIED_SCALE,https://www.data.go.kr/data/15134343/openapi.do,2026-10-07T08:12:52+09:00
2021.06,853400,41,경기도 안성시,11295,API_EXP_USD_AMT_UNVERIFIED_SCALE,https://www.data.go.kr/data/15134343/openapi.do,2026-10-07T08:12:52+09:00
2021.06,853400,41,경기도 안양시,956,API_EXP_USD_AMT_UNVERIFIED_SCALE,https://www.data.go.kr/data/15134343/openapi.do,2026-10-07T08:12:52+09:00
2021.06,853400,41,경기도 양주시,3,API_EXP_USD_AMT_UNVERIFIED_SCALE,https://www.data.go.kr/data/15134343/openapi.do,2026-10-07T08:12:52+09:00
2021.06,853400,41,경기도 양평군,2,API_EXP_USD_AMT_UNVERIFIED_SCALE,https://www.data.go.kr/data/15134343/openapi.do,2026-10-07T08:12:52+09:00
2021.06,853400,41,경기도 오산시,52,API_EXP_USD_AMT_UNVERIFIED_SCALE,https://www.data.go.kr/data/15134343/openapi.do,2026-10-07T08:12:52+09:00
2021.06,853400,41,경기도 용인시,480,API_EXP_USD_AMT_UNVERIFIED_SCALE,https://www.data.go.kr/data/15134343/openapi.do,2026-10-07T08:12:52+09:00
2021.06,853400,41,경기도 의왕시,2,API_EXP_USD_AMT_UNVERIFIED_SCALE,https://www.data.go.kr/data/15134343/openapi.do,2026-10-07T08:12:52+09:00
2021.06,853400,41,경기도 의정부시,0,API_EXP_USD_AMT_UNVERIFIED_SCALE,https://www.data.go.kr/data/15134343/openapi.do,2026-10-07T08:12:52+09:00
2021.06,853400,41,경기도 이천시,553,API_EXP_USD_AMT_UNVERIFIED_SCALE,https://www.data.go.kr/data/15134343/openapi.do,2026-10-07T08:12:52+09:00
2021.06,853400,41,경기도 파주시,1735,API_EXP_USD_AMT_UNVERIFIED_SCALE,https://www.data.go.kr/data/15134343/openapi.do,2026-10-07T08:12:52+09:00
2021.06,853400,41,경기도 평택시,3073,API_EXP_USD_AMT_UNVERIFIED_SCALE,https://www.data.go.kr/data/15134343/openapi.do,2026-10-07T08:12:52+09:00
2021.06,853400,41,경기도 포천군,0,API_EXP_USD_AMT_UNVERIFIED_SCALE,https://www.data.go.kr/data/15134343/openapi.do,2026-10-07T08:12:52+09:00
2021.06,853400,41,경기도 하남시,0,API_EXP_USD_AMT_UNVERIFIED_SCALE,https://www.data.go.kr/data/15134343/openapi.do,2026-10-07T08:12:52+09:00
2021.06,853400,41,경기도 화성시,746,API_EXP_USD_AMT_UNVERIFIED_SCALE,https://www.data.go.kr/data/15134343/openapi.do,2026-10-07T08:12:52+09:00
2021.06,853400,43,충청북도 제천시,0,API_EXP_USD_AMT_UNVERIFIED_SCALE,https://www.data.go.kr/data/15134343/openapi.do,2026-10-07T08:12:52+09:00
2021.06,853400,43,충청북도 증평군,1259,API_EXP_USD_AMT_UNVERIFIED_SCALE,https://www.data.go.kr/data/15134343/openapi.do,2026-10-07T08:12:52+09:00
2021.06,853400,43,충청북도 진천군,50,API_EXP_USD_AMT_UNVERIFIED_SCALE,https://www.data.go.kr/data/15134343/openapi.do,2026-10-07T08:12:52+09:00
2021.06,853400,43,충청북도 청주시,55964,API_EXP_USD_AMT_UNVERIFIED_SCALE,https://www.data.go.kr/data/15134343/openapi.do,2026-10-07T08:12:52+09:00
2021.06,853400,43,충청북도 충주시,0,API_EXP_USD_AMT_UNVERIFIED_SCALE,https://www.data.go.kr/data/15134343/openapi.do,2026-10-07T08:12:52+09:00
2021.07,330499,36,세종특별자치시,3194,API_EXP_USD_AMT_UNVERIFIED_SCALE,https://www.data.go.kr/data/15134343/openapi.do,2026-10-07T08:12:52+09:00
2021.07,330499,41,경기도 가평군,0,API_EXP_USD_AMT_UNVERIFIED_SCALE,https://www.data.go.kr/data/15134343/openapi.do,2026-10-07T08:12:52+09:00
2021.07,330499,41,경기도 고양시,7589,API_EXP_USD_AMT_UNVERIFIED_SCALE,https://www.data.go.kr/data/15134343/openapi.do,2026-10-07T08:12:52+09:00
2021.07,330499,41,경기도 과천시,4,API_EXP_USD_AMT_UNVERIFIED_SCALE,https://www.data.go.kr/data/15134343/openapi.do,2026-10-07T08:12:52+09:00
2021.07,330499,41,경기도 광명시,725,API_EXP_USD_AMT_UNVERIFIED_SCALE,https://www.data.go.kr/data/15134343/openapi.do,2026-10-07T08:12:52+09:00
2021.07,330499,41,경기도 광주시,272,API_EXP_USD_AMT_UNVERIFIED_SCALE,https://www.data.go.kr/data/15134343/openapi.do,2026-10-07T08:12:52+09:00
2021.07,330499,41,경기도 구리시,806,API_EXP_USD_AMT_UNVERIFIED_SCALE,https://www.data.go.kr/data/15134343/openapi.do,2026-10-07T08:12:52+09:00
2021.07,330499,41,경기도 군포시,543,API_EXP_USD_AMT_UNVERIFIED_SCALE,https://www.data.go.kr/data/15134343/openapi.do,2026-10-07T08:12:52+09:00
2021.07,330499,41,경기도 김포시,29135,API_EXP_USD_AMT_UNVERIFIED_SCALE,https://www.data.go.kr/data/15134343/openapi.do,2026-10-07T08:12:52+09:00
2021.07,330499,41,경기도 남양주시,1465,API_EXP_USD_AMT_UNVERIFIED_SCALE,https://www.data.go.kr/data/15134343/openapi.do,2026-10-07T08:12:52+09:00
2021.07,330499,41,경기도 동두천시,0,API_EXP_USD_AMT_UNVERIFIED_SCALE,https://www.data.go.kr/data/15134343/openapi.do,2026-10-07T08:12:52+09:00
2021.07,330499,41,경기도 부천시,3705,API_EXP_USD_AMT_UNVERIFIED_SCALE,https://www.data.go.kr/data/15134343/openapi.do,2026-10-07T08:12:52+09:00
2021.07,330499,41,경기도 성남시,9277,API_EXP_USD_AMT_UNVERIFIED_SCALE,https://www.data.go.kr/data/15134343/openapi.do,2026-10-07T08:12:52+09:00
2021.07,330499,41,경기도 수원시,3313,API_EXP_USD_AMT_UNVERIFIED_SCALE,https://www.data.go.kr/data/15134343/openapi.do,2026-10-07T08:12:52+09:00
2021.07,330499,41,경기도 시흥시,5561,API_EXP_USD_AMT_UNVERIFIED_SCALE,https://www.data.go.kr/data/15134343/openapi.do,2026-10-07T08:12:52+09:00
2021.07,330499,41,경기도 안산시,1894,API_EXP_USD_AMT_UNVERIFIED_SCALE,https://www.data.go.kr/data/15134343/openapi.do,2026-10-07T08:12:52+09:00
2021.07,330499,41,경기도 안성시,1551,API_EXP_USD_AMT_UNVERIFIED_SCALE,https://www.data.go.kr/data/15134343/openapi.do,2026-10-07T08:12:52+09:00
2021.07,330499,41,경기도 안양시,7961,API_EXP_USD_AMT_UNVERIFIED_SCALE,https://www.data.go.kr/data/15134343/openapi.do,2026-10-07T08:12:52+09:00
2021.07,330499,41,경기도 양주시,67,API_EXP_USD_AMT_UNVERIFIED_SCALE,https://www.data.go.kr/data/15134343/openapi.do,2026-10-07T08:12:52+09:00
2021.07,330499,41,경기도 양평군,3,API_EXP_USD_AMT_UNVERIFIED_SCALE,https://www.data.go.kr/data/15134343/openapi.do,2026-10-07T08:12:52+09:00
2021.07,330499,41,경기도 여주군,1107,API_EXP_USD_AMT_UNVERIFIED_SCALE,https://www.data.go.kr/data/15134343/openapi.do,2026-10-07T08:12:52+09:00
2021.07,330499,41,경기도 연천군,0,API_EXP_USD_AMT_UNVERIFIED_SCALE,https://www.data.go.kr/data/15134343/openapi.do,2026-10-07T08:12:52+09:00
2021.07,330499,41,경기도 오산시,2319,API_EXP_USD_AMT_UNVERIFIED_SCALE,https://www.data.go.kr/data/15134343/openapi.do,2026-10-07T08:12:52+09:00
2021.07,330499,41,경기도 용인시,1486,API_EXP_USD_AMT_UNVERIFIED_SCALE,https://www.data.go.kr/data/15134343/openapi.do,2026-10-07T08:12:52+09:00
2021.07,330499,41,경기도 의왕시,429,API_EXP_USD_AMT_UNVERIFIED_SCALE,https://www.data.go.kr/data/15134343/openapi.do,2026-10-07T08:12:52+09:00
2021.07,330499,41,경기도 의정부시,546,API_EXP_USD_AMT_UNVERIFIED_SCALE,https://www.data.go.kr/data/15134343/openapi.do,2026-10-07T08:12:52+09:00
2021.07,330499,41,경기도 이천시,215,API_EXP_USD_AMT_UNVERIFIED_SCALE,https://www.data.go.kr/data/15134343/openapi.do,2026-10-07T08:12:52+09:00
2021.07,330499,41,경기도 파주시,1557,API_EXP_USD_AMT_UNVERIFIED_SCALE,https://www.data.go.kr/data/15134343/openapi.do,2026-10-07T08:12:52+09:00
2021.07,330499,41,경기도 평택시,2076,API_EXP_USD_AMT_UNVERIFIED_SCALE,https://www.data.go.kr/data/15134343/openapi.do,2026-10-07T08:12:52+09:00
2021.07,330499,41,경기도 포천군,261,API_EXP_USD_AMT_UNVERIFIED_SCALE,https://www.data.go.kr/data/15134343/openapi.do,2026-10-07T08:12:52+09:00
2021.07,330499,41,경기도 하남시,669,API_EXP_USD_AMT_UNVERIFIED_SCALE,https://www.data.go.kr/data/15134343/openapi.do,2026-10-07T08:12:52+09:00
2021.07,330499,41,경기도 화성시,18459,API_EXP_USD_AMT_UNVERIFIED_SCALE,https://www.data.go.kr/data/15134343/openapi.do,2026-10-07T08:12:52+09:00
2021.07,853400,27,대구광역시 남구,0,API_EXP_USD_AMT_UNVERIFIED_SCALE,https://www.data.go.kr/data/15134343/openapi.do,2026-10-07T08:12:52+09:00
2021.07,853400,27,대구광역시 달서구,629,API_EXP_USD_AMT_UNVERIFIED_SCALE,https://www.data.go.kr/data/15134343/openapi.do,2026-10-07T08:12:52+09:00
2021.07,853400,27,대구광역시 달성군,28130,API_EXP_USD_AMT_UNVERIFIED_SCALE,https://www.data.go.kr/data/15134343/openapi.do,2026-10-07T08:12:52+09:00
2021.07,853400,27,대구광역시 동구,0,API_EXP_USD_AMT_UNVERIFIED_SCALE,https://www.data.go.kr/data/15134343/openapi.do,2026-10-07T08:12:52+09:00
2021.07,853400,27,대구광역시 북구,0,API_EXP_USD_AMT_UNVERIFIED_SCALE,https://www.data.go.kr/data/15134343/openapi.do,2026-10-07T08:12:52+09:00
2021.07,853400,27,대구광역시 서구,0,API_EXP_USD_AMT_UNVERIFIED_SCALE,https://www.data.go.kr/data/15134343/openapi.do,2026-10-07T08:12:52+09:00
2021.07,853400,27,대구광역시 수성구,0,API_EXP_USD_AMT_UNVERIFIED_SCALE,https://www.data.go.kr/data/15134343/openapi.do,2026-10-07T08:12:52+09:00
2021.07,853400,41,경기도 고양시,353,API_EXP_USD_AMT_UNVERIFIED_SCALE,https://www.data.go.kr/data/15134343/openapi.do,2026-10-07T08:12:52+09:00
2021.07,853400,41,경기도 광명시,44,API_EXP_USD_AMT_UNVERIFIED_SCALE,https://www.data.go.kr/data/15134343/openapi.do,2026-10-07T08:12:52+09:00
2021.07,853400,41,경기도 광주시,0,API_EXP_USD_AMT_UNVERIFIED_SCALE,https://www.data.go.kr/data/15134343/openapi.do,2026-10-07T08:12:52+09:00
2021.07,853400,41,경기도 군포시,24,API_EXP_USD_AMT_UNVERIFIED_SCALE,https://www.data.go.kr/data/15134343/openapi.do,2026-10-07T08:12:52+09:00
2021.07,853400,41,경기도 김포시,158,API_EXP_USD_AMT_UNVERIFIED_SCALE,https://www.data.go.kr/data/15134343/openapi.do,2026-10-07T08:12:52+09:00
2021.07,853400,41,경기도 남양주시,0,API_EXP_USD_AMT_UNVERIFIED_SCALE,https://www.data.go.kr/data/15134343/openapi.do,2026-10-07T08:12:52+09:00
2021.07,853400,41,경기도 부천시,524,API_EXP_USD_AMT_UNVERIFIED_SCALE,https://www.data.go.kr/data/15134343/openapi.do,2026-10-07T08:12:52+09:00
2021.07,853400,41,경기도 성남시,2639,API_EXP_USD_AMT_UNVERIFIED_SCALE,https://www.data.go.kr/data/15134343/openapi.do,2026-10-07T08:12:52+09:00
2021.07,853400,41,경기도 수원시,45371,API_EXP_USD_AMT_UNVERIFIED_SCALE,https://www.data.go.kr/data/15134343/openapi.do,2026-10-07T08:12:52+09:00
2021.07,853400,41,경기도 시흥시,2535,API_EXP_USD_AMT_UNVERIFIED_SCALE,https://www.data.go.kr/data/15134343/openapi.do,2026-10-07T08:12:52+09:00
2021.07,853400,41,경기도 안산시,157028,API_EXP_USD_AMT_UNVERIFIED_SCALE,https://www.data.go.kr/data/15134343/openapi.do,2026-10-07T08:12:52+09:00
2021.07,853400,41,경기도 안성시,11617,API_EXP_USD_AMT_UNVERIFIED_SCALE,https://www.data.go.kr/data/15134343/openapi.do,2026-10-07T08:12:52+09:00
2021.07,853400,41,경기도 안양시,906,API_EXP_USD_AMT_UNVERIFIED_SCALE,https://www.data.go.kr/data/15134343/openapi.do,2026-10-07T08:12:52+09:00
2021.07,853400,41,경기도 양주시,0,API_EXP_USD_AMT_UNVERIFIED_SCALE,https://www.data.go.kr/data/15134343/openapi.do,2026-10-07T08:12:52+09:00
2021.07,853400,41,경기도 양평군,0,API_EXP_USD_AMT_UNVERIFIED_SCALE,https://www.data.go.kr/data/15134343/openapi.do,2026-10-07T08:12:52+09:00
2021.07,853400,41,경기도 여주군,0,API_EXP_USD_AMT_UNVERIFIED_SCALE,https://www.data.go.kr/data/15134343/openapi.do,2026-10-07T08:12:52+09:00
2021.07,853400,41,경기도 오산시,146,API_EXP_USD_AMT_UNVERIFIED_SCALE,https://www.data.go.kr/data/15134343/openapi.do,2026-10-07T08:12:52+09:00
2021.07,853400,41,경기도 용인시,227,API_EXP_USD_AMT_UNVERIFIED_SCALE,https://www.data.go.kr/data/15134343/openapi.do,2026-10-07T08:12:52+09:00
2021.07,853400,41,경기도 의왕시,10,API_EXP_USD_AMT_UNVERIFIED_SCALE,https://www.data.go.kr/data/15134343/openapi.do,2026-10-07T08:12:52+09:00
2021.07,853400,41,경기도 의정부시,0,API_EXP_USD_AMT_UNVERIFIED_SCALE,https://www.data.go.kr/data/15134343/openapi.do,2026-10-07T08:12:52+09:00
2021.07,853400,41,경기도 이천시,188,API_EXP_USD_AMT_UNVERIFIED_SCALE,https://www.data.go.kr/data/15134343/openapi.do,2026-10-07T08:12:52+09:00
2021.07,853400,41,경기도 파주시,1501,API_EXP_USD_AMT_UNVERIFIED_SCALE,https://www.data.go.kr/data/15134343/openapi.do,2026-10-07T08:12:52+09:00
2021.07,853400,41,경기도 평택시,3271,API_EXP_USD_AMT_UNVERIFIED_SCALE,https://www.data.go.kr/data/15134343/openapi.do,2026-10-07T08:12:52+09:00
2021.07,853400,41,경기도 포천군,1,API_EXP_USD_AMT_UNVERIFIED_SCALE,https://www.data.go.kr/data/15134343/openapi.do,2026-10-07T08:12:52+09:00
2021.07,853400,41,경기도 하남시,0,API_EXP_USD_AMT_UNVERIFIED_SCALE,https://www.data.go.kr/data/15134343/openapi.do,2026-10-07T08:12:52+09:00
2021.07,853400,41,경기도 화성시,648,API_EXP_USD_AMT_UNVERIFIED_SCALE,https://www.data.go.kr/data/15134343/openapi.do,2026-10-07T08:12:52+09:00
2021.07,853400,43,충청북도 음성군,0,API_EXP_USD_AMT_UNVERIFIED_SCALE,https://www.data.go.kr/data/15134343/openapi.do,2026-10-07T08:12:52+09:00
2021.07,853400,43,충청북도 제천시,0,API_EXP_USD_AMT_UNVERIFIED_SCALE,https://www.data.go.kr/data/15134343/openapi.do,2026-10-07T08:12:52+09:00
2021.07,853400,43,충청북도 증평군,1686,API_EXP_USD_AMT_UNVERIFIED_SCALE,https://www.data.go.kr/data/15134343/openapi.do,2026-10-07T08:12:52+09:00
2021.07,853400,43,충청북도 진천군,35,API_EXP_USD_AMT_UNVERIFIED_SCALE,https://www.data.go.kr/data/15134343/openapi.do,2026-10-07T08:12:52+09:00
2021.07,853400,43,충청북도 청주시,61451,API_EXP_USD_AMT_UNVERIFIED_SCALE,https://www.data.go.kr/data/15134343/openapi.do,2026-10-07T08:12:52+09:00
2021.07,853400,43,충청북도 충주시,0,API_EXP_USD_AMT_UNVERIFIED_SCALE,https://www.data.go.kr/data/15134343/openapi.do,2026-10-07T08:12:52+09:00
2021.08,330499,36,세종특별자치시,1453,API_EXP_USD_AMT_UNVERIFIED_SCALE,https://www.data.go.kr/data/15134343/openapi.do,2026-10-07T08:12:52+09:00
2021.08,330499,41,경기도 가평군,0,API_EXP_USD_AMT_UNVERIFIED_SCALE,https://www.data.go.kr/data/15134343/openapi.do,2026-10-07T08:12:52+09:00
2021.08,330499,41,경기도 고양시,6915,API_EXP_USD_AMT_UNVERIFIED_SCALE,https://www.data.go.kr/data/15134343/openapi.do,2026-10-07T08:12:52+09:00
2021.08,330499,41,경기도 과천시,0,API_EXP_USD_AMT_UNVERIFIED_SCALE,https://www.data.go.kr/data/15134343/openapi.do,2026-10-07T08:12:52+09:00
2021.08,330499,41,경기도 광명시,2654,API_EXP_USD_AMT_UNVERIFIED_SCALE,https://www.data.go.kr/data/15134343/openapi.do,2026-10-07T08:12:52+09:00
2021.08,330499,41,경기도 광주시,58,API_EXP_USD_AMT_UNVERIFIED_SCALE,https://www.data.go.kr/data/15134343/openapi.do,2026-10-07T08:12:52+09:00
2021.08,330499,41,경기도 구리시,1085,API_EXP_USD_AMT_UNVERIFIED_SCALE,https://www.data.go.kr/data/15134343/openapi.do,2026-10-07T08:12:52+09:00
2021.08,330499,41,경기도 군포시,560,API_EXP_USD_AMT_UNVERIFIED_SCALE,https://www.data.go.kr/data/15134343/openapi.do,2026-10-07T08:12:52+09:00
2021.08,330499,41,경기도 김포시,26842,API_EXP_USD_AMT_UNVERIFIED_SCALE,https://www.data.go.kr/data/15134343/openapi.do,2026-10-07T08:12:52+09:00
2021.08,330499,41,경기도 남양주시,2115,API_EXP_USD_AMT_UNVERIFIED_SCALE,https://www.data.go.kr/data/15134343/openapi.do,2026-10-07T08:12:52+09:00
2021.08,330499,41,경기도 동두천시,0,API_EXP_USD_AMT_UNVERIFIED_SCALE,https://www.data.go.kr/data/15134343/openapi.do,2026-10-07T08:12:52+09:00
2021.08,330499,41,경기도 부천시,4353,API_EXP_USD_AMT_UNVERIFIED_SCALE,https://www.data.go.kr/data/15134343/openapi.do,2026-10-07T08:12:52+09:00
2021.08,330499,41,경기도 성남시,8635,API_EXP_USD_AMT_UNVERIFIED_SCALE,https://www.data.go.kr/data/15134343/openapi.do,2026-10-07T08:12:52+09:00
2021.08,330499,41,경기도 수원시,2885,API_EXP_USD_AMT_UNVERIFIED_SCALE,https://www.data.go.kr/data/15134343/openapi.do,2026-10-07T08:12:52+09:00
2021.08,330499,41,경기도 시흥시,12501,API_EXP_USD_AMT_UNVERIFIED_SCALE,https://www.data.go.kr/data/15134343/openapi.do,2026-10-07T08:12:52+09:00
2021.08,330499,41,경기도 안산시,2027,API_EXP_USD_AMT_UNVERIFIED_SCALE,https://www.data.go.kr/data/15134343/openapi.do,2026-10-07T08:12:52+09:00
2021.08,330499,41,경기도 안성시,2154,API_EXP_USD_AMT_UNVERIFIED_SCALE,https://www.data.go.kr/data/15134343/openapi.do,2026-10-07T08:12:52+09:00
2021.08,330499,41,경기도 안양시,6350,API_EXP_USD_AMT_UNVERIFIED_SCALE,https://www.data.go.kr/data/15134343/openapi.do,2026-10-07T08:12:52+09:00
2021.08,330499,41,경기도 양주시,17,API_EXP_USD_AMT_UNVERIFIED_SCALE,https://www.data.go.kr/data/15134343/openapi.do,2026-10-07T08:12:52+09:00
2021.08,330499,41,경기도 양평군,9,API_EXP_USD_AMT_UNVERIFIED_SCALE,https://www.data.go.kr/data/15134343/openapi.do,2026-10-07T08:12:52+09:00
2021.08,330499,41,경기도 여주군,1174,API_EXP_USD_AMT_UNVERIFIED_SCALE,https://www.data.go.kr/data/15134343/openapi.do,2026-10-07T08:12:52+09:00
2021.08,330499,41,경기도 연천군,0,API_EXP_USD_AMT_UNVERIFIED_SCALE,https://www.data.go.kr/data/15134343/openapi.do,2026-10-07T08:12:52+09:00
2021.08,330499,41,경기도 오산시,1609,API_EXP_USD_AMT_UNVERIFIED_SCALE,https://www.data.go.kr/data/15134343/openapi.do,2026-10-07T08:12:52+09:00
2021.08,330499,41,경기도 용인시,2230,API_EXP_USD_AMT_UNVERIFIED_SCALE,https://www.data.go.kr/data/15134343/openapi.do,2026-10-07T08:12:52+09:00
2021.08,330499,41,경기도 의왕시,398,API_EXP_USD_AMT_UNVERIFIED_SCALE,https://www.data.go.kr/data/15134343/openapi.do,2026-10-07T08:12:52+09:00
2021.08,330499,41,경기도 의정부시,317,API_EXP_USD_AMT_UNVERIFIED_SCALE,https://www.data.go.kr/data/15134343/openapi.do,2026-10-07T08:12:52+09:00
2021.08,330499,41,경기도 이천시,38,API_EXP_USD_AMT_UNVERIFIED_SCALE,https://www.data.go.kr/data/15134343/openapi.do,2026-10-07T08:12:52+09:00
2021.08,330499,41,경기도 파주시,1769,API_EXP_USD_AMT_UNVERIFIED_SCALE,https://www.data.go.kr/data/15134343/openapi.do,2026-10-07T08:12:52+09:00
2021.08,330499,41,경기도 평택시,2625,API_EXP_USD_AMT_UNVERIFIED_SCALE,https://www.data.go.kr/data/15134343/openapi.do,2026-10-07T08:12:52+09:00
2021.08,330499,41,경기도 포천군,218,API_EXP_USD_AMT_UNVERIFIED_SCALE,https://www.data.go.kr/data/15134343/openapi.do,2026-10-07T08:12:52+09:00
2021.08,330499,41,경기도 하남시,1241,API_EXP_USD_AMT_UNVERIFIED_SCALE,https://www.data.go.kr/data/15134343/openapi.do,2026-10-07T08:12:52+09:00
2021.08,330499,41,경기도 화성시,15634,API_EXP_USD_AMT_UNVERIFIED_SCALE,https://www.data.go.kr/data/15134343/openapi.do,2026-10-07T08:12:52+09:00
2021.08,853400,27,대구광역시 남구,0,API_EXP_USD_AMT_UNVERIFIED_SCALE,https://www.data.go.kr/data/15134343/openapi.do,2026-10-07T08:12:52+09:00
2021.08,853400,27,대구광역시 달서구,454,API_EXP_USD_AMT_UNVERIFIED_SCALE,https://www.data.go.kr/data/15134343/openapi.do,2026-10-07T08:12:52+09:00
2021.08,853400,27,대구광역시 달성군,25912,API_EXP_USD_AMT_UNVERIFIED_SCALE,https://www.data.go.kr/data/15134343/openapi.do,2026-10-07T08:12:52+09:00
2021.08,853400,27,대구광역시 동구,0,API_EXP_USD_AMT_UNVERIFIED_SCALE,https://www.data.go.kr/data/15134343/openapi.do,2026-10-07T08:12:52+09:00
2021.08,853400,27,대구광역시 북구,0,API_EXP_USD_AMT_UNVERIFIED_SCALE,https://www.data.go.kr/data/15134343/openapi.do,2026-10-07T08:12:52+09:00
2021.08,853400,27,대구광역시 서구,0,API_EXP_USD_AMT_UNVERIFIED_SCALE,https://www.data.go.kr/data/15134343/openapi.do,2026-10-07T08:12:52+09:00
2021.08,853400,27,대구광역시 수성구,0,API_EXP_USD_AMT_UNVERIFIED_SCALE,https://www.data.go.kr/data/15134343/openapi.do,2026-10-07T08:12:52+09:00
2021.08,853400,41,경기도 고양시,180,API_EXP_USD_AMT_UNVERIFIED_SCALE,https://www.data.go.kr/data/15134343/openapi.do,2026-10-07T08:12:52+09:00
2021.08,853400,41,경기도 과천시,0,API_EXP_USD_AMT_UNVERIFIED_SCALE,https://www.data.go.kr/data/15134343/openapi.do,2026-10-07T08:12:52+09:00
2021.08,853400,41,경기도 광명시,44,API_EXP_USD_AMT_UNVERIFIED_SCALE,https://www.data.go.kr/data/15134343/openapi.do,2026-10-07T08:12:52+09:00
2021.08,853400,41,경기도 광주시,0,API_EXP_USD_AMT_UNVERIFIED_SCALE,https://www.data.go.kr/data/15134343/openapi.do,2026-10-07T08:12:52+09:00
2021.08,853400,41,경기도 군포시,117,API_EXP_USD_AMT_UNVERIFIED_SCALE,https://www.data.go.kr/data/15134343/openapi.do,2026-10-07T08:12:52+09:00
2021.08,853400,41,경기도 김포시,175,API_EXP_USD_AMT_UNVERIFIED_SCALE,https://www.data.go.kr/data/15134343/openapi.do,2026-10-07T08:12:52+09:00
2021.08,853400,41,경기도 남양주시,0,API_EXP_USD_AMT_UNVERIFIED_SCALE,https://www.data.go.kr/data/15134343/openapi.do,2026-10-07T08:12:52+09:00
2021.08,853400,41,경기도 부천시,238,API_EXP_USD_AMT_UNVERIFIED_SCALE,https://www.data.go.kr/data/15134343/openapi.do,2026-10-07T08:12:52+09:00
2021.08,853400,41,경기도 성남시,1606,API_EXP_USD_AMT_UNVERIFIED_SCALE,https://www.data.go.kr/data/15134343/openapi.do,2026-10-07T08:12:52+09:00
2021.08,853400,41,경기도 수원시,45638,API_EXP_USD_AMT_UNVERIFIED_SCALE,https://www.data.go.kr/data/15134343/openapi.do,2026-10-07T08:12:52+09:00
2021.08,853400,41,경기도 시흥시,2934,API_EXP_USD_AMT_UNVERIFIED_SCALE,https://www.data.go.kr/data/15134343/openapi.do,2026-10-07T08:12:52+09:00
2021.08,853400,41,경기도 안산시,163981,API_EXP_USD_AMT_UNVERIFIED_SCALE,https://www.data.go.kr/data/15134343/openapi.do,2026-10-07T08:12:52+09:00
2021.08,853400,41,경기도 안성시,15068,API_EXP_USD_AMT_UNVERIFIED_SCALE,https://www.data.go.kr/data/15134343/openapi.do,2026-10-07T08:12:52+09:00
2021.08,853400,41,경기도 안양시,587,API_EXP_USD_AMT_UNVERIFIED_SCALE,https://www.data.go.kr/data/15134343/openapi.do,2026-10-07T08:12:52+09:00
2021.08,853400,41,경기도 양주시,3,API_EXP_USD_AMT_UNVERIFIED_SCALE,https://www.data.go.kr/data/15134343/openapi.do,2026-10-07T08:12:52+09:00
2021.08,853400,41,경기도 양평군,6,API_EXP_USD_AMT_UNVERIFIED_SCALE,https://www.data.go.kr/data/15134343/openapi.do,2026-10-07T08:12:52+09:00
2021.08,853400,41,경기도 오산시,147,API_EXP_USD_AMT_UNVERIFIED_SCALE,https://www.data.go.kr/data/15134343/openapi.do,2026-10-07T08:12:52+09:00
2021.08,853400,41,경기도 용인시,2411,API_EXP_USD_AMT_UNVERIFIED_SCALE,https://www.data.go.kr/data/15134343/openapi.do,2026-10-07T08:12:52+09:00
2021.08,853400,41,경기도 의왕시,0,API_EXP_USD_AMT_UNVERIFIED_SCALE,https://www.data.go.kr/data/15134343/openapi.do,2026-10-07T08:12:52+09:00
2021.08,853400,41,경기도 의정부시,9,API_EXP_USD_AMT_UNVERIFIED_SCALE,https://www.data.go.kr/data/15134343/openapi.do,2026-10-07T08:12:52+09:00
2021.08,853400,41,경기도 이천시,19,API_EXP_USD_AMT_UNVERIFIED_SCALE,https://www.data.go.kr/data/15134343/openapi.do,2026-10-07T08:12:52+09:00
2021.08,853400,41,경기도 파주시,1323,API_EXP_USD_AMT_UNVERIFIED_SCALE,https://www.data.go.kr/data/15134343/openapi.do,2026-10-07T08:12:52+09:00
2021.08,853400,41,경기도 평택시,7099,API_EXP_USD_AMT_UNVERIFIED_SCALE,https://www.data.go.kr/data/15134343/openapi.do,2026-10-07T08:12:52+09:00
2021.08,853400,41,경기도 포천군,0,API_EXP_USD_AMT_UNVERIFIED_SCALE,https://www.data.go.kr/data/15134343/openapi.do,2026-10-07T08:12:52+09:00
2021.08,853400,41,경기도 하남시,0,API_EXP_USD_AMT_UNVERIFIED_SCALE,https://www.data.go.kr/data/15134343/openapi.do,2026-10-07T08:12:52+09:00
2021.08,853400,41,경기도 화성시,783,API_EXP_USD_AMT_UNVERIFIED_SCALE,https://www.data.go.kr/data/15134343/openapi.do,2026-10-07T08:12:52+09:00
2021.08,853400,43,충청북도 단양군,0,API_EXP_USD_AMT_UNVERIFIED_SCALE,https://www.data.go.kr/data/15134343/openapi.do,2026-10-07T08:12:52+09:00
2021.08,853400,43,충청북도 제천시,2,API_EXP_USD_AMT_UNVERIFIED_SCALE,https://www.data.go.kr/data/15134343/openapi.do,2026-10-07T08:12:52+09:00
2021.08,853400,43,충청북도 증평군,875,API_EXP_USD_AMT_UNVERIFIED_SCALE,https://www.data.go.kr/data/15134343/openapi.do,2026-10-07T08:12:52+09:00
2021.08,853400,43,충청북도 진천군,56,API_EXP_USD_AMT_UNVERIFIED_SCALE,https://www.data.go.kr/data/15134343/openapi.do,2026-10-07T08:12:52+09:00
2021.08,853400,43,충청북도 청주시,59174,API_EXP_USD_AMT_UNVERIFIED_SCALE,https://www.data.go.kr/data/15134343/openapi.do,2026-10-07T08:12:52+09:00
2021.08,853400,43,충청북도 충주시,0,API_EXP_USD_AMT_UNVERIFIED_SCALE,https://www.data.go.kr/data/15134343/openapi.do,2026-10-07T08:12:52+09:00
2021.09,330499,36,세종특별자치시,2014,API_EXP_USD_AMT_UNVERIFIED_SCALE,https://www.data.go.kr/data/15134343/openapi.do,2026-10-07T08:12:52+09:00
2021.09,330499,41,경기도 가평군,0,API_EXP_USD_AMT_UNVERIFIED_SCALE,https://www.data.go.kr/data/15134343/openapi.do,2026-10-07T08:12:52+09:00
2021.09,330499,41,경기도 고양시,8020,API_EXP_USD_AMT_UNVERIFIED_SCALE,https://www.data.go.kr/data/15134343/openapi.do,2026-10-07T08:12:52+09:00
2021.09,330499,41,경기도 과천시,0,API_EXP_USD_AMT_UNVERIFIED_SCALE,https://www.data.go.kr/data/15134343/openapi.do,2026-10-07T08:12:52+09:00
2021.09,330499,41,경기도 광명시,846,API_EXP_USD_AMT_UNVERIFIED_SCALE,https://www.data.go.kr/data/15134343/openapi.do,2026-10-07T08:12:52+09:00
2021.09,330499,41,경기도 광주시,213,API_EXP_USD_AMT_UNVERIFIED_SCALE,https://www.data.go.kr/data/15134343/openapi.do,2026-10-07T08:12:52+09:00
2021.09,330499,41,경기도 구리시,817,API_EXP_USD_AMT_UNVERIFIED_SCALE,https://www.data.go.kr/data/15134343/openapi.do,2026-10-07T08:12:52+09:00
2021.09,330499,41,경기도 군포시,262,API_EXP_USD_AMT_UNVERIFIED_SCALE,https://www.data.go.kr/data/15134343/openapi.do,2026-10-07T08:12:52+09:00
2021.09,330499,41,경기도 김포시,24794,API_EXP_USD_AMT_UNVERIFIED_SCALE,https://www.data.go.kr/data/15134343/openapi.do,2026-10-07T08:12:52+09:00
2021.09,330499,41,경기도 남양주시,2019,API_EXP_USD_AMT_UNVERIFIED_SCALE,https://www.data.go.kr/data/15134343/openapi.do,2026-10-07T08:12:52+09:00
2021.09,330499,41,경기도 동두천시,0,API_EXP_USD_AMT_UNVERIFIED_SCALE,https://www.data.go.kr/data/15134343/openapi.do,2026-10-07T08:12:52+09:00
2021.09,330499,41,경기도 부천시,6010,API_EXP_USD_AMT_UNVERIFIED_SCALE,https://www.data.go.kr/data/15134343/openapi.do,2026-10-07T08:12:52+09:00
2021.09,330499,41,경기도 성남시,10870,API_EXP_USD_AMT_UNVERIFIED_SCALE,https://www.data.go.kr/data/15134343/openapi.do,2026-10-07T08:12:52+09:00
2021.09,330499,41,경기도 수원시,3409,API_EXP_USD_AMT_UNVERIFIED_SCALE,https://www.data.go.kr/data/15134343/openapi.do,2026-10-07T08:12:52+09:00
2021.09,330499,41,경기도 시흥시,7998,API_EXP_USD_AMT_UNVERIFIED_SCALE,https://www.data.go.kr/data/15134343/openapi.do,2026-10-07T08:12:52+09:00
2021.09,330499,41,경기도 안산시,738,API_EXP_USD_AMT_UNVERIFIED_SCALE,https://www.data.go.kr/data/15134343/openapi.do,2026-10-07T08:12:52+09:00
2021.09,330499,41,경기도 안성시,965,API_EXP_USD_AMT_UNVERIFIED_SCALE,https://www.data.go.kr/data/15134343/openapi.do,2026-10-07T08:12:52+09:00
2021.09,330499,41,경기도 안양시,9389,API_EXP_USD_AMT_UNVERIFIED_SCALE,https://www.data.go.kr/data/15134343/openapi.do,2026-10-07T08:12:52+09:00
2021.09,330499,41,경기도 양주시,100,API_EXP_USD_AMT_UNVERIFIED_SCALE,https://www.data.go.kr/data/15134343/openapi.do,2026-10-07T08:12:52+09:00
2021.09,330499,41,경기도 양평군,2,API_EXP_USD_AMT_UNVERIFIED_SCALE,https://www.data.go.kr/data/15134343/openapi.do,2026-10-07T08:12:52+09:00
2021.09,330499,41,경기도 여주군,2844,API_EXP_USD_AMT_UNVERIFIED_SCALE,https://www.data.go.kr/data/15134343/openapi.do,2026-10-07T08:12:52+09:00
2021.09,330499,41,경기도 연천군,9,API_EXP_USD_AMT_UNVERIFIED_SCALE,https://www.data.go.kr/data/15134343/openapi.do,2026-10-07T08:12:52+09:00
2021.09,330499,41,경기도 오산시,3103,API_EXP_USD_AMT_UNVERIFIED_SCALE,https://www.data.go.kr/data/15134343/openapi.do,2026-10-07T08:12:52+09:00
2021.09,330499,41,경기도 용인시,1775,API_EXP_USD_AMT_UNVERIFIED_SCALE,https://www.data.go.kr/data/15134343/openapi.do,2026-10-07T08:12:52+09:00
2021.09,330499,41,경기도 의왕시,466,API_EXP_USD_AMT_UNVERIFIED_SCALE,https://www.data.go.kr/data/15134343/openapi.do,2026-10-07T08:12:52+09:00
2021.09,330499,41,경기도 의정부시,227,API_EXP_USD_AMT_UNVERIFIED_SCALE,https://www.data.go.kr/data/15134343/openapi.do,2026-10-07T08:12:52+09:00
2021.09,330499,41,경기도 이천시,148,API_EXP_USD_AMT_UNVERIFIED_SCALE,https://www.data.go.kr/data/15134343/openapi.do,2026-10-07T08:12:52+09:00
2021.09,330499,41,경기도 파주시,1383,API_EXP_USD_AMT_UNVERIFIED_SCALE,https://www.data.go.kr/data/15134343/openapi.do,2026-10-07T08:12:52+09:00
2021.09,330499,41,경기도 평택시,4878,API_EXP_USD_AMT_UNVERIFIED_SCALE,https://www.data.go.kr/data/15134343/openapi.do,2026-10-07T08:12:52+09:00
2021.09,330499,41,경기도 포천군,179,API_EXP_USD_AMT_UNVERIFIED_SCALE,https://www.data.go.kr/data/15134343/openapi.do,2026-10-07T08:12:52+09:00
2021.09,330499,41,경기도 하남시,672,API_EXP_USD_AMT_UNVERIFIED_SCALE,https://www.data.go.kr/data/15134343/openapi.do,2026-10-07T08:12:52+09:00
2021.09,330499,41,경기도 화성시,18893,API_EXP_USD_AMT_UNVERIFIED_SCALE,https://www.data.go.kr/data/15134343/openapi.do,2026-10-07T08:12:52+09:00
2021.09,853400,27,대구광역시 남구,0,API_EXP_USD_AMT_UNVERIFIED_SCALE,https://www.data.go.kr/data/15134343/openapi.do,2026-10-07T08:12:52+09:00
2021.09,853400,27,대구광역시 달서구,419,API_EXP_USD_AMT_UNVERIFIED_SCALE,https://www.data.go.kr/data/15134343/openapi.do,2026-10-07T08:12:52+09:00
2021.09,853400,27,대구광역시 달성군,23550,API_EXP_USD_AMT_UNVERIFIED_SCALE,https://www.data.go.kr/data/15134343/openapi.do,2026-10-07T08:12:52+09:00
2021.09,853400,27,대구광역시 동구,0,API_EXP_USD_AMT_UNVERIFIED_SCALE,https://www.data.go.kr/data/15134343/openapi.do,2026-10-07T08:12:52+09:00
2021.09,853400,27,대구광역시 북구,0,API_EXP_USD_AMT_UNVERIFIED_SCALE,https://www.data.go.kr/data/15134343/openapi.do,2026-10-07T08:12:52+09:00
2021.09,853400,27,대구광역시 서구,1,API_EXP_USD_AMT_UNVERIFIED_SCALE,https://www.data.go.kr/data/15134343/openapi.do,2026-10-07T08:12:52+09:00
2021.09,853400,27,대구광역시 수성구,0,API_EXP_USD_AMT_UNVERIFIED_SCALE,https://www.data.go.kr/data/15134343/openapi.do,2026-10-07T08:12:52+09:00
2021.09,853400,41,경기도 가평군,0,API_EXP_USD_AMT_UNVERIFIED_SCALE,https://www.data.go.kr/data/15134343/openapi.do,2026-10-07T08:12:52+09:00
2021.09,853400,41,경기도 고양시,149,API_EXP_USD_AMT_UNVERIFIED_SCALE,https://www.data.go.kr/data/15134343/openapi.do,2026-10-07T08:12:52+09:00
2021.09,853400,41,경기도 과천시,0,API_EXP_USD_AMT_UNVERIFIED_SCALE,https://www.data.go.kr/data/15134343/openapi.do,2026-10-07T08:12:52+09:00
2021.09,853400,41,경기도 광명시,22,API_EXP_USD_AMT_UNVERIFIED_SCALE,https://www.data.go.kr/data/15134343/openapi.do,2026-10-07T08:12:52+09:00
2021.09,853400,41,경기도 광주시,0,API_EXP_USD_AMT_UNVERIFIED_SCALE,https://www.data.go.kr/data/15134343/openapi.do,2026-10-07T08:12:52+09:00
2021.09,853400,41,경기도 구리시,0,API_EXP_USD_AMT_UNVERIFIED_SCALE,https://www.data.go.kr/data/15134343/openapi.do,2026-10-07T08:12:52+09:00
2021.09,853400,41,경기도 군포시,318,API_EXP_USD_AMT_UNVERIFIED_SCALE,https://www.data.go.kr/data/15134343/openapi.do,2026-10-07T08:12:52+09:00
2021.09,853400,41,경기도 김포시,61,API_EXP_USD_AMT_UNVERIFIED_SCALE,https://www.data.go.kr/data/15134343/openapi.do,2026-10-07T08:12:52+09:00
2021.09,853400,41,경기도 남양주시,0,API_EXP_USD_AMT_UNVERIFIED_SCALE,https://www.data.go.kr/data/15134343/openapi.do,2026-10-07T08:12:52+09:00
2021.09,853400,41,경기도 동두천시,0,API_EXP_USD_AMT_UNVERIFIED_SCALE,https://www.data.go.kr/data/15134343/openapi.do,2026-10-07T08:12:52+09:00
2021.09,853400,41,경기도 부천시,279,API_EXP_USD_AMT_UNVERIFIED_SCALE,https://www.data.go.kr/data/15134343/openapi.do,2026-10-07T08:12:52+09:00
2021.09,853400,41,경기도 성남시,1745,API_EXP_USD_AMT_UNVERIFIED_SCALE,https://www.data.go.kr/data/15134343/openapi.do,2026-10-07T08:12:52+09:00
2021.09,853400,41,경기도 수원시,48650,API_EXP_USD_AMT_UNVERIFIED_SCALE,https://www.data.go.kr/data/15134343/openapi.do,2026-10-07T08:12:52+09:00
2021.09,853400,41,경기도 시흥시,2017,API_EXP_USD_AMT_UNVERIFIED_SCALE,https://www.data.go.kr/data/15134343/openapi.do,2026-10-07T08:12:52+09:00
2021.09,853400,41,경기도 안산시,166485,API_EXP_USD_AMT_UNVERIFIED_SCALE,https://www.data.go.kr/data/15134343/openapi.do,2026-10-07T08:12:52+09:00
2021.09,853400,41,경기도 안성시,14475,API_EXP_USD_AMT_UNVERIFIED_SCALE,https://www.data.go.kr/data/15134343/openapi.do,2026-10-07T08:12:52+09:00
2021.09,853400,41,경기도 안양시,548,API_EXP_USD_AMT_UNVERIFIED_SCALE,https://www.data.go.kr/data/15134343/openapi.do,2026-10-07T08:12:52+09:00
2021.09,853400,41,경기도 양주시,5,API_EXP_USD_AMT_UNVERIFIED_SCALE,https://www.data.go.kr/data/15134343/openapi.do,2026-10-07T08:12:52+09:00
2021.09,853400,41,경기도 양평군,57,API_EXP_USD_AMT_UNVERIFIED_SCALE,https://www.data.go.kr/data/15134343/openapi.do,2026-10-07T08:12:52+09:00
2021.09,853400,41,경기도 오산시,50,API_EXP_USD_AMT_UNVERIFIED_SCALE,https://www.data.go.kr/data/15134343/openapi.do,2026-10-07T08:12:52+09:00
2021.09,853400,41,경기도 용인시,504,API_EXP_USD_AMT_UNVERIFIED_SCALE,https://www.data.go.kr/data/15134343/openapi.do,2026-10-07T08:12:52+09:00
2021.09,853400,41,경기도 의왕시,4,API_EXP_USD_AMT_UNVERIFIED_SCALE,https://www.data.go.kr/data/15134343/openapi.do,2026-10-07T08:12:52+09:00
2021.09,853400,41,경기도 의정부시,0,API_EXP_USD_AMT_UNVERIFIED_SCALE,https://www.data.go.kr/data/15134343/openapi.do,2026-10-07T08:12:52+09:00
2021.09,853400,41,경기도 이천시,146,API_EXP_USD_AMT_UNVERIFIED_SCALE,https://www.data.go.kr/data/15134343/openapi.do,2026-10-07T08:12:52+09:00
2021.09,853400,41,경기도 파주시,1057,API_EXP_USD_AMT_UNVERIFIED_SCALE,https://www.data.go.kr/data/15134343/openapi.do,2026-10-07T08:12:52+09:00
2021.09,853400,41,경기도 평택시,2954,API_EXP_USD_AMT_UNVERIFIED_SCALE,https://www.data.go.kr/data/15134343/openapi.do,2026-10-07T08:12:52+09:00
2021.09,853400,41,경기도 포천군,0,API_EXP_USD_AMT_UNVERIFIED_SCALE,https://www.data.go.kr/data/15134343/openapi.do,2026-10-07T08:12:52+09:00
2021.09,853400,41,경기도 하남시,0,API_EXP_USD_AMT_UNVERIFIED_SCALE,https://www.data.go.kr/data/15134343/openapi.do,2026-10-07T08:12:52+09:00
2021.09,853400,41,경기도 화성시,1057,API_EXP_USD_AMT_UNVERIFIED_SCALE,https://www.data.go.kr/data/15134343/openapi.do,2026-10-07T08:12:52+09:00
2021.09,853400,43,충청북도 음성군,11,API_EXP_USD_AMT_UNVERIFIED_SCALE,https://www.data.go.kr/data/15134343/openapi.do,2026-10-07T08:12:52+09:00
2021.09,853400,43,충청북도 제천시,3,API_EXP_USD_AMT_UNVERIFIED_SCALE,https://www.data.go.kr/data/15134343/openapi.do,2026-10-07T08:12:52+09:00
2021.09,853400,43,충청북도 증평군,1409,API_EXP_USD_AMT_UNVERIFIED_SCALE,https://www.data.go.kr/data/15134343/openapi.do,2026-10-07T08:12:52+09:00
2021.09,853400,43,충청북도 진천군,107,API_EXP_USD_AMT_UNVERIFIED_SCALE,https://www.data.go.kr/data/15134343/openapi.do,2026-10-07T08:12:52+09:00
2021.09,853400,43,충청북도 청주시,60932,API_EXP_USD_AMT_UNVERIFIED_SCALE,https://www.data.go.kr/data/15134343/openapi.do,2026-10-07T08:12:52+09:00
2021.09,853400,43,충청북도 충주시,0,API_EXP_USD_AMT_UNVERIFIED_SCALE,https://www.data.go.kr/data/15134343/openapi.do,2026-10-07T08:12:52+09:00
2021.10,330499,36,세종특별자치시,2851,API_EXP_USD_AMT_UNVERIFIED_SCALE,https://www.data.go.kr/data/15134343/openapi.do,2026-10-07T08:12:52+09:00
2021.10,330499,41,경기도 가평군,0,API_EXP_USD_AMT_UNVERIFIED_SCALE,https://www.data.go.kr/data/15134343/openapi.do,2026-10-07T08:12:52+09:00
2021.10,330499,41,경기도 고양시,6841,API_EXP_USD_AMT_UNVERIFIED_SCALE,https://www.data.go.kr/data/15134343/openapi.do,2026-10-07T08:12:52+09:00
2021.10,330499,41,경기도 과천시,5,API_EXP_USD_AMT_UNVERIFIED_SCALE,https://www.data.go.kr/data/15134343/openapi.do,2026-10-07T08:12:52+09:00
2021.10,330499,41,경기도 광명시,1463,API_EXP_USD_AMT_UNVERIFIED_SCALE,https://www.data.go.kr/data/15134343/openapi.do,2026-10-07T08:12:52+09:00
2021.10,330499,41,경기도 광주시,336,API_EXP_USD_AMT_UNVERIFIED_SCALE,https://www.data.go.kr/data/15134343/openapi.do,2026-10-07T08:12:52+09:00
2021.10,330499,41,경기도 구리시,451,API_EXP_USD_AMT_UNVERIFIED_SCALE,https://www.data.go.kr/data/15134343/openapi.do,2026-10-07T08:12:52+09:00
2021.10,330499,41,경기도 군포시,321,API_EXP_USD_AMT_UNVERIFIED_SCALE,https://www.data.go.kr/data/15134343/openapi.do,2026-10-07T08:12:52+09:00
2021.10,330499,41,경기도 김포시,28363,API_EXP_USD_AMT_UNVERIFIED_SCALE,https://www.data.go.kr/data/15134343/openapi.do,2026-10-07T08:12:52+09:00
2021.10,330499,41,경기도 남양주시,1608,API_EXP_USD_AMT_UNVERIFIED_SCALE,https://www.data.go.kr/data/15134343/openapi.do,2026-10-07T08:12:52+09:00
2021.10,330499,41,경기도 동두천시,0,API_EXP_USD_AMT_UNVERIFIED_SCALE,https://www.data.go.kr/data/15134343/openapi.do,2026-10-07T08:12:52+09:00
2021.10,330499,41,경기도 부천시,5126,API_EXP_USD_AMT_UNVERIFIED_SCALE,https://www.data.go.kr/data/15134343/openapi.do,2026-10-07T08:12:52+09:00
2021.10,330499,41,경기도 성남시,12993,API_EXP_USD_AMT_UNVERIFIED_SCALE,https://www.data.go.kr/data/15134343/openapi.do,2026-10-07T08:12:52+09:00
2021.10,330499,41,경기도 수원시,3746,API_EXP_USD_AMT_UNVERIFIED_SCALE,https://www.data.go.kr/data/15134343/openapi.do,2026-10-07T08:12:52+09:00
2021.10,330499,41,경기도 시흥시,11309,API_EXP_USD_AMT_UNVERIFIED_SCALE,https://www.data.go.kr/data/15134343/openapi.do,2026-10-07T08:12:52+09:00
2021.10,330499,41,경기도 안산시,559,API_EXP_USD_AMT_UNVERIFIED_SCALE,https://www.data.go.kr/data/15134343/openapi.do,2026-10-07T08:12:52+09:00
2021.10,330499,41,경기도 안성시,1893,API_EXP_USD_AMT_UNVERIFIED_SCALE,https://www.data.go.kr/data/15134343/openapi.do,2026-10-07T08:12:52+09:00
2021.10,330499,41,경기도 안양시,5622,API_EXP_USD_AMT_UNVERIFIED_SCALE,https://www.data.go.kr/data/15134343/openapi.do,2026-10-07T08:12:52+09:00
2021.10,330499,41,경기도 양주시,84,API_EXP_USD_AMT_UNVERIFIED_SCALE,https://www.data.go.kr/data/15134343/openapi.do,2026-10-07T08:12:52+09:00
2021.10,330499,41,경기도 양평군,1,API_EXP_USD_AMT_UNVERIFIED_SCALE,https://www.data.go.kr/data/15134343/openapi.do,2026-10-07T08:12:52+09:00
2021.10,330499,41,경기도 여주군,2062,API_EXP_USD_AMT_UNVERIFIED_SCALE,https://www.data.go.kr/data/15134343/openapi.do,2026-10-07T08:12:52+09:00
2021.10,330499,41,경기도 연천군,0,API_EXP_USD_AMT_UNVERIFIED_SCALE,https://www.data.go.kr/data/15134343/openapi.do,2026-10-07T08:12:52+09:00
2021.10,330499,41,경기도 오산시,3341,API_EXP_USD_AMT_UNVERIFIED_SCALE,https://www.data.go.kr/data/15134343/openapi.do,2026-10-07T08:12:52+09:00
2021.10,330499,41,경기도 용인시,1099,API_EXP_USD_AMT_UNVERIFIED_SCALE,https://www.data.go.kr/data/15134343/openapi.do,2026-10-07T08:12:52+09:00
2021.10,330499,41,경기도 의왕시,920,API_EXP_USD_AMT_UNVERIFIED_SCALE,https://www.data.go.kr/data/15134343/openapi.do,2026-10-07T08:12:52+09:00
2021.10,330499,41,경기도 의정부시,210,API_EXP_USD_AMT_UNVERIFIED_SCALE,https://www.data.go.kr/data/15134343/openapi.do,2026-10-07T08:12:52+09:00
2021.10,330499,41,경기도 이천시,72,API_EXP_USD_AMT_UNVERIFIED_SCALE,https://www.data.go.kr/data/15134343/openapi.do,2026-10-07T08:12:52+09:00
2021.10,330499,41,경기도 파주시,2153,API_EXP_USD_AMT_UNVERIFIED_SCALE,https://www.data.go.kr/data/15134343/openapi.do,2026-10-07T08:12:52+09:00
2021.10,330499,41,경기도 평택시,2177,API_EXP_USD_AMT_UNVERIFIED_SCALE,https://www.data.go.kr/data/15134343/openapi.do,2026-10-07T08:12:52+09:00
2021.10,330499,41,경기도 포천군,225,API_EXP_USD_AMT_UNVERIFIED_SCALE,https://www.data.go.kr/data/15134343/openapi.do,2026-10-07T08:12:52+09:00
2021.10,330499,41,경기도 하남시,778,API_EXP_USD_AMT_UNVERIFIED_SCALE,https://www.data.go.kr/data/15134343/openapi.do,2026-10-07T08:12:52+09:00
2021.10,330499,41,경기도 화성시,15958,API_EXP_USD_AMT_UNVERIFIED_SCALE,https://www.data.go.kr/data/15134343/openapi.do,2026-10-07T08:12:52+09:00
2021.10,853400,27,대구광역시 달서구,551,API_EXP_USD_AMT_UNVERIFIED_SCALE,https://www.data.go.kr/data/15134343/openapi.do,2026-10-07T08:12:52+09:00
2021.10,853400,27,대구광역시 달성군,29257,API_EXP_USD_AMT_UNVERIFIED_SCALE,https://www.data.go.kr/data/15134343/openapi.do,2026-10-07T08:12:52+09:00
2021.10,853400,27,대구광역시 동구,0,API_EXP_USD_AMT_UNVERIFIED_SCALE,https://www.data.go.kr/data/15134343/openapi.do,2026-10-07T08:12:52+09:00
2021.10,853400,27,대구광역시 북구,0,API_EXP_USD_AMT_UNVERIFIED_SCALE,https://www.data.go.kr/data/15134343/openapi.do,2026-10-07T08:12:52+09:00
2021.10,853400,27,대구광역시 서구,0,API_EXP_USD_AMT_UNVERIFIED_SCALE,https://www.data.go.kr/data/15134343/openapi.do,2026-10-07T08:12:52+09:00
2021.10,853400,27,대구광역시 중구,0,API_EXP_USD_AMT_UNVERIFIED_SCALE,https://www.data.go.kr/data/15134343/openapi.do,2026-10-07T08:12:52+09:00
2021.10,853400,41,경기도 고양시,59,API_EXP_USD_AMT_UNVERIFIED_SCALE,https://www.data.go.kr/data/15134343/openapi.do,2026-10-07T08:12:52+09:00
2021.10,853400,41,경기도 광명시,44,API_EXP_USD_AMT_UNVERIFIED_SCALE,https://www.data.go.kr/data/15134343/openapi.do,2026-10-07T08:12:52+09:00
2021.10,853400,41,경기도 광주시,0,API_EXP_USD_AMT_UNVERIFIED_SCALE,https://www.data.go.kr/data/15134343/openapi.do,2026-10-07T08:12:52+09:00
2021.10,853400,41,경기도 구리시,0,API_EXP_USD_AMT_UNVERIFIED_SCALE,https://www.data.go.kr/data/15134343/openapi.do,2026-10-07T08:12:52+09:00
2021.10,853400,41,경기도 군포시,49,API_EXP_USD_AMT_UNVERIFIED_SCALE,https://www.data.go.kr/data/15134343/openapi.do,2026-10-07T08:12:52+09:00
2021.10,853400,41,경기도 김포시,85,API_EXP_USD_AMT_UNVERIFIED_SCALE,https://www.data.go.kr/data/15134343/openapi.do,2026-10-07T08:12:52+09:00
2021.10,853400,41,경기도 남양주시,0,API_EXP_USD_AMT_UNVERIFIED_SCALE,https://www.data.go.kr/data/15134343/openapi.do,2026-10-07T08:12:52+09:00
2021.10,853400,41,경기도 동두천시,0,API_EXP_USD_AMT_UNVERIFIED_SCALE,https://www.data.go.kr/data/15134343/openapi.do,2026-10-07T08:12:52+09:00
2021.10,853400,41,경기도 부천시,565,API_EXP_USD_AMT_UNVERIFIED_SCALE,https://www.data.go.kr/data/15134343/openapi.do,2026-10-07T08:12:52+09:00
2021.10,853400,41,경기도 성남시,1119,API_EXP_USD_AMT_UNVERIFIED_SCALE,https://www.data.go.kr/data/15134343/openapi.do,2026-10-07T08:12:52+09:00
2021.10,853400,41,경기도 수원시,47189,API_EXP_USD_AMT_UNVERIFIED_SCALE,https://www.data.go.kr/data/15134343/openapi.do,2026-10-07T08:12:52+09:00
2021.10,853400,41,경기도 시흥시,2530,API_EXP_USD_AMT_UNVERIFIED_SCALE,https://www.data.go.kr/data/15134343/openapi.do,2026-10-07T08:12:52+09:00
2021.10,853400,41,경기도 안산시,163775,API_EXP_USD_AMT_UNVERIFIED_SCALE,https://www.data.go.kr/data/15134343/openapi.do,2026-10-07T08:12:52+09:00
2021.10,853400,41,경기도 안성시,13992,API_EXP_USD_AMT_UNVERIFIED_SCALE,https://www.data.go.kr/data/15134343/openapi.do,2026-10-07T08:12:52+09:00
2021.10,853400,41,경기도 안양시,824,API_EXP_USD_AMT_UNVERIFIED_SCALE,https://www.data.go.kr/data/15134343/openapi.do,2026-10-07T08:12:52+09:00
2021.10,853400,41,경기도 양주시,0,API_EXP_USD_AMT_UNVERIFIED_SCALE,https://www.data.go.kr/data/15134343/openapi.do,2026-10-07T08:12:52+09:00
2021.10,853400,41,경기도 양평군,37,API_EXP_USD_AMT_UNVERIFIED_SCALE,https://www.data.go.kr/data/15134343/openapi.do,2026-10-07T08:12:52+09:00
2021.10,853400,41,경기도 여주군,0,API_EXP_USD_AMT_UNVERIFIED_SCALE,https://www.data.go.kr/data/15134343/openapi.do,2026-10-07T08:12:52+09:00
2021.10,853400,41,경기도 오산시,81,API_EXP_USD_AMT_UNVERIFIED_SCALE,https://www.data.go.kr/data/15134343/openapi.do,2026-10-07T08:12:52+09:00
2021.10,853400,41,경기도 용인시,703,API_EXP_USD_AMT_UNVERIFIED_SCALE,https://www.data.go.kr/data/15134343/openapi.do,2026-10-07T08:12:52+09:00
2021.10,853400,41,경기도 의왕시,0,API_EXP_USD_AMT_UNVERIFIED_SCALE,https://www.data.go.kr/data/15134343/openapi.do,2026-10-07T08:12:52+09:00
2021.10,853400,41,경기도 의정부시,0,API_EXP_USD_AMT_UNVERIFIED_SCALE,https://www.data.go.kr/data/15134343/openapi.do,2026-10-07T08:12:52+09:00
2021.10,853400,41,경기도 이천시,213,API_EXP_USD_AMT_UNVERIFIED_SCALE,https://www.data.go.kr/data/15134343/openapi.do,2026-10-07T08:12:52+09:00
2021.10,853400,41,경기도 파주시,1217,API_EXP_USD_AMT_UNVERIFIED_SCALE,https://www.data.go.kr/data/15134343/openapi.do,2026-10-07T08:12:52+09:00
2021.10,853400,41,경기도 평택시,1698,API_EXP_USD_AMT_UNVERIFIED_SCALE,https://www.data.go.kr/data/15134343/openapi.do,2026-10-07T08:12:52+09:00
2021.10,853400,41,경기도 포천군,2,API_EXP_USD_AMT_UNVERIFIED_SCALE,https://www.data.go.kr/data/15134343/openapi.do,2026-10-07T08:12:52+09:00
2021.10,853400,41,경기도 하남시,12,API_EXP_USD_AMT_UNVERIFIED_SCALE,https://www.data.go.kr/data/15134343/openapi.do,2026-10-07T08:12:52+09:00
2021.10,853400,41,경기도 화성시,1406,API_EXP_USD_AMT_UNVERIFIED_SCALE,https://www.data.go.kr/data/15134343/openapi.do,2026-10-07T08:12:52+09:00
2021.10,853400,43,충청북도 음성군,12,API_EXP_USD_AMT_UNVERIFIED_SCALE,https://www.data.go.kr/data/15134343/openapi.do,2026-10-07T08:12:52+09:00
2021.10,853400,43,충청북도 제천시,5,API_EXP_USD_AMT_UNVERIFIED_SCALE,https://www.data.go.kr/data/15134343/openapi.do,2026-10-07T08:12:52+09:00
2021.10,853400,43,충청북도 증평군,1158,API_EXP_USD_AMT_UNVERIFIED_SCALE,https://www.data.go.kr/data/15134343/openapi.do,2026-10-07T08:12:52+09:00
2021.10,853400,43,충청북도 진천군,82,API_EXP_USD_AMT_UNVERIFIED_SCALE,https://www.data.go.kr/data/15134343/openapi.do,2026-10-07T08:12:52+09:00
2021.10,853400,43,충청북도 청주시,59460,API_EXP_USD_AMT_UNVERIFIED_SCALE,https://www.data.go.kr/data/15134343/openapi.do,2026-10-07T08:12:52+09:00
2021.10,853400,43,충청북도 충주시,0,API_EXP_USD_AMT_UNVERIFIED_SCALE,https://www.data.go.kr/data/15134343/openapi.do,2026-10-07T08:12:52+09:00
2021.11,330499,36,세종특별자치시,3953,API_EXP_USD_AMT_UNVERIFIED_SCALE,https://www.data.go.kr/data/15134343/openapi.do,2026-10-07T08:12:52+09:00
2021.11,330499,41,경기도 가평군,0,API_EXP_USD_AMT_UNVERIFIED_SCALE,https://www.data.go.kr/data/15134343/openapi.do,2026-10-07T08:12:52+09:00
2021.11,330499,41,경기도 고양시,7901,API_EXP_USD_AMT_UNVERIFIED_SCALE,https://www.data.go.kr/data/15134343/openapi.do,2026-10-07T08:12:52+09:00
2021.11,330499,41,경기도 과천시,0,API_EXP_USD_AMT_UNVERIFIED_SCALE,https://www.data.go.kr/data/15134343/openapi.do,2026-10-07T08:12:52+09:00
2021.11,330499,41,경기도 광명시,788,API_EXP_USD_AMT_UNVERIFIED_SCALE,https://www.data.go.kr/data/15134343/openapi.do,2026-10-07T08:12:52+09:00
2021.11,330499,41,경기도 광주시,197,API_EXP_USD_AMT_UNVERIFIED_SCALE,https://www.data.go.kr/data/15134343/openapi.do,2026-10-07T08:12:52+09:00
2021.11,330499,41,경기도 구리시,557,API_EXP_USD_AMT_UNVERIFIED_SCALE,https://www.data.go.kr/data/15134343/openapi.do,2026-10-07T08:12:52+09:00
2021.11,330499,41,경기도 군포시,435,API_EXP_USD_AMT_UNVERIFIED_SCALE,https://www.data.go.kr/data/15134343/openapi.do,2026-10-07T08:12:52+09:00
2021.11,330499,41,경기도 김포시,21442,API_EXP_USD_AMT_UNVERIFIED_SCALE,https://www.data.go.kr/data/15134343/openapi.do,2026-10-07T08:12:52+09:00
2021.11,330499,41,경기도 남양주시,1630,API_EXP_USD_AMT_UNVERIFIED_SCALE,https://www.data.go.kr/data/15134343/openapi.do,2026-10-07T08:12:52+09:00
2021.11,330499,41,경기도 동두천시,0,API_EXP_USD_AMT_UNVERIFIED_SCALE,https://www.data.go.kr/data/15134343/openapi.do,2026-10-07T08:12:52+09:00
2021.11,330499,41,경기도 부천시,5726,API_EXP_USD_AMT_UNVERIFIED_SCALE,https://www.data.go.kr/data/15134343/openapi.do,2026-10-07T08:12:52+09:00
2021.11,330499,41,경기도 성남시,12031,API_EXP_USD_AMT_UNVERIFIED_SCALE,https://www.data.go.kr/data/15134343/openapi.do,2026-10-07T08:12:52+09:00
2021.11,330499,41,경기도 수원시,3363,API_EXP_USD_AMT_UNVERIFIED_SCALE,https://www.data.go.kr/data/15134343/openapi.do,2026-10-07T08:12:52+09:00
2021.11,330499,41,경기도 시흥시,5413,API_EXP_USD_AMT_UNVERIFIED_SCALE,https://www.data.go.kr/data/15134343/openapi.do,2026-10-07T08:12:52+09:00
2021.11,330499,41,경기도 안산시,1646,API_EXP_USD_AMT_UNVERIFIED_SCALE,https://www.data.go.kr/data/15134343/openapi.do,2026-10-07T08:12:52+09:00
2021.11,330499,41,경기도 안성시,2143,API_EXP_USD_AMT_UNVERIFIED_SCALE,https://www.data.go.kr/data/15134343/openapi.do,2026-10-07T08:12:52+09:00
2021.11,330499,41,경기도 안양시,8673,API_EXP_USD_AMT_UNVERIFIED_SCALE,https://www.data.go.kr/data/15134343/openapi.do,2026-10-07T08:12:52+09:00
2021.11,330499,41,경기도 양주시,102,API_EXP_USD_AMT_UNVERIFIED_SCALE,https://www.data.go.kr/data/15134343/openapi.do,2026-10-07T08:12:52+09:00
2021.11,330499,41,경기도 양평군,0,API_EXP_USD_AMT_UNVERIFIED_SCALE,https://www.data.go.kr/data/15134343/openapi.do,2026-10-07T08:12:52+09:00
2021.11,330499,41,경기도 여주군,2198,API_EXP_USD_AMT_UNVERIFIED_SCALE,https://www.data.go.kr/data/15134343/openapi.do,2026-10-07T08:12:52+09:00
2021.11,330499,41,경기도 연천군,0,API_EXP_USD_AMT_UNVERIFIED_SCALE,https://www.data.go.kr/data/15134343/openapi.do,2026-10-07T08:12:52+09:00
2021.11,330499,41,경기도 오산시,5258,API_EXP_USD_AMT_UNVERIFIED_SCALE,https://www.data.go.kr/data/15134343/openapi.do,2026-10-07T08:12:52+09:00
2021.11,330499,41,경기도 용인시,2534,API_EXP_USD_AMT_UNVERIFIED_SCALE,https://www.data.go.kr/data/15134343/openapi.do,2026-10-07T08:12:52+09:00
2021.11,330499,41,경기도 의왕시,2554,API_EXP_USD_AMT_UNVERIFIED_SCALE,https://www.data.go.kr/data/15134343/openapi.do,2026-10-07T08:12:52+09:00
2021.11,330499,41,경기도 의정부시,529,API_EXP_USD_AMT_UNVERIFIED_SCALE,https://www.data.go.kr/data/15134343/openapi.do,2026-10-07T08:12:52+09:00
2021.11,330499,41,경기도 이천시,191,API_EXP_USD_AMT_UNVERIFIED_SCALE,https://www.data.go.kr/data/15134343/openapi.do,2026-10-07T08:12:52+09:00
2021.11,330499,41,경기도 파주시,2484,API_EXP_USD_AMT_UNVERIFIED_SCALE,https://www.data.go.kr/data/15134343/openapi.do,2026-10-07T08:12:52+09:00
2021.11,330499,41,경기도 평택시,1491,API_EXP_USD_AMT_UNVERIFIED_SCALE,https://www.data.go.kr/data/15134343/openapi.do,2026-10-07T08:12:52+09:00
2021.11,330499,41,경기도 포천군,195,API_EXP_USD_AMT_UNVERIFIED_SCALE,https://www.data.go.kr/data/15134343/openapi.do,2026-10-07T08:12:52+09:00
2021.11,330499,41,경기도 하남시,1121,API_EXP_USD_AMT_UNVERIFIED_SCALE,https://www.data.go.kr/data/15134343/openapi.do,2026-10-07T08:12:52+09:00
2021.11,330499,41,경기도 화성시,18437,API_EXP_USD_AMT_UNVERIFIED_SCALE,https://www.data.go.kr/data/15134343/openapi.do,2026-10-07T08:12:52+09:00
2021.11,853400,27,대구광역시 달서구,691,API_EXP_USD_AMT_UNVERIFIED_SCALE,https://www.data.go.kr/data/15134343/openapi.do,2026-10-07T08:12:52+09:00
2021.11,853400,27,대구광역시 달성군,29654,API_EXP_USD_AMT_UNVERIFIED_SCALE,https://www.data.go.kr/data/15134343/openapi.do,2026-10-07T08:12:52+09:00
2021.11,853400,27,대구광역시 동구,0,API_EXP_USD_AMT_UNVERIFIED_SCALE,https://www.data.go.kr/data/15134343/openapi.do,2026-10-07T08:12:52+09:00
2021.11,853400,27,대구광역시 북구,0,API_EXP_USD_AMT_UNVERIFIED_SCALE,https://www.data.go.kr/data/15134343/openapi.do,2026-10-07T08:12:52+09:00
2021.11,853400,27,대구광역시 서구,2,API_EXP_USD_AMT_UNVERIFIED_SCALE,https://www.data.go.kr/data/15134343/openapi.do,2026-10-07T08:12:52+09:00
2021.11,853400,27,대구광역시 수성구,0,API_EXP_USD_AMT_UNVERIFIED_SCALE,https://www.data.go.kr/data/15134343/openapi.do,2026-10-07T08:12:52+09:00
2021.11,853400,27,대구광역시 중구,0,API_EXP_USD_AMT_UNVERIFIED_SCALE,https://www.data.go.kr/data/15134343/openapi.do,2026-10-07T08:12:52+09:00
2021.11,853400,41,경기도 가평군,0,API_EXP_USD_AMT_UNVERIFIED_SCALE,https://www.data.go.kr/data/15134343/openapi.do,2026-10-07T08:12:52+09:00
2021.11,853400,41,경기도 고양시,373,API_EXP_USD_AMT_UNVERIFIED_SCALE,https://www.data.go.kr/data/15134343/openapi.do,2026-10-07T08:12:52+09:00
2021.11,853400,41,경기도 과천시,0,API_EXP_USD_AMT_UNVERIFIED_SCALE,https://www.data.go.kr/data/15134343/openapi.do,2026-10-07T08:12:52+09:00
2021.11,853400,41,경기도 광명시,44,API_EXP_USD_AMT_UNVERIFIED_SCALE,https://www.data.go.kr/data/15134343/openapi.do,2026-10-07T08:12:52+09:00
2021.11,853400,41,경기도 광주시,0,API_EXP_USD_AMT_UNVERIFIED_SCALE,https://www.data.go.kr/data/15134343/openapi.do,2026-10-07T08:12:52+09:00
2021.11,853400,41,경기도 구리시,0,API_EXP_USD_AMT_UNVERIFIED_SCALE,https://www.data.go.kr/data/15134343/openapi.do,2026-10-07T08:12:52+09:00
2021.11,853400,41,경기도 군포시,111,API_EXP_USD_AMT_UNVERIFIED_SCALE,https://www.data.go.kr/data/15134343/openapi.do,2026-10-07T08:12:52+09:00
2021.11,853400,41,경기도 김포시,311,API_EXP_USD_AMT_UNVERIFIED_SCALE,https://www.data.go.kr/data/15134343/openapi.do,2026-10-07T08:12:52+09:00
2021.11,853400,41,경기도 남양주시,0,API_EXP_USD_AMT_UNVERIFIED_SCALE,https://www.data.go.kr/data/15134343/openapi.do,2026-10-07T08:12:52+09:00
2021.11,853400,41,경기도 동두천시,0,API_EXP_USD_AMT_UNVERIFIED_SCALE,https://www.data.go.kr/data/15134343/openapi.do,2026-10-07T08:12:52+09:00
2021.11,853400,41,경기도 부천시,691,API_EXP_USD_AMT_UNVERIFIED_SCALE,https://www.data.go.kr/data/15134343/openapi.do,2026-10-07T08:12:52+09:00
2021.11,853400,41,경기도 성남시,2426,API_EXP_USD_AMT_UNVERIFIED_SCALE,https://www.data.go.kr/data/15134343/openapi.do,2026-10-07T08:12:52+09:00
2021.11,853400,41,경기도 수원시,47793,API_EXP_USD_AMT_UNVERIFIED_SCALE,https://www.data.go.kr/data/15134343/openapi.do,2026-10-07T08:12:52+09:00
2021.11,853400,41,경기도 시흥시,2969,API_EXP_USD_AMT_UNVERIFIED_SCALE,https://www.data.go.kr/data/15134343/openapi.do,2026-10-07T08:12:52+09:00
2021.11,853400,41,경기도 안산시,161445,API_EXP_USD_AMT_UNVERIFIED_SCALE,https://www.data.go.kr/data/15134343/openapi.do,2026-10-07T08:12:52+09:00
2021.11,853400,41,경기도 안성시,14712,API_EXP_USD_AMT_UNVERIFIED_SCALE,https://www.data.go.kr/data/15134343/openapi.do,2026-10-07T08:12:52+09:00
2021.11,853400,41,경기도 안양시,767,API_EXP_USD_AMT_UNVERIFIED_SCALE,https://www.data.go.kr/data/15134343/openapi.do,2026-10-07T08:12:52+09:00
2021.11,853400,41,경기도 양주시,6,API_EXP_USD_AMT_UNVERIFIED_SCALE,https://www.data.go.kr/data/15134343/openapi.do,2026-10-07T08:12:52+09:00
2021.11,853400,41,경기도 양평군,0,API_EXP_USD_AMT_UNVERIFIED_SCALE,https://www.data.go.kr/data/15134343/openapi.do,2026-10-07T08:12:52+09:00
2021.11,853400,41,경기도 여주군,0,API_EXP_USD_AMT_UNVERIFIED_SCALE,https://www.data.go.kr/data/15134343/openapi.do,2026-10-07T08:12:52+09:00
2021.11,853400,41,경기도 오산시,60,API_EXP_USD_AMT_UNVERIFIED_SCALE,https://www.data.go.kr/data/15134343/openapi.do,2026-10-07T08:12:52+09:00
2021.11,853400,41,경기도 용인시,275,API_EXP_USD_AMT_UNVERIFIED_SCALE,https://www.data.go.kr/data/15134343/openapi.do,2026-10-07T08:12:52+09:00
2021.11,853400,41,경기도 의왕시,8,API_EXP_USD_AMT_UNVERIFIED_SCALE,https://www.data.go.kr/data/15134343/openapi.do,2026-10-07T08:12:52+09:00
2021.11,853400,41,경기도 의정부시,0,API_EXP_USD_AMT_UNVERIFIED_SCALE,https://www.data.go.kr/data/15134343/openapi.do,2026-10-07T08:12:52+09:00
2021.11,853400,41,경기도 이천시,15,API_EXP_USD_AMT_UNVERIFIED_SCALE,https://www.data.go.kr/data/15134343/openapi.do,2026-10-07T08:12:52+09:00
2021.11,853400,41,경기도 파주시,610,API_EXP_USD_AMT_UNVERIFIED_SCALE,https://www.data.go.kr/data/15134343/openapi.do,2026-10-07T08:12:52+09:00
2021.11,853400,41,경기도 평택시,3472,API_EXP_USD_AMT_UNVERIFIED_SCALE,https://www.data.go.kr/data/15134343/openapi.do,2026-10-07T08:12:52+09:00
2021.11,853400,41,경기도 포천군,0,API_EXP_USD_AMT_UNVERIFIED_SCALE,https://www.data.go.kr/data/15134343/openapi.do,2026-10-07T08:12:52+09:00
2021.11,853400,41,경기도 하남시,0,API_EXP_USD_AMT_UNVERIFIED_SCALE,https://www.data.go.kr/data/15134343/openapi.do,2026-10-07T08:12:52+09:00
2021.11,853400,41,경기도 화성시,1527,API_EXP_USD_AMT_UNVERIFIED_SCALE,https://www.data.go.kr/data/15134343/openapi.do,2026-10-07T08:12:52+09:00
2021.11,853400,43,충청북도 음성군,0,API_EXP_USD_AMT_UNVERIFIED_SCALE,https://www.data.go.kr/data/15134343/openapi.do,2026-10-07T08:12:52+09:00
2021.11,853400,43,충청북도 증평군,578,API_EXP_USD_AMT_UNVERIFIED_SCALE,https://www.data.go.kr/data/15134343/openapi.do,2026-10-07T08:12:52+09:00
2021.11,853400,43,충청북도 진천군,47,API_EXP_USD_AMT_UNVERIFIED_SCALE,https://www.data.go.kr/data/15134343/openapi.do,2026-10-07T08:12:52+09:00
2021.11,853400,43,충청북도 청주시,64889,API_EXP_USD_AMT_UNVERIFIED_SCALE,https://www.data.go.kr/data/15134343/openapi.do,2026-10-07T08:12:52+09:00
2021.11,853400,43,충청북도 충주시,0,API_EXP_USD_AMT_UNVERIFIED_SCALE,https://www.data.go.kr/data/15134343/openapi.do,2026-10-07T08:12:52+09:00
2021.12,330499,36,세종특별자치시,4241,API_EXP_USD_AMT_UNVERIFIED_SCALE,https://www.data.go.kr/data/15134343/openapi.do,2026-10-07T08:12:52+09:00
2021.12,330499,41,경기도 가평군,14,API_EXP_USD_AMT_UNVERIFIED_SCALE,https://www.data.go.kr/data/15134343/openapi.do,2026-10-07T08:12:52+09:00
2021.12,330499,41,경기도 고양시,3842,API_EXP_USD_AMT_UNVERIFIED_SCALE,https://www.data.go.kr/data/15134343/openapi.do,2026-10-07T08:12:52+09:00
2021.12,330499,41,경기도 과천시,3,API_EXP_USD_AMT_UNVERIFIED_SCALE,https://www.data.go.kr/data/15134343/openapi.do,2026-10-07T08:12:52+09:00
2021.12,330499,41,경기도 광명시,1003,API_EXP_USD_AMT_UNVERIFIED_SCALE,https://www.data.go.kr/data/15134343/openapi.do,2026-10-07T08:12:52+09:00
2021.12,330499,41,경기도 광주시,216,API_EXP_USD_AMT_UNVERIFIED_SCALE,https://www.data.go.kr/data/15134343/openapi.do,2026-10-07T08:12:52+09:00
2021.12,330499,41,경기도 구리시,932,API_EXP_USD_AMT_UNVERIFIED_SCALE,https://www.data.go.kr/data/15134343/openapi.do,2026-10-07T08:12:52+09:00
2021.12,330499,41,경기도 군포시,772,API_EXP_USD_AMT_UNVERIFIED_SCALE,https://www.data.go.kr/data/15134343/openapi.do,2026-10-07T08:12:52+09:00
2021.12,330499,41,경기도 김포시,21869,API_EXP_USD_AMT_UNVERIFIED_SCALE,https://www.data.go.kr/data/15134343/openapi.do,2026-10-07T08:12:52+09:00
2021.12,330499,41,경기도 남양주시,2120,API_EXP_USD_AMT_UNVERIFIED_SCALE,https://www.data.go.kr/data/15134343/openapi.do,2026-10-07T08:12:52+09:00
2021.12,330499,41,경기도 동두천시,0,API_EXP_USD_AMT_UNVERIFIED_SCALE,https://www.data.go.kr/data/15134343/openapi.do,2026-10-07T08:12:52+09:00
2021.12,330499,41,경기도 부천시,4815,API_EXP_USD_AMT_UNVERIFIED_SCALE,https://www.data.go.kr/data/15134343/openapi.do,2026-10-07T08:12:52+09:00
2021.12,330499,41,경기도 성남시,11861,API_EXP_USD_AMT_UNVERIFIED_SCALE,https://www.data.go.kr/data/15134343/openapi.do,2026-10-07T08:12:52+09:00
2021.12,330499,41,경기도 수원시,4478,API_EXP_USD_AMT_UNVERIFIED_SCALE,https://www.data.go.kr/data/15134343/openapi.do,2026-10-07T08:12:52+09:00
2021.12,330499,41,경기도 시흥시,3020,API_EXP_USD_AMT_UNVERIFIED_SCALE,https://www.data.go.kr/data/15134343/openapi.do,2026-10-07T08:12:52+09:00
2021.12,330499,41,경기도 안산시,879,API_EXP_USD_AMT_UNVERIFIED_SCALE,https://www.data.go.kr/data/15134343/openapi.do,2026-10-07T08:12:52+09:00
2021.12,330499,41,경기도 안성시,1724,API_EXP_USD_AMT_UNVERIFIED_SCALE,https://www.data.go.kr/data/15134343/openapi.do,2026-10-07T08:12:52+09:00
2021.12,330499,41,경기도 안양시,10487,API_EXP_USD_AMT_UNVERIFIED_SCALE,https://www.data.go.kr/data/15134343/openapi.do,2026-10-07T08:12:52+09:00
2021.12,330499,41,경기도 양주시,43,API_EXP_USD_AMT_UNVERIFIED_SCALE,https://www.data.go.kr/data/15134343/openapi.do,2026-10-07T08:12:52+09:00
2021.12,330499,41,경기도 양평군,2,API_EXP_USD_AMT_UNVERIFIED_SCALE,https://www.data.go.kr/data/15134343/openapi.do,2026-10-07T08:12:52+09:00
2021.12,330499,41,경기도 여주군,1047,API_EXP_USD_AMT_UNVERIFIED_SCALE,https://www.data.go.kr/data/15134343/openapi.do,2026-10-07T08:12:52+09:00
2021.12,330499,41,경기도 연천군,46,API_EXP_USD_AMT_UNVERIFIED_SCALE,https://www.data.go.kr/data/15134343/openapi.do,2026-10-07T08:12:52+09:00
2021.12,330499,41,경기도 오산시,6744,API_EXP_USD_AMT_UNVERIFIED_SCALE,https://www.data.go.kr/data/15134343/openapi.do,2026-10-07T08:12:52+09:00
2021.12,330499,41,경기도 용인시,1717,API_EXP_USD_AMT_UNVERIFIED_SCALE,https://www.data.go.kr/data/15134343/openapi.do,2026-10-07T08:12:52+09:00
2021.12,330499,41,경기도 의왕시,1234,API_EXP_USD_AMT_UNVERIFIED_SCALE,https://www.data.go.kr/data/15134343/openapi.do,2026-10-07T08:12:52+09:00
2021.12,330499,41,경기도 의정부시,620,API_EXP_USD_AMT_UNVERIFIED_SCALE,https://www.data.go.kr/data/15134343/openapi.do,2026-10-07T08:12:52+09:00
2021.12,330499,41,경기도 이천시,143,API_EXP_USD_AMT_UNVERIFIED_SCALE,https://www.data.go.kr/data/15134343/openapi.do,2026-10-07T08:12:52+09:00
2021.12,330499,41,경기도 파주시,1783,API_EXP_USD_AMT_UNVERIFIED_SCALE,https://www.data.go.kr/data/15134343/openapi.do,2026-10-07T08:12:52+09:00
2021.12,330499,41,경기도 평택시,1582,API_EXP_USD_AMT_UNVERIFIED_SCALE,https://www.data.go.kr/data/15134343/openapi.do,2026-10-07T08:12:52+09:00
2021.12,330499,41,경기도 포천군,154,API_EXP_USD_AMT_UNVERIFIED_SCALE,https://www.data.go.kr/data/15134343/openapi.do,2026-10-07T08:12:52+09:00
2021.12,330499,41,경기도 하남시,3412,API_EXP_USD_AMT_UNVERIFIED_SCALE,https://www.data.go.kr/data/15134343/openapi.do,2026-10-07T08:12:52+09:00
2021.12,330499,41,경기도 화성시,16482,API_EXP_USD_AMT_UNVERIFIED_SCALE,https://www.data.go.kr/data/15134343/openapi.do,2026-10-07T08:12:52+09:00
2021.12,853400,27,대구광역시 남구,0,API_EXP_USD_AMT_UNVERIFIED_SCALE,https://www.data.go.kr/data/15134343/openapi.do,2026-10-07T08:12:52+09:00
2021.12,853400,27,대구광역시 달서구,614,API_EXP_USD_AMT_UNVERIFIED_SCALE,https://www.data.go.kr/data/15134343/openapi.do,2026-10-07T08:12:52+09:00
2021.12,853400,27,대구광역시 달성군,27121,API_EXP_USD_AMT_UNVERIFIED_SCALE,https://www.data.go.kr/data/15134343/openapi.do,2026-10-07T08:12:52+09:00
2021.12,853400,27,대구광역시 동구,0,API_EXP_USD_AMT_UNVERIFIED_SCALE,https://www.data.go.kr/data/15134343/openapi.do,2026-10-07T08:12:52+09:00
2021.12,853400,27,대구광역시 북구,0,API_EXP_USD_AMT_UNVERIFIED_SCALE,https://www.data.go.kr/data/15134343/openapi.do,2026-10-07T08:12:52+09:00
2021.12,853400,27,대구광역시 서구,0,API_EXP_USD_AMT_UNVERIFIED_SCALE,https://www.data.go.kr/data/15134343/openapi.do,2026-10-07T08:12:52+09:00
2021.12,853400,27,대구광역시 수성구,0,API_EXP_USD_AMT_UNVERIFIED_SCALE,https://www.data.go.kr/data/15134343/openapi.do,2026-10-07T08:12:52+09:00
2021.12,853400,41,경기도 가평군,0,API_EXP_USD_AMT_UNVERIFIED_SCALE,https://www.data.go.kr/data/15134343/openapi.do,2026-10-07T08:12:52+09:00
2021.12,853400,41,경기도 고양시,556,API_EXP_USD_AMT_UNVERIFIED_SCALE,https://www.data.go.kr/data/15134343/openapi.do,2026-10-07T08:12:52+09:00
2021.12,853400,41,경기도 과천시,0,API_EXP_USD_AMT_UNVERIFIED_SCALE,https://www.data.go.kr/data/15134343/openapi.do,2026-10-07T08:12:52+09:00
2021.12,853400,41,경기도 광명시,44,API_EXP_USD_AMT_UNVERIFIED_SCALE,https://www.data.go.kr/data/15134343/openapi.do,2026-10-07T08:12:52+09:00
2021.12,853400,41,경기도 광주시,3,API_EXP_USD_AMT_UNVERIFIED_SCALE,https://www.data.go.kr/data/15134343/openapi.do,2026-10-07T08:12:52+09:00
2021.12,853400,41,경기도 군포시,22,API_EXP_USD_AMT_UNVERIFIED_SCALE,https://www.data.go.kr/data/15134343/openapi.do,2026-10-07T08:12:52+09:00
2021.12,853400,41,경기도 김포시,282,API_EXP_USD_AMT_UNVERIFIED_SCALE,https://www.data.go.kr/data/15134343/openapi.do,2026-10-07T08:12:52+09:00
2021.12,853400,41,경기도 남양주시,0,API_EXP_USD_AMT_UNVERIFIED_SCALE,https://www.data.go.kr/data/15134343/openapi.do,2026-10-07T08:12:52+09:00
2021.12,853400,41,경기도 동두천시,0,API_EXP_USD_AMT_UNVERIFIED_SCALE,https://www.data.go.kr/data/15134343/openapi.do,2026-10-07T08:12:52+09:00
2021.12,853400,41,경기도 부천시,570,API_EXP_USD_AMT_UNVERIFIED_SCALE,https://www.data.go.kr/data/15134343/openapi.do,2026-10-07T08:12:52+09:00
2021.12,853400,41,경기도 성남시,2854,API_EXP_USD_AMT_UNVERIFIED_SCALE,https://www.data.go.kr/data/15134343/openapi.do,2026-10-07T08:12:52+09:00
2021.12,853400,41,경기도 수원시,45959,API_EXP_USD_AMT_UNVERIFIED_SCALE,https://www.data.go.kr/data/15134343/openapi.do,2026-10-07T08:12:52+09:00
2021.12,853400,41,경기도 시흥시,2612,API_EXP_USD_AMT_UNVERIFIED_SCALE,https://www.data.go.kr/data/15134343/openapi.do,2026-10-07T08:12:52+09:00
2021.12,853400,41,경기도 안산시,168942,API_EXP_USD_AMT_UNVERIFIED_SCALE,https://www.data.go.kr/data/15134343/openapi.do,2026-10-07T08:12:52+09:00
2021.12,853400,41,경기도 안성시,12495,API_EXP_USD_AMT_UNVERIFIED_SCALE,https://www.data.go.kr/data/15134343/openapi.do,2026-10-07T08:12:52+09:00
2021.12,853400,41,경기도 안양시,717,API_EXP_USD_AMT_UNVERIFIED_SCALE,https://www.data.go.kr/data/15134343/openapi.do,2026-10-07T08:12:52+09:00
2021.12,853400,41,경기도 양주시,11,API_EXP_USD_AMT_UNVERIFIED_SCALE,https://www.data.go.kr/data/15134343/openapi.do,2026-10-07T08:12:52+09:00
2021.12,853400,41,경기도 양평군,46,API_EXP_USD_AMT_UNVERIFIED_SCALE,https://www.data.go.kr/data/15134343/openapi.do,2026-10-07T08:12:52+09:00
2021.12,853400,41,경기도 여주군,0,API_EXP_USD_AMT_UNVERIFIED_SCALE,https://www.data.go.kr/data/15134343/openapi.do,2026-10-07T08:12:52+09:00
2021.12,853400,41,경기도 오산시,29,API_EXP_USD_AMT_UNVERIFIED_SCALE,https://www.data.go.kr/data/15134343/openapi.do,2026-10-07T08:12:52+09:00
2021.12,853400,41,경기도 용인시,495,API_EXP_USD_AMT_UNVERIFIED_SCALE,https://www.data.go.kr/data/15134343/openapi.do,2026-10-07T08:12:52+09:00
2021.12,853400,41,경기도 의왕시,20,API_EXP_USD_AMT_UNVERIFIED_SCALE,https://www.data.go.kr/data/15134343/openapi.do,2026-10-07T08:12:52+09:00
2021.12,853400,41,경기도 의정부시,0,API_EXP_USD_AMT_UNVERIFIED_SCALE,https://www.data.go.kr/data/15134343/openapi.do,2026-10-07T08:12:52+09:00
2021.12,853400,41,경기도 이천시,517,API_EXP_USD_AMT_UNVERIFIED_SCALE,https://www.data.go.kr/data/15134343/openapi.do,2026-10-07T08:12:52+09:00
2021.12,853400,41,경기도 파주시,820,API_EXP_USD_AMT_UNVERIFIED_SCALE,https://www.data.go.kr/data/15134343/openapi.do,2026-10-07T08:12:52+09:00
2021.12,853400,41,경기도 평택시,5504,API_EXP_USD_AMT_UNVERIFIED_SCALE,https://www.data.go.kr/data/15134343/openapi.do,2026-10-07T08:12:52+09:00
2021.12,853400,41,경기도 포천군,0,API_EXP_USD_AMT_UNVERIFIED_SCALE,https://www.data.go.kr/data/15134343/openapi.do,2026-10-07T08:12:52+09:00
2021.12,853400,41,경기도 하남시,0,API_EXP_USD_AMT_UNVERIFIED_SCALE,https://www.data.go.kr/data/15134343/openapi.do,2026-10-07T08:12:52+09:00
2021.12,853400,41,경기도 화성시,1397,API_EXP_USD_AMT_UNVERIFIED_SCALE,https://www.data.go.kr/data/15134343/openapi.do,2026-10-07T08:12:52+09:00
2021.12,853400,43,충청북도 음성군,112,API_EXP_USD_AMT_UNVERIFIED_SCALE,https://www.data.go.kr/data/15134343/openapi.do,2026-10-07T08:12:52+09:00
2021.12,853400,43,충청북도 제천시,0,API_EXP_USD_AMT_UNVERIFIED_SCALE,https://www.data.go.kr/data/15134343/openapi.do,2026-10-07T08:12:52+09:00
2021.12,853400,43,충청북도 증평군,314,API_EXP_USD_AMT_UNVERIFIED_SCALE,https://www.data.go.kr/data/15134343/openapi.do,2026-10-07T08:12:52+09:00
2021.12,853400,43,충청북도 진천군,54,API_EXP_USD_AMT_UNVERIFIED_SCALE,https://www.data.go.kr/data/15134343/openapi.do,2026-10-07T08:12:52+09:00
2021.12,853400,43,충청북도 청주시,68514,API_EXP_USD_AMT_UNVERIFIED_SCALE,https://www.data.go.kr/data/15134343/openapi.do,2026-10-07T08:12:52+09:00
2021.12,853400,43,충청북도 충주시,0,API_EXP_USD_AMT_UNVERIFIED_SCALE,https://www.data.go.kr/data/15134343/openapi.do,2026-10-07T08:12:52+09:00
2022.01,330499,36,세종특별자치시,2912,API_EXP_USD_AMT_UNVERIFIED_SCALE,https://www.data.go.kr/data/15134343/openapi.do,2026-10-07T08:12:52+09:00
2022.01,330499,41,경기도 가평군,0,API_EXP_USD_AMT_UNVERIFIED_SCALE,https://www.data.go.kr/data/15134343/openapi.do,2026-10-07T08:12:52+09:00
2022.01,330499,41,경기도 고양시,4331,API_EXP_USD_AMT_UNVERIFIED_SCALE,https://www.data.go.kr/data/15134343/openapi.do,2026-10-07T08:12:52+09:00
2022.01,330499,41,경기도 과천시,0,API_EXP_USD_AMT_UNVERIFIED_SCALE,https://www.data.go.kr/data/15134343/openapi.do,2026-10-07T08:12:52+09:00
2022.01,330499,41,경기도 광명시,1349,API_EXP_USD_AMT_UNVERIFIED_SCALE,https://www.data.go.kr/data/15134343/openapi.do,2026-10-07T08:12:52+09:00
2022.01,330499,41,경기도 광주시,270,API_EXP_USD_AMT_UNVERIFIED_SCALE,https://www.data.go.kr/data/15134343/openapi.do,2026-10-07T08:12:52+09:00
2022.01,330499,41,경기도 구리시,1361,API_EXP_USD_AMT_UNVERIFIED_SCALE,https://www.data.go.kr/data/15134343/openapi.do,2026-10-07T08:12:52+09:00
2022.01,330499,41,경기도 군포시,314,API_EXP_USD_AMT_UNVERIFIED_SCALE,https://www.data.go.kr/data/15134343/openapi.do,2026-10-07T08:12:52+09:00
2022.01,330499,41,경기도 김포시,20987,API_EXP_USD_AMT_UNVERIFIED_SCALE,https://www.data.go.kr/data/15134343/openapi.do,2026-10-07T08:12:52+09:00
2022.01,330499,41,경기도 남양주시,1392,API_EXP_USD_AMT_UNVERIFIED_SCALE,https://www.data.go.kr/data/15134343/openapi.do,2026-10-07T08:12:52+09:00
2022.01,330499,41,경기도 동두천시,0,API_EXP_USD_AMT_UNVERIFIED_SCALE,https://www.data.go.kr/data/15134343/openapi.do,2026-10-07T08:12:52+09:00
2022.01,330499,41,경기도 부천시,5042,API_EXP_USD_AMT_UNVERIFIED_SCALE,https://www.data.go.kr/data/15134343/openapi.do,2026-10-07T08:12:52+09:00
2022.01,330499,41,경기도 성남시,13643,API_EXP_USD_AMT_UNVERIFIED_SCALE,https://www.data.go.kr/data/15134343/openapi.do,2026-10-07T08:12:52+09:00
2022.01,330499,41,경기도 수원시,2440,API_EXP_USD_AMT_UNVERIFIED_SCALE,https://www.data.go.kr/data/15134343/openapi.do,2026-10-07T08:12:52+09:00
2022.01,330499,41,경기도 시흥시,3965,API_EXP_USD_AMT_UNVERIFIED_SCALE,https://www.data.go.kr/data/15134343/openapi.do,2026-10-07T08:12:52+09:00
2022.01,330499,41,경기도 안산시,937,API_EXP_USD_AMT_UNVERIFIED_SCALE,https://www.data.go.kr/data/15134343/openapi.do,2026-10-07T08:12:52+09:00
2022.01,330499,41,경기도 안성시,1519,API_EXP_USD_AMT_UNVERIFIED_SCALE,https://www.data.go.kr/data/15134343/openapi.do,2026-10-07T08:12:52+09:00
2022.01,330499,41,경기도 안양시,6851,API_EXP_USD_AMT_UNVERIFIED_SCALE,https://www.data.go.kr/data/15134343/openapi.do,2026-10-07T08:12:52+09:00
2022.01,330499,41,경기도 양주시,168,API_EXP_USD_AMT_UNVERIFIED_SCALE,https://www.data.go.kr/data/15134343/openapi.do,2026-10-07T08:12:52+09:00
2022.01,330499,41,경기도 양평군,7,API_EXP_USD_AMT_UNVERIFIED_SCALE,https://www.data.go.kr/data/15134343/openapi.do,2026-10-07T08:12:52+09:00
2022.01,330499,41,경기도 여주군,1012,API_EXP_USD_AMT_UNVERIFIED_SCALE,https://www.data.go.kr/data/15134343/openapi.do,2026-10-07T08:12:52+09:00
2022.01,330499,41,경기도 연천군,0,API_EXP_USD_AMT_UNVERIFIED_SCALE,https://www.data.go.kr/data/15134343/openapi.do,2026-10-07T08:12:52+09:00
2022.01,330499,41,경기도 오산시,3234,API_EXP_USD_AMT_UNVERIFIED_SCALE,https://www.data.go.kr/data/15134343/openapi.do,2026-10-07T08:12:52+09:00
2022.01,330499,41,경기도 용인시,2017,API_EXP_USD_AMT_UNVERIFIED_SCALE,https://www.data.go.kr/data/15134343/openapi.do,2026-10-07T08:12:52+09:00
2022.01,330499,41,경기도 의왕시,212,API_EXP_USD_AMT_UNVERIFIED_SCALE,https://www.data.go.kr/data/15134343/openapi.do,2026-10-07T08:12:52+09:00
2022.01,330499,41,경기도 의정부시,33,API_EXP_USD_AMT_UNVERIFIED_SCALE,https://www.data.go.kr/data/15134343/openapi.do,2026-10-07T08:12:52+09:00
2022.01,330499,41,경기도 이천시,67,API_EXP_USD_AMT_UNVERIFIED_SCALE,https://www.data.go.kr/data/15134343/openapi.do,2026-10-07T08:12:52+09:00
2022.01,330499,41,경기도 파주시,1534,API_EXP_USD_AMT_UNVERIFIED_SCALE,https://www.data.go.kr/data/15134343/openapi.do,2026-10-07T08:12:52+09:00
2022.01,330499,41,경기도 평택시,2067,API_EXP_USD_AMT_UNVERIFIED_SCALE,https://www.data.go.kr/data/15134343/openapi.do,2026-10-07T08:12:52+09:00
2022.01,330499,41,경기도 포천군,209,API_EXP_USD_AMT_UNVERIFIED_SCALE,https://www.data.go.kr/data/15134343/openapi.do,2026-10-07T08:12:52+09:00
2022.01,330499,41,경기도 하남시,1283,API_EXP_USD_AMT_UNVERIFIED_SCALE,https://www.data.go.kr/data/15134343/openapi.do,2026-10-07T08:12:52+09:00
2022.01,330499,41,경기도 화성시,15198,API_EXP_USD_AMT_UNVERIFIED_SCALE,https://www.data.go.kr/data/15134343/openapi.do,2026-10-07T08:12:52+09:00
2022.01,853400,27,대구광역시 달서구,590,API_EXP_USD_AMT_UNVERIFIED_SCALE,https://www.data.go.kr/data/15134343/openapi.do,2026-10-07T08:12:52+09:00
2022.01,853400,27,대구광역시 달성군,36760,API_EXP_USD_AMT_UNVERIFIED_SCALE,https://www.data.go.kr/data/15134343/openapi.do,2026-10-07T08:12:52+09:00
2022.01,853400,27,대구광역시 동구,0,API_EXP_USD_AMT_UNVERIFIED_SCALE,https://www.data.go.kr/data/15134343/openapi.do,2026-10-07T08:12:52+09:00
2022.01,853400,27,대구광역시 북구,0,API_EXP_USD_AMT_UNVERIFIED_SCALE,https://www.data.go.kr/data/15134343/openapi.do,2026-10-07T08:12:52+09:00
2022.01,853400,27,대구광역시 서구,3,API_EXP_USD_AMT_UNVERIFIED_SCALE,https://www.data.go.kr/data/15134343/openapi.do,2026-10-07T08:12:52+09:00
2022.01,853400,27,대구광역시 수성구,0,API_EXP_USD_AMT_UNVERIFIED_SCALE,https://www.data.go.kr/data/15134343/openapi.do,2026-10-07T08:12:52+09:00
2022.01,853400,27,대구광역시 중구,0,API_EXP_USD_AMT_UNVERIFIED_SCALE,https://www.data.go.kr/data/15134343/openapi.do,2026-10-07T08:12:52+09:00
2022.01,853400,41,경기도 고양시,298,API_EXP_USD_AMT_UNVERIFIED_SCALE,https://www.data.go.kr/data/15134343/openapi.do,2026-10-07T08:12:52+09:00
2022.01,853400,41,경기도 과천시,0,API_EXP_USD_AMT_UNVERIFIED_SCALE,https://www.data.go.kr/data/15134343/openapi.do,2026-10-07T08:12:52+09:00
2022.01,853400,41,경기도 광명시,44,API_EXP_USD_AMT_UNVERIFIED_SCALE,https://www.data.go.kr/data/15134343/openapi.do,2026-10-07T08:12:52+09:00
2022.01,853400,41,경기도 광주시,0,API_EXP_USD_AMT_UNVERIFIED_SCALE,https://www.data.go.kr/data/15134343/openapi.do,2026-10-07T08:12:52+09:00
2022.01,853400,41,경기도 군포시,38,API_EXP_USD_AMT_UNVERIFIED_SCALE,https://www.data.go.kr/data/15134343/openapi.do,2026-10-07T08:12:52+09:00
2022.01,853400,41,경기도 김포시,162,API_EXP_USD_AMT_UNVERIFIED_SCALE,https://www.data.go.kr/data/15134343/openapi.do,2026-10-07T08:12:52+09:00
2022.01,853400,41,경기도 남양주시,0,API_EXP_USD_AMT_UNVERIFIED_SCALE,https://www.data.go.kr/data/15134343/openapi.do,2026-10-07T08:12:52+09:00
2022.01,853400,41,경기도 부천시,447,API_EXP_USD_AMT_UNVERIFIED_SCALE,https://www.data.go.kr/data/15134343/openapi.do,2026-10-07T08:12:52+09:00
2022.01,853400,41,경기도 성남시,2337,API_EXP_USD_AMT_UNVERIFIED_SCALE,https://www.data.go.kr/data/15134343/openapi.do,2026-10-07T08:12:52+09:00
2022.01,853400,41,경기도 수원시,47190,API_EXP_USD_AMT_UNVERIFIED_SCALE,https://www.data.go.kr/data/15134343/openapi.do,2026-10-07T08:12:52+09:00
2022.01,853400,41,경기도 시흥시,2578,API_EXP_USD_AMT_UNVERIFIED_SCALE,https://www.data.go.kr/data/15134343/openapi.do,2026-10-07T08:12:52+09:00
2022.01,853400,41,경기도 안산시,159499,API_EXP_USD_AMT_UNVERIFIED_SCALE,https://www.data.go.kr/data/15134343/openapi.do,2026-10-07T08:12:52+09:00
2022.01,853400,41,경기도 안성시,12665,API_EXP_USD_AMT_UNVERIFIED_SCALE,https://www.data.go.kr/data/15134343/openapi.do,2026-10-07T08:12:52+09:00
2022.01,853400,41,경기도 안양시,717,API_EXP_USD_AMT_UNVERIFIED_SCALE,https://www.data.go.kr/data/15134343/openapi.do,2026-10-07T08:12:52+09:00
2022.01,853400,41,경기도 양주시,0,API_EXP_USD_AMT_UNVERIFIED_SCALE,https://www.data.go.kr/data/15134343/openapi.do,2026-10-07T08:12:52+09:00
2022.01,853400,41,경기도 양평군,57,API_EXP_USD_AMT_UNVERIFIED_SCALE,https://www.data.go.kr/data/15134343/openapi.do,2026-10-07T08:12:52+09:00
2022.01,853400,41,경기도 여주군,0,API_EXP_USD_AMT_UNVERIFIED_SCALE,https://www.data.go.kr/data/15134343/openapi.do,2026-10-07T08:12:52+09:00
2022.01,853400,41,경기도 오산시,4,API_EXP_USD_AMT_UNVERIFIED_SCALE,https://www.data.go.kr/data/15134343/openapi.do,2026-10-07T08:12:52+09:00
2022.01,853400,41,경기도 용인시,533,API_EXP_USD_AMT_UNVERIFIED_SCALE,https://www.data.go.kr/data/15134343/openapi.do,2026-10-07T08:12:52+09:00
2022.01,853400,41,경기도 의왕시,2,API_EXP_USD_AMT_UNVERIFIED_SCALE,https://www.data.go.kr/data/15134343/openapi.do,2026-10-07T08:12:52+09:00
2022.01,853400,41,경기도 의정부시,0,API_EXP_USD_AMT_UNVERIFIED_SCALE,https://www.data.go.kr/data/15134343/openapi.do,2026-10-07T08:12:52+09:00
2022.01,853400,41,경기도 이천시,237,API_EXP_USD_AMT_UNVERIFIED_SCALE,https://www.data.go.kr/data/15134343/openapi.do,2026-10-07T08:12:52+09:00
2022.01,853400,41,경기도 파주시,974,API_EXP_USD_AMT_UNVERIFIED_SCALE,https://www.data.go.kr/data/15134343/openapi.do,2026-10-07T08:12:52+09:00
2022.01,853400,41,경기도 평택시,3739,API_EXP_USD_AMT_UNVERIFIED_SCALE,https://www.data.go.kr/data/15134343/openapi.do,2026-10-07T08:12:52+09:00
2022.01,853400,41,경기도 포천군,0,API_EXP_USD_AMT_UNVERIFIED_SCALE,https://www.data.go.kr/data/15134343/openapi.do,2026-10-07T08:12:52+09:00
2022.01,853400,41,경기도 하남시,1,API_EXP_USD_AMT_UNVERIFIED_SCALE,https://www.data.go.kr/data/15134343/openapi.do,2026-10-07T08:12:52+09:00
2022.01,853400,41,경기도 화성시,1396,API_EXP_USD_AMT_UNVERIFIED_SCALE,https://www.data.go.kr/data/15134343/openapi.do,2026-10-07T08:12:52+09:00
2022.01,853400,43,충청북도 괴산군,0,API_EXP_USD_AMT_UNVERIFIED_SCALE,https://www.data.go.kr/data/15134343/openapi.do,2026-10-07T08:12:52+09:00
2022.01,853400,43,충청북도 음성군,20,API_EXP_USD_AMT_UNVERIFIED_SCALE,https://www.data.go.kr/data/15134343/openapi.do,2026-10-07T08:12:52+09:00
2022.01,853400,43,충청북도 증평군,779,API_EXP_USD_AMT_UNVERIFIED_SCALE,https://www.data.go.kr/data/15134343/openapi.do,2026-10-07T08:12:52+09:00
2022.01,853400,43,충청북도 진천군,178,API_EXP_USD_AMT_UNVERIFIED_SCALE,https://www.data.go.kr/data/15134343/openapi.do,2026-10-07T08:12:52+09:00
2022.01,853400,43,충청북도 청주시,64389,API_EXP_USD_AMT_UNVERIFIED_SCALE,https://www.data.go.kr/data/15134343/openapi.do,2026-10-07T08:12:52+09:00
2022.01,853400,43,충청북도 충주시,0,API_EXP_USD_AMT_UNVERIFIED_SCALE,https://www.data.go.kr/data/15134343/openapi.do,2026-10-07T08:12:52+09:00
2022.02,330499,36,세종특별자치시,2673,API_EXP_USD_AMT_UNVERIFIED_SCALE,https://www.data.go.kr/data/15134343/openapi.do,2026-10-07T08:12:52+09:00
2022.02,330499,41,경기도 가평군,0,API_EXP_USD_AMT_UNVERIFIED_SCALE,https://www.data.go.kr/data/15134343/openapi.do,2026-10-07T08:12:52+09:00
2022.02,330499,41,경기도 고양시,3787,API_EXP_USD_AMT_UNVERIFIED_SCALE,https://www.data.go.kr/data/15134343/openapi.do,2026-10-07T08:12:52+09:00
2022.02,330499,41,경기도 과천시,0,API_EXP_USD_AMT_UNVERIFIED_SCALE,https://www.data.go.kr/data/15134343/openapi.do,2026-10-07T08:12:52+09:00
2022.02,330499,41,경기도 광명시,842,API_EXP_USD_AMT_UNVERIFIED_SCALE,https://www.data.go.kr/data/15134343/openapi.do,2026-10-07T08:12:52+09:00
2022.02,330499,41,경기도 광주시,165,API_EXP_USD_AMT_UNVERIFIED_SCALE,https://www.data.go.kr/data/15134343/openapi.do,2026-10-07T08:12:52+09:00
2022.02,330499,41,경기도 구리시,1262,API_EXP_USD_AMT_UNVERIFIED_SCALE,https://www.data.go.kr/data/15134343/openapi.do,2026-10-07T08:12:52+09:00
2022.02,330499,41,경기도 군포시,572,API_EXP_USD_AMT_UNVERIFIED_SCALE,https://www.data.go.kr/data/15134343/openapi.do,2026-10-07T08:12:52+09:00
2022.02,330499,41,경기도 김포시,19525,API_EXP_USD_AMT_UNVERIFIED_SCALE,https://www.data.go.kr/data/15134343/openapi.do,2026-10-07T08:12:52+09:00
2022.02,330499,41,경기도 남양주시,579,API_EXP_USD_AMT_UNVERIFIED_SCALE,https://www.data.go.kr/data/15134343/openapi.do,2026-10-07T08:12:52+09:00
2022.02,330499,41,경기도 동두천시,6,API_EXP_USD_AMT_UNVERIFIED_SCALE,https://www.data.go.kr/data/15134343/openapi.do,2026-10-07T08:12:52+09:00
2022.02,330499,41,경기도 부천시,5525,API_EXP_USD_AMT_UNVERIFIED_SCALE,https://www.data.go.kr/data/15134343/openapi.do,2026-10-07T08:12:52+09:00
2022.02,330499,41,경기도 성남시,12557,API_EXP_USD_AMT_UNVERIFIED_SCALE,https://www.data.go.kr/data/15134343/openapi.do,2026-10-07T08:12:52+09:00
2022.02,330499,41,경기도 수원시,2481,API_EXP_USD_AMT_UNVERIFIED_SCALE,https://www.data.go.kr/data/15134343/openapi.do,2026-10-07T08:12:52+09:00
2022.02,330499,41,경기도 시흥시,3609,API_EXP_USD_AMT_UNVERIFIED_SCALE,https://www.data.go.kr/data/15134343/openapi.do,2026-10-07T08:12:52+09:00
2022.02,330499,41,경기도 안산시,1683,API_EXP_USD_AMT_UNVERIFIED_SCALE,https://www.data.go.kr/data/15134343/openapi.do,2026-10-07T08:12:52+09:00
2022.02,330499,41,경기도 안성시,1522,API_EXP_USD_AMT_UNVERIFIED_SCALE,https://www.data.go.kr/data/15134343/openapi.do,2026-10-07T08:12:52+09:00
2022.02,330499,41,경기도 안양시,4756,API_EXP_USD_AMT_UNVERIFIED_SCALE,https://www.data.go.kr/data/15134343/openapi.do,2026-10-07T08:12:52+09:00
2022.02,330499,41,경기도 양주시,2320,API_EXP_USD_AMT_UNVERIFIED_SCALE,https://www.data.go.kr/data/15134343/openapi.do,2026-10-07T08:12:52+09:00
2022.02,330499,41,경기도 양평군,9,API_EXP_USD_AMT_UNVERIFIED_SCALE,https://www.data.go.kr/data/15134343/openapi.do,2026-10-07T08:12:52+09:00
2022.02,330499,41,경기도 여주군,2129,API_EXP_USD_AMT_UNVERIFIED_SCALE,https://www.data.go.kr/data/15134343/openapi.do,2026-10-07T08:12:52+09:00
2022.02,330499,41,경기도 연천군,0,API_EXP_USD_AMT_UNVERIFIED_SCALE,https://www.data.go.kr/data/15134343/openapi.do,2026-10-07T08:12:52+09:00
2022.02,330499,41,경기도 오산시,4584,API_EXP_USD_AMT_UNVERIFIED_SCALE,https://www.data.go.kr/data/15134343/openapi.do,2026-10-07T08:12:52+09:00
2022.02,330499,41,경기도 용인시,1522,API_EXP_USD_AMT_UNVERIFIED_SCALE,https://www.data.go.kr/data/15134343/openapi.do,2026-10-07T08:12:52+09:00
2022.02,330499,41,경기도 의왕시,774,API_EXP_USD_AMT_UNVERIFIED_SCALE,https://www.data.go.kr/data/15134343/openapi.do,2026-10-07T08:12:52+09:00
2022.02,330499,41,경기도 의정부시,31,API_EXP_USD_AMT_UNVERIFIED_SCALE,https://www.data.go.kr/data/15134343/openapi.do,2026-10-07T08:12:52+09:00
2022.02,330499,41,경기도 이천시,75,API_EXP_USD_AMT_UNVERIFIED_SCALE,https://www.data.go.kr/data/15134343/openapi.do,2026-10-07T08:12:52+09:00
2022.02,330499,41,경기도 파주시,1034,API_EXP_USD_AMT_UNVERIFIED_SCALE,https://www.data.go.kr/data/15134343/openapi.do,2026-10-07T08:12:52+09:00
2022.02,330499,41,경기도 평택시,3527,API_EXP_USD_AMT_UNVERIFIED_SCALE,https://www.data.go.kr/data/15134343/openapi.do,2026-10-07T08:12:52+09:00
2022.02,330499,41,경기도 포천군,184,API_EXP_USD_AMT_UNVERIFIED_SCALE,https://www.data.go.kr/data/15134343/openapi.do,2026-10-07T08:12:52+09:00
2022.02,330499,41,경기도 하남시,1084,API_EXP_USD_AMT_UNVERIFIED_SCALE,https://www.data.go.kr/data/15134343/openapi.do,2026-10-07T08:12:52+09:00
2022.02,330499,41,경기도 화성시,16290,API_EXP_USD_AMT_UNVERIFIED_SCALE,https://www.data.go.kr/data/15134343/openapi.do,2026-10-07T08:12:52+09:00
2022.02,853400,27,대구광역시 남구,0,API_EXP_USD_AMT_UNVERIFIED_SCALE,https://www.data.go.kr/data/15134343/openapi.do,2026-10-07T08:12:52+09:00
2022.02,853400,27,대구광역시 달서구,537,API_EXP_USD_AMT_UNVERIFIED_SCALE,https://www.data.go.kr/data/15134343/openapi.do,2026-10-07T08:12:52+09:00
2022.02,853400,27,대구광역시 달성군,24327,API_EXP_USD_AMT_UNVERIFIED_SCALE,https://www.data.go.kr/data/15134343/openapi.do,2026-10-07T08:12:52+09:00
2022.02,853400,27,대구광역시 동구,0,API_EXP_USD_AMT_UNVERIFIED_SCALE,https://www.data.go.kr/data/15134343/openapi.do,2026-10-07T08:12:52+09:00
2022.02,853400,27,대구광역시 북구,0,API_EXP_USD_AMT_UNVERIFIED_SCALE,https://www.data.go.kr/data/15134343/openapi.do,2026-10-07T08:12:52+09:00
2022.02,853400,27,대구광역시 서구,0,API_EXP_USD_AMT_UNVERIFIED_SCALE,https://www.data.go.kr/data/15134343/openapi.do,2026-10-07T08:12:52+09:00
2022.02,853400,27,대구광역시 수성구,0,API_EXP_USD_AMT_UNVERIFIED_SCALE,https://www.data.go.kr/data/15134343/openapi.do,2026-10-07T08:12:52+09:00
2022.02,853400,27,대구광역시 중구,0,API_EXP_USD_AMT_UNVERIFIED_SCALE,https://www.data.go.kr/data/15134343/openapi.do,2026-10-07T08:12:52+09:00
2022.02,853400,41,경기도 고양시,422,API_EXP_USD_AMT_UNVERIFIED_SCALE,https://www.data.go.kr/data/15134343/openapi.do,2026-10-07T08:12:52+09:00
2022.02,853400,41,경기도 과천시,0,API_EXP_USD_AMT_UNVERIFIED_SCALE,https://www.data.go.kr/data/15134343/openapi.do,2026-10-07T08:12:52+09:00
2022.02,853400,41,경기도 광명시,44,API_EXP_USD_AMT_UNVERIFIED_SCALE,https://www.data.go.kr/data/15134343/openapi.do,2026-10-07T08:12:52+09:00
2022.02,853400,41,경기도 광주시,1,API_EXP_USD_AMT_UNVERIFIED_SCALE,https://www.data.go.kr/data/15134343/openapi.do,2026-10-07T08:12:52+09:00
2022.02,853400,41,경기도 구리시,0,API_EXP_USD_AMT_UNVERIFIED_SCALE,https://www.data.go.kr/data/15134343/openapi.do,2026-10-07T08:12:52+09:00
2022.02,853400,41,경기도 군포시,25,API_EXP_USD_AMT_UNVERIFIED_SCALE,https://www.data.go.kr/data/15134343/openapi.do,2026-10-07T08:12:52+09:00
2022.02,853400,41,경기도 김포시,214,API_EXP_USD_AMT_UNVERIFIED_SCALE,https://www.data.go.kr/data/15134343/openapi.do,2026-10-07T08:12:52+09:00
2022.02,853400,41,경기도 부천시,498,API_EXP_USD_AMT_UNVERIFIED_SCALE,https://www.data.go.kr/data/15134343/openapi.do,2026-10-07T08:12:52+09:00
2022.02,853400,41,경기도 성남시,3871,API_EXP_USD_AMT_UNVERIFIED_SCALE,https://www.data.go.kr/data/15134343/openapi.do,2026-10-07T08:12:52+09:00
2022.02,853400,41,경기도 수원시,46356,API_EXP_USD_AMT_UNVERIFIED_SCALE,https://www.data.go.kr/data/15134343/openapi.do,2026-10-07T08:12:52+09:00
2022.02,853400,41,경기도 시흥시,3107,API_EXP_USD_AMT_UNVERIFIED_SCALE,https://www.data.go.kr/data/15134343/openapi.do,2026-10-07T08:12:52+09:00
2022.02,853400,41,경기도 안산시,157166,API_EXP_USD_AMT_UNVERIFIED_SCALE,https://www.data.go.kr/data/15134343/openapi.do,2026-10-07T08:12:52+09:00
2022.02,853400,41,경기도 안성시,13938,API_EXP_USD_AMT_UNVERIFIED_SCALE,https://www.data.go.kr/data/15134343/openapi.do,2026-10-07T08:12:52+09:00
2022.02,853400,41,경기도 안양시,686,API_EXP_USD_AMT_UNVERIFIED_SCALE,https://www.data.go.kr/data/15134343/openapi.do,2026-10-07T08:12:52+09:00
2022.02,853400,41,경기도 양주시,4,API_EXP_USD_AMT_UNVERIFIED_SCALE,https://www.data.go.kr/data/15134343/openapi.do,2026-10-07T08:12:52+09:00
2022.02,853400,41,경기도 양평군,0,API_EXP_USD_AMT_UNVERIFIED_SCALE,https://www.data.go.kr/data/15134343/openapi.do,2026-10-07T08:12:52+09:00
2022.02,853400,41,경기도 오산시,43,API_EXP_USD_AMT_UNVERIFIED_SCALE,https://www.data.go.kr/data/15134343/openapi.do,2026-10-07T08:12:52+09:00
2022.02,853400,41,경기도 용인시,210,API_EXP_USD_AMT_UNVERIFIED_SCALE,https://www.data.go.kr/data/15134343/openapi.do,2026-10-07T08:12:52+09:00
2022.02,853400,41,경기도 의왕시,6,API_EXP_USD_AMT_UNVERIFIED_SCALE,https://www.data.go.kr/data/15134343/openapi.do,2026-10-07T08:12:52+09:00
2022.02,853400,41,경기도 의정부시,0,API_EXP_USD_AMT_UNVERIFIED_SCALE,https://www.data.go.kr/data/15134343/openapi.do,2026-10-07T08:12:52+09:00
2022.02,853400,41,경기도 이천시,10,API_EXP_USD_AMT_UNVERIFIED_SCALE,https://www.data.go.kr/data/15134343/openapi.do,2026-10-07T08:12:52+09:00
2022.02,853400,41,경기도 파주시,843,API_EXP_USD_AMT_UNVERIFIED_SCALE,https://www.data.go.kr/data/15134343/openapi.do,2026-10-07T08:12:52+09:00
2022.02,853400,41,경기도 평택시,4378,API_EXP_USD_AMT_UNVERIFIED_SCALE,https://www.data.go.kr/data/15134343/openapi.do,2026-10-07T08:12:52+09:00
2022.02,853400,41,경기도 포천군,0,API_EXP_USD_AMT_UNVERIFIED_SCALE,https://www.data.go.kr/data/15134343/openapi.do,2026-10-07T08:12:52+09:00
2022.02,853400,41,경기도 하남시,0,API_EXP_USD_AMT_UNVERIFIED_SCALE,https://www.data.go.kr/data/15134343/openapi.do,2026-10-07T08:12:52+09:00
2022.02,853400,41,경기도 화성시,2436,API_EXP_USD_AMT_UNVERIFIED_SCALE,https://www.data.go.kr/data/15134343/openapi.do,2026-10-07T08:12:52+09:00
2022.02,853400,43,충청북도 괴산군,0,API_EXP_USD_AMT_UNVERIFIED_SCALE,https://www.data.go.kr/data/15134343/openapi.do,2026-10-07T08:12:52+09:00
2022.02,853400,43,충청북도 음성군,27,API_EXP_USD_AMT_UNVERIFIED_SCALE,https://www.data.go.kr/data/15134343/openapi.do,2026-10-07T08:12:52+09:00
2022.02,853400,43,충청북도 제천시,2,API_EXP_USD_AMT_UNVERIFIED_SCALE,https://www.data.go.kr/data/15134343/openapi.do,2026-10-07T08:12:52+09:00
2022.02,853400,43,충청북도 증평군,1066,API_EXP_USD_AMT_UNVERIFIED_SCALE,https://www.data.go.kr/data/15134343/openapi.do,2026-10-07T08:12:52+09:00
2022.02,853400,43,충청북도 진천군,100,API_EXP_USD_AMT_UNVERIFIED_SCALE,https://www.data.go.kr/data/15134343/openapi.do,2026-10-07T08:12:52+09:00
2022.02,853400,43,충청북도 청주시,64675,API_EXP_USD_AMT_UNVERIFIED_SCALE,https://www.data.go.kr/data/15134343/openapi.do,2026-10-07T08:12:52+09:00
2022.02,853400,43,충청북도 충주시,0,API_EXP_USD_AMT_UNVERIFIED_SCALE,https://www.data.go.kr/data/15134343/openapi.do,2026-10-07T08:12:52+09:00
2022.03,330499,36,세종특별자치시,2834,API_EXP_USD_AMT_UNVERIFIED_SCALE,https://www.data.go.kr/data/15134343/openapi.do,2026-10-07T08:12:52+09:00
2022.03,330499,41,경기도 가평군,14,API_EXP_USD_AMT_UNVERIFIED_SCALE,https://www.data.go.kr/data/15134343/openapi.do,2026-10-07T08:12:52+09:00
2022.03,330499,41,경기도 고양시,4748,API_EXP_USD_AMT_UNVERIFIED_SCALE,https://www.data.go.kr/data/15134343/openapi.do,2026-10-07T08:12:52+09:00
2022.03,330499,41,경기도 과천시,0,API_EXP_USD_AMT_UNVERIFIED_SCALE,https://www.data.go.kr/data/15134343/openapi.do,2026-10-07T08:12:52+09:00
2022.03,330499,41,경기도 광명시,1187,API_EXP_USD_AMT_UNVERIFIED_SCALE,https://www.data.go.kr/data/15134343/openapi.do,2026-10-07T08:12:52+09:00
2022.03,330499,41,경기도 광주시,296,API_EXP_USD_AMT_UNVERIFIED_SCALE,https://www.data.go.kr/data/15134343/openapi.do,2026-10-07T08:12:52+09:00
2022.03,330499,41,경기도 구리시,565,API_EXP_USD_AMT_UNVERIFIED_SCALE,https://www.data.go.kr/data/15134343/openapi.do,2026-10-07T08:12:52+09:00
2022.03,330499,41,경기도 군포시,677,API_EXP_USD_AMT_UNVERIFIED_SCALE,https://www.data.go.kr/data/15134343/openapi.do,2026-10-07T08:12:52+09:00
2022.03,330499,41,경기도 김포시,20133,API_EXP_USD_AMT_UNVERIFIED_SCALE,https://www.data.go.kr/data/15134343/openapi.do,2026-10-07T08:12:52+09:00
2022.03,330499,41,경기도 남양주시,514,API_EXP_USD_AMT_UNVERIFIED_SCALE,https://www.data.go.kr/data/15134343/openapi.do,2026-10-07T08:12:52+09:00
2022.03,330499,41,경기도 동두천시,8,API_EXP_USD_AMT_UNVERIFIED_SCALE,https://www.data.go.kr/data/15134343/openapi.do,2026-10-07T08:12:52+09:00
2022.03,330499,41,경기도 부천시,5982,API_EXP_USD_AMT_UNVERIFIED_SCALE,https://www.data.go.kr/data/15134343/openapi.do,2026-10-07T08:12:52+09:00
2022.03,330499,41,경기도 성남시,18038,API_EXP_USD_AMT_UNVERIFIED_SCALE,https://www.data.go.kr/data/15134343/openapi.do,2026-10-07T08:12:52+09:00
2022.03,330499,41,경기도 수원시,3634,API_EXP_USD_AMT_UNVERIFIED_SCALE,https://www.data.go.kr/data/15134343/openapi.do,2026-10-07T08:12:52+09:00
2022.03,330499,41,경기도 시흥시,4269,API_EXP_USD_AMT_UNVERIFIED_SCALE,https://www.data.go.kr/data/15134343/openapi.do,2026-10-07T08:12:52+09:00
2022.03,330499,41,경기도 안산시,1683,API_EXP_USD_AMT_UNVERIFIED_SCALE,https://www.data.go.kr/data/15134343/openapi.do,2026-10-07T08:12:52+09:00
2022.03,330499,41,경기도 안성시,1472,API_EXP_USD_AMT_UNVERIFIED_SCALE,https://www.data.go.kr/data/15134343/openapi.do,2026-10-07T08:12:52+09:00
2022.03,330499,41,경기도 안양시,10309,API_EXP_USD_AMT_UNVERIFIED_SCALE,https://www.data.go.kr/data/15134343/openapi.do,2026-10-07T08:12:52+09:00
2022.03,330499,41,경기도 양주시,713,API_EXP_USD_AMT_UNVERIFIED_SCALE,https://www.data.go.kr/data/15134343/openapi.do,2026-10-07T08:12:52+09:00
2022.03,330499,41,경기도 양평군,9,API_EXP_USD_AMT_UNVERIFIED_SCALE,https://www.data.go.kr/data/15134343/openapi.do,2026-10-07T08:12:52+09:00
2022.03,330499,41,경기도 여주군,3133,API_EXP_USD_AMT_UNVERIFIED_SCALE,https://www.data.go.kr/data/15134343/openapi.do,2026-10-07T08:12:52+09:00
2022.03,330499,41,경기도 연천군,0,API_EXP_USD_AMT_UNVERIFIED_SCALE,https://www.data.go.kr/data/15134343/openapi.do,2026-10-07T08:12:52+09:00
2022.03,330499,41,경기도 오산시,6644,API_EXP_USD_AMT_UNVERIFIED_SCALE,https://www.data.go.kr/data/15134343/openapi.do,2026-10-07T08:12:52+09:00
2022.03,330499,41,경기도 용인시,1476,API_EXP_USD_AMT_UNVERIFIED_SCALE,https://www.data.go.kr/data/15134343/openapi.do,2026-10-07T08:12:52+09:00
2022.03,330499,41,경기도 의왕시,273,API_EXP_USD_AMT_UNVERIFIED_SCALE,https://www.data.go.kr/data/15134343/openapi.do,2026-10-07T08:12:52+09:00
2022.03,330499,41,경기도 의정부시,44,API_EXP_USD_AMT_UNVERIFIED_SCALE,https://www.data.go.kr/data/15134343/openapi.do,2026-10-07T08:12:52+09:00
2022.03,330499,41,경기도 이천시,204,API_EXP_USD_AMT_UNVERIFIED_SCALE,https://www.data.go.kr/data/15134343/openapi.do,2026-10-07T08:12:52+09:00
2022.03,330499,41,경기도 파주시,1335,API_EXP_USD_AMT_UNVERIFIED_SCALE,https://www.data.go.kr/data/15134343/openapi.do,2026-10-07T08:12:52+09:00
2022.03,330499,41,경기도 평택시,3274,API_EXP_USD_AMT_UNVERIFIED_SCALE,https://www.data.go.kr/data/15134343/openapi.do,2026-10-07T08:12:52+09:00
2022.03,330499,41,경기도 포천군,218,API_EXP_USD_AMT_UNVERIFIED_SCALE,https://www.data.go.kr/data/15134343/openapi.do,2026-10-07T08:12:52+09:00
2022.03,330499,41,경기도 하남시,2004,API_EXP_USD_AMT_UNVERIFIED_SCALE,https://www.data.go.kr/data/15134343/openapi.do,2026-10-07T08:12:52+09:00
2022.03,330499,41,경기도 화성시,17801,API_EXP_USD_AMT_UNVERIFIED_SCALE,https://www.data.go.kr/data/15134343/openapi.do,2026-10-07T08:12:52+09:00
2022.03,853400,27,대구광역시 달서구,719,API_EXP_USD_AMT_UNVERIFIED_SCALE,https://www.data.go.kr/data/15134343/openapi.do,2026-10-07T08:12:52+09:00
2022.03,853400,27,대구광역시 달성군,31039,API_EXP_USD_AMT_UNVERIFIED_SCALE,https://www.data.go.kr/data/15134343/openapi.do,2026-10-07T08:12:52+09:00
2022.03,853400,27,대구광역시 동구,0,API_EXP_USD_AMT_UNVERIFIED_SCALE,https://www.data.go.kr/data/15134343/openapi.do,2026-10-07T08:12:52+09:00
2022.03,853400,27,대구광역시 북구,0,API_EXP_USD_AMT_UNVERIFIED_SCALE,https://www.data.go.kr/data/15134343/openapi.do,2026-10-07T08:12:52+09:00
2022.03,853400,27,대구광역시 서구,2,API_EXP_USD_AMT_UNVERIFIED_SCALE,https://www.data.go.kr/data/15134343/openapi.do,2026-10-07T08:12:52+09:00
2022.03,853400,27,대구광역시 수성구,0,API_EXP_USD_AMT_UNVERIFIED_SCALE,https://www.data.go.kr/data/15134343/openapi.do,2026-10-07T08:12:52+09:00
2022.03,853400,27,대구광역시 중구,0,API_EXP_USD_AMT_UNVERIFIED_SCALE,https://www.data.go.kr/data/15134343/openapi.do,2026-10-07T08:12:52+09:00
2022.03,853400,41,경기도 가평군,0,API_EXP_USD_AMT_UNVERIFIED_SCALE,https://www.data.go.kr/data/15134343/openapi.do,2026-10-07T08:12:52+09:00
2022.03,853400,41,경기도 고양시,568,API_EXP_USD_AMT_UNVERIFIED_SCALE,https://www.data.go.kr/data/15134343/openapi.do,2026-10-07T08:12:52+09:00
2022.03,853400,41,경기도 과천시,0,API_EXP_USD_AMT_UNVERIFIED_SCALE,https://www.data.go.kr/data/15134343/openapi.do,2026-10-07T08:12:52+09:00
2022.03,853400,41,경기도 광명시,4,API_EXP_USD_AMT_UNVERIFIED_SCALE,https://www.data.go.kr/data/15134343/openapi.do,2026-10-07T08:12:52+09:00
2022.03,853400,41,경기도 광주시,1,API_EXP_USD_AMT_UNVERIFIED_SCALE,https://www.data.go.kr/data/15134343/openapi.do,2026-10-07T08:12:52+09:00
2022.03,853400,41,경기도 군포시,240,API_EXP_USD_AMT_UNVERIFIED_SCALE,https://www.data.go.kr/data/15134343/openapi.do,2026-10-07T08:12:52+09:00
2022.03,853400,41,경기도 김포시,129,API_EXP_USD_AMT_UNVERIFIED_SCALE,https://www.data.go.kr/data/15134343/openapi.do,2026-10-07T08:12:52+09:00
2022.03,853400,41,경기도 남양주시,0,API_EXP_USD_AMT_UNVERIFIED_SCALE,https://www.data.go.kr/data/15134343/openapi.do,2026-10-07T08:12:52+09:00
2022.03,853400,41,경기도 부천시,303,API_EXP_USD_AMT_UNVERIFIED_SCALE,https://www.data.go.kr/data/15134343/openapi.do,2026-10-07T08:12:52+09:00
2022.03,853400,41,경기도 성남시,3304,API_EXP_USD_AMT_UNVERIFIED_SCALE,https://www.data.go.kr/data/15134343/openapi.do,2026-10-07T08:12:52+09:00
2022.03,853400,41,경기도 수원시,51403,API_EXP_USD_AMT_UNVERIFIED_SCALE,https://www.data.go.kr/data/15134343/openapi.do,2026-10-07T08:12:52+09:00
2022.03,853400,41,경기도 시흥시,3836,API_EXP_USD_AMT_UNVERIFIED_SCALE,https://www.data.go.kr/data/15134343/openapi.do,2026-10-07T08:12:52+09:00
2022.03,853400,41,경기도 안산시,168332,API_EXP_USD_AMT_UNVERIFIED_SCALE,https://www.data.go.kr/data/15134343/openapi.do,2026-10-07T08:12:52+09:00
2022.03,853400,41,경기도 안성시,13300,API_EXP_USD_AMT_UNVERIFIED_SCALE,https://www.data.go.kr/data/15134343/openapi.do,2026-10-07T08:12:52+09:00
2022.03,853400,41,경기도 안양시,937,API_EXP_USD_AMT_UNVERIFIED_SCALE,https://www.data.go.kr/data/15134343/openapi.do,2026-10-07T08:12:52+09:00
2022.03,853400,41,경기도 양주시,20,API_EXP_USD_AMT_UNVERIFIED_SCALE,https://www.data.go.kr/data/15134343/openapi.do,2026-10-07T08:12:52+09:00
2022.03,853400,41,경기도 양평군,9,API_EXP_USD_AMT_UNVERIFIED_SCALE,https://www.data.go.kr/data/15134343/openapi.do,2026-10-07T08:12:52+09:00
2022.03,853400,41,경기도 연천군,0,API_EXP_USD_AMT_UNVERIFIED_SCALE,https://www.data.go.kr/data/15134343/openapi.do,2026-10-07T08:12:52+09:00
2022.03,853400,41,경기도 오산시,90,API_EXP_USD_AMT_UNVERIFIED_SCALE,https://www.data.go.kr/data/15134343/openapi.do,2026-10-07T08:12:52+09:00
2022.03,853400,41,경기도 용인시,303,API_EXP_USD_AMT_UNVERIFIED_SCALE,https://www.data.go.kr/data/15134343/openapi.do,2026-10-07T08:12:52+09:00
2022.03,853400,41,경기도 의왕시,13,API_EXP_USD_AMT_UNVERIFIED_SCALE,https://www.data.go.kr/data/15134343/openapi.do,2026-10-07T08:12:52+09:00
2022.03,853400,41,경기도 의정부시,6,API_EXP_USD_AMT_UNVERIFIED_SCALE,https://www.data.go.kr/data/15134343/openapi.do,2026-10-07T08:12:52+09:00
2022.03,853400,41,경기도 이천시,114,API_EXP_USD_AMT_UNVERIFIED_SCALE,https://www.data.go.kr/data/15134343/openapi.do,2026-10-07T08:12:52+09:00
2022.03,853400,41,경기도 파주시,1229,API_EXP_USD_AMT_UNVERIFIED_SCALE,https://www.data.go.kr/data/15134343/openapi.do,2026-10-07T08:12:52+09:00
2022.03,853400,41,경기도 평택시,2626,API_EXP_USD_AMT_UNVERIFIED_SCALE,https://www.data.go.kr/data/15134343/openapi.do,2026-10-07T08:12:52+09:00
2022.03,853400,41,경기도 포천군,0,API_EXP_USD_AMT_UNVERIFIED_SCALE,https://www.data.go.kr/data/15134343/openapi.do,2026-10-07T08:12:52+09:00
2022.03,853400,41,경기도 하남시,0,API_EXP_USD_AMT_UNVERIFIED_SCALE,https://www.data.go.kr/data/15134343/openapi.do,2026-10-07T08:12:52+09:00
2022.03,853400,41,경기도 화성시,2268,API_EXP_USD_AMT_UNVERIFIED_SCALE,https://www.data.go.kr/data/15134343/openapi.do,2026-10-07T08:12:52+09:00
2022.03,853400,43,충청북도 옥천군,0,API_EXP_USD_AMT_UNVERIFIED_SCALE,https://www.data.go.kr/data/15134343/openapi.do,2026-10-07T08:12:52+09:00
2022.03,853400,43,충청북도 음성군,31,API_EXP_USD_AMT_UNVERIFIED_SCALE,https://www.data.go.kr/data/15134343/openapi.do,2026-10-07T08:12:52+09:00
2022.03,853400,43,충청북도 제천시,13,API_EXP_USD_AMT_UNVERIFIED_SCALE,https://www.data.go.kr/data/15134343/openapi.do,2026-10-07T08:12:52+09:00
2022.03,853400,43,충청북도 증평군,1721,API_EXP_USD_AMT_UNVERIFIED_SCALE,https://www.data.go.kr/data/15134343/openapi.do,2026-10-07T08:12:52+09:00
2022.03,853400,43,충청북도 진천군,83,API_EXP_USD_AMT_UNVERIFIED_SCALE,https://www.data.go.kr/data/15134343/openapi.do,2026-10-07T08:12:52+09:00
2022.03,853400,43,충청북도 청주시,68541,API_EXP_USD_AMT_UNVERIFIED_SCALE,https://www.data.go.kr/data/15134343/openapi.do,2026-10-07T08:12:52+09:00
2022.03,853400,43,충청북도 충주시,0,API_EXP_USD_AMT_UNVERIFIED_SCALE,https://www.data.go.kr/data/15134343/openapi.do,2026-10-07T08:12:52+09:00
2022.04,330499,36,세종특별자치시,3729,API_EXP_USD_AMT_UNVERIFIED_SCALE,https://www.data.go.kr/data/15134343/openapi.do,2026-10-07T08:12:52+09:00
2022.04,330499,41,경기도 가평군,0,API_EXP_USD_AMT_UNVERIFIED_SCALE,https://www.data.go.kr/data/15134343/openapi.do,2026-10-07T08:12:52+09:00
2022.04,330499,41,경기도 고양시,3771,API_EXP_USD_AMT_UNVERIFIED_SCALE,https://www.data.go.kr/data/15134343/openapi.do,2026-10-07T08:12:52+09:00
2022.04,330499,41,경기도 과천시,11,API_EXP_USD_AMT_UNVERIFIED_SCALE,https://www.data.go.kr/data/15134343/openapi.do,2026-10-07T08:12:52+09:00
2022.04,330499,41,경기도 광명시,1525,API_EXP_USD_AMT_UNVERIFIED_SCALE,https://www.data.go.kr/data/15134343/openapi.do,2026-10-07T08:12:52+09:00
2022.04,330499,41,경기도 광주시,305,API_EXP_USD_AMT_UNVERIFIED_SCALE,https://www.data.go.kr/data/15134343/openapi.do,2026-10-07T08:12:52+09:00
2022.04,330499,41,경기도 구리시,1103,API_EXP_USD_AMT_UNVERIFIED_SCALE,https://www.data.go.kr/data/15134343/openapi.do,2026-10-07T08:12:52+09:00
2022.04,330499,41,경기도 군포시,339,API_EXP_USD_AMT_UNVERIFIED_SCALE,https://www.data.go.kr/data/15134343/openapi.do,2026-10-07T08:12:52+09:00
2022.04,330499,41,경기도 김포시,23524,API_EXP_USD_AMT_UNVERIFIED_SCALE,https://www.data.go.kr/data/15134343/openapi.do,2026-10-07T08:12:52+09:00
2022.04,330499,41,경기도 남양주시,2530,API_EXP_USD_AMT_UNVERIFIED_SCALE,https://www.data.go.kr/data/15134343/openapi.do,2026-10-07T08:12:52+09:00
2022.04,330499,41,경기도 동두천시,0,API_EXP_USD_AMT_UNVERIFIED_SCALE,https://www.data.go.kr/data/15134343/openapi.do,2026-10-07T08:12:52+09:00
2022.04,330499,41,경기도 부천시,6954,API_EXP_USD_AMT_UNVERIFIED_SCALE,https://www.data.go.kr/data/15134343/openapi.do,2026-10-07T08:12:52+09:00
2022.04,330499,41,경기도 성남시,15408,API_EXP_USD_AMT_UNVERIFIED_SCALE,https://www.data.go.kr/data/15134343/openapi.do,2026-10-07T08:12:52+09:00
2022.04,330499,41,경기도 수원시,2761,API_EXP_USD_AMT_UNVERIFIED_SCALE,https://www.data.go.kr/data/15134343/openapi.do,2026-10-07T08:12:52+09:00
2022.04,330499,41,경기도 시흥시,3337,API_EXP_USD_AMT_UNVERIFIED_SCALE,https://www.data.go.kr/data/15134343/openapi.do,2026-10-07T08:12:52+09:00
2022.04,330499,41,경기도 안산시,1793,API_EXP_USD_AMT_UNVERIFIED_SCALE,https://www.data.go.kr/data/15134343/openapi.do,2026-10-07T08:12:52+09:00
2022.04,330499,41,경기도 안성시,3860,API_EXP_USD_AMT_UNVERIFIED_SCALE,https://www.data.go.kr/data/15134343/openapi.do,2026-10-07T08:12:52+09:00
2022.04,330499,41,경기도 안양시,6851,API_EXP_USD_AMT_UNVERIFIED_SCALE,https://www.data.go.kr/data/15134343/openapi.do,2026-10-07T08:12:52+09:00
2022.04,330499,41,경기도 양주시,656,API_EXP_USD_AMT_UNVERIFIED_SCALE,https://www.data.go.kr/data/15134343/openapi.do,2026-10-07T08:12:52+09:00
2022.04,330499,41,경기도 양평군,26,API_EXP_USD_AMT_UNVERIFIED_SCALE,https://www.data.go.kr/data/15134343/openapi.do,2026-10-07T08:12:52+09:00
2022.04,330499,41,경기도 여주군,1656,API_EXP_USD_AMT_UNVERIFIED_SCALE,https://www.data.go.kr/data/15134343/openapi.do,2026-10-07T08:12:52+09:00
2022.04,330499,41,경기도 연천군,54,API_EXP_USD_AMT_UNVERIFIED_SCALE,https://www.data.go.kr/data/15134343/openapi.do,2026-10-07T08:12:52+09:00
2022.04,330499,41,경기도 오산시,4964,API_EXP_USD_AMT_UNVERIFIED_SCALE,https://www.data.go.kr/data/15134343/openapi.do,2026-10-07T08:12:52+09:00
2022.04,330499,41,경기도 용인시,2150,API_EXP_USD_AMT_UNVERIFIED_SCALE,https://www.data.go.kr/data/15134343/openapi.do,2026-10-07T08:12:52+09:00
2022.04,330499,41,경기도 의왕시,662,API_EXP_USD_AMT_UNVERIFIED_SCALE,https://www.data.go.kr/data/15134343/openapi.do,2026-10-07T08:12:52+09:00
2022.04,330499,41,경기도 의정부시,199,API_EXP_USD_AMT_UNVERIFIED_SCALE,https://www.data.go.kr/data/15134343/openapi.do,2026-10-07T08:12:52+09:00
2022.04,330499,41,경기도 이천시,159,API_EXP_USD_AMT_UNVERIFIED_SCALE,https://www.data.go.kr/data/15134343/openapi.do,2026-10-07T08:12:52+09:00
2022.04,330499,41,경기도 파주시,1671,API_EXP_USD_AMT_UNVERIFIED_SCALE,https://www.data.go.kr/data/15134343/openapi.do,2026-10-07T08:12:52+09:00
2022.04,330499,41,경기도 평택시,5172,API_EXP_USD_AMT_UNVERIFIED_SCALE,https://www.data.go.kr/data/15134343/openapi.do,2026-10-07T08:12:52+09:00
2022.04,330499,41,경기도 포천군,574,API_EXP_USD_AMT_UNVERIFIED_SCALE,https://www.data.go.kr/data/15134343/openapi.do,2026-10-07T08:12:52+09:00
2022.04,330499,41,경기도 하남시,763,API_EXP_USD_AMT_UNVERIFIED_SCALE,https://www.data.go.kr/data/15134343/openapi.do,2026-10-07T08:12:52+09:00
2022.04,330499,41,경기도 화성시,17337,API_EXP_USD_AMT_UNVERIFIED_SCALE,https://www.data.go.kr/data/15134343/openapi.do,2026-10-07T08:12:52+09:00
2022.04,853400,27,대구광역시 남구,0,API_EXP_USD_AMT_UNVERIFIED_SCALE,https://www.data.go.kr/data/15134343/openapi.do,2026-10-07T08:12:52+09:00
2022.04,853400,27,대구광역시 달서구,760,API_EXP_USD_AMT_UNVERIFIED_SCALE,https://www.data.go.kr/data/15134343/openapi.do,2026-10-07T08:12:52+09:00
2022.04,853400,27,대구광역시 달성군,31818,API_EXP_USD_AMT_UNVERIFIED_SCALE,https://www.data.go.kr/data/15134343/openapi.do,2026-10-07T08:12:52+09:00
2022.04,853400,27,대구광역시 동구,0,API_EXP_USD_AMT_UNVERIFIED_SCALE,https://www.data.go.kr/data/15134343/openapi.do,2026-10-07T08:12:52+09:00
2022.04,853400,27,대구광역시 북구,0,API_EXP_USD_AMT_UNVERIFIED_SCALE,https://www.data.go.kr/data/15134343/openapi.do,2026-10-07T08:12:52+09:00
2022.04,853400,27,대구광역시 서구,4,API_EXP_USD_AMT_UNVERIFIED_SCALE,https://www.data.go.kr/data/15134343/openapi.do,2026-10-07T08:12:52+09:00
2022.04,853400,27,대구광역시 수성구,0,API_EXP_USD_AMT_UNVERIFIED_SCALE,https://www.data.go.kr/data/15134343/openapi.do,2026-10-07T08:12:52+09:00
2022.04,853400,27,대구광역시 중구,0,API_EXP_USD_AMT_UNVERIFIED_SCALE,https://www.data.go.kr/data/15134343/openapi.do,2026-10-07T08:12:52+09:00
2022.04,853400,41,경기도 고양시,237,API_EXP_USD_AMT_UNVERIFIED_SCALE,https://www.data.go.kr/data/15134343/openapi.do,2026-10-07T08:12:52+09:00
2022.04,853400,41,경기도 과천시,0,API_EXP_USD_AMT_UNVERIFIED_SCALE,https://www.data.go.kr/data/15134343/openapi.do,2026-10-07T08:12:52+09:00
2022.04,853400,41,경기도 광명시,44,API_EXP_USD_AMT_UNVERIFIED_SCALE,https://www.data.go.kr/data/15134343/openapi.do,2026-10-07T08:12:52+09:00
2022.04,853400,41,경기도 광주시,3,API_EXP_USD_AMT_UNVERIFIED_SCALE,https://www.data.go.kr/data/15134343/openapi.do,2026-10-07T08:12:52+09:00
2022.04,853400,41,경기도 군포시,85,API_EXP_USD_AMT_UNVERIFIED_SCALE,https://www.data.go.kr/data/15134343/openapi.do,2026-10-07T08:12:52+09:00
2022.04,853400,41,경기도 김포시,363,API_EXP_USD_AMT_UNVERIFIED_SCALE,https://www.data.go.kr/data/15134343/openapi.do,2026-10-07T08:12:52+09:00
2022.04,853400,41,경기도 남양주시,1,API_EXP_USD_AMT_UNVERIFIED_SCALE,https://www.data.go.kr/data/15134343/openapi.do,2026-10-07T08:12:52+09:00
2022.04,853400,41,경기도 동두천시,1,API_EXP_USD_AMT_UNVERIFIED_SCALE,https://www.data.go.kr/data/15134343/openapi.do,2026-10-07T08:12:52+09:00
2022.04,853400,41,경기도 부천시,800,API_EXP_USD_AMT_UNVERIFIED_SCALE,https://www.data.go.kr/data/15134343/openapi.do,2026-10-07T08:12:52+09:00
2022.04,853400,41,경기도 성남시,3461,API_EXP_USD_AMT_UNVERIFIED_SCALE,https://www.data.go.kr/data/15134343/openapi.do,2026-10-07T08:12:52+09:00
2022.04,853400,41,경기도 수원시,50978,API_EXP_USD_AMT_UNVERIFIED_SCALE,https://www.data.go.kr/data/15134343/openapi.do,2026-10-07T08:12:52+09:00
2022.04,853400,41,경기도 시흥시,3296,API_EXP_USD_AMT_UNVERIFIED_SCALE,https://www.data.go.kr/data/15134343/openapi.do,2026-10-07T08:12:52+09:00
2022.04,853400,41,경기도 안산시,160616,API_EXP_USD_AMT_UNVERIFIED_SCALE,https://www.data.go.kr/data/15134343/openapi.do,2026-10-07T08:12:52+09:00
2022.04,853400,41,경기도 안성시,13086,API_EXP_USD_AMT_UNVERIFIED_SCALE,https://www.data.go.kr/data/15134343/openapi.do,2026-10-07T08:12:52+09:00
2022.04,853400,41,경기도 안양시,1126,API_EXP_USD_AMT_UNVERIFIED_SCALE,https://www.data.go.kr/data/15134343/openapi.do,2026-10-07T08:12:52+09:00
2022.04,853400,41,경기도 양주시,12,API_EXP_USD_AMT_UNVERIFIED_SCALE,https://www.data.go.kr/data/15134343/openapi.do,2026-10-07T08:12:52+09:00
2022.04,853400,41,경기도 양평군,5,API_EXP_USD_AMT_UNVERIFIED_SCALE,https://www.data.go.kr/data/15134343/openapi.do,2026-10-07T08:12:52+09:00
2022.04,853400,41,경기도 오산시,26,API_EXP_USD_AMT_UNVERIFIED_SCALE,https://www.data.go.kr/data/15134343/openapi.do,2026-10-07T08:12:52+09:00
2022.04,853400,41,경기도 용인시,498,API_EXP_USD_AMT_UNVERIFIED_SCALE,https://www.data.go.kr/data/15134343/openapi.do,2026-10-07T08:12:52+09:00
2022.04,853400,41,경기도 의왕시,1,API_EXP_USD_AMT_UNVERIFIED_SCALE,https://www.data.go.kr/data/15134343/openapi.do,2026-10-07T08:12:52+09:00
2022.04,853400,41,경기도 의정부시,0,API_EXP_USD_AMT_UNVERIFIED_SCALE,https://www.data.go.kr/data/15134343/openapi.do,2026-10-07T08:12:52+09:00
2022.04,853400,41,경기도 이천시,113,API_EXP_USD_AMT_UNVERIFIED_SCALE,https://www.data.go.kr/data/15134343/openapi.do,2026-10-07T08:12:52+09:00
2022.04,853400,41,경기도 파주시,1546,API_EXP_USD_AMT_UNVERIFIED_SCALE,https://www.data.go.kr/data/15134343/openapi.do,2026-10-07T08:12:52+09:00
2022.04,853400,41,경기도 평택시,3779,API_EXP_USD_AMT_UNVERIFIED_SCALE,https://www.data.go.kr/data/15134343/openapi.do,2026-10-07T08:12:52+09:00
2022.04,853400,41,경기도 포천군,0,API_EXP_USD_AMT_UNVERIFIED_SCALE,https://www.data.go.kr/data/15134343/openapi.do,2026-10-07T08:12:52+09:00
2022.04,853400,41,경기도 하남시,0,API_EXP_USD_AMT_UNVERIFIED_SCALE,https://www.data.go.kr/data/15134343/openapi.do,2026-10-07T08:12:52+09:00
2022.04,853400,41,경기도 화성시,1296,API_EXP_USD_AMT_UNVERIFIED_SCALE,https://www.data.go.kr/data/15134343/openapi.do,2026-10-07T08:12:52+09:00
2022.04,853400,43,충청북도 단양군,0,API_EXP_USD_AMT_UNVERIFIED_SCALE,https://www.data.go.kr/data/15134343/openapi.do,2026-10-07T08:12:52+09:00
2022.04,853400,43,충청북도 음성군,32,API_EXP_USD_AMT_UNVERIFIED_SCALE,https://www.data.go.kr/data/15134343/openapi.do,2026-10-07T08:12:52+09:00
2022.04,853400,43,충청북도 제천시,3,API_EXP_USD_AMT_UNVERIFIED_SCALE,https://www.data.go.kr/data/15134343/openapi.do,2026-10-07T08:12:52+09:00
2022.04,853400,43,충청북도 증평군,1427,API_EXP_USD_AMT_UNVERIFIED_SCALE,https://www.data.go.kr/data/15134343/openapi.do,2026-10-07T08:12:52+09:00
2022.04,853400,43,충청북도 진천군,60,API_EXP_USD_AMT_UNVERIFIED_SCALE,https://www.data.go.kr/data/15134343/openapi.do,2026-10-07T08:12:52+09:00
2022.04,853400,43,충청북도 청주시,68201,API_EXP_USD_AMT_UNVERIFIED_SCALE,https://www.data.go.kr/data/15134343/openapi.do,2026-10-07T08:12:52+09:00
2022.04,853400,43,충청북도 충주시,0,API_EXP_USD_AMT_UNVERIFIED_SCALE,https://www.data.go.kr/data/15134343/openapi.do,2026-10-07T08:12:52+09:00
2022.05,330499,36,세종특별자치시,2195,API_EXP_USD_AMT_UNVERIFIED_SCALE,https://www.data.go.kr/data/15134343/openapi.do,2026-10-07T08:12:52+09:00
2022.05,330499,41,경기도 가평군,7,API_EXP_USD_AMT_UNVERIFIED_SCALE,https://www.data.go.kr/data/15134343/openapi.do,2026-10-07T08:12:52+09:00
2022.05,330499,41,경기도 고양시,6838,API_EXP_USD_AMT_UNVERIFIED_SCALE,https://www.data.go.kr/data/15134343/openapi.do,2026-10-07T08:12:52+09:00
2022.05,330499,41,경기도 과천시,0,API_EXP_USD_AMT_UNVERIFIED_SCALE,https://www.data.go.kr/data/15134343/openapi.do,2026-10-07T08:12:52+09:00
2022.05,330499,41,경기도 광명시,1378,API_EXP_USD_AMT_UNVERIFIED_SCALE,https://www.data.go.kr/data/15134343/openapi.do,2026-10-07T08:12:52+09:00
2022.05,330499,41,경기도 광주시,282,API_EXP_USD_AMT_UNVERIFIED_SCALE,https://www.data.go.kr/data/15134343/openapi.do,2026-10-07T08:12:52+09:00
2022.05,330499,41,경기도 구리시,833,API_EXP_USD_AMT_UNVERIFIED_SCALE,https://www.data.go.kr/data/15134343/openapi.do,2026-10-07T08:12:52+09:00
2022.05,330499,41,경기도 군포시,585,API_EXP_USD_AMT_UNVERIFIED_SCALE,https://www.data.go.kr/data/15134343/openapi.do,2026-10-07T08:12:52+09:00
2022.05,330499,41,경기도 김포시,23750,API_EXP_USD_AMT_UNVERIFIED_SCALE,https://www.data.go.kr/data/15134343/openapi.do,2026-10-07T08:12:52+09:00
2022.05,330499,41,경기도 남양주시,1898,API_EXP_USD_AMT_UNVERIFIED_SCALE,https://www.data.go.kr/data/15134343/openapi.do,2026-10-07T08:12:52+09:00
2022.05,330499,41,경기도 동두천시,3,API_EXP_USD_AMT_UNVERIFIED_SCALE,https://www.data.go.kr/data/15134343/openapi.do,2026-10-07T08:12:52+09:00
2022.05,330499,41,경기도 부천시,4759,API_EXP_USD_AMT_UNVERIFIED_SCALE,https://www.data.go.kr/data/15134343/openapi.do,2026-10-07T08:12:52+09:00
2022.05,330499,41,경기도 성남시,19107,API_EXP_USD_AMT_UNVERIFIED_SCALE,https://www.data.go.kr/data/15134343/openapi.do,2026-10-07T08:12:52+09:00
2022.05,330499,41,경기도 수원시,3361,API_EXP_USD_AMT_UNVERIFIED_SCALE,https://www.data.go.kr/data/15134343/openapi.do,2026-10-07T08:12:52+09:00
2022.05,330499,41,경기도 시흥시,3659,API_EXP_USD_AMT_UNVERIFIED_SCALE,https://www.data.go.kr/data/15134343/openapi.do,2026-10-07T08:12:52+09:00
2022.05,330499,41,경기도 안산시,1365,API_EXP_USD_AMT_UNVERIFIED_SCALE,https://www.data.go.kr/data/15134343/openapi.do,2026-10-07T08:12:52+09:00
2022.05,330499,41,경기도 안성시,2038,API_EXP_USD_AMT_UNVERIFIED_SCALE,https://www.data.go.kr/data/15134343/openapi.do,2026-10-07T08:12:52+09:00
2022.05,330499,41,경기도 안양시,7009,API_EXP_USD_AMT_UNVERIFIED_SCALE,https://www.data.go.kr/data/15134343/openapi.do,2026-10-07T08:12:52+09:00
2022.05,330499,41,경기도 양주시,1032,API_EXP_USD_AMT_UNVERIFIED_SCALE,https://www.data.go.kr/data/15134343/openapi.do,2026-10-07T08:12:52+09:00
2022.05,330499,41,경기도 양평군,2,API_EXP_USD_AMT_UNVERIFIED_SCALE,https://www.data.go.kr/data/15134343/openapi.do,2026-10-07T08:12:52+09:00
2022.05,330499,41,경기도 여주군,945,API_EXP_USD_AMT_UNVERIFIED_SCALE,https://www.data.go.kr/data/15134343/openapi.do,2026-10-07T08:12:52+09:00
2022.05,330499,41,경기도 연천군,0,API_EXP_USD_AMT_UNVERIFIED_SCALE,https://www.data.go.kr/data/15134343/openapi.do,2026-10-07T08:12:52+09:00
2022.05,330499,41,경기도 오산시,4584,API_EXP_USD_AMT_UNVERIFIED_SCALE,https://www.data.go.kr/data/15134343/openapi.do,2026-10-07T08:12:52+09:00
2022.05,330499,41,경기도 용인시,2253,API_EXP_USD_AMT_UNVERIFIED_SCALE,https://www.data.go.kr/data/15134343/openapi.do,2026-10-07T08:12:52+09:00
2022.05,330499,41,경기도 의왕시,726,API_EXP_USD_AMT_UNVERIFIED_SCALE,https://www.data.go.kr/data/15134343/openapi.do,2026-10-07T08:12:52+09:00
2022.05,330499,41,경기도 의정부시,352,API_EXP_USD_AMT_UNVERIFIED_SCALE,https://www.data.go.kr/data/15134343/openapi.do,2026-10-07T08:12:52+09:00
2022.05,330499,41,경기도 이천시,198,API_EXP_USD_AMT_UNVERIFIED_SCALE,https://www.data.go.kr/data/15134343/openapi.do,2026-10-07T08:12:52+09:00
2022.05,330499,41,경기도 파주시,1253,API_EXP_USD_AMT_UNVERIFIED_SCALE,https://www.data.go.kr/data/15134343/openapi.do,2026-10-07T08:12:52+09:00
2022.05,330499,41,경기도 평택시,1879,API_EXP_USD_AMT_UNVERIFIED_SCALE,https://www.data.go.kr/data/15134343/openapi.do,2026-10-07T08:12:52+09:00
2022.05,330499,41,경기도 포천군,199,API_EXP_USD_AMT_UNVERIFIED_SCALE,https://www.data.go.kr/data/15134343/openapi.do,2026-10-07T08:12:52+09:00
2022.05,330499,41,경기도 하남시,3616,API_EXP_USD_AMT_UNVERIFIED_SCALE,https://www.data.go.kr/data/15134343/openapi.do,2026-10-07T08:12:52+09:00
2022.05,330499,41,경기도 화성시,16618,API_EXP_USD_AMT_UNVERIFIED_SCALE,https://www.data.go.kr/data/15134343/openapi.do,2026-10-07T08:12:52+09:00
2022.05,853400,27,대구광역시 달서구,612,API_EXP_USD_AMT_UNVERIFIED_SCALE,https://www.data.go.kr/data/15134343/openapi.do,2026-10-07T08:12:52+09:00
2022.05,853400,27,대구광역시 달성군,32757,API_EXP_USD_AMT_UNVERIFIED_SCALE,https://www.data.go.kr/data/15134343/openapi.do,2026-10-07T08:12:52+09:00
2022.05,853400,27,대구광역시 북구,0,API_EXP_USD_AMT_UNVERIFIED_SCALE,https://www.data.go.kr/data/15134343/openapi.do,2026-10-07T08:12:52+09:00
2022.05,853400,27,대구광역시 서구,1,API_EXP_USD_AMT_UNVERIFIED_SCALE,https://www.data.go.kr/data/15134343/openapi.do,2026-10-07T08:12:52+09:00
2022.05,853400,27,대구광역시 수성구,0,API_EXP_USD_AMT_UNVERIFIED_SCALE,https://www.data.go.kr/data/15134343/openapi.do,2026-10-07T08:12:52+09:00
2022.05,853400,27,대구광역시 중구,0,API_EXP_USD_AMT_UNVERIFIED_SCALE,https://www.data.go.kr/data/15134343/openapi.do,2026-10-07T08:12:52+09:00
2022.05,853400,41,경기도 고양시,388,API_EXP_USD_AMT_UNVERIFIED_SCALE,https://www.data.go.kr/data/15134343/openapi.do,2026-10-07T08:12:52+09:00
2022.05,853400,41,경기도 과천시,0,API_EXP_USD_AMT_UNVERIFIED_SCALE,https://www.data.go.kr/data/15134343/openapi.do,2026-10-07T08:12:52+09:00
2022.05,853400,41,경기도 광명시,0,API_EXP_USD_AMT_UNVERIFIED_SCALE,https://www.data.go.kr/data/15134343/openapi.do,2026-10-07T08:12:52+09:00
2022.05,853400,41,경기도 광주시,2,API_EXP_USD_AMT_UNVERIFIED_SCALE,https://www.data.go.kr/data/15134343/openapi.do,2026-10-07T08:12:52+09:00
2022.05,853400,41,경기도 구리시,0,API_EXP_USD_AMT_UNVERIFIED_SCALE,https://www.data.go.kr/data/15134343/openapi.do,2026-10-07T08:12:52+09:00
2022.05,853400,41,경기도 군포시,485,API_EXP_USD_AMT_UNVERIFIED_SCALE,https://www.data.go.kr/data/15134343/openapi.do,2026-10-07T08:12:52+09:00
2022.05,853400,41,경기도 김포시,212,API_EXP_USD_AMT_UNVERIFIED_SCALE,https://www.data.go.kr/data/15134343/openapi.do,2026-10-07T08:12:52+09:00
2022.05,853400,41,경기도 남양주시,0,API_EXP_USD_AMT_UNVERIFIED_SCALE,https://www.data.go.kr/data/15134343/openapi.do,2026-10-07T08:12:52+09:00
2022.05,853400,41,경기도 부천시,507,API_EXP_USD_AMT_UNVERIFIED_SCALE,https://www.data.go.kr/data/15134343/openapi.do,2026-10-07T08:12:52+09:00
2022.05,853400,41,경기도 성남시,4352,API_EXP_USD_AMT_UNVERIFIED_SCALE,https://www.data.go.kr/data/15134343/openapi.do,2026-10-07T08:12:52+09:00
2022.05,853400,41,경기도 수원시,54547,API_EXP_USD_AMT_UNVERIFIED_SCALE,https://www.data.go.kr/data/15134343/openapi.do,2026-10-07T08:12:52+09:00
2022.05,853400,41,경기도 시흥시,2877,API_EXP_USD_AMT_UNVERIFIED_SCALE,https://www.data.go.kr/data/15134343/openapi.do,2026-10-07T08:12:52+09:00
2022.05,853400,41,경기도 안산시,155597,API_EXP_USD_AMT_UNVERIFIED_SCALE,https://www.data.go.kr/data/15134343/openapi.do,2026-10-07T08:12:52+09:00
2022.05,853400,41,경기도 안성시,13431,API_EXP_USD_AMT_UNVERIFIED_SCALE,https://www.data.go.kr/data/15134343/openapi.do,2026-10-07T08:12:52+09:00
2022.05,853400,41,경기도 안양시,696,API_EXP_USD_AMT_UNVERIFIED_SCALE,https://www.data.go.kr/data/15134343/openapi.do,2026-10-07T08:12:52+09:00
2022.05,853400,41,경기도 양주시,4,API_EXP_USD_AMT_UNVERIFIED_SCALE,https://www.data.go.kr/data/15134343/openapi.do,2026-10-07T08:12:52+09:00
2022.05,853400,41,경기도 양평군,25,API_EXP_USD_AMT_UNVERIFIED_SCALE,https://www.data.go.kr/data/15134343/openapi.do,2026-10-07T08:12:52+09:00
2022.05,853400,41,경기도 오산시,87,API_EXP_USD_AMT_UNVERIFIED_SCALE,https://www.data.go.kr/data/15134343/openapi.do,2026-10-07T08:12:52+09:00
2022.05,853400,41,경기도 용인시,462,API_EXP_USD_AMT_UNVERIFIED_SCALE,https://www.data.go.kr/data/15134343/openapi.do,2026-10-07T08:12:52+09:00
2022.05,853400,41,경기도 의왕시,2,API_EXP_USD_AMT_UNVERIFIED_SCALE,https://www.data.go.kr/data/15134343/openapi.do,2026-10-07T08:12:52+09:00
2022.05,853400,41,경기도 의정부시,0,API_EXP_USD_AMT_UNVERIFIED_SCALE,https://www.data.go.kr/data/15134343/openapi.do,2026-10-07T08:12:52+09:00
2022.05,853400,41,경기도 이천시,292,API_EXP_USD_AMT_UNVERIFIED_SCALE,https://www.data.go.kr/data/15134343/openapi.do,2026-10-07T08:12:52+09:00
2022.05,853400,41,경기도 파주시,1226,API_EXP_USD_AMT_UNVERIFIED_SCALE,https://www.data.go.kr/data/15134343/openapi.do,2026-10-07T08:12:52+09:00
2022.05,853400,41,경기도 평택시,4159,API_EXP_USD_AMT_UNVERIFIED_SCALE,https://www.data.go.kr/data/15134343/openapi.do,2026-10-07T08:12:52+09:00
2022.05,853400,41,경기도 포천군,0,API_EXP_USD_AMT_UNVERIFIED_SCALE,https://www.data.go.kr/data/15134343/openapi.do,2026-10-07T08:12:52+09:00
2022.05,853400,41,경기도 하남시,0,API_EXP_USD_AMT_UNVERIFIED_SCALE,https://www.data.go.kr/data/15134343/openapi.do,2026-10-07T08:12:52+09:00
2022.05,853400,41,경기도 화성시,1400,API_EXP_USD_AMT_UNVERIFIED_SCALE,https://www.data.go.kr/data/15134343/openapi.do,2026-10-07T08:12:52+09:00
2022.05,853400,43,충청북도 영동군,0,API_EXP_USD_AMT_UNVERIFIED_SCALE,https://www.data.go.kr/data/15134343/openapi.do,2026-10-07T08:12:52+09:00
2022.05,853400,43,충청북도 음성군,127,API_EXP_USD_AMT_UNVERIFIED_SCALE,https://www.data.go.kr/data/15134343/openapi.do,2026-10-07T08:12:52+09:00
2022.05,853400,43,충청북도 증평군,1069,API_EXP_USD_AMT_UNVERIFIED_SCALE,https://www.data.go.kr/data/15134343/openapi.do,2026-10-07T08:12:52+09:00
2022.05,853400,43,충청북도 진천군,74,API_EXP_USD_AMT_UNVERIFIED_SCALE,https://www.data.go.kr/data/15134343/openapi.do,2026-10-07T08:12:52+09:00
2022.05,853400,43,충청북도 청주시,81719,API_EXP_USD_AMT_UNVERIFIED_SCALE,https://www.data.go.kr/data/15134343/openapi.do,2026-10-07T08:12:52+09:00
2022.05,853400,43,충청북도 충주시,0,API_EXP_USD_AMT_UNVERIFIED_SCALE,https://www.data.go.kr/data/15134343/openapi.do,2026-10-07T08:12:52+09:00
2022.06,330499,36,세종특별자치시,2444,API_EXP_USD_AMT_UNVERIFIED_SCALE,https://www.data.go.kr/data/15134343/openapi.do,2026-10-07T08:12:52+09:00
2022.06,330499,41,경기도 가평군,0,API_EXP_USD_AMT_UNVERIFIED_SCALE,https://www.data.go.kr/data/15134343/openapi.do,2026-10-07T08:12:52+09:00
2022.06,330499,41,경기도 고양시,5921,API_EXP_USD_AMT_UNVERIFIED_SCALE,https://www.data.go.kr/data/15134343/openapi.do,2026-10-07T08:12:52+09:00
2022.06,330499,41,경기도 과천시,0,API_EXP_USD_AMT_UNVERIFIED_SCALE,https://www.data.go.kr/data/15134343/openapi.do,2026-10-07T08:12:52+09:00
2022.06,330499,41,경기도 광명시,774,API_EXP_USD_AMT_UNVERIFIED_SCALE,https://www.data.go.kr/data/15134343/openapi.do,2026-10-07T08:12:52+09:00
2022.06,330499,41,경기도 광주시,322,API_EXP_USD_AMT_UNVERIFIED_SCALE,https://www.data.go.kr/data/15134343/openapi.do,2026-10-07T08:12:52+09:00
2022.06,330499,41,경기도 구리시,657,API_EXP_USD_AMT_UNVERIFIED_SCALE,https://www.data.go.kr/data/15134343/openapi.do,2026-10-07T08:12:52+09:00
2022.06,330499,41,경기도 군포시,737,API_EXP_USD_AMT_UNVERIFIED_SCALE,https://www.data.go.kr/data/15134343/openapi.do,2026-10-07T08:12:52+09:00
2022.06,330499,41,경기도 김포시,21976,API_EXP_USD_AMT_UNVERIFIED_SCALE,https://www.data.go.kr/data/15134343/openapi.do,2026-10-07T08:12:52+09:00
2022.06,330499,41,경기도 남양주시,2643,API_EXP_USD_AMT_UNVERIFIED_SCALE,https://www.data.go.kr/data/15134343/openapi.do,2026-10-07T08:12:52+09:00
2022.06,330499,41,경기도 동두천시,0,API_EXP_USD_AMT_UNVERIFIED_SCALE,https://www.data.go.kr/data/15134343/openapi.do,2026-10-07T08:12:52+09:00
2022.06,330499,41,경기도 부천시,4042,API_EXP_USD_AMT_UNVERIFIED_SCALE,https://www.data.go.kr/data/15134343/openapi.do,2026-10-07T08:12:52+09:00
2022.06,330499,41,경기도 성남시,14000,API_EXP_USD_AMT_UNVERIFIED_SCALE,https://www.data.go.kr/data/15134343/openapi.do,2026-10-07T08:12:52+09:00
2022.06,330499,41,경기도 수원시,2901,API_EXP_USD_AMT_UNVERIFIED_SCALE,https://www.data.go.kr/data/15134343/openapi.do,2026-10-07T08:12:52+09:00
2022.06,330499,41,경기도 시흥시,5194,API_EXP_USD_AMT_UNVERIFIED_SCALE,https://www.data.go.kr/data/15134343/openapi.do,2026-10-07T08:12:52+09:00
2022.06,330499,41,경기도 안산시,1637,API_EXP_USD_AMT_UNVERIFIED_SCALE,https://www.data.go.kr/data/15134343/openapi.do,2026-10-07T08:12:52+09:00
2022.06,330499,41,경기도 안성시,2801,API_EXP_USD_AMT_UNVERIFIED_SCALE,https://www.data.go.kr/data/15134343/openapi.do,2026-10-07T08:12:52+09:00
2022.06,330499,41,경기도 안양시,9638,API_EXP_USD_AMT_UNVERIFIED_SCALE,https://www.data.go.kr/data/15134343/openapi.do,2026-10-07T08:12:52+09:00
2022.06,330499,41,경기도 양주시,4013,API_EXP_USD_AMT_UNVERIFIED_SCALE,https://www.data.go.kr/data/15134343/openapi.do,2026-10-07T08:12:52+09:00
2022.06,330499,41,경기도 양평군,8,API_EXP_USD_AMT_UNVERIFIED_SCALE,https://www.data.go.kr/data/15134343/openapi.do,2026-10-07T08:12:52+09:00
2022.06,330499,41,경기도 여주군,991,API_EXP_USD_AMT_UNVERIFIED_SCALE,https://www.data.go.kr/data/15134343/openapi.do,2026-10-07T08:12:52+09:00
2022.06,330499,41,경기도 연천군,0,API_EXP_USD_AMT_UNVERIFIED_SCALE,https://www.data.go.kr/data/15134343/openapi.do,2026-10-07T08:12:52+09:00
2022.06,330499,41,경기도 오산시,5765,API_EXP_USD_AMT_UNVERIFIED_SCALE,https://www.data.go.kr/data/15134343/openapi.do,2026-10-07T08:12:52+09:00
2022.06,330499,41,경기도 용인시,1589,API_EXP_USD_AMT_UNVERIFIED_SCALE,https://www.data.go.kr/data/15134343/openapi.do,2026-10-07T08:12:52+09:00
2022.06,330499,41,경기도 의왕시,567,API_EXP_USD_AMT_UNVERIFIED_SCALE,https://www.data.go.kr/data/15134343/openapi.do,2026-10-07T08:12:52+09:00
2022.06,330499,41,경기도 의정부시,234,API_EXP_USD_AMT_UNVERIFIED_SCALE,https://www.data.go.kr/data/15134343/openapi.do,2026-10-07T08:12:52+09:00
2022.06,330499,41,경기도 이천시,231,API_EXP_USD_AMT_UNVERIFIED_SCALE,https://www.data.go.kr/data/15134343/openapi.do,2026-10-07T08:12:52+09:00
2022.06,330499,41,경기도 파주시,1126,API_EXP_USD_AMT_UNVERIFIED_SCALE,https://www.data.go.kr/data/15134343/openapi.do,2026-10-07T08:12:52+09:00
2022.06,330499,41,경기도 평택시,795,API_EXP_USD_AMT_UNVERIFIED_SCALE,https://www.data.go.kr/data/15134343/openapi.do,2026-10-07T08:12:52+09:00
2022.06,330499,41,경기도 포천군,179,API_EXP_USD_AMT_UNVERIFIED_SCALE,https://www.data.go.kr/data/15134343/openapi.do,2026-10-07T08:12:52+09:00
2022.06,330499,41,경기도 하남시,855,API_EXP_USD_AMT_UNVERIFIED_SCALE,https://www.data.go.kr/data/15134343/openapi.do,2026-10-07T08:12:52+09:00
2022.06,330499,41,경기도 화성시,10582,API_EXP_USD_AMT_UNVERIFIED_SCALE,https://www.data.go.kr/data/15134343/openapi.do,2026-10-07T08:12:52+09:00
2022.06,853400,27,대구광역시 달서구,535,API_EXP_USD_AMT_UNVERIFIED_SCALE,https://www.data.go.kr/data/15134343/openapi.do,2026-10-07T08:12:52+09:00
2022.06,853400,27,대구광역시 달성군,36371,API_EXP_USD_AMT_UNVERIFIED_SCALE,https://www.data.go.kr/data/15134343/openapi.do,2026-10-07T08:12:52+09:00
2022.06,853400,27,대구광역시 동구,0,API_EXP_USD_AMT_UNVERIFIED_SCALE,https://www.data.go.kr/data/15134343/openapi.do,2026-10-07T08:12:52+09:00
2022.06,853400,27,대구광역시 북구,0,API_EXP_USD_AMT_UNVERIFIED_SCALE,https://www.data.go.kr/data/15134343/openapi.do,2026-10-07T08:12:52+09:00
2022.06,853400,27,대구광역시 서구,0,API_EXP_USD_AMT_UNVERIFIED_SCALE,https://www.data.go.kr/data/15134343/openapi.do,2026-10-07T08:12:52+09:00
2022.06,853400,27,대구광역시 수성구,0,API_EXP_USD_AMT_UNVERIFIED_SCALE,https://www.data.go.kr/data/15134343/openapi.do,2026-10-07T08:12:52+09:00
2022.06,853400,27,대구광역시 중구,0,API_EXP_USD_AMT_UNVERIFIED_SCALE,https://www.data.go.kr/data/15134343/openapi.do,2026-10-07T08:12:52+09:00
2022.06,853400,41,경기도 가평군,0,API_EXP_USD_AMT_UNVERIFIED_SCALE,https://www.data.go.kr/data/15134343/openapi.do,2026-10-07T08:12:52+09:00
2022.06,853400,41,경기도 고양시,284,API_EXP_USD_AMT_UNVERIFIED_SCALE,https://www.data.go.kr/data/15134343/openapi.do,2026-10-07T08:12:52+09:00
2022.06,853400,41,경기도 과천시,0,API_EXP_USD_AMT_UNVERIFIED_SCALE,https://www.data.go.kr/data/15134343/openapi.do,2026-10-07T08:12:52+09:00
2022.06,853400,41,경기도 광명시,37,API_EXP_USD_AMT_UNVERIFIED_SCALE,https://www.data.go.kr/data/15134343/openapi.do,2026-10-07T08:12:52+09:00
2022.06,853400,41,경기도 광주시,0,API_EXP_USD_AMT_UNVERIFIED_SCALE,https://www.data.go.kr/data/15134343/openapi.do,2026-10-07T08:12:52+09:00
2022.06,853400,41,경기도 군포시,151,API_EXP_USD_AMT_UNVERIFIED_SCALE,https://www.data.go.kr/data/15134343/openapi.do,2026-10-07T08:12:52+09:00
2022.06,853400,41,경기도 김포시,112,API_EXP_USD_AMT_UNVERIFIED_SCALE,https://www.data.go.kr/data/15134343/openapi.do,2026-10-07T08:12:52+09:00
2022.06,853400,41,경기도 남양주시,0,API_EXP_USD_AMT_UNVERIFIED_SCALE,https://www.data.go.kr/data/15134343/openapi.do,2026-10-07T08:12:52+09:00
2022.06,853400,41,경기도 부천시,351,API_EXP_USD_AMT_UNVERIFIED_SCALE,https://www.data.go.kr/data/15134343/openapi.do,2026-10-07T08:12:52+09:00
2022.06,853400,41,경기도 성남시,4777,API_EXP_USD_AMT_UNVERIFIED_SCALE,https://www.data.go.kr/data/15134343/openapi.do,2026-10-07T08:12:52+09:00
2022.06,853400,41,경기도 수원시,47437,API_EXP_USD_AMT_UNVERIFIED_SCALE,https://www.data.go.kr/data/15134343/openapi.do,2026-10-07T08:12:52+09:00
2022.06,853400,41,경기도 시흥시,2491,API_EXP_USD_AMT_UNVERIFIED_SCALE,https://www.data.go.kr/data/15134343/openapi.do,2026-10-07T08:12:52+09:00
2022.06,853400,41,경기도 안산시,160098,API_EXP_USD_AMT_UNVERIFIED_SCALE,https://www.data.go.kr/data/15134343/openapi.do,2026-10-07T08:12:52+09:00
2022.06,853400,41,경기도 안성시,8597,API_EXP_USD_AMT_UNVERIFIED_SCALE,https://www.data.go.kr/data/15134343/openapi.do,2026-10-07T08:12:52+09:00
2022.06,853400,41,경기도 안양시,894,API_EXP_USD_AMT_UNVERIFIED_SCALE,https://www.data.go.kr/data/15134343/openapi.do,2026-10-07T08:12:52+09:00
2022.06,853400,41,경기도 양주시,0,API_EXP_USD_AMT_UNVERIFIED_SCALE,https://www.data.go.kr/data/15134343/openapi.do,2026-10-07T08:12:52+09:00
2022.06,853400,41,경기도 양평군,8,API_EXP_USD_AMT_UNVERIFIED_SCALE,https://www.data.go.kr/data/15134343/openapi.do,2026-10-07T08:12:52+09:00
2022.06,853400,41,경기도 오산시,11,API_EXP_USD_AMT_UNVERIFIED_SCALE,https://www.data.go.kr/data/15134343/openapi.do,2026-10-07T08:12:52+09:00
2022.06,853400,41,경기도 용인시,536,API_EXP_USD_AMT_UNVERIFIED_SCALE,https://www.data.go.kr/data/15134343/openapi.do,2026-10-07T08:12:52+09:00
2022.06,853400,41,경기도 의왕시,7,API_EXP_USD_AMT_UNVERIFIED_SCALE,https://www.data.go.kr/data/15134343/openapi.do,2026-10-07T08:12:52+09:00
2022.06,853400,41,경기도 의정부시,0,API_EXP_USD_AMT_UNVERIFIED_SCALE,https://www.data.go.kr/data/15134343/openapi.do,2026-10-07T08:12:52+09:00
2022.06,853400,41,경기도 이천시,203,API_EXP_USD_AMT_UNVERIFIED_SCALE,https://www.data.go.kr/data/15134343/openapi.do,2026-10-07T08:12:52+09:00
2022.06,853400,41,경기도 파주시,1560,API_EXP_USD_AMT_UNVERIFIED_SCALE,https://www.data.go.kr/data/15134343/openapi.do,2026-10-07T08:12:52+09:00
2022.06,853400,41,경기도 평택시,4916,API_EXP_USD_AMT_UNVERIFIED_SCALE,https://www.data.go.kr/data/15134343/openapi.do,2026-10-07T08:12:52+09:00
2022.06,853400,41,경기도 포천군,0,API_EXP_USD_AMT_UNVERIFIED_SCALE,https://www.data.go.kr/data/15134343/openapi.do,2026-10-07T08:12:52+09:00
2022.06,853400,41,경기도 하남시,0,API_EXP_USD_AMT_UNVERIFIED_SCALE,https://www.data.go.kr/data/15134343/openapi.do,2026-10-07T08:12:52+09:00
2022.06,853400,41,경기도 화성시,1415,API_EXP_USD_AMT_UNVERIFIED_SCALE,https://www.data.go.kr/data/15134343/openapi.do,2026-10-07T08:12:52+09:00
2022.06,853400,43,충청북도 음성군,6,API_EXP_USD_AMT_UNVERIFIED_SCALE,https://www.data.go.kr/data/15134343/openapi.do,2026-10-07T08:12:52+09:00
2022.06,853400,43,충청북도 제천시,2,API_EXP_USD_AMT_UNVERIFIED_SCALE,https://www.data.go.kr/data/15134343/openapi.do,2026-10-07T08:12:52+09:00
2022.06,853400,43,충청북도 증평군,725,API_EXP_USD_AMT_UNVERIFIED_SCALE,https://www.data.go.kr/data/15134343/openapi.do,2026-10-07T08:12:52+09:00
2022.06,853400,43,충청북도 진천군,25,API_EXP_USD_AMT_UNVERIFIED_SCALE,https://www.data.go.kr/data/15134343/openapi.do,2026-10-07T08:12:52+09:00
2022.06,853400,43,충청북도 청주시,72234,API_EXP_USD_AMT_UNVERIFIED_SCALE,https://www.data.go.kr/data/15134343/openapi.do,2026-10-07T08:12:52+09:00
2022.07,330499,36,세종특별자치시,3208,API_EXP_USD_AMT_UNVERIFIED_SCALE,https://www.data.go.kr/data/15134343/openapi.do,2026-10-07T08:12:52+09:00
2022.07,330499,41,경기도 가평군,0,API_EXP_USD_AMT_UNVERIFIED_SCALE,https://www.data.go.kr/data/15134343/openapi.do,2026-10-07T08:12:52+09:00
2022.07,330499,41,경기도 고양시,6321,API_EXP_USD_AMT_UNVERIFIED_SCALE,https://www.data.go.kr/data/15134343/openapi.do,2026-10-07T08:12:52+09:00
2022.07,330499,41,경기도 과천시,0,API_EXP_USD_AMT_UNVERIFIED_SCALE,https://www.data.go.kr/data/15134343/openapi.do,2026-10-07T08:12:52+09:00
2022.07,330499,41,경기도 광명시,1154,API_EXP_USD_AMT_UNVERIFIED_SCALE,https://www.data.go.kr/data/15134343/openapi.do,2026-10-07T08:12:52+09:00
2022.07,330499,41,경기도 광주시,402,API_EXP_USD_AMT_UNVERIFIED_SCALE,https://www.data.go.kr/data/15134343/openapi.do,2026-10-07T08:12:52+09:00
2022.07,330499,41,경기도 구리시,1061,API_EXP_USD_AMT_UNVERIFIED_SCALE,https://www.data.go.kr/data/15134343/openapi.do,2026-10-07T08:12:52+09:00
2022.07,330499,41,경기도 군포시,785,API_EXP_USD_AMT_UNVERIFIED_SCALE,https://www.data.go.kr/data/15134343/openapi.do,2026-10-07T08:12:52+09:00
2022.07,330499,41,경기도 김포시,22651,API_EXP_USD_AMT_UNVERIFIED_SCALE,https://www.data.go.kr/data/15134343/openapi.do,2026-10-07T08:12:52+09:00
2022.07,330499,41,경기도 남양주시,3155,API_EXP_USD_AMT_UNVERIFIED_SCALE,https://www.data.go.kr/data/15134343/openapi.do,2026-10-07T08:12:52+09:00
2022.07,330499,41,경기도 동두천시,5,API_EXP_USD_AMT_UNVERIFIED_SCALE,https://www.data.go.kr/data/15134343/openapi.do,2026-10-07T08:12:52+09:00
2022.07,330499,41,경기도 부천시,3795,API_EXP_USD_AMT_UNVERIFIED_SCALE,https://www.data.go.kr/data/15134343/openapi.do,2026-10-07T08:12:52+09:00
2022.07,330499,41,경기도 성남시,11571,API_EXP_USD_AMT_UNVERIFIED_SCALE,https://www.data.go.kr/data/15134343/openapi.do,2026-10-07T08:12:52+09:00
2022.07,330499,41,경기도 수원시,3021,API_EXP_USD_AMT_UNVERIFIED_SCALE,https://www.data.go.kr/data/15134343/openapi.do,2026-10-07T08:12:52+09:00
2022.07,330499,41,경기도 시흥시,4826,API_EXP_USD_AMT_UNVERIFIED_SCALE,https://www.data.go.kr/data/15134343/openapi.do,2026-10-07T08:12:52+09:00
2022.07,330499,41,경기도 안산시,2054,API_EXP_USD_AMT_UNVERIFIED_SCALE,https://www.data.go.kr/data/15134343/openapi.do,2026-10-07T08:12:52+09:00
2022.07,330499,41,경기도 안성시,1390,API_EXP_USD_AMT_UNVERIFIED_SCALE,https://www.data.go.kr/data/15134343/openapi.do,2026-10-07T08:12:52+09:00
2022.07,330499,41,경기도 안양시,6728,API_EXP_USD_AMT_UNVERIFIED_SCALE,https://www.data.go.kr/data/15134343/openapi.do,2026-10-07T08:12:52+09:00
2022.07,330499,41,경기도 양주시,282,API_EXP_USD_AMT_UNVERIFIED_SCALE,https://www.data.go.kr/data/15134343/openapi.do,2026-10-07T08:12:52+09:00
2022.07,330499,41,경기도 양평군,2,API_EXP_USD_AMT_UNVERIFIED_SCALE,https://www.data.go.kr/data/15134343/openapi.do,2026-10-07T08:12:52+09:00
2022.07,330499,41,경기도 여주군,908,API_EXP_USD_AMT_UNVERIFIED_SCALE,https://www.data.go.kr/data/15134343/openapi.do,2026-10-07T08:12:52+09:00
2022.07,330499,41,경기도 연천군,13,API_EXP_USD_AMT_UNVERIFIED_SCALE,https://www.data.go.kr/data/15134343/openapi.do,2026-10-07T08:12:52+09:00
2022.07,330499,41,경기도 오산시,6875,API_EXP_USD_AMT_UNVERIFIED_SCALE,https://www.data.go.kr/data/15134343/openapi.do,2026-10-07T08:12:52+09:00
2022.07,330499,41,경기도 용인시,1756,API_EXP_USD_AMT_UNVERIFIED_SCALE,https://www.data.go.kr/data/15134343/openapi.do,2026-10-07T08:12:52+09:00
2022.07,330499,41,경기도 의왕시,596,API_EXP_USD_AMT_UNVERIFIED_SCALE,https://www.data.go.kr/data/15134343/openapi.do,2026-10-07T08:12:52+09:00
2022.07,330499,41,경기도 의정부시,129,API_EXP_USD_AMT_UNVERIFIED_SCALE,https://www.data.go.kr/data/15134343/openapi.do,2026-10-07T08:12:52+09:00
2022.07,330499,41,경기도 이천시,90,API_EXP_USD_AMT_UNVERIFIED_SCALE,https://www.data.go.kr/data/15134343/openapi.do,2026-10-07T08:12:52+09:00
2022.07,330499,41,경기도 파주시,1266,API_EXP_USD_AMT_UNVERIFIED_SCALE,https://www.data.go.kr/data/15134343/openapi.do,2026-10-07T08:12:52+09:00
2022.07,330499,41,경기도 평택시,1335,API_EXP_USD_AMT_UNVERIFIED_SCALE,https://www.data.go.kr/data/15134343/openapi.do,2026-10-07T08:12:52+09:00
2022.07,330499,41,경기도 포천군,91,API_EXP_USD_AMT_UNVERIFIED_SCALE,https://www.data.go.kr/data/15134343/openapi.do,2026-10-07T08:12:52+09:00
2022.07,330499,41,경기도 하남시,1710,API_EXP_USD_AMT_UNVERIFIED_SCALE,https://www.data.go.kr/data/15134343/openapi.do,2026-10-07T08:12:52+09:00
2022.07,330499,41,경기도 화성시,13409,API_EXP_USD_AMT_UNVERIFIED_SCALE,https://www.data.go.kr/data/15134343/openapi.do,2026-10-07T08:12:52+09:00
2022.07,853400,27,대구광역시 남구,0,API_EXP_USD_AMT_UNVERIFIED_SCALE,https://www.data.go.kr/data/15134343/openapi.do,2026-10-07T08:12:52+09:00
2022.07,853400,27,대구광역시 달서구,664,API_EXP_USD_AMT_UNVERIFIED_SCALE,https://www.data.go.kr/data/15134343/openapi.do,2026-10-07T08:12:52+09:00
2022.07,853400,27,대구광역시 달성군,34297,API_EXP_USD_AMT_UNVERIFIED_SCALE,https://www.data.go.kr/data/15134343/openapi.do,2026-10-07T08:12:52+09:00
2022.07,853400,27,대구광역시 동구,0,API_EXP_USD_AMT_UNVERIFIED_SCALE,https://www.data.go.kr/data/15134343/openapi.do,2026-10-07T08:12:52+09:00
2022.07,853400,27,대구광역시 북구,0,API_EXP_USD_AMT_UNVERIFIED_SCALE,https://www.data.go.kr/data/15134343/openapi.do,2026-10-07T08:12:52+09:00
2022.07,853400,27,대구광역시 서구,0,API_EXP_USD_AMT_UNVERIFIED_SCALE,https://www.data.go.kr/data/15134343/openapi.do,2026-10-07T08:12:52+09:00
2022.07,853400,27,대구광역시 수성구,0,API_EXP_USD_AMT_UNVERIFIED_SCALE,https://www.data.go.kr/data/15134343/openapi.do,2026-10-07T08:12:52+09:00
2022.07,853400,27,대구광역시 중구,0,API_EXP_USD_AMT_UNVERIFIED_SCALE,https://www.data.go.kr/data/15134343/openapi.do,2026-10-07T08:12:52+09:00
2022.07,853400,41,경기도 가평군,0,API_EXP_USD_AMT_UNVERIFIED_SCALE,https://www.data.go.kr/data/15134343/openapi.do,2026-10-07T08:12:52+09:00
2022.07,853400,41,경기도 고양시,267,API_EXP_USD_AMT_UNVERIFIED_SCALE,https://www.data.go.kr/data/15134343/openapi.do,2026-10-07T08:12:52+09:00
2022.07,853400,41,경기도 과천시,0,API_EXP_USD_AMT_UNVERIFIED_SCALE,https://www.data.go.kr/data/15134343/openapi.do,2026-10-07T08:12:52+09:00
2022.07,853400,41,경기도 광명시,0,API_EXP_USD_AMT_UNVERIFIED_SCALE,https://www.data.go.kr/data/15134343/openapi.do,2026-10-07T08:12:52+09:00
2022.07,853400,41,경기도 광주시,1,API_EXP_USD_AMT_UNVERIFIED_SCALE,https://www.data.go.kr/data/15134343/openapi.do,2026-10-07T08:12:52+09:00
2022.07,853400,41,경기도 구리시,9,API_EXP_USD_AMT_UNVERIFIED_SCALE,https://www.data.go.kr/data/15134343/openapi.do,2026-10-07T08:12:52+09:00
2022.07,853400,41,경기도 군포시,44,API_EXP_USD_AMT_UNVERIFIED_SCALE,https://www.data.go.kr/data/15134343/openapi.do,2026-10-07T08:12:52+09:00
2022.07,853400,41,경기도 김포시,89,API_EXP_USD_AMT_UNVERIFIED_SCALE,https://www.data.go.kr/data/15134343/openapi.do,2026-10-07T08:12:52+09:00
2022.07,853400,41,경기도 남양주시,0,API_EXP_USD_AMT_UNVERIFIED_SCALE,https://www.data.go.kr/data/15134343/openapi.do,2026-10-07T08:12:52+09:00
2022.07,853400,41,경기도 부천시,373,API_EXP_USD_AMT_UNVERIFIED_SCALE,https://www.data.go.kr/data/15134343/openapi.do,2026-10-07T08:12:52+09:00
2022.07,853400,41,경기도 성남시,3343,API_EXP_USD_AMT_UNVERIFIED_SCALE,https://www.data.go.kr/data/15134343/openapi.do,2026-10-07T08:12:52+09:00
2022.07,853400,41,경기도 수원시,49213,API_EXP_USD_AMT_UNVERIFIED_SCALE,https://www.data.go.kr/data/15134343/openapi.do,2026-10-07T08:12:52+09:00
2022.07,853400,41,경기도 시흥시,3036,API_EXP_USD_AMT_UNVERIFIED_SCALE,https://www.data.go.kr/data/15134343/openapi.do,2026-10-07T08:12:52+09:00
2022.07,853400,41,경기도 안산시,173745,API_EXP_USD_AMT_UNVERIFIED_SCALE,https://www.data.go.kr/data/15134343/openapi.do,2026-10-07T08:12:52+09:00
2022.07,853400,41,경기도 안성시,11120,API_EXP_USD_AMT_UNVERIFIED_SCALE,https://www.data.go.kr/data/15134343/openapi.do,2026-10-07T08:12:52+09:00
2022.07,853400,41,경기도 안양시,759,API_EXP_USD_AMT_UNVERIFIED_SCALE,https://www.data.go.kr/data/15134343/openapi.do,2026-10-07T08:12:52+09:00
2022.07,853400,41,경기도 양주시,0,API_EXP_USD_AMT_UNVERIFIED_SCALE,https://www.data.go.kr/data/15134343/openapi.do,2026-10-07T08:12:52+09:00
2022.07,853400,41,경기도 여주군,0,API_EXP_USD_AMT_UNVERIFIED_SCALE,https://www.data.go.kr/data/15134343/openapi.do,2026-10-07T08:12:52+09:00
2022.07,853400,41,경기도 오산시,159,API_EXP_USD_AMT_UNVERIFIED_SCALE,https://www.data.go.kr/data/15134343/openapi.do,2026-10-07T08:12:52+09:00
2022.07,853400,41,경기도 용인시,223,API_EXP_USD_AMT_UNVERIFIED_SCALE,https://www.data.go.kr/data/15134343/openapi.do,2026-10-07T08:12:52+09:00
2022.07,853400,41,경기도 의왕시,10,API_EXP_USD_AMT_UNVERIFIED_SCALE,https://www.data.go.kr/data/15134343/openapi.do,2026-10-07T08:12:52+09:00
2022.07,853400,41,경기도 의정부시,0,API_EXP_USD_AMT_UNVERIFIED_SCALE,https://www.data.go.kr/data/15134343/openapi.do,2026-10-07T08:12:52+09:00
2022.07,853400,41,경기도 이천시,269,API_EXP_USD_AMT_UNVERIFIED_SCALE,https://www.data.go.kr/data/15134343/openapi.do,2026-10-07T08:12:52+09:00
2022.07,853400,41,경기도 파주시,914,API_EXP_USD_AMT_UNVERIFIED_SCALE,https://www.data.go.kr/data/15134343/openapi.do,2026-10-07T08:12:52+09:00
2022.07,853400,41,경기도 평택시,2468,API_EXP_USD_AMT_UNVERIFIED_SCALE,https://www.data.go.kr/data/15134343/openapi.do,2026-10-07T08:12:52+09:00
2022.07,853400,41,경기도 포천군,0,API_EXP_USD_AMT_UNVERIFIED_SCALE,https://www.data.go.kr/data/15134343/openapi.do,2026-10-07T08:12:52+09:00
2022.07,853400,41,경기도 하남시,3,API_EXP_USD_AMT_UNVERIFIED_SCALE,https://www.data.go.kr/data/15134343/openapi.do,2026-10-07T08:12:52+09:00
2022.07,853400,41,경기도 화성시,980,API_EXP_USD_AMT_UNVERIFIED_SCALE,https://www.data.go.kr/data/15134343/openapi.do,2026-10-07T08:12:52+09:00
2022.07,853400,43,충청북도 괴산군,0,API_EXP_USD_AMT_UNVERIFIED_SCALE,https://www.data.go.kr/data/15134343/openapi.do,2026-10-07T08:12:52+09:00
2022.07,853400,43,충청북도 음성군,33,API_EXP_USD_AMT_UNVERIFIED_SCALE,https://www.data.go.kr/data/15134343/openapi.do,2026-10-07T08:12:52+09:00
2022.07,853400,43,충청북도 제천시,18,API_EXP_USD_AMT_UNVERIFIED_SCALE,https://www.data.go.kr/data/15134343/openapi.do,2026-10-07T08:12:52+09:00
2022.07,853400,43,충청북도 증평군,938,API_EXP_USD_AMT_UNVERIFIED_SCALE,https://www.data.go.kr/data/15134343/openapi.do,2026-10-07T08:12:52+09:00
2022.07,853400,43,충청북도 진천군,85,API_EXP_USD_AMT_UNVERIFIED_SCALE,https://www.data.go.kr/data/15134343/openapi.do,2026-10-07T08:12:52+09:00
2022.07,853400,43,충청북도 청주시,61724,API_EXP_USD_AMT_UNVERIFIED_SCALE,https://www.data.go.kr/data/15134343/openapi.do,2026-10-07T08:12:52+09:00
2022.08,330499,36,세종특별자치시,2452,API_EXP_USD_AMT_UNVERIFIED_SCALE,https://www.data.go.kr/data/15134343/openapi.do,2026-10-07T08:12:52+09:00
2022.08,330499,41,경기도 가평군,0,API_EXP_USD_AMT_UNVERIFIED_SCALE,https://www.data.go.kr/data/15134343/openapi.do,2026-10-07T08:12:52+09:00
2022.08,330499,41,경기도 고양시,6920,API_EXP_USD_AMT_UNVERIFIED_SCALE,https://www.data.go.kr/data/15134343/openapi.do,2026-10-07T08:12:52+09:00
2022.08,330499,41,경기도 과천시,1,API_EXP_USD_AMT_UNVERIFIED_SCALE,https://www.data.go.kr/data/15134343/openapi.do,2026-10-07T08:12:52+09:00
2022.08,330499,41,경기도 광명시,1320,API_EXP_USD_AMT_UNVERIFIED_SCALE,https://www.data.go.kr/data/15134343/openapi.do,2026-10-07T08:12:52+09:00
2022.08,330499,41,경기도 광주시,400,API_EXP_USD_AMT_UNVERIFIED_SCALE,https://www.data.go.kr/data/15134343/openapi.do,2026-10-07T08:12:52+09:00
2022.08,330499,41,경기도 구리시,1232,API_EXP_USD_AMT_UNVERIFIED_SCALE,https://www.data.go.kr/data/15134343/openapi.do,2026-10-07T08:12:52+09:00
2022.08,330499,41,경기도 군포시,891,API_EXP_USD_AMT_UNVERIFIED_SCALE,https://www.data.go.kr/data/15134343/openapi.do,2026-10-07T08:12:52+09:00
2022.08,330499,41,경기도 김포시,21033,API_EXP_USD_AMT_UNVERIFIED_SCALE,https://www.data.go.kr/data/15134343/openapi.do,2026-10-07T08:12:52+09:00
2022.08,330499,41,경기도 남양주시,2034,API_EXP_USD_AMT_UNVERIFIED_SCALE,https://www.data.go.kr/data/15134343/openapi.do,2026-10-07T08:12:52+09:00
2022.08,330499,41,경기도 동두천시,1,API_EXP_USD_AMT_UNVERIFIED_SCALE,https://www.data.go.kr/data/15134343/openapi.do,2026-10-07T08:12:52+09:00
2022.08,330499,41,경기도 부천시,4390,API_EXP_USD_AMT_UNVERIFIED_SCALE,https://www.data.go.kr/data/15134343/openapi.do,2026-10-07T08:12:52+09:00
2022.08,330499,41,경기도 성남시,12755,API_EXP_USD_AMT_UNVERIFIED_SCALE,https://www.data.go.kr/data/15134343/openapi.do,2026-10-07T08:12:52+09:00
2022.08,330499,41,경기도 수원시,3264,API_EXP_USD_AMT_UNVERIFIED_SCALE,https://www.data.go.kr/data/15134343/openapi.do,2026-10-07T08:12:52+09:00
2022.08,330499,41,경기도 시흥시,2816,API_EXP_USD_AMT_UNVERIFIED_SCALE,https://www.data.go.kr/data/15134343/openapi.do,2026-10-07T08:12:52+09:00
2022.08,330499,41,경기도 안산시,1461,API_EXP_USD_AMT_UNVERIFIED_SCALE,https://www.data.go.kr/data/15134343/openapi.do,2026-10-07T08:12:52+09:00
2022.08,330499,41,경기도 안성시,921,API_EXP_USD_AMT_UNVERIFIED_SCALE,https://www.data.go.kr/data/15134343/openapi.do,2026-10-07T08:12:52+09:00
2022.08,330499,41,경기도 안양시,5160,API_EXP_USD_AMT_UNVERIFIED_SCALE,https://www.data.go.kr/data/15134343/openapi.do,2026-10-07T08:12:52+09:00
2022.08,330499,41,경기도 양주시,294,API_EXP_USD_AMT_UNVERIFIED_SCALE,https://www.data.go.kr/data/15134343/openapi.do,2026-10-07T08:12:52+09:00
2022.08,330499,41,경기도 양평군,4,API_EXP_USD_AMT_UNVERIFIED_SCALE,https://www.data.go.kr/data/15134343/openapi.do,2026-10-07T08:12:52+09:00
2022.08,330499,41,경기도 여주군,1724,API_EXP_USD_AMT_UNVERIFIED_SCALE,https://www.data.go.kr/data/15134343/openapi.do,2026-10-07T08:12:52+09:00
2022.08,330499,41,경기도 연천군,0,API_EXP_USD_AMT_UNVERIFIED_SCALE,https://www.data.go.kr/data/15134343/openapi.do,2026-10-07T08:12:52+09:00
2022.08,330499,41,경기도 오산시,3842,API_EXP_USD_AMT_UNVERIFIED_SCALE,https://www.data.go.kr/data/15134343/openapi.do,2026-10-07T08:12:52+09:00
2022.08,330499,41,경기도 용인시,2176,API_EXP_USD_AMT_UNVERIFIED_SCALE,https://www.data.go.kr/data/15134343/openapi.do,2026-10-07T08:12:52+09:00
2022.08,330499,41,경기도 의왕시,1118,API_EXP_USD_AMT_UNVERIFIED_SCALE,https://www.data.go.kr/data/15134343/openapi.do,2026-10-07T08:12:52+09:00
2022.08,330499,41,경기도 의정부시,548,API_EXP_USD_AMT_UNVERIFIED_SCALE,https://www.data.go.kr/data/15134343/openapi.do,2026-10-07T08:12:52+09:00
2022.08,330499,41,경기도 이천시,209,API_EXP_USD_AMT_UNVERIFIED_SCALE,https://www.data.go.kr/data/15134343/openapi.do,2026-10-07T08:12:52+09:00
2022.08,330499,41,경기도 파주시,1344,API_EXP_USD_AMT_UNVERIFIED_SCALE,https://www.data.go.kr/data/15134343/openapi.do,2026-10-07T08:12:52+09:00
2022.08,330499,41,경기도 평택시,1110,API_EXP_USD_AMT_UNVERIFIED_SCALE,https://www.data.go.kr/data/15134343/openapi.do,2026-10-07T08:12:52+09:00
2022.08,330499,41,경기도 포천군,38,API_EXP_USD_AMT_UNVERIFIED_SCALE,https://www.data.go.kr/data/15134343/openapi.do,2026-10-07T08:12:52+09:00
2022.08,330499,41,경기도 하남시,768,API_EXP_USD_AMT_UNVERIFIED_SCALE,https://www.data.go.kr/data/15134343/openapi.do,2026-10-07T08:12:52+09:00
2022.08,330499,41,경기도 화성시,11930,API_EXP_USD_AMT_UNVERIFIED_SCALE,https://www.data.go.kr/data/15134343/openapi.do,2026-10-07T08:12:52+09:00
2022.08,853400,27,대구광역시 달서구,472,API_EXP_USD_AMT_UNVERIFIED_SCALE,https://www.data.go.kr/data/15134343/openapi.do,2026-10-07T08:12:52+09:00
2022.08,853400,27,대구광역시 달성군,31679,API_EXP_USD_AMT_UNVERIFIED_SCALE,https://www.data.go.kr/data/15134343/openapi.do,2026-10-07T08:12:52+09:00
2022.08,853400,27,대구광역시 동구,0,API_EXP_USD_AMT_UNVERIFIED_SCALE,https://www.data.go.kr/data/15134343/openapi.do,2026-10-07T08:12:52+09:00
2022.08,853400,27,대구광역시 북구,0,API_EXP_USD_AMT_UNVERIFIED_SCALE,https://www.data.go.kr/data/15134343/openapi.do,2026-10-07T08:12:52+09:00
2022.08,853400,27,대구광역시 서구,1,API_EXP_USD_AMT_UNVERIFIED_SCALE,https://www.data.go.kr/data/15134343/openapi.do,2026-10-07T08:12:52+09:00
2022.08,853400,27,대구광역시 수성구,0,API_EXP_USD_AMT_UNVERIFIED_SCALE,https://www.data.go.kr/data/15134343/openapi.do,2026-10-07T08:12:52+09:00
2022.08,853400,41,경기도 고양시,127,API_EXP_USD_AMT_UNVERIFIED_SCALE,https://www.data.go.kr/data/15134343/openapi.do,2026-10-07T08:12:52+09:00
2022.08,853400,41,경기도 과천시,0,API_EXP_USD_AMT_UNVERIFIED_SCALE,https://www.data.go.kr/data/15134343/openapi.do,2026-10-07T08:12:52+09:00
2022.08,853400,41,경기도 광명시,35,API_EXP_USD_AMT_UNVERIFIED_SCALE,https://www.data.go.kr/data/15134343/openapi.do,2026-10-07T08:12:52+09:00
2022.08,853400,41,경기도 광주시,0,API_EXP_USD_AMT_UNVERIFIED_SCALE,https://www.data.go.kr/data/15134343/openapi.do,2026-10-07T08:12:52+09:00
2022.08,853400,41,경기도 군포시,39,API_EXP_USD_AMT_UNVERIFIED_SCALE,https://www.data.go.kr/data/15134343/openapi.do,2026-10-07T08:12:52+09:00
2022.08,853400,41,경기도 김포시,112,API_EXP_USD_AMT_UNVERIFIED_SCALE,https://www.data.go.kr/data/15134343/openapi.do,2026-10-07T08:12:52+09:00
2022.08,853400,41,경기도 남양주시,0,API_EXP_USD_AMT_UNVERIFIED_SCALE,https://www.data.go.kr/data/15134343/openapi.do,2026-10-07T08:12:52+09:00
2022.08,853400,41,경기도 동두천시,1,API_EXP_USD_AMT_UNVERIFIED_SCALE,https://www.data.go.kr/data/15134343/openapi.do,2026-10-07T08:12:52+09:00
2022.08,853400,41,경기도 부천시,884,API_EXP_USD_AMT_UNVERIFIED_SCALE,https://www.data.go.kr/data/15134343/openapi.do,2026-10-07T08:12:52+09:00
2022.08,853400,41,경기도 성남시,2627,API_EXP_USD_AMT_UNVERIFIED_SCALE,https://www.data.go.kr/data/15134343/openapi.do,2026-10-07T08:12:52+09:00
2022.08,853400,41,경기도 수원시,42936,API_EXP_USD_AMT_UNVERIFIED_SCALE,https://www.data.go.kr/data/15134343/openapi.do,2026-10-07T08:12:52+09:00
2022.08,853400,41,경기도 시흥시,3346,API_EXP_USD_AMT_UNVERIFIED_SCALE,https://www.data.go.kr/data/15134343/openapi.do,2026-10-07T08:12:52+09:00
2022.08,853400,41,경기도 안산시,176332,API_EXP_USD_AMT_UNVERIFIED_SCALE,https://www.data.go.kr/data/15134343/openapi.do,2026-10-07T08:12:52+09:00
2022.08,853400,41,경기도 안성시,14671,API_EXP_USD_AMT_UNVERIFIED_SCALE,https://www.data.go.kr/data/15134343/openapi.do,2026-10-07T08:12:52+09:00
2022.08,853400,41,경기도 안양시,864,API_EXP_USD_AMT_UNVERIFIED_SCALE,https://www.data.go.kr/data/15134343/openapi.do,2026-10-07T08:12:52+09:00
2022.08,853400,41,경기도 양주시,3,API_EXP_USD_AMT_UNVERIFIED_SCALE,https://www.data.go.kr/data/15134343/openapi.do,2026-10-07T08:12:52+09:00
2022.08,853400,41,경기도 양평군,0,API_EXP_USD_AMT_UNVERIFIED_SCALE,https://www.data.go.kr/data/15134343/openapi.do,2026-10-07T08:12:52+09:00
2022.08,853400,41,경기도 여주군,0,API_EXP_USD_AMT_UNVERIFIED_SCALE,https://www.data.go.kr/data/15134343/openapi.do,2026-10-07T08:12:52+09:00
2022.08,853400,41,경기도 오산시,66,API_EXP_USD_AMT_UNVERIFIED_SCALE,https://www.data.go.kr/data/15134343/openapi.do,2026-10-07T08:12:52+09:00
2022.08,853400,41,경기도 용인시,337,API_EXP_USD_AMT_UNVERIFIED_SCALE,https://www.data.go.kr/data/15134343/openapi.do,2026-10-07T08:12:52+09:00
2022.08,853400,41,경기도 의왕시,0,API_EXP_USD_AMT_UNVERIFIED_SCALE,https://www.data.go.kr/data/15134343/openapi.do,2026-10-07T08:12:52+09:00
2022.08,853400,41,경기도 의정부시,0,API_EXP_USD_AMT_UNVERIFIED_SCALE,https://www.data.go.kr/data/15134343/openapi.do,2026-10-07T08:12:52+09:00
2022.08,853400,41,경기도 이천시,184,API_EXP_USD_AMT_UNVERIFIED_SCALE,https://www.data.go.kr/data/15134343/openapi.do,2026-10-07T08:12:52+09:00
2022.08,853400,41,경기도 파주시,913,API_EXP_USD_AMT_UNVERIFIED_SCALE,https://www.data.go.kr/data/15134343/openapi.do,2026-10-07T08:12:52+09:00
2022.08,853400,41,경기도 평택시,1470,API_EXP_USD_AMT_UNVERIFIED_SCALE,https://www.data.go.kr/data/15134343/openapi.do,2026-10-07T08:12:52+09:00
2022.08,853400,41,경기도 포천군,0,API_EXP_USD_AMT_UNVERIFIED_SCALE,https://www.data.go.kr/data/15134343/openapi.do,2026-10-07T08:12:52+09:00
2022.08,853400,41,경기도 하남시,13,API_EXP_USD_AMT_UNVERIFIED_SCALE,https://www.data.go.kr/data/15134343/openapi.do,2026-10-07T08:12:52+09:00
2022.08,853400,41,경기도 화성시,745,API_EXP_USD_AMT_UNVERIFIED_SCALE,https://www.data.go.kr/data/15134343/openapi.do,2026-10-07T08:12:52+09:00
2022.08,853400,43,충청북도 옥천군,0,API_EXP_USD_AMT_UNVERIFIED_SCALE,https://www.data.go.kr/data/15134343/openapi.do,2026-10-07T08:12:52+09:00
2022.08,853400,43,충청북도 음성군,36,API_EXP_USD_AMT_UNVERIFIED_SCALE,https://www.data.go.kr/data/15134343/openapi.do,2026-10-07T08:12:52+09:00
2022.08,853400,43,충청북도 제천시,1,API_EXP_USD_AMT_UNVERIFIED_SCALE,https://www.data.go.kr/data/15134343/openapi.do,2026-10-07T08:12:52+09:00
2022.08,853400,43,충청북도 증평군,607,API_EXP_USD_AMT_UNVERIFIED_SCALE,https://www.data.go.kr/data/15134343/openapi.do,2026-10-07T08:12:52+09:00
2022.08,853400,43,충청북도 진천군,77,API_EXP_USD_AMT_UNVERIFIED_SCALE,https://www.data.go.kr/data/15134343/openapi.do,2026-10-07T08:12:52+09:00
2022.08,853400,43,충청북도 청주시,62097,API_EXP_USD_AMT_UNVERIFIED_SCALE,https://www.data.go.kr/data/15134343/openapi.do,2026-10-07T08:12:52+09:00
2022.08,853400,43,충청북도 충주시,0,API_EXP_USD_AMT_UNVERIFIED_SCALE,https://www.data.go.kr/data/15134343/openapi.do,2026-10-07T08:12:52+09:00
2022.09,330499,36,세종특별자치시,2208,API_EXP_USD_AMT_UNVERIFIED_SCALE,https://www.data.go.kr/data/15134343/openapi.do,2026-10-07T08:12:52+09:00
2022.09,330499,41,경기도 가평군,6,API_EXP_USD_AMT_UNVERIFIED_SCALE,https://www.data.go.kr/data/15134343/openapi.do,2026-10-07T08:12:52+09:00
2022.09,330499,41,경기도 고양시,7844,API_EXP_USD_AMT_UNVERIFIED_SCALE,https://www.data.go.kr/data/15134343/openapi.do,2026-10-07T08:12:52+09:00
2022.09,330499,41,경기도 과천시,0,API_EXP_USD_AMT_UNVERIFIED_SCALE,https://www.data.go.kr/data/15134343/openapi.do,2026-10-07T08:12:52+09:00
2022.09,330499,41,경기도 광명시,1063,API_EXP_USD_AMT_UNVERIFIED_SCALE,https://www.data.go.kr/data/15134343/openapi.do,2026-10-07T08:12:52+09:00
2022.09,330499,41,경기도 광주시,241,API_EXP_USD_AMT_UNVERIFIED_SCALE,https://www.data.go.kr/data/15134343/openapi.do,2026-10-07T08:12:52+09:00
2022.09,330499,41,경기도 구리시,1256,API_EXP_USD_AMT_UNVERIFIED_SCALE,https://www.data.go.kr/data/15134343/openapi.do,2026-10-07T08:12:52+09:00
2022.09,330499,41,경기도 군포시,652,API_EXP_USD_AMT_UNVERIFIED_SCALE,https://www.data.go.kr/data/15134343/openapi.do,2026-10-07T08:12:52+09:00
2022.09,330499,41,경기도 김포시,22229,API_EXP_USD_AMT_UNVERIFIED_SCALE,https://www.data.go.kr/data/15134343/openapi.do,2026-10-07T08:12:52+09:00
2022.09,330499,41,경기도 남양주시,1152,API_EXP_USD_AMT_UNVERIFIED_SCALE,https://www.data.go.kr/data/15134343/openapi.do,2026-10-07T08:12:52+09:00
2022.09,330499,41,경기도 동두천시,0,API_EXP_USD_AMT_UNVERIFIED_SCALE,https://www.data.go.kr/data/15134343/openapi.do,2026-10-07T08:12:52+09:00
2022.09,330499,41,경기도 부천시,4594,API_EXP_USD_AMT_UNVERIFIED_SCALE,https://www.data.go.kr/data/15134343/openapi.do,2026-10-07T08:12:52+09:00
2022.09,330499,41,경기도 성남시,13247,API_EXP_USD_AMT_UNVERIFIED_SCALE,https://www.data.go.kr/data/15134343/openapi.do,2026-10-07T08:12:52+09:00
2022.09,330499,41,경기도 수원시,3251,API_EXP_USD_AMT_UNVERIFIED_SCALE,https://www.data.go.kr/data/15134343/openapi.do,2026-10-07T08:12:52+09:00
2022.09,330499,41,경기도 시흥시,4371,API_EXP_USD_AMT_UNVERIFIED_SCALE,https://www.data.go.kr/data/15134343/openapi.do,2026-10-07T08:12:52+09:00
2022.09,330499,41,경기도 안산시,2942,API_EXP_USD_AMT_UNVERIFIED_SCALE,https://www.data.go.kr/data/15134343/openapi.do,2026-10-07T08:12:52+09:00
2022.09,330499,41,경기도 안성시,2322,API_EXP_USD_AMT_UNVERIFIED_SCALE,https://www.data.go.kr/data/15134343/openapi.do,2026-10-07T08:12:52+09:00
2022.09,330499,41,경기도 안양시,10146,API_EXP_USD_AMT_UNVERIFIED_SCALE,https://www.data.go.kr/data/15134343/openapi.do,2026-10-07T08:12:52+09:00
2022.09,330499,41,경기도 양주시,1355,API_EXP_USD_AMT_UNVERIFIED_SCALE,https://www.data.go.kr/data/15134343/openapi.do,2026-10-07T08:12:52+09:00
2022.09,330499,41,경기도 양평군,8,API_EXP_USD_AMT_UNVERIFIED_SCALE,https://www.data.go.kr/data/15134343/openapi.do,2026-10-07T08:12:52+09:00
2022.09,330499,41,경기도 여주군,1517,API_EXP_USD_AMT_UNVERIFIED_SCALE,https://www.data.go.kr/data/15134343/openapi.do,2026-10-07T08:12:52+09:00
2022.09,330499,41,경기도 연천군,16,API_EXP_USD_AMT_UNVERIFIED_SCALE,https://www.data.go.kr/data/15134343/openapi.do,2026-10-07T08:12:52+09:00
2022.09,330499,41,경기도 오산시,5912,API_EXP_USD_AMT_UNVERIFIED_SCALE,https://www.data.go.kr/data/15134343/openapi.do,2026-10-07T08:12:52+09:00
2022.09,330499,41,경기도 용인시,2448,API_EXP_USD_AMT_UNVERIFIED_SCALE,https://www.data.go.kr/data/15134343/openapi.do,2026-10-07T08:12:52+09:00
2022.09,330499,41,경기도 의왕시,1455,API_EXP_USD_AMT_UNVERIFIED_SCALE,https://www.data.go.kr/data/15134343/openapi.do,2026-10-07T08:12:52+09:00
2022.09,330499,41,경기도 의정부시,66,API_EXP_USD_AMT_UNVERIFIED_SCALE,https://www.data.go.kr/data/15134343/openapi.do,2026-10-07T08:12:52+09:00
2022.09,330499,41,경기도 이천시,358,API_EXP_USD_AMT_UNVERIFIED_SCALE,https://www.data.go.kr/data/15134343/openapi.do,2026-10-07T08:12:52+09:00
2022.09,330499,41,경기도 파주시,1400,API_EXP_USD_AMT_UNVERIFIED_SCALE,https://www.data.go.kr/data/15134343/openapi.do,2026-10-07T08:12:52+09:00
2022.09,330499,41,경기도 평택시,3229,API_EXP_USD_AMT_UNVERIFIED_SCALE,https://www.data.go.kr/data/15134343/openapi.do,2026-10-07T08:12:52+09:00
2022.09,330499,41,경기도 포천군,226,API_EXP_USD_AMT_UNVERIFIED_SCALE,https://www.data.go.kr/data/15134343/openapi.do,2026-10-07T08:12:52+09:00
2022.09,330499,41,경기도 하남시,890,API_EXP_USD_AMT_UNVERIFIED_SCALE,https://www.data.go.kr/data/15134343/openapi.do,2026-10-07T08:12:52+09:00
2022.09,330499,41,경기도 화성시,14089,API_EXP_USD_AMT_UNVERIFIED_SCALE,https://www.data.go.kr/data/15134343/openapi.do,2026-10-07T08:12:52+09:00
2022.09,853400,27,대구광역시 남구,137,API_EXP_USD_AMT_UNVERIFIED_SCALE,https://www.data.go.kr/data/15134343/openapi.do,2026-10-07T08:12:52+09:00
2022.09,853400,27,대구광역시 달서구,375,API_EXP_USD_AMT_UNVERIFIED_SCALE,https://www.data.go.kr/data/15134343/openapi.do,2026-10-07T08:12:52+09:00
2022.09,853400,27,대구광역시 달성군,31528,API_EXP_USD_AMT_UNVERIFIED_SCALE,https://www.data.go.kr/data/15134343/openapi.do,2026-10-07T08:12:52+09:00
2022.09,853400,27,대구광역시 동구,0,API_EXP_USD_AMT_UNVERIFIED_SCALE,https://www.data.go.kr/data/15134343/openapi.do,2026-10-07T08:12:52+09:00
2022.09,853400,27,대구광역시 북구,0,API_EXP_USD_AMT_UNVERIFIED_SCALE,https://www.data.go.kr/data/15134343/openapi.do,2026-10-07T08:12:52+09:00
2022.09,853400,27,대구광역시 수성구,0,API_EXP_USD_AMT_UNVERIFIED_SCALE,https://www.data.go.kr/data/15134343/openapi.do,2026-10-07T08:12:52+09:00
2022.09,853400,27,대구광역시 중구,0,API_EXP_USD_AMT_UNVERIFIED_SCALE,https://www.data.go.kr/data/15134343/openapi.do,2026-10-07T08:12:52+09:00
2022.09,853400,41,경기도 고양시,72,API_EXP_USD_AMT_UNVERIFIED_SCALE,https://www.data.go.kr/data/15134343/openapi.do,2026-10-07T08:12:52+09:00
2022.09,853400,41,경기도 과천시,0,API_EXP_USD_AMT_UNVERIFIED_SCALE,https://www.data.go.kr/data/15134343/openapi.do,2026-10-07T08:12:52+09:00
2022.09,853400,41,경기도 광명시,0,API_EXP_USD_AMT_UNVERIFIED_SCALE,https://www.data.go.kr/data/15134343/openapi.do,2026-10-07T08:12:52+09:00
2022.09,853400,41,경기도 광주시,1,API_EXP_USD_AMT_UNVERIFIED_SCALE,https://www.data.go.kr/data/15134343/openapi.do,2026-10-07T08:12:52+09:00
2022.09,853400,41,경기도 구리시,0,API_EXP_USD_AMT_UNVERIFIED_SCALE,https://www.data.go.kr/data/15134343/openapi.do,2026-10-07T08:12:52+09:00
2022.09,853400,41,경기도 군포시,194,API_EXP_USD_AMT_UNVERIFIED_SCALE,https://www.data.go.kr/data/15134343/openapi.do,2026-10-07T08:12:52+09:00
2022.09,853400,41,경기도 김포시,94,API_EXP_USD_AMT_UNVERIFIED_SCALE,https://www.data.go.kr/data/15134343/openapi.do,2026-10-07T08:12:52+09:00
2022.09,853400,41,경기도 남양주시,0,API_EXP_USD_AMT_UNVERIFIED_SCALE,https://www.data.go.kr/data/15134343/openapi.do,2026-10-07T08:12:52+09:00
2022.09,853400,41,경기도 부천시,1069,API_EXP_USD_AMT_UNVERIFIED_SCALE,https://www.data.go.kr/data/15134343/openapi.do,2026-10-07T08:12:52+09:00
2022.09,853400,41,경기도 성남시,2519,API_EXP_USD_AMT_UNVERIFIED_SCALE,https://www.data.go.kr/data/15134343/openapi.do,2026-10-07T08:12:52+09:00
2022.09,853400,41,경기도 수원시,49087,API_EXP_USD_AMT_UNVERIFIED_SCALE,https://www.data.go.kr/data/15134343/openapi.do,2026-10-07T08:12:52+09:00
2022.09,853400,41,경기도 시흥시,3260,API_EXP_USD_AMT_UNVERIFIED_SCALE,https://www.data.go.kr/data/15134343/openapi.do,2026-10-07T08:12:52+09:00
2022.09,853400,41,경기도 안산시,142807,API_EXP_USD_AMT_UNVERIFIED_SCALE,https://www.data.go.kr/data/15134343/openapi.do,2026-10-07T08:12:52+09:00
2022.09,853400,41,경기도 안성시,11758,API_EXP_USD_AMT_UNVERIFIED_SCALE,https://www.data.go.kr/data/15134343/openapi.do,2026-10-07T08:12:52+09:00
2022.09,853400,41,경기도 안양시,697,API_EXP_USD_AMT_UNVERIFIED_SCALE,https://www.data.go.kr/data/15134343/openapi.do,2026-10-07T08:12:52+09:00
2022.09,853400,41,경기도 양주시,0,API_EXP_USD_AMT_UNVERIFIED_SCALE,https://www.data.go.kr/data/15134343/openapi.do,2026-10-07T08:12:52+09:00
2022.09,853400,41,경기도 양평군,0,API_EXP_USD_AMT_UNVERIFIED_SCALE,https://www.data.go.kr/data/15134343/openapi.do,2026-10-07T08:12:52+09:00
2022.09,853400,41,경기도 여주군,0,API_EXP_USD_AMT_UNVERIFIED_SCALE,https://www.data.go.kr/data/15134343/openapi.do,2026-10-07T08:12:52+09:00
2022.09,853400,41,경기도 오산시,33,API_EXP_USD_AMT_UNVERIFIED_SCALE,https://www.data.go.kr/data/15134343/openapi.do,2026-10-07T08:12:52+09:00
2022.09,853400,41,경기도 용인시,354,API_EXP_USD_AMT_UNVERIFIED_SCALE,https://www.data.go.kr/data/15134343/openapi.do,2026-10-07T08:12:52+09:00
2022.09,853400,41,경기도 의왕시,165,API_EXP_USD_AMT_UNVERIFIED_SCALE,https://www.data.go.kr/data/15134343/openapi.do,2026-10-07T08:12:52+09:00
2022.09,853400,41,경기도 의정부시,0,API_EXP_USD_AMT_UNVERIFIED_SCALE,https://www.data.go.kr/data/15134343/openapi.do,2026-10-07T08:12:52+09:00
2022.09,853400,41,경기도 이천시,28,API_EXP_USD_AMT_UNVERIFIED_SCALE,https://www.data.go.kr/data/15134343/openapi.do,2026-10-07T08:12:52+09:00
2022.09,853400,41,경기도 파주시,5038,API_EXP_USD_AMT_UNVERIFIED_SCALE,https://www.data.go.kr/data/15134343/openapi.do,2026-10-07T08:12:52+09:00
2022.09,853400,41,경기도 평택시,1890,API_EXP_USD_AMT_UNVERIFIED_SCALE,https://www.data.go.kr/data/15134343/openapi.do,2026-10-07T08:12:52+09:00
2022.09,853400,41,경기도 포천군,0,API_EXP_USD_AMT_UNVERIFIED_SCALE,https://www.data.go.kr/data/15134343/openapi.do,2026-10-07T08:12:52+09:00
2022.09,853400,41,경기도 하남시,8,API_EXP_USD_AMT_UNVERIFIED_SCALE,https://www.data.go.kr/data/15134343/openapi.do,2026-10-07T08:12:52+09:00
2022.09,853400,41,경기도 화성시,929,API_EXP_USD_AMT_UNVERIFIED_SCALE,https://www.data.go.kr/data/15134343/openapi.do,2026-10-07T08:12:52+09:00
2022.09,853400,43,충청북도 음성군,62,API_EXP_USD_AMT_UNVERIFIED_SCALE,https://www.data.go.kr/data/15134343/openapi.do,2026-10-07T08:12:52+09:00
2022.09,853400,43,충청북도 제천시,3,API_EXP_USD_AMT_UNVERIFIED_SCALE,https://www.data.go.kr/data/15134343/openapi.do,2026-10-07T08:12:52+09:00
2022.09,853400,43,충청북도 증평군,1557,API_EXP_USD_AMT_UNVERIFIED_SCALE,https://www.data.go.kr/data/15134343/openapi.do,2026-10-07T08:12:52+09:00
2022.09,853400,43,충청북도 진천군,75,API_EXP_USD_AMT_UNVERIFIED_SCALE,https://www.data.go.kr/data/15134343/openapi.do,2026-10-07T08:12:52+09:00
2022.09,853400,43,충청북도 청주시,62518,API_EXP_USD_AMT_UNVERIFIED_SCALE,https://www.data.go.kr/data/15134343/openapi.do,2026-10-07T08:12:52+09:00
2022.09,853400,43,충청북도 충주시,0,API_EXP_USD_AMT_UNVERIFIED_SCALE,https://www.data.go.kr/data/15134343/openapi.do,2026-10-07T08:12:52+09:00
2022.10,330499,36,세종특별자치시,3359,API_EXP_USD_AMT_UNVERIFIED_SCALE,https://www.data.go.kr/data/15134343/openapi.do,2026-10-07T08:12:52+09:00
2022.10,330499,41,경기도 가평군,95,API_EXP_USD_AMT_UNVERIFIED_SCALE,https://www.data.go.kr/data/15134343/openapi.do,2026-10-07T08:12:52+09:00
2022.10,330499,41,경기도 고양시,7268,API_EXP_USD_AMT_UNVERIFIED_SCALE,https://www.data.go.kr/data/15134343/openapi.do,2026-10-07T08:12:52+09:00
2022.10,330499,41,경기도 과천시,96,API_EXP_USD_AMT_UNVERIFIED_SCALE,https://www.data.go.kr/data/15134343/openapi.do,2026-10-07T08:12:52+09:00
2022.10,330499,41,경기도 광명시,423,API_EXP_USD_AMT_UNVERIFIED_SCALE,https://www.data.go.kr/data/15134343/openapi.do,2026-10-07T08:12:52+09:00
2022.10,330499,41,경기도 광주시,4426,API_EXP_USD_AMT_UNVERIFIED_SCALE,https://www.data.go.kr/data/15134343/openapi.do,2026-10-07T08:12:52+09:00
2022.10,330499,41,경기도 구리시,523,API_EXP_USD_AMT_UNVERIFIED_SCALE,https://www.data.go.kr/data/15134343/openapi.do,2026-10-07T08:12:52+09:00
2022.10,330499,41,경기도 군포시,601,API_EXP_USD_AMT_UNVERIFIED_SCALE,https://www.data.go.kr/data/15134343/openapi.do,2026-10-07T08:12:52+09:00
2022.10,330499,41,경기도 김포시,17546,API_EXP_USD_AMT_UNVERIFIED_SCALE,https://www.data.go.kr/data/15134343/openapi.do,2026-10-07T08:12:52+09:00
2022.10,330499,41,경기도 남양주시,1257,API_EXP_USD_AMT_UNVERIFIED_SCALE,https://www.data.go.kr/data/15134343/openapi.do,2026-10-07T08:12:52+09:00
2022.10,330499,41,경기도 동두천시,0,API_EXP_USD_AMT_UNVERIFIED_SCALE,https://www.data.go.kr/data/15134343/openapi.do,2026-10-07T08:12:52+09:00
2022.10,330499,41,경기도 부천시,4885,API_EXP_USD_AMT_UNVERIFIED_SCALE,https://www.data.go.kr/data/15134343/openapi.do,2026-10-07T08:12:52+09:00
2022.10,330499,41,경기도 성남시,13889,API_EXP_USD_AMT_UNVERIFIED_SCALE,https://www.data.go.kr/data/15134343/openapi.do,2026-10-07T08:12:52+09:00
2022.10,330499,41,경기도 수원시,4068,API_EXP_USD_AMT_UNVERIFIED_SCALE,https://www.data.go.kr/data/15134343/openapi.do,2026-10-07T08:12:52+09:00
2022.10,330499,41,경기도 시흥시,3474,API_EXP_USD_AMT_UNVERIFIED_SCALE,https://www.data.go.kr/data/15134343/openapi.do,2026-10-07T08:12:52+09:00
2022.10,330499,41,경기도 안산시,1908,API_EXP_USD_AMT_UNVERIFIED_SCALE,https://www.data.go.kr/data/15134343/openapi.do,2026-10-07T08:12:52+09:00
2022.10,330499,41,경기도 안성시,1788,API_EXP_USD_AMT_UNVERIFIED_SCALE,https://www.data.go.kr/data/15134343/openapi.do,2026-10-07T08:12:52+09:00
2022.10,330499,41,경기도 안양시,7443,API_EXP_USD_AMT_UNVERIFIED_SCALE,https://www.data.go.kr/data/15134343/openapi.do,2026-10-07T08:12:52+09:00
2022.10,330499,41,경기도 양주시,2644,API_EXP_USD_AMT_UNVERIFIED_SCALE,https://www.data.go.kr/data/15134343/openapi.do,2026-10-07T08:12:52+09:00
2022.10,330499,41,경기도 양평군,16,API_EXP_USD_AMT_UNVERIFIED_SCALE,https://www.data.go.kr/data/15134343/openapi.do,2026-10-07T08:12:52+09:00
2022.10,330499,41,경기도 여주군,1911,API_EXP_USD_AMT_UNVERIFIED_SCALE,https://www.data.go.kr/data/15134343/openapi.do,2026-10-07T08:12:52+09:00
2022.10,330499,41,경기도 연천군,0,API_EXP_USD_AMT_UNVERIFIED_SCALE,https://www.data.go.kr/data/15134343/openapi.do,2026-10-07T08:12:52+09:00
2022.10,330499,41,경기도 오산시,4062,API_EXP_USD_AMT_UNVERIFIED_SCALE,https://www.data.go.kr/data/15134343/openapi.do,2026-10-07T08:12:52+09:00
2022.10,330499,41,경기도 용인시,2439,API_EXP_USD_AMT_UNVERIFIED_SCALE,https://www.data.go.kr/data/15134343/openapi.do,2026-10-07T08:12:52+09:00
2022.10,330499,41,경기도 의왕시,669,API_EXP_USD_AMT_UNVERIFIED_SCALE,https://www.data.go.kr/data/15134343/openapi.do,2026-10-07T08:12:52+09:00
2022.10,330499,41,경기도 의정부시,165,API_EXP_USD_AMT_UNVERIFIED_SCALE,https://www.data.go.kr/data/15134343/openapi.do,2026-10-07T08:12:52+09:00
2022.10,330499,41,경기도 이천시,68,API_EXP_USD_AMT_UNVERIFIED_SCALE,https://www.data.go.kr/data/15134343/openapi.do,2026-10-07T08:12:52+09:00
2022.10,330499,41,경기도 파주시,1153,API_EXP_USD_AMT_UNVERIFIED_SCALE,https://www.data.go.kr/data/15134343/openapi.do,2026-10-07T08:12:52+09:00
2022.10,330499,41,경기도 평택시,2271,API_EXP_USD_AMT_UNVERIFIED_SCALE,https://www.data.go.kr/data/15134343/openapi.do,2026-10-07T08:12:52+09:00
2022.10,330499,41,경기도 포천군,198,API_EXP_USD_AMT_UNVERIFIED_SCALE,https://www.data.go.kr/data/15134343/openapi.do,2026-10-07T08:12:52+09:00
2022.10,330499,41,경기도 하남시,1004,API_EXP_USD_AMT_UNVERIFIED_SCALE,https://www.data.go.kr/data/15134343/openapi.do,2026-10-07T08:12:52+09:00
2022.10,330499,41,경기도 화성시,11591,API_EXP_USD_AMT_UNVERIFIED_SCALE,https://www.data.go.kr/data/15134343/openapi.do,2026-10-07T08:12:52+09:00
2022.10,853400,27,대구광역시 남구,84,API_EXP_USD_AMT_UNVERIFIED_SCALE,https://www.data.go.kr/data/15134343/openapi.do,2026-10-07T08:12:52+09:00
2022.10,853400,27,대구광역시 달서구,271,API_EXP_USD_AMT_UNVERIFIED_SCALE,https://www.data.go.kr/data/15134343/openapi.do,2026-10-07T08:12:52+09:00
2022.10,853400,27,대구광역시 달성군,31252,API_EXP_USD_AMT_UNVERIFIED_SCALE,https://www.data.go.kr/data/15134343/openapi.do,2026-10-07T08:12:52+09:00
2022.10,853400,27,대구광역시 동구,0,API_EXP_USD_AMT_UNVERIFIED_SCALE,https://www.data.go.kr/data/15134343/openapi.do,2026-10-07T08:12:52+09:00
2022.10,853400,27,대구광역시 북구,0,API_EXP_USD_AMT_UNVERIFIED_SCALE,https://www.data.go.kr/data/15134343/openapi.do,2026-10-07T08:12:52+09:00
2022.10,853400,27,대구광역시 수성구,0,API_EXP_USD_AMT_UNVERIFIED_SCALE,https://www.data.go.kr/data/15134343/openapi.do,2026-10-07T08:12:52+09:00
2022.10,853400,27,대구광역시 중구,0,API_EXP_USD_AMT_UNVERIFIED_SCALE,https://www.data.go.kr/data/15134343/openapi.do,2026-10-07T08:12:52+09:00
2022.10,853400,41,경기도 고양시,183,API_EXP_USD_AMT_UNVERIFIED_SCALE,https://www.data.go.kr/data/15134343/openapi.do,2026-10-07T08:12:52+09:00
2022.10,853400,41,경기도 과천시,0,API_EXP_USD_AMT_UNVERIFIED_SCALE,https://www.data.go.kr/data/15134343/openapi.do,2026-10-07T08:12:52+09:00
2022.10,853400,41,경기도 광명시,0,API_EXP_USD_AMT_UNVERIFIED_SCALE,https://www.data.go.kr/data/15134343/openapi.do,2026-10-07T08:12:52+09:00
2022.10,853400,41,경기도 광주시,0,API_EXP_USD_AMT_UNVERIFIED_SCALE,https://www.data.go.kr/data/15134343/openapi.do,2026-10-07T08:12:52+09:00
2022.10,853400,41,경기도 군포시,305,API_EXP_USD_AMT_UNVERIFIED_SCALE,https://www.data.go.kr/data/15134343/openapi.do,2026-10-07T08:12:52+09:00
2022.10,853400,41,경기도 김포시,115,API_EXP_USD_AMT_UNVERIFIED_SCALE,https://www.data.go.kr/data/15134343/openapi.do,2026-10-07T08:12:52+09:00
2022.10,853400,41,경기도 남양주시,0,API_EXP_USD_AMT_UNVERIFIED_SCALE,https://www.data.go.kr/data/15134343/openapi.do,2026-10-07T08:12:52+09:00
2022.10,853400,41,경기도 부천시,488,API_EXP_USD_AMT_UNVERIFIED_SCALE,https://www.data.go.kr/data/15134343/openapi.do,2026-10-07T08:12:52+09:00
2022.10,853400,41,경기도 성남시,2147,API_EXP_USD_AMT_UNVERIFIED_SCALE,https://www.data.go.kr/data/15134343/openapi.do,2026-10-07T08:12:52+09:00
2022.10,853400,41,경기도 수원시,45656,API_EXP_USD_AMT_UNVERIFIED_SCALE,https://www.data.go.kr/data/15134343/openapi.do,2026-10-07T08:12:52+09:00
2022.10,853400,41,경기도 시흥시,3140,API_EXP_USD_AMT_UNVERIFIED_SCALE,https://www.data.go.kr/data/15134343/openapi.do,2026-10-07T08:12:52+09:00
2022.10,853400,41,경기도 안산시,135316,API_EXP_USD_AMT_UNVERIFIED_SCALE,https://www.data.go.kr/data/15134343/openapi.do,2026-10-07T08:12:52+09:00
2022.10,853400,41,경기도 안성시,11876,API_EXP_USD_AMT_UNVERIFIED_SCALE,https://www.data.go.kr/data/15134343/openapi.do,2026-10-07T08:12:52+09:00
2022.10,853400,41,경기도 안양시,654,API_EXP_USD_AMT_UNVERIFIED_SCALE,https://www.data.go.kr/data/15134343/openapi.do,2026-10-07T08:12:52+09:00
2022.10,853400,41,경기도 양주시,0,API_EXP_USD_AMT_UNVERIFIED_SCALE,https://www.data.go.kr/data/15134343/openapi.do,2026-10-07T08:12:52+09:00
2022.10,853400,41,경기도 양평군,21,API_EXP_USD_AMT_UNVERIFIED_SCALE,https://www.data.go.kr/data/15134343/openapi.do,2026-10-07T08:12:52+09:00
2022.10,853400,41,경기도 오산시,13,API_EXP_USD_AMT_UNVERIFIED_SCALE,https://www.data.go.kr/data/15134343/openapi.do,2026-10-07T08:12:52+09:00
2022.10,853400,41,경기도 용인시,188,API_EXP_USD_AMT_UNVERIFIED_SCALE,https://www.data.go.kr/data/15134343/openapi.do,2026-10-07T08:12:52+09:00
2022.10,853400,41,경기도 의왕시,242,API_EXP_USD_AMT_UNVERIFIED_SCALE,https://www.data.go.kr/data/15134343/openapi.do,2026-10-07T08:12:52+09:00
2022.10,853400,41,경기도 의정부시,0,API_EXP_USD_AMT_UNVERIFIED_SCALE,https://www.data.go.kr/data/15134343/openapi.do,2026-10-07T08:12:52+09:00
2022.10,853400,41,경기도 이천시,193,API_EXP_USD_AMT_UNVERIFIED_SCALE,https://www.data.go.kr/data/15134343/openapi.do,2026-10-07T08:12:52+09:00
2022.10,853400,41,경기도 파주시,1346,API_EXP_USD_AMT_UNVERIFIED_SCALE,https://www.data.go.kr/data/15134343/openapi.do,2026-10-07T08:12:52+09:00
2022.10,853400,41,경기도 평택시,1779,API_EXP_USD_AMT_UNVERIFIED_SCALE,https://www.data.go.kr/data/15134343/openapi.do,2026-10-07T08:12:52+09:00
2022.10,853400,41,경기도 포천군,0,API_EXP_USD_AMT_UNVERIFIED_SCALE,https://www.data.go.kr/data/15134343/openapi.do,2026-10-07T08:12:52+09:00
2022.10,853400,41,경기도 하남시,2,API_EXP_USD_AMT_UNVERIFIED_SCALE,https://www.data.go.kr/data/15134343/openapi.do,2026-10-07T08:12:52+09:00
2022.10,853400,41,경기도 화성시,1255,API_EXP_USD_AMT_UNVERIFIED_SCALE,https://www.data.go.kr/data/15134343/openapi.do,2026-10-07T08:12:52+09:00
2022.10,853400,43,충청북도 음성군,0,API_EXP_USD_AMT_UNVERIFIED_SCALE,https://www.data.go.kr/data/15134343/openapi.do,2026-10-07T08:12:52+09:00
2022.10,853400,43,충청북도 제천시,6,API_EXP_USD_AMT_UNVERIFIED_SCALE,https://www.data.go.kr/data/15134343/openapi.do,2026-10-07T08:12:52+09:00
2022.10,853400,43,충청북도 증평군,862,API_EXP_USD_AMT_UNVERIFIED_SCALE,https://www.data.go.kr/data/15134343/openapi.do,2026-10-07T08:12:52+09:00
2022.10,853400,43,충청북도 진천군,112,API_EXP_USD_AMT_UNVERIFIED_SCALE,https://www.data.go.kr/data/15134343/openapi.do,2026-10-07T08:12:52+09:00
2022.10,853400,43,충청북도 청주시,58162,API_EXP_USD_AMT_UNVERIFIED_SCALE,https://www.data.go.kr/data/15134343/openapi.do,2026-10-07T08:12:52+09:00
2022.11,330499,36,세종특별자치시,2446,API_EXP_USD_AMT_UNVERIFIED_SCALE,https://www.data.go.kr/data/15134343/openapi.do,2026-10-07T08:12:52+09:00
2022.11,330499,41,경기도 가평군,0,API_EXP_USD_AMT_UNVERIFIED_SCALE,https://www.data.go.kr/data/15134343/openapi.do,2026-10-07T08:12:52+09:00
2022.11,330499,41,경기도 고양시,6948,API_EXP_USD_AMT_UNVERIFIED_SCALE,https://www.data.go.kr/data/15134343/openapi.do,2026-10-07T08:12:52+09:00
2022.11,330499,41,경기도 과천시,2,API_EXP_USD_AMT_UNVERIFIED_SCALE,https://www.data.go.kr/data/15134343/openapi.do,2026-10-07T08:12:52+09:00
2022.11,330499,41,경기도 광명시,778,API_EXP_USD_AMT_UNVERIFIED_SCALE,https://www.data.go.kr/data/15134343/openapi.do,2026-10-07T08:12:52+09:00
2022.11,330499,41,경기도 광주시,383,API_EXP_USD_AMT_UNVERIFIED_SCALE,https://www.data.go.kr/data/15134343/openapi.do,2026-10-07T08:12:52+09:00
2022.11,330499,41,경기도 구리시,747,API_EXP_USD_AMT_UNVERIFIED_SCALE,https://www.data.go.kr/data/15134343/openapi.do,2026-10-07T08:12:52+09:00
2022.11,330499,41,경기도 군포시,625,API_EXP_USD_AMT_UNVERIFIED_SCALE,https://www.data.go.kr/data/15134343/openapi.do,2026-10-07T08:12:52+09:00
2022.11,330499,41,경기도 김포시,19192,API_EXP_USD_AMT_UNVERIFIED_SCALE,https://www.data.go.kr/data/15134343/openapi.do,2026-10-07T08:12:52+09:00
2022.11,330499,41,경기도 남양주시,2648,API_EXP_USD_AMT_UNVERIFIED_SCALE,https://www.data.go.kr/data/15134343/openapi.do,2026-10-07T08:12:52+09:00
2022.11,330499,41,경기도 동두천시,9,API_EXP_USD_AMT_UNVERIFIED_SCALE,https://www.data.go.kr/data/15134343/openapi.do,2026-10-07T08:12:52+09:00
2022.11,330499,41,경기도 부천시,4098,API_EXP_USD_AMT_UNVERIFIED_SCALE,https://www.data.go.kr/data/15134343/openapi.do,2026-10-07T08:12:52+09:00
2022.11,330499,41,경기도 성남시,14769,API_EXP_USD_AMT_UNVERIFIED_SCALE,https://www.data.go.kr/data/15134343/openapi.do,2026-10-07T08:12:52+09:00
2022.11,330499,41,경기도 수원시,3872,API_EXP_USD_AMT_UNVERIFIED_SCALE,https://www.data.go.kr/data/15134343/openapi.do,2026-10-07T08:12:52+09:00
2022.11,330499,41,경기도 시흥시,2384,API_EXP_USD_AMT_UNVERIFIED_SCALE,https://www.data.go.kr/data/15134343/openapi.do,2026-10-07T08:12:52+09:00
2022.11,330499,41,경기도 안산시,1810,API_EXP_USD_AMT_UNVERIFIED_SCALE,https://www.data.go.kr/data/15134343/openapi.do,2026-10-07T08:12:52+09:00
2022.11,330499,41,경기도 안성시,1691,API_EXP_USD_AMT_UNVERIFIED_SCALE,https://www.data.go.kr/data/15134343/openapi.do,2026-10-07T08:12:52+09:00
2022.11,330499,41,경기도 안양시,7041,API_EXP_USD_AMT_UNVERIFIED_SCALE,https://www.data.go.kr/data/15134343/openapi.do,2026-10-07T08:12:52+09:00
2022.11,330499,41,경기도 양주시,5533,API_EXP_USD_AMT_UNVERIFIED_SCALE,https://www.data.go.kr/data/15134343/openapi.do,2026-10-07T08:12:52+09:00
2022.11,330499,41,경기도 양평군,9,API_EXP_USD_AMT_UNVERIFIED_SCALE,https://www.data.go.kr/data/15134343/openapi.do,2026-10-07T08:12:52+09:00
2022.11,330499,41,경기도 여주군,1531,API_EXP_USD_AMT_UNVERIFIED_SCALE,https://www.data.go.kr/data/15134343/openapi.do,2026-10-07T08:12:52+09:00
2022.11,330499,41,경기도 연천군,0,API_EXP_USD_AMT_UNVERIFIED_SCALE,https://www.data.go.kr/data/15134343/openapi.do,2026-10-07T08:12:52+09:00
2022.11,330499,41,경기도 오산시,3918,API_EXP_USD_AMT_UNVERIFIED_SCALE,https://www.data.go.kr/data/15134343/openapi.do,2026-10-07T08:12:52+09:00
2022.11,330499,41,경기도 용인시,2684,API_EXP_USD_AMT_UNVERIFIED_SCALE,https://www.data.go.kr/data/15134343/openapi.do,2026-10-07T08:12:52+09:00
2022.11,330499,41,경기도 의왕시,1463,API_EXP_USD_AMT_UNVERIFIED_SCALE,https://www.data.go.kr/data/15134343/openapi.do,2026-10-07T08:12:52+09:00
2022.11,330499,41,경기도 의정부시,37,API_EXP_USD_AMT_UNVERIFIED_SCALE,https://www.data.go.kr/data/15134343/openapi.do,2026-10-07T08:12:52+09:00
2022.11,330499,41,경기도 이천시,165,API_EXP_USD_AMT_UNVERIFIED_SCALE,https://www.data.go.kr/data/15134343/openapi.do,2026-10-07T08:12:52+09:00
2022.11,330499,41,경기도 파주시,1132,API_EXP_USD_AMT_UNVERIFIED_SCALE,https://www.data.go.kr/data/15134343/openapi.do,2026-10-07T08:12:52+09:00
2022.11,330499,41,경기도 평택시,3722,API_EXP_USD_AMT_UNVERIFIED_SCALE,https://www.data.go.kr/data/15134343/openapi.do,2026-10-07T08:12:52+09:00
2022.11,330499,41,경기도 포천군,116,API_EXP_USD_AMT_UNVERIFIED_SCALE,https://www.data.go.kr/data/15134343/openapi.do,2026-10-07T08:12:52+09:00
2022.11,330499,41,경기도 하남시,1326,API_EXP_USD_AMT_UNVERIFIED_SCALE,https://www.data.go.kr/data/15134343/openapi.do,2026-10-07T08:12:52+09:00
2022.11,330499,41,경기도 화성시,12790,API_EXP_USD_AMT_UNVERIFIED_SCALE,https://www.data.go.kr/data/15134343/openapi.do,2026-10-07T08:12:52+09:00
2022.11,853400,27,대구광역시 남구,0,API_EXP_USD_AMT_UNVERIFIED_SCALE,https://www.data.go.kr/data/15134343/openapi.do,2026-10-07T08:12:52+09:00
2022.11,853400,27,대구광역시 달서구,279,API_EXP_USD_AMT_UNVERIFIED_SCALE,https://www.data.go.kr/data/15134343/openapi.do,2026-10-07T08:12:52+09:00
2022.11,853400,27,대구광역시 달성군,32647,API_EXP_USD_AMT_UNVERIFIED_SCALE,https://www.data.go.kr/data/15134343/openapi.do,2026-10-07T08:12:52+09:00
2022.11,853400,27,대구광역시 동구,0,API_EXP_USD_AMT_UNVERIFIED_SCALE,https://www.data.go.kr/data/15134343/openapi.do,2026-10-07T08:12:52+09:00
2022.11,853400,27,대구광역시 북구,0,API_EXP_USD_AMT_UNVERIFIED_SCALE,https://www.data.go.kr/data/15134343/openapi.do,2026-10-07T08:12:52+09:00
2022.11,853400,27,대구광역시 서구,0,API_EXP_USD_AMT_UNVERIFIED_SCALE,https://www.data.go.kr/data/15134343/openapi.do,2026-10-07T08:12:52+09:00
2022.11,853400,27,대구광역시 중구,0,API_EXP_USD_AMT_UNVERIFIED_SCALE,https://www.data.go.kr/data/15134343/openapi.do,2026-10-07T08:12:52+09:00
2022.11,853400,41,경기도 고양시,278,API_EXP_USD_AMT_UNVERIFIED_SCALE,https://www.data.go.kr/data/15134343/openapi.do,2026-10-07T08:12:52+09:00
2022.11,853400,41,경기도 과천시,0,API_EXP_USD_AMT_UNVERIFIED_SCALE,https://www.data.go.kr/data/15134343/openapi.do,2026-10-07T08:12:52+09:00
2022.11,853400,41,경기도 광명시,0,API_EXP_USD_AMT_UNVERIFIED_SCALE,https://www.data.go.kr/data/15134343/openapi.do,2026-10-07T08:12:52+09:00
2022.11,853400,41,경기도 광주시,0,API_EXP_USD_AMT_UNVERIFIED_SCALE,https://www.data.go.kr/data/15134343/openapi.do,2026-10-07T08:12:52+09:00
2022.11,853400,41,경기도 구리시,0,API_EXP_USD_AMT_UNVERIFIED_SCALE,https://www.data.go.kr/data/15134343/openapi.do,2026-10-07T08:12:52+09:00
2022.11,853400,41,경기도 군포시,42,API_EXP_USD_AMT_UNVERIFIED_SCALE,https://www.data.go.kr/data/15134343/openapi.do,2026-10-07T08:12:52+09:00
2022.11,853400,41,경기도 김포시,152,API_EXP_USD_AMT_UNVERIFIED_SCALE,https://www.data.go.kr/data/15134343/openapi.do,2026-10-07T08:12:52+09:00
2022.11,853400,41,경기도 남양주시,0,API_EXP_USD_AMT_UNVERIFIED_SCALE,https://www.data.go.kr/data/15134343/openapi.do,2026-10-07T08:12:52+09:00
2022.11,853400,41,경기도 동두천시,2,API_EXP_USD_AMT_UNVERIFIED_SCALE,https://www.data.go.kr/data/15134343/openapi.do,2026-10-07T08:12:52+09:00
2022.11,853400,41,경기도 부천시,336,API_EXP_USD_AMT_UNVERIFIED_SCALE,https://www.data.go.kr/data/15134343/openapi.do,2026-10-07T08:12:52+09:00
2022.11,853400,41,경기도 성남시,2629,API_EXP_USD_AMT_UNVERIFIED_SCALE,https://www.data.go.kr/data/15134343/openapi.do,2026-10-07T08:12:52+09:00
2022.11,853400,41,경기도 수원시,41546,API_EXP_USD_AMT_UNVERIFIED_SCALE,https://www.data.go.kr/data/15134343/openapi.do,2026-10-07T08:12:52+09:00
2022.11,853400,41,경기도 시흥시,2661,API_EXP_USD_AMT_UNVERIFIED_SCALE,https://www.data.go.kr/data/15134343/openapi.do,2026-10-07T08:12:52+09:00
2022.11,853400,41,경기도 안산시,124097,API_EXP_USD_AMT_UNVERIFIED_SCALE,https://www.data.go.kr/data/15134343/openapi.do,2026-10-07T08:12:52+09:00
2022.11,853400,41,경기도 안성시,12400,API_EXP_USD_AMT_UNVERIFIED_SCALE,https://www.data.go.kr/data/15134343/openapi.do,2026-10-07T08:12:52+09:00
2022.11,853400,41,경기도 안양시,995,API_EXP_USD_AMT_UNVERIFIED_SCALE,https://www.data.go.kr/data/15134343/openapi.do,2026-10-07T08:12:52+09:00
2022.11,853400,41,경기도 양주시,15,API_EXP_USD_AMT_UNVERIFIED_SCALE,https://www.data.go.kr/data/15134343/openapi.do,2026-10-07T08:12:52+09:00
2022.11,853400,41,경기도 양평군,27,API_EXP_USD_AMT_UNVERIFIED_SCALE,https://www.data.go.kr/data/15134343/openapi.do,2026-10-07T08:12:52+09:00
2022.11,853400,41,경기도 여주군,0,API_EXP_USD_AMT_UNVERIFIED_SCALE,https://www.data.go.kr/data/15134343/openapi.do,2026-10-07T08:12:52+09:00
2022.11,853400,41,경기도 오산시,10,API_EXP_USD_AMT_UNVERIFIED_SCALE,https://www.data.go.kr/data/15134343/openapi.do,2026-10-07T08:12:52+09:00
2022.11,853400,41,경기도 용인시,234,API_EXP_USD_AMT_UNVERIFIED_SCALE,https://www.data.go.kr/data/15134343/openapi.do,2026-10-07T08:12:52+09:00
2022.11,853400,41,경기도 의왕시,1,API_EXP_USD_AMT_UNVERIFIED_SCALE,https://www.data.go.kr/data/15134343/openapi.do,2026-10-07T08:12:52+09:00
2022.11,853400,41,경기도 의정부시,21,API_EXP_USD_AMT_UNVERIFIED_SCALE,https://www.data.go.kr/data/15134343/openapi.do,2026-10-07T08:12:52+09:00
2022.11,853400,41,경기도 이천시,379,API_EXP_USD_AMT_UNVERIFIED_SCALE,https://www.data.go.kr/data/15134343/openapi.do,2026-10-07T08:12:52+09:00
2022.11,853400,41,경기도 파주시,532,API_EXP_USD_AMT_UNVERIFIED_SCALE,https://www.data.go.kr/data/15134343/openapi.do,2026-10-07T08:12:52+09:00
2022.11,853400,41,경기도 평택시,1041,API_EXP_USD_AMT_UNVERIFIED_SCALE,https://www.data.go.kr/data/15134343/openapi.do,2026-10-07T08:12:52+09:00
2022.11,853400,41,경기도 포천군,0,API_EXP_USD_AMT_UNVERIFIED_SCALE,https://www.data.go.kr/data/15134343/openapi.do,2026-10-07T08:12:52+09:00
2022.11,853400,41,경기도 하남시,3,API_EXP_USD_AMT_UNVERIFIED_SCALE,https://www.data.go.kr/data/15134343/openapi.do,2026-10-07T08:12:52+09:00
2022.11,853400,41,경기도 화성시,631,API_EXP_USD_AMT_UNVERIFIED_SCALE,https://www.data.go.kr/data/15134343/openapi.do,2026-10-07T08:12:52+09:00
2022.11,853400,43,충청북도 증평군,1237,API_EXP_USD_AMT_UNVERIFIED_SCALE,https://www.data.go.kr/data/15134343/openapi.do,2026-10-07T08:12:52+09:00
2022.11,853400,43,충청북도 진천군,61,API_EXP_USD_AMT_UNVERIFIED_SCALE,https://www.data.go.kr/data/15134343/openapi.do,2026-10-07T08:12:52+09:00
2022.11,853400,43,충청북도 청주시,39544,API_EXP_USD_AMT_UNVERIFIED_SCALE,https://www.data.go.kr/data/15134343/openapi.do,2026-10-07T08:12:52+09:00
2022.11,853400,43,충청북도 충주시,0,API_EXP_USD_AMT_UNVERIFIED_SCALE,https://www.data.go.kr/data/15134343/openapi.do,2026-10-07T08:12:52+09:00
2022.12,330499,36,세종특별자치시,3040,API_EXP_USD_AMT_UNVERIFIED_SCALE,https://www.data.go.kr/data/15134343/openapi.do,2026-10-07T08:12:52+09:00
2022.12,330499,41,경기도 가평군,81,API_EXP_USD_AMT_UNVERIFIED_SCALE,https://www.data.go.kr/data/15134343/openapi.do,2026-10-07T08:12:52+09:00
2022.12,330499,41,경기도 고양시,6845,API_EXP_USD_AMT_UNVERIFIED_SCALE,https://www.data.go.kr/data/15134343/openapi.do,2026-10-07T08:12:52+09:00
2022.12,330499,41,경기도 과천시,13,API_EXP_USD_AMT_UNVERIFIED_SCALE,https://www.data.go.kr/data/15134343/openapi.do,2026-10-07T08:12:52+09:00
2022.12,330499,41,경기도 광명시,797,API_EXP_USD_AMT_UNVERIFIED_SCALE,https://www.data.go.kr/data/15134343/openapi.do,2026-10-07T08:12:52+09:00
2022.12,330499,41,경기도 광주시,149,API_EXP_USD_AMT_UNVERIFIED_SCALE,https://www.data.go.kr/data/15134343/openapi.do,2026-10-07T08:12:52+09:00
2022.12,330499,41,경기도 구리시,553,API_EXP_USD_AMT_UNVERIFIED_SCALE,https://www.data.go.kr/data/15134343/openapi.do,2026-10-07T08:12:52+09:00
2022.12,330499,41,경기도 군포시,939,API_EXP_USD_AMT_UNVERIFIED_SCALE,https://www.data.go.kr/data/15134343/openapi.do,2026-10-07T08:12:52+09:00
2022.12,330499,41,경기도 김포시,22450,API_EXP_USD_AMT_UNVERIFIED_SCALE,https://www.data.go.kr/data/15134343/openapi.do,2026-10-07T08:12:52+09:00
2022.12,330499,41,경기도 남양주시,2417,API_EXP_USD_AMT_UNVERIFIED_SCALE,https://www.data.go.kr/data/15134343/openapi.do,2026-10-07T08:12:52+09:00
2022.12,330499,41,경기도 동두천시,0,API_EXP_USD_AMT_UNVERIFIED_SCALE,https://www.data.go.kr/data/15134343/openapi.do,2026-10-07T08:12:52+09:00
2022.12,330499,41,경기도 부천시,2756,API_EXP_USD_AMT_UNVERIFIED_SCALE,https://www.data.go.kr/data/15134343/openapi.do,2026-10-07T08:12:52+09:00
2022.12,330499,41,경기도 성남시,15436,API_EXP_USD_AMT_UNVERIFIED_SCALE,https://www.data.go.kr/data/15134343/openapi.do,2026-10-07T08:12:52+09:00
2022.12,330499,41,경기도 수원시,4890,API_EXP_USD_AMT_UNVERIFIED_SCALE,https://www.data.go.kr/data/15134343/openapi.do,2026-10-07T08:12:52+09:00
2022.12,330499,41,경기도 시흥시,3244,API_EXP_USD_AMT_UNVERIFIED_SCALE,https://www.data.go.kr/data/15134343/openapi.do,2026-10-07T08:12:52+09:00
2022.12,330499,41,경기도 안산시,3431,API_EXP_USD_AMT_UNVERIFIED_SCALE,https://www.data.go.kr/data/15134343/openapi.do,2026-10-07T08:12:52+09:00
2022.12,330499,41,경기도 안성시,3133,API_EXP_USD_AMT_UNVERIFIED_SCALE,https://www.data.go.kr/data/15134343/openapi.do,2026-10-07T08:12:52+09:00
2022.12,330499,41,경기도 안양시,8957,API_EXP_USD_AMT_UNVERIFIED_SCALE,https://www.data.go.kr/data/15134343/openapi.do,2026-10-07T08:12:52+09:00
2022.12,330499,41,경기도 양주시,1241,API_EXP_USD_AMT_UNVERIFIED_SCALE,https://www.data.go.kr/data/15134343/openapi.do,2026-10-07T08:12:52+09:00
2022.12,330499,41,경기도 양평군,34,API_EXP_USD_AMT_UNVERIFIED_SCALE,https://www.data.go.kr/data/15134343/openapi.do,2026-10-07T08:12:52+09:00
2022.12,330499,41,경기도 여주군,1645,API_EXP_USD_AMT_UNVERIFIED_SCALE,https://www.data.go.kr/data/15134343/openapi.do,2026-10-07T08:12:52+09:00
2022.12,330499,41,경기도 연천군,0,API_EXP_USD_AMT_UNVERIFIED_SCALE,https://www.data.go.kr/data/15134343/openapi.do,2026-10-07T08:12:52+09:00
2022.12,330499,41,경기도 오산시,4218,API_EXP_USD_AMT_UNVERIFIED_SCALE,https://www.data.go.kr/data/15134343/openapi.do,2026-10-07T08:12:52+09:00
2022.12,330499,41,경기도 용인시,3285,API_EXP_USD_AMT_UNVERIFIED_SCALE,https://www.data.go.kr/data/15134343/openapi.do,2026-10-07T08:12:52+09:00
2022.12,330499,41,경기도 의왕시,937,API_EXP_USD_AMT_UNVERIFIED_SCALE,https://www.data.go.kr/data/15134343/openapi.do,2026-10-07T08:12:52+09:00
2022.12,330499,41,경기도 의정부시,101,API_EXP_USD_AMT_UNVERIFIED_SCALE,https://www.data.go.kr/data/15134343/openapi.do,2026-10-07T08:12:52+09:00
2022.12,330499,41,경기도 이천시,122,API_EXP_USD_AMT_UNVERIFIED_SCALE,https://www.data.go.kr/data/15134343/openapi.do,2026-10-07T08:12:52+09:00
2022.12,330499,41,경기도 파주시,1179,API_EXP_USD_AMT_UNVERIFIED_SCALE,https://www.data.go.kr/data/15134343/openapi.do,2026-10-07T08:12:52+09:00
2022.12,330499,41,경기도 평택시,1625,API_EXP_USD_AMT_UNVERIFIED_SCALE,https://www.data.go.kr/data/15134343/openapi.do,2026-10-07T08:12:52+09:00
2022.12,330499,41,경기도 포천군,147,API_EXP_USD_AMT_UNVERIFIED_SCALE,https://www.data.go.kr/data/15134343/openapi.do,2026-10-07T08:12:52+09:00
2022.12,330499,41,경기도 하남시,927,API_EXP_USD_AMT_UNVERIFIED_SCALE,https://www.data.go.kr/data/15134343/openapi.do,2026-10-07T08:12:52+09:00
2022.12,330499,41,경기도 화성시,12412,API_EXP_USD_AMT_UNVERIFIED_SCALE,https://www.data.go.kr/data/15134343/openapi.do,2026-10-07T08:12:52+09:00
2022.12,853400,27,대구광역시 남구,0,API_EXP_USD_AMT_UNVERIFIED_SCALE,https://www.data.go.kr/data/15134343/openapi.do,2026-10-07T08:12:52+09:00
2022.12,853400,27,대구광역시 달서구,379,API_EXP_USD_AMT_UNVERIFIED_SCALE,https://www.data.go.kr/data/15134343/openapi.do,2026-10-07T08:12:52+09:00
2022.12,853400,27,대구광역시 달성군,29281,API_EXP_USD_AMT_UNVERIFIED_SCALE,https://www.data.go.kr/data/15134343/openapi.do,2026-10-07T08:12:52+09:00
2022.12,853400,27,대구광역시 동구,0,API_EXP_USD_AMT_UNVERIFIED_SCALE,https://www.data.go.kr/data/15134343/openapi.do,2026-10-07T08:12:52+09:00
2022.12,853400,27,대구광역시 북구,0,API_EXP_USD_AMT_UNVERIFIED_SCALE,https://www.data.go.kr/data/15134343/openapi.do,2026-10-07T08:12:52+09:00
2022.12,853400,27,대구광역시 서구,0,API_EXP_USD_AMT_UNVERIFIED_SCALE,https://www.data.go.kr/data/15134343/openapi.do,2026-10-07T08:12:52+09:00
2022.12,853400,27,대구광역시 수성구,0,API_EXP_USD_AMT_UNVERIFIED_SCALE,https://www.data.go.kr/data/15134343/openapi.do,2026-10-07T08:12:52+09:00
2022.12,853400,27,대구광역시 중구,0,API_EXP_USD_AMT_UNVERIFIED_SCALE,https://www.data.go.kr/data/15134343/openapi.do,2026-10-07T08:12:52+09:00
2022.12,853400,41,경기도 가평군,0,API_EXP_USD_AMT_UNVERIFIED_SCALE,https://www.data.go.kr/data/15134343/openapi.do,2026-10-07T08:12:52+09:00
2022.12,853400,41,경기도 고양시,237,API_EXP_USD_AMT_UNVERIFIED_SCALE,https://www.data.go.kr/data/15134343/openapi.do,2026-10-07T08:12:52+09:00
2022.12,853400,41,경기도 과천시,0,API_EXP_USD_AMT_UNVERIFIED_SCALE,https://www.data.go.kr/data/15134343/openapi.do,2026-10-07T08:12:52+09:00
2022.12,853400,41,경기도 광명시,0,API_EXP_USD_AMT_UNVERIFIED_SCALE,https://www.data.go.kr/data/15134343/openapi.do,2026-10-07T08:12:52+09:00
2022.12,853400,41,경기도 광주시,1,API_EXP_USD_AMT_UNVERIFIED_SCALE,https://www.data.go.kr/data/15134343/openapi.do,2026-10-07T08:12:52+09:00
2022.12,853400,41,경기도 군포시,186,API_EXP_USD_AMT_UNVERIFIED_SCALE,https://www.data.go.kr/data/15134343/openapi.do,2026-10-07T08:12:52+09:00
2022.12,853400,41,경기도 김포시,368,API_EXP_USD_AMT_UNVERIFIED_SCALE,https://www.data.go.kr/data/15134343/openapi.do,2026-10-07T08:12:52+09:00
2022.12,853400,41,경기도 남양주시,0,API_EXP_USD_AMT_UNVERIFIED_SCALE,https://www.data.go.kr/data/15134343/openapi.do,2026-10-07T08:12:52+09:00
2022.12,853400,41,경기도 부천시,219,API_EXP_USD_AMT_UNVERIFIED_SCALE,https://www.data.go.kr/data/15134343/openapi.do,2026-10-07T08:12:52+09:00
2022.12,853400,41,경기도 성남시,2454,API_EXP_USD_AMT_UNVERIFIED_SCALE,https://www.data.go.kr/data/15134343/openapi.do,2026-10-07T08:12:52+09:00
2022.12,853400,41,경기도 수원시,42288,API_EXP_USD_AMT_UNVERIFIED_SCALE,https://www.data.go.kr/data/15134343/openapi.do,2026-10-07T08:12:52+09:00
2022.12,853400,41,경기도 시흥시,3616,API_EXP_USD_AMT_UNVERIFIED_SCALE,https://www.data.go.kr/data/15134343/openapi.do,2026-10-07T08:12:52+09:00
2022.12,853400,41,경기도 안산시,112505,API_EXP_USD_AMT_UNVERIFIED_SCALE,https://www.data.go.kr/data/15134343/openapi.do,2026-10-07T08:12:52+09:00
2022.12,853400,41,경기도 안성시,8426,API_EXP_USD_AMT_UNVERIFIED_SCALE,https://www.data.go.kr/data/15134343/openapi.do,2026-10-07T08:12:52+09:00
2022.12,853400,41,경기도 안양시,963,API_EXP_USD_AMT_UNVERIFIED_SCALE,https://www.data.go.kr/data/15134343/openapi.do,2026-10-07T08:12:52+09:00
2022.12,853400,41,경기도 양주시,0,API_EXP_USD_AMT_UNVERIFIED_SCALE,https://www.data.go.kr/data/15134343/openapi.do,2026-10-07T08:12:52+09:00
2022.12,853400,41,경기도 양평군,0,API_EXP_USD_AMT_UNVERIFIED_SCALE,https://www.data.go.kr/data/15134343/openapi.do,2026-10-07T08:12:52+09:00
2022.12,853400,41,경기도 여주군,0,API_EXP_USD_AMT_UNVERIFIED_SCALE,https://www.data.go.kr/data/15134343/openapi.do,2026-10-07T08:12:52+09:00
2022.12,853400,41,경기도 오산시,52,API_EXP_USD_AMT_UNVERIFIED_SCALE,https://www.data.go.kr/data/15134343/openapi.do,2026-10-07T08:12:52+09:00
2022.12,853400,41,경기도 용인시,427,API_EXP_USD_AMT_UNVERIFIED_SCALE,https://www.data.go.kr/data/15134343/openapi.do,2026-10-07T08:12:52+09:00
2022.12,853400,41,경기도 의왕시,2,API_EXP_USD_AMT_UNVERIFIED_SCALE,https://www.data.go.kr/data/15134343/openapi.do,2026-10-07T08:12:52+09:00
2022.12,853400,41,경기도 의정부시,0,API_EXP_USD_AMT_UNVERIFIED_SCALE,https://www.data.go.kr/data/15134343/openapi.do,2026-10-07T08:12:52+09:00
2022.12,853400,41,경기도 이천시,122,API_EXP_USD_AMT_UNVERIFIED_SCALE,https://www.data.go.kr/data/15134343/openapi.do,2026-10-07T08:12:52+09:00
2022.12,853400,41,경기도 파주시,828,API_EXP_USD_AMT_UNVERIFIED_SCALE,https://www.data.go.kr/data/15134343/openapi.do,2026-10-07T08:12:52+09:00
2022.12,853400,41,경기도 평택시,589,API_EXP_USD_AMT_UNVERIFIED_SCALE,https://www.data.go.kr/data/15134343/openapi.do,2026-10-07T08:12:52+09:00
2022.12,853400,41,경기도 포천군,0,API_EXP_USD_AMT_UNVERIFIED_SCALE,https://www.data.go.kr/data/15134343/openapi.do,2026-10-07T08:12:52+09:00
2022.12,853400,41,경기도 하남시,3,API_EXP_USD_AMT_UNVERIFIED_SCALE,https://www.data.go.kr/data/15134343/openapi.do,2026-10-07T08:12:52+09:00
2022.12,853400,41,경기도 화성시,901,API_EXP_USD_AMT_UNVERIFIED_SCALE,https://www.data.go.kr/data/15134343/openapi.do,2026-10-07T08:12:52+09:00
2022.12,853400,43,충청북도 괴산군,0,API_EXP_USD_AMT_UNVERIFIED_SCALE,https://www.data.go.kr/data/15134343/openapi.do,2026-10-07T08:12:52+09:00
2022.12,853400,43,충청북도 음성군,51,API_EXP_USD_AMT_UNVERIFIED_SCALE,https://www.data.go.kr/data/15134343/openapi.do,2026-10-07T08:12:52+09:00
2022.12,853400,43,충청북도 제천시,22,API_EXP_USD_AMT_UNVERIFIED_SCALE,https://www.data.go.kr/data/15134343/openapi.do,2026-10-07T08:12:52+09:00
2022.12,853400,43,충청북도 증평군,873,API_EXP_USD_AMT_UNVERIFIED_SCALE,https://www.data.go.kr/data/15134343/openapi.do,2026-10-07T08:12:52+09:00
2022.12,853400,43,충청북도 진천군,78,API_EXP_USD_AMT_UNVERIFIED_SCALE,https://www.data.go.kr/data/15134343/openapi.do,2026-10-07T08:12:52+09:00
2022.12,853400,43,충청북도 청주시,33443,API_EXP_USD_AMT_UNVERIFIED_SCALE,https://www.data.go.kr/data/15134343/openapi.do,2026-10-07T08:12:52+09:00
2023.01,330499,36,세종특별자치시,2697,API_EXP_USD_AMT_UNVERIFIED_SCALE,https://www.data.go.kr/data/15134343/openapi.do,2026-10-07T08:12:52+09:00
2023.01,330499,41,경기도 가평군,0,API_EXP_USD_AMT_UNVERIFIED_SCALE,https://www.data.go.kr/data/15134343/openapi.do,2026-10-07T08:12:52+09:00
2023.01,330499,41,경기도 고양시,5744,API_EXP_USD_AMT_UNVERIFIED_SCALE,https://www.data.go.kr/data/15134343/openapi.do,2026-10-07T08:12:52+09:00
2023.01,330499,41,경기도 과천시,2,API_EXP_USD_AMT_UNVERIFIED_SCALE,https://www.data.go.kr/data/15134343/openapi.do,2026-10-07T08:12:52+09:00
2023.01,330499,41,경기도 광명시,592,API_EXP_USD_AMT_UNVERIFIED_SCALE,https://www.data.go.kr/data/15134343/openapi.do,2026-10-07T08:12:52+09:00
2023.01,330499,41,경기도 광주시,282,API_EXP_USD_AMT_UNVERIFIED_SCALE,https://www.data.go.kr/data/15134343/openapi.do,2026-10-07T08:12:52+09:00
2023.01,330499,41,경기도 구리시,754,API_EXP_USD_AMT_UNVERIFIED_SCALE,https://www.data.go.kr/data/15134343/openapi.do,2026-10-07T08:12:52+09:00
2023.01,330499,41,경기도 군포시,467,API_EXP_USD_AMT_UNVERIFIED_SCALE,https://www.data.go.kr/data/15134343/openapi.do,2026-10-07T08:12:52+09:00
2023.01,330499,41,경기도 김포시,16159,API_EXP_USD_AMT_UNVERIFIED_SCALE,https://www.data.go.kr/data/15134343/openapi.do,2026-10-07T08:12:52+09:00
2023.01,330499,41,경기도 남양주시,1600,API_EXP_USD_AMT_UNVERIFIED_SCALE,https://www.data.go.kr/data/15134343/openapi.do,2026-10-07T08:12:52+09:00
2023.01,330499,41,경기도 동두천시,0,API_EXP_USD_AMT_UNVERIFIED_SCALE,https://www.data.go.kr/data/15134343/openapi.do,2026-10-07T08:12:52+09:00
2023.01,330499,41,경기도 부천시,2799,API_EXP_USD_AMT_UNVERIFIED_SCALE,https://www.data.go.kr/data/15134343/openapi.do,2026-10-07T08:12:52+09:00
2023.01,330499,41,경기도 성남시,15071,API_EXP_USD_AMT_UNVERIFIED_SCALE,https://www.data.go.kr/data/15134343/openapi.do,2026-10-07T08:12:52+09:00
2023.01,330499,41,경기도 수원시,3102,API_EXP_USD_AMT_UNVERIFIED_SCALE,https://www.data.go.kr/data/15134343/openapi.do,2026-10-07T08:12:52+09:00
2023.01,330499,41,경기도 시흥시,2160,API_EXP_USD_AMT_UNVERIFIED_SCALE,https://www.data.go.kr/data/15134343/openapi.do,2026-10-07T08:12:52+09:00
2023.01,330499,41,경기도 안산시,1614,API_EXP_USD_AMT_UNVERIFIED_SCALE,https://www.data.go.kr/data/15134343/openapi.do,2026-10-07T08:12:52+09:00
2023.01,330499,41,경기도 안성시,1861,API_EXP_USD_AMT_UNVERIFIED_SCALE,https://www.data.go.kr/data/15134343/openapi.do,2026-10-07T08:12:52+09:00
2023.01,330499,41,경기도 안양시,5697,API_EXP_USD_AMT_UNVERIFIED_SCALE,https://www.data.go.kr/data/15134343/openapi.do,2026-10-07T08:12:52+09:00
2023.01,330499,41,경기도 양주시,15,API_EXP_USD_AMT_UNVERIFIED_SCALE,https://www.data.go.kr/data/15134343/openapi.do,2026-10-07T08:12:52+09:00
2023.01,330499,41,경기도 양평군,5,API_EXP_USD_AMT_UNVERIFIED_SCALE,https://www.data.go.kr/data/15134343/openapi.do,2026-10-07T08:12:52+09:00
2023.01,330499,41,경기도 여주군,499,API_EXP_USD_AMT_UNVERIFIED_SCALE,https://www.data.go.kr/data/15134343/openapi.do,2026-10-07T08:12:52+09:00
2023.01,330499,41,경기도 연천군,18,API_EXP_USD_AMT_UNVERIFIED_SCALE,https://www.data.go.kr/data/15134343/openapi.do,2026-10-07T08:12:52+09:00
2023.01,330499,41,경기도 오산시,5275,API_EXP_USD_AMT_UNVERIFIED_SCALE,https://www.data.go.kr/data/15134343/openapi.do,2026-10-07T08:12:52+09:00
2023.01,330499,41,경기도 용인시,2139,API_EXP_USD_AMT_UNVERIFIED_SCALE,https://www.data.go.kr/data/15134343/openapi.do,2026-10-07T08:12:52+09:00
2023.01,330499,41,경기도 의왕시,976,API_EXP_USD_AMT_UNVERIFIED_SCALE,https://www.data.go.kr/data/15134343/openapi.do,2026-10-07T08:12:52+09:00
2023.01,330499,41,경기도 의정부시,20,API_EXP_USD_AMT_UNVERIFIED_SCALE,https://www.data.go.kr/data/15134343/openapi.do,2026-10-07T08:12:52+09:00
2023.01,330499,41,경기도 이천시,186,API_EXP_USD_AMT_UNVERIFIED_SCALE,https://www.data.go.kr/data/15134343/openapi.do,2026-10-07T08:12:52+09:00
2023.01,330499,41,경기도 파주시,835,API_EXP_USD_AMT_UNVERIFIED_SCALE,https://www.data.go.kr/data/15134343/openapi.do,2026-10-07T08:12:52+09:00
2023.01,330499,41,경기도 평택시,1451,API_EXP_USD_AMT_UNVERIFIED_SCALE,https://www.data.go.kr/data/15134343/openapi.do,2026-10-07T08:12:52+09:00
2023.01,330499,41,경기도 포천군,59,API_EXP_USD_AMT_UNVERIFIED_SCALE,https://www.data.go.kr/data/15134343/openapi.do,2026-10-07T08:12:52+09:00
2023.01,330499,41,경기도 하남시,506,API_EXP_USD_AMT_UNVERIFIED_SCALE,https://www.data.go.kr/data/15134343/openapi.do,2026-10-07T08:12:52+09:00
2023.01,330499,41,경기도 화성시,16107,API_EXP_USD_AMT_UNVERIFIED_SCALE,https://www.data.go.kr/data/15134343/openapi.do,2026-10-07T08:12:52+09:00
2023.01,853400,27,대구광역시 남구,0,API_EXP_USD_AMT_UNVERIFIED_SCALE,https://www.data.go.kr/data/15134343/openapi.do,2026-10-07T08:12:52+09:00
2023.01,853400,27,대구광역시 달서구,340,API_EXP_USD_AMT_UNVERIFIED_SCALE,https://www.data.go.kr/data/15134343/openapi.do,2026-10-07T08:12:52+09:00
2023.01,853400,27,대구광역시 달성군,36489,API_EXP_USD_AMT_UNVERIFIED_SCALE,https://www.data.go.kr/data/15134343/openapi.do,2026-10-07T08:12:52+09:00
2023.01,853400,27,대구광역시 동구,0,API_EXP_USD_AMT_UNVERIFIED_SCALE,https://www.data.go.kr/data/15134343/openapi.do,2026-10-07T08:12:52+09:00
2023.01,853400,27,대구광역시 북구,0,API_EXP_USD_AMT_UNVERIFIED_SCALE,https://www.data.go.kr/data/15134343/openapi.do,2026-10-07T08:12:52+09:00
2023.01,853400,27,대구광역시 수성구,0,API_EXP_USD_AMT_UNVERIFIED_SCALE,https://www.data.go.kr/data/15134343/openapi.do,2026-10-07T08:12:52+09:00
2023.01,853400,27,대구광역시 중구,0,API_EXP_USD_AMT_UNVERIFIED_SCALE,https://www.data.go.kr/data/15134343/openapi.do,2026-10-07T08:12:52+09:00
2023.01,853400,41,경기도 가평군,0,API_EXP_USD_AMT_UNVERIFIED_SCALE,https://www.data.go.kr/data/15134343/openapi.do,2026-10-07T08:12:52+09:00
2023.01,853400,41,경기도 고양시,321,API_EXP_USD_AMT_UNVERIFIED_SCALE,https://www.data.go.kr/data/15134343/openapi.do,2026-10-07T08:12:52+09:00
2023.01,853400,41,경기도 과천시,0,API_EXP_USD_AMT_UNVERIFIED_SCALE,https://www.data.go.kr/data/15134343/openapi.do,2026-10-07T08:12:52+09:00
2023.01,853400,41,경기도 광명시,66,API_EXP_USD_AMT_UNVERIFIED_SCALE,https://www.data.go.kr/data/15134343/openapi.do,2026-10-07T08:12:52+09:00
2023.01,853400,41,경기도 광주시,0,API_EXP_USD_AMT_UNVERIFIED_SCALE,https://www.data.go.kr/data/15134343/openapi.do,2026-10-07T08:12:52+09:00
2023.01,853400,41,경기도 군포시,121,API_EXP_USD_AMT_UNVERIFIED_SCALE,https://www.data.go.kr/data/15134343/openapi.do,2026-10-07T08:12:52+09:00
2023.01,853400,41,경기도 김포시,92,API_EXP_USD_AMT_UNVERIFIED_SCALE,https://www.data.go.kr/data/15134343/openapi.do,2026-10-07T08:12:52+09:00
2023.01,853400,41,경기도 남양주시,1,API_EXP_USD_AMT_UNVERIFIED_SCALE,https://www.data.go.kr/data/15134343/openapi.do,2026-10-07T08:12:52+09:00
2023.01,853400,41,경기도 동두천시,2,API_EXP_USD_AMT_UNVERIFIED_SCALE,https://www.data.go.kr/data/15134343/openapi.do,2026-10-07T08:12:52+09:00
2023.01,853400,41,경기도 부천시,355,API_EXP_USD_AMT_UNVERIFIED_SCALE,https://www.data.go.kr/data/15134343/openapi.do,2026-10-07T08:12:52+09:00
2023.01,853400,41,경기도 성남시,2127,API_EXP_USD_AMT_UNVERIFIED_SCALE,https://www.data.go.kr/data/15134343/openapi.do,2026-10-07T08:12:52+09:00
2023.01,853400,41,경기도 수원시,37142,API_EXP_USD_AMT_UNVERIFIED_SCALE,https://www.data.go.kr/data/15134343/openapi.do,2026-10-07T08:12:52+09:00
2023.01,853400,41,경기도 시흥시,2761,API_EXP_USD_AMT_UNVERIFIED_SCALE,https://www.data.go.kr/data/15134343/openapi.do,2026-10-07T08:12:52+09:00
2023.01,853400,41,경기도 안산시,103783,API_EXP_USD_AMT_UNVERIFIED_SCALE,https://www.data.go.kr/data/15134343/openapi.do,2026-10-07T08:12:52+09:00
2023.01,853400,41,경기도 안성시,16063,API_EXP_USD_AMT_UNVERIFIED_SCALE,https://www.data.go.kr/data/15134343/openapi.do,2026-10-07T08:12:52+09:00
2023.01,853400,41,경기도 안양시,817,API_EXP_USD_AMT_UNVERIFIED_SCALE,https://www.data.go.kr/data/15134343/openapi.do,2026-10-07T08:12:52+09:00
2023.01,853400,41,경기도 양주시,0,API_EXP_USD_AMT_UNVERIFIED_SCALE,https://www.data.go.kr/data/15134343/openapi.do,2026-10-07T08:12:52+09:00
2023.01,853400,41,경기도 양평군,0,API_EXP_USD_AMT_UNVERIFIED_SCALE,https://www.data.go.kr/data/15134343/openapi.do,2026-10-07T08:12:52+09:00
2023.01,853400,41,경기도 오산시,19,API_EXP_USD_AMT_UNVERIFIED_SCALE,https://www.data.go.kr/data/15134343/openapi.do,2026-10-07T08:12:52+09:00
2023.01,853400,41,경기도 용인시,467,API_EXP_USD_AMT_UNVERIFIED_SCALE,https://www.data.go.kr/data/15134343/openapi.do,2026-10-07T08:12:52+09:00
2023.01,853400,41,경기도 의왕시,14,API_EXP_USD_AMT_UNVERIFIED_SCALE,https://www.data.go.kr/data/15134343/openapi.do,2026-10-07T08:12:52+09:00
2023.01,853400,41,경기도 의정부시,87,API_EXP_USD_AMT_UNVERIFIED_SCALE,https://www.data.go.kr/data/15134343/openapi.do,2026-10-07T08:12:52+09:00
2023.01,853400,41,경기도 이천시,350,API_EXP_USD_AMT_UNVERIFIED_SCALE,https://www.data.go.kr/data/15134343/openapi.do,2026-10-07T08:12:52+09:00
2023.01,853400,41,경기도 파주시,676,API_EXP_USD_AMT_UNVERIFIED_SCALE,https://www.data.go.kr/data/15134343/openapi.do,2026-10-07T08:12:52+09:00
2023.01,853400,41,경기도 평택시,1983,API_EXP_USD_AMT_UNVERIFIED_SCALE,https://www.data.go.kr/data/15134343/openapi.do,2026-10-07T08:12:52+09:00
2023.01,853400,41,경기도 포천군,0,API_EXP_USD_AMT_UNVERIFIED_SCALE,https://www.data.go.kr/data/15134343/openapi.do,2026-10-07T08:12:52+09:00
2023.01,853400,41,경기도 하남시,6,API_EXP_USD_AMT_UNVERIFIED_SCALE,https://www.data.go.kr/data/15134343/openapi.do,2026-10-07T08:12:52+09:00
2023.01,853400,41,경기도 화성시,1096,API_EXP_USD_AMT_UNVERIFIED_SCALE,https://www.data.go.kr/data/15134343/openapi.do,2026-10-07T08:12:52+09:00
2023.01,853400,43,충청북도 음성군,0,API_EXP_USD_AMT_UNVERIFIED_SCALE,https://www.data.go.kr/data/15134343/openapi.do,2026-10-07T08:12:52+09:00
2023.01,853400,43,충청북도 제천시,6,API_EXP_USD_AMT_UNVERIFIED_SCALE,https://www.data.go.kr/data/15134343/openapi.do,2026-10-07T08:12:52+09:00
2023.01,853400,43,충청북도 증평군,1528,API_EXP_USD_AMT_UNVERIFIED_SCALE,https://www.data.go.kr/data/15134343/openapi.do,2026-10-07T08:12:52+09:00
2023.01,853400,43,충청북도 진천군,50,API_EXP_USD_AMT_UNVERIFIED_SCALE,https://www.data.go.kr/data/15134343/openapi.do,2026-10-07T08:12:52+09:00
2023.01,853400,43,충청북도 청주시,27368,API_EXP_USD_AMT_UNVERIFIED_SCALE,https://www.data.go.kr/data/15134343/openapi.do,2026-10-07T08:12:52+09:00
2023.02,330499,36,세종특별자치시,3107,API_EXP_USD_AMT_UNVERIFIED_SCALE,https://www.data.go.kr/data/15134343/openapi.do,2026-10-07T08:12:52+09:00
2023.02,330499,41,경기도 가평군,6,API_EXP_USD_AMT_UNVERIFIED_SCALE,https://www.data.go.kr/data/15134343/openapi.do,2026-10-07T08:12:52+09:00
2023.02,330499,41,경기도 고양시,7924,API_EXP_USD_AMT_UNVERIFIED_SCALE,https://www.data.go.kr/data/15134343/openapi.do,2026-10-07T08:12:52+09:00
2023.02,330499,41,경기도 과천시,0,API_EXP_USD_AMT_UNVERIFIED_SCALE,https://www.data.go.kr/data/15134343/openapi.do,2026-10-07T08:12:52+09:00
2023.02,330499,41,경기도 광명시,911,API_EXP_USD_AMT_UNVERIFIED_SCALE,https://www.data.go.kr/data/15134343/openapi.do,2026-10-07T08:12:52+09:00
2023.02,330499,41,경기도 광주시,288,API_EXP_USD_AMT_UNVERIFIED_SCALE,https://www.data.go.kr/data/15134343/openapi.do,2026-10-07T08:12:52+09:00
2023.02,330499,41,경기도 구리시,1239,API_EXP_USD_AMT_UNVERIFIED_SCALE,https://www.data.go.kr/data/15134343/openapi.do,2026-10-07T08:12:52+09:00
2023.02,330499,41,경기도 군포시,949,API_EXP_USD_AMT_UNVERIFIED_SCALE,https://www.data.go.kr/data/15134343/openapi.do,2026-10-07T08:12:52+09:00
2023.02,330499,41,경기도 김포시,23396,API_EXP_USD_AMT_UNVERIFIED_SCALE,https://www.data.go.kr/data/15134343/openapi.do,2026-10-07T08:12:52+09:00
2023.02,330499,41,경기도 남양주시,2188,API_EXP_USD_AMT_UNVERIFIED_SCALE,https://www.data.go.kr/data/15134343/openapi.do,2026-10-07T08:12:52+09:00
2023.02,330499,41,경기도 동두천시,0,API_EXP_USD_AMT_UNVERIFIED_SCALE,https://www.data.go.kr/data/15134343/openapi.do,2026-10-07T08:12:52+09:00
2023.02,330499,41,경기도 부천시,3487,API_EXP_USD_AMT_UNVERIFIED_SCALE,https://www.data.go.kr/data/15134343/openapi.do,2026-10-07T08:12:52+09:00
2023.02,330499,41,경기도 성남시,16988,API_EXP_USD_AMT_UNVERIFIED_SCALE,https://www.data.go.kr/data/15134343/openapi.do,2026-10-07T08:12:52+09:00
2023.02,330499,41,경기도 수원시,5417,API_EXP_USD_AMT_UNVERIFIED_SCALE,https://www.data.go.kr/data/15134343/openapi.do,2026-10-07T08:12:52+09:00
2023.02,330499,41,경기도 시흥시,3262,API_EXP_USD_AMT_UNVERIFIED_SCALE,https://www.data.go.kr/data/15134343/openapi.do,2026-10-07T08:12:52+09:00
2023.02,330499,41,경기도 안산시,3207,API_EXP_USD_AMT_UNVERIFIED_SCALE,https://www.data.go.kr/data/15134343/openapi.do,2026-10-07T08:12:52+09:00
2023.02,330499,41,경기도 안성시,2412,API_EXP_USD_AMT_UNVERIFIED_SCALE,https://www.data.go.kr/data/15134343/openapi.do,2026-10-07T08:12:52+09:00
2023.02,330499,41,경기도 안양시,7537,API_EXP_USD_AMT_UNVERIFIED_SCALE,https://www.data.go.kr/data/15134343/openapi.do,2026-10-07T08:12:52+09:00
2023.02,330499,41,경기도 양주시,3114,API_EXP_USD_AMT_UNVERIFIED_SCALE,https://www.data.go.kr/data/15134343/openapi.do,2026-10-07T08:12:52+09:00
2023.02,330499,41,경기도 양평군,1,API_EXP_USD_AMT_UNVERIFIED_SCALE,https://www.data.go.kr/data/15134343/openapi.do,2026-10-07T08:12:52+09:00
2023.02,330499,41,경기도 여주군,1866,API_EXP_USD_AMT_UNVERIFIED_SCALE,https://www.data.go.kr/data/15134343/openapi.do,2026-10-07T08:12:52+09:00
2023.02,330499,41,경기도 연천군,0,API_EXP_USD_AMT_UNVERIFIED_SCALE,https://www.data.go.kr/data/15134343/openapi.do,2026-10-07T08:12:52+09:00
2023.02,330499,41,경기도 오산시,4980,API_EXP_USD_AMT_UNVERIFIED_SCALE,https://www.data.go.kr/data/15134343/openapi.do,2026-10-07T08:12:52+09:00
2023.02,330499,41,경기도 용인시,3109,API_EXP_USD_AMT_UNVERIFIED_SCALE,https://www.data.go.kr/data/15134343/openapi.do,2026-10-07T08:12:52+09:00
2023.02,330499,41,경기도 의왕시,621,API_EXP_USD_AMT_UNVERIFIED_SCALE,https://www.data.go.kr/data/15134343/openapi.do,2026-10-07T08:12:52+09:00
2023.02,330499,41,경기도 의정부시,102,API_EXP_USD_AMT_UNVERIFIED_SCALE,https://www.data.go.kr/data/15134343/openapi.do,2026-10-07T08:12:52+09:00
2023.02,330499,41,경기도 이천시,131,API_EXP_USD_AMT_UNVERIFIED_SCALE,https://www.data.go.kr/data/15134343/openapi.do,2026-10-07T08:12:52+09:00
2023.02,330499,41,경기도 파주시,1095,API_EXP_USD_AMT_UNVERIFIED_SCALE,https://www.data.go.kr/data/15134343/openapi.do,2026-10-07T08:12:52+09:00
2023.02,330499,41,경기도 평택시,2528,API_EXP_USD_AMT_UNVERIFIED_SCALE,https://www.data.go.kr/data/15134343/openapi.do,2026-10-07T08:12:52+09:00
2023.02,330499,41,경기도 포천군,246,API_EXP_USD_AMT_UNVERIFIED_SCALE,https://www.data.go.kr/data/15134343/openapi.do,2026-10-07T08:12:52+09:00
2023.02,330499,41,경기도 하남시,1051,API_EXP_USD_AMT_UNVERIFIED_SCALE,https://www.data.go.kr/data/15134343/openapi.do,2026-10-07T08:12:52+09:00
2023.02,330499,41,경기도 화성시,19841,API_EXP_USD_AMT_UNVERIFIED_SCALE,https://www.data.go.kr/data/15134343/openapi.do,2026-10-07T08:12:52+09:00
2023.02,853400,27,대구광역시 달서구,572,API_EXP_USD_AMT_UNVERIFIED_SCALE,https://www.data.go.kr/data/15134343/openapi.do,2026-10-07T08:12:52+09:00
2023.02,853400,27,대구광역시 달성군,31745,API_EXP_USD_AMT_UNVERIFIED_SCALE,https://www.data.go.kr/data/15134343/openapi.do,2026-10-07T08:12:52+09:00
2023.02,853400,27,대구광역시 동구,0,API_EXP_USD_AMT_UNVERIFIED_SCALE,https://www.data.go.kr/data/15134343/openapi.do,2026-10-07T08:12:52+09:00
2023.02,853400,27,대구광역시 북구,0,API_EXP_USD_AMT_UNVERIFIED_SCALE,https://www.data.go.kr/data/15134343/openapi.do,2026-10-07T08:12:52+09:00
2023.02,853400,27,대구광역시 서구,0,API_EXP_USD_AMT_UNVERIFIED_SCALE,https://www.data.go.kr/data/15134343/openapi.do,2026-10-07T08:12:52+09:00
2023.02,853400,27,대구광역시 수성구,0,API_EXP_USD_AMT_UNVERIFIED_SCALE,https://www.data.go.kr/data/15134343/openapi.do,2026-10-07T08:12:52+09:00
2023.02,853400,27,대구광역시 중구,0,API_EXP_USD_AMT_UNVERIFIED_SCALE,https://www.data.go.kr/data/15134343/openapi.do,2026-10-07T08:12:52+09:00
2023.02,853400,41,경기도 고양시,314,API_EXP_USD_AMT_UNVERIFIED_SCALE,https://www.data.go.kr/data/15134343/openapi.do,2026-10-07T08:12:52+09:00
2023.02,853400,41,경기도 광명시,1,API_EXP_USD_AMT_UNVERIFIED_SCALE,https://www.data.go.kr/data/15134343/openapi.do,2026-10-07T08:12:52+09:00
2023.02,853400,41,경기도 광주시,1,API_EXP_USD_AMT_UNVERIFIED_SCALE,https://www.data.go.kr/data/15134343/openapi.do,2026-10-07T08:12:52+09:00
2023.02,853400,41,경기도 군포시,187,API_EXP_USD_AMT_UNVERIFIED_SCALE,https://www.data.go.kr/data/15134343/openapi.do,2026-10-07T08:12:52+09:00
2023.02,853400,41,경기도 김포시,280,API_EXP_USD_AMT_UNVERIFIED_SCALE,https://www.data.go.kr/data/15134343/openapi.do,2026-10-07T08:12:52+09:00
2023.02,853400,41,경기도 남양주시,5,API_EXP_USD_AMT_UNVERIFIED_SCALE,https://www.data.go.kr/data/15134343/openapi.do,2026-10-07T08:12:52+09:00
2023.02,853400,41,경기도 부천시,345,API_EXP_USD_AMT_UNVERIFIED_SCALE,https://www.data.go.kr/data/15134343/openapi.do,2026-10-07T08:12:52+09:00
2023.02,853400,41,경기도 성남시,2524,API_EXP_USD_AMT_UNVERIFIED_SCALE,https://www.data.go.kr/data/15134343/openapi.do,2026-10-07T08:12:52+09:00
2023.02,853400,41,경기도 수원시,38638,API_EXP_USD_AMT_UNVERIFIED_SCALE,https://www.data.go.kr/data/15134343/openapi.do,2026-10-07T08:12:52+09:00
2023.02,853400,41,경기도 시흥시,2662,API_EXP_USD_AMT_UNVERIFIED_SCALE,https://www.data.go.kr/data/15134343/openapi.do,2026-10-07T08:12:52+09:00
2023.02,853400,41,경기도 안산시,98865,API_EXP_USD_AMT_UNVERIFIED_SCALE,https://www.data.go.kr/data/15134343/openapi.do,2026-10-07T08:12:52+09:00
2023.02,853400,41,경기도 안성시,13854,API_EXP_USD_AMT_UNVERIFIED_SCALE,https://www.data.go.kr/data/15134343/openapi.do,2026-10-07T08:12:52+09:00
2023.02,853400,41,경기도 안양시,1133,API_EXP_USD_AMT_UNVERIFIED_SCALE,https://www.data.go.kr/data/15134343/openapi.do,2026-10-07T08:12:52+09:00
2023.02,853400,41,경기도 양주시,3,API_EXP_USD_AMT_UNVERIFIED_SCALE,https://www.data.go.kr/data/15134343/openapi.do,2026-10-07T08:12:52+09:00
2023.02,853400,41,경기도 양평군,0,API_EXP_USD_AMT_UNVERIFIED_SCALE,https://www.data.go.kr/data/15134343/openapi.do,2026-10-07T08:12:52+09:00
2023.02,853400,41,경기도 여주군,0,API_EXP_USD_AMT_UNVERIFIED_SCALE,https://www.data.go.kr/data/15134343/openapi.do,2026-10-07T08:12:52+09:00
2023.02,853400,41,경기도 오산시,14,API_EXP_USD_AMT_UNVERIFIED_SCALE,https://www.data.go.kr/data/15134343/openapi.do,2026-10-07T08:12:52+09:00
2023.02,853400,41,경기도 용인시,349,API_EXP_USD_AMT_UNVERIFIED_SCALE,https://www.data.go.kr/data/15134343/openapi.do,2026-10-07T08:12:52+09:00
2023.02,853400,41,경기도 의왕시,9,API_EXP_USD_AMT_UNVERIFIED_SCALE,https://www.data.go.kr/data/15134343/openapi.do,2026-10-07T08:12:52+09:00
2023.02,853400,41,경기도 의정부시,25,API_EXP_USD_AMT_UNVERIFIED_SCALE,https://www.data.go.kr/data/15134343/openapi.do,2026-10-07T08:12:52+09:00
2023.02,853400,41,경기도 이천시,665,API_EXP_USD_AMT_UNVERIFIED_SCALE,https://www.data.go.kr/data/15134343/openapi.do,2026-10-07T08:12:52+09:00
2023.02,853400,41,경기도 파주시,378,API_EXP_USD_AMT_UNVERIFIED_SCALE,https://www.data.go.kr/data/15134343/openapi.do,2026-10-07T08:12:52+09:00
2023.02,853400,41,경기도 평택시,1193,API_EXP_USD_AMT_UNVERIFIED_SCALE,https://www.data.go.kr/data/15134343/openapi.do,2026-10-07T08:12:52+09:00
2023.02,853400,41,경기도 포천군,0,API_EXP_USD_AMT_UNVERIFIED_SCALE,https://www.data.go.kr/data/15134343/openapi.do,2026-10-07T08:12:52+09:00
2023.02,853400,41,경기도 하남시,10,API_EXP_USD_AMT_UNVERIFIED_SCALE,https://www.data.go.kr/data/15134343/openapi.do,2026-10-07T08:12:52+09:00
2023.02,853400,41,경기도 화성시,584,API_EXP_USD_AMT_UNVERIFIED_SCALE,https://www.data.go.kr/data/15134343/openapi.do,2026-10-07T08:12:52+09:00
2023.02,853400,43,충청북도 괴산군,0,API_EXP_USD_AMT_UNVERIFIED_SCALE,https://www.data.go.kr/data/15134343/openapi.do,2026-10-07T08:12:52+09:00
2023.02,853400,43,충청북도 음성군,22,API_EXP_USD_AMT_UNVERIFIED_SCALE,https://www.data.go.kr/data/15134343/openapi.do,2026-10-07T08:12:52+09:00
2023.02,853400,43,충청북도 제천시,4,API_EXP_USD_AMT_UNVERIFIED_SCALE,https://www.data.go.kr/data/15134343/openapi.do,2026-10-07T08:12:52+09:00
2023.02,853400,43,충청북도 증평군,983,API_EXP_USD_AMT_UNVERIFIED_SCALE,https://www.data.go.kr/data/15134343/openapi.do,2026-10-07T08:12:52+09:00
2023.02,853400,43,충청북도 진천군,79,API_EXP_USD_AMT_UNVERIFIED_SCALE,https://www.data.go.kr/data/15134343/openapi.do,2026-10-07T08:12:52+09:00
2023.02,853400,43,충청북도 청주시,23374,API_EXP_USD_AMT_UNVERIFIED_SCALE,https://www.data.go.kr/data/15134343/openapi.do,2026-10-07T08:12:52+09:00
2023.02,853400,43,충청북도 충주시,0,API_EXP_USD_AMT_UNVERIFIED_SCALE,https://www.data.go.kr/data/15134343/openapi.do,2026-10-07T08:12:52+09:00
2023.03,330499,36,세종특별자치시,4175,API_EXP_USD_AMT_UNVERIFIED_SCALE,https://www.data.go.kr/data/15134343/openapi.do,2026-10-07T08:12:52+09:00
2023.03,330499,41,경기도 가평군,24,API_EXP_USD_AMT_UNVERIFIED_SCALE,https://www.data.go.kr/data/15134343/openapi.do,2026-10-07T08:12:52+09:00
2023.03,330499,41,경기도 고양시,10423,API_EXP_USD_AMT_UNVERIFIED_SCALE,https://www.data.go.kr/data/15134343/openapi.do,2026-10-07T08:12:52+09:00
2023.03,330499,41,경기도 과천시,1,API_EXP_USD_AMT_UNVERIFIED_SCALE,https://www.data.go.kr/data/15134343/openapi.do,2026-10-07T08:12:52+09:00
2023.03,330499,41,경기도 광명시,775,API_EXP_USD_AMT_UNVERIFIED_SCALE,https://www.data.go.kr/data/15134343/openapi.do,2026-10-07T08:12:52+09:00
2023.03,330499,41,경기도 광주시,253,API_EXP_USD_AMT_UNVERIFIED_SCALE,https://www.data.go.kr/data/15134343/openapi.do,2026-10-07T08:12:52+09:00
2023.03,330499,41,경기도 구리시,1130,API_EXP_USD_AMT_UNVERIFIED_SCALE,https://www.data.go.kr/data/15134343/openapi.do,2026-10-07T08:12:52+09:00
2023.03,330499,41,경기도 군포시,1413,API_EXP_USD_AMT_UNVERIFIED_SCALE,https://www.data.go.kr/data/15134343/openapi.do,2026-10-07T08:12:52+09:00
2023.03,330499,41,경기도 김포시,24060,API_EXP_USD_AMT_UNVERIFIED_SCALE,https://www.data.go.kr/data/15134343/openapi.do,2026-10-07T08:12:52+09:00
2023.03,330499,41,경기도 남양주시,1466,API_EXP_USD_AMT_UNVERIFIED_SCALE,https://www.data.go.kr/data/15134343/openapi.do,2026-10-07T08:12:52+09:00
2023.03,330499,41,경기도 동두천시,0,API_EXP_USD_AMT_UNVERIFIED_SCALE,https://www.data.go.kr/data/15134343/openapi.do,2026-10-07T08:12:52+09:00
2023.03,330499,41,경기도 부천시,4192,API_EXP_USD_AMT_UNVERIFIED_SCALE,https://www.data.go.kr/data/15134343/openapi.do,2026-10-07T08:12:52+09:00
2023.03,330499,41,경기도 성남시,24948,API_EXP_USD_AMT_UNVERIFIED_SCALE,https://www.data.go.kr/data/15134343/openapi.do,2026-10-07T08:12:52+09:00
2023.03,330499,41,경기도 수원시,4458,API_EXP_USD_AMT_UNVERIFIED_SCALE,https://www.data.go.kr/data/15134343/openapi.do,2026-10-07T08:12:52+09:00
2023.03,330499,41,경기도 시흥시,3339,API_EXP_USD_AMT_UNVERIFIED_SCALE,https://www.data.go.kr/data/15134343/openapi.do,2026-10-07T08:12:52+09:00
2023.03,330499,41,경기도 안산시,2761,API_EXP_USD_AMT_UNVERIFIED_SCALE,https://www.data.go.kr/data/15134343/openapi.do,2026-10-07T08:12:52+09:00
2023.03,330499,41,경기도 안성시,2254,API_EXP_USD_AMT_UNVERIFIED_SCALE,https://www.data.go.kr/data/15134343/openapi.do,2026-10-07T08:12:52+09:00
2023.03,330499,41,경기도 안양시,11821,API_EXP_USD_AMT_UNVERIFIED_SCALE,https://www.data.go.kr/data/15134343/openapi.do,2026-10-07T08:12:52+09:00
2023.03,330499,41,경기도 양주시,297,API_EXP_USD_AMT_UNVERIFIED_SCALE,https://www.data.go.kr/data/15134343/openapi.do,2026-10-07T08:12:52+09:00
2023.03,330499,41,경기도 양평군,14,API_EXP_USD_AMT_UNVERIFIED_SCALE,https://www.data.go.kr/data/15134343/openapi.do,2026-10-07T08:12:52+09:00
2023.03,330499,41,경기도 여주군,2133,API_EXP_USD_AMT_UNVERIFIED_SCALE,https://www.data.go.kr/data/15134343/openapi.do,2026-10-07T08:12:52+09:00
2023.03,330499,41,경기도 연천군,0,API_EXP_USD_AMT_UNVERIFIED_SCALE,https://www.data.go.kr/data/15134343/openapi.do,2026-10-07T08:12:52+09:00
2023.03,330499,41,경기도 오산시,7667,API_EXP_USD_AMT_UNVERIFIED_SCALE,https://www.data.go.kr/data/15134343/openapi.do,2026-10-07T08:12:52+09:00
2023.03,330499,41,경기도 용인시,2215,API_EXP_USD_AMT_UNVERIFIED_SCALE,https://www.data.go.kr/data/15134343/openapi.do,2026-10-07T08:12:52+09:00
2023.03,330499,41,경기도 의왕시,1586,API_EXP_USD_AMT_UNVERIFIED_SCALE,https://www.data.go.kr/data/15134343/openapi.do,2026-10-07T08:12:52+09:00
2023.03,330499,41,경기도 의정부시,59,API_EXP_USD_AMT_UNVERIFIED_SCALE,https://www.data.go.kr/data/15134343/openapi.do,2026-10-07T08:12:52+09:00
2023.03,330499,41,경기도 이천시,225,API_EXP_USD_AMT_UNVERIFIED_SCALE,https://www.data.go.kr/data/15134343/openapi.do,2026-10-07T08:12:52+09:00
2023.03,330499,41,경기도 파주시,654,API_EXP_USD_AMT_UNVERIFIED_SCALE,https://www.data.go.kr/data/15134343/openapi.do,2026-10-07T08:12:52+09:00
2023.03,330499,41,경기도 평택시,2095,API_EXP_USD_AMT_UNVERIFIED_SCALE,https://www.data.go.kr/data/15134343/openapi.do,2026-10-07T08:12:52+09:00
2023.03,330499,41,경기도 포천군,275,API_EXP_USD_AMT_UNVERIFIED_SCALE,https://www.data.go.kr/data/15134343/openapi.do,2026-10-07T08:12:52+09:00
2023.03,330499,41,경기도 하남시,1330,API_EXP_USD_AMT_UNVERIFIED_SCALE,https://www.data.go.kr/data/15134343/openapi.do,2026-10-07T08:12:52+09:00
2023.03,330499,41,경기도 화성시,20570,API_EXP_USD_AMT_UNVERIFIED_SCALE,https://www.data.go.kr/data/15134343/openapi.do,2026-10-07T08:12:52+09:00
2023.03,853400,27,대구광역시 남구,0,API_EXP_USD_AMT_UNVERIFIED_SCALE,https://www.data.go.kr/data/15134343/openapi.do,2026-10-07T08:12:52+09:00
2023.03,853400,27,대구광역시 달서구,585,API_EXP_USD_AMT_UNVERIFIED_SCALE,https://www.data.go.kr/data/15134343/openapi.do,2026-10-07T08:12:52+09:00
2023.03,853400,27,대구광역시 달성군,42214,API_EXP_USD_AMT_UNVERIFIED_SCALE,https://www.data.go.kr/data/15134343/openapi.do,2026-10-07T08:12:52+09:00
2023.03,853400,27,대구광역시 동구,0,API_EXP_USD_AMT_UNVERIFIED_SCALE,https://www.data.go.kr/data/15134343/openapi.do,2026-10-07T08:12:52+09:00
2023.03,853400,27,대구광역시 북구,0,API_EXP_USD_AMT_UNVERIFIED_SCALE,https://www.data.go.kr/data/15134343/openapi.do,2026-10-07T08:12:52+09:00
2023.03,853400,27,대구광역시 수성구,0,API_EXP_USD_AMT_UNVERIFIED_SCALE,https://www.data.go.kr/data/15134343/openapi.do,2026-10-07T08:12:52+09:00
2023.03,853400,27,대구광역시 중구,0,API_EXP_USD_AMT_UNVERIFIED_SCALE,https://www.data.go.kr/data/15134343/openapi.do,2026-10-07T08:12:52+09:00
2023.03,853400,41,경기도 고양시,307,API_EXP_USD_AMT_UNVERIFIED_SCALE,https://www.data.go.kr/data/15134343/openapi.do,2026-10-07T08:12:52+09:00
2023.03,853400,41,경기도 과천시,0,API_EXP_USD_AMT_UNVERIFIED_SCALE,https://www.data.go.kr/data/15134343/openapi.do,2026-10-07T08:12:52+09:00
2023.03,853400,41,경기도 광명시,0,API_EXP_USD_AMT_UNVERIFIED_SCALE,https://www.data.go.kr/data/15134343/openapi.do,2026-10-07T08:12:52+09:00
2023.03,853400,41,경기도 광주시,1,API_EXP_USD_AMT_UNVERIFIED_SCALE,https://www.data.go.kr/data/15134343/openapi.do,2026-10-07T08:12:52+09:00
2023.03,853400,41,경기도 군포시,166,API_EXP_USD_AMT_UNVERIFIED_SCALE,https://www.data.go.kr/data/15134343/openapi.do,2026-10-07T08:12:52+09:00
2023.03,853400,41,경기도 김포시,36,API_EXP_USD_AMT_UNVERIFIED_SCALE,https://www.data.go.kr/data/15134343/openapi.do,2026-10-07T08:12:52+09:00
2023.03,853400,41,경기도 남양주시,0,API_EXP_USD_AMT_UNVERIFIED_SCALE,https://www.data.go.kr/data/15134343/openapi.do,2026-10-07T08:12:52+09:00
2023.03,853400,41,경기도 부천시,617,API_EXP_USD_AMT_UNVERIFIED_SCALE,https://www.data.go.kr/data/15134343/openapi.do,2026-10-07T08:12:52+09:00
2023.03,853400,41,경기도 성남시,3919,API_EXP_USD_AMT_UNVERIFIED_SCALE,https://www.data.go.kr/data/15134343/openapi.do,2026-10-07T08:12:52+09:00
2023.03,853400,41,경기도 수원시,59678,API_EXP_USD_AMT_UNVERIFIED_SCALE,https://www.data.go.kr/data/15134343/openapi.do,2026-10-07T08:12:52+09:00
2023.03,853400,41,경기도 시흥시,2175,API_EXP_USD_AMT_UNVERIFIED_SCALE,https://www.data.go.kr/data/15134343/openapi.do,2026-10-07T08:12:52+09:00
2023.03,853400,41,경기도 안산시,98284,API_EXP_USD_AMT_UNVERIFIED_SCALE,https://www.data.go.kr/data/15134343/openapi.do,2026-10-07T08:12:52+09:00
2023.03,853400,41,경기도 안성시,13150,API_EXP_USD_AMT_UNVERIFIED_SCALE,https://www.data.go.kr/data/15134343/openapi.do,2026-10-07T08:12:52+09:00
2023.03,853400,41,경기도 안양시,1574,API_EXP_USD_AMT_UNVERIFIED_SCALE,https://www.data.go.kr/data/15134343/openapi.do,2026-10-07T08:12:52+09:00
2023.03,853400,41,경기도 양주시,1,API_EXP_USD_AMT_UNVERIFIED_SCALE,https://www.data.go.kr/data/15134343/openapi.do,2026-10-07T08:12:52+09:00
2023.03,853400,41,경기도 양평군,39,API_EXP_USD_AMT_UNVERIFIED_SCALE,https://www.data.go.kr/data/15134343/openapi.do,2026-10-07T08:12:52+09:00
2023.03,853400,41,경기도 오산시,61,API_EXP_USD_AMT_UNVERIFIED_SCALE,https://www.data.go.kr/data/15134343/openapi.do,2026-10-07T08:12:52+09:00
2023.03,853400,41,경기도 용인시,2955,API_EXP_USD_AMT_UNVERIFIED_SCALE,https://www.data.go.kr/data/15134343/openapi.do,2026-10-07T08:12:52+09:00
2023.03,853400,41,경기도 의왕시,2,API_EXP_USD_AMT_UNVERIFIED_SCALE,https://www.data.go.kr/data/15134343/openapi.do,2026-10-07T08:12:52+09:00
2023.03,853400,41,경기도 의정부시,39,API_EXP_USD_AMT_UNVERIFIED_SCALE,https://www.data.go.kr/data/15134343/openapi.do,2026-10-07T08:12:52+09:00
2023.03,853400,41,경기도 이천시,724,API_EXP_USD_AMT_UNVERIFIED_SCALE,https://www.data.go.kr/data/15134343/openapi.do,2026-10-07T08:12:52+09:00
2023.03,853400,41,경기도 파주시,460,API_EXP_USD_AMT_UNVERIFIED_SCALE,https://www.data.go.kr/data/15134343/openapi.do,2026-10-07T08:12:52+09:00
2023.03,853400,41,경기도 평택시,1993,API_EXP_USD_AMT_UNVERIFIED_SCALE,https://www.data.go.kr/data/15134343/openapi.do,2026-10-07T08:12:52+09:00
2023.03,853400,41,경기도 포천군,0,API_EXP_USD_AMT_UNVERIFIED_SCALE,https://www.data.go.kr/data/15134343/openapi.do,2026-10-07T08:12:52+09:00
2023.03,853400,41,경기도 하남시,7,API_EXP_USD_AMT_UNVERIFIED_SCALE,https://www.data.go.kr/data/15134343/openapi.do,2026-10-07T08:12:52+09:00
2023.03,853400,41,경기도 화성시,762,API_EXP_USD_AMT_UNVERIFIED_SCALE,https://www.data.go.kr/data/15134343/openapi.do,2026-10-07T08:12:52+09:00
2023.03,853400,43,충청북도 음성군,0,API_EXP_USD_AMT_UNVERIFIED_SCALE,https://www.data.go.kr/data/15134343/openapi.do,2026-10-07T08:12:52+09:00
2023.03,853400,43,충청북도 제천시,12,API_EXP_USD_AMT_UNVERIFIED_SCALE,https://www.data.go.kr/data/15134343/openapi.do,2026-10-07T08:12:52+09:00
2023.03,853400,43,충청북도 증평군,1662,API_EXP_USD_AMT_UNVERIFIED_SCALE,https://www.data.go.kr/data/15134343/openapi.do,2026-10-07T08:12:52+09:00
2023.03,853400,43,충청북도 진천군,68,API_EXP_USD_AMT_UNVERIFIED_SCALE,https://www.data.go.kr/data/15134343/openapi.do,2026-10-07T08:12:52+09:00
2023.03,853400,43,충청북도 청주시,33252,API_EXP_USD_AMT_UNVERIFIED_SCALE,https://www.data.go.kr/data/15134343/openapi.do,2026-10-07T08:12:52+09:00
2023.03,853400,43,충청북도 충주시,0,API_EXP_USD_AMT_UNVERIFIED_SCALE,https://www.data.go.kr/data/15134343/openapi.do,2026-10-07T08:12:52+09:00
2023.04,330499,36,세종특별자치시,3335,API_EXP_USD_AMT_UNVERIFIED_SCALE,https://www.data.go.kr/data/15134343/openapi.do,2026-10-07T08:12:52+09:00
2023.04,330499,41,경기도 가평군,59,API_EXP_USD_AMT_UNVERIFIED_SCALE,https://www.data.go.kr/data/15134343/openapi.do,2026-10-07T08:12:52+09:00
2023.04,330499,41,경기도 고양시,8801,API_EXP_USD_AMT_UNVERIFIED_SCALE,https://www.data.go.kr/data/15134343/openapi.do,2026-10-07T08:12:52+09:00
2023.04,330499,41,경기도 과천시,32,API_EXP_USD_AMT_UNVERIFIED_SCALE,https://www.data.go.kr/data/15134343/openapi.do,2026-10-07T08:12:52+09:00
2023.04,330499,41,경기도 광명시,1210,API_EXP_USD_AMT_UNVERIFIED_SCALE,https://www.data.go.kr/data/15134343/openapi.do,2026-10-07T08:12:52+09:00
2023.04,330499,41,경기도 광주시,473,API_EXP_USD_AMT_UNVERIFIED_SCALE,https://www.data.go.kr/data/15134343/openapi.do,2026-10-07T08:12:52+09:00
2023.04,330499,41,경기도 구리시,627,API_EXP_USD_AMT_UNVERIFIED_SCALE,https://www.data.go.kr/data/15134343/openapi.do,2026-10-07T08:12:52+09:00
2023.04,330499,41,경기도 군포시,1045,API_EXP_USD_AMT_UNVERIFIED_SCALE,https://www.data.go.kr/data/15134343/openapi.do,2026-10-07T08:12:52+09:00
2023.04,330499,41,경기도 김포시,22573,API_EXP_USD_AMT_UNVERIFIED_SCALE,https://www.data.go.kr/data/15134343/openapi.do,2026-10-07T08:12:52+09:00
2023.04,330499,41,경기도 남양주시,1731,API_EXP_USD_AMT_UNVERIFIED_SCALE,https://www.data.go.kr/data/15134343/openapi.do,2026-10-07T08:12:52+09:00
2023.04,330499,41,경기도 동두천시,0,API_EXP_USD_AMT_UNVERIFIED_SCALE,https://www.data.go.kr/data/15134343/openapi.do,2026-10-07T08:12:52+09:00
2023.04,330499,41,경기도 부천시,4256,API_EXP_USD_AMT_UNVERIFIED_SCALE,https://www.data.go.kr/data/15134343/openapi.do,2026-10-07T08:12:52+09:00
2023.04,330499,41,경기도 성남시,20027,API_EXP_USD_AMT_UNVERIFIED_SCALE,https://www.data.go.kr/data/15134343/openapi.do,2026-10-07T08:12:52+09:00
2023.04,330499,41,경기도 수원시,2277,API_EXP_USD_AMT_UNVERIFIED_SCALE,https://www.data.go.kr/data/15134343/openapi.do,2026-10-07T08:12:52+09:00
2023.04,330499,41,경기도 시흥시,4128,API_EXP_USD_AMT_UNVERIFIED_SCALE,https://www.data.go.kr/data/15134343/openapi.do,2026-10-07T08:12:52+09:00
2023.04,330499,41,경기도 안산시,2350,API_EXP_USD_AMT_UNVERIFIED_SCALE,https://www.data.go.kr/data/15134343/openapi.do,2026-10-07T08:12:52+09:00
2023.04,330499,41,경기도 안성시,2914,API_EXP_USD_AMT_UNVERIFIED_SCALE,https://www.data.go.kr/data/15134343/openapi.do,2026-10-07T08:12:52+09:00
2023.04,330499,41,경기도 안양시,7685,API_EXP_USD_AMT_UNVERIFIED_SCALE,https://www.data.go.kr/data/15134343/openapi.do,2026-10-07T08:12:52+09:00
2023.04,330499,41,경기도 양주시,1289,API_EXP_USD_AMT_UNVERIFIED_SCALE,https://www.data.go.kr/data/15134343/openapi.do,2026-10-07T08:12:52+09:00
2023.04,330499,41,경기도 양평군,4,API_EXP_USD_AMT_UNVERIFIED_SCALE,https://www.data.go.kr/data/15134343/openapi.do,2026-10-07T08:12:52+09:00
2023.04,330499,41,경기도 여주군,1484,API_EXP_USD_AMT_UNVERIFIED_SCALE,https://www.data.go.kr/data/15134343/openapi.do,2026-10-07T08:12:52+09:00
2023.04,330499,41,경기도 연천군,0,API_EXP_USD_AMT_UNVERIFIED_SCALE,https://www.data.go.kr/data/15134343/openapi.do,2026-10-07T08:12:52+09:00
2023.04,330499,41,경기도 오산시,5479,API_EXP_USD_AMT_UNVERIFIED_SCALE,https://www.data.go.kr/data/15134343/openapi.do,2026-10-07T08:12:52+09:00
2023.04,330499,41,경기도 용인시,2516,API_EXP_USD_AMT_UNVERIFIED_SCALE,https://www.data.go.kr/data/15134343/openapi.do,2026-10-07T08:12:52+09:00
2023.04,330499,41,경기도 의왕시,967,API_EXP_USD_AMT_UNVERIFIED_SCALE,https://www.data.go.kr/data/15134343/openapi.do,2026-10-07T08:12:52+09:00
2023.04,330499,41,경기도 의정부시,430,API_EXP_USD_AMT_UNVERIFIED_SCALE,https://www.data.go.kr/data/15134343/openapi.do,2026-10-07T08:12:52+09:00
2023.04,330499,41,경기도 이천시,223,API_EXP_USD_AMT_UNVERIFIED_SCALE,https://www.data.go.kr/data/15134343/openapi.do,2026-10-07T08:12:52+09:00
2023.04,330499,41,경기도 파주시,816,API_EXP_USD_AMT_UNVERIFIED_SCALE,https://www.data.go.kr/data/15134343/openapi.do,2026-10-07T08:12:52+09:00
2023.04,330499,41,경기도 평택시,2694,API_EXP_USD_AMT_UNVERIFIED_SCALE,https://www.data.go.kr/data/15134343/openapi.do,2026-10-07T08:12:52+09:00
2023.04,330499,41,경기도 포천군,913,API_EXP_USD_AMT_UNVERIFIED_SCALE,https://www.data.go.kr/data/15134343/openapi.do,2026-10-07T08:12:52+09:00
2023.04,330499,41,경기도 하남시,1549,API_EXP_USD_AMT_UNVERIFIED_SCALE,https://www.data.go.kr/data/15134343/openapi.do,2026-10-07T08:12:52+09:00
2023.04,330499,41,경기도 화성시,13905,API_EXP_USD_AMT_UNVERIFIED_SCALE,https://www.data.go.kr/data/15134343/openapi.do,2026-10-07T08:12:52+09:00
2023.04,853400,27,대구광역시 남구,0,API_EXP_USD_AMT_UNVERIFIED_SCALE,https://www.data.go.kr/data/15134343/openapi.do,2026-10-07T08:12:52+09:00
2023.04,853400,27,대구광역시 달서구,517,API_EXP_USD_AMT_UNVERIFIED_SCALE,https://www.data.go.kr/data/15134343/openapi.do,2026-10-07T08:12:52+09:00
2023.04,853400,27,대구광역시 달성군,35966,API_EXP_USD_AMT_UNVERIFIED_SCALE,https://www.data.go.kr/data/15134343/openapi.do,2026-10-07T08:12:52+09:00
2023.04,853400,27,대구광역시 동구,0,API_EXP_USD_AMT_UNVERIFIED_SCALE,https://www.data.go.kr/data/15134343/openapi.do,2026-10-07T08:12:52+09:00
2023.04,853400,27,대구광역시 북구,0,API_EXP_USD_AMT_UNVERIFIED_SCALE,https://www.data.go.kr/data/15134343/openapi.do,2026-10-07T08:12:52+09:00
2023.04,853400,27,대구광역시 서구,0,API_EXP_USD_AMT_UNVERIFIED_SCALE,https://www.data.go.kr/data/15134343/openapi.do,2026-10-07T08:12:52+09:00
2023.04,853400,27,대구광역시 수성구,0,API_EXP_USD_AMT_UNVERIFIED_SCALE,https://www.data.go.kr/data/15134343/openapi.do,2026-10-07T08:12:52+09:00
2023.04,853400,27,대구광역시 중구,0,API_EXP_USD_AMT_UNVERIFIED_SCALE,https://www.data.go.kr/data/15134343/openapi.do,2026-10-07T08:12:52+09:00
2023.04,853400,41,경기도 고양시,393,API_EXP_USD_AMT_UNVERIFIED_SCALE,https://www.data.go.kr/data/15134343/openapi.do,2026-10-07T08:12:52+09:00
2023.04,853400,41,경기도 과천시,0,API_EXP_USD_AMT_UNVERIFIED_SCALE,https://www.data.go.kr/data/15134343/openapi.do,2026-10-07T08:12:52+09:00
2023.04,853400,41,경기도 광명시,0,API_EXP_USD_AMT_UNVERIFIED_SCALE,https://www.data.go.kr/data/15134343/openapi.do,2026-10-07T08:12:52+09:00
2023.04,853400,41,경기도 광주시,2,API_EXP_USD_AMT_UNVERIFIED_SCALE,https://www.data.go.kr/data/15134343/openapi.do,2026-10-07T08:12:52+09:00
2023.04,853400,41,경기도 군포시,140,API_EXP_USD_AMT_UNVERIFIED_SCALE,https://www.data.go.kr/data/15134343/openapi.do,2026-10-07T08:12:52+09:00
2023.04,853400,41,경기도 김포시,224,API_EXP_USD_AMT_UNVERIFIED_SCALE,https://www.data.go.kr/data/15134343/openapi.do,2026-10-07T08:12:52+09:00
2023.04,853400,41,경기도 남양주시,0,API_EXP_USD_AMT_UNVERIFIED_SCALE,https://www.data.go.kr/data/15134343/openapi.do,2026-10-07T08:12:52+09:00
2023.04,853400,41,경기도 동두천시,1,API_EXP_USD_AMT_UNVERIFIED_SCALE,https://www.data.go.kr/data/15134343/openapi.do,2026-10-07T08:12:52+09:00
2023.04,853400,41,경기도 부천시,191,API_EXP_USD_AMT_UNVERIFIED_SCALE,https://www.data.go.kr/data/15134343/openapi.do,2026-10-07T08:12:52+09:00
2023.04,853400,41,경기도 성남시,3922,API_EXP_USD_AMT_UNVERIFIED_SCALE,https://www.data.go.kr/data/15134343/openapi.do,2026-10-07T08:12:52+09:00
2023.04,853400,41,경기도 수원시,30649,API_EXP_USD_AMT_UNVERIFIED_SCALE,https://www.data.go.kr/data/15134343/openapi.do,2026-10-07T08:12:52+09:00
2023.04,853400,41,경기도 시흥시,2187,API_EXP_USD_AMT_UNVERIFIED_SCALE,https://www.data.go.kr/data/15134343/openapi.do,2026-10-07T08:12:52+09:00
2023.04,853400,41,경기도 안산시,89729,API_EXP_USD_AMT_UNVERIFIED_SCALE,https://www.data.go.kr/data/15134343/openapi.do,2026-10-07T08:12:52+09:00
2023.04,853400,41,경기도 안성시,12510,API_EXP_USD_AMT_UNVERIFIED_SCALE,https://www.data.go.kr/data/15134343/openapi.do,2026-10-07T08:12:52+09:00
2023.04,853400,41,경기도 안양시,1117,API_EXP_USD_AMT_UNVERIFIED_SCALE,https://www.data.go.kr/data/15134343/openapi.do,2026-10-07T08:12:52+09:00
2023.04,853400,41,경기도 양주시,24,API_EXP_USD_AMT_UNVERIFIED_SCALE,https://www.data.go.kr/data/15134343/openapi.do,2026-10-07T08:12:52+09:00
2023.04,853400,41,경기도 양평군,1,API_EXP_USD_AMT_UNVERIFIED_SCALE,https://www.data.go.kr/data/15134343/openapi.do,2026-10-07T08:12:52+09:00
2023.04,853400,41,경기도 여주군,0,API_EXP_USD_AMT_UNVERIFIED_SCALE,https://www.data.go.kr/data/15134343/openapi.do,2026-10-07T08:12:52+09:00
2023.04,853400,41,경기도 오산시,69,API_EXP_USD_AMT_UNVERIFIED_SCALE,https://www.data.go.kr/data/15134343/openapi.do,2026-10-07T08:12:52+09:00
2023.04,853400,41,경기도 용인시,449,API_EXP_USD_AMT_UNVERIFIED_SCALE,https://www.data.go.kr/data/15134343/openapi.do,2026-10-07T08:12:52+09:00
2023.04,853400,41,경기도 의왕시,5,API_EXP_USD_AMT_UNVERIFIED_SCALE,https://www.data.go.kr/data/15134343/openapi.do,2026-10-07T08:12:52+09:00
2023.04,853400,41,경기도 의정부시,13,API_EXP_USD_AMT_UNVERIFIED_SCALE,https://www.data.go.kr/data/15134343/openapi.do,2026-10-07T08:12:52+09:00
2023.04,853400,41,경기도 이천시,111,API_EXP_USD_AMT_UNVERIFIED_SCALE,https://www.data.go.kr/data/15134343/openapi.do,2026-10-07T08:12:52+09:00
2023.04,853400,41,경기도 파주시,726,API_EXP_USD_AMT_UNVERIFIED_SCALE,https://www.data.go.kr/data/15134343/openapi.do,2026-10-07T08:12:52+09:00
2023.04,853400,41,경기도 평택시,1339,API_EXP_USD_AMT_UNVERIFIED_SCALE,https://www.data.go.kr/data/15134343/openapi.do,2026-10-07T08:12:52+09:00
2023.04,853400,41,경기도 포천군,0,API_EXP_USD_AMT_UNVERIFIED_SCALE,https://www.data.go.kr/data/15134343/openapi.do,2026-10-07T08:12:52+09:00
2023.04,853400,41,경기도 하남시,7,API_EXP_USD_AMT_UNVERIFIED_SCALE,https://www.data.go.kr/data/15134343/openapi.do,2026-10-07T08:12:52+09:00
2023.04,853400,41,경기도 화성시,752,API_EXP_USD_AMT_UNVERIFIED_SCALE,https://www.data.go.kr/data/15134343/openapi.do,2026-10-07T08:12:52+09:00
2023.04,853400,43,충청북도 음성군,0,API_EXP_USD_AMT_UNVERIFIED_SCALE,https://www.data.go.kr/data/15134343/openapi.do,2026-10-07T08:12:52+09:00
2023.04,853400,43,충청북도 제천시,0,API_EXP_USD_AMT_UNVERIFIED_SCALE,https://www.data.go.kr/data/15134343/openapi.do,2026-10-07T08:12:52+09:00
2023.04,853400,43,충청북도 증평군,859,API_EXP_USD_AMT_UNVERIFIED_SCALE,https://www.data.go.kr/data/15134343/openapi.do,2026-10-07T08:12:52+09:00
2023.04,853400,43,충청북도 진천군,68,API_EXP_USD_AMT_UNVERIFIED_SCALE,https://www.data.go.kr/data/15134343/openapi.do,2026-10-07T08:12:52+09:00
2023.04,853400,43,충청북도 청주시,32159,API_EXP_USD_AMT_UNVERIFIED_SCALE,https://www.data.go.kr/data/15134343/openapi.do,2026-10-07T08:12:52+09:00
2023.04,853400,43,충청북도 충주시,0,API_EXP_USD_AMT_UNVERIFIED_SCALE,https://www.data.go.kr/data/15134343/openapi.do,2026-10-07T08:12:52+09:00
2023.05,330499,36,세종특별자치시,3929,API_EXP_USD_AMT_UNVERIFIED_SCALE,https://www.data.go.kr/data/15134343/openapi.do,2026-10-07T08:12:52+09:00
2023.05,330499,41,경기도 가평군,80,API_EXP_USD_AMT_UNVERIFIED_SCALE,https://www.data.go.kr/data/15134343/openapi.do,2026-10-07T08:12:52+09:00
2023.05,330499,41,경기도 고양시,11400,API_EXP_USD_AMT_UNVERIFIED_SCALE,https://www.data.go.kr/data/15134343/openapi.do,2026-10-07T08:12:52+09:00
2023.05,330499,41,경기도 과천시,2,API_EXP_USD_AMT_UNVERIFIED_SCALE,https://www.data.go.kr/data/15134343/openapi.do,2026-10-07T08:12:52+09:00
2023.05,330499,41,경기도 광명시,1225,API_EXP_USD_AMT_UNVERIFIED_SCALE,https://www.data.go.kr/data/15134343/openapi.do,2026-10-07T08:12:52+09:00
2023.05,330499,41,경기도 광주시,332,API_EXP_USD_AMT_UNVERIFIED_SCALE,https://www.data.go.kr/data/15134343/openapi.do,2026-10-07T08:12:52+09:00
2023.05,330499,41,경기도 구리시,1023,API_EXP_USD_AMT_UNVERIFIED_SCALE,https://www.data.go.kr/data/15134343/openapi.do,2026-10-07T08:12:52+09:00
2023.05,330499,41,경기도 군포시,1401,API_EXP_USD_AMT_UNVERIFIED_SCALE,https://www.data.go.kr/data/15134343/openapi.do,2026-10-07T08:12:52+09:00
2023.05,330499,41,경기도 김포시,22764,API_EXP_USD_AMT_UNVERIFIED_SCALE,https://www.data.go.kr/data/15134343/openapi.do,2026-10-07T08:12:52+09:00
2023.05,330499,41,경기도 남양주시,1402,API_EXP_USD_AMT_UNVERIFIED_SCALE,https://www.data.go.kr/data/15134343/openapi.do,2026-10-07T08:12:52+09:00
2023.05,330499,41,경기도 동두천시,0,API_EXP_USD_AMT_UNVERIFIED_SCALE,https://www.data.go.kr/data/15134343/openapi.do,2026-10-07T08:12:52+09:00
2023.05,330499,41,경기도 부천시,5002,API_EXP_USD_AMT_UNVERIFIED_SCALE,https://www.data.go.kr/data/15134343/openapi.do,2026-10-07T08:12:52+09:00
2023.05,330499,41,경기도 성남시,23176,API_EXP_USD_AMT_UNVERIFIED_SCALE,https://www.data.go.kr/data/15134343/openapi.do,2026-10-07T08:12:52+09:00
2023.05,330499,41,경기도 수원시,5092,API_EXP_USD_AMT_UNVERIFIED_SCALE,https://www.data.go.kr/data/15134343/openapi.do,2026-10-07T08:12:52+09:00
2023.05,330499,41,경기도 시흥시,4666,API_EXP_USD_AMT_UNVERIFIED_SCALE,https://www.data.go.kr/data/15134343/openapi.do,2026-10-07T08:12:52+09:00
2023.05,330499,41,경기도 안산시,3099,API_EXP_USD_AMT_UNVERIFIED_SCALE,https://www.data.go.kr/data/15134343/openapi.do,2026-10-07T08:12:52+09:00
2023.05,330499,41,경기도 안성시,2922,API_EXP_USD_AMT_UNVERIFIED_SCALE,https://www.data.go.kr/data/15134343/openapi.do,2026-10-07T08:12:52+09:00
2023.05,330499,41,경기도 안양시,8524,API_EXP_USD_AMT_UNVERIFIED_SCALE,https://www.data.go.kr/data/15134343/openapi.do,2026-10-07T08:12:52+09:00
2023.05,330499,41,경기도 양주시,58,API_EXP_USD_AMT_UNVERIFIED_SCALE,https://www.data.go.kr/data/15134343/openapi.do,2026-10-07T08:12:52+09:00
2023.05,330499,41,경기도 양평군,28,API_EXP_USD_AMT_UNVERIFIED_SCALE,https://www.data.go.kr/data/15134343/openapi.do,2026-10-07T08:12:52+09:00
2023.05,330499,41,경기도 여주군,95,API_EXP_USD_AMT_UNVERIFIED_SCALE,https://www.data.go.kr/data/15134343/openapi.do,2026-10-07T08:12:52+09:00
2023.05,330499,41,경기도 연천군,0,API_EXP_USD_AMT_UNVERIFIED_SCALE,https://www.data.go.kr/data/15134343/openapi.do,2026-10-07T08:12:52+09:00
2023.05,330499,41,경기도 오산시,5710,API_EXP_USD_AMT_UNVERIFIED_SCALE,https://www.data.go.kr/data/15134343/openapi.do,2026-10-07T08:12:52+09:00
2023.05,330499,41,경기도 용인시,2108,API_EXP_USD_AMT_UNVERIFIED_SCALE,https://www.data.go.kr/data/15134343/openapi.do,2026-10-07T08:12:52+09:00
2023.05,330499,41,경기도 의왕시,177,API_EXP_USD_AMT_UNVERIFIED_SCALE,https://www.data.go.kr/data/15134343/openapi.do,2026-10-07T08:12:52+09:00
2023.05,330499,41,경기도 의정부시,114,API_EXP_USD_AMT_UNVERIFIED_SCALE,https://www.data.go.kr/data/15134343/openapi.do,2026-10-07T08:12:52+09:00
2023.05,330499,41,경기도 이천시,102,API_EXP_USD_AMT_UNVERIFIED_SCALE,https://www.data.go.kr/data/15134343/openapi.do,2026-10-07T08:12:52+09:00
2023.05,330499,41,경기도 파주시,896,API_EXP_USD_AMT_UNVERIFIED_SCALE,https://www.data.go.kr/data/15134343/openapi.do,2026-10-07T08:12:52+09:00
2023.05,330499,41,경기도 평택시,1077,API_EXP_USD_AMT_UNVERIFIED_SCALE,https://www.data.go.kr/data/15134343/openapi.do,2026-10-07T08:12:52+09:00
2023.05,330499,41,경기도 포천군,669,API_EXP_USD_AMT_UNVERIFIED_SCALE,https://www.data.go.kr/data/15134343/openapi.do,2026-10-07T08:12:52+09:00
2023.05,330499,41,경기도 하남시,2046,API_EXP_USD_AMT_UNVERIFIED_SCALE,https://www.data.go.kr/data/15134343/openapi.do,2026-10-07T08:12:52+09:00
2023.05,330499,41,경기도 화성시,14506,API_EXP_USD_AMT_UNVERIFIED_SCALE,https://www.data.go.kr/data/15134343/openapi.do,2026-10-07T08:12:52+09:00
2023.05,853400,27,대구광역시 달서구,439,API_EXP_USD_AMT_UNVERIFIED_SCALE,https://www.data.go.kr/data/15134343/openapi.do,2026-10-07T08:12:52+09:00
2023.05,853400,27,대구광역시 달성군,34310,API_EXP_USD_AMT_UNVERIFIED_SCALE,https://www.data.go.kr/data/15134343/openapi.do,2026-10-07T08:12:52+09:00
2023.05,853400,27,대구광역시 동구,5,API_EXP_USD_AMT_UNVERIFIED_SCALE,https://www.data.go.kr/data/15134343/openapi.do,2026-10-07T08:12:52+09:00
2023.05,853400,27,대구광역시 북구,1,API_EXP_USD_AMT_UNVERIFIED_SCALE,https://www.data.go.kr/data/15134343/openapi.do,2026-10-07T08:12:52+09:00
2023.05,853400,27,대구광역시 서구,12,API_EXP_USD_AMT_UNVERIFIED_SCALE,https://www.data.go.kr/data/15134343/openapi.do,2026-10-07T08:12:52+09:00
2023.05,853400,27,대구광역시 수성구,0,API_EXP_USD_AMT_UNVERIFIED_SCALE,https://www.data.go.kr/data/15134343/openapi.do,2026-10-07T08:12:52+09:00
2023.05,853400,27,대구광역시 중구,0,API_EXP_USD_AMT_UNVERIFIED_SCALE,https://www.data.go.kr/data/15134343/openapi.do,2026-10-07T08:12:52+09:00
2023.05,853400,41,경기도 고양시,254,API_EXP_USD_AMT_UNVERIFIED_SCALE,https://www.data.go.kr/data/15134343/openapi.do,2026-10-07T08:12:52+09:00
2023.05,853400,41,경기도 과천시,0,API_EXP_USD_AMT_UNVERIFIED_SCALE,https://www.data.go.kr/data/15134343/openapi.do,2026-10-07T08:12:52+09:00
2023.05,853400,41,경기도 광명시,1,API_EXP_USD_AMT_UNVERIFIED_SCALE,https://www.data.go.kr/data/15134343/openapi.do,2026-10-07T08:12:52+09:00
2023.05,853400,41,경기도 광주시,0,API_EXP_USD_AMT_UNVERIFIED_SCALE,https://www.data.go.kr/data/15134343/openapi.do,2026-10-07T08:12:52+09:00
2023.05,853400,41,경기도 군포시,116,API_EXP_USD_AMT_UNVERIFIED_SCALE,https://www.data.go.kr/data/15134343/openapi.do,2026-10-07T08:12:52+09:00
2023.05,853400,41,경기도 김포시,301,API_EXP_USD_AMT_UNVERIFIED_SCALE,https://www.data.go.kr/data/15134343/openapi.do,2026-10-07T08:12:52+09:00
2023.05,853400,41,경기도 남양주시,0,API_EXP_USD_AMT_UNVERIFIED_SCALE,https://www.data.go.kr/data/15134343/openapi.do,2026-10-07T08:12:52+09:00
2023.05,853400,41,경기도 부천시,455,API_EXP_USD_AMT_UNVERIFIED_SCALE,https://www.data.go.kr/data/15134343/openapi.do,2026-10-07T08:12:52+09:00
2023.05,853400,41,경기도 성남시,3923,API_EXP_USD_AMT_UNVERIFIED_SCALE,https://www.data.go.kr/data/15134343/openapi.do,2026-10-07T08:12:52+09:00
2023.05,853400,41,경기도 수원시,37844,API_EXP_USD_AMT_UNVERIFIED_SCALE,https://www.data.go.kr/data/15134343/openapi.do,2026-10-07T08:12:52+09:00
2023.05,853400,41,경기도 시흥시,2728,API_EXP_USD_AMT_UNVERIFIED_SCALE,https://www.data.go.kr/data/15134343/openapi.do,2026-10-07T08:12:52+09:00
2023.05,853400,41,경기도 안산시,108317,API_EXP_USD_AMT_UNVERIFIED_SCALE,https://www.data.go.kr/data/15134343/openapi.do,2026-10-07T08:12:52+09:00
2023.05,853400,41,경기도 안성시,12527,API_EXP_USD_AMT_UNVERIFIED_SCALE,https://www.data.go.kr/data/15134343/openapi.do,2026-10-07T08:12:52+09:00
2023.05,853400,41,경기도 안양시,1112,API_EXP_USD_AMT_UNVERIFIED_SCALE,https://www.data.go.kr/data/15134343/openapi.do,2026-10-07T08:12:52+09:00
2023.05,853400,41,경기도 양주시,13,API_EXP_USD_AMT_UNVERIFIED_SCALE,https://www.data.go.kr/data/15134343/openapi.do,2026-10-07T08:12:52+09:00
2023.05,853400,41,경기도 양평군,0,API_EXP_USD_AMT_UNVERIFIED_SCALE,https://www.data.go.kr/data/15134343/openapi.do,2026-10-07T08:12:52+09:00
2023.05,853400,41,경기도 여주군,0,API_EXP_USD_AMT_UNVERIFIED_SCALE,https://www.data.go.kr/data/15134343/openapi.do,2026-10-07T08:12:52+09:00
2023.05,853400,41,경기도 오산시,87,API_EXP_USD_AMT_UNVERIFIED_SCALE,https://www.data.go.kr/data/15134343/openapi.do,2026-10-07T08:12:52+09:00
2023.05,853400,41,경기도 용인시,597,API_EXP_USD_AMT_UNVERIFIED_SCALE,https://www.data.go.kr/data/15134343/openapi.do,2026-10-07T08:12:52+09:00
2023.05,853400,41,경기도 의왕시,21,API_EXP_USD_AMT_UNVERIFIED_SCALE,https://www.data.go.kr/data/15134343/openapi.do,2026-10-07T08:12:52+09:00
2023.05,853400,41,경기도 의정부시,0,API_EXP_USD_AMT_UNVERIFIED_SCALE,https://www.data.go.kr/data/15134343/openapi.do,2026-10-07T08:12:52+09:00
2023.05,853400,41,경기도 이천시,232,API_EXP_USD_AMT_UNVERIFIED_SCALE,https://www.data.go.kr/data/15134343/openapi.do,2026-10-07T08:12:52+09:00
2023.05,853400,41,경기도 파주시,842,API_EXP_USD_AMT_UNVERIFIED_SCALE,https://www.data.go.kr/data/15134343/openapi.do,2026-10-07T08:12:52+09:00
2023.05,853400,41,경기도 평택시,2195,API_EXP_USD_AMT_UNVERIFIED_SCALE,https://www.data.go.kr/data/15134343/openapi.do,2026-10-07T08:12:52+09:00
2023.05,853400,41,경기도 포천군,0,API_EXP_USD_AMT_UNVERIFIED_SCALE,https://www.data.go.kr/data/15134343/openapi.do,2026-10-07T08:12:52+09:00
2023.05,853400,41,경기도 하남시,3,API_EXP_USD_AMT_UNVERIFIED_SCALE,https://www.data.go.kr/data/15134343/openapi.do,2026-10-07T08:12:52+09:00
2023.05,853400,41,경기도 화성시,849,API_EXP_USD_AMT_UNVERIFIED_SCALE,https://www.data.go.kr/data/15134343/openapi.do,2026-10-07T08:12:52+09:00
2023.05,853400,43,충청북도 괴산군,0,API_EXP_USD_AMT_UNVERIFIED_SCALE,https://www.data.go.kr/data/15134343/openapi.do,2026-10-07T08:12:52+09:00
2023.05,853400,43,충청북도 음성군,0,API_EXP_USD_AMT_UNVERIFIED_SCALE,https://www.data.go.kr/data/15134343/openapi.do,2026-10-07T08:12:52+09:00
2023.05,853400,43,충청북도 증평군,918,API_EXP_USD_AMT_UNVERIFIED_SCALE,https://www.data.go.kr/data/15134343/openapi.do,2026-10-07T08:12:52+09:00
2023.05,853400,43,충청북도 진천군,55,API_EXP_USD_AMT_UNVERIFIED_SCALE,https://www.data.go.kr/data/15134343/openapi.do,2026-10-07T08:12:52+09:00
2023.05,853400,43,충청북도 청주시,34676,API_EXP_USD_AMT_UNVERIFIED_SCALE,https://www.data.go.kr/data/15134343/openapi.do,2026-10-07T08:12:52+09:00
2023.05,853400,43,충청북도 충주시,0,API_EXP_USD_AMT_UNVERIFIED_SCALE,https://www.data.go.kr/data/15134343/openapi.do,2026-10-07T08:12:52+09:00
2023.06,330499,36,세종특별자치시,3024,API_EXP_USD_AMT_UNVERIFIED_SCALE,https://www.data.go.kr/data/15134343/openapi.do,2026-10-07T08:12:52+09:00
2023.06,330499,41,경기도 가평군,106,API_EXP_USD_AMT_UNVERIFIED_SCALE,https://www.data.go.kr/data/15134343/openapi.do,2026-10-07T08:12:52+09:00
2023.06,330499,41,경기도 고양시,8736,API_EXP_USD_AMT_UNVERIFIED_SCALE,https://www.data.go.kr/data/15134343/openapi.do,2026-10-07T08:12:52+09:00
2023.06,330499,41,경기도 과천시,3,API_EXP_USD_AMT_UNVERIFIED_SCALE,https://www.data.go.kr/data/15134343/openapi.do,2026-10-07T08:12:52+09:00
2023.06,330499,41,경기도 광명시,1270,API_EXP_USD_AMT_UNVERIFIED_SCALE,https://www.data.go.kr/data/15134343/openapi.do,2026-10-07T08:12:52+09:00
2023.06,330499,41,경기도 광주시,240,API_EXP_USD_AMT_UNVERIFIED_SCALE,https://www.data.go.kr/data/15134343/openapi.do,2026-10-07T08:12:52+09:00
2023.06,330499,41,경기도 구리시,776,API_EXP_USD_AMT_UNVERIFIED_SCALE,https://www.data.go.kr/data/15134343/openapi.do,2026-10-07T08:12:52+09:00
2023.06,330499,41,경기도 군포시,987,API_EXP_USD_AMT_UNVERIFIED_SCALE,https://www.data.go.kr/data/15134343/openapi.do,2026-10-07T08:12:52+09:00
2023.06,330499,41,경기도 김포시,18679,API_EXP_USD_AMT_UNVERIFIED_SCALE,https://www.data.go.kr/data/15134343/openapi.do,2026-10-07T08:12:52+09:00
2023.06,330499,41,경기도 남양주시,1730,API_EXP_USD_AMT_UNVERIFIED_SCALE,https://www.data.go.kr/data/15134343/openapi.do,2026-10-07T08:12:52+09:00
2023.06,330499,41,경기도 동두천시,1,API_EXP_USD_AMT_UNVERIFIED_SCALE,https://www.data.go.kr/data/15134343/openapi.do,2026-10-07T08:12:52+09:00
2023.06,330499,41,경기도 부천시,5595,API_EXP_USD_AMT_UNVERIFIED_SCALE,https://www.data.go.kr/data/15134343/openapi.do,2026-10-07T08:12:52+09:00
2023.06,330499,41,경기도 성남시,28369,API_EXP_USD_AMT_UNVERIFIED_SCALE,https://www.data.go.kr/data/15134343/openapi.do,2026-10-07T08:12:52+09:00
2023.06,330499,41,경기도 수원시,4477,API_EXP_USD_AMT_UNVERIFIED_SCALE,https://www.data.go.kr/data/15134343/openapi.do,2026-10-07T08:12:52+09:00
2023.06,330499,41,경기도 시흥시,4944,API_EXP_USD_AMT_UNVERIFIED_SCALE,https://www.data.go.kr/data/15134343/openapi.do,2026-10-07T08:12:52+09:00
2023.06,330499,41,경기도 안산시,1966,API_EXP_USD_AMT_UNVERIFIED_SCALE,https://www.data.go.kr/data/15134343/openapi.do,2026-10-07T08:12:52+09:00
2023.06,330499,41,경기도 안성시,2698,API_EXP_USD_AMT_UNVERIFIED_SCALE,https://www.data.go.kr/data/15134343/openapi.do,2026-10-07T08:12:52+09:00
2023.06,330499,41,경기도 안양시,9788,API_EXP_USD_AMT_UNVERIFIED_SCALE,https://www.data.go.kr/data/15134343/openapi.do,2026-10-07T08:12:52+09:00
2023.06,330499,41,경기도 양주시,434,API_EXP_USD_AMT_UNVERIFIED_SCALE,https://www.data.go.kr/data/15134343/openapi.do,2026-10-07T08:12:52+09:00
2023.06,330499,41,경기도 양평군,22,API_EXP_USD_AMT_UNVERIFIED_SCALE,https://www.data.go.kr/data/15134343/openapi.do,2026-10-07T08:12:52+09:00
2023.06,330499,41,경기도 여주군,181,API_EXP_USD_AMT_UNVERIFIED_SCALE,https://www.data.go.kr/data/15134343/openapi.do,2026-10-07T08:12:52+09:00
2023.06,330499,41,경기도 연천군,3,API_EXP_USD_AMT_UNVERIFIED_SCALE,https://www.data.go.kr/data/15134343/openapi.do,2026-10-07T08:12:52+09:00
2023.06,330499,41,경기도 오산시,7153,API_EXP_USD_AMT_UNVERIFIED_SCALE,https://www.data.go.kr/data/15134343/openapi.do,2026-10-07T08:12:52+09:00
2023.06,330499,41,경기도 용인시,2981,API_EXP_USD_AMT_UNVERIFIED_SCALE,https://www.data.go.kr/data/15134343/openapi.do,2026-10-07T08:12:52+09:00
2023.06,330499,41,경기도 의왕시,793,API_EXP_USD_AMT_UNVERIFIED_SCALE,https://www.data.go.kr/data/15134343/openapi.do,2026-10-07T08:12:52+09:00
2023.06,330499,41,경기도 의정부시,288,API_EXP_USD_AMT_UNVERIFIED_SCALE,https://www.data.go.kr/data/15134343/openapi.do,2026-10-07T08:12:52+09:00
2023.06,330499,41,경기도 이천시,453,API_EXP_USD_AMT_UNVERIFIED_SCALE,https://www.data.go.kr/data/15134343/openapi.do,2026-10-07T08:12:52+09:00
2023.06,330499,41,경기도 파주시,1267,API_EXP_USD_AMT_UNVERIFIED_SCALE,https://www.data.go.kr/data/15134343/openapi.do,2026-10-07T08:12:52+09:00
2023.06,330499,41,경기도 평택시,1414,API_EXP_USD_AMT_UNVERIFIED_SCALE,https://www.data.go.kr/data/15134343/openapi.do,2026-10-07T08:12:52+09:00
2023.06,330499,41,경기도 포천군,659,API_EXP_USD_AMT_UNVERIFIED_SCALE,https://www.data.go.kr/data/15134343/openapi.do,2026-10-07T08:12:52+09:00
2023.06,330499,41,경기도 하남시,1732,API_EXP_USD_AMT_UNVERIFIED_SCALE,https://www.data.go.kr/data/15134343/openapi.do,2026-10-07T08:12:52+09:00
2023.06,330499,41,경기도 화성시,19310,API_EXP_USD_AMT_UNVERIFIED_SCALE,https://www.data.go.kr/data/15134343/openapi.do,2026-10-07T08:12:52+09:00
2023.06,853400,27,대구광역시 달서구,284,API_EXP_USD_AMT_UNVERIFIED_SCALE,https://www.data.go.kr/data/15134343/openapi.do,2026-10-07T08:12:52+09:00
2023.06,853400,27,대구광역시 달성군,29877,API_EXP_USD_AMT_UNVERIFIED_SCALE,https://www.data.go.kr/data/15134343/openapi.do,2026-10-07T08:12:52+09:00
2023.06,853400,27,대구광역시 동구,0,API_EXP_USD_AMT_UNVERIFIED_SCALE,https://www.data.go.kr/data/15134343/openapi.do,2026-10-07T08:12:52+09:00
2023.06,853400,27,대구광역시 북구,7,API_EXP_USD_AMT_UNVERIFIED_SCALE,https://www.data.go.kr/data/15134343/openapi.do,2026-10-07T08:12:52+09:00
2023.06,853400,27,대구광역시 서구,13,API_EXP_USD_AMT_UNVERIFIED_SCALE,https://www.data.go.kr/data/15134343/openapi.do,2026-10-07T08:12:52+09:00
2023.06,853400,27,대구광역시 수성구,0,API_EXP_USD_AMT_UNVERIFIED_SCALE,https://www.data.go.kr/data/15134343/openapi.do,2026-10-07T08:12:52+09:00
2023.06,853400,27,대구광역시 중구,0,API_EXP_USD_AMT_UNVERIFIED_SCALE,https://www.data.go.kr/data/15134343/openapi.do,2026-10-07T08:12:52+09:00
2023.06,853400,41,경기도 고양시,420,API_EXP_USD_AMT_UNVERIFIED_SCALE,https://www.data.go.kr/data/15134343/openapi.do,2026-10-07T08:12:52+09:00
2023.06,853400,41,경기도 과천시,0,API_EXP_USD_AMT_UNVERIFIED_SCALE,https://www.data.go.kr/data/15134343/openapi.do,2026-10-07T08:12:52+09:00
2023.06,853400,41,경기도 광명시,0,API_EXP_USD_AMT_UNVERIFIED_SCALE,https://www.data.go.kr/data/15134343/openapi.do,2026-10-07T08:12:52+09:00
2023.06,853400,41,경기도 광주시,0,API_EXP_USD_AMT_UNVERIFIED_SCALE,https://www.data.go.kr/data/15134343/openapi.do,2026-10-07T08:12:52+09:00
2023.06,853400,41,경기도 구리시,0,API_EXP_USD_AMT_UNVERIFIED_SCALE,https://www.data.go.kr/data/15134343/openapi.do,2026-10-07T08:12:52+09:00
2023.06,853400,41,경기도 군포시,159,API_EXP_USD_AMT_UNVERIFIED_SCALE,https://www.data.go.kr/data/15134343/openapi.do,2026-10-07T08:12:52+09:00
2023.06,853400,41,경기도 김포시,760,API_EXP_USD_AMT_UNVERIFIED_SCALE,https://www.data.go.kr/data/15134343/openapi.do,2026-10-07T08:12:52+09:00
2023.06,853400,41,경기도 남양주시,0,API_EXP_USD_AMT_UNVERIFIED_SCALE,https://www.data.go.kr/data/15134343/openapi.do,2026-10-07T08:12:52+09:00
2023.06,853400,41,경기도 동두천시,0,API_EXP_USD_AMT_UNVERIFIED_SCALE,https://www.data.go.kr/data/15134343/openapi.do,2026-10-07T08:12:52+09:00
2023.06,853400,41,경기도 부천시,831,API_EXP_USD_AMT_UNVERIFIED_SCALE,https://www.data.go.kr/data/15134343/openapi.do,2026-10-07T08:12:52+09:00
2023.06,853400,41,경기도 성남시,3178,API_EXP_USD_AMT_UNVERIFIED_SCALE,https://www.data.go.kr/data/15134343/openapi.do,2026-10-07T08:12:52+09:00
2023.06,853400,41,경기도 수원시,37128,API_EXP_USD_AMT_UNVERIFIED_SCALE,https://www.data.go.kr/data/15134343/openapi.do,2026-10-07T08:12:52+09:00
2023.06,853400,41,경기도 시흥시,3293,API_EXP_USD_AMT_UNVERIFIED_SCALE,https://www.data.go.kr/data/15134343/openapi.do,2026-10-07T08:12:52+09:00
2023.06,853400,41,경기도 안산시,124762,API_EXP_USD_AMT_UNVERIFIED_SCALE,https://www.data.go.kr/data/15134343/openapi.do,2026-10-07T08:12:52+09:00
2023.06,853400,41,경기도 안성시,13233,API_EXP_USD_AMT_UNVERIFIED_SCALE,https://www.data.go.kr/data/15134343/openapi.do,2026-10-07T08:12:52+09:00
2023.06,853400,41,경기도 안양시,1206,API_EXP_USD_AMT_UNVERIFIED_SCALE,https://www.data.go.kr/data/15134343/openapi.do,2026-10-07T08:12:52+09:00
2023.06,853400,41,경기도 양주시,29,API_EXP_USD_AMT_UNVERIFIED_SCALE,https://www.data.go.kr/data/15134343/openapi.do,2026-10-07T08:12:52+09:00
2023.06,853400,41,경기도 여주군,0,API_EXP_USD_AMT_UNVERIFIED_SCALE,https://www.data.go.kr/data/15134343/openapi.do,2026-10-07T08:12:52+09:00
2023.06,853400,41,경기도 오산시,100,API_EXP_USD_AMT_UNVERIFIED_SCALE,https://www.data.go.kr/data/15134343/openapi.do,2026-10-07T08:12:52+09:00
2023.06,853400,41,경기도 용인시,607,API_EXP_USD_AMT_UNVERIFIED_SCALE,https://www.data.go.kr/data/15134343/openapi.do,2026-10-07T08:12:52+09:00
2023.06,853400,41,경기도 의왕시,4,API_EXP_USD_AMT_UNVERIFIED_SCALE,https://www.data.go.kr/data/15134343/openapi.do,2026-10-07T08:12:52+09:00
2023.06,853400,41,경기도 의정부시,42,API_EXP_USD_AMT_UNVERIFIED_SCALE,https://www.data.go.kr/data/15134343/openapi.do,2026-10-07T08:12:52+09:00
2023.06,853400,41,경기도 이천시,135,API_EXP_USD_AMT_UNVERIFIED_SCALE,https://www.data.go.kr/data/15134343/openapi.do,2026-10-07T08:12:52+09:00
2023.06,853400,41,경기도 파주시,1243,API_EXP_USD_AMT_UNVERIFIED_SCALE,https://www.data.go.kr/data/15134343/openapi.do,2026-10-07T08:12:52+09:00
2023.06,853400,41,경기도 평택시,2381,API_EXP_USD_AMT_UNVERIFIED_SCALE,https://www.data.go.kr/data/15134343/openapi.do,2026-10-07T08:12:52+09:00
2023.06,853400,41,경기도 포천군,0,API_EXP_USD_AMT_UNVERIFIED_SCALE,https://www.data.go.kr/data/15134343/openapi.do,2026-10-07T08:12:52+09:00
2023.06,853400,41,경기도 하남시,1,API_EXP_USD_AMT_UNVERIFIED_SCALE,https://www.data.go.kr/data/15134343/openapi.do,2026-10-07T08:12:52+09:00
2023.06,853400,41,경기도 화성시,490,API_EXP_USD_AMT_UNVERIFIED_SCALE,https://www.data.go.kr/data/15134343/openapi.do,2026-10-07T08:12:52+09:00
2023.06,853400,43,충청북도 옥천군,0,API_EXP_USD_AMT_UNVERIFIED_SCALE,https://www.data.go.kr/data/15134343/openapi.do,2026-10-07T08:12:52+09:00
2023.06,853400,43,충청북도 음성군,75,API_EXP_USD_AMT_UNVERIFIED_SCALE,https://www.data.go.kr/data/15134343/openapi.do,2026-10-07T08:12:52+09:00
2023.06,853400,43,충청북도 증평군,932,API_EXP_USD_AMT_UNVERIFIED_SCALE,https://www.data.go.kr/data/15134343/openapi.do,2026-10-07T08:12:52+09:00
2023.06,853400,43,충청북도 진천군,47,API_EXP_USD_AMT_UNVERIFIED_SCALE,https://www.data.go.kr/data/15134343/openapi.do,2026-10-07T08:12:52+09:00
2023.06,853400,43,충청북도 청주시,36766,API_EXP_USD_AMT_UNVERIFIED_SCALE,https://www.data.go.kr/data/15134343/openapi.do,2026-10-07T08:12:52+09:00
2023.06,853400,43,충청북도 충주시,0,API_EXP_USD_AMT_UNVERIFIED_SCALE,https://www.data.go.kr/data/15134343/openapi.do,2026-10-07T08:12:52+09:00
2023.07,330499,36,세종특별자치시,3865,API_EXP_USD_AMT_UNVERIFIED_SCALE,https://www.data.go.kr/data/15134343/openapi.do,2026-10-07T08:12:52+09:00
2023.07,330499,41,경기도 가평군,2,API_EXP_USD_AMT_UNVERIFIED_SCALE,https://www.data.go.kr/data/15134343/openapi.do,2026-10-07T08:12:52+09:00
2023.07,330499,41,경기도 고양시,8459,API_EXP_USD_AMT_UNVERIFIED_SCALE,https://www.data.go.kr/data/15134343/openapi.do,2026-10-07T08:12:52+09:00
2023.07,330499,41,경기도 과천시,1,API_EXP_USD_AMT_UNVERIFIED_SCALE,https://www.data.go.kr/data/15134343/openapi.do,2026-10-07T08:12:52+09:00
2023.07,330499,41,경기도 광명시,1545,API_EXP_USD_AMT_UNVERIFIED_SCALE,https://www.data.go.kr/data/15134343/openapi.do,2026-10-07T08:12:52+09:00
2023.07,330499,41,경기도 광주시,329,API_EXP_USD_AMT_UNVERIFIED_SCALE,https://www.data.go.kr/data/15134343/openapi.do,2026-10-07T08:12:52+09:00
2023.07,330499,41,경기도 구리시,506,API_EXP_USD_AMT_UNVERIFIED_SCALE,https://www.data.go.kr/data/15134343/openapi.do,2026-10-07T08:12:52+09:00
2023.07,330499,41,경기도 군포시,797,API_EXP_USD_AMT_UNVERIFIED_SCALE,https://www.data.go.kr/data/15134343/openapi.do,2026-10-07T08:12:52+09:00
2023.07,330499,41,경기도 김포시,22832,API_EXP_USD_AMT_UNVERIFIED_SCALE,https://www.data.go.kr/data/15134343/openapi.do,2026-10-07T08:12:52+09:00
2023.07,330499,41,경기도 남양주시,2569,API_EXP_USD_AMT_UNVERIFIED_SCALE,https://www.data.go.kr/data/15134343/openapi.do,2026-10-07T08:12:52+09:00
2023.07,330499,41,경기도 동두천시,0,API_EXP_USD_AMT_UNVERIFIED_SCALE,https://www.data.go.kr/data/15134343/openapi.do,2026-10-07T08:12:52+09:00
2023.07,330499,41,경기도 부천시,3601,API_EXP_USD_AMT_UNVERIFIED_SCALE,https://www.data.go.kr/data/15134343/openapi.do,2026-10-07T08:12:52+09:00
2023.07,330499,41,경기도 성남시,28359,API_EXP_USD_AMT_UNVERIFIED_SCALE,https://www.data.go.kr/data/15134343/openapi.do,2026-10-07T08:12:52+09:00
2023.07,330499,41,경기도 수원시,3566,API_EXP_USD_AMT_UNVERIFIED_SCALE,https://www.data.go.kr/data/15134343/openapi.do,2026-10-07T08:12:52+09:00
2023.07,330499,41,경기도 시흥시,4263,API_EXP_USD_AMT_UNVERIFIED_SCALE,https://www.data.go.kr/data/15134343/openapi.do,2026-10-07T08:12:52+09:00
2023.07,330499,41,경기도 안산시,1803,API_EXP_USD_AMT_UNVERIFIED_SCALE,https://www.data.go.kr/data/15134343/openapi.do,2026-10-07T08:12:52+09:00
2023.07,330499,41,경기도 안성시,2450,API_EXP_USD_AMT_UNVERIFIED_SCALE,https://www.data.go.kr/data/15134343/openapi.do,2026-10-07T08:12:52+09:00
2023.07,330499,41,경기도 안양시,7717,API_EXP_USD_AMT_UNVERIFIED_SCALE,https://www.data.go.kr/data/15134343/openapi.do,2026-10-07T08:12:52+09:00
2023.07,330499,41,경기도 양주시,270,API_EXP_USD_AMT_UNVERIFIED_SCALE,https://www.data.go.kr/data/15134343/openapi.do,2026-10-07T08:12:52+09:00
2023.07,330499,41,경기도 양평군,9,API_EXP_USD_AMT_UNVERIFIED_SCALE,https://www.data.go.kr/data/15134343/openapi.do,2026-10-07T08:12:52+09:00
2023.07,330499,41,경기도 여주군,84,API_EXP_USD_AMT_UNVERIFIED_SCALE,https://www.data.go.kr/data/15134343/openapi.do,2026-10-07T08:12:52+09:00
2023.07,330499,41,경기도 연천군,0,API_EXP_USD_AMT_UNVERIFIED_SCALE,https://www.data.go.kr/data/15134343/openapi.do,2026-10-07T08:12:52+09:00
2023.07,330499,41,경기도 오산시,4307,API_EXP_USD_AMT_UNVERIFIED_SCALE,https://www.data.go.kr/data/15134343/openapi.do,2026-10-07T08:12:52+09:00
2023.07,330499,41,경기도 용인시,2515,API_EXP_USD_AMT_UNVERIFIED_SCALE,https://www.data.go.kr/data/15134343/openapi.do,2026-10-07T08:12:52+09:00
2023.07,330499,41,경기도 의왕시,360,API_EXP_USD_AMT_UNVERIFIED_SCALE,https://www.data.go.kr/data/15134343/openapi.do,2026-10-07T08:12:52+09:00
2023.07,330499,41,경기도 의정부시,114,API_EXP_USD_AMT_UNVERIFIED_SCALE,https://www.data.go.kr/data/15134343/openapi.do,2026-10-07T08:12:52+09:00
2023.07,330499,41,경기도 이천시,101,API_EXP_USD_AMT_UNVERIFIED_SCALE,https://www.data.go.kr/data/15134343/openapi.do,2026-10-07T08:12:52+09:00
2023.07,330499,41,경기도 파주시,2028,API_EXP_USD_AMT_UNVERIFIED_SCALE,https://www.data.go.kr/data/15134343/openapi.do,2026-10-07T08:12:52+09:00
2023.07,330499,41,경기도 평택시,1949,API_EXP_USD_AMT_UNVERIFIED_SCALE,https://www.data.go.kr/data/15134343/openapi.do,2026-10-07T08:12:52+09:00
2023.07,330499,41,경기도 포천군,601,API_EXP_USD_AMT_UNVERIFIED_SCALE,https://www.data.go.kr/data/15134343/openapi.do,2026-10-07T08:12:52+09:00
2023.07,330499,41,경기도 하남시,1549,API_EXP_USD_AMT_UNVERIFIED_SCALE,https://www.data.go.kr/data/15134343/openapi.do,2026-10-07T08:12:52+09:00
2023.07,330499,41,경기도 화성시,20670,API_EXP_USD_AMT_UNVERIFIED_SCALE,https://www.data.go.kr/data/15134343/openapi.do,2026-10-07T08:12:52+09:00
2023.07,853400,27,대구광역시 군위군,0,API_EXP_USD_AMT_UNVERIFIED_SCALE,https://www.data.go.kr/data/15134343/openapi.do,2026-10-07T08:12:52+09:00
2023.07,853400,27,대구광역시 남구,2,API_EXP_USD_AMT_UNVERIFIED_SCALE,https://www.data.go.kr/data/15134343/openapi.do,2026-10-07T08:12:52+09:00
2023.07,853400,27,대구광역시 달서구,381,API_EXP_USD_AMT_UNVERIFIED_SCALE,https://www.data.go.kr/data/15134343/openapi.do,2026-10-07T08:12:52+09:00
2023.07,853400,27,대구광역시 달성군,41263,API_EXP_USD_AMT_UNVERIFIED_SCALE,https://www.data.go.kr/data/15134343/openapi.do,2026-10-07T08:12:52+09:00
2023.07,853400,27,대구광역시 동구,0,API_EXP_USD_AMT_UNVERIFIED_SCALE,https://www.data.go.kr/data/15134343/openapi.do,2026-10-07T08:12:52+09:00
2023.07,853400,27,대구광역시 북구,0,API_EXP_USD_AMT_UNVERIFIED_SCALE,https://www.data.go.kr/data/15134343/openapi.do,2026-10-07T08:12:52+09:00
2023.07,853400,27,대구광역시 서구,13,API_EXP_USD_AMT_UNVERIFIED_SCALE,https://www.data.go.kr/data/15134343/openapi.do,2026-10-07T08:12:52+09:00
2023.07,853400,27,대구광역시 수성구,0,API_EXP_USD_AMT_UNVERIFIED_SCALE,https://www.data.go.kr/data/15134343/openapi.do,2026-10-07T08:12:52+09:00
2023.07,853400,27,대구광역시 중구,0,API_EXP_USD_AMT_UNVERIFIED_SCALE,https://www.data.go.kr/data/15134343/openapi.do,2026-10-07T08:12:52+09:00
2023.07,853400,41,경기도 가평군,0,API_EXP_USD_AMT_UNVERIFIED_SCALE,https://www.data.go.kr/data/15134343/openapi.do,2026-10-07T08:12:52+09:00
2023.07,853400,41,경기도 고양시,266,API_EXP_USD_AMT_UNVERIFIED_SCALE,https://www.data.go.kr/data/15134343/openapi.do,2026-10-07T08:12:52+09:00
2023.07,853400,41,경기도 과천시,0,API_EXP_USD_AMT_UNVERIFIED_SCALE,https://www.data.go.kr/data/15134343/openapi.do,2026-10-07T08:12:52+09:00
2023.07,853400,41,경기도 광명시,0,API_EXP_USD_AMT_UNVERIFIED_SCALE,https://www.data.go.kr/data/15134343/openapi.do,2026-10-07T08:12:52+09:00
2023.07,853400,41,경기도 광주시,1,API_EXP_USD_AMT_UNVERIFIED_SCALE,https://www.data.go.kr/data/15134343/openapi.do,2026-10-07T08:12:52+09:00
2023.07,853400,41,경기도 군포시,233,API_EXP_USD_AMT_UNVERIFIED_SCALE,https://www.data.go.kr/data/15134343/openapi.do,2026-10-07T08:12:52+09:00
2023.07,853400,41,경기도 김포시,237,API_EXP_USD_AMT_UNVERIFIED_SCALE,https://www.data.go.kr/data/15134343/openapi.do,2026-10-07T08:12:52+09:00
2023.07,853400,41,경기도 남양주시,0,API_EXP_USD_AMT_UNVERIFIED_SCALE,https://www.data.go.kr/data/15134343/openapi.do,2026-10-07T08:12:52+09:00
2023.07,853400,41,경기도 동두천시,2,API_EXP_USD_AMT_UNVERIFIED_SCALE,https://www.data.go.kr/data/15134343/openapi.do,2026-10-07T08:12:52+09:00
2023.07,853400,41,경기도 부천시,520,API_EXP_USD_AMT_UNVERIFIED_SCALE,https://www.data.go.kr/data/15134343/openapi.do,2026-10-07T08:12:52+09:00
2023.07,853400,41,경기도 성남시,3708,API_EXP_USD_AMT_UNVERIFIED_SCALE,https://www.data.go.kr/data/15134343/openapi.do,2026-10-07T08:12:52+09:00
2023.07,853400,41,경기도 수원시,34827,API_EXP_USD_AMT_UNVERIFIED_SCALE,https://www.data.go.kr/data/15134343/openapi.do,2026-10-07T08:12:52+09:00
2023.07,853400,41,경기도 시흥시,2633,API_EXP_USD_AMT_UNVERIFIED_SCALE,https://www.data.go.kr/data/15134343/openapi.do,2026-10-07T08:12:52+09:00
2023.07,853400,41,경기도 안산시,131754,API_EXP_USD_AMT_UNVERIFIED_SCALE,https://www.data.go.kr/data/15134343/openapi.do,2026-10-07T08:12:52+09:00
2023.07,853400,41,경기도 안성시,12877,API_EXP_USD_AMT_UNVERIFIED_SCALE,https://www.data.go.kr/data/15134343/openapi.do,2026-10-07T08:12:52+09:00
2023.07,853400,41,경기도 안양시,1111,API_EXP_USD_AMT_UNVERIFIED_SCALE,https://www.data.go.kr/data/15134343/openapi.do,2026-10-07T08:12:52+09:00
2023.07,853400,41,경기도 양주시,21,API_EXP_USD_AMT_UNVERIFIED_SCALE,https://www.data.go.kr/data/15134343/openapi.do,2026-10-07T08:12:52+09:00
2023.07,853400,41,경기도 양평군,11,API_EXP_USD_AMT_UNVERIFIED_SCALE,https://www.data.go.kr/data/15134343/openapi.do,2026-10-07T08:12:52+09:00
2023.07,853400,41,경기도 여주군,0,API_EXP_USD_AMT_UNVERIFIED_SCALE,https://www.data.go.kr/data/15134343/openapi.do,2026-10-07T08:12:52+09:00
2023.07,853400,41,경기도 오산시,20,API_EXP_USD_AMT_UNVERIFIED_SCALE,https://www.data.go.kr/data/15134343/openapi.do,2026-10-07T08:12:52+09:00
2023.07,853400,41,경기도 용인시,488,API_EXP_USD_AMT_UNVERIFIED_SCALE,https://www.data.go.kr/data/15134343/openapi.do,2026-10-07T08:12:52+09:00
2023.07,853400,41,경기도 의왕시,4,API_EXP_USD_AMT_UNVERIFIED_SCALE,https://www.data.go.kr/data/15134343/openapi.do,2026-10-07T08:12:52+09:00
2023.07,853400,41,경기도 의정부시,15,API_EXP_USD_AMT_UNVERIFIED_SCALE,https://www.data.go.kr/data/15134343/openapi.do,2026-10-07T08:12:52+09:00
2023.07,853400,41,경기도 이천시,78,API_EXP_USD_AMT_UNVERIFIED_SCALE,https://www.data.go.kr/data/15134343/openapi.do,2026-10-07T08:12:52+09:00
2023.07,853400,41,경기도 파주시,1048,API_EXP_USD_AMT_UNVERIFIED_SCALE,https://www.data.go.kr/data/15134343/openapi.do,2026-10-07T08:12:52+09:00
2023.07,853400,41,경기도 평택시,1664,API_EXP_USD_AMT_UNVERIFIED_SCALE,https://www.data.go.kr/data/15134343/openapi.do,2026-10-07T08:12:52+09:00
2023.07,853400,41,경기도 포천군,2,API_EXP_USD_AMT_UNVERIFIED_SCALE,https://www.data.go.kr/data/15134343/openapi.do,2026-10-07T08:12:52+09:00
2023.07,853400,41,경기도 하남시,133,API_EXP_USD_AMT_UNVERIFIED_SCALE,https://www.data.go.kr/data/15134343/openapi.do,2026-10-07T08:12:52+09:00
2023.07,853400,41,경기도 화성시,340,API_EXP_USD_AMT_UNVERIFIED_SCALE,https://www.data.go.kr/data/15134343/openapi.do,2026-10-07T08:12:52+09:00
2023.07,853400,43,충청북도 괴산군,0,API_EXP_USD_AMT_UNVERIFIED_SCALE,https://www.data.go.kr/data/15134343/openapi.do,2026-10-07T08:12:52+09:00
2023.07,853400,43,충청북도 음성군,0,API_EXP_USD_AMT_UNVERIFIED_SCALE,https://www.data.go.kr/data/15134343/openapi.do,2026-10-07T08:12:52+09:00
2023.07,853400,43,충청북도 제천시,0,API_EXP_USD_AMT_UNVERIFIED_SCALE,https://www.data.go.kr/data/15134343/openapi.do,2026-10-07T08:12:52+09:00
2023.07,853400,43,충청북도 증평군,1401,API_EXP_USD_AMT_UNVERIFIED_SCALE,https://www.data.go.kr/data/15134343/openapi.do,2026-10-07T08:12:52+09:00
2023.07,853400,43,충청북도 진천군,56,API_EXP_USD_AMT_UNVERIFIED_SCALE,https://www.data.go.kr/data/15134343/openapi.do,2026-10-07T08:12:52+09:00
2023.07,853400,43,충청북도 청주시,34032,API_EXP_USD_AMT_UNVERIFIED_SCALE,https://www.data.go.kr/data/15134343/openapi.do,2026-10-07T08:12:52+09:00
2023.07,853400,43,충청북도 충주시,0,API_EXP_USD_AMT_UNVERIFIED_SCALE,https://www.data.go.kr/data/15134343/openapi.do,2026-10-07T08:12:52+09:00
2023.08,330499,36,세종특별자치시,1647,API_EXP_USD_AMT_UNVERIFIED_SCALE,https://www.data.go.kr/data/15134343/openapi.do,2026-10-07T08:12:52+09:00
2023.08,330499,41,경기도 가평군,0,API_EXP_USD_AMT_UNVERIFIED_SCALE,https://www.data.go.kr/data/15134343/openapi.do,2026-10-07T08:12:52+09:00
2023.08,330499,41,경기도 고양시,9599,API_EXP_USD_AMT_UNVERIFIED_SCALE,https://www.data.go.kr/data/15134343/openapi.do,2026-10-07T08:12:52+09:00
2023.08,330499,41,경기도 과천시,23,API_EXP_USD_AMT_UNVERIFIED_SCALE,https://www.data.go.kr/data/15134343/openapi.do,2026-10-07T08:12:52+09:00
2023.08,330499,41,경기도 광명시,1135,API_EXP_USD_AMT_UNVERIFIED_SCALE,https://www.data.go.kr/data/15134343/openapi.do,2026-10-07T08:12:52+09:00
2023.08,330499,41,경기도 광주시,188,API_EXP_USD_AMT_UNVERIFIED_SCALE,https://www.data.go.kr/data/15134343/openapi.do,2026-10-07T08:12:52+09:00
2023.08,330499,41,경기도 구리시,860,API_EXP_USD_AMT_UNVERIFIED_SCALE,https://www.data.go.kr/data/15134343/openapi.do,2026-10-07T08:12:52+09:00
2023.08,330499,41,경기도 군포시,527,API_EXP_USD_AMT_UNVERIFIED_SCALE,https://www.data.go.kr/data/15134343/openapi.do,2026-10-07T08:12:52+09:00
2023.08,330499,41,경기도 김포시,25147,API_EXP_USD_AMT_UNVERIFIED_SCALE,https://www.data.go.kr/data/15134343/openapi.do,2026-10-07T08:12:52+09:00
2023.08,330499,41,경기도 남양주시,2425,API_EXP_USD_AMT_UNVERIFIED_SCALE,https://www.data.go.kr/data/15134343/openapi.do,2026-10-07T08:12:52+09:00
2023.08,330499,41,경기도 동두천시,1,API_EXP_USD_AMT_UNVERIFIED_SCALE,https://www.data.go.kr/data/15134343/openapi.do,2026-10-07T08:12:52+09:00
2023.08,330499,41,경기도 부천시,4141,API_EXP_USD_AMT_UNVERIFIED_SCALE,https://www.data.go.kr/data/15134343/openapi.do,2026-10-07T08:12:52+09:00
2023.08,330499,41,경기도 성남시,30868,API_EXP_USD_AMT_UNVERIFIED_SCALE,https://www.data.go.kr/data/15134343/openapi.do,2026-10-07T08:12:52+09:00
2023.08,330499,41,경기도 수원시,3859,API_EXP_USD_AMT_UNVERIFIED_SCALE,https://www.data.go.kr/data/15134343/openapi.do,2026-10-07T08:12:52+09:00
2023.08,330499,41,경기도 시흥시,3336,API_EXP_USD_AMT_UNVERIFIED_SCALE,https://www.data.go.kr/data/15134343/openapi.do,2026-10-07T08:12:52+09:00
2023.08,330499,41,경기도 안산시,1911,API_EXP_USD_AMT_UNVERIFIED_SCALE,https://www.data.go.kr/data/15134343/openapi.do,2026-10-07T08:12:52+09:00
2023.08,330499,41,경기도 안성시,1316,API_EXP_USD_AMT_UNVERIFIED_SCALE,https://www.data.go.kr/data/15134343/openapi.do,2026-10-07T08:12:52+09:00
2023.08,330499,41,경기도 안양시,7224,API_EXP_USD_AMT_UNVERIFIED_SCALE,https://www.data.go.kr/data/15134343/openapi.do,2026-10-07T08:12:52+09:00
2023.08,330499,41,경기도 양주시,2682,API_EXP_USD_AMT_UNVERIFIED_SCALE,https://www.data.go.kr/data/15134343/openapi.do,2026-10-07T08:12:52+09:00
2023.08,330499,41,경기도 양평군,17,API_EXP_USD_AMT_UNVERIFIED_SCALE,https://www.data.go.kr/data/15134343/openapi.do,2026-10-07T08:12:52+09:00
2023.08,330499,41,경기도 여주군,40,API_EXP_USD_AMT_UNVERIFIED_SCALE,https://www.data.go.kr/data/15134343/openapi.do,2026-10-07T08:12:52+09:00
2023.08,330499,41,경기도 연천군,0,API_EXP_USD_AMT_UNVERIFIED_SCALE,https://www.data.go.kr/data/15134343/openapi.do,2026-10-07T08:12:52+09:00
2023.08,330499,41,경기도 오산시,6042,API_EXP_USD_AMT_UNVERIFIED_SCALE,https://www.data.go.kr/data/15134343/openapi.do,2026-10-07T08:12:52+09:00
2023.08,330499,41,경기도 용인시,3524,API_EXP_USD_AMT_UNVERIFIED_SCALE,https://www.data.go.kr/data/15134343/openapi.do,2026-10-07T08:12:52+09:00
2023.08,330499,41,경기도 의왕시,408,API_EXP_USD_AMT_UNVERIFIED_SCALE,https://www.data.go.kr/data/15134343/openapi.do,2026-10-07T08:12:52+09:00
2023.08,330499,41,경기도 의정부시,197,API_EXP_USD_AMT_UNVERIFIED_SCALE,https://www.data.go.kr/data/15134343/openapi.do,2026-10-07T08:12:52+09:00
2023.08,330499,41,경기도 이천시,108,API_EXP_USD_AMT_UNVERIFIED_SCALE,https://www.data.go.kr/data/15134343/openapi.do,2026-10-07T08:12:52+09:00
2023.08,330499,41,경기도 파주시,1734,API_EXP_USD_AMT_UNVERIFIED_SCALE,https://www.data.go.kr/data/15134343/openapi.do,2026-10-07T08:12:52+09:00
2023.08,330499,41,경기도 평택시,1783,API_EXP_USD_AMT_UNVERIFIED_SCALE,https://www.data.go.kr/data/15134343/openapi.do,2026-10-07T08:12:52+09:00
2023.08,330499,41,경기도 포천군,491,API_EXP_USD_AMT_UNVERIFIED_SCALE,https://www.data.go.kr/data/15134343/openapi.do,2026-10-07T08:12:52+09:00
2023.08,330499,41,경기도 하남시,1979,API_EXP_USD_AMT_UNVERIFIED_SCALE,https://www.data.go.kr/data/15134343/openapi.do,2026-10-07T08:12:52+09:00
2023.08,330499,41,경기도 화성시,18237,API_EXP_USD_AMT_UNVERIFIED_SCALE,https://www.data.go.kr/data/15134343/openapi.do,2026-10-07T08:12:52+09:00
2023.08,853400,27,대구광역시 남구,0,API_EXP_USD_AMT_UNVERIFIED_SCALE,https://www.data.go.kr/data/15134343/openapi.do,2026-10-07T08:12:52+09:00
2023.08,853400,27,대구광역시 달서구,535,API_EXP_USD_AMT_UNVERIFIED_SCALE,https://www.data.go.kr/data/15134343/openapi.do,2026-10-07T08:12:52+09:00
2023.08,853400,27,대구광역시 달성군,33937,API_EXP_USD_AMT_UNVERIFIED_SCALE,https://www.data.go.kr/data/15134343/openapi.do,2026-10-07T08:12:52+09:00
2023.08,853400,27,대구광역시 동구,0,API_EXP_USD_AMT_UNVERIFIED_SCALE,https://www.data.go.kr/data/15134343/openapi.do,2026-10-07T08:12:52+09:00
2023.08,853400,27,대구광역시 북구,5,API_EXP_USD_AMT_UNVERIFIED_SCALE,https://www.data.go.kr/data/15134343/openapi.do,2026-10-07T08:12:52+09:00
2023.08,853400,27,대구광역시 서구,17,API_EXP_USD_AMT_UNVERIFIED_SCALE,https://www.data.go.kr/data/15134343/openapi.do,2026-10-07T08:12:52+09:00
2023.08,853400,27,대구광역시 수성구,0,API_EXP_USD_AMT_UNVERIFIED_SCALE,https://www.data.go.kr/data/15134343/openapi.do,2026-10-07T08:12:52+09:00
2023.08,853400,27,대구광역시 중구,0,API_EXP_USD_AMT_UNVERIFIED_SCALE,https://www.data.go.kr/data/15134343/openapi.do,2026-10-07T08:12:52+09:00
2023.08,853400,41,경기도 고양시,377,API_EXP_USD_AMT_UNVERIFIED_SCALE,https://www.data.go.kr/data/15134343/openapi.do,2026-10-07T08:12:52+09:00
2023.08,853400,41,경기도 광명시,0,API_EXP_USD_AMT_UNVERIFIED_SCALE,https://www.data.go.kr/data/15134343/openapi.do,2026-10-07T08:12:52+09:00
2023.08,853400,41,경기도 광주시,0,API_EXP_USD_AMT_UNVERIFIED_SCALE,https://www.data.go.kr/data/15134343/openapi.do,2026-10-07T08:12:52+09:00
2023.08,853400,41,경기도 군포시,233,API_EXP_USD_AMT_UNVERIFIED_SCALE,https://www.data.go.kr/data/15134343/openapi.do,2026-10-07T08:12:52+09:00
2023.08,853400,41,경기도 김포시,311,API_EXP_USD_AMT_UNVERIFIED_SCALE,https://www.data.go.kr/data/15134343/openapi.do,2026-10-07T08:12:52+09:00
2023.08,853400,41,경기도 남양주시,0,API_EXP_USD_AMT_UNVERIFIED_SCALE,https://www.data.go.kr/data/15134343/openapi.do,2026-10-07T08:12:52+09:00
2023.08,853400,41,경기도 동두천시,2,API_EXP_USD_AMT_UNVERIFIED_SCALE,https://www.data.go.kr/data/15134343/openapi.do,2026-10-07T08:12:52+09:00
2023.08,853400,41,경기도 부천시,304,API_EXP_USD_AMT_UNVERIFIED_SCALE,https://www.data.go.kr/data/15134343/openapi.do,2026-10-07T08:12:52+09:00
2023.08,853400,41,경기도 성남시,2517,API_EXP_USD_AMT_UNVERIFIED_SCALE,https://www.data.go.kr/data/15134343/openapi.do,2026-10-07T08:12:52+09:00
2023.08,853400,41,경기도 수원시,33621,API_EXP_USD_AMT_UNVERIFIED_SCALE,https://www.data.go.kr/data/15134343/openapi.do,2026-10-07T08:12:52+09:00
2023.08,853400,41,경기도 시흥시,2676,API_EXP_USD_AMT_UNVERIFIED_SCALE,https://www.data.go.kr/data/15134343/openapi.do,2026-10-07T08:12:52+09:00
2023.08,853400,41,경기도 안산시,133813,API_EXP_USD_AMT_UNVERIFIED_SCALE,https://www.data.go.kr/data/15134343/openapi.do,2026-10-07T08:12:52+09:00
2023.08,853400,41,경기도 안성시,11680,API_EXP_USD_AMT_UNVERIFIED_SCALE,https://www.data.go.kr/data/15134343/openapi.do,2026-10-07T08:12:52+09:00
2023.08,853400,41,경기도 안양시,1091,API_EXP_USD_AMT_UNVERIFIED_SCALE,https://www.data.go.kr/data/15134343/openapi.do,2026-10-07T08:12:52+09:00
2023.08,853400,41,경기도 양주시,55,API_EXP_USD_AMT_UNVERIFIED_SCALE,https://www.data.go.kr/data/15134343/openapi.do,2026-10-07T08:12:52+09:00
2023.08,853400,41,경기도 양평군,0,API_EXP_USD_AMT_UNVERIFIED_SCALE,https://www.data.go.kr/data/15134343/openapi.do,2026-10-07T08:12:52+09:00
2023.08,853400,41,경기도 오산시,19,API_EXP_USD_AMT_UNVERIFIED_SCALE,https://www.data.go.kr/data/15134343/openapi.do,2026-10-07T08:12:52+09:00
2023.08,853400,41,경기도 용인시,645,API_EXP_USD_AMT_UNVERIFIED_SCALE,https://www.data.go.kr/data/15134343/openapi.do,2026-10-07T08:12:52+09:00
2023.08,853400,41,경기도 의왕시,2,API_EXP_USD_AMT_UNVERIFIED_SCALE,https://www.data.go.kr/data/15134343/openapi.do,2026-10-07T08:12:52+09:00
2023.08,853400,41,경기도 의정부시,61,API_EXP_USD_AMT_UNVERIFIED_SCALE,https://www.data.go.kr/data/15134343/openapi.do,2026-10-07T08:12:52+09:00
2023.08,853400,41,경기도 이천시,389,API_EXP_USD_AMT_UNVERIFIED_SCALE,https://www.data.go.kr/data/15134343/openapi.do,2026-10-07T08:12:52+09:00
2023.08,853400,41,경기도 파주시,805,API_EXP_USD_AMT_UNVERIFIED_SCALE,https://www.data.go.kr/data/15134343/openapi.do,2026-10-07T08:12:52+09:00
2023.08,853400,41,경기도 평택시,1545,API_EXP_USD_AMT_UNVERIFIED_SCALE,https://www.data.go.kr/data/15134343/openapi.do,2026-10-07T08:12:52+09:00
2023.08,853400,41,경기도 포천군,0,API_EXP_USD_AMT_UNVERIFIED_SCALE,https://www.data.go.kr/data/15134343/openapi.do,2026-10-07T08:12:52+09:00
2023.08,853400,41,경기도 하남시,0,API_EXP_USD_AMT_UNVERIFIED_SCALE,https://www.data.go.kr/data/15134343/openapi.do,2026-10-07T08:12:52+09:00
2023.08,853400,41,경기도 화성시,535,API_EXP_USD_AMT_UNVERIFIED_SCALE,https://www.data.go.kr/data/15134343/openapi.do,2026-10-07T08:12:52+09:00
2023.08,853400,43,충청북도 괴산군,5,API_EXP_USD_AMT_UNVERIFIED_SCALE,https://www.data.go.kr/data/15134343/openapi.do,2026-10-07T08:12:52+09:00
2023.08,853400,43,충청북도 음성군,173,API_EXP_USD_AMT_UNVERIFIED_SCALE,https://www.data.go.kr/data/15134343/openapi.do,2026-10-07T08:12:52+09:00
2023.08,853400,43,충청북도 제천시,31,API_EXP_USD_AMT_UNVERIFIED_SCALE,https://www.data.go.kr/data/15134343/openapi.do,2026-10-07T08:12:52+09:00
2023.08,853400,43,충청북도 증평군,1004,API_EXP_USD_AMT_UNVERIFIED_SCALE,https://www.data.go.kr/data/15134343/openapi.do,2026-10-07T08:12:52+09:00
2023.08,853400,43,충청북도 진천군,121,API_EXP_USD_AMT_UNVERIFIED_SCALE,https://www.data.go.kr/data/15134343/openapi.do,2026-10-07T08:12:52+09:00
2023.08,853400,43,충청북도 청주시,38277,API_EXP_USD_AMT_UNVERIFIED_SCALE,https://www.data.go.kr/data/15134343/openapi.do,2026-10-07T08:12:52+09:00
2023.08,853400,43,충청북도 충주시,0,API_EXP_USD_AMT_UNVERIFIED_SCALE,https://www.data.go.kr/data/15134343/openapi.do,2026-10-07T08:12:52+09:00
2023.09,330499,36,세종특별자치시,5782,API_EXP_USD_AMT_UNVERIFIED_SCALE,https://www.data.go.kr/data/15134343/openapi.do,2026-10-07T08:12:52+09:00
2023.09,330499,41,경기도 가평군,18,API_EXP_USD_AMT_UNVERIFIED_SCALE,https://www.data.go.kr/data/15134343/openapi.do,2026-10-07T08:12:52+09:00
2023.09,330499,41,경기도 고양시,10300,API_EXP_USD_AMT_UNVERIFIED_SCALE,https://www.data.go.kr/data/15134343/openapi.do,2026-10-07T08:12:52+09:00
2023.09,330499,41,경기도 과천시,2,API_EXP_USD_AMT_UNVERIFIED_SCALE,https://www.data.go.kr/data/15134343/openapi.do,2026-10-07T08:12:52+09:00
2023.09,330499,41,경기도 광명시,1147,API_EXP_USD_AMT_UNVERIFIED_SCALE,https://www.data.go.kr/data/15134343/openapi.do,2026-10-07T08:12:52+09:00
2023.09,330499,41,경기도 광주시,458,API_EXP_USD_AMT_UNVERIFIED_SCALE,https://www.data.go.kr/data/15134343/openapi.do,2026-10-07T08:12:52+09:00
2023.09,330499,41,경기도 구리시,614,API_EXP_USD_AMT_UNVERIFIED_SCALE,https://www.data.go.kr/data/15134343/openapi.do,2026-10-07T08:12:52+09:00
2023.09,330499,41,경기도 군포시,1175,API_EXP_USD_AMT_UNVERIFIED_SCALE,https://www.data.go.kr/data/15134343/openapi.do,2026-10-07T08:12:52+09:00
2023.09,330499,41,경기도 김포시,25628,API_EXP_USD_AMT_UNVERIFIED_SCALE,https://www.data.go.kr/data/15134343/openapi.do,2026-10-07T08:12:52+09:00
2023.09,330499,41,경기도 남양주시,2770,API_EXP_USD_AMT_UNVERIFIED_SCALE,https://www.data.go.kr/data/15134343/openapi.do,2026-10-07T08:12:52+09:00
2023.09,330499,41,경기도 동두천시,0,API_EXP_USD_AMT_UNVERIFIED_SCALE,https://www.data.go.kr/data/15134343/openapi.do,2026-10-07T08:12:52+09:00
2023.09,330499,41,경기도 부천시,4698,API_EXP_USD_AMT_UNVERIFIED_SCALE,https://www.data.go.kr/data/15134343/openapi.do,2026-10-07T08:12:52+09:00
2023.09,330499,41,경기도 성남시,28141,API_EXP_USD_AMT_UNVERIFIED_SCALE,https://www.data.go.kr/data/15134343/openapi.do,2026-10-07T08:12:52+09:00
2023.09,330499,41,경기도 수원시,4195,API_EXP_USD_AMT_UNVERIFIED_SCALE,https://www.data.go.kr/data/15134343/openapi.do,2026-10-07T08:12:52+09:00
2023.09,330499,41,경기도 시흥시,4066,API_EXP_USD_AMT_UNVERIFIED_SCALE,https://www.data.go.kr/data/15134343/openapi.do,2026-10-07T08:12:52+09:00
2023.09,330499,41,경기도 안산시,1942,API_EXP_USD_AMT_UNVERIFIED_SCALE,https://www.data.go.kr/data/15134343/openapi.do,2026-10-07T08:12:52+09:00
2023.09,330499,41,경기도 안성시,1213,API_EXP_USD_AMT_UNVERIFIED_SCALE,https://www.data.go.kr/data/15134343/openapi.do,2026-10-07T08:12:52+09:00
2023.09,330499,41,경기도 안양시,12330,API_EXP_USD_AMT_UNVERIFIED_SCALE,https://www.data.go.kr/data/15134343/openapi.do,2026-10-07T08:12:52+09:00
2023.09,330499,41,경기도 양주시,66,API_EXP_USD_AMT_UNVERIFIED_SCALE,https://www.data.go.kr/data/15134343/openapi.do,2026-10-07T08:12:52+09:00
2023.09,330499,41,경기도 양평군,19,API_EXP_USD_AMT_UNVERIFIED_SCALE,https://www.data.go.kr/data/15134343/openapi.do,2026-10-07T08:12:52+09:00
2023.09,330499,41,경기도 여주군,40,API_EXP_USD_AMT_UNVERIFIED_SCALE,https://www.data.go.kr/data/15134343/openapi.do,2026-10-07T08:12:52+09:00
2023.09,330499,41,경기도 연천군,0,API_EXP_USD_AMT_UNVERIFIED_SCALE,https://www.data.go.kr/data/15134343/openapi.do,2026-10-07T08:12:52+09:00
2023.09,330499,41,경기도 오산시,6400,API_EXP_USD_AMT_UNVERIFIED_SCALE,https://www.data.go.kr/data/15134343/openapi.do,2026-10-07T08:12:52+09:00
2023.09,330499,41,경기도 용인시,2882,API_EXP_USD_AMT_UNVERIFIED_SCALE,https://www.data.go.kr/data/15134343/openapi.do,2026-10-07T08:12:52+09:00
2023.09,330499,41,경기도 의왕시,589,API_EXP_USD_AMT_UNVERIFIED_SCALE,https://www.data.go.kr/data/15134343/openapi.do,2026-10-07T08:12:52+09:00
2023.09,330499,41,경기도 의정부시,118,API_EXP_USD_AMT_UNVERIFIED_SCALE,https://www.data.go.kr/data/15134343/openapi.do,2026-10-07T08:12:52+09:00
2023.09,330499,41,경기도 이천시,133,API_EXP_USD_AMT_UNVERIFIED_SCALE,https://www.data.go.kr/data/15134343/openapi.do,2026-10-07T08:12:52+09:00
2023.09,330499,41,경기도 파주시,995,API_EXP_USD_AMT_UNVERIFIED_SCALE,https://www.data.go.kr/data/15134343/openapi.do,2026-10-07T08:12:52+09:00
2023.09,330499,41,경기도 평택시,1529,API_EXP_USD_AMT_UNVERIFIED_SCALE,https://www.data.go.kr/data/15134343/openapi.do,2026-10-07T08:12:52+09:00
2023.09,330499,41,경기도 포천군,470,API_EXP_USD_AMT_UNVERIFIED_SCALE,https://www.data.go.kr/data/15134343/openapi.do,2026-10-07T08:12:52+09:00
2023.09,330499,41,경기도 하남시,1508,API_EXP_USD_AMT_UNVERIFIED_SCALE,https://www.data.go.kr/data/15134343/openapi.do,2026-10-07T08:12:52+09:00
2023.09,330499,41,경기도 화성시,17683,API_EXP_USD_AMT_UNVERIFIED_SCALE,https://www.data.go.kr/data/15134343/openapi.do,2026-10-07T08:12:52+09:00
2023.09,853400,27,대구광역시 군위군,0,API_EXP_USD_AMT_UNVERIFIED_SCALE,https://www.data.go.kr/data/15134343/openapi.do,2026-10-07T08:12:52+09:00
2023.09,853400,27,대구광역시 남구,0,API_EXP_USD_AMT_UNVERIFIED_SCALE,https://www.data.go.kr/data/15134343/openapi.do,2026-10-07T08:12:52+09:00
2023.09,853400,27,대구광역시 달서구,242,API_EXP_USD_AMT_UNVERIFIED_SCALE,https://www.data.go.kr/data/15134343/openapi.do,2026-10-07T08:12:52+09:00
2023.09,853400,27,대구광역시 달성군,34201,API_EXP_USD_AMT_UNVERIFIED_SCALE,https://www.data.go.kr/data/15134343/openapi.do,2026-10-07T08:12:52+09:00
2023.09,853400,27,대구광역시 동구,0,API_EXP_USD_AMT_UNVERIFIED_SCALE,https://www.data.go.kr/data/15134343/openapi.do,2026-10-07T08:12:52+09:00
2023.09,853400,27,대구광역시 북구,0,API_EXP_USD_AMT_UNVERIFIED_SCALE,https://www.data.go.kr/data/15134343/openapi.do,2026-10-07T08:12:52+09:00
2023.09,853400,27,대구광역시 서구,12,API_EXP_USD_AMT_UNVERIFIED_SCALE,https://www.data.go.kr/data/15134343/openapi.do,2026-10-07T08:12:52+09:00
2023.09,853400,27,대구광역시 수성구,0,API_EXP_USD_AMT_UNVERIFIED_SCALE,https://www.data.go.kr/data/15134343/openapi.do,2026-10-07T08:12:52+09:00
2023.09,853400,27,대구광역시 중구,0,API_EXP_USD_AMT_UNVERIFIED_SCALE,https://www.data.go.kr/data/15134343/openapi.do,2026-10-07T08:12:52+09:00
2023.09,853400,41,경기도 가평군,0,API_EXP_USD_AMT_UNVERIFIED_SCALE,https://www.data.go.kr/data/15134343/openapi.do,2026-10-07T08:12:52+09:00
2023.09,853400,41,경기도 고양시,171,API_EXP_USD_AMT_UNVERIFIED_SCALE,https://www.data.go.kr/data/15134343/openapi.do,2026-10-07T08:12:52+09:00
2023.09,853400,41,경기도 과천시,0,API_EXP_USD_AMT_UNVERIFIED_SCALE,https://www.data.go.kr/data/15134343/openapi.do,2026-10-07T08:12:52+09:00
2023.09,853400,41,경기도 광명시,0,API_EXP_USD_AMT_UNVERIFIED_SCALE,https://www.data.go.kr/data/15134343/openapi.do,2026-10-07T08:12:52+09:00
2023.09,853400,41,경기도 광주시,2,API_EXP_USD_AMT_UNVERIFIED_SCALE,https://www.data.go.kr/data/15134343/openapi.do,2026-10-07T08:12:52+09:00
2023.09,853400,41,경기도 군포시,620,API_EXP_USD_AMT_UNVERIFIED_SCALE,https://www.data.go.kr/data/15134343/openapi.do,2026-10-07T08:12:52+09:00
2023.09,853400,41,경기도 김포시,252,API_EXP_USD_AMT_UNVERIFIED_SCALE,https://www.data.go.kr/data/15134343/openapi.do,2026-10-07T08:12:52+09:00
2023.09,853400,41,경기도 남양주시,0,API_EXP_USD_AMT_UNVERIFIED_SCALE,https://www.data.go.kr/data/15134343/openapi.do,2026-10-07T08:12:52+09:00
2023.09,853400,41,경기도 부천시,288,API_EXP_USD_AMT_UNVERIFIED_SCALE,https://www.data.go.kr/data/15134343/openapi.do,2026-10-07T08:12:52+09:00
2023.09,853400,41,경기도 성남시,2636,API_EXP_USD_AMT_UNVERIFIED_SCALE,https://www.data.go.kr/data/15134343/openapi.do,2026-10-07T08:12:52+09:00
2023.09,853400,41,경기도 수원시,30372,API_EXP_USD_AMT_UNVERIFIED_SCALE,https://www.data.go.kr/data/15134343/openapi.do,2026-10-07T08:12:52+09:00
2023.09,853400,41,경기도 시흥시,2380,API_EXP_USD_AMT_UNVERIFIED_SCALE,https://www.data.go.kr/data/15134343/openapi.do,2026-10-07T08:12:52+09:00
2023.09,853400,41,경기도 안산시,125470,API_EXP_USD_AMT_UNVERIFIED_SCALE,https://www.data.go.kr/data/15134343/openapi.do,2026-10-07T08:12:52+09:00
2023.09,853400,41,경기도 안성시,10656,API_EXP_USD_AMT_UNVERIFIED_SCALE,https://www.data.go.kr/data/15134343/openapi.do,2026-10-07T08:12:52+09:00
2023.09,853400,41,경기도 안양시,1181,API_EXP_USD_AMT_UNVERIFIED_SCALE,https://www.data.go.kr/data/15134343/openapi.do,2026-10-07T08:12:52+09:00
2023.09,853400,41,경기도 양주시,6,API_EXP_USD_AMT_UNVERIFIED_SCALE,https://www.data.go.kr/data/15134343/openapi.do,2026-10-07T08:12:52+09:00
2023.09,853400,41,경기도 오산시,13,API_EXP_USD_AMT_UNVERIFIED_SCALE,https://www.data.go.kr/data/15134343/openapi.do,2026-10-07T08:12:52+09:00
2023.09,853400,41,경기도 용인시,592,API_EXP_USD_AMT_UNVERIFIED_SCALE,https://www.data.go.kr/data/15134343/openapi.do,2026-10-07T08:12:52+09:00
2023.09,853400,41,경기도 의왕시,24,API_EXP_USD_AMT_UNVERIFIED_SCALE,https://www.data.go.kr/data/15134343/openapi.do,2026-10-07T08:12:52+09:00
2023.09,853400,41,경기도 의정부시,5,API_EXP_USD_AMT_UNVERIFIED_SCALE,https://www.data.go.kr/data/15134343/openapi.do,2026-10-07T08:12:52+09:00
2023.09,853400,41,경기도 이천시,253,API_EXP_USD_AMT_UNVERIFIED_SCALE,https://www.data.go.kr/data/15134343/openapi.do,2026-10-07T08:12:52+09:00
2023.09,853400,41,경기도 파주시,558,API_EXP_USD_AMT_UNVERIFIED_SCALE,https://www.data.go.kr/data/15134343/openapi.do,2026-10-07T08:12:52+09:00
2023.09,853400,41,경기도 평택시,3041,API_EXP_USD_AMT_UNVERIFIED_SCALE,https://www.data.go.kr/data/15134343/openapi.do,2026-10-07T08:12:52+09:00
2023.09,853400,41,경기도 포천군,0,API_EXP_USD_AMT_UNVERIFIED_SCALE,https://www.data.go.kr/data/15134343/openapi.do,2026-10-07T08:12:52+09:00
2023.09,853400,41,경기도 하남시,0,API_EXP_USD_AMT_UNVERIFIED_SCALE,https://www.data.go.kr/data/15134343/openapi.do,2026-10-07T08:12:52+09:00
2023.09,853400,41,경기도 화성시,571,API_EXP_USD_AMT_UNVERIFIED_SCALE,https://www.data.go.kr/data/15134343/openapi.do,2026-10-07T08:12:52+09:00
2023.09,853400,43,충청북도 괴산군,0,API_EXP_USD_AMT_UNVERIFIED_SCALE,https://www.data.go.kr/data/15134343/openapi.do,2026-10-07T08:12:52+09:00
2023.09,853400,43,충청북도 음성군,0,API_EXP_USD_AMT_UNVERIFIED_SCALE,https://www.data.go.kr/data/15134343/openapi.do,2026-10-07T08:12:52+09:00
2023.09,853400,43,충청북도 제천시,0,API_EXP_USD_AMT_UNVERIFIED_SCALE,https://www.data.go.kr/data/15134343/openapi.do,2026-10-07T08:12:52+09:00
2023.09,853400,43,충청북도 증평군,1131,API_EXP_USD_AMT_UNVERIFIED_SCALE,https://www.data.go.kr/data/15134343/openapi.do,2026-10-07T08:12:52+09:00
2023.09,853400,43,충청북도 진천군,115,API_EXP_USD_AMT_UNVERIFIED_SCALE,https://www.data.go.kr/data/15134343/openapi.do,2026-10-07T08:12:52+09:00
2023.09,853400,43,충청북도 청주시,36423,API_EXP_USD_AMT_UNVERIFIED_SCALE,https://www.data.go.kr/data/15134343/openapi.do,2026-10-07T08:12:52+09:00
2023.09,853400,43,충청북도 충주시,0,API_EXP_USD_AMT_UNVERIFIED_SCALE,https://www.data.go.kr/data/15134343/openapi.do,2026-10-07T08:12:52+09:00
2023.10,330499,36,세종특별자치시,3917,API_EXP_USD_AMT_UNVERIFIED_SCALE,https://www.data.go.kr/data/15134343/openapi.do,2026-10-07T08:12:52+09:00
2023.10,330499,41,경기도 가평군,145,API_EXP_USD_AMT_UNVERIFIED_SCALE,https://www.data.go.kr/data/15134343/openapi.do,2026-10-07T08:12:52+09:00
2023.10,330499,41,경기도 고양시,8998,API_EXP_USD_AMT_UNVERIFIED_SCALE,https://www.data.go.kr/data/15134343/openapi.do,2026-10-07T08:12:52+09:00
2023.10,330499,41,경기도 과천시,1,API_EXP_USD_AMT_UNVERIFIED_SCALE,https://www.data.go.kr/data/15134343/openapi.do,2026-10-07T08:12:52+09:00
2023.10,330499,41,경기도 광명시,1154,API_EXP_USD_AMT_UNVERIFIED_SCALE,https://www.data.go.kr/data/15134343/openapi.do,2026-10-07T08:12:52+09:00
2023.10,330499,41,경기도 광주시,344,API_EXP_USD_AMT_UNVERIFIED_SCALE,https://www.data.go.kr/data/15134343/openapi.do,2026-10-07T08:12:52+09:00
2023.10,330499,41,경기도 구리시,552,API_EXP_USD_AMT_UNVERIFIED_SCALE,https://www.data.go.kr/data/15134343/openapi.do,2026-10-07T08:12:52+09:00
2023.10,330499,41,경기도 군포시,653,API_EXP_USD_AMT_UNVERIFIED_SCALE,https://www.data.go.kr/data/15134343/openapi.do,2026-10-07T08:12:52+09:00
2023.10,330499,41,경기도 김포시,24534,API_EXP_USD_AMT_UNVERIFIED_SCALE,https://www.data.go.kr/data/15134343/openapi.do,2026-10-07T08:12:52+09:00
2023.10,330499,41,경기도 남양주시,2945,API_EXP_USD_AMT_UNVERIFIED_SCALE,https://www.data.go.kr/data/15134343/openapi.do,2026-10-07T08:12:52+09:00
2023.10,330499,41,경기도 동두천시,1,API_EXP_USD_AMT_UNVERIFIED_SCALE,https://www.data.go.kr/data/15134343/openapi.do,2026-10-07T08:12:52+09:00
2023.10,330499,41,경기도 부천시,5991,API_EXP_USD_AMT_UNVERIFIED_SCALE,https://www.data.go.kr/data/15134343/openapi.do,2026-10-07T08:12:52+09:00
2023.10,330499,41,경기도 성남시,29581,API_EXP_USD_AMT_UNVERIFIED_SCALE,https://www.data.go.kr/data/15134343/openapi.do,2026-10-07T08:12:52+09:00
2023.10,330499,41,경기도 수원시,3994,API_EXP_USD_AMT_UNVERIFIED_SCALE,https://www.data.go.kr/data/15134343/openapi.do,2026-10-07T08:12:52+09:00
2023.10,330499,41,경기도 시흥시,3563,API_EXP_USD_AMT_UNVERIFIED_SCALE,https://www.data.go.kr/data/15134343/openapi.do,2026-10-07T08:12:52+09:00
2023.10,330499,41,경기도 안산시,2333,API_EXP_USD_AMT_UNVERIFIED_SCALE,https://www.data.go.kr/data/15134343/openapi.do,2026-10-07T08:12:52+09:00
2023.10,330499,41,경기도 안성시,1495,API_EXP_USD_AMT_UNVERIFIED_SCALE,https://www.data.go.kr/data/15134343/openapi.do,2026-10-07T08:12:52+09:00
2023.10,330499,41,경기도 안양시,7424,API_EXP_USD_AMT_UNVERIFIED_SCALE,https://www.data.go.kr/data/15134343/openapi.do,2026-10-07T08:12:52+09:00
2023.10,330499,41,경기도 양주시,62,API_EXP_USD_AMT_UNVERIFIED_SCALE,https://www.data.go.kr/data/15134343/openapi.do,2026-10-07T08:12:52+09:00
2023.10,330499,41,경기도 양평군,24,API_EXP_USD_AMT_UNVERIFIED_SCALE,https://www.data.go.kr/data/15134343/openapi.do,2026-10-07T08:12:52+09:00
2023.10,330499,41,경기도 여주군,244,API_EXP_USD_AMT_UNVERIFIED_SCALE,https://www.data.go.kr/data/15134343/openapi.do,2026-10-07T08:12:52+09:00
2023.10,330499,41,경기도 연천군,27,API_EXP_USD_AMT_UNVERIFIED_SCALE,https://www.data.go.kr/data/15134343/openapi.do,2026-10-07T08:12:52+09:00
2023.10,330499,41,경기도 오산시,7581,API_EXP_USD_AMT_UNVERIFIED_SCALE,https://www.data.go.kr/data/15134343/openapi.do,2026-10-07T08:12:52+09:00
2023.10,330499,41,경기도 용인시,1827,API_EXP_USD_AMT_UNVERIFIED_SCALE,https://www.data.go.kr/data/15134343/openapi.do,2026-10-07T08:12:52+09:00
2023.10,330499,41,경기도 의왕시,644,API_EXP_USD_AMT_UNVERIFIED_SCALE,https://www.data.go.kr/data/15134343/openapi.do,2026-10-07T08:12:52+09:00
2023.10,330499,41,경기도 의정부시,429,API_EXP_USD_AMT_UNVERIFIED_SCALE,https://www.data.go.kr/data/15134343/openapi.do,2026-10-07T08:12:52+09:00
2023.10,330499,41,경기도 이천시,51,API_EXP_USD_AMT_UNVERIFIED_SCALE,https://www.data.go.kr/data/15134343/openapi.do,2026-10-07T08:12:52+09:00
2023.10,330499,41,경기도 파주시,2039,API_EXP_USD_AMT_UNVERIFIED_SCALE,https://www.data.go.kr/data/15134343/openapi.do,2026-10-07T08:12:52+09:00
2023.10,330499,41,경기도 평택시,1329,API_EXP_USD_AMT_UNVERIFIED_SCALE,https://www.data.go.kr/data/15134343/openapi.do,2026-10-07T08:12:52+09:00
2023.10,330499,41,경기도 포천군,463,API_EXP_USD_AMT_UNVERIFIED_SCALE,https://www.data.go.kr/data/15134343/openapi.do,2026-10-07T08:12:52+09:00
2023.10,330499,41,경기도 하남시,2341,API_EXP_USD_AMT_UNVERIFIED_SCALE,https://www.data.go.kr/data/15134343/openapi.do,2026-10-07T08:12:52+09:00
2023.10,330499,41,경기도 화성시,15291,API_EXP_USD_AMT_UNVERIFIED_SCALE,https://www.data.go.kr/data/15134343/openapi.do,2026-10-07T08:12:52+09:00
2023.10,853400,27,대구광역시 남구,0,API_EXP_USD_AMT_UNVERIFIED_SCALE,https://www.data.go.kr/data/15134343/openapi.do,2026-10-07T08:12:52+09:00
2023.10,853400,27,대구광역시 달서구,251,API_EXP_USD_AMT_UNVERIFIED_SCALE,https://www.data.go.kr/data/15134343/openapi.do,2026-10-07T08:12:52+09:00
2023.10,853400,27,대구광역시 달성군,40916,API_EXP_USD_AMT_UNVERIFIED_SCALE,https://www.data.go.kr/data/15134343/openapi.do,2026-10-07T08:12:52+09:00
2023.10,853400,27,대구광역시 동구,0,API_EXP_USD_AMT_UNVERIFIED_SCALE,https://www.data.go.kr/data/15134343/openapi.do,2026-10-07T08:12:52+09:00
2023.10,853400,27,대구광역시 북구,0,API_EXP_USD_AMT_UNVERIFIED_SCALE,https://www.data.go.kr/data/15134343/openapi.do,2026-10-07T08:12:52+09:00
2023.10,853400,27,대구광역시 서구,12,API_EXP_USD_AMT_UNVERIFIED_SCALE,https://www.data.go.kr/data/15134343/openapi.do,2026-10-07T08:12:52+09:00
2023.10,853400,27,대구광역시 수성구,0,API_EXP_USD_AMT_UNVERIFIED_SCALE,https://www.data.go.kr/data/15134343/openapi.do,2026-10-07T08:12:52+09:00
2023.10,853400,41,경기도 고양시,71,API_EXP_USD_AMT_UNVERIFIED_SCALE,https://www.data.go.kr/data/15134343/openapi.do,2026-10-07T08:12:52+09:00
2023.10,853400,41,경기도 과천시,0,API_EXP_USD_AMT_UNVERIFIED_SCALE,https://www.data.go.kr/data/15134343/openapi.do,2026-10-07T08:12:52+09:00
2023.10,853400,41,경기도 광명시,0,API_EXP_USD_AMT_UNVERIFIED_SCALE,https://www.data.go.kr/data/15134343/openapi.do,2026-10-07T08:12:52+09:00
2023.10,853400,41,경기도 광주시,2,API_EXP_USD_AMT_UNVERIFIED_SCALE,https://www.data.go.kr/data/15134343/openapi.do,2026-10-07T08:12:52+09:00
2023.10,853400,41,경기도 군포시,374,API_EXP_USD_AMT_UNVERIFIED_SCALE,https://www.data.go.kr/data/15134343/openapi.do,2026-10-07T08:12:52+09:00
2023.10,853400,41,경기도 김포시,71,API_EXP_USD_AMT_UNVERIFIED_SCALE,https://www.data.go.kr/data/15134343/openapi.do,2026-10-07T08:12:52+09:00
2023.10,853400,41,경기도 남양주시,0,API_EXP_USD_AMT_UNVERIFIED_SCALE,https://www.data.go.kr/data/15134343/openapi.do,2026-10-07T08:12:52+09:00
2023.10,853400,41,경기도 부천시,323,API_EXP_USD_AMT_UNVERIFIED_SCALE,https://www.data.go.kr/data/15134343/openapi.do,2026-10-07T08:12:52+09:00
2023.10,853400,41,경기도 성남시,2334,API_EXP_USD_AMT_UNVERIFIED_SCALE,https://www.data.go.kr/data/15134343/openapi.do,2026-10-07T08:12:52+09:00
2023.10,853400,41,경기도 수원시,28575,API_EXP_USD_AMT_UNVERIFIED_SCALE,https://www.data.go.kr/data/15134343/openapi.do,2026-10-07T08:12:52+09:00
2023.10,853400,41,경기도 시흥시,2950,API_EXP_USD_AMT_UNVERIFIED_SCALE,https://www.data.go.kr/data/15134343/openapi.do,2026-10-07T08:12:52+09:00
2023.10,853400,41,경기도 안산시,128661,API_EXP_USD_AMT_UNVERIFIED_SCALE,https://www.data.go.kr/data/15134343/openapi.do,2026-10-07T08:12:52+09:00
2023.10,853400,41,경기도 안성시,11798,API_EXP_USD_AMT_UNVERIFIED_SCALE,https://www.data.go.kr/data/15134343/openapi.do,2026-10-07T08:12:52+09:00
2023.10,853400,41,경기도 안양시,1028,API_EXP_USD_AMT_UNVERIFIED_SCALE,https://www.data.go.kr/data/15134343/openapi.do,2026-10-07T08:12:52+09:00
2023.10,853400,41,경기도 양주시,16,API_EXP_USD_AMT_UNVERIFIED_SCALE,https://www.data.go.kr/data/15134343/openapi.do,2026-10-07T08:12:52+09:00
2023.10,853400,41,경기도 양평군,0,API_EXP_USD_AMT_UNVERIFIED_SCALE,https://www.data.go.kr/data/15134343/openapi.do,2026-10-07T08:12:52+09:00
2023.10,853400,41,경기도 여주군,0,API_EXP_USD_AMT_UNVERIFIED_SCALE,https://www.data.go.kr/data/15134343/openapi.do,2026-10-07T08:12:52+09:00
2023.10,853400,41,경기도 오산시,12,API_EXP_USD_AMT_UNVERIFIED_SCALE,https://www.data.go.kr/data/15134343/openapi.do,2026-10-07T08:12:52+09:00
2023.10,853400,41,경기도 용인시,542,API_EXP_USD_AMT_UNVERIFIED_SCALE,https://www.data.go.kr/data/15134343/openapi.do,2026-10-07T08:12:52+09:00
2023.10,853400,41,경기도 의왕시,1,API_EXP_USD_AMT_UNVERIFIED_SCALE,https://www.data.go.kr/data/15134343/openapi.do,2026-10-07T08:12:52+09:00
2023.10,853400,41,경기도 의정부시,30,API_EXP_USD_AMT_UNVERIFIED_SCALE,https://www.data.go.kr/data/15134343/openapi.do,2026-10-07T08:12:52+09:00
2023.10,853400,41,경기도 이천시,52,API_EXP_USD_AMT_UNVERIFIED_SCALE,https://www.data.go.kr/data/15134343/openapi.do,2026-10-07T08:12:52+09:00
2023.10,853400,41,경기도 파주시,983,API_EXP_USD_AMT_UNVERIFIED_SCALE,https://www.data.go.kr/data/15134343/openapi.do,2026-10-07T08:12:52+09:00
2023.10,853400,41,경기도 평택시,2989,API_EXP_USD_AMT_UNVERIFIED_SCALE,https://www.data.go.kr/data/15134343/openapi.do,2026-10-07T08:12:52+09:00
2023.10,853400,41,경기도 하남시,2,API_EXP_USD_AMT_UNVERIFIED_SCALE,https://www.data.go.kr/data/15134343/openapi.do,2026-10-07T08:12:52+09:00
2023.10,853400,41,경기도 화성시,746,API_EXP_USD_AMT_UNVERIFIED_SCALE,https://www.data.go.kr/data/15134343/openapi.do,2026-10-07T08:12:52+09:00
2023.10,853400,43,충청북도 음성군,0,API_EXP_USD_AMT_UNVERIFIED_SCALE,https://www.data.go.kr/data/15134343/openapi.do,2026-10-07T08:12:52+09:00
2023.10,853400,43,충청북도 증평군,974,API_EXP_USD_AMT_UNVERIFIED_SCALE,https://www.data.go.kr/data/15134343/openapi.do,2026-10-07T08:12:52+09:00
2023.10,853400,43,충청북도 진천군,60,API_EXP_USD_AMT_UNVERIFIED_SCALE,https://www.data.go.kr/data/15134343/openapi.do,2026-10-07T08:12:52+09:00
2023.10,853400,43,충청북도 청주시,35604,API_EXP_USD_AMT_UNVERIFIED_SCALE,https://www.data.go.kr/data/15134343/openapi.do,2026-10-07T08:12:52+09:00
2023.11,330499,36,세종특별자치시,7033,API_EXP_USD_AMT_UNVERIFIED_SCALE,https://www.data.go.kr/data/15134343/openapi.do,2026-10-07T08:12:52+09:00
2023.11,330499,41,경기도 가평군,107,API_EXP_USD_AMT_UNVERIFIED_SCALE,https://www.data.go.kr/data/15134343/openapi.do,2026-10-07T08:12:52+09:00
2023.11,330499,41,경기도 고양시,11746,API_EXP_USD_AMT_UNVERIFIED_SCALE,https://www.data.go.kr/data/15134343/openapi.do,2026-10-07T08:12:52+09:00
2023.11,330499,41,경기도 과천시,2,API_EXP_USD_AMT_UNVERIFIED_SCALE,https://www.data.go.kr/data/15134343/openapi.do,2026-10-07T08:12:52+09:00
2023.11,330499,41,경기도 광명시,920,API_EXP_USD_AMT_UNVERIFIED_SCALE,https://www.data.go.kr/data/15134343/openapi.do,2026-10-07T08:12:52+09:00
2023.11,330499,41,경기도 광주시,372,API_EXP_USD_AMT_UNVERIFIED_SCALE,https://www.data.go.kr/data/15134343/openapi.do,2026-10-07T08:12:52+09:00
2023.11,330499,41,경기도 구리시,823,API_EXP_USD_AMT_UNVERIFIED_SCALE,https://www.data.go.kr/data/15134343/openapi.do,2026-10-07T08:12:52+09:00
2023.11,330499,41,경기도 군포시,501,API_EXP_USD_AMT_UNVERIFIED_SCALE,https://www.data.go.kr/data/15134343/openapi.do,2026-10-07T08:12:52+09:00
2023.11,330499,41,경기도 김포시,32365,API_EXP_USD_AMT_UNVERIFIED_SCALE,https://www.data.go.kr/data/15134343/openapi.do,2026-10-07T08:12:52+09:00
2023.11,330499,41,경기도 남양주시,4314,API_EXP_USD_AMT_UNVERIFIED_SCALE,https://www.data.go.kr/data/15134343/openapi.do,2026-10-07T08:12:52+09:00
2023.11,330499,41,경기도 동두천시,2,API_EXP_USD_AMT_UNVERIFIED_SCALE,https://www.data.go.kr/data/15134343/openapi.do,2026-10-07T08:12:52+09:00
2023.11,330499,41,경기도 부천시,5294,API_EXP_USD_AMT_UNVERIFIED_SCALE,https://www.data.go.kr/data/15134343/openapi.do,2026-10-07T08:12:52+09:00
2023.11,330499,41,경기도 성남시,28499,API_EXP_USD_AMT_UNVERIFIED_SCALE,https://www.data.go.kr/data/15134343/openapi.do,2026-10-07T08:12:52+09:00
2023.11,330499,41,경기도 수원시,3261,API_EXP_USD_AMT_UNVERIFIED_SCALE,https://www.data.go.kr/data/15134343/openapi.do,2026-10-07T08:12:52+09:00
2023.11,330499,41,경기도 시흥시,4278,API_EXP_USD_AMT_UNVERIFIED_SCALE,https://www.data.go.kr/data/15134343/openapi.do,2026-10-07T08:12:52+09:00
2023.11,330499,41,경기도 안산시,2722,API_EXP_USD_AMT_UNVERIFIED_SCALE,https://www.data.go.kr/data/15134343/openapi.do,2026-10-07T08:12:52+09:00
2023.11,330499,41,경기도 안성시,1447,API_EXP_USD_AMT_UNVERIFIED_SCALE,https://www.data.go.kr/data/15134343/openapi.do,2026-10-07T08:12:52+09:00
2023.11,330499,41,경기도 안양시,7926,API_EXP_USD_AMT_UNVERIFIED_SCALE,https://www.data.go.kr/data/15134343/openapi.do,2026-10-07T08:12:52+09:00
2023.11,330499,41,경기도 양주시,328,API_EXP_USD_AMT_UNVERIFIED_SCALE,https://www.data.go.kr/data/15134343/openapi.do,2026-10-07T08:12:52+09:00
2023.11,330499,41,경기도 양평군,17,API_EXP_USD_AMT_UNVERIFIED_SCALE,https://www.data.go.kr/data/15134343/openapi.do,2026-10-07T08:12:52+09:00
2023.11,330499,41,경기도 여주군,172,API_EXP_USD_AMT_UNVERIFIED_SCALE,https://www.data.go.kr/data/15134343/openapi.do,2026-10-07T08:12:52+09:00
2023.11,330499,41,경기도 연천군,0,API_EXP_USD_AMT_UNVERIFIED_SCALE,https://www.data.go.kr/data/15134343/openapi.do,2026-10-07T08:12:52+09:00
2023.11,330499,41,경기도 오산시,7821,API_EXP_USD_AMT_UNVERIFIED_SCALE,https://www.data.go.kr/data/15134343/openapi.do,2026-10-07T08:12:52+09:00
2023.11,330499,41,경기도 용인시,1755,API_EXP_USD_AMT_UNVERIFIED_SCALE,https://www.data.go.kr/data/15134343/openapi.do,2026-10-07T08:12:52+09:00
2023.11,330499,41,경기도 의왕시,455,API_EXP_USD_AMT_UNVERIFIED_SCALE,https://www.data.go.kr/data/15134343/openapi.do,2026-10-07T08:12:52+09:00
2023.11,330499,41,경기도 의정부시,297,API_EXP_USD_AMT_UNVERIFIED_SCALE,https://www.data.go.kr/data/15134343/openapi.do,2026-10-07T08:12:52+09:00
2023.11,330499,41,경기도 이천시,171,API_EXP_USD_AMT_UNVERIFIED_SCALE,https://www.data.go.kr/data/15134343/openapi.do,2026-10-07T08:12:52+09:00
2023.11,330499,41,경기도 파주시,1910,API_EXP_USD_AMT_UNVERIFIED_SCALE,https://www.data.go.kr/data/15134343/openapi.do,2026-10-07T08:12:52+09:00
2023.11,330499,41,경기도 평택시,1525,API_EXP_USD_AMT_UNVERIFIED_SCALE,https://www.data.go.kr/data/15134343/openapi.do,2026-10-07T08:12:52+09:00
2023.11,330499,41,경기도 포천군,897,API_EXP_USD_AMT_UNVERIFIED_SCALE,https://www.data.go.kr/data/15134343/openapi.do,2026-10-07T08:12:52+09:00
2023.11,330499,41,경기도 하남시,1905,API_EXP_USD_AMT_UNVERIFIED_SCALE,https://www.data.go.kr/data/15134343/openapi.do,2026-10-07T08:12:52+09:00
2023.11,330499,41,경기도 화성시,16028,API_EXP_USD_AMT_UNVERIFIED_SCALE,https://www.data.go.kr/data/15134343/openapi.do,2026-10-07T08:12:52+09:00
2023.11,853400,27,대구광역시 남구,0,API_EXP_USD_AMT_UNVERIFIED_SCALE,https://www.data.go.kr/data/15134343/openapi.do,2026-10-07T08:12:52+09:00
2023.11,853400,27,대구광역시 달서구,242,API_EXP_USD_AMT_UNVERIFIED_SCALE,https://www.data.go.kr/data/15134343/openapi.do,2026-10-07T08:12:52+09:00
2023.11,853400,27,대구광역시 달성군,45053,API_EXP_USD_AMT_UNVERIFIED_SCALE,https://www.data.go.kr/data/15134343/openapi.do,2026-10-07T08:12:52+09:00
2023.11,853400,27,대구광역시 동구,0,API_EXP_USD_AMT_UNVERIFIED_SCALE,https://www.data.go.kr/data/15134343/openapi.do,2026-10-07T08:12:52+09:00
2023.11,853400,27,대구광역시 북구,37,API_EXP_USD_AMT_UNVERIFIED_SCALE,https://www.data.go.kr/data/15134343/openapi.do,2026-10-07T08:12:52+09:00
2023.11,853400,27,대구광역시 서구,12,API_EXP_USD_AMT_UNVERIFIED_SCALE,https://www.data.go.kr/data/15134343/openapi.do,2026-10-07T08:12:52+09:00
2023.11,853400,27,대구광역시 수성구,0,API_EXP_USD_AMT_UNVERIFIED_SCALE,https://www.data.go.kr/data/15134343/openapi.do,2026-10-07T08:12:52+09:00
2023.11,853400,27,대구광역시 중구,0,API_EXP_USD_AMT_UNVERIFIED_SCALE,https://www.data.go.kr/data/15134343/openapi.do,2026-10-07T08:12:52+09:00
2023.11,853400,41,경기도 고양시,163,API_EXP_USD_AMT_UNVERIFIED_SCALE,https://www.data.go.kr/data/15134343/openapi.do,2026-10-07T08:12:52+09:00
2023.11,853400,41,경기도 광명시,0,API_EXP_USD_AMT_UNVERIFIED_SCALE,https://www.data.go.kr/data/15134343/openapi.do,2026-10-07T08:12:52+09:00
2023.11,853400,41,경기도 광주시,0,API_EXP_USD_AMT_UNVERIFIED_SCALE,https://www.data.go.kr/data/15134343/openapi.do,2026-10-07T08:12:52+09:00
2023.11,853400,41,경기도 군포시,168,API_EXP_USD_AMT_UNVERIFIED_SCALE,https://www.data.go.kr/data/15134343/openapi.do,2026-10-07T08:12:52+09:00
2023.11,853400,41,경기도 김포시,183,API_EXP_USD_AMT_UNVERIFIED_SCALE,https://www.data.go.kr/data/15134343/openapi.do,2026-10-07T08:12:52+09:00
2023.11,853400,41,경기도 남양주시,12,API_EXP_USD_AMT_UNVERIFIED_SCALE,https://www.data.go.kr/data/15134343/openapi.do,2026-10-07T08:12:52+09:00
2023.11,853400,41,경기도 동두천시,14,API_EXP_USD_AMT_UNVERIFIED_SCALE,https://www.data.go.kr/data/15134343/openapi.do,2026-10-07T08:12:52+09:00
2023.11,853400,41,경기도 부천시,255,API_EXP_USD_AMT_UNVERIFIED_SCALE,https://www.data.go.kr/data/15134343/openapi.do,2026-10-07T08:12:52+09:00
2023.11,853400,41,경기도 성남시,3048,API_EXP_USD_AMT_UNVERIFIED_SCALE,https://www.data.go.kr/data/15134343/openapi.do,2026-10-07T08:12:52+09:00
2023.11,853400,41,경기도 수원시,28684,API_EXP_USD_AMT_UNVERIFIED_SCALE,https://www.data.go.kr/data/15134343/openapi.do,2026-10-07T08:12:52+09:00
2023.11,853400,41,경기도 시흥시,2733,API_EXP_USD_AMT_UNVERIFIED_SCALE,https://www.data.go.kr/data/15134343/openapi.do,2026-10-07T08:12:52+09:00
2023.11,853400,41,경기도 안산시,124509,API_EXP_USD_AMT_UNVERIFIED_SCALE,https://www.data.go.kr/data/15134343/openapi.do,2026-10-07T08:12:52+09:00
2023.11,853400,41,경기도 안성시,10287,API_EXP_USD_AMT_UNVERIFIED_SCALE,https://www.data.go.kr/data/15134343/openapi.do,2026-10-07T08:12:52+09:00
2023.11,853400,41,경기도 안양시,1365,API_EXP_USD_AMT_UNVERIFIED_SCALE,https://www.data.go.kr/data/15134343/openapi.do,2026-10-07T08:12:52+09:00
2023.11,853400,41,경기도 양주시,88,API_EXP_USD_AMT_UNVERIFIED_SCALE,https://www.data.go.kr/data/15134343/openapi.do,2026-10-07T08:12:52+09:00
2023.11,853400,41,경기도 양평군,0,API_EXP_USD_AMT_UNVERIFIED_SCALE,https://www.data.go.kr/data/15134343/openapi.do,2026-10-07T08:12:52+09:00
2023.11,853400,41,경기도 오산시,7,API_EXP_USD_AMT_UNVERIFIED_SCALE,https://www.data.go.kr/data/15134343/openapi.do,2026-10-07T08:12:52+09:00
2023.11,853400,41,경기도 용인시,470,API_EXP_USD_AMT_UNVERIFIED_SCALE,https://www.data.go.kr/data/15134343/openapi.do,2026-10-07T08:12:52+09:00
2023.11,853400,41,경기도 의왕시,0,API_EXP_USD_AMT_UNVERIFIED_SCALE,https://www.data.go.kr/data/15134343/openapi.do,2026-10-07T08:12:52+09:00
2023.11,853400,41,경기도 의정부시,19,API_EXP_USD_AMT_UNVERIFIED_SCALE,https://www.data.go.kr/data/15134343/openapi.do,2026-10-07T08:12:52+09:00
2023.11,853400,41,경기도 이천시,29,API_EXP_USD_AMT_UNVERIFIED_SCALE,https://www.data.go.kr/data/15134343/openapi.do,2026-10-07T08:12:52+09:00
2023.11,853400,41,경기도 파주시,644,API_EXP_USD_AMT_UNVERIFIED_SCALE,https://www.data.go.kr/data/15134343/openapi.do,2026-10-07T08:12:52+09:00
2023.11,853400,41,경기도 평택시,3953,API_EXP_USD_AMT_UNVERIFIED_SCALE,https://www.data.go.kr/data/15134343/openapi.do,2026-10-07T08:12:52+09:00
2023.11,853400,41,경기도 포천군,0,API_EXP_USD_AMT_UNVERIFIED_SCALE,https://www.data.go.kr/data/15134343/openapi.do,2026-10-07T08:12:52+09:00
2023.11,853400,41,경기도 하남시,2,API_EXP_USD_AMT_UNVERIFIED_SCALE,https://www.data.go.kr/data/15134343/openapi.do,2026-10-07T08:12:52+09:00
2023.11,853400,41,경기도 화성시,1114,API_EXP_USD_AMT_UNVERIFIED_SCALE,https://www.data.go.kr/data/15134343/openapi.do,2026-10-07T08:12:52+09:00
2023.11,853400,43,충청북도 제천시,10,API_EXP_USD_AMT_UNVERIFIED_SCALE,https://www.data.go.kr/data/15134343/openapi.do,2026-10-07T08:12:52+09:00
2023.11,853400,43,충청북도 증평군,1048,API_EXP_USD_AMT_UNVERIFIED_SCALE,https://www.data.go.kr/data/15134343/openapi.do,2026-10-07T08:12:52+09:00
2023.11,853400,43,충청북도 진천군,98,API_EXP_USD_AMT_UNVERIFIED_SCALE,https://www.data.go.kr/data/15134343/openapi.do,2026-10-07T08:12:52+09:00
2023.11,853400,43,충청북도 청주시,33363,API_EXP_USD_AMT_UNVERIFIED_SCALE,https://www.data.go.kr/data/15134343/openapi.do,2026-10-07T08:12:52+09:00
2023.11,853400,43,충청북도 충주시,0,API_EXP_USD_AMT_UNVERIFIED_SCALE,https://www.data.go.kr/data/15134343/openapi.do,2026-10-07T08:12:52+09:00
2023.12,330499,36,세종특별자치시,2428,API_EXP_USD_AMT_UNVERIFIED_SCALE,https://www.data.go.kr/data/15134343/openapi.do,2026-10-07T08:12:52+09:00
2023.12,330499,41,경기도 가평군,35,API_EXP_USD_AMT_UNVERIFIED_SCALE,https://www.data.go.kr/data/15134343/openapi.do,2026-10-07T08:12:52+09:00
2023.12,330499,41,경기도 고양시,8571,API_EXP_USD_AMT_UNVERIFIED_SCALE,https://www.data.go.kr/data/15134343/openapi.do,2026-10-07T08:12:52+09:00
2023.12,330499,41,경기도 과천시,0,API_EXP_USD_AMT_UNVERIFIED_SCALE,https://www.data.go.kr/data/15134343/openapi.do,2026-10-07T08:12:52+09:00
2023.12,330499,41,경기도 광명시,720,API_EXP_USD_AMT_UNVERIFIED_SCALE,https://www.data.go.kr/data/15134343/openapi.do,2026-10-07T08:12:52+09:00
2023.12,330499,41,경기도 광주시,312,API_EXP_USD_AMT_UNVERIFIED_SCALE,https://www.data.go.kr/data/15134343/openapi.do,2026-10-07T08:12:52+09:00
2023.12,330499,41,경기도 구리시,268,API_EXP_USD_AMT_UNVERIFIED_SCALE,https://www.data.go.kr/data/15134343/openapi.do,2026-10-07T08:12:52+09:00
2023.12,330499,41,경기도 군포시,670,API_EXP_USD_AMT_UNVERIFIED_SCALE,https://www.data.go.kr/data/15134343/openapi.do,2026-10-07T08:12:52+09:00
2023.12,330499,41,경기도 김포시,38781,API_EXP_USD_AMT_UNVERIFIED_SCALE,https://www.data.go.kr/data/15134343/openapi.do,2026-10-07T08:12:52+09:00
2023.12,330499,41,경기도 남양주시,2819,API_EXP_USD_AMT_UNVERIFIED_SCALE,https://www.data.go.kr/data/15134343/openapi.do,2026-10-07T08:12:52+09:00
2023.12,330499,41,경기도 동두천시,0,API_EXP_USD_AMT_UNVERIFIED_SCALE,https://www.data.go.kr/data/15134343/openapi.do,2026-10-07T08:12:52+09:00
2023.12,330499,41,경기도 부천시,3872,API_EXP_USD_AMT_UNVERIFIED_SCALE,https://www.data.go.kr/data/15134343/openapi.do,2026-10-07T08:12:52+09:00
2023.12,330499,41,경기도 성남시,28355,API_EXP_USD_AMT_UNVERIFIED_SCALE,https://www.data.go.kr/data/15134343/openapi.do,2026-10-07T08:12:52+09:00
2023.12,330499,41,경기도 수원시,3761,API_EXP_USD_AMT_UNVERIFIED_SCALE,https://www.data.go.kr/data/15134343/openapi.do,2026-10-07T08:12:52+09:00
2023.12,330499,41,경기도 시흥시,3991,API_EXP_USD_AMT_UNVERIFIED_SCALE,https://www.data.go.kr/data/15134343/openapi.do,2026-10-07T08:12:52+09:00
2023.12,330499,41,경기도 안산시,1466,API_EXP_USD_AMT_UNVERIFIED_SCALE,https://www.data.go.kr/data/15134343/openapi.do,2026-10-07T08:12:52+09:00
2023.12,330499,41,경기도 안성시,1165,API_EXP_USD_AMT_UNVERIFIED_SCALE,https://www.data.go.kr/data/15134343/openapi.do,2026-10-07T08:12:52+09:00
2023.12,330499,41,경기도 안양시,9632,API_EXP_USD_AMT_UNVERIFIED_SCALE,https://www.data.go.kr/data/15134343/openapi.do,2026-10-07T08:12:52+09:00
2023.12,330499,41,경기도 양주시,749,API_EXP_USD_AMT_UNVERIFIED_SCALE,https://www.data.go.kr/data/15134343/openapi.do,2026-10-07T08:12:52+09:00
2023.12,330499,41,경기도 양평군,10,API_EXP_USD_AMT_UNVERIFIED_SCALE,https://www.data.go.kr/data/15134343/openapi.do,2026-10-07T08:12:52+09:00
2023.12,330499,41,경기도 여주군,121,API_EXP_USD_AMT_UNVERIFIED_SCALE,https://www.data.go.kr/data/15134343/openapi.do,2026-10-07T08:12:52+09:00
2023.12,330499,41,경기도 연천군,0,API_EXP_USD_AMT_UNVERIFIED_SCALE,https://www.data.go.kr/data/15134343/openapi.do,2026-10-07T08:12:52+09:00
2023.12,330499,41,경기도 오산시,6006,API_EXP_USD_AMT_UNVERIFIED_SCALE,https://www.data.go.kr/data/15134343/openapi.do,2026-10-07T08:12:52+09:00
2023.12,330499,41,경기도 용인시,2913,API_EXP_USD_AMT_UNVERIFIED_SCALE,https://www.data.go.kr/data/15134343/openapi.do,2026-10-07T08:12:52+09:00
2023.12,330499,41,경기도 의왕시,230,API_EXP_USD_AMT_UNVERIFIED_SCALE,https://www.data.go.kr/data/15134343/openapi.do,2026-10-07T08:12:52+09:00
2023.12,330499,41,경기도 의정부시,95,API_EXP_USD_AMT_UNVERIFIED_SCALE,https://www.data.go.kr/data/15134343/openapi.do,2026-10-07T08:12:52+09:00
2023.12,330499,41,경기도 이천시,178,API_EXP_USD_AMT_UNVERIFIED_SCALE,https://www.data.go.kr/data/15134343/openapi.do,2026-10-07T08:12:52+09:00
2023.12,330499,41,경기도 파주시,1234,API_EXP_USD_AMT_UNVERIFIED_SCALE,https://www.data.go.kr/data/15134343/openapi.do,2026-10-07T08:12:52+09:00
2023.12,330499,41,경기도 평택시,1866,API_EXP_USD_AMT_UNVERIFIED_SCALE,https://www.data.go.kr/data/15134343/openapi.do,2026-10-07T08:12:52+09:00
2023.12,330499,41,경기도 포천군,297,API_EXP_USD_AMT_UNVERIFIED_SCALE,https://www.data.go.kr/data/15134343/openapi.do,2026-10-07T08:12:52+09:00
2023.12,330499,41,경기도 하남시,1928,API_EXP_USD_AMT_UNVERIFIED_SCALE,https://www.data.go.kr/data/15134343/openapi.do,2026-10-07T08:12:52+09:00
2023.12,330499,41,경기도 화성시,14969,API_EXP_USD_AMT_UNVERIFIED_SCALE,https://www.data.go.kr/data/15134343/openapi.do,2026-10-07T08:12:52+09:00
2023.12,853400,27,대구광역시 남구,0,API_EXP_USD_AMT_UNVERIFIED_SCALE,https://www.data.go.kr/data/15134343/openapi.do,2026-10-07T08:12:52+09:00
2023.12,853400,27,대구광역시 달서구,204,API_EXP_USD_AMT_UNVERIFIED_SCALE,https://www.data.go.kr/data/15134343/openapi.do,2026-10-07T08:12:52+09:00
2023.12,853400,27,대구광역시 달성군,27891,API_EXP_USD_AMT_UNVERIFIED_SCALE,https://www.data.go.kr/data/15134343/openapi.do,2026-10-07T08:12:52+09:00
2023.12,853400,27,대구광역시 동구,0,API_EXP_USD_AMT_UNVERIFIED_SCALE,https://www.data.go.kr/data/15134343/openapi.do,2026-10-07T08:12:52+09:00
2023.12,853400,27,대구광역시 북구,0,API_EXP_USD_AMT_UNVERIFIED_SCALE,https://www.data.go.kr/data/15134343/openapi.do,2026-10-07T08:12:52+09:00
2023.12,853400,27,대구광역시 서구,12,API_EXP_USD_AMT_UNVERIFIED_SCALE,https://www.data.go.kr/data/15134343/openapi.do,2026-10-07T08:12:52+09:00
2023.12,853400,27,대구광역시 수성구,0,API_EXP_USD_AMT_UNVERIFIED_SCALE,https://www.data.go.kr/data/15134343/openapi.do,2026-10-07T08:12:52+09:00
2023.12,853400,27,대구광역시 중구,0,API_EXP_USD_AMT_UNVERIFIED_SCALE,https://www.data.go.kr/data/15134343/openapi.do,2026-10-07T08:12:52+09:00
2023.12,853400,41,경기도 고양시,274,API_EXP_USD_AMT_UNVERIFIED_SCALE,https://www.data.go.kr/data/15134343/openapi.do,2026-10-07T08:12:52+09:00
2023.12,853400,41,경기도 과천시,0,API_EXP_USD_AMT_UNVERIFIED_SCALE,https://www.data.go.kr/data/15134343/openapi.do,2026-10-07T08:12:52+09:00
2023.12,853400,41,경기도 광명시,0,API_EXP_USD_AMT_UNVERIFIED_SCALE,https://www.data.go.kr/data/15134343/openapi.do,2026-10-07T08:12:52+09:00
2023.12,853400,41,경기도 광주시,2,API_EXP_USD_AMT_UNVERIFIED_SCALE,https://www.data.go.kr/data/15134343/openapi.do,2026-10-07T08:12:52+09:00
2023.12,853400,41,경기도 구리시,0,API_EXP_USD_AMT_UNVERIFIED_SCALE,https://www.data.go.kr/data/15134343/openapi.do,2026-10-07T08:12:52+09:00
2023.12,853400,41,경기도 군포시,89,API_EXP_USD_AMT_UNVERIFIED_SCALE,https://www.data.go.kr/data/15134343/openapi.do,2026-10-07T08:12:52+09:00
2023.12,853400,41,경기도 김포시,57,API_EXP_USD_AMT_UNVERIFIED_SCALE,https://www.data.go.kr/data/15134343/openapi.do,2026-10-07T08:12:52+09:00
2023.12,853400,41,경기도 남양주시,0,API_EXP_USD_AMT_UNVERIFIED_SCALE,https://www.data.go.kr/data/15134343/openapi.do,2026-10-07T08:12:52+09:00
2023.12,853400,41,경기도 부천시,386,API_EXP_USD_AMT_UNVERIFIED_SCALE,https://www.data.go.kr/data/15134343/openapi.do,2026-10-07T08:12:52+09:00
2023.12,853400,41,경기도 성남시,2034,API_EXP_USD_AMT_UNVERIFIED_SCALE,https://www.data.go.kr/data/15134343/openapi.do,2026-10-07T08:12:52+09:00
2023.12,853400,41,경기도 수원시,32149,API_EXP_USD_AMT_UNVERIFIED_SCALE,https://www.data.go.kr/data/15134343/openapi.do,2026-10-07T08:12:52+09:00
2023.12,853400,41,경기도 시흥시,2818,API_EXP_USD_AMT_UNVERIFIED_SCALE,https://www.data.go.kr/data/15134343/openapi.do,2026-10-07T08:12:52+09:00
2023.12,853400,41,경기도 안산시,106769,API_EXP_USD_AMT_UNVERIFIED_SCALE,https://www.data.go.kr/data/15134343/openapi.do,2026-10-07T08:12:52+09:00
2023.12,853400,41,경기도 안성시,10847,API_EXP_USD_AMT_UNVERIFIED_SCALE,https://www.data.go.kr/data/15134343/openapi.do,2026-10-07T08:12:52+09:00
2023.12,853400,41,경기도 안양시,1400,API_EXP_USD_AMT_UNVERIFIED_SCALE,https://www.data.go.kr/data/15134343/openapi.do,2026-10-07T08:12:52+09:00
2023.12,853400,41,경기도 양주시,68,API_EXP_USD_AMT_UNVERIFIED_SCALE,https://www.data.go.kr/data/15134343/openapi.do,2026-10-07T08:12:52+09:00
2023.12,853400,41,경기도 양평군,2,API_EXP_USD_AMT_UNVERIFIED_SCALE,https://www.data.go.kr/data/15134343/openapi.do,2026-10-07T08:12:52+09:00
2023.12,853400,41,경기도 여주군,0,API_EXP_USD_AMT_UNVERIFIED_SCALE,https://www.data.go.kr/data/15134343/openapi.do,2026-10-07T08:12:52+09:00
2023.12,853400,41,경기도 오산시,4,API_EXP_USD_AMT_UNVERIFIED_SCALE,https://www.data.go.kr/data/15134343/openapi.do,2026-10-07T08:12:52+09:00
2023.12,853400,41,경기도 용인시,404,API_EXP_USD_AMT_UNVERIFIED_SCALE,https://www.data.go.kr/data/15134343/openapi.do,2026-10-07T08:12:52+09:00
2023.12,853400,41,경기도 의왕시,1,API_EXP_USD_AMT_UNVERIFIED_SCALE,https://www.data.go.kr/data/15134343/openapi.do,2026-10-07T08:12:52+09:00
2023.12,853400,41,경기도 의정부시,15,API_EXP_USD_AMT_UNVERIFIED_SCALE,https://www.data.go.kr/data/15134343/openapi.do,2026-10-07T08:12:52+09:00
2023.12,853400,41,경기도 이천시,41,API_EXP_USD_AMT_UNVERIFIED_SCALE,https://www.data.go.kr/data/15134343/openapi.do,2026-10-07T08:12:52+09:00
2023.12,853400,41,경기도 파주시,699,API_EXP_USD_AMT_UNVERIFIED_SCALE,https://www.data.go.kr/data/15134343/openapi.do,2026-10-07T08:12:52+09:00
2023.12,853400,41,경기도 평택시,3022,API_EXP_USD_AMT_UNVERIFIED_SCALE,https://www.data.go.kr/data/15134343/openapi.do,2026-10-07T08:12:52+09:00
2023.12,853400,41,경기도 포천군,0,API_EXP_USD_AMT_UNVERIFIED_SCALE,https://www.data.go.kr/data/15134343/openapi.do,2026-10-07T08:12:52+09:00
2023.12,853400,41,경기도 하남시,1,API_EXP_USD_AMT_UNVERIFIED_SCALE,https://www.data.go.kr/data/15134343/openapi.do,2026-10-07T08:12:52+09:00
2023.12,853400,41,경기도 화성시,907,API_EXP_USD_AMT_UNVERIFIED_SCALE,https://www.data.go.kr/data/15134343/openapi.do,2026-10-07T08:12:52+09:00
2023.12,853400,43,충청북도 음성군,0,API_EXP_USD_AMT_UNVERIFIED_SCALE,https://www.data.go.kr/data/15134343/openapi.do,2026-10-07T08:12:52+09:00
2023.12,853400,43,충청북도 제천시,27,API_EXP_USD_AMT_UNVERIFIED_SCALE,https://www.data.go.kr/data/15134343/openapi.do,2026-10-07T08:12:52+09:00
2023.12,853400,43,충청북도 증평군,976,API_EXP_USD_AMT_UNVERIFIED_SCALE,https://www.data.go.kr/data/15134343/openapi.do,2026-10-07T08:12:52+09:00
2023.12,853400,43,충청북도 진천군,55,API_EXP_USD_AMT_UNVERIFIED_SCALE,https://www.data.go.kr/data/15134343/openapi.do,2026-10-07T08:12:52+09:00
2023.12,853400,43,충청북도 청주시,30018,API_EXP_USD_AMT_UNVERIFIED_SCALE,https://www.data.go.kr/data/15134343/openapi.do,2026-10-07T08:12:52+09:00
2023.12,853400,43,충청북도 충주시,0,API_EXP_USD_AMT_UNVERIFIED_SCALE,https://www.data.go.kr/data/15134343/openapi.do,2026-10-07T08:12:52+09:00
2024.01,330499,36,세종특별자치시,3774,API_EXP_USD_AMT_UNVERIFIED_SCALE,https://www.data.go.kr/data/15134343/openapi.do,2026-10-07T08:12:52+09:00
2024.01,330499,41,경기도 가평군,236,API_EXP_USD_AMT_UNVERIFIED_SCALE,https://www.data.go.kr/data/15134343/openapi.do,2026-10-07T08:12:52+09:00
2024.01,330499,41,경기도 고양시,15943,API_EXP_USD_AMT_UNVERIFIED_SCALE,https://www.data.go.kr/data/15134343/openapi.do,2026-10-07T08:12:52+09:00
2024.01,330499,41,경기도 과천시,0,API_EXP_USD_AMT_UNVERIFIED_SCALE,https://www.data.go.kr/data/15134343/openapi.do,2026-10-07T08:12:52+09:00
2024.01,330499,41,경기도 광명시,2073,API_EXP_USD_AMT_UNVERIFIED_SCALE,https://www.data.go.kr/data/15134343/openapi.do,2026-10-07T08:12:52+09:00
2024.01,330499,41,경기도 광주시,305,API_EXP_USD_AMT_UNVERIFIED_SCALE,https://www.data.go.kr/data/15134343/openapi.do,2026-10-07T08:12:52+09:00
2024.01,330499,41,경기도 구리시,1007,API_EXP_USD_AMT_UNVERIFIED_SCALE,https://www.data.go.kr/data/15134343/openapi.do,2026-10-07T08:12:52+09:00
2024.01,330499,41,경기도 군포시,670,API_EXP_USD_AMT_UNVERIFIED_SCALE,https://www.data.go.kr/data/15134343/openapi.do,2026-10-07T08:12:52+09:00
2024.01,330499,41,경기도 김포시,28879,API_EXP_USD_AMT_UNVERIFIED_SCALE,https://www.data.go.kr/data/15134343/openapi.do,2026-10-07T08:12:52+09:00
2024.01,330499,41,경기도 남양주시,3210,API_EXP_USD_AMT_UNVERIFIED_SCALE,https://www.data.go.kr/data/15134343/openapi.do,2026-10-07T08:12:52+09:00
2024.01,330499,41,경기도 동두천시,0,API_EXP_USD_AMT_UNVERIFIED_SCALE,https://www.data.go.kr/data/15134343/openapi.do,2026-10-07T08:12:52+09:00
2024.01,330499,41,경기도 부천시,3973,API_EXP_USD_AMT_UNVERIFIED_SCALE,https://www.data.go.kr/data/15134343/openapi.do,2026-10-07T08:12:52+09:00
2024.01,330499,41,경기도 성남시,40780,API_EXP_USD_AMT_UNVERIFIED_SCALE,https://www.data.go.kr/data/15134343/openapi.do,2026-10-07T08:12:52+09:00
2024.01,330499,41,경기도 수원시,2795,API_EXP_USD_AMT_UNVERIFIED_SCALE,https://www.data.go.kr/data/15134343/openapi.do,2026-10-07T08:12:52+09:00
2024.01,330499,41,경기도 시흥시,4687,API_EXP_USD_AMT_UNVERIFIED_SCALE,https://www.data.go.kr/data/15134343/openapi.do,2026-10-07T08:12:52+09:00
2024.01,330499,41,경기도 안산시,2275,API_EXP_USD_AMT_UNVERIFIED_SCALE,https://www.data.go.kr/data/15134343/openapi.do,2026-10-07T08:12:52+09:00
2024.01,330499,41,경기도 안성시,1823,API_EXP_USD_AMT_UNVERIFIED_SCALE,https://www.data.go.kr/data/15134343/openapi.do,2026-10-07T08:12:52+09:00
2024.01,330499,41,경기도 안양시,6913,API_EXP_USD_AMT_UNVERIFIED_SCALE,https://www.data.go.kr/data/15134343/openapi.do,2026-10-07T08:12:52+09:00
2024.01,330499,41,경기도 양주시,1519,API_EXP_USD_AMT_UNVERIFIED_SCALE,https://www.data.go.kr/data/15134343/openapi.do,2026-10-07T08:12:52+09:00
2024.01,330499,41,경기도 양평군,54,API_EXP_USD_AMT_UNVERIFIED_SCALE,https://www.data.go.kr/data/15134343/openapi.do,2026-10-07T08:12:52+09:00
2024.01,330499,41,경기도 여주군,40,API_EXP_USD_AMT_UNVERIFIED_SCALE,https://www.data.go.kr/data/15134343/openapi.do,2026-10-07T08:12:52+09:00
2024.01,330499,41,경기도 연천군,0,API_EXP_USD_AMT_UNVERIFIED_SCALE,https://www.data.go.kr/data/15134343/openapi.do,2026-10-07T08:12:52+09:00
2024.01,330499,41,경기도 오산시,9627,API_EXP_USD_AMT_UNVERIFIED_SCALE,https://www.data.go.kr/data/15134343/openapi.do,2026-10-07T08:12:52+09:00
2024.01,330499,41,경기도 용인시,2377,API_EXP_USD_AMT_UNVERIFIED_SCALE,https://www.data.go.kr/data/15134343/openapi.do,2026-10-07T08:12:52+09:00
2024.01,330499,41,경기도 의왕시,261,API_EXP_USD_AMT_UNVERIFIED_SCALE,https://www.data.go.kr/data/15134343/openapi.do,2026-10-07T08:12:52+09:00
2024.01,330499,41,경기도 의정부시,144,API_EXP_USD_AMT_UNVERIFIED_SCALE,https://www.data.go.kr/data/15134343/openapi.do,2026-10-07T08:12:52+09:00
2024.01,330499,41,경기도 이천시,119,API_EXP_USD_AMT_UNVERIFIED_SCALE,https://www.data.go.kr/data/15134343/openapi.do,2026-10-07T08:12:52+09:00
2024.01,330499,41,경기도 파주시,1178,API_EXP_USD_AMT_UNVERIFIED_SCALE,https://www.data.go.kr/data/15134343/openapi.do,2026-10-07T08:12:52+09:00
2024.01,330499,41,경기도 평택시,1259,API_EXP_USD_AMT_UNVERIFIED_SCALE,https://www.data.go.kr/data/15134343/openapi.do,2026-10-07T08:12:52+09:00
2024.01,330499,41,경기도 포천군,398,API_EXP_USD_AMT_UNVERIFIED_SCALE,https://www.data.go.kr/data/15134343/openapi.do,2026-10-07T08:12:52+09:00
2024.01,330499,41,경기도 하남시,2892,API_EXP_USD_AMT_UNVERIFIED_SCALE,https://www.data.go.kr/data/15134343/openapi.do,2026-10-07T08:12:52+09:00
2024.01,330499,41,경기도 화성시,16796,API_EXP_USD_AMT_UNVERIFIED_SCALE,https://www.data.go.kr/data/15134343/openapi.do,2026-10-07T08:12:52+09:00
2024.01,853400,27,대구광역시 달서구,275,API_EXP_USD_AMT_UNVERIFIED_SCALE,https://www.data.go.kr/data/15134343/openapi.do,2026-10-07T08:12:52+09:00
2024.01,853400,27,대구광역시 달성군,51631,API_EXP_USD_AMT_UNVERIFIED_SCALE,https://www.data.go.kr/data/15134343/openapi.do,2026-10-07T08:12:52+09:00
2024.01,853400,27,대구광역시 동구,0,API_EXP_USD_AMT_UNVERIFIED_SCALE,https://www.data.go.kr/data/15134343/openapi.do,2026-10-07T08:12:52+09:00
2024.01,853400,27,대구광역시 북구,0,API_EXP_USD_AMT_UNVERIFIED_SCALE,https://www.data.go.kr/data/15134343/openapi.do,2026-10-07T08:12:52+09:00
2024.01,853400,27,대구광역시 서구,8,API_EXP_USD_AMT_UNVERIFIED_SCALE,https://www.data.go.kr/data/15134343/openapi.do,2026-10-07T08:12:52+09:00
2024.01,853400,27,대구광역시 수성구,0,API_EXP_USD_AMT_UNVERIFIED_SCALE,https://www.data.go.kr/data/15134343/openapi.do,2026-10-07T08:12:52+09:00
2024.01,853400,27,대구광역시 중구,0,API_EXP_USD_AMT_UNVERIFIED_SCALE,https://www.data.go.kr/data/15134343/openapi.do,2026-10-07T08:12:52+09:00
2024.01,853400,41,경기도 고양시,364,API_EXP_USD_AMT_UNVERIFIED_SCALE,https://www.data.go.kr/data/15134343/openapi.do,2026-10-07T08:12:52+09:00
2024.01,853400,41,경기도 과천시,0,API_EXP_USD_AMT_UNVERIFIED_SCALE,https://www.data.go.kr/data/15134343/openapi.do,2026-10-07T08:12:52+09:00
2024.01,853400,41,경기도 광명시,0,API_EXP_USD_AMT_UNVERIFIED_SCALE,https://www.data.go.kr/data/15134343/openapi.do,2026-10-07T08:12:52+09:00
2024.01,853400,41,경기도 광주시,0,API_EXP_USD_AMT_UNVERIFIED_SCALE,https://www.data.go.kr/data/15134343/openapi.do,2026-10-07T08:12:52+09:00
2024.01,853400,41,경기도 군포시,97,API_EXP_USD_AMT_UNVERIFIED_SCALE,https://www.data.go.kr/data/15134343/openapi.do,2026-10-07T08:12:52+09:00
2024.01,853400,41,경기도 김포시,83,API_EXP_USD_AMT_UNVERIFIED_SCALE,https://www.data.go.kr/data/15134343/openapi.do,2026-10-07T08:12:52+09:00
2024.01,853400,41,경기도 남양주시,0,API_EXP_USD_AMT_UNVERIFIED_SCALE,https://www.data.go.kr/data/15134343/openapi.do,2026-10-07T08:12:52+09:00
2024.01,853400,41,경기도 동두천시,59,API_EXP_USD_AMT_UNVERIFIED_SCALE,https://www.data.go.kr/data/15134343/openapi.do,2026-10-07T08:12:52+09:00
2024.01,853400,41,경기도 부천시,172,API_EXP_USD_AMT_UNVERIFIED_SCALE,https://www.data.go.kr/data/15134343/openapi.do,2026-10-07T08:12:52+09:00
2024.01,853400,41,경기도 성남시,3421,API_EXP_USD_AMT_UNVERIFIED_SCALE,https://www.data.go.kr/data/15134343/openapi.do,2026-10-07T08:12:52+09:00
2024.01,853400,41,경기도 수원시,36470,API_EXP_USD_AMT_UNVERIFIED_SCALE,https://www.data.go.kr/data/15134343/openapi.do,2026-10-07T08:12:52+09:00
2024.01,853400,41,경기도 시흥시,2378,API_EXP_USD_AMT_UNVERIFIED_SCALE,https://www.data.go.kr/data/15134343/openapi.do,2026-10-07T08:12:52+09:00
2024.01,853400,41,경기도 안산시,109697,API_EXP_USD_AMT_UNVERIFIED_SCALE,https://www.data.go.kr/data/15134343/openapi.do,2026-10-07T08:12:52+09:00
2024.01,853400,41,경기도 안성시,9459,API_EXP_USD_AMT_UNVERIFIED_SCALE,https://www.data.go.kr/data/15134343/openapi.do,2026-10-07T08:12:52+09:00
2024.01,853400,41,경기도 안양시,910,API_EXP_USD_AMT_UNVERIFIED_SCALE,https://www.data.go.kr/data/15134343/openapi.do,2026-10-07T08:12:52+09:00
2024.01,853400,41,경기도 양주시,6,API_EXP_USD_AMT_UNVERIFIED_SCALE,https://www.data.go.kr/data/15134343/openapi.do,2026-10-07T08:12:52+09:00
2024.01,853400,41,경기도 양평군,0,API_EXP_USD_AMT_UNVERIFIED_SCALE,https://www.data.go.kr/data/15134343/openapi.do,2026-10-07T08:12:52+09:00
2024.01,853400,41,경기도 연천군,0,API_EXP_USD_AMT_UNVERIFIED_SCALE,https://www.data.go.kr/data/15134343/openapi.do,2026-10-07T08:12:52+09:00
2024.01,853400,41,경기도 오산시,7,API_EXP_USD_AMT_UNVERIFIED_SCALE,https://www.data.go.kr/data/15134343/openapi.do,2026-10-07T08:12:52+09:00
2024.01,853400,41,경기도 용인시,605,API_EXP_USD_AMT_UNVERIFIED_SCALE,https://www.data.go.kr/data/15134343/openapi.do,2026-10-07T08:12:52+09:00
2024.01,853400,41,경기도 의왕시,0,API_EXP_USD_AMT_UNVERIFIED_SCALE,https://www.data.go.kr/data/15134343/openapi.do,2026-10-07T08:12:52+09:00
2024.01,853400,41,경기도 의정부시,11,API_EXP_USD_AMT_UNVERIFIED_SCALE,https://www.data.go.kr/data/15134343/openapi.do,2026-10-07T08:12:52+09:00
2024.01,853400,41,경기도 이천시,197,API_EXP_USD_AMT_UNVERIFIED_SCALE,https://www.data.go.kr/data/15134343/openapi.do,2026-10-07T08:12:52+09:00
2024.01,853400,41,경기도 파주시,811,API_EXP_USD_AMT_UNVERIFIED_SCALE,https://www.data.go.kr/data/15134343/openapi.do,2026-10-07T08:12:52+09:00
2024.01,853400,41,경기도 평택시,3636,API_EXP_USD_AMT_UNVERIFIED_SCALE,https://www.data.go.kr/data/15134343/openapi.do,2026-10-07T08:12:52+09:00
2024.01,853400,41,경기도 포천군,0,API_EXP_USD_AMT_UNVERIFIED_SCALE,https://www.data.go.kr/data/15134343/openapi.do,2026-10-07T08:12:52+09:00
2024.01,853400,41,경기도 하남시,14,API_EXP_USD_AMT_UNVERIFIED_SCALE,https://www.data.go.kr/data/15134343/openapi.do,2026-10-07T08:12:52+09:00
2024.01,853400,41,경기도 화성시,1105,API_EXP_USD_AMT_UNVERIFIED_SCALE,https://www.data.go.kr/data/15134343/openapi.do,2026-10-07T08:12:52+09:00
2024.01,853400,43,충청북도 제천시,0,API_EXP_USD_AMT_UNVERIFIED_SCALE,https://www.data.go.kr/data/15134343/openapi.do,2026-10-07T08:12:52+09:00
2024.01,853400,43,충청북도 증평군,1122,API_EXP_USD_AMT_UNVERIFIED_SCALE,https://www.data.go.kr/data/15134343/openapi.do,2026-10-07T08:12:52+09:00
2024.01,853400,43,충청북도 진천군,117,API_EXP_USD_AMT_UNVERIFIED_SCALE,https://www.data.go.kr/data/15134343/openapi.do,2026-10-07T08:12:52+09:00
2024.01,853400,43,충청북도 청주시,33834,API_EXP_USD_AMT_UNVERIFIED_SCALE,https://www.data.go.kr/data/15134343/openapi.do,2026-10-07T08:12:52+09:00
2024.02,330499,36,세종특별자치시,3159,API_EXP_USD_AMT_UNVERIFIED_SCALE,https://www.data.go.kr/data/15134343/openapi.do,2026-10-07T08:12:52+09:00
2024.02,330499,41,경기도 가평군,82,API_EXP_USD_AMT_UNVERIFIED_SCALE,https://www.data.go.kr/data/15134343/openapi.do,2026-10-07T08:12:52+09:00
2024.02,330499,41,경기도 고양시,11217,API_EXP_USD_AMT_UNVERIFIED_SCALE,https://www.data.go.kr/data/15134343/openapi.do,2026-10-07T08:12:52+09:00
2024.02,330499,41,경기도 과천시,2,API_EXP_USD_AMT_UNVERIFIED_SCALE,https://www.data.go.kr/data/15134343/openapi.do,2026-10-07T08:12:52+09:00
2024.02,330499,41,경기도 광명시,891,API_EXP_USD_AMT_UNVERIFIED_SCALE,https://www.data.go.kr/data/15134343/openapi.do,2026-10-07T08:12:52+09:00
2024.02,330499,41,경기도 광주시,361,API_EXP_USD_AMT_UNVERIFIED_SCALE,https://www.data.go.kr/data/15134343/openapi.do,2026-10-07T08:12:52+09:00
2024.02,330499,41,경기도 구리시,609,API_EXP_USD_AMT_UNVERIFIED_SCALE,https://www.data.go.kr/data/15134343/openapi.do,2026-10-07T08:12:52+09:00
2024.02,330499,41,경기도 군포시,805,API_EXP_USD_AMT_UNVERIFIED_SCALE,https://www.data.go.kr/data/15134343/openapi.do,2026-10-07T08:12:52+09:00
2024.02,330499,41,경기도 김포시,25477,API_EXP_USD_AMT_UNVERIFIED_SCALE,https://www.data.go.kr/data/15134343/openapi.do,2026-10-07T08:12:52+09:00
2024.02,330499,41,경기도 남양주시,5862,API_EXP_USD_AMT_UNVERIFIED_SCALE,https://www.data.go.kr/data/15134343/openapi.do,2026-10-07T08:12:52+09:00
2024.02,330499,41,경기도 동두천시,0,API_EXP_USD_AMT_UNVERIFIED_SCALE,https://www.data.go.kr/data/15134343/openapi.do,2026-10-07T08:12:52+09:00
2024.02,330499,41,경기도 부천시,4552,API_EXP_USD_AMT_UNVERIFIED_SCALE,https://www.data.go.kr/data/15134343/openapi.do,2026-10-07T08:12:52+09:00
2024.02,330499,41,경기도 성남시,31598,API_EXP_USD_AMT_UNVERIFIED_SCALE,https://www.data.go.kr/data/15134343/openapi.do,2026-10-07T08:12:52+09:00
2024.02,330499,41,경기도 수원시,3008,API_EXP_USD_AMT_UNVERIFIED_SCALE,https://www.data.go.kr/data/15134343/openapi.do,2026-10-07T08:12:52+09:00
2024.02,330499,41,경기도 시흥시,5209,API_EXP_USD_AMT_UNVERIFIED_SCALE,https://www.data.go.kr/data/15134343/openapi.do,2026-10-07T08:12:52+09:00
2024.02,330499,41,경기도 안산시,2115,API_EXP_USD_AMT_UNVERIFIED_SCALE,https://www.data.go.kr/data/15134343/openapi.do,2026-10-07T08:12:52+09:00
2024.02,330499,41,경기도 안성시,2828,API_EXP_USD_AMT_UNVERIFIED_SCALE,https://www.data.go.kr/data/15134343/openapi.do,2026-10-07T08:12:52+09:00
2024.02,330499,41,경기도 안양시,9509,API_EXP_USD_AMT_UNVERIFIED_SCALE,https://www.data.go.kr/data/15134343/openapi.do,2026-10-07T08:12:52+09:00
2024.02,330499,41,경기도 양주시,518,API_EXP_USD_AMT_UNVERIFIED_SCALE,https://www.data.go.kr/data/15134343/openapi.do,2026-10-07T08:12:52+09:00
2024.02,330499,41,경기도 양평군,0,API_EXP_USD_AMT_UNVERIFIED_SCALE,https://www.data.go.kr/data/15134343/openapi.do,2026-10-07T08:12:52+09:00
2024.02,330499,41,경기도 여주군,3,API_EXP_USD_AMT_UNVERIFIED_SCALE,https://www.data.go.kr/data/15134343/openapi.do,2026-10-07T08:12:52+09:00
2024.02,330499,41,경기도 연천군,0,API_EXP_USD_AMT_UNVERIFIED_SCALE,https://www.data.go.kr/data/15134343/openapi.do,2026-10-07T08:12:52+09:00
2024.02,330499,41,경기도 오산시,11039,API_EXP_USD_AMT_UNVERIFIED_SCALE,https://www.data.go.kr/data/15134343/openapi.do,2026-10-07T08:12:52+09:00
2024.02,330499,41,경기도 용인시,1423,API_EXP_USD_AMT_UNVERIFIED_SCALE,https://www.data.go.kr/data/15134343/openapi.do,2026-10-07T08:12:52+09:00
2024.02,330499,41,경기도 의왕시,724,API_EXP_USD_AMT_UNVERIFIED_SCALE,https://www.data.go.kr/data/15134343/openapi.do,2026-10-07T08:12:52+09:00
2024.02,330499,41,경기도 의정부시,100,API_EXP_USD_AMT_UNVERIFIED_SCALE,https://www.data.go.kr/data/15134343/openapi.do,2026-10-07T08:12:52+09:00
2024.02,330499,41,경기도 이천시,211,API_EXP_USD_AMT_UNVERIFIED_SCALE,https://www.data.go.kr/data/15134343/openapi.do,2026-10-07T08:12:52+09:00
2024.02,330499,41,경기도 파주시,2367,API_EXP_USD_AMT_UNVERIFIED_SCALE,https://www.data.go.kr/data/15134343/openapi.do,2026-10-07T08:12:52+09:00
2024.02,330499,41,경기도 평택시,1572,API_EXP_USD_AMT_UNVERIFIED_SCALE,https://www.data.go.kr/data/15134343/openapi.do,2026-10-07T08:12:52+09:00
2024.02,330499,41,경기도 포천군,459,API_EXP_USD_AMT_UNVERIFIED_SCALE,https://www.data.go.kr/data/15134343/openapi.do,2026-10-07T08:12:52+09:00
2024.02,330499,41,경기도 하남시,3159,API_EXP_USD_AMT_UNVERIFIED_SCALE,https://www.data.go.kr/data/15134343/openapi.do,2026-10-07T08:12:52+09:00
2024.02,330499,41,경기도 화성시,15692,API_EXP_USD_AMT_UNVERIFIED_SCALE,https://www.data.go.kr/data/15134343/openapi.do,2026-10-07T08:12:52+09:00
2024.02,853400,27,대구광역시 군위군,0,API_EXP_USD_AMT_UNVERIFIED_SCALE,https://www.data.go.kr/data/15134343/openapi.do,2026-10-07T08:12:52+09:00
2024.02,853400,27,대구광역시 달서구,348,API_EXP_USD_AMT_UNVERIFIED_SCALE,https://www.data.go.kr/data/15134343/openapi.do,2026-10-07T08:12:52+09:00
2024.02,853400,27,대구광역시 달성군,37100,API_EXP_USD_AMT_UNVERIFIED_SCALE,https://www.data.go.kr/data/15134343/openapi.do,2026-10-07T08:12:52+09:00
2024.02,853400,27,대구광역시 동구,0,API_EXP_USD_AMT_UNVERIFIED_SCALE,https://www.data.go.kr/data/15134343/openapi.do,2026-10-07T08:12:52+09:00
2024.02,853400,27,대구광역시 북구,0,API_EXP_USD_AMT_UNVERIFIED_SCALE,https://www.data.go.kr/data/15134343/openapi.do,2026-10-07T08:12:52+09:00
2024.02,853400,27,대구광역시 서구,12,API_EXP_USD_AMT_UNVERIFIED_SCALE,https://www.data.go.kr/data/15134343/openapi.do,2026-10-07T08:12:52+09:00
2024.02,853400,27,대구광역시 수성구,0,API_EXP_USD_AMT_UNVERIFIED_SCALE,https://www.data.go.kr/data/15134343/openapi.do,2026-10-07T08:12:52+09:00
2024.02,853400,27,대구광역시 중구,0,API_EXP_USD_AMT_UNVERIFIED_SCALE,https://www.data.go.kr/data/15134343/openapi.do,2026-10-07T08:12:52+09:00
2024.02,853400,41,경기도 고양시,346,API_EXP_USD_AMT_UNVERIFIED_SCALE,https://www.data.go.kr/data/15134343/openapi.do,2026-10-07T08:12:52+09:00
2024.02,853400,41,경기도 과천시,0,API_EXP_USD_AMT_UNVERIFIED_SCALE,https://www.data.go.kr/data/15134343/openapi.do,2026-10-07T08:12:52+09:00
2024.02,853400,41,경기도 광명시,14,API_EXP_USD_AMT_UNVERIFIED_SCALE,https://www.data.go.kr/data/15134343/openapi.do,2026-10-07T08:12:52+09:00
2024.02,853400,41,경기도 광주시,0,API_EXP_USD_AMT_UNVERIFIED_SCALE,https://www.data.go.kr/data/15134343/openapi.do,2026-10-07T08:12:52+09:00
2024.02,853400,41,경기도 군포시,127,API_EXP_USD_AMT_UNVERIFIED_SCALE,https://www.data.go.kr/data/15134343/openapi.do,2026-10-07T08:12:52+09:00
2024.02,853400,41,경기도 김포시,85,API_EXP_USD_AMT_UNVERIFIED_SCALE,https://www.data.go.kr/data/15134343/openapi.do,2026-10-07T08:12:52+09:00
2024.02,853400,41,경기도 남양주시,0,API_EXP_USD_AMT_UNVERIFIED_SCALE,https://www.data.go.kr/data/15134343/openapi.do,2026-10-07T08:12:52+09:00
2024.02,853400,41,경기도 동두천시,349,API_EXP_USD_AMT_UNVERIFIED_SCALE,https://www.data.go.kr/data/15134343/openapi.do,2026-10-07T08:12:52+09:00
2024.02,853400,41,경기도 부천시,201,API_EXP_USD_AMT_UNVERIFIED_SCALE,https://www.data.go.kr/data/15134343/openapi.do,2026-10-07T08:12:52+09:00
2024.02,853400,41,경기도 성남시,2295,API_EXP_USD_AMT_UNVERIFIED_SCALE,https://www.data.go.kr/data/15134343/openapi.do,2026-10-07T08:12:52+09:00
2024.02,853400,41,경기도 수원시,29964,API_EXP_USD_AMT_UNVERIFIED_SCALE,https://www.data.go.kr/data/15134343/openapi.do,2026-10-07T08:12:52+09:00
2024.02,853400,41,경기도 시흥시,1666,API_EXP_USD_AMT_UNVERIFIED_SCALE,https://www.data.go.kr/data/15134343/openapi.do,2026-10-07T08:12:52+09:00
2024.02,853400,41,경기도 안산시,95366,API_EXP_USD_AMT_UNVERIFIED_SCALE,https://www.data.go.kr/data/15134343/openapi.do,2026-10-07T08:12:52+09:00
2024.02,853400,41,경기도 안성시,11433,API_EXP_USD_AMT_UNVERIFIED_SCALE,https://www.data.go.kr/data/15134343/openapi.do,2026-10-07T08:12:52+09:00
2024.02,853400,41,경기도 안양시,775,API_EXP_USD_AMT_UNVERIFIED_SCALE,https://www.data.go.kr/data/15134343/openapi.do,2026-10-07T08:12:52+09:00
2024.02,853400,41,경기도 양주시,34,API_EXP_USD_AMT_UNVERIFIED_SCALE,https://www.data.go.kr/data/15134343/openapi.do,2026-10-07T08:12:52+09:00
2024.02,853400,41,경기도 여주군,0,API_EXP_USD_AMT_UNVERIFIED_SCALE,https://www.data.go.kr/data/15134343/openapi.do,2026-10-07T08:12:52+09:00
2024.02,853400,41,경기도 연천군,0,API_EXP_USD_AMT_UNVERIFIED_SCALE,https://www.data.go.kr/data/15134343/openapi.do,2026-10-07T08:12:52+09:00
2024.02,853400,41,경기도 오산시,13,API_EXP_USD_AMT_UNVERIFIED_SCALE,https://www.data.go.kr/data/15134343/openapi.do,2026-10-07T08:12:52+09:00
2024.02,853400,41,경기도 용인시,405,API_EXP_USD_AMT_UNVERIFIED_SCALE,https://www.data.go.kr/data/15134343/openapi.do,2026-10-07T08:12:52+09:00
2024.02,853400,41,경기도 의왕시,1,API_EXP_USD_AMT_UNVERIFIED_SCALE,https://www.data.go.kr/data/15134343/openapi.do,2026-10-07T08:12:52+09:00
2024.02,853400,41,경기도 의정부시,18,API_EXP_USD_AMT_UNVERIFIED_SCALE,https://www.data.go.kr/data/15134343/openapi.do,2026-10-07T08:12:52+09:00
2024.02,853400,41,경기도 이천시,395,API_EXP_USD_AMT_UNVERIFIED_SCALE,https://www.data.go.kr/data/15134343/openapi.do,2026-10-07T08:12:52+09:00
2024.02,853400,41,경기도 파주시,961,API_EXP_USD_AMT_UNVERIFIED_SCALE,https://www.data.go.kr/data/15134343/openapi.do,2026-10-07T08:12:52+09:00
2024.02,853400,41,경기도 평택시,3417,API_EXP_USD_AMT_UNVERIFIED_SCALE,https://www.data.go.kr/data/15134343/openapi.do,2026-10-07T08:12:52+09:00
2024.02,853400,41,경기도 포천군,0,API_EXP_USD_AMT_UNVERIFIED_SCALE,https://www.data.go.kr/data/15134343/openapi.do,2026-10-07T08:12:52+09:00
2024.02,853400,41,경기도 하남시,0,API_EXP_USD_AMT_UNVERIFIED_SCALE,https://www.data.go.kr/data/15134343/openapi.do,2026-10-07T08:12:52+09:00
2024.02,853400,41,경기도 화성시,706,API_EXP_USD_AMT_UNVERIFIED_SCALE,https://www.data.go.kr/data/15134343/openapi.do,2026-10-07T08:12:52+09:00
2024.02,853400,43,충청북도 음성군,0,API_EXP_USD_AMT_UNVERIFIED_SCALE,https://www.data.go.kr/data/15134343/openapi.do,2026-10-07T08:12:52+09:00
2024.02,853400,43,충청북도 제천시,5,API_EXP_USD_AMT_UNVERIFIED_SCALE,https://www.data.go.kr/data/15134343/openapi.do,2026-10-07T08:12:52+09:00
2024.02,853400,43,충청북도 증평군,779,API_EXP_USD_AMT_UNVERIFIED_SCALE,https://www.data.go.kr/data/15134343/openapi.do,2026-10-07T08:12:52+09:00
2024.02,853400,43,충청북도 진천군,146,API_EXP_USD_AMT_UNVERIFIED_SCALE,https://www.data.go.kr/data/15134343/openapi.do,2026-10-07T08:12:52+09:00
2024.02,853400,43,충청북도 청주시,32533,API_EXP_USD_AMT_UNVERIFIED_SCALE,https://www.data.go.kr/data/15134343/openapi.do,2026-10-07T08:12:52+09:00
2024.02,853400,43,충청북도 충주시,0,API_EXP_USD_AMT_UNVERIFIED_SCALE,https://www.data.go.kr/data/15134343/openapi.do,2026-10-07T08:12:52+09:00
2024.03,330499,36,세종특별자치시,2936,API_EXP_USD_AMT_UNVERIFIED_SCALE,https://www.data.go.kr/data/15134343/openapi.do,2026-10-07T08:12:52+09:00
2024.03,330499,41,경기도 가평군,60,API_EXP_USD_AMT_UNVERIFIED_SCALE,https://www.data.go.kr/data/15134343/openapi.do,2026-10-07T08:12:52+09:00
2024.03,330499,41,경기도 고양시,12678,API_EXP_USD_AMT_UNVERIFIED_SCALE,https://www.data.go.kr/data/15134343/openapi.do,2026-10-07T08:12:52+09:00
2024.03,330499,41,경기도 과천시,9,API_EXP_USD_AMT_UNVERIFIED_SCALE,https://www.data.go.kr/data/15134343/openapi.do,2026-10-07T08:12:52+09:00
2024.03,330499,41,경기도 광명시,1550,API_EXP_USD_AMT_UNVERIFIED_SCALE,https://www.data.go.kr/data/15134343/openapi.do,2026-10-07T08:12:52+09:00
2024.03,330499,41,경기도 광주시,1620,API_EXP_USD_AMT_UNVERIFIED_SCALE,https://www.data.go.kr/data/15134343/openapi.do,2026-10-07T08:12:52+09:00
2024.03,330499,41,경기도 구리시,351,API_EXP_USD_AMT_UNVERIFIED_SCALE,https://www.data.go.kr/data/15134343/openapi.do,2026-10-07T08:12:52+09:00
2024.03,330499,41,경기도 군포시,914,API_EXP_USD_AMT_UNVERIFIED_SCALE,https://www.data.go.kr/data/15134343/openapi.do,2026-10-07T08:12:52+09:00
2024.03,330499,41,경기도 김포시,39181,API_EXP_USD_AMT_UNVERIFIED_SCALE,https://www.data.go.kr/data/15134343/openapi.do,2026-10-07T08:12:52+09:00
2024.03,330499,41,경기도 남양주시,4324,API_EXP_USD_AMT_UNVERIFIED_SCALE,https://www.data.go.kr/data/15134343/openapi.do,2026-10-07T08:12:52+09:00
2024.03,330499,41,경기도 동두천시,0,API_EXP_USD_AMT_UNVERIFIED_SCALE,https://www.data.go.kr/data/15134343/openapi.do,2026-10-07T08:12:52+09:00
2024.03,330499,41,경기도 부천시,4673,API_EXP_USD_AMT_UNVERIFIED_SCALE,https://www.data.go.kr/data/15134343/openapi.do,2026-10-07T08:12:52+09:00
2024.03,330499,41,경기도 성남시,29915,API_EXP_USD_AMT_UNVERIFIED_SCALE,https://www.data.go.kr/data/15134343/openapi.do,2026-10-07T08:12:52+09:00
2024.03,330499,41,경기도 수원시,3078,API_EXP_USD_AMT_UNVERIFIED_SCALE,https://www.data.go.kr/data/15134343/openapi.do,2026-10-07T08:12:52+09:00
2024.03,330499,41,경기도 시흥시,4539,API_EXP_USD_AMT_UNVERIFIED_SCALE,https://www.data.go.kr/data/15134343/openapi.do,2026-10-07T08:12:52+09:00
2024.03,330499,41,경기도 안산시,1787,API_EXP_USD_AMT_UNVERIFIED_SCALE,https://www.data.go.kr/data/15134343/openapi.do,2026-10-07T08:12:52+09:00
2024.03,330499,41,경기도 안성시,1959,API_EXP_USD_AMT_UNVERIFIED_SCALE,https://www.data.go.kr/data/15134343/openapi.do,2026-10-07T08:12:52+09:00
2024.03,330499,41,경기도 안양시,10231,API_EXP_USD_AMT_UNVERIFIED_SCALE,https://www.data.go.kr/data/15134343/openapi.do,2026-10-07T08:12:52+09:00
2024.03,330499,41,경기도 양주시,756,API_EXP_USD_AMT_UNVERIFIED_SCALE,https://www.data.go.kr/data/15134343/openapi.do,2026-10-07T08:12:52+09:00
2024.03,330499,41,경기도 양평군,3,API_EXP_USD_AMT_UNVERIFIED_SCALE,https://www.data.go.kr/data/15134343/openapi.do,2026-10-07T08:12:52+09:00
2024.03,330499,41,경기도 여주군,41,API_EXP_USD_AMT_UNVERIFIED_SCALE,https://www.data.go.kr/data/15134343/openapi.do,2026-10-07T08:12:52+09:00
2024.03,330499,41,경기도 연천군,7,API_EXP_USD_AMT_UNVERIFIED_SCALE,https://www.data.go.kr/data/15134343/openapi.do,2026-10-07T08:12:52+09:00
2024.03,330499,41,경기도 오산시,10880,API_EXP_USD_AMT_UNVERIFIED_SCALE,https://www.data.go.kr/data/15134343/openapi.do,2026-10-07T08:12:52+09:00
2024.03,330499,41,경기도 용인시,2430,API_EXP_USD_AMT_UNVERIFIED_SCALE,https://www.data.go.kr/data/15134343/openapi.do,2026-10-07T08:12:52+09:00
2024.03,330499,41,경기도 의왕시,244,API_EXP_USD_AMT_UNVERIFIED_SCALE,https://www.data.go.kr/data/15134343/openapi.do,2026-10-07T08:12:52+09:00
2024.03,330499,41,경기도 의정부시,250,API_EXP_USD_AMT_UNVERIFIED_SCALE,https://www.data.go.kr/data/15134343/openapi.do,2026-10-07T08:12:52+09:00
2024.03,330499,41,경기도 이천시,198,API_EXP_USD_AMT_UNVERIFIED_SCALE,https://www.data.go.kr/data/15134343/openapi.do,2026-10-07T08:12:52+09:00
2024.03,330499,41,경기도 파주시,2084,API_EXP_USD_AMT_UNVERIFIED_SCALE,https://www.data.go.kr/data/15134343/openapi.do,2026-10-07T08:12:52+09:00
2024.03,330499,41,경기도 평택시,1524,API_EXP_USD_AMT_UNVERIFIED_SCALE,https://www.data.go.kr/data/15134343/openapi.do,2026-10-07T08:12:52+09:00
2024.03,330499,41,경기도 포천군,655,API_EXP_USD_AMT_UNVERIFIED_SCALE,https://www.data.go.kr/data/15134343/openapi.do,2026-10-07T08:12:52+09:00
2024.03,330499,41,경기도 하남시,3518,API_EXP_USD_AMT_UNVERIFIED_SCALE,https://www.data.go.kr/data/15134343/openapi.do,2026-10-07T08:12:52+09:00
2024.03,330499,41,경기도 화성시,17327,API_EXP_USD_AMT_UNVERIFIED_SCALE,https://www.data.go.kr/data/15134343/openapi.do,2026-10-07T08:12:52+09:00
2024.03,853400,27,대구광역시 군위군,0,API_EXP_USD_AMT_UNVERIFIED_SCALE,https://www.data.go.kr/data/15134343/openapi.do,2026-10-07T08:12:52+09:00
2024.03,853400,27,대구광역시 남구,0,API_EXP_USD_AMT_UNVERIFIED_SCALE,https://www.data.go.kr/data/15134343/openapi.do,2026-10-07T08:12:52+09:00
2024.03,853400,27,대구광역시 달서구,437,API_EXP_USD_AMT_UNVERIFIED_SCALE,https://www.data.go.kr/data/15134343/openapi.do,2026-10-07T08:12:52+09:00
2024.03,853400,27,대구광역시 달성군,36024,API_EXP_USD_AMT_UNVERIFIED_SCALE,https://www.data.go.kr/data/15134343/openapi.do,2026-10-07T08:12:52+09:00
2024.03,853400,27,대구광역시 동구,0,API_EXP_USD_AMT_UNVERIFIED_SCALE,https://www.data.go.kr/data/15134343/openapi.do,2026-10-07T08:12:52+09:00
2024.03,853400,27,대구광역시 북구,0,API_EXP_USD_AMT_UNVERIFIED_SCALE,https://www.data.go.kr/data/15134343/openapi.do,2026-10-07T08:12:52+09:00
2024.03,853400,27,대구광역시 서구,15,API_EXP_USD_AMT_UNVERIFIED_SCALE,https://www.data.go.kr/data/15134343/openapi.do,2026-10-07T08:12:52+09:00
2024.03,853400,41,경기도 고양시,256,API_EXP_USD_AMT_UNVERIFIED_SCALE,https://www.data.go.kr/data/15134343/openapi.do,2026-10-07T08:12:52+09:00
2024.03,853400,41,경기도 과천시,9,API_EXP_USD_AMT_UNVERIFIED_SCALE,https://www.data.go.kr/data/15134343/openapi.do,2026-10-07T08:12:52+09:00
2024.03,853400,41,경기도 광명시,17,API_EXP_USD_AMT_UNVERIFIED_SCALE,https://www.data.go.kr/data/15134343/openapi.do,2026-10-07T08:12:52+09:00
2024.03,853400,41,경기도 광주시,2,API_EXP_USD_AMT_UNVERIFIED_SCALE,https://www.data.go.kr/data/15134343/openapi.do,2026-10-07T08:12:52+09:00
2024.03,853400,41,경기도 군포시,124,API_EXP_USD_AMT_UNVERIFIED_SCALE,https://www.data.go.kr/data/15134343/openapi.do,2026-10-07T08:12:52+09:00
2024.03,853400,41,경기도 김포시,191,API_EXP_USD_AMT_UNVERIFIED_SCALE,https://www.data.go.kr/data/15134343/openapi.do,2026-10-07T08:12:52+09:00
2024.03,853400,41,경기도 남양주시,0,API_EXP_USD_AMT_UNVERIFIED_SCALE,https://www.data.go.kr/data/15134343/openapi.do,2026-10-07T08:12:52+09:00
2024.03,853400,41,경기도 동두천시,1103,API_EXP_USD_AMT_UNVERIFIED_SCALE,https://www.data.go.kr/data/15134343/openapi.do,2026-10-07T08:12:52+09:00
2024.03,853400,41,경기도 부천시,794,API_EXP_USD_AMT_UNVERIFIED_SCALE,https://www.data.go.kr/data/15134343/openapi.do,2026-10-07T08:12:52+09:00
2024.03,853400,41,경기도 성남시,2070,API_EXP_USD_AMT_UNVERIFIED_SCALE,https://www.data.go.kr/data/15134343/openapi.do,2026-10-07T08:12:52+09:00
2024.03,853400,41,경기도 수원시,31568,API_EXP_USD_AMT_UNVERIFIED_SCALE,https://www.data.go.kr/data/15134343/openapi.do,2026-10-07T08:12:52+09:00
2024.03,853400,41,경기도 시흥시,1955,API_EXP_USD_AMT_UNVERIFIED_SCALE,https://www.data.go.kr/data/15134343/openapi.do,2026-10-07T08:12:52+09:00
2024.03,853400,41,경기도 안산시,105642,API_EXP_USD_AMT_UNVERIFIED_SCALE,https://www.data.go.kr/data/15134343/openapi.do,2026-10-07T08:12:52+09:00
2024.03,853400,41,경기도 안성시,9706,API_EXP_USD_AMT_UNVERIFIED_SCALE,https://www.data.go.kr/data/15134343/openapi.do,2026-10-07T08:12:52+09:00
2024.03,853400,41,경기도 안양시,1465,API_EXP_USD_AMT_UNVERIFIED_SCALE,https://www.data.go.kr/data/15134343/openapi.do,2026-10-07T08:12:52+09:00
2024.03,853400,41,경기도 양주시,0,API_EXP_USD_AMT_UNVERIFIED_SCALE,https://www.data.go.kr/data/15134343/openapi.do,2026-10-07T08:12:52+09:00
2024.03,853400,41,경기도 양평군,1,API_EXP_USD_AMT_UNVERIFIED_SCALE,https://www.data.go.kr/data/15134343/openapi.do,2026-10-07T08:12:52+09:00
2024.03,853400,41,경기도 여주군,0,API_EXP_USD_AMT_UNVERIFIED_SCALE,https://www.data.go.kr/data/15134343/openapi.do,2026-10-07T08:12:52+09:00
2024.03,853400,41,경기도 오산시,3,API_EXP_USD_AMT_UNVERIFIED_SCALE,https://www.data.go.kr/data/15134343/openapi.do,2026-10-07T08:12:52+09:00
2024.03,853400,41,경기도 용인시,273,API_EXP_USD_AMT_UNVERIFIED_SCALE,https://www.data.go.kr/data/15134343/openapi.do,2026-10-07T08:12:52+09:00
2024.03,853400,41,경기도 의왕시,1,API_EXP_USD_AMT_UNVERIFIED_SCALE,https://www.data.go.kr/data/15134343/openapi.do,2026-10-07T08:12:52+09:00
2024.03,853400,41,경기도 의정부시,1,API_EXP_USD_AMT_UNVERIFIED_SCALE,https://www.data.go.kr/data/15134343/openapi.do,2026-10-07T08:12:52+09:00
2024.03,853400,41,경기도 이천시,76,API_EXP_USD_AMT_UNVERIFIED_SCALE,https://www.data.go.kr/data/15134343/openapi.do,2026-10-07T08:12:52+09:00
2024.03,853400,41,경기도 파주시,715,API_EXP_USD_AMT_UNVERIFIED_SCALE,https://www.data.go.kr/data/15134343/openapi.do,2026-10-07T08:12:52+09:00
2024.03,853400,41,경기도 평택시,2936,API_EXP_USD_AMT_UNVERIFIED_SCALE,https://www.data.go.kr/data/15134343/openapi.do,2026-10-07T08:12:52+09:00
2024.03,853400,41,경기도 포천군,8,API_EXP_USD_AMT_UNVERIFIED_SCALE,https://www.data.go.kr/data/15134343/openapi.do,2026-10-07T08:12:52+09:00
2024.03,853400,41,경기도 하남시,3,API_EXP_USD_AMT_UNVERIFIED_SCALE,https://www.data.go.kr/data/15134343/openapi.do,2026-10-07T08:12:52+09:00
2024.03,853400,41,경기도 화성시,794,API_EXP_USD_AMT_UNVERIFIED_SCALE,https://www.data.go.kr/data/15134343/openapi.do,2026-10-07T08:12:52+09:00
2024.03,853400,43,충청북도 제천시,0,API_EXP_USD_AMT_UNVERIFIED_SCALE,https://www.data.go.kr/data/15134343/openapi.do,2026-10-07T08:12:52+09:00
2024.03,853400,43,충청북도 증평군,686,API_EXP_USD_AMT_UNVERIFIED_SCALE,https://www.data.go.kr/data/15134343/openapi.do,2026-10-07T08:12:52+09:00
2024.03,853400,43,충청북도 진천군,197,API_EXP_USD_AMT_UNVERIFIED_SCALE,https://www.data.go.kr/data/15134343/openapi.do,2026-10-07T08:12:52+09:00
2024.03,853400,43,충청북도 청주시,34400,API_EXP_USD_AMT_UNVERIFIED_SCALE,https://www.data.go.kr/data/15134343/openapi.do,2026-10-07T08:12:52+09:00
2024.04,330499,36,세종특별자치시,5403,API_EXP_USD_AMT_UNVERIFIED_SCALE,https://www.data.go.kr/data/15134343/openapi.do,2026-10-07T08:12:52+09:00
2024.04,330499,41,경기도 가평군,51,API_EXP_USD_AMT_UNVERIFIED_SCALE,https://www.data.go.kr/data/15134343/openapi.do,2026-10-07T08:12:52+09:00
2024.04,330499,41,경기도 고양시,12643,API_EXP_USD_AMT_UNVERIFIED_SCALE,https://www.data.go.kr/data/15134343/openapi.do,2026-10-07T08:12:52+09:00
2024.04,330499,41,경기도 과천시,0,API_EXP_USD_AMT_UNVERIFIED_SCALE,https://www.data.go.kr/data/15134343/openapi.do,2026-10-07T08:12:52+09:00
2024.04,330499,41,경기도 광명시,2343,API_EXP_USD_AMT_UNVERIFIED_SCALE,https://www.data.go.kr/data/15134343/openapi.do,2026-10-07T08:12:52+09:00
2024.04,330499,41,경기도 광주시,392,API_EXP_USD_AMT_UNVERIFIED_SCALE,https://www.data.go.kr/data/15134343/openapi.do,2026-10-07T08:12:52+09:00
2024.04,330499,41,경기도 구리시,541,API_EXP_USD_AMT_UNVERIFIED_SCALE,https://www.data.go.kr/data/15134343/openapi.do,2026-10-07T08:12:52+09:00
2024.04,330499,41,경기도 군포시,690,API_EXP_USD_AMT_UNVERIFIED_SCALE,https://www.data.go.kr/data/15134343/openapi.do,2026-10-07T08:12:52+09:00
2024.04,330499,41,경기도 김포시,40179,API_EXP_USD_AMT_UNVERIFIED_SCALE,https://www.data.go.kr/data/15134343/openapi.do,2026-10-07T08:12:52+09:00
2024.04,330499,41,경기도 남양주시,5958,API_EXP_USD_AMT_UNVERIFIED_SCALE,https://www.data.go.kr/data/15134343/openapi.do,2026-10-07T08:12:52+09:00
2024.04,330499,41,경기도 동두천시,0,API_EXP_USD_AMT_UNVERIFIED_SCALE,https://www.data.go.kr/data/15134343/openapi.do,2026-10-07T08:12:52+09:00
2024.04,330499,41,경기도 부천시,4177,API_EXP_USD_AMT_UNVERIFIED_SCALE,https://www.data.go.kr/data/15134343/openapi.do,2026-10-07T08:12:52+09:00
2024.04,330499,41,경기도 성남시,37412,API_EXP_USD_AMT_UNVERIFIED_SCALE,https://www.data.go.kr/data/15134343/openapi.do,2026-10-07T08:12:52+09:00
2024.04,330499,41,경기도 수원시,2326,API_EXP_USD_AMT_UNVERIFIED_SCALE,https://www.data.go.kr/data/15134343/openapi.do,2026-10-07T08:12:52+09:00
2024.04,330499,41,경기도 시흥시,5382,API_EXP_USD_AMT_UNVERIFIED_SCALE,https://www.data.go.kr/data/15134343/openapi.do,2026-10-07T08:12:52+09:00
2024.04,330499,41,경기도 안산시,2086,API_EXP_USD_AMT_UNVERIFIED_SCALE,https://www.data.go.kr/data/15134343/openapi.do,2026-10-07T08:12:52+09:00
2024.04,330499,41,경기도 안성시,3307,API_EXP_USD_AMT_UNVERIFIED_SCALE,https://www.data.go.kr/data/15134343/openapi.do,2026-10-07T08:12:52+09:00
2024.04,330499,41,경기도 안양시,7617,API_EXP_USD_AMT_UNVERIFIED_SCALE,https://www.data.go.kr/data/15134343/openapi.do,2026-10-07T08:12:52+09:00
2024.04,330499,41,경기도 양주시,615,API_EXP_USD_AMT_UNVERIFIED_SCALE,https://www.data.go.kr/data/15134343/openapi.do,2026-10-07T08:12:52+09:00
2024.04,330499,41,경기도 양평군,0,API_EXP_USD_AMT_UNVERIFIED_SCALE,https://www.data.go.kr/data/15134343/openapi.do,2026-10-07T08:12:52+09:00
2024.04,330499,41,경기도 여주군,21,API_EXP_USD_AMT_UNVERIFIED_SCALE,https://www.data.go.kr/data/15134343/openapi.do,2026-10-07T08:12:52+09:00
2024.04,330499,41,경기도 연천군,0,API_EXP_USD_AMT_UNVERIFIED_SCALE,https://www.data.go.kr/data/15134343/openapi.do,2026-10-07T08:12:52+09:00
2024.04,330499,41,경기도 오산시,9877,API_EXP_USD_AMT_UNVERIFIED_SCALE,https://www.data.go.kr/data/15134343/openapi.do,2026-10-07T08:12:52+09:00
2024.04,330499,41,경기도 용인시,2895,API_EXP_USD_AMT_UNVERIFIED_SCALE,https://www.data.go.kr/data/15134343/openapi.do,2026-10-07T08:12:52+09:00
2024.04,330499,41,경기도 의왕시,187,API_EXP_USD_AMT_UNVERIFIED_SCALE,https://www.data.go.kr/data/15134343/openapi.do,2026-10-07T08:12:52+09:00
2024.04,330499,41,경기도 의정부시,109,API_EXP_USD_AMT_UNVERIFIED_SCALE,https://www.data.go.kr/data/15134343/openapi.do,2026-10-07T08:12:52+09:00
2024.04,330499,41,경기도 이천시,219,API_EXP_USD_AMT_UNVERIFIED_SCALE,https://www.data.go.kr/data/15134343/openapi.do,2026-10-07T08:12:52+09:00
2024.04,330499,41,경기도 파주시,2166,API_EXP_USD_AMT_UNVERIFIED_SCALE,https://www.data.go.kr/data/15134343/openapi.do,2026-10-07T08:12:52+09:00
2024.04,330499,41,경기도 평택시,1555,API_EXP_USD_AMT_UNVERIFIED_SCALE,https://www.data.go.kr/data/15134343/openapi.do,2026-10-07T08:12:52+09:00
2024.04,330499,41,경기도 포천군,299,API_EXP_USD_AMT_UNVERIFIED_SCALE,https://www.data.go.kr/data/15134343/openapi.do,2026-10-07T08:12:52+09:00
2024.04,330499,41,경기도 하남시,2697,API_EXP_USD_AMT_UNVERIFIED_SCALE,https://www.data.go.kr/data/15134343/openapi.do,2026-10-07T08:12:52+09:00
2024.04,330499,41,경기도 화성시,14427,API_EXP_USD_AMT_UNVERIFIED_SCALE,https://www.data.go.kr/data/15134343/openapi.do,2026-10-07T08:12:52+09:00
2024.04,853400,27,대구광역시 달서구,548,API_EXP_USD_AMT_UNVERIFIED_SCALE,https://www.data.go.kr/data/15134343/openapi.do,2026-10-07T08:12:52+09:00
2024.04,853400,27,대구광역시 달성군,43919,API_EXP_USD_AMT_UNVERIFIED_SCALE,https://www.data.go.kr/data/15134343/openapi.do,2026-10-07T08:12:52+09:00
2024.04,853400,27,대구광역시 동구,0,API_EXP_USD_AMT_UNVERIFIED_SCALE,https://www.data.go.kr/data/15134343/openapi.do,2026-10-07T08:12:52+09:00
2024.04,853400,27,대구광역시 북구,0,API_EXP_USD_AMT_UNVERIFIED_SCALE,https://www.data.go.kr/data/15134343/openapi.do,2026-10-07T08:12:52+09:00
2024.04,853400,27,대구광역시 서구,17,API_EXP_USD_AMT_UNVERIFIED_SCALE,https://www.data.go.kr/data/15134343/openapi.do,2026-10-07T08:12:52+09:00
2024.04,853400,27,대구광역시 수성구,0,API_EXP_USD_AMT_UNVERIFIED_SCALE,https://www.data.go.kr/data/15134343/openapi.do,2026-10-07T08:12:52+09:00
2024.04,853400,27,대구광역시 중구,0,API_EXP_USD_AMT_UNVERIFIED_SCALE,https://www.data.go.kr/data/15134343/openapi.do,2026-10-07T08:12:52+09:00
2024.04,853400,41,경기도 고양시,229,API_EXP_USD_AMT_UNVERIFIED_SCALE,https://www.data.go.kr/data/15134343/openapi.do,2026-10-07T08:12:52+09:00
2024.04,853400,41,경기도 과천시,39,API_EXP_USD_AMT_UNVERIFIED_SCALE,https://www.data.go.kr/data/15134343/openapi.do,2026-10-07T08:12:52+09:00
2024.04,853400,41,경기도 광명시,13,API_EXP_USD_AMT_UNVERIFIED_SCALE,https://www.data.go.kr/data/15134343/openapi.do,2026-10-07T08:12:52+09:00
2024.04,853400,41,경기도 광주시,1,API_EXP_USD_AMT_UNVERIFIED_SCALE,https://www.data.go.kr/data/15134343/openapi.do,2026-10-07T08:12:52+09:00
2024.04,853400,41,경기도 군포시,153,API_EXP_USD_AMT_UNVERIFIED_SCALE,https://www.data.go.kr/data/15134343/openapi.do,2026-10-07T08:12:52+09:00
2024.04,853400,41,경기도 김포시,650,API_EXP_USD_AMT_UNVERIFIED_SCALE,https://www.data.go.kr/data/15134343/openapi.do,2026-10-07T08:12:52+09:00
2024.04,853400,41,경기도 남양주시,0,API_EXP_USD_AMT_UNVERIFIED_SCALE,https://www.data.go.kr/data/15134343/openapi.do,2026-10-07T08:12:52+09:00
2024.04,853400,41,경기도 동두천시,1427,API_EXP_USD_AMT_UNVERIFIED_SCALE,https://www.data.go.kr/data/15134343/openapi.do,2026-10-07T08:12:52+09:00
2024.04,853400,41,경기도 부천시,303,API_EXP_USD_AMT_UNVERIFIED_SCALE,https://www.data.go.kr/data/15134343/openapi.do,2026-10-07T08:12:52+09:00
2024.04,853400,41,경기도 성남시,2950,API_EXP_USD_AMT_UNVERIFIED_SCALE,https://www.data.go.kr/data/15134343/openapi.do,2026-10-07T08:12:52+09:00
2024.04,853400,41,경기도 수원시,32765,API_EXP_USD_AMT_UNVERIFIED_SCALE,https://www.data.go.kr/data/15134343/openapi.do,2026-10-07T08:12:52+09:00
2024.04,853400,41,경기도 시흥시,2659,API_EXP_USD_AMT_UNVERIFIED_SCALE,https://www.data.go.kr/data/15134343/openapi.do,2026-10-07T08:12:52+09:00
2024.04,853400,41,경기도 안산시,105101,API_EXP_USD_AMT_UNVERIFIED_SCALE,https://www.data.go.kr/data/15134343/openapi.do,2026-10-07T08:12:52+09:00
2024.04,853400,41,경기도 안성시,9694,API_EXP_USD_AMT_UNVERIFIED_SCALE,https://www.data.go.kr/data/15134343/openapi.do,2026-10-07T08:12:52+09:00
2024.04,853400,41,경기도 안양시,1268,API_EXP_USD_AMT_UNVERIFIED_SCALE,https://www.data.go.kr/data/15134343/openapi.do,2026-10-07T08:12:52+09:00
2024.04,853400,41,경기도 양주시,6,API_EXP_USD_AMT_UNVERIFIED_SCALE,https://www.data.go.kr/data/15134343/openapi.do,2026-10-07T08:12:52+09:00
2024.04,853400,41,경기도 오산시,19,API_EXP_USD_AMT_UNVERIFIED_SCALE,https://www.data.go.kr/data/15134343/openapi.do,2026-10-07T08:12:52+09:00
2024.04,853400,41,경기도 용인시,656,API_EXP_USD_AMT_UNVERIFIED_SCALE,https://www.data.go.kr/data/15134343/openapi.do,2026-10-07T08:12:52+09:00
2024.04,853400,41,경기도 의왕시,0,API_EXP_USD_AMT_UNVERIFIED_SCALE,https://www.data.go.kr/data/15134343/openapi.do,2026-10-07T08:12:52+09:00
2024.04,853400,41,경기도 의정부시,7,API_EXP_USD_AMT_UNVERIFIED_SCALE,https://www.data.go.kr/data/15134343/openapi.do,2026-10-07T08:12:52+09:00
2024.04,853400,41,경기도 이천시,42,API_EXP_USD_AMT_UNVERIFIED_SCALE,https://www.data.go.kr/data/15134343/openapi.do,2026-10-07T08:12:52+09:00
2024.04,853400,41,경기도 파주시,173,API_EXP_USD_AMT_UNVERIFIED_SCALE,https://www.data.go.kr/data/15134343/openapi.do,2026-10-07T08:12:52+09:00
2024.04,853400,41,경기도 평택시,4071,API_EXP_USD_AMT_UNVERIFIED_SCALE,https://www.data.go.kr/data/15134343/openapi.do,2026-10-07T08:12:52+09:00
2024.04,853400,41,경기도 포천군,0,API_EXP_USD_AMT_UNVERIFIED_SCALE,https://www.data.go.kr/data/15134343/openapi.do,2026-10-07T08:12:52+09:00
2024.04,853400,41,경기도 하남시,0,API_EXP_USD_AMT_UNVERIFIED_SCALE,https://www.data.go.kr/data/15134343/openapi.do,2026-10-07T08:12:52+09:00
2024.04,853400,41,경기도 화성시,1124,API_EXP_USD_AMT_UNVERIFIED_SCALE,https://www.data.go.kr/data/15134343/openapi.do,2026-10-07T08:12:52+09:00
2024.04,853400,43,충청북도 음성군,0,API_EXP_USD_AMT_UNVERIFIED_SCALE,https://www.data.go.kr/data/15134343/openapi.do,2026-10-07T08:12:52+09:00
2024.04,853400,43,충청북도 제천시,5,API_EXP_USD_AMT_UNVERIFIED_SCALE,https://www.data.go.kr/data/15134343/openapi.do,2026-10-07T08:12:52+09:00
2024.04,853400,43,충청북도 증평군,945,API_EXP_USD_AMT_UNVERIFIED_SCALE,https://www.data.go.kr/data/15134343/openapi.do,2026-10-07T08:12:52+09:00
2024.04,853400,43,충청북도 진천군,97,API_EXP_USD_AMT_UNVERIFIED_SCALE,https://www.data.go.kr/data/15134343/openapi.do,2026-10-07T08:12:52+09:00
2024.04,853400,43,충청북도 청주시,32098,API_EXP_USD_AMT_UNVERIFIED_SCALE,https://www.data.go.kr/data/15134343/openapi.do,2026-10-07T08:12:52+09:00
2024.04,853400,43,충청북도 충주시,0,API_EXP_USD_AMT_UNVERIFIED_SCALE,https://www.data.go.kr/data/15134343/openapi.do,2026-10-07T08:12:52+09:00
2024.05,330499,36,세종특별자치시,3000,API_EXP_USD_AMT_UNVERIFIED_SCALE,https://www.data.go.kr/data/15134343/openapi.do,2026-10-07T08:12:52+09:00
2024.05,330499,41,경기도 가평군,146,API_EXP_USD_AMT_UNVERIFIED_SCALE,https://www.data.go.kr/data/15134343/openapi.do,2026-10-07T08:12:52+09:00
2024.05,330499,41,경기도 고양시,12884,API_EXP_USD_AMT_UNVERIFIED_SCALE,https://www.data.go.kr/data/15134343/openapi.do,2026-10-07T08:12:52+09:00
2024.05,330499,41,경기도 과천시,4,API_EXP_USD_AMT_UNVERIFIED_SCALE,https://www.data.go.kr/data/15134343/openapi.do,2026-10-07T08:12:52+09:00
2024.05,330499,41,경기도 광명시,1046,API_EXP_USD_AMT_UNVERIFIED_SCALE,https://www.data.go.kr/data/15134343/openapi.do,2026-10-07T08:12:52+09:00
2024.05,330499,41,경기도 광주시,447,API_EXP_USD_AMT_UNVERIFIED_SCALE,https://www.data.go.kr/data/15134343/openapi.do,2026-10-07T08:12:52+09:00
2024.05,330499,41,경기도 구리시,588,API_EXP_USD_AMT_UNVERIFIED_SCALE,https://www.data.go.kr/data/15134343/openapi.do,2026-10-07T08:12:52+09:00
2024.05,330499,41,경기도 군포시,1079,API_EXP_USD_AMT_UNVERIFIED_SCALE,https://www.data.go.kr/data/15134343/openapi.do,2026-10-07T08:12:52+09:00
2024.05,330499,41,경기도 김포시,27799,API_EXP_USD_AMT_UNVERIFIED_SCALE,https://www.data.go.kr/data/15134343/openapi.do,2026-10-07T08:12:52+09:00
2024.05,330499,41,경기도 남양주시,5969,API_EXP_USD_AMT_UNVERIFIED_SCALE,https://www.data.go.kr/data/15134343/openapi.do,2026-10-07T08:12:52+09:00
2024.05,330499,41,경기도 동두천시,0,API_EXP_USD_AMT_UNVERIFIED_SCALE,https://www.data.go.kr/data/15134343/openapi.do,2026-10-07T08:12:52+09:00
2024.05,330499,41,경기도 부천시,5938,API_EXP_USD_AMT_UNVERIFIED_SCALE,https://www.data.go.kr/data/15134343/openapi.do,2026-10-07T08:12:52+09:00
2024.05,330499,41,경기도 성남시,33003,API_EXP_USD_AMT_UNVERIFIED_SCALE,https://www.data.go.kr/data/15134343/openapi.do,2026-10-07T08:12:52+09:00
2024.05,330499,41,경기도 수원시,4201,API_EXP_USD_AMT_UNVERIFIED_SCALE,https://www.data.go.kr/data/15134343/openapi.do,2026-10-07T08:12:52+09:00
2024.05,330499,41,경기도 시흥시,4333,API_EXP_USD_AMT_UNVERIFIED_SCALE,https://www.data.go.kr/data/15134343/openapi.do,2026-10-07T08:12:52+09:00
2024.05,330499,41,경기도 안산시,3428,API_EXP_USD_AMT_UNVERIFIED_SCALE,https://www.data.go.kr/data/15134343/openapi.do,2026-10-07T08:12:52+09:00
2024.05,330499,41,경기도 안성시,2980,API_EXP_USD_AMT_UNVERIFIED_SCALE,https://www.data.go.kr/data/15134343/openapi.do,2026-10-07T08:12:52+09:00
2024.05,330499,41,경기도 안양시,10427,API_EXP_USD_AMT_UNVERIFIED_SCALE,https://www.data.go.kr/data/15134343/openapi.do,2026-10-07T08:12:52+09:00
2024.05,330499,41,경기도 양주시,668,API_EXP_USD_AMT_UNVERIFIED_SCALE,https://www.data.go.kr/data/15134343/openapi.do,2026-10-07T08:12:52+09:00
2024.05,330499,41,경기도 양평군,41,API_EXP_USD_AMT_UNVERIFIED_SCALE,https://www.data.go.kr/data/15134343/openapi.do,2026-10-07T08:12:52+09:00
2024.05,330499,41,경기도 여주군,66,API_EXP_USD_AMT_UNVERIFIED_SCALE,https://www.data.go.kr/data/15134343/openapi.do,2026-10-07T08:12:52+09:00
2024.05,330499,41,경기도 연천군,0,API_EXP_USD_AMT_UNVERIFIED_SCALE,https://www.data.go.kr/data/15134343/openapi.do,2026-10-07T08:12:52+09:00
2024.05,330499,41,경기도 오산시,12905,API_EXP_USD_AMT_UNVERIFIED_SCALE,https://www.data.go.kr/data/15134343/openapi.do,2026-10-07T08:12:52+09:00
2024.05,330499,41,경기도 용인시,1672,API_EXP_USD_AMT_UNVERIFIED_SCALE,https://www.data.go.kr/data/15134343/openapi.do,2026-10-07T08:12:52+09:00
2024.05,330499,41,경기도 의왕시,320,API_EXP_USD_AMT_UNVERIFIED_SCALE,https://www.data.go.kr/data/15134343/openapi.do,2026-10-07T08:12:52+09:00
2024.05,330499,41,경기도 의정부시,430,API_EXP_USD_AMT_UNVERIFIED_SCALE,https://www.data.go.kr/data/15134343/openapi.do,2026-10-07T08:12:52+09:00
2024.05,330499,41,경기도 이천시,200,API_EXP_USD_AMT_UNVERIFIED_SCALE,https://www.data.go.kr/data/15134343/openapi.do,2026-10-07T08:12:52+09:00
2024.05,330499,41,경기도 파주시,1373,API_EXP_USD_AMT_UNVERIFIED_SCALE,https://www.data.go.kr/data/15134343/openapi.do,2026-10-07T08:12:52+09:00
2024.05,330499,41,경기도 평택시,1619,API_EXP_USD_AMT_UNVERIFIED_SCALE,https://www.data.go.kr/data/15134343/openapi.do,2026-10-07T08:12:52+09:00
2024.05,330499,41,경기도 포천군,282,API_EXP_USD_AMT_UNVERIFIED_SCALE,https://www.data.go.kr/data/15134343/openapi.do,2026-10-07T08:12:52+09:00
2024.05,330499,41,경기도 하남시,2110,API_EXP_USD_AMT_UNVERIFIED_SCALE,https://www.data.go.kr/data/15134343/openapi.do,2026-10-07T08:12:52+09:00
2024.05,330499,41,경기도 화성시,19034,API_EXP_USD_AMT_UNVERIFIED_SCALE,https://www.data.go.kr/data/15134343/openapi.do,2026-10-07T08:12:52+09:00
2024.05,853400,27,대구광역시 남구,0,API_EXP_USD_AMT_UNVERIFIED_SCALE,https://www.data.go.kr/data/15134343/openapi.do,2026-10-07T08:12:52+09:00
2024.05,853400,27,대구광역시 달서구,491,API_EXP_USD_AMT_UNVERIFIED_SCALE,https://www.data.go.kr/data/15134343/openapi.do,2026-10-07T08:12:52+09:00
2024.05,853400,27,대구광역시 달성군,40852,API_EXP_USD_AMT_UNVERIFIED_SCALE,https://www.data.go.kr/data/15134343/openapi.do,2026-10-07T08:12:52+09:00
2024.05,853400,27,대구광역시 북구,0,API_EXP_USD_AMT_UNVERIFIED_SCALE,https://www.data.go.kr/data/15134343/openapi.do,2026-10-07T08:12:52+09:00
2024.05,853400,27,대구광역시 서구,25,API_EXP_USD_AMT_UNVERIFIED_SCALE,https://www.data.go.kr/data/15134343/openapi.do,2026-10-07T08:12:52+09:00
2024.05,853400,27,대구광역시 수성구,0,API_EXP_USD_AMT_UNVERIFIED_SCALE,https://www.data.go.kr/data/15134343/openapi.do,2026-10-07T08:12:52+09:00
2024.05,853400,27,대구광역시 중구,0,API_EXP_USD_AMT_UNVERIFIED_SCALE,https://www.data.go.kr/data/15134343/openapi.do,2026-10-07T08:12:52+09:00
2024.05,853400,41,경기도 고양시,368,API_EXP_USD_AMT_UNVERIFIED_SCALE,https://www.data.go.kr/data/15134343/openapi.do,2026-10-07T08:12:52+09:00
2024.05,853400,41,경기도 과천시,103,API_EXP_USD_AMT_UNVERIFIED_SCALE,https://www.data.go.kr/data/15134343/openapi.do,2026-10-07T08:12:52+09:00
2024.05,853400,41,경기도 광명시,15,API_EXP_USD_AMT_UNVERIFIED_SCALE,https://www.data.go.kr/data/15134343/openapi.do,2026-10-07T08:12:52+09:00
2024.05,853400,41,경기도 광주시,1,API_EXP_USD_AMT_UNVERIFIED_SCALE,https://www.data.go.kr/data/15134343/openapi.do,2026-10-07T08:12:52+09:00
2024.05,853400,41,경기도 구리시,0,API_EXP_USD_AMT_UNVERIFIED_SCALE,https://www.data.go.kr/data/15134343/openapi.do,2026-10-07T08:12:52+09:00
2024.05,853400,41,경기도 군포시,159,API_EXP_USD_AMT_UNVERIFIED_SCALE,https://www.data.go.kr/data/15134343/openapi.do,2026-10-07T08:12:52+09:00
2024.05,853400,41,경기도 김포시,861,API_EXP_USD_AMT_UNVERIFIED_SCALE,https://www.data.go.kr/data/15134343/openapi.do,2026-10-07T08:12:52+09:00
2024.05,853400,41,경기도 남양주시,13,API_EXP_USD_AMT_UNVERIFIED_SCALE,https://www.data.go.kr/data/15134343/openapi.do,2026-10-07T08:12:52+09:00
2024.05,853400,41,경기도 동두천시,1259,API_EXP_USD_AMT_UNVERIFIED_SCALE,https://www.data.go.kr/data/15134343/openapi.do,2026-10-07T08:12:52+09:00
2024.05,853400,41,경기도 부천시,411,API_EXP_USD_AMT_UNVERIFIED_SCALE,https://www.data.go.kr/data/15134343/openapi.do,2026-10-07T08:12:52+09:00
2024.05,853400,41,경기도 성남시,1830,API_EXP_USD_AMT_UNVERIFIED_SCALE,https://www.data.go.kr/data/15134343/openapi.do,2026-10-07T08:12:52+09:00
2024.05,853400,41,경기도 수원시,35122,API_EXP_USD_AMT_UNVERIFIED_SCALE,https://www.data.go.kr/data/15134343/openapi.do,2026-10-07T08:12:52+09:00
2024.05,853400,41,경기도 시흥시,2703,API_EXP_USD_AMT_UNVERIFIED_SCALE,https://www.data.go.kr/data/15134343/openapi.do,2026-10-07T08:12:52+09:00
2024.05,853400,41,경기도 안산시,118453,API_EXP_USD_AMT_UNVERIFIED_SCALE,https://www.data.go.kr/data/15134343/openapi.do,2026-10-07T08:12:52+09:00
2024.05,853400,41,경기도 안성시,10001,API_EXP_USD_AMT_UNVERIFIED_SCALE,https://www.data.go.kr/data/15134343/openapi.do,2026-10-07T08:12:52+09:00
2024.05,853400,41,경기도 안양시,1666,API_EXP_USD_AMT_UNVERIFIED_SCALE,https://www.data.go.kr/data/15134343/openapi.do,2026-10-07T08:12:52+09:00
2024.05,853400,41,경기도 양주시,12,API_EXP_USD_AMT_UNVERIFIED_SCALE,https://www.data.go.kr/data/15134343/openapi.do,2026-10-07T08:12:52+09:00
2024.05,853400,41,경기도 양평군,2,API_EXP_USD_AMT_UNVERIFIED_SCALE,https://www.data.go.kr/data/15134343/openapi.do,2026-10-07T08:12:52+09:00
2024.05,853400,41,경기도 오산시,10,API_EXP_USD_AMT_UNVERIFIED_SCALE,https://www.data.go.kr/data/15134343/openapi.do,2026-10-07T08:12:52+09:00
2024.05,853400,41,경기도 용인시,307,API_EXP_USD_AMT_UNVERIFIED_SCALE,https://www.data.go.kr/data/15134343/openapi.do,2026-10-07T08:12:52+09:00
2024.05,853400,41,경기도 의왕시,16,API_EXP_USD_AMT_UNVERIFIED_SCALE,https://www.data.go.kr/data/15134343/openapi.do,2026-10-07T08:12:52+09:00
2024.05,853400,41,경기도 의정부시,29,API_EXP_USD_AMT_UNVERIFIED_SCALE,https://www.data.go.kr/data/15134343/openapi.do,2026-10-07T08:12:52+09:00
2024.05,853400,41,경기도 이천시,48,API_EXP_USD_AMT_UNVERIFIED_SCALE,https://www.data.go.kr/data/15134343/openapi.do,2026-10-07T08:12:52+09:00
2024.05,853400,41,경기도 파주시,634,API_EXP_USD_AMT_UNVERIFIED_SCALE,https://www.data.go.kr/data/15134343/openapi.do,2026-10-07T08:12:52+09:00
2024.05,853400,41,경기도 평택시,4368,API_EXP_USD_AMT_UNVERIFIED_SCALE,https://www.data.go.kr/data/15134343/openapi.do,2026-10-07T08:12:52+09:00
2024.05,853400,41,경기도 포천군,0,API_EXP_USD_AMT_UNVERIFIED_SCALE,https://www.data.go.kr/data/15134343/openapi.do,2026-10-07T08:12:52+09:00
2024.05,853400,41,경기도 하남시,6,API_EXP_USD_AMT_UNVERIFIED_SCALE,https://www.data.go.kr/data/15134343/openapi.do,2026-10-07T08:12:52+09:00
2024.05,853400,41,경기도 화성시,999,API_EXP_USD_AMT_UNVERIFIED_SCALE,https://www.data.go.kr/data/15134343/openapi.do,2026-10-07T08:12:52+09:00
2024.05,853400,43,충청북도 괴산군,0,API_EXP_USD_AMT_UNVERIFIED_SCALE,https://www.data.go.kr/data/15134343/openapi.do,2026-10-07T08:12:52+09:00
2024.05,853400,43,충청북도 음성군,43,API_EXP_USD_AMT_UNVERIFIED_SCALE,https://www.data.go.kr/data/15134343/openapi.do,2026-10-07T08:12:52+09:00
2024.05,853400,43,충청북도 제천시,0,API_EXP_USD_AMT_UNVERIFIED_SCALE,https://www.data.go.kr/data/15134343/openapi.do,2026-10-07T08:12:52+09:00
2024.05,853400,43,충청북도 증평군,1103,API_EXP_USD_AMT_UNVERIFIED_SCALE,https://www.data.go.kr/data/15134343/openapi.do,2026-10-07T08:12:52+09:00
2024.05,853400,43,충청북도 진천군,135,API_EXP_USD_AMT_UNVERIFIED_SCALE,https://www.data.go.kr/data/15134343/openapi.do,2026-10-07T08:12:52+09:00
2024.05,853400,43,충청북도 청주시,32673,API_EXP_USD_AMT_UNVERIFIED_SCALE,https://www.data.go.kr/data/15134343/openapi.do,2026-10-07T08:12:52+09:00
2024.06,330499,36,세종특별자치시,3757,API_EXP_USD_AMT_UNVERIFIED_SCALE,https://www.data.go.kr/data/15134343/openapi.do,2026-10-07T08:12:52+09:00
2024.06,330499,41,경기도 가평군,175,API_EXP_USD_AMT_UNVERIFIED_SCALE,https://www.data.go.kr/data/15134343/openapi.do,2026-10-07T08:12:52+09:00
2024.06,330499,41,경기도 고양시,11005,API_EXP_USD_AMT_UNVERIFIED_SCALE,https://www.data.go.kr/data/15134343/openapi.do,2026-10-07T08:12:52+09:00
2024.06,330499,41,경기도 과천시,5,API_EXP_USD_AMT_UNVERIFIED_SCALE,https://www.data.go.kr/data/15134343/openapi.do,2026-10-07T08:12:52+09:00
2024.06,330499,41,경기도 광명시,2696,API_EXP_USD_AMT_UNVERIFIED_SCALE,https://www.data.go.kr/data/15134343/openapi.do,2026-10-07T08:12:52+09:00
2024.06,330499,41,경기도 광주시,909,API_EXP_USD_AMT_UNVERIFIED_SCALE,https://www.data.go.kr/data/15134343/openapi.do,2026-10-07T08:12:52+09:00
2024.06,330499,41,경기도 구리시,637,API_EXP_USD_AMT_UNVERIFIED_SCALE,https://www.data.go.kr/data/15134343/openapi.do,2026-10-07T08:12:52+09:00
2024.06,330499,41,경기도 군포시,870,API_EXP_USD_AMT_UNVERIFIED_SCALE,https://www.data.go.kr/data/15134343/openapi.do,2026-10-07T08:12:52+09:00
2024.06,330499,41,경기도 김포시,24634,API_EXP_USD_AMT_UNVERIFIED_SCALE,https://www.data.go.kr/data/15134343/openapi.do,2026-10-07T08:12:52+09:00
2024.06,330499,41,경기도 남양주시,3488,API_EXP_USD_AMT_UNVERIFIED_SCALE,https://www.data.go.kr/data/15134343/openapi.do,2026-10-07T08:12:52+09:00
2024.06,330499,41,경기도 동두천시,0,API_EXP_USD_AMT_UNVERIFIED_SCALE,https://www.data.go.kr/data/15134343/openapi.do,2026-10-07T08:12:52+09:00
2024.06,330499,41,경기도 부천시,5538,API_EXP_USD_AMT_UNVERIFIED_SCALE,https://www.data.go.kr/data/15134343/openapi.do,2026-10-07T08:12:52+09:00
2024.06,330499,41,경기도 성남시,31703,API_EXP_USD_AMT_UNVERIFIED_SCALE,https://www.data.go.kr/data/15134343/openapi.do,2026-10-07T08:12:52+09:00
2024.06,330499,41,경기도 수원시,4875,API_EXP_USD_AMT_UNVERIFIED_SCALE,https://www.data.go.kr/data/15134343/openapi.do,2026-10-07T08:12:52+09:00
2024.06,330499,41,경기도 시흥시,3965,API_EXP_USD_AMT_UNVERIFIED_SCALE,https://www.data.go.kr/data/15134343/openapi.do,2026-10-07T08:12:52+09:00
2024.06,330499,41,경기도 안산시,1511,API_EXP_USD_AMT_UNVERIFIED_SCALE,https://www.data.go.kr/data/15134343/openapi.do,2026-10-07T08:12:52+09:00
2024.06,330499,41,경기도 안성시,2861,API_EXP_USD_AMT_UNVERIFIED_SCALE,https://www.data.go.kr/data/15134343/openapi.do,2026-10-07T08:12:52+09:00
2024.06,330499,41,경기도 안양시,13811,API_EXP_USD_AMT_UNVERIFIED_SCALE,https://www.data.go.kr/data/15134343/openapi.do,2026-10-07T08:12:52+09:00
2024.06,330499,41,경기도 양주시,169,API_EXP_USD_AMT_UNVERIFIED_SCALE,https://www.data.go.kr/data/15134343/openapi.do,2026-10-07T08:12:52+09:00
2024.06,330499,41,경기도 양평군,1,API_EXP_USD_AMT_UNVERIFIED_SCALE,https://www.data.go.kr/data/15134343/openapi.do,2026-10-07T08:12:52+09:00
2024.06,330499,41,경기도 여주군,65,API_EXP_USD_AMT_UNVERIFIED_SCALE,https://www.data.go.kr/data/15134343/openapi.do,2026-10-07T08:12:52+09:00
2024.06,330499,41,경기도 연천군,0,API_EXP_USD_AMT_UNVERIFIED_SCALE,https://www.data.go.kr/data/15134343/openapi.do,2026-10-07T08:12:52+09:00
2024.06,330499,41,경기도 오산시,11810,API_EXP_USD_AMT_UNVERIFIED_SCALE,https://www.data.go.kr/data/15134343/openapi.do,2026-10-07T08:12:52+09:00
2024.06,330499,41,경기도 용인시,2765,API_EXP_USD_AMT_UNVERIFIED_SCALE,https://www.data.go.kr/data/15134343/openapi.do,2026-10-07T08:12:52+09:00
2024.06,330499,41,경기도 의왕시,398,API_EXP_USD_AMT_UNVERIFIED_SCALE,https://www.data.go.kr/data/15134343/openapi.do,2026-10-07T08:12:52+09:00
2024.06,330499,41,경기도 의정부시,349,API_EXP_USD_AMT_UNVERIFIED_SCALE,https://www.data.go.kr/data/15134343/openapi.do,2026-10-07T08:12:52+09:00
2024.06,330499,41,경기도 이천시,1492,API_EXP_USD_AMT_UNVERIFIED_SCALE,https://www.data.go.kr/data/15134343/openapi.do,2026-10-07T08:12:52+09:00
2024.06,330499,41,경기도 파주시,1417,API_EXP_USD_AMT_UNVERIFIED_SCALE,https://www.data.go.kr/data/15134343/openapi.do,2026-10-07T08:12:52+09:00
2024.06,330499,41,경기도 평택시,1867,API_EXP_USD_AMT_UNVERIFIED_SCALE,https://www.data.go.kr/data/15134343/openapi.do,2026-10-07T08:12:52+09:00
2024.06,330499,41,경기도 포천군,396,API_EXP_USD_AMT_UNVERIFIED_SCALE,https://www.data.go.kr/data/15134343/openapi.do,2026-10-07T08:12:52+09:00
2024.06,330499,41,경기도 하남시,3709,API_EXP_USD_AMT_UNVERIFIED_SCALE,https://www.data.go.kr/data/15134343/openapi.do,2026-10-07T08:12:52+09:00
2024.06,330499,41,경기도 화성시,18573,API_EXP_USD_AMT_UNVERIFIED_SCALE,https://www.data.go.kr/data/15134343/openapi.do,2026-10-07T08:12:52+09:00
2024.06,853400,27,대구광역시 남구,0,API_EXP_USD_AMT_UNVERIFIED_SCALE,https://www.data.go.kr/data/15134343/openapi.do,2026-10-07T08:12:52+09:00
2024.06,853400,27,대구광역시 달서구,451,API_EXP_USD_AMT_UNVERIFIED_SCALE,https://www.data.go.kr/data/15134343/openapi.do,2026-10-07T08:12:52+09:00
2024.06,853400,27,대구광역시 달성군,44601,API_EXP_USD_AMT_UNVERIFIED_SCALE,https://www.data.go.kr/data/15134343/openapi.do,2026-10-07T08:12:52+09:00
2024.06,853400,27,대구광역시 동구,0,API_EXP_USD_AMT_UNVERIFIED_SCALE,https://www.data.go.kr/data/15134343/openapi.do,2026-10-07T08:12:52+09:00
2024.06,853400,27,대구광역시 북구,5,API_EXP_USD_AMT_UNVERIFIED_SCALE,https://www.data.go.kr/data/15134343/openapi.do,2026-10-07T08:12:52+09:00
2024.06,853400,27,대구광역시 서구,12,API_EXP_USD_AMT_UNVERIFIED_SCALE,https://www.data.go.kr/data/15134343/openapi.do,2026-10-07T08:12:52+09:00
2024.06,853400,27,대구광역시 수성구,0,API_EXP_USD_AMT_UNVERIFIED_SCALE,https://www.data.go.kr/data/15134343/openapi.do,2026-10-07T08:12:52+09:00
2024.06,853400,41,경기도 가평군,0,API_EXP_USD_AMT_UNVERIFIED_SCALE,https://www.data.go.kr/data/15134343/openapi.do,2026-10-07T08:12:52+09:00
2024.06,853400,41,경기도 고양시,129,API_EXP_USD_AMT_UNVERIFIED_SCALE,https://www.data.go.kr/data/15134343/openapi.do,2026-10-07T08:12:52+09:00
2024.06,853400,41,경기도 과천시,91,API_EXP_USD_AMT_UNVERIFIED_SCALE,https://www.data.go.kr/data/15134343/openapi.do,2026-10-07T08:12:52+09:00
2024.06,853400,41,경기도 광명시,13,API_EXP_USD_AMT_UNVERIFIED_SCALE,https://www.data.go.kr/data/15134343/openapi.do,2026-10-07T08:12:52+09:00
2024.06,853400,41,경기도 광주시,0,API_EXP_USD_AMT_UNVERIFIED_SCALE,https://www.data.go.kr/data/15134343/openapi.do,2026-10-07T08:12:52+09:00
2024.06,853400,41,경기도 구리시,0,API_EXP_USD_AMT_UNVERIFIED_SCALE,https://www.data.go.kr/data/15134343/openapi.do,2026-10-07T08:12:52+09:00
2024.06,853400,41,경기도 군포시,187,API_EXP_USD_AMT_UNVERIFIED_SCALE,https://www.data.go.kr/data/15134343/openapi.do,2026-10-07T08:12:52+09:00
2024.06,853400,41,경기도 김포시,335,API_EXP_USD_AMT_UNVERIFIED_SCALE,https://www.data.go.kr/data/15134343/openapi.do,2026-10-07T08:12:52+09:00
2024.06,853400,41,경기도 남양주시,0,API_EXP_USD_AMT_UNVERIFIED_SCALE,https://www.data.go.kr/data/15134343/openapi.do,2026-10-07T08:12:52+09:00
2024.06,853400,41,경기도 동두천시,1120,API_EXP_USD_AMT_UNVERIFIED_SCALE,https://www.data.go.kr/data/15134343/openapi.do,2026-10-07T08:12:52+09:00
2024.06,853400,41,경기도 부천시,256,API_EXP_USD_AMT_UNVERIFIED_SCALE,https://www.data.go.kr/data/15134343/openapi.do,2026-10-07T08:12:52+09:00
2024.06,853400,41,경기도 성남시,1934,API_EXP_USD_AMT_UNVERIFIED_SCALE,https://www.data.go.kr/data/15134343/openapi.do,2026-10-07T08:12:52+09:00
2024.06,853400,41,경기도 수원시,25331,API_EXP_USD_AMT_UNVERIFIED_SCALE,https://www.data.go.kr/data/15134343/openapi.do,2026-10-07T08:12:52+09:00
2024.06,853400,41,경기도 시흥시,2943,API_EXP_USD_AMT_UNVERIFIED_SCALE,https://www.data.go.kr/data/15134343/openapi.do,2026-10-07T08:12:52+09:00
2024.06,853400,41,경기도 안산시,106925,API_EXP_USD_AMT_UNVERIFIED_SCALE,https://www.data.go.kr/data/15134343/openapi.do,2026-10-07T08:12:52+09:00
2024.06,853400,41,경기도 안성시,11206,API_EXP_USD_AMT_UNVERIFIED_SCALE,https://www.data.go.kr/data/15134343/openapi.do,2026-10-07T08:12:52+09:00
2024.06,853400,41,경기도 안양시,1780,API_EXP_USD_AMT_UNVERIFIED_SCALE,https://www.data.go.kr/data/15134343/openapi.do,2026-10-07T08:12:52+09:00
2024.06,853400,41,경기도 양주시,0,API_EXP_USD_AMT_UNVERIFIED_SCALE,https://www.data.go.kr/data/15134343/openapi.do,2026-10-07T08:12:52+09:00
2024.06,853400,41,경기도 양평군,0,API_EXP_USD_AMT_UNVERIFIED_SCALE,https://www.data.go.kr/data/15134343/openapi.do,2026-10-07T08:12:52+09:00
2024.06,853400,41,경기도 여주군,0,API_EXP_USD_AMT_UNVERIFIED_SCALE,https://www.data.go.kr/data/15134343/openapi.do,2026-10-07T08:12:52+09:00
2024.06,853400,41,경기도 오산시,9,API_EXP_USD_AMT_UNVERIFIED_SCALE,https://www.data.go.kr/data/15134343/openapi.do,2026-10-07T08:12:52+09:00
2024.06,853400,41,경기도 용인시,506,API_EXP_USD_AMT_UNVERIFIED_SCALE,https://www.data.go.kr/data/15134343/openapi.do,2026-10-07T08:12:52+09:00
2024.06,853400,41,경기도 의왕시,0,API_EXP_USD_AMT_UNVERIFIED_SCALE,https://www.data.go.kr/data/15134343/openapi.do,2026-10-07T08:12:52+09:00
2024.06,853400,41,경기도 의정부시,24,API_EXP_USD_AMT_UNVERIFIED_SCALE,https://www.data.go.kr/data/15134343/openapi.do,2026-10-07T08:12:52+09:00
2024.06,853400,41,경기도 이천시,27,API_EXP_USD_AMT_UNVERIFIED_SCALE,https://www.data.go.kr/data/15134343/openapi.do,2026-10-07T08:12:52+09:00
2024.06,853400,41,경기도 파주시,305,API_EXP_USD_AMT_UNVERIFIED_SCALE,https://www.data.go.kr/data/15134343/openapi.do,2026-10-07T08:12:52+09:00
2024.06,853400,41,경기도 평택시,3338,API_EXP_USD_AMT_UNVERIFIED_SCALE,https://www.data.go.kr/data/15134343/openapi.do,2026-10-07T08:12:52+09:00
2024.06,853400,41,경기도 포천군,0,API_EXP_USD_AMT_UNVERIFIED_SCALE,https://www.data.go.kr/data/15134343/openapi.do,2026-10-07T08:12:52+09:00
2024.06,853400,41,경기도 하남시,7,API_EXP_USD_AMT_UNVERIFIED_SCALE,https://www.data.go.kr/data/15134343/openapi.do,2026-10-07T08:12:52+09:00
2024.06,853400,41,경기도 화성시,1085,API_EXP_USD_AMT_UNVERIFIED_SCALE,https://www.data.go.kr/data/15134343/openapi.do,2026-10-07T08:12:52+09:00
2024.06,853400,43,충청북도 음성군,0,API_EXP_USD_AMT_UNVERIFIED_SCALE,https://www.data.go.kr/data/15134343/openapi.do,2026-10-07T08:12:52+09:00
2024.06,853400,43,충청북도 제천시,10,API_EXP_USD_AMT_UNVERIFIED_SCALE,https://www.data.go.kr/data/15134343/openapi.do,2026-10-07T08:12:52+09:00
2024.06,853400,43,충청북도 증평군,847,API_EXP_USD_AMT_UNVERIFIED_SCALE,https://www.data.go.kr/data/15134343/openapi.do,2026-10-07T08:12:52+09:00
2024.06,853400,43,충청북도 진천군,71,API_EXP_USD_AMT_UNVERIFIED_SCALE,https://www.data.go.kr/data/15134343/openapi.do,2026-10-07T08:12:52+09:00
2024.06,853400,43,충청북도 청주시,36973,API_EXP_USD_AMT_UNVERIFIED_SCALE,https://www.data.go.kr/data/15134343/openapi.do,2026-10-07T08:12:52+09:00
2024.06,853400,43,충청북도 충주시,0,API_EXP_USD_AMT_UNVERIFIED_SCALE,https://www.data.go.kr/data/15134343/openapi.do,2026-10-07T08:12:52+09:00
2024.07,330499,36,세종특별자치시,5732,API_EXP_USD_AMT_UNVERIFIED_SCALE,https://www.data.go.kr/data/15134343/openapi.do,2026-10-07T08:12:52+09:00
2024.07,330499,41,경기도 가평군,114,API_EXP_USD_AMT_UNVERIFIED_SCALE,https://www.data.go.kr/data/15134343/openapi.do,2026-10-07T08:12:52+09:00
2024.07,330499,41,경기도 고양시,8612,API_EXP_USD_AMT_UNVERIFIED_SCALE,https://www.data.go.kr/data/15134343/openapi.do,2026-10-07T08:12:52+09:00
2024.07,330499,41,경기도 과천시,33,API_EXP_USD_AMT_UNVERIFIED_SCALE,https://www.data.go.kr/data/15134343/openapi.do,2026-10-07T08:12:52+09:00
2024.07,330499,41,경기도 광명시,778,API_EXP_USD_AMT_UNVERIFIED_SCALE,https://www.data.go.kr/data/15134343/openapi.do,2026-10-07T08:12:52+09:00
2024.07,330499,41,경기도 광주시,350,API_EXP_USD_AMT_UNVERIFIED_SCALE,https://www.data.go.kr/data/15134343/openapi.do,2026-10-07T08:12:52+09:00
2024.07,330499,41,경기도 구리시,422,API_EXP_USD_AMT_UNVERIFIED_SCALE,https://www.data.go.kr/data/15134343/openapi.do,2026-10-07T08:12:52+09:00
2024.07,330499,41,경기도 군포시,1020,API_EXP_USD_AMT_UNVERIFIED_SCALE,https://www.data.go.kr/data/15134343/openapi.do,2026-10-07T08:12:52+09:00
2024.07,330499,41,경기도 김포시,23624,API_EXP_USD_AMT_UNVERIFIED_SCALE,https://www.data.go.kr/data/15134343/openapi.do,2026-10-07T08:12:52+09:00
2024.07,330499,41,경기도 남양주시,772,API_EXP_USD_AMT_UNVERIFIED_SCALE,https://www.data.go.kr/data/15134343/openapi.do,2026-10-07T08:12:52+09:00
2024.07,330499,41,경기도 동두천시,0,API_EXP_USD_AMT_UNVERIFIED_SCALE,https://www.data.go.kr/data/15134343/openapi.do,2026-10-07T08:12:52+09:00
2024.07,330499,41,경기도 부천시,5010,API_EXP_USD_AMT_UNVERIFIED_SCALE,https://www.data.go.kr/data/15134343/openapi.do,2026-10-07T08:12:52+09:00
2024.07,330499,41,경기도 성남시,28910,API_EXP_USD_AMT_UNVERIFIED_SCALE,https://www.data.go.kr/data/15134343/openapi.do,2026-10-07T08:12:52+09:00
2024.07,330499,41,경기도 수원시,3315,API_EXP_USD_AMT_UNVERIFIED_SCALE,https://www.data.go.kr/data/15134343/openapi.do,2026-10-07T08:12:52+09:00
2024.07,330499,41,경기도 시흥시,4802,API_EXP_USD_AMT_UNVERIFIED_SCALE,https://www.data.go.kr/data/15134343/openapi.do,2026-10-07T08:12:52+09:00
2024.07,330499,41,경기도 안산시,1854,API_EXP_USD_AMT_UNVERIFIED_SCALE,https://www.data.go.kr/data/15134343/openapi.do,2026-10-07T08:12:52+09:00
2024.07,330499,41,경기도 안성시,3129,API_EXP_USD_AMT_UNVERIFIED_SCALE,https://www.data.go.kr/data/15134343/openapi.do,2026-10-07T08:12:52+09:00
2024.07,330499,41,경기도 안양시,10056,API_EXP_USD_AMT_UNVERIFIED_SCALE,https://www.data.go.kr/data/15134343/openapi.do,2026-10-07T08:12:52+09:00
2024.07,330499,41,경기도 양주시,98,API_EXP_USD_AMT_UNVERIFIED_SCALE,https://www.data.go.kr/data/15134343/openapi.do,2026-10-07T08:12:52+09:00
2024.07,330499,41,경기도 양평군,31,API_EXP_USD_AMT_UNVERIFIED_SCALE,https://www.data.go.kr/data/15134343/openapi.do,2026-10-07T08:12:52+09:00
2024.07,330499,41,경기도 여주군,38,API_EXP_USD_AMT_UNVERIFIED_SCALE,https://www.data.go.kr/data/15134343/openapi.do,2026-10-07T08:12:52+09:00
2024.07,330499,41,경기도 연천군,0,API_EXP_USD_AMT_UNVERIFIED_SCALE,https://www.data.go.kr/data/15134343/openapi.do,2026-10-07T08:12:52+09:00
2024.07,330499,41,경기도 오산시,11557,API_EXP_USD_AMT_UNVERIFIED_SCALE,https://www.data.go.kr/data/15134343/openapi.do,2026-10-07T08:12:52+09:00
2024.07,330499,41,경기도 용인시,2682,API_EXP_USD_AMT_UNVERIFIED_SCALE,https://www.data.go.kr/data/15134343/openapi.do,2026-10-07T08:12:52+09:00
2024.07,330499,41,경기도 의왕시,217,API_EXP_USD_AMT_UNVERIFIED_SCALE,https://www.data.go.kr/data/15134343/openapi.do,2026-10-07T08:12:52+09:00
2024.07,330499,41,경기도 의정부시,98,API_EXP_USD_AMT_UNVERIFIED_SCALE,https://www.data.go.kr/data/15134343/openapi.do,2026-10-07T08:12:52+09:00
2024.07,330499,41,경기도 이천시,1001,API_EXP_USD_AMT_UNVERIFIED_SCALE,https://www.data.go.kr/data/15134343/openapi.do,2026-10-07T08:12:52+09:00
2024.07,330499,41,경기도 파주시,1204,API_EXP_USD_AMT_UNVERIFIED_SCALE,https://www.data.go.kr/data/15134343/openapi.do,2026-10-07T08:12:52+09:00
2024.07,330499,41,경기도 평택시,2112,API_EXP_USD_AMT_UNVERIFIED_SCALE,https://www.data.go.kr/data/15134343/openapi.do,2026-10-07T08:12:52+09:00
2024.07,330499,41,경기도 포천군,395,API_EXP_USD_AMT_UNVERIFIED_SCALE,https://www.data.go.kr/data/15134343/openapi.do,2026-10-07T08:12:52+09:00
2024.07,330499,41,경기도 하남시,2515,API_EXP_USD_AMT_UNVERIFIED_SCALE,https://www.data.go.kr/data/15134343/openapi.do,2026-10-07T08:12:52+09:00
2024.07,330499,41,경기도 화성시,15489,API_EXP_USD_AMT_UNVERIFIED_SCALE,https://www.data.go.kr/data/15134343/openapi.do,2026-10-07T08:12:52+09:00
2024.07,853400,27,대구광역시 남구,0,API_EXP_USD_AMT_UNVERIFIED_SCALE,https://www.data.go.kr/data/15134343/openapi.do,2026-10-07T08:12:52+09:00
2024.07,853400,27,대구광역시 달서구,594,API_EXP_USD_AMT_UNVERIFIED_SCALE,https://www.data.go.kr/data/15134343/openapi.do,2026-10-07T08:12:52+09:00
2024.07,853400,27,대구광역시 달성군,51182,API_EXP_USD_AMT_UNVERIFIED_SCALE,https://www.data.go.kr/data/15134343/openapi.do,2026-10-07T08:12:52+09:00
2024.07,853400,27,대구광역시 동구,0,API_EXP_USD_AMT_UNVERIFIED_SCALE,https://www.data.go.kr/data/15134343/openapi.do,2026-10-07T08:12:52+09:00
2024.07,853400,27,대구광역시 북구,0,API_EXP_USD_AMT_UNVERIFIED_SCALE,https://www.data.go.kr/data/15134343/openapi.do,2026-10-07T08:12:52+09:00
2024.07,853400,27,대구광역시 서구,23,API_EXP_USD_AMT_UNVERIFIED_SCALE,https://www.data.go.kr/data/15134343/openapi.do,2026-10-07T08:12:52+09:00
2024.07,853400,27,대구광역시 수성구,0,API_EXP_USD_AMT_UNVERIFIED_SCALE,https://www.data.go.kr/data/15134343/openapi.do,2026-10-07T08:12:52+09:00
2024.07,853400,27,대구광역시 중구,0,API_EXP_USD_AMT_UNVERIFIED_SCALE,https://www.data.go.kr/data/15134343/openapi.do,2026-10-07T08:12:52+09:00
2024.07,853400,41,경기도 고양시,280,API_EXP_USD_AMT_UNVERIFIED_SCALE,https://www.data.go.kr/data/15134343/openapi.do,2026-10-07T08:12:52+09:00
2024.07,853400,41,경기도 과천시,46,API_EXP_USD_AMT_UNVERIFIED_SCALE,https://www.data.go.kr/data/15134343/openapi.do,2026-10-07T08:12:52+09:00
2024.07,853400,41,경기도 광명시,0,API_EXP_USD_AMT_UNVERIFIED_SCALE,https://www.data.go.kr/data/15134343/openapi.do,2026-10-07T08:12:52+09:00
2024.07,853400,41,경기도 광주시,3,API_EXP_USD_AMT_UNVERIFIED_SCALE,https://www.data.go.kr/data/15134343/openapi.do,2026-10-07T08:12:52+09:00
2024.07,853400,41,경기도 구리시,0,API_EXP_USD_AMT_UNVERIFIED_SCALE,https://www.data.go.kr/data/15134343/openapi.do,2026-10-07T08:12:52+09:00
2024.07,853400,41,경기도 군포시,157,API_EXP_USD_AMT_UNVERIFIED_SCALE,https://www.data.go.kr/data/15134343/openapi.do,2026-10-07T08:12:52+09:00
2024.07,853400,41,경기도 김포시,498,API_EXP_USD_AMT_UNVERIFIED_SCALE,https://www.data.go.kr/data/15134343/openapi.do,2026-10-07T08:12:52+09:00
2024.07,853400,41,경기도 남양주시,0,API_EXP_USD_AMT_UNVERIFIED_SCALE,https://www.data.go.kr/data/15134343/openapi.do,2026-10-07T08:12:52+09:00
2024.07,853400,41,경기도 동두천시,956,API_EXP_USD_AMT_UNVERIFIED_SCALE,https://www.data.go.kr/data/15134343/openapi.do,2026-10-07T08:12:52+09:00
2024.07,853400,41,경기도 부천시,470,API_EXP_USD_AMT_UNVERIFIED_SCALE,https://www.data.go.kr/data/15134343/openapi.do,2026-10-07T08:12:52+09:00
2024.07,853400,41,경기도 성남시,2307,API_EXP_USD_AMT_UNVERIFIED_SCALE,https://www.data.go.kr/data/15134343/openapi.do,2026-10-07T08:12:52+09:00
2024.07,853400,41,경기도 수원시,31849,API_EXP_USD_AMT_UNVERIFIED_SCALE,https://www.data.go.kr/data/15134343/openapi.do,2026-10-07T08:12:52+09:00
2024.07,853400,41,경기도 시흥시,3027,API_EXP_USD_AMT_UNVERIFIED_SCALE,https://www.data.go.kr/data/15134343/openapi.do,2026-10-07T08:12:52+09:00
2024.07,853400,41,경기도 안산시,109328,API_EXP_USD_AMT_UNVERIFIED_SCALE,https://www.data.go.kr/data/15134343/openapi.do,2026-10-07T08:12:52+09:00
2024.07,853400,41,경기도 안성시,11770,API_EXP_USD_AMT_UNVERIFIED_SCALE,https://www.data.go.kr/data/15134343/openapi.do,2026-10-07T08:12:52+09:00
2024.07,853400,41,경기도 안양시,1095,API_EXP_USD_AMT_UNVERIFIED_SCALE,https://www.data.go.kr/data/15134343/openapi.do,2026-10-07T08:12:52+09:00
2024.07,853400,41,경기도 양주시,13,API_EXP_USD_AMT_UNVERIFIED_SCALE,https://www.data.go.kr/data/15134343/openapi.do,2026-10-07T08:12:52+09:00
2024.07,853400,41,경기도 양평군,0,API_EXP_USD_AMT_UNVERIFIED_SCALE,https://www.data.go.kr/data/15134343/openapi.do,2026-10-07T08:12:52+09:00
2024.07,853400,41,경기도 오산시,54,API_EXP_USD_AMT_UNVERIFIED_SCALE,https://www.data.go.kr/data/15134343/openapi.do,2026-10-07T08:12:52+09:00
2024.07,853400,41,경기도 용인시,3130,API_EXP_USD_AMT_UNVERIFIED_SCALE,https://www.data.go.kr/data/15134343/openapi.do,2026-10-07T08:12:52+09:00
2024.07,853400,41,경기도 의왕시,1,API_EXP_USD_AMT_UNVERIFIED_SCALE,https://www.data.go.kr/data/15134343/openapi.do,2026-10-07T08:12:52+09:00
2024.07,853400,41,경기도 의정부시,3,API_EXP_USD_AMT_UNVERIFIED_SCALE,https://www.data.go.kr/data/15134343/openapi.do,2026-10-07T08:12:52+09:00
2024.07,853400,41,경기도 이천시,48,API_EXP_USD_AMT_UNVERIFIED_SCALE,https://www.data.go.kr/data/15134343/openapi.do,2026-10-07T08:12:52+09:00
2024.07,853400,41,경기도 파주시,473,API_EXP_USD_AMT_UNVERIFIED_SCALE,https://www.data.go.kr/data/15134343/openapi.do,2026-10-07T08:12:52+09:00
2024.07,853400,41,경기도 평택시,3943,API_EXP_USD_AMT_UNVERIFIED_SCALE,https://www.data.go.kr/data/15134343/openapi.do,2026-10-07T08:12:52+09:00
2024.07,853400,41,경기도 포천군,10,API_EXP_USD_AMT_UNVERIFIED_SCALE,https://www.data.go.kr/data/15134343/openapi.do,2026-10-07T08:12:52+09:00
2024.07,853400,41,경기도 하남시,3,API_EXP_USD_AMT_UNVERIFIED_SCALE,https://www.data.go.kr/data/15134343/openapi.do,2026-10-07T08:12:52+09:00
2024.07,853400,41,경기도 화성시,523,API_EXP_USD_AMT_UNVERIFIED_SCALE,https://www.data.go.kr/data/15134343/openapi.do,2026-10-07T08:12:52+09:00
2024.07,853400,43,충청북도 음성군,30,API_EXP_USD_AMT_UNVERIFIED_SCALE,https://www.data.go.kr/data/15134343/openapi.do,2026-10-07T08:12:52+09:00
2024.07,853400,43,충청북도 제천시,9,API_EXP_USD_AMT_UNVERIFIED_SCALE,https://www.data.go.kr/data/15134343/openapi.do,2026-10-07T08:12:52+09:00
2024.07,853400,43,충청북도 증평군,811,API_EXP_USD_AMT_UNVERIFIED_SCALE,https://www.data.go.kr/data/15134343/openapi.do,2026-10-07T08:12:52+09:00
2024.07,853400,43,충청북도 진천군,144,API_EXP_USD_AMT_UNVERIFIED_SCALE,https://www.data.go.kr/data/15134343/openapi.do,2026-10-07T08:12:52+09:00
2024.07,853400,43,충청북도 청주시,40838,API_EXP_USD_AMT_UNVERIFIED_SCALE,https://www.data.go.kr/data/15134343/openapi.do,2026-10-07T08:12:52+09:00
2024.07,853400,43,충청북도 충주시,0,API_EXP_USD_AMT_UNVERIFIED_SCALE,https://www.data.go.kr/data/15134343/openapi.do,2026-10-07T08:12:52+09:00
2024.08,330499,36,세종특별자치시,3927,API_EXP_USD_AMT_UNVERIFIED_SCALE,https://www.data.go.kr/data/15134343/openapi.do,2026-10-07T08:12:52+09:00
2024.08,330499,41,경기도 가평군,251,API_EXP_USD_AMT_UNVERIFIED_SCALE,https://www.data.go.kr/data/15134343/openapi.do,2026-10-07T08:12:52+09:00
2024.08,330499,41,경기도 고양시,7289,API_EXP_USD_AMT_UNVERIFIED_SCALE,https://www.data.go.kr/data/15134343/openapi.do,2026-10-07T08:12:52+09:00
2024.08,330499,41,경기도 과천시,0,API_EXP_USD_AMT_UNVERIFIED_SCALE,https://www.data.go.kr/data/15134343/openapi.do,2026-10-07T08:12:52+09:00
2024.08,330499,41,경기도 광명시,1100,API_EXP_USD_AMT_UNVERIFIED_SCALE,https://www.data.go.kr/data/15134343/openapi.do,2026-10-07T08:12:52+09:00
2024.08,330499,41,경기도 광주시,347,API_EXP_USD_AMT_UNVERIFIED_SCALE,https://www.data.go.kr/data/15134343/openapi.do,2026-10-07T08:12:52+09:00
2024.08,330499,41,경기도 구리시,637,API_EXP_USD_AMT_UNVERIFIED_SCALE,https://www.data.go.kr/data/15134343/openapi.do,2026-10-07T08:12:52+09:00
2024.08,330499,41,경기도 군포시,501,API_EXP_USD_AMT_UNVERIFIED_SCALE,https://www.data.go.kr/data/15134343/openapi.do,2026-10-07T08:12:52+09:00
2024.08,330499,41,경기도 김포시,32641,API_EXP_USD_AMT_UNVERIFIED_SCALE,https://www.data.go.kr/data/15134343/openapi.do,2026-10-07T08:12:52+09:00
2024.08,330499,41,경기도 남양주시,1515,API_EXP_USD_AMT_UNVERIFIED_SCALE,https://www.data.go.kr/data/15134343/openapi.do,2026-10-07T08:12:52+09:00
2024.08,330499,41,경기도 동두천시,0,API_EXP_USD_AMT_UNVERIFIED_SCALE,https://www.data.go.kr/data/15134343/openapi.do,2026-10-07T08:12:52+09:00
2024.08,330499,41,경기도 부천시,4858,API_EXP_USD_AMT_UNVERIFIED_SCALE,https://www.data.go.kr/data/15134343/openapi.do,2026-10-07T08:12:52+09:00
2024.08,330499,41,경기도 성남시,27244,API_EXP_USD_AMT_UNVERIFIED_SCALE,https://www.data.go.kr/data/15134343/openapi.do,2026-10-07T08:12:52+09:00
2024.08,330499,41,경기도 수원시,3906,API_EXP_USD_AMT_UNVERIFIED_SCALE,https://www.data.go.kr/data/15134343/openapi.do,2026-10-07T08:12:52+09:00
2024.08,330499,41,경기도 시흥시,4163,API_EXP_USD_AMT_UNVERIFIED_SCALE,https://www.data.go.kr/data/15134343/openapi.do,2026-10-07T08:12:52+09:00
2024.08,330499,41,경기도 안산시,2035,API_EXP_USD_AMT_UNVERIFIED_SCALE,https://www.data.go.kr/data/15134343/openapi.do,2026-10-07T08:12:52+09:00
2024.08,330499,41,경기도 안성시,2039,API_EXP_USD_AMT_UNVERIFIED_SCALE,https://www.data.go.kr/data/15134343/openapi.do,2026-10-07T08:12:52+09:00
2024.08,330499,41,경기도 안양시,7384,API_EXP_USD_AMT_UNVERIFIED_SCALE,https://www.data.go.kr/data/15134343/openapi.do,2026-10-07T08:12:52+09:00
2024.08,330499,41,경기도 양주시,129,API_EXP_USD_AMT_UNVERIFIED_SCALE,https://www.data.go.kr/data/15134343/openapi.do,2026-10-07T08:12:52+09:00
2024.08,330499,41,경기도 양평군,4,API_EXP_USD_AMT_UNVERIFIED_SCALE,https://www.data.go.kr/data/15134343/openapi.do,2026-10-07T08:12:52+09:00
2024.08,330499,41,경기도 여주군,38,API_EXP_USD_AMT_UNVERIFIED_SCALE,https://www.data.go.kr/data/15134343/openapi.do,2026-10-07T08:12:52+09:00
2024.08,330499,41,경기도 연천군,0,API_EXP_USD_AMT_UNVERIFIED_SCALE,https://www.data.go.kr/data/15134343/openapi.do,2026-10-07T08:12:52+09:00
2024.08,330499,41,경기도 오산시,13997,API_EXP_USD_AMT_UNVERIFIED_SCALE,https://www.data.go.kr/data/15134343/openapi.do,2026-10-07T08:12:52+09:00
2024.08,330499,41,경기도 용인시,2798,API_EXP_USD_AMT_UNVERIFIED_SCALE,https://www.data.go.kr/data/15134343/openapi.do,2026-10-07T08:12:52+09:00
2024.08,330499,41,경기도 의왕시,376,API_EXP_USD_AMT_UNVERIFIED_SCALE,https://www.data.go.kr/data/15134343/openapi.do,2026-10-07T08:12:52+09:00
2024.08,330499,41,경기도 의정부시,259,API_EXP_USD_AMT_UNVERIFIED_SCALE,https://www.data.go.kr/data/15134343/openapi.do,2026-10-07T08:12:52+09:00
2024.08,330499,41,경기도 이천시,393,API_EXP_USD_AMT_UNVERIFIED_SCALE,https://www.data.go.kr/data/15134343/openapi.do,2026-10-07T08:12:52+09:00
2024.08,330499,41,경기도 파주시,1367,API_EXP_USD_AMT_UNVERIFIED_SCALE,https://www.data.go.kr/data/15134343/openapi.do,2026-10-07T08:12:52+09:00
2024.08,330499,41,경기도 평택시,1431,API_EXP_USD_AMT_UNVERIFIED_SCALE,https://www.data.go.kr/data/15134343/openapi.do,2026-10-07T08:12:52+09:00
2024.08,330499,41,경기도 포천군,330,API_EXP_USD_AMT_UNVERIFIED_SCALE,https://www.data.go.kr/data/15134343/openapi.do,2026-10-07T08:12:52+09:00
2024.08,330499,41,경기도 하남시,2240,API_EXP_USD_AMT_UNVERIFIED_SCALE,https://www.data.go.kr/data/15134343/openapi.do,2026-10-07T08:12:52+09:00
2024.08,330499,41,경기도 화성시,17009,API_EXP_USD_AMT_UNVERIFIED_SCALE,https://www.data.go.kr/data/15134343/openapi.do,2026-10-07T08:12:52+09:00
2024.08,853400,27,대구광역시 남구,0,API_EXP_USD_AMT_UNVERIFIED_SCALE,https://www.data.go.kr/data/15134343/openapi.do,2026-10-07T08:12:52+09:00
2024.08,853400,27,대구광역시 달서구,381,API_EXP_USD_AMT_UNVERIFIED_SCALE,https://www.data.go.kr/data/15134343/openapi.do,2026-10-07T08:12:52+09:00
2024.08,853400,27,대구광역시 달성군,41968,API_EXP_USD_AMT_UNVERIFIED_SCALE,https://www.data.go.kr/data/15134343/openapi.do,2026-10-07T08:12:52+09:00
2024.08,853400,27,대구광역시 동구,15,API_EXP_USD_AMT_UNVERIFIED_SCALE,https://www.data.go.kr/data/15134343/openapi.do,2026-10-07T08:12:52+09:00
2024.08,853400,27,대구광역시 북구,0,API_EXP_USD_AMT_UNVERIFIED_SCALE,https://www.data.go.kr/data/15134343/openapi.do,2026-10-07T08:12:52+09:00
2024.08,853400,27,대구광역시 서구,17,API_EXP_USD_AMT_UNVERIFIED_SCALE,https://www.data.go.kr/data/15134343/openapi.do,2026-10-07T08:12:52+09:00
2024.08,853400,27,대구광역시 수성구,0,API_EXP_USD_AMT_UNVERIFIED_SCALE,https://www.data.go.kr/data/15134343/openapi.do,2026-10-07T08:12:52+09:00
2024.08,853400,41,경기도 고양시,30,API_EXP_USD_AMT_UNVERIFIED_SCALE,https://www.data.go.kr/data/15134343/openapi.do,2026-10-07T08:12:52+09:00
2024.08,853400,41,경기도 과천시,12,API_EXP_USD_AMT_UNVERIFIED_SCALE,https://www.data.go.kr/data/15134343/openapi.do,2026-10-07T08:12:52+09:00
2024.08,853400,41,경기도 광명시,13,API_EXP_USD_AMT_UNVERIFIED_SCALE,https://www.data.go.kr/data/15134343/openapi.do,2026-10-07T08:12:52+09:00
2024.08,853400,41,경기도 광주시,3,API_EXP_USD_AMT_UNVERIFIED_SCALE,https://www.data.go.kr/data/15134343/openapi.do,2026-10-07T08:12:52+09:00
2024.08,853400,41,경기도 구리시,0,API_EXP_USD_AMT_UNVERIFIED_SCALE,https://www.data.go.kr/data/15134343/openapi.do,2026-10-07T08:12:52+09:00
2024.08,853400,41,경기도 군포시,141,API_EXP_USD_AMT_UNVERIFIED_SCALE,https://www.data.go.kr/data/15134343/openapi.do,2026-10-07T08:12:52+09:00
2024.08,853400,41,경기도 김포시,313,API_EXP_USD_AMT_UNVERIFIED_SCALE,https://www.data.go.kr/data/15134343/openapi.do,2026-10-07T08:12:52+09:00
2024.08,853400,41,경기도 남양주시,0,API_EXP_USD_AMT_UNVERIFIED_SCALE,https://www.data.go.kr/data/15134343/openapi.do,2026-10-07T08:12:52+09:00
2024.08,853400,41,경기도 동두천시,154,API_EXP_USD_AMT_UNVERIFIED_SCALE,https://www.data.go.kr/data/15134343/openapi.do,2026-10-07T08:12:52+09:00
2024.08,853400,41,경기도 부천시,244,API_EXP_USD_AMT_UNVERIFIED_SCALE,https://www.data.go.kr/data/15134343/openapi.do,2026-10-07T08:12:52+09:00
2024.08,853400,41,경기도 성남시,1823,API_EXP_USD_AMT_UNVERIFIED_SCALE,https://www.data.go.kr/data/15134343/openapi.do,2026-10-07T08:12:52+09:00
2024.08,853400,41,경기도 수원시,28539,API_EXP_USD_AMT_UNVERIFIED_SCALE,https://www.data.go.kr/data/15134343/openapi.do,2026-10-07T08:12:52+09:00
2024.08,853400,41,경기도 시흥시,2882,API_EXP_USD_AMT_UNVERIFIED_SCALE,https://www.data.go.kr/data/15134343/openapi.do,2026-10-07T08:12:52+09:00
2024.08,853400,41,경기도 안산시,102095,API_EXP_USD_AMT_UNVERIFIED_SCALE,https://www.data.go.kr/data/15134343/openapi.do,2026-10-07T08:12:52+09:00
2024.08,853400,41,경기도 안성시,10035,API_EXP_USD_AMT_UNVERIFIED_SCALE,https://www.data.go.kr/data/15134343/openapi.do,2026-10-07T08:12:52+09:00
2024.08,853400,41,경기도 안양시,1168,API_EXP_USD_AMT_UNVERIFIED_SCALE,https://www.data.go.kr/data/15134343/openapi.do,2026-10-07T08:12:52+09:00
2024.08,853400,41,경기도 양주시,0,API_EXP_USD_AMT_UNVERIFIED_SCALE,https://www.data.go.kr/data/15134343/openapi.do,2026-10-07T08:12:52+09:00
2024.08,853400,41,경기도 양평군,2,API_EXP_USD_AMT_UNVERIFIED_SCALE,https://www.data.go.kr/data/15134343/openapi.do,2026-10-07T08:12:52+09:00
2024.08,853400,41,경기도 여주군,0,API_EXP_USD_AMT_UNVERIFIED_SCALE,https://www.data.go.kr/data/15134343/openapi.do,2026-10-07T08:12:52+09:00
2024.08,853400,41,경기도 연천군,4,API_EXP_USD_AMT_UNVERIFIED_SCALE,https://www.data.go.kr/data/15134343/openapi.do,2026-10-07T08:12:52+09:00
2024.08,853400,41,경기도 오산시,48,API_EXP_USD_AMT_UNVERIFIED_SCALE,https://www.data.go.kr/data/15134343/openapi.do,2026-10-07T08:12:52+09:00
2024.08,853400,41,경기도 용인시,586,API_EXP_USD_AMT_UNVERIFIED_SCALE,https://www.data.go.kr/data/15134343/openapi.do,2026-10-07T08:12:52+09:00
2024.08,853400,41,경기도 의왕시,0,API_EXP_USD_AMT_UNVERIFIED_SCALE,https://www.data.go.kr/data/15134343/openapi.do,2026-10-07T08:12:52+09:00
2024.08,853400,41,경기도 의정부시,98,API_EXP_USD_AMT_UNVERIFIED_SCALE,https://www.data.go.kr/data/15134343/openapi.do,2026-10-07T08:12:52+09:00
2024.08,853400,41,경기도 이천시,439,API_EXP_USD_AMT_UNVERIFIED_SCALE,https://www.data.go.kr/data/15134343/openapi.do,2026-10-07T08:12:52+09:00
2024.08,853400,41,경기도 파주시,260,API_EXP_USD_AMT_UNVERIFIED_SCALE,https://www.data.go.kr/data/15134343/openapi.do,2026-10-07T08:12:52+09:00
2024.08,853400,41,경기도 평택시,1723,API_EXP_USD_AMT_UNVERIFIED_SCALE,https://www.data.go.kr/data/15134343/openapi.do,2026-10-07T08:12:52+09:00
2024.08,853400,41,경기도 포천군,0,API_EXP_USD_AMT_UNVERIFIED_SCALE,https://www.data.go.kr/data/15134343/openapi.do,2026-10-07T08:12:52+09:00
2024.08,853400,41,경기도 하남시,1,API_EXP_USD_AMT_UNVERIFIED_SCALE,https://www.data.go.kr/data/15134343/openapi.do,2026-10-07T08:12:52+09:00
2024.08,853400,41,경기도 화성시,607,API_EXP_USD_AMT_UNVERIFIED_SCALE,https://www.data.go.kr/data/15134343/openapi.do,2026-10-07T08:12:52+09:00
2024.08,853400,43,충청북도 영동군,0,API_EXP_USD_AMT_UNVERIFIED_SCALE,https://www.data.go.kr/data/15134343/openapi.do,2026-10-07T08:12:52+09:00
2024.08,853400,43,충청북도 음성군,0,API_EXP_USD_AMT_UNVERIFIED_SCALE,https://www.data.go.kr/data/15134343/openapi.do,2026-10-07T08:12:52+09:00
2024.08,853400,43,충청북도 제천시,2,API_EXP_USD_AMT_UNVERIFIED_SCALE,https://www.data.go.kr/data/15134343/openapi.do,2026-10-07T08:12:52+09:00
2024.08,853400,43,충청북도 증평군,1047,API_EXP_USD_AMT_UNVERIFIED_SCALE,https://www.data.go.kr/data/15134343/openapi.do,2026-10-07T08:12:52+09:00
2024.08,853400,43,충청북도 진천군,159,API_EXP_USD_AMT_UNVERIFIED_SCALE,https://www.data.go.kr/data/15134343/openapi.do,2026-10-07T08:12:52+09:00
2024.08,853400,43,충청북도 청주시,39799,API_EXP_USD_AMT_UNVERIFIED_SCALE,https://www.data.go.kr/data/15134343/openapi.do,2026-10-07T08:12:52+09:00
2024.08,853400,43,충청북도 충주시,0,API_EXP_USD_AMT_UNVERIFIED_SCALE,https://www.data.go.kr/data/15134343/openapi.do,2026-10-07T08:12:52+09:00
2024.09,330499,36,세종특별자치시,5465,API_EXP_USD_AMT_UNVERIFIED_SCALE,https://www.data.go.kr/data/15134343/openapi.do,2026-10-07T08:12:52+09:00
2024.09,330499,41,경기도 가평군,14,API_EXP_USD_AMT_UNVERIFIED_SCALE,https://www.data.go.kr/data/15134343/openapi.do,2026-10-07T08:12:52+09:00
2024.09,330499,41,경기도 고양시,10876,API_EXP_USD_AMT_UNVERIFIED_SCALE,https://www.data.go.kr/data/15134343/openapi.do,2026-10-07T08:12:52+09:00
2024.09,330499,41,경기도 과천시,2,API_EXP_USD_AMT_UNVERIFIED_SCALE,https://www.data.go.kr/data/15134343/openapi.do,2026-10-07T08:12:52+09:00
2024.09,330499,41,경기도 광명시,1671,API_EXP_USD_AMT_UNVERIFIED_SCALE,https://www.data.go.kr/data/15134343/openapi.do,2026-10-07T08:12:52+09:00
2024.09,330499,41,경기도 광주시,579,API_EXP_USD_AMT_UNVERIFIED_SCALE,https://www.data.go.kr/data/15134343/openapi.do,2026-10-07T08:12:52+09:00
2024.09,330499,41,경기도 구리시,250,API_EXP_USD_AMT_UNVERIFIED_SCALE,https://www.data.go.kr/data/15134343/openapi.do,2026-10-07T08:12:52+09:00
2024.09,330499,41,경기도 군포시,431,API_EXP_USD_AMT_UNVERIFIED_SCALE,https://www.data.go.kr/data/15134343/openapi.do,2026-10-07T08:12:52+09:00
2024.09,330499,41,경기도 김포시,28548,API_EXP_USD_AMT_UNVERIFIED_SCALE,https://www.data.go.kr/data/15134343/openapi.do,2026-10-07T08:12:52+09:00
2024.09,330499,41,경기도 남양주시,1550,API_EXP_USD_AMT_UNVERIFIED_SCALE,https://www.data.go.kr/data/15134343/openapi.do,2026-10-07T08:12:52+09:00
2024.09,330499,41,경기도 동두천시,0,API_EXP_USD_AMT_UNVERIFIED_SCALE,https://www.data.go.kr/data/15134343/openapi.do,2026-10-07T08:12:52+09:00
2024.09,330499,41,경기도 부천시,3847,API_EXP_USD_AMT_UNVERIFIED_SCALE,https://www.data.go.kr/data/15134343/openapi.do,2026-10-07T08:12:52+09:00
2024.09,330499,41,경기도 성남시,29301,API_EXP_USD_AMT_UNVERIFIED_SCALE,https://www.data.go.kr/data/15134343/openapi.do,2026-10-07T08:12:52+09:00
2024.09,330499,41,경기도 수원시,2393,API_EXP_USD_AMT_UNVERIFIED_SCALE,https://www.data.go.kr/data/15134343/openapi.do,2026-10-07T08:12:52+09:00
2024.09,330499,41,경기도 시흥시,4299,API_EXP_USD_AMT_UNVERIFIED_SCALE,https://www.data.go.kr/data/15134343/openapi.do,2026-10-07T08:12:52+09:00
2024.09,330499,41,경기도 안산시,2697,API_EXP_USD_AMT_UNVERIFIED_SCALE,https://www.data.go.kr/data/15134343/openapi.do,2026-10-07T08:12:52+09:00
2024.09,330499,41,경기도 안성시,2066,API_EXP_USD_AMT_UNVERIFIED_SCALE,https://www.data.go.kr/data/15134343/openapi.do,2026-10-07T08:12:52+09:00
2024.09,330499,41,경기도 안양시,14585,API_EXP_USD_AMT_UNVERIFIED_SCALE,https://www.data.go.kr/data/15134343/openapi.do,2026-10-07T08:12:52+09:00
2024.09,330499,41,경기도 양주시,193,API_EXP_USD_AMT_UNVERIFIED_SCALE,https://www.data.go.kr/data/15134343/openapi.do,2026-10-07T08:12:52+09:00
2024.09,330499,41,경기도 양평군,0,API_EXP_USD_AMT_UNVERIFIED_SCALE,https://www.data.go.kr/data/15134343/openapi.do,2026-10-07T08:12:52+09:00
2024.09,330499,41,경기도 여주군,28,API_EXP_USD_AMT_UNVERIFIED_SCALE,https://www.data.go.kr/data/15134343/openapi.do,2026-10-07T08:12:52+09:00
2024.09,330499,41,경기도 연천군,0,API_EXP_USD_AMT_UNVERIFIED_SCALE,https://www.data.go.kr/data/15134343/openapi.do,2026-10-07T08:12:52+09:00
2024.09,330499,41,경기도 오산시,10216,API_EXP_USD_AMT_UNVERIFIED_SCALE,https://www.data.go.kr/data/15134343/openapi.do,2026-10-07T08:12:52+09:00
2024.09,330499,41,경기도 용인시,2026,API_EXP_USD_AMT_UNVERIFIED_SCALE,https://www.data.go.kr/data/15134343/openapi.do,2026-10-07T08:12:52+09:00
2024.09,330499,41,경기도 의왕시,457,API_EXP_USD_AMT_UNVERIFIED_SCALE,https://www.data.go.kr/data/15134343/openapi.do,2026-10-07T08:12:52+09:00
2024.09,330499,41,경기도 의정부시,167,API_EXP_USD_AMT_UNVERIFIED_SCALE,https://www.data.go.kr/data/15134343/openapi.do,2026-10-07T08:12:52+09:00
2024.09,330499,41,경기도 이천시,159,API_EXP_USD_AMT_UNVERIFIED_SCALE,https://www.data.go.kr/data/15134343/openapi.do,2026-10-07T08:12:52+09:00
2024.09,330499,41,경기도 파주시,1919,API_EXP_USD_AMT_UNVERIFIED_SCALE,https://www.data.go.kr/data/15134343/openapi.do,2026-10-07T08:12:52+09:00
2024.09,330499,41,경기도 평택시,1517,API_EXP_USD_AMT_UNVERIFIED_SCALE,https://www.data.go.kr/data/15134343/openapi.do,2026-10-07T08:12:52+09:00
2024.09,330499,41,경기도 포천군,487,API_EXP_USD_AMT_UNVERIFIED_SCALE,https://www.data.go.kr/data/15134343/openapi.do,2026-10-07T08:12:52+09:00
2024.09,330499,41,경기도 하남시,3598,API_EXP_USD_AMT_UNVERIFIED_SCALE,https://www.data.go.kr/data/15134343/openapi.do,2026-10-07T08:12:52+09:00
2024.09,330499,41,경기도 화성시,18914,API_EXP_USD_AMT_UNVERIFIED_SCALE,https://www.data.go.kr/data/15134343/openapi.do,2026-10-07T08:12:52+09:00
2024.09,853400,27,대구광역시 군위군,0,API_EXP_USD_AMT_UNVERIFIED_SCALE,https://www.data.go.kr/data/15134343/openapi.do,2026-10-07T08:12:52+09:00
2024.09,853400,27,대구광역시 달서구,492,API_EXP_USD_AMT_UNVERIFIED_SCALE,https://www.data.go.kr/data/15134343/openapi.do,2026-10-07T08:12:52+09:00
2024.09,853400,27,대구광역시 달성군,34834,API_EXP_USD_AMT_UNVERIFIED_SCALE,https://www.data.go.kr/data/15134343/openapi.do,2026-10-07T08:12:52+09:00
2024.09,853400,27,대구광역시 동구,0,API_EXP_USD_AMT_UNVERIFIED_SCALE,https://www.data.go.kr/data/15134343/openapi.do,2026-10-07T08:12:52+09:00
2024.09,853400,27,대구광역시 북구,0,API_EXP_USD_AMT_UNVERIFIED_SCALE,https://www.data.go.kr/data/15134343/openapi.do,2026-10-07T08:12:52+09:00
2024.09,853400,27,대구광역시 서구,12,API_EXP_USD_AMT_UNVERIFIED_SCALE,https://www.data.go.kr/data/15134343/openapi.do,2026-10-07T08:12:52+09:00
2024.09,853400,27,대구광역시 수성구,0,API_EXP_USD_AMT_UNVERIFIED_SCALE,https://www.data.go.kr/data/15134343/openapi.do,2026-10-07T08:12:52+09:00
2024.09,853400,41,경기도 가평군,0,API_EXP_USD_AMT_UNVERIFIED_SCALE,https://www.data.go.kr/data/15134343/openapi.do,2026-10-07T08:12:52+09:00
2024.09,853400,41,경기도 고양시,68,API_EXP_USD_AMT_UNVERIFIED_SCALE,https://www.data.go.kr/data/15134343/openapi.do,2026-10-07T08:12:52+09:00
2024.09,853400,41,경기도 과천시,80,API_EXP_USD_AMT_UNVERIFIED_SCALE,https://www.data.go.kr/data/15134343/openapi.do,2026-10-07T08:12:52+09:00
2024.09,853400,41,경기도 광명시,1,API_EXP_USD_AMT_UNVERIFIED_SCALE,https://www.data.go.kr/data/15134343/openapi.do,2026-10-07T08:12:52+09:00
2024.09,853400,41,경기도 광주시,0,API_EXP_USD_AMT_UNVERIFIED_SCALE,https://www.data.go.kr/data/15134343/openapi.do,2026-10-07T08:12:52+09:00
2024.09,853400,41,경기도 구리시,0,API_EXP_USD_AMT_UNVERIFIED_SCALE,https://www.data.go.kr/data/15134343/openapi.do,2026-10-07T08:12:52+09:00
2024.09,853400,41,경기도 군포시,140,API_EXP_USD_AMT_UNVERIFIED_SCALE,https://www.data.go.kr/data/15134343/openapi.do,2026-10-07T08:12:52+09:00
2024.09,853400,41,경기도 김포시,325,API_EXP_USD_AMT_UNVERIFIED_SCALE,https://www.data.go.kr/data/15134343/openapi.do,2026-10-07T08:12:52+09:00
2024.09,853400,41,경기도 남양주시,0,API_EXP_USD_AMT_UNVERIFIED_SCALE,https://www.data.go.kr/data/15134343/openapi.do,2026-10-07T08:12:52+09:00
2024.09,853400,41,경기도 동두천시,14,API_EXP_USD_AMT_UNVERIFIED_SCALE,https://www.data.go.kr/data/15134343/openapi.do,2026-10-07T08:12:52+09:00
2024.09,853400,41,경기도 부천시,528,API_EXP_USD_AMT_UNVERIFIED_SCALE,https://www.data.go.kr/data/15134343/openapi.do,2026-10-07T08:12:52+09:00
2024.09,853400,41,경기도 성남시,1257,API_EXP_USD_AMT_UNVERIFIED_SCALE,https://www.data.go.kr/data/15134343/openapi.do,2026-10-07T08:12:52+09:00
2024.09,853400,41,경기도 수원시,32045,API_EXP_USD_AMT_UNVERIFIED_SCALE,https://www.data.go.kr/data/15134343/openapi.do,2026-10-07T08:12:52+09:00
2024.09,853400,41,경기도 시흥시,2249,API_EXP_USD_AMT_UNVERIFIED_SCALE,https://www.data.go.kr/data/15134343/openapi.do,2026-10-07T08:12:52+09:00
2024.09,853400,41,경기도 안산시,92890,API_EXP_USD_AMT_UNVERIFIED_SCALE,https://www.data.go.kr/data/15134343/openapi.do,2026-10-07T08:12:52+09:00
2024.09,853400,41,경기도 안성시,11096,API_EXP_USD_AMT_UNVERIFIED_SCALE,https://www.data.go.kr/data/15134343/openapi.do,2026-10-07T08:12:52+09:00
2024.09,853400,41,경기도 안양시,1039,API_EXP_USD_AMT_UNVERIFIED_SCALE,https://www.data.go.kr/data/15134343/openapi.do,2026-10-07T08:12:52+09:00
2024.09,853400,41,경기도 양주시,0,API_EXP_USD_AMT_UNVERIFIED_SCALE,https://www.data.go.kr/data/15134343/openapi.do,2026-10-07T08:12:52+09:00
2024.09,853400,41,경기도 양평군,0,API_EXP_USD_AMT_UNVERIFIED_SCALE,https://www.data.go.kr/data/15134343/openapi.do,2026-10-07T08:12:52+09:00
2024.09,853400,41,경기도 여주군,0,API_EXP_USD_AMT_UNVERIFIED_SCALE,https://www.data.go.kr/data/15134343/openapi.do,2026-10-07T08:12:52+09:00
2024.09,853400,41,경기도 오산시,16,API_EXP_USD_AMT_UNVERIFIED_SCALE,https://www.data.go.kr/data/15134343/openapi.do,2026-10-07T08:12:52+09:00
2024.09,853400,41,경기도 용인시,2490,API_EXP_USD_AMT_UNVERIFIED_SCALE,https://www.data.go.kr/data/15134343/openapi.do,2026-10-07T08:12:52+09:00
2024.09,853400,41,경기도 의왕시,2,API_EXP_USD_AMT_UNVERIFIED_SCALE,https://www.data.go.kr/data/15134343/openapi.do,2026-10-07T08:12:52+09:00
2024.09,853400,41,경기도 의정부시,19,API_EXP_USD_AMT_UNVERIFIED_SCALE,https://www.data.go.kr/data/15134343/openapi.do,2026-10-07T08:12:52+09:00
2024.09,853400,41,경기도 이천시,19,API_EXP_USD_AMT_UNVERIFIED_SCALE,https://www.data.go.kr/data/15134343/openapi.do,2026-10-07T08:12:52+09:00
2024.09,853400,41,경기도 파주시,387,API_EXP_USD_AMT_UNVERIFIED_SCALE,https://www.data.go.kr/data/15134343/openapi.do,2026-10-07T08:12:52+09:00
2024.09,853400,41,경기도 평택시,1355,API_EXP_USD_AMT_UNVERIFIED_SCALE,https://www.data.go.kr/data/15134343/openapi.do,2026-10-07T08:12:52+09:00
2024.09,853400,41,경기도 포천군,0,API_EXP_USD_AMT_UNVERIFIED_SCALE,https://www.data.go.kr/data/15134343/openapi.do,2026-10-07T08:12:52+09:00
2024.09,853400,41,경기도 하남시,11,API_EXP_USD_AMT_UNVERIFIED_SCALE,https://www.data.go.kr/data/15134343/openapi.do,2026-10-07T08:12:52+09:00
2024.09,853400,41,경기도 화성시,562,API_EXP_USD_AMT_UNVERIFIED_SCALE,https://www.data.go.kr/data/15134343/openapi.do,2026-10-07T08:12:52+09:00
2024.09,853400,43,충청북도 음성군,0,API_EXP_USD_AMT_UNVERIFIED_SCALE,https://www.data.go.kr/data/15134343/openapi.do,2026-10-07T08:12:52+09:00
2024.09,853400,43,충청북도 제천시,0,API_EXP_USD_AMT_UNVERIFIED_SCALE,https://www.data.go.kr/data/15134343/openapi.do,2026-10-07T08:12:52+09:00
2024.09,853400,43,충청북도 증평군,652,API_EXP_USD_AMT_UNVERIFIED_SCALE,https://www.data.go.kr/data/15134343/openapi.do,2026-10-07T08:12:52+09:00
2024.09,853400,43,충청북도 진천군,104,API_EXP_USD_AMT_UNVERIFIED_SCALE,https://www.data.go.kr/data/15134343/openapi.do,2026-10-07T08:12:52+09:00
2024.09,853400,43,충청북도 청주시,36504,API_EXP_USD_AMT_UNVERIFIED_SCALE,https://www.data.go.kr/data/15134343/openapi.do,2026-10-07T08:12:52+09:00
2024.10,330499,36,세종특별자치시,6182,API_EXP_USD_AMT_UNVERIFIED_SCALE,https://www.data.go.kr/data/15134343/openapi.do,2026-10-07T08:12:52+09:00
2024.10,330499,41,경기도 가평군,208,API_EXP_USD_AMT_UNVERIFIED_SCALE,https://www.data.go.kr/data/15134343/openapi.do,2026-10-07T08:12:52+09:00
2024.10,330499,41,경기도 고양시,9067,API_EXP_USD_AMT_UNVERIFIED_SCALE,https://www.data.go.kr/data/15134343/openapi.do,2026-10-07T08:12:52+09:00
2024.10,330499,41,경기도 과천시,2,API_EXP_USD_AMT_UNVERIFIED_SCALE,https://www.data.go.kr/data/15134343/openapi.do,2026-10-07T08:12:52+09:00
2024.10,330499,41,경기도 광명시,1488,API_EXP_USD_AMT_UNVERIFIED_SCALE,https://www.data.go.kr/data/15134343/openapi.do,2026-10-07T08:12:52+09:00
2024.10,330499,41,경기도 광주시,383,API_EXP_USD_AMT_UNVERIFIED_SCALE,https://www.data.go.kr/data/15134343/openapi.do,2026-10-07T08:12:52+09:00
2024.10,330499,41,경기도 구리시,261,API_EXP_USD_AMT_UNVERIFIED_SCALE,https://www.data.go.kr/data/15134343/openapi.do,2026-10-07T08:12:52+09:00
2024.10,330499,41,경기도 군포시,1029,API_EXP_USD_AMT_UNVERIFIED_SCALE,https://www.data.go.kr/data/15134343/openapi.do,2026-10-07T08:12:52+09:00
2024.10,330499,41,경기도 김포시,40354,API_EXP_USD_AMT_UNVERIFIED_SCALE,https://www.data.go.kr/data/15134343/openapi.do,2026-10-07T08:12:52+09:00
2024.10,330499,41,경기도 남양주시,2472,API_EXP_USD_AMT_UNVERIFIED_SCALE,https://www.data.go.kr/data/15134343/openapi.do,2026-10-07T08:12:52+09:00
2024.10,330499,41,경기도 동두천시,0,API_EXP_USD_AMT_UNVERIFIED_SCALE,https://www.data.go.kr/data/15134343/openapi.do,2026-10-07T08:12:52+09:00
2024.10,330499,41,경기도 부천시,5392,API_EXP_USD_AMT_UNVERIFIED_SCALE,https://www.data.go.kr/data/15134343/openapi.do,2026-10-07T08:12:52+09:00
2024.10,330499,41,경기도 성남시,33105,API_EXP_USD_AMT_UNVERIFIED_SCALE,https://www.data.go.kr/data/15134343/openapi.do,2026-10-07T08:12:52+09:00
2024.10,330499,41,경기도 수원시,3263,API_EXP_USD_AMT_UNVERIFIED_SCALE,https://www.data.go.kr/data/15134343/openapi.do,2026-10-07T08:12:52+09:00
2024.10,330499,41,경기도 시흥시,4162,API_EXP_USD_AMT_UNVERIFIED_SCALE,https://www.data.go.kr/data/15134343/openapi.do,2026-10-07T08:12:52+09:00
2024.10,330499,41,경기도 안산시,1875,API_EXP_USD_AMT_UNVERIFIED_SCALE,https://www.data.go.kr/data/15134343/openapi.do,2026-10-07T08:12:52+09:00
2024.10,330499,41,경기도 안성시,2645,API_EXP_USD_AMT_UNVERIFIED_SCALE,https://www.data.go.kr/data/15134343/openapi.do,2026-10-07T08:12:52+09:00
2024.10,330499,41,경기도 안양시,9398,API_EXP_USD_AMT_UNVERIFIED_SCALE,https://www.data.go.kr/data/15134343/openapi.do,2026-10-07T08:12:52+09:00
2024.10,330499,41,경기도 양주시,264,API_EXP_USD_AMT_UNVERIFIED_SCALE,https://www.data.go.kr/data/15134343/openapi.do,2026-10-07T08:12:52+09:00
2024.10,330499,41,경기도 양평군,0,API_EXP_USD_AMT_UNVERIFIED_SCALE,https://www.data.go.kr/data/15134343/openapi.do,2026-10-07T08:12:52+09:00
2024.10,330499,41,경기도 여주군,29,API_EXP_USD_AMT_UNVERIFIED_SCALE,https://www.data.go.kr/data/15134343/openapi.do,2026-10-07T08:12:52+09:00
2024.10,330499,41,경기도 연천군,0,API_EXP_USD_AMT_UNVERIFIED_SCALE,https://www.data.go.kr/data/15134343/openapi.do,2026-10-07T08:12:52+09:00
2024.10,330499,41,경기도 오산시,10069,API_EXP_USD_AMT_UNVERIFIED_SCALE,https://www.data.go.kr/data/15134343/openapi.do,2026-10-07T08:12:52+09:00
2024.10,330499,41,경기도 용인시,2841,API_EXP_USD_AMT_UNVERIFIED_SCALE,https://www.data.go.kr/data/15134343/openapi.do,2026-10-07T08:12:52+09:00
2024.10,330499,41,경기도 의왕시,288,API_EXP_USD_AMT_UNVERIFIED_SCALE,https://www.data.go.kr/data/15134343/openapi.do,2026-10-07T08:12:52+09:00
2024.10,330499,41,경기도 의정부시,115,API_EXP_USD_AMT_UNVERIFIED_SCALE,https://www.data.go.kr/data/15134343/openapi.do,2026-10-07T08:12:52+09:00
2024.10,330499,41,경기도 이천시,333,API_EXP_USD_AMT_UNVERIFIED_SCALE,https://www.data.go.kr/data/15134343/openapi.do,2026-10-07T08:12:52+09:00
2024.10,330499,41,경기도 파주시,2597,API_EXP_USD_AMT_UNVERIFIED_SCALE,https://www.data.go.kr/data/15134343/openapi.do,2026-10-07T08:12:52+09:00
2024.10,330499,41,경기도 평택시,1833,API_EXP_USD_AMT_UNVERIFIED_SCALE,https://www.data.go.kr/data/15134343/openapi.do,2026-10-07T08:12:52+09:00
2024.10,330499,41,경기도 포천군,541,API_EXP_USD_AMT_UNVERIFIED_SCALE,https://www.data.go.kr/data/15134343/openapi.do,2026-10-07T08:12:52+09:00
2024.10,330499,41,경기도 하남시,3338,API_EXP_USD_AMT_UNVERIFIED_SCALE,https://www.data.go.kr/data/15134343/openapi.do,2026-10-07T08:12:52+09:00
2024.10,330499,41,경기도 화성시,17238,API_EXP_USD_AMT_UNVERIFIED_SCALE,https://www.data.go.kr/data/15134343/openapi.do,2026-10-07T08:12:52+09:00
2024.10,853400,27,대구광역시 군위군,0,API_EXP_USD_AMT_UNVERIFIED_SCALE,https://www.data.go.kr/data/15134343/openapi.do,2026-10-07T08:12:52+09:00
2024.10,853400,27,대구광역시 남구,0,API_EXP_USD_AMT_UNVERIFIED_SCALE,https://www.data.go.kr/data/15134343/openapi.do,2026-10-07T08:12:52+09:00
2024.10,853400,27,대구광역시 달서구,368,API_EXP_USD_AMT_UNVERIFIED_SCALE,https://www.data.go.kr/data/15134343/openapi.do,2026-10-07T08:12:52+09:00
2024.10,853400,27,대구광역시 달성군,55119,API_EXP_USD_AMT_UNVERIFIED_SCALE,https://www.data.go.kr/data/15134343/openapi.do,2026-10-07T08:12:52+09:00
2024.10,853400,27,대구광역시 북구,0,API_EXP_USD_AMT_UNVERIFIED_SCALE,https://www.data.go.kr/data/15134343/openapi.do,2026-10-07T08:12:52+09:00
2024.10,853400,27,대구광역시 서구,12,API_EXP_USD_AMT_UNVERIFIED_SCALE,https://www.data.go.kr/data/15134343/openapi.do,2026-10-07T08:12:52+09:00
2024.10,853400,27,대구광역시 수성구,0,API_EXP_USD_AMT_UNVERIFIED_SCALE,https://www.data.go.kr/data/15134343/openapi.do,2026-10-07T08:12:52+09:00
2024.10,853400,27,대구광역시 중구,0,API_EXP_USD_AMT_UNVERIFIED_SCALE,https://www.data.go.kr/data/15134343/openapi.do,2026-10-07T08:12:52+09:00
2024.10,853400,41,경기도 가평군,0,API_EXP_USD_AMT_UNVERIFIED_SCALE,https://www.data.go.kr/data/15134343/openapi.do,2026-10-07T08:12:52+09:00
2024.10,853400,41,경기도 고양시,166,API_EXP_USD_AMT_UNVERIFIED_SCALE,https://www.data.go.kr/data/15134343/openapi.do,2026-10-07T08:12:52+09:00
2024.10,853400,41,경기도 과천시,42,API_EXP_USD_AMT_UNVERIFIED_SCALE,https://www.data.go.kr/data/15134343/openapi.do,2026-10-07T08:12:52+09:00
2024.10,853400,41,경기도 광명시,15,API_EXP_USD_AMT_UNVERIFIED_SCALE,https://www.data.go.kr/data/15134343/openapi.do,2026-10-07T08:12:52+09:00
2024.10,853400,41,경기도 광주시,0,API_EXP_USD_AMT_UNVERIFIED_SCALE,https://www.data.go.kr/data/15134343/openapi.do,2026-10-07T08:12:52+09:00
2024.10,853400,41,경기도 구리시,0,API_EXP_USD_AMT_UNVERIFIED_SCALE,https://www.data.go.kr/data/15134343/openapi.do,2026-10-07T08:12:52+09:00
2024.10,853400,41,경기도 군포시,185,API_EXP_USD_AMT_UNVERIFIED_SCALE,https://www.data.go.kr/data/15134343/openapi.do,2026-10-07T08:12:52+09:00
2024.10,853400,41,경기도 김포시,537,API_EXP_USD_AMT_UNVERIFIED_SCALE,https://www.data.go.kr/data/15134343/openapi.do,2026-10-07T08:12:52+09:00
2024.10,853400,41,경기도 남양주시,0,API_EXP_USD_AMT_UNVERIFIED_SCALE,https://www.data.go.kr/data/15134343/openapi.do,2026-10-07T08:12:52+09:00
2024.10,853400,41,경기도 동두천시,229,API_EXP_USD_AMT_UNVERIFIED_SCALE,https://www.data.go.kr/data/15134343/openapi.do,2026-10-07T08:12:52+09:00
2024.10,853400,41,경기도 부천시,750,API_EXP_USD_AMT_UNVERIFIED_SCALE,https://www.data.go.kr/data/15134343/openapi.do,2026-10-07T08:12:52+09:00
2024.10,853400,41,경기도 성남시,1254,API_EXP_USD_AMT_UNVERIFIED_SCALE,https://www.data.go.kr/data/15134343/openapi.do,2026-10-07T08:12:52+09:00
2024.10,853400,41,경기도 수원시,34778,API_EXP_USD_AMT_UNVERIFIED_SCALE,https://www.data.go.kr/data/15134343/openapi.do,2026-10-07T08:12:52+09:00
2024.10,853400,41,경기도 시흥시,2580,API_EXP_USD_AMT_UNVERIFIED_SCALE,https://www.data.go.kr/data/15134343/openapi.do,2026-10-07T08:12:52+09:00
2024.10,853400,41,경기도 안산시,96878,API_EXP_USD_AMT_UNVERIFIED_SCALE,https://www.data.go.kr/data/15134343/openapi.do,2026-10-07T08:12:52+09:00
2024.10,853400,41,경기도 안성시,10156,API_EXP_USD_AMT_UNVERIFIED_SCALE,https://www.data.go.kr/data/15134343/openapi.do,2026-10-07T08:12:52+09:00
2024.10,853400,41,경기도 안양시,1025,API_EXP_USD_AMT_UNVERIFIED_SCALE,https://www.data.go.kr/data/15134343/openapi.do,2026-10-07T08:12:52+09:00
2024.10,853400,41,경기도 양주시,0,API_EXP_USD_AMT_UNVERIFIED_SCALE,https://www.data.go.kr/data/15134343/openapi.do,2026-10-07T08:12:52+09:00
2024.10,853400,41,경기도 양평군,2,API_EXP_USD_AMT_UNVERIFIED_SCALE,https://www.data.go.kr/data/15134343/openapi.do,2026-10-07T08:12:52+09:00
2024.10,853400,41,경기도 여주군,0,API_EXP_USD_AMT_UNVERIFIED_SCALE,https://www.data.go.kr/data/15134343/openapi.do,2026-10-07T08:12:52+09:00
2024.10,853400,41,경기도 연천군,0,API_EXP_USD_AMT_UNVERIFIED_SCALE,https://www.data.go.kr/data/15134343/openapi.do,2026-10-07T08:12:52+09:00
2024.10,853400,41,경기도 오산시,25,API_EXP_USD_AMT_UNVERIFIED_SCALE,https://www.data.go.kr/data/15134343/openapi.do,2026-10-07T08:12:52+09:00
2024.10,853400,41,경기도 용인시,2050,API_EXP_USD_AMT_UNVERIFIED_SCALE,https://www.data.go.kr/data/15134343/openapi.do,2026-10-07T08:12:52+09:00
2024.10,853400,41,경기도 의왕시,1,API_EXP_USD_AMT_UNVERIFIED_SCALE,https://www.data.go.kr/data/15134343/openapi.do,2026-10-07T08:12:52+09:00
2024.10,853400,41,경기도 의정부시,42,API_EXP_USD_AMT_UNVERIFIED_SCALE,https://www.data.go.kr/data/15134343/openapi.do,2026-10-07T08:12:52+09:00
2024.10,853400,41,경기도 이천시,234,API_EXP_USD_AMT_UNVERIFIED_SCALE,https://www.data.go.kr/data/15134343/openapi.do,2026-10-07T08:12:52+09:00
2024.10,853400,41,경기도 파주시,158,API_EXP_USD_AMT_UNVERIFIED_SCALE,https://www.data.go.kr/data/15134343/openapi.do,2026-10-07T08:12:52+09:00
2024.10,853400,41,경기도 평택시,1011,API_EXP_USD_AMT_UNVERIFIED_SCALE,https://www.data.go.kr/data/15134343/openapi.do,2026-10-07T08:12:52+09:00
2024.10,853400,41,경기도 포천군,0,API_EXP_USD_AMT_UNVERIFIED_SCALE,https://www.data.go.kr/data/15134343/openapi.do,2026-10-07T08:12:52+09:00
2024.10,853400,41,경기도 하남시,4,API_EXP_USD_AMT_UNVERIFIED_SCALE,https://www.data.go.kr/data/15134343/openapi.do,2026-10-07T08:12:52+09:00
2024.10,853400,41,경기도 화성시,832,API_EXP_USD_AMT_UNVERIFIED_SCALE,https://www.data.go.kr/data/15134343/openapi.do,2026-10-07T08:12:52+09:00
2024.10,853400,43,충청북도 단양군,0,API_EXP_USD_AMT_UNVERIFIED_SCALE,https://www.data.go.kr/data/15134343/openapi.do,2026-10-07T08:12:52+09:00
2024.10,853400,43,충청북도 옥천군,0,API_EXP_USD_AMT_UNVERIFIED_SCALE,https://www.data.go.kr/data/15134343/openapi.do,2026-10-07T08:12:52+09:00
2024.10,853400,43,충청북도 음성군,16,API_EXP_USD_AMT_UNVERIFIED_SCALE,https://www.data.go.kr/data/15134343/openapi.do,2026-10-07T08:12:52+09:00
2024.10,853400,43,충청북도 제천시,0,API_EXP_USD_AMT_UNVERIFIED_SCALE,https://www.data.go.kr/data/15134343/openapi.do,2026-10-07T08:12:52+09:00
2024.10,853400,43,충청북도 증평군,847,API_EXP_USD_AMT_UNVERIFIED_SCALE,https://www.data.go.kr/data/15134343/openapi.do,2026-10-07T08:12:52+09:00
2024.10,853400,43,충청북도 진천군,86,API_EXP_USD_AMT_UNVERIFIED_SCALE,https://www.data.go.kr/data/15134343/openapi.do,2026-10-07T08:12:52+09:00
2024.10,853400,43,충청북도 청주시,36012,API_EXP_USD_AMT_UNVERIFIED_SCALE,https://www.data.go.kr/data/15134343/openapi.do,2026-10-07T08:12:52+09:00
2024.10,853400,43,충청북도 충주시,0,API_EXP_USD_AMT_UNVERIFIED_SCALE,https://www.data.go.kr/data/15134343/openapi.do,2026-10-07T08:12:52+09:00
2024.11,330499,36,세종특별자치시,6805,API_EXP_USD_AMT_UNVERIFIED_SCALE,https://www.data.go.kr/data/15134343/openapi.do,2026-10-07T08:12:52+09:00
2024.11,330499,41,경기도 가평군,133,API_EXP_USD_AMT_UNVERIFIED_SCALE,https://www.data.go.kr/data/15134343/openapi.do,2026-10-07T08:12:52+09:00
2024.11,330499,41,경기도 고양시,5693,API_EXP_USD_AMT_UNVERIFIED_SCALE,https://www.data.go.kr/data/15134343/openapi.do,2026-10-07T08:12:52+09:00
2024.11,330499,41,경기도 과천시,0,API_EXP_USD_AMT_UNVERIFIED_SCALE,https://www.data.go.kr/data/15134343/openapi.do,2026-10-07T08:12:52+09:00
2024.11,330499,41,경기도 광명시,1104,API_EXP_USD_AMT_UNVERIFIED_SCALE,https://www.data.go.kr/data/15134343/openapi.do,2026-10-07T08:12:52+09:00
2024.11,330499,41,경기도 광주시,631,API_EXP_USD_AMT_UNVERIFIED_SCALE,https://www.data.go.kr/data/15134343/openapi.do,2026-10-07T08:12:52+09:00
2024.11,330499,41,경기도 구리시,279,API_EXP_USD_AMT_UNVERIFIED_SCALE,https://www.data.go.kr/data/15134343/openapi.do,2026-10-07T08:12:52+09:00
2024.11,330499,41,경기도 군포시,581,API_EXP_USD_AMT_UNVERIFIED_SCALE,https://www.data.go.kr/data/15134343/openapi.do,2026-10-07T08:12:52+09:00
2024.11,330499,41,경기도 김포시,35794,API_EXP_USD_AMT_UNVERIFIED_SCALE,https://www.data.go.kr/data/15134343/openapi.do,2026-10-07T08:12:52+09:00
2024.11,330499,41,경기도 남양주시,1490,API_EXP_USD_AMT_UNVERIFIED_SCALE,https://www.data.go.kr/data/15134343/openapi.do,2026-10-07T08:12:52+09:00
2024.11,330499,41,경기도 동두천시,0,API_EXP_USD_AMT_UNVERIFIED_SCALE,https://www.data.go.kr/data/15134343/openapi.do,2026-10-07T08:12:52+09:00
2024.11,330499,41,경기도 부천시,5309,API_EXP_USD_AMT_UNVERIFIED_SCALE,https://www.data.go.kr/data/15134343/openapi.do,2026-10-07T08:12:52+09:00
2024.11,330499,41,경기도 성남시,39348,API_EXP_USD_AMT_UNVERIFIED_SCALE,https://www.data.go.kr/data/15134343/openapi.do,2026-10-07T08:12:52+09:00
2024.11,330499,41,경기도 수원시,1338,API_EXP_USD_AMT_UNVERIFIED_SCALE,https://www.data.go.kr/data/15134343/openapi.do,2026-10-07T08:12:52+09:00
2024.11,330499,41,경기도 시흥시,6148,API_EXP_USD_AMT_UNVERIFIED_SCALE,https://www.data.go.kr/data/15134343/openapi.do,2026-10-07T08:12:52+09:00
2024.11,330499,41,경기도 안산시,2344,API_EXP_USD_AMT_UNVERIFIED_SCALE,https://www.data.go.kr/data/15134343/openapi.do,2026-10-07T08:12:52+09:00
2024.11,330499,41,경기도 안성시,1571,API_EXP_USD_AMT_UNVERIFIED_SCALE,https://www.data.go.kr/data/15134343/openapi.do,2026-10-07T08:12:52+09:00
2024.11,330499,41,경기도 안양시,5708,API_EXP_USD_AMT_UNVERIFIED_SCALE,https://www.data.go.kr/data/15134343/openapi.do,2026-10-07T08:12:52+09:00
2024.11,330499,41,경기도 양주시,161,API_EXP_USD_AMT_UNVERIFIED_SCALE,https://www.data.go.kr/data/15134343/openapi.do,2026-10-07T08:12:52+09:00
2024.11,330499,41,경기도 양평군,3,API_EXP_USD_AMT_UNVERIFIED_SCALE,https://www.data.go.kr/data/15134343/openapi.do,2026-10-07T08:12:52+09:00
2024.11,330499,41,경기도 여주군,7,API_EXP_USD_AMT_UNVERIFIED_SCALE,https://www.data.go.kr/data/15134343/openapi.do,2026-10-07T08:12:52+09:00
2024.11,330499,41,경기도 연천군,6,API_EXP_USD_AMT_UNVERIFIED_SCALE,https://www.data.go.kr/data/15134343/openapi.do,2026-10-07T08:12:52+09:00
2024.11,330499,41,경기도 오산시,9543,API_EXP_USD_AMT_UNVERIFIED_SCALE,https://www.data.go.kr/data/15134343/openapi.do,2026-10-07T08:12:52+09:00
2024.11,330499,41,경기도 용인시,1790,API_EXP_USD_AMT_UNVERIFIED_SCALE,https://www.data.go.kr/data/15134343/openapi.do,2026-10-07T08:12:52+09:00
2024.11,330499,41,경기도 의왕시,1067,API_EXP_USD_AMT_UNVERIFIED_SCALE,https://www.data.go.kr/data/15134343/openapi.do,2026-10-07T08:12:52+09:00
2024.11,330499,41,경기도 의정부시,358,API_EXP_USD_AMT_UNVERIFIED_SCALE,https://www.data.go.kr/data/15134343/openapi.do,2026-10-07T08:12:52+09:00
2024.11,330499,41,경기도 이천시,241,API_EXP_USD_AMT_UNVERIFIED_SCALE,https://www.data.go.kr/data/15134343/openapi.do,2026-10-07T08:12:52+09:00
2024.11,330499,41,경기도 파주시,2173,API_EXP_USD_AMT_UNVERIFIED_SCALE,https://www.data.go.kr/data/15134343/openapi.do,2026-10-07T08:12:52+09:00
2024.11,330499,41,경기도 평택시,4496,API_EXP_USD_AMT_UNVERIFIED_SCALE,https://www.data.go.kr/data/15134343/openapi.do,2026-10-07T08:12:52+09:00
2024.11,330499,41,경기도 포천군,177,API_EXP_USD_AMT_UNVERIFIED_SCALE,https://www.data.go.kr/data/15134343/openapi.do,2026-10-07T08:12:52+09:00
2024.11,330499,41,경기도 하남시,2172,API_EXP_USD_AMT_UNVERIFIED_SCALE,https://www.data.go.kr/data/15134343/openapi.do,2026-10-07T08:12:52+09:00
2024.11,330499,41,경기도 화성시,18416,API_EXP_USD_AMT_UNVERIFIED_SCALE,https://www.data.go.kr/data/15134343/openapi.do,2026-10-07T08:12:52+09:00
2024.11,853400,27,대구광역시 남구,0,API_EXP_USD_AMT_UNVERIFIED_SCALE,https://www.data.go.kr/data/15134343/openapi.do,2026-10-07T08:12:52+09:00
2024.11,853400,27,대구광역시 달서구,636,API_EXP_USD_AMT_UNVERIFIED_SCALE,https://www.data.go.kr/data/15134343/openapi.do,2026-10-07T08:12:52+09:00
2024.11,853400,27,대구광역시 달성군,45001,API_EXP_USD_AMT_UNVERIFIED_SCALE,https://www.data.go.kr/data/15134343/openapi.do,2026-10-07T08:12:52+09:00
2024.11,853400,27,대구광역시 동구,0,API_EXP_USD_AMT_UNVERIFIED_SCALE,https://www.data.go.kr/data/15134343/openapi.do,2026-10-07T08:12:52+09:00
2024.11,853400,27,대구광역시 북구,1,API_EXP_USD_AMT_UNVERIFIED_SCALE,https://www.data.go.kr/data/15134343/openapi.do,2026-10-07T08:12:52+09:00
2024.11,853400,27,대구광역시 서구,12,API_EXP_USD_AMT_UNVERIFIED_SCALE,https://www.data.go.kr/data/15134343/openapi.do,2026-10-07T08:12:52+09:00
2024.11,853400,27,대구광역시 수성구,0,API_EXP_USD_AMT_UNVERIFIED_SCALE,https://www.data.go.kr/data/15134343/openapi.do,2026-10-07T08:12:52+09:00
2024.11,853400,27,대구광역시 중구,0,API_EXP_USD_AMT_UNVERIFIED_SCALE,https://www.data.go.kr/data/15134343/openapi.do,2026-10-07T08:12:52+09:00
2024.11,853400,41,경기도 고양시,83,API_EXP_USD_AMT_UNVERIFIED_SCALE,https://www.data.go.kr/data/15134343/openapi.do,2026-10-07T08:12:52+09:00
2024.11,853400,41,경기도 과천시,119,API_EXP_USD_AMT_UNVERIFIED_SCALE,https://www.data.go.kr/data/15134343/openapi.do,2026-10-07T08:12:52+09:00
2024.11,853400,41,경기도 광명시,2,API_EXP_USD_AMT_UNVERIFIED_SCALE,https://www.data.go.kr/data/15134343/openapi.do,2026-10-07T08:12:52+09:00
2024.11,853400,41,경기도 광주시,1,API_EXP_USD_AMT_UNVERIFIED_SCALE,https://www.data.go.kr/data/15134343/openapi.do,2026-10-07T08:12:52+09:00
2024.11,853400,41,경기도 구리시,0,API_EXP_USD_AMT_UNVERIFIED_SCALE,https://www.data.go.kr/data/15134343/openapi.do,2026-10-07T08:12:52+09:00
2024.11,853400,41,경기도 군포시,118,API_EXP_USD_AMT_UNVERIFIED_SCALE,https://www.data.go.kr/data/15134343/openapi.do,2026-10-07T08:12:52+09:00
2024.11,853400,41,경기도 김포시,521,API_EXP_USD_AMT_UNVERIFIED_SCALE,https://www.data.go.kr/data/15134343/openapi.do,2026-10-07T08:12:52+09:00
2024.11,853400,41,경기도 남양주시,0,API_EXP_USD_AMT_UNVERIFIED_SCALE,https://www.data.go.kr/data/15134343/openapi.do,2026-10-07T08:12:52+09:00
2024.11,853400,41,경기도 동두천시,462,API_EXP_USD_AMT_UNVERIFIED_SCALE,https://www.data.go.kr/data/15134343/openapi.do,2026-10-07T08:12:52+09:00
2024.11,853400,41,경기도 부천시,534,API_EXP_USD_AMT_UNVERIFIED_SCALE,https://www.data.go.kr/data/15134343/openapi.do,2026-10-07T08:12:52+09:00
2024.11,853400,41,경기도 성남시,1169,API_EXP_USD_AMT_UNVERIFIED_SCALE,https://www.data.go.kr/data/15134343/openapi.do,2026-10-07T08:12:52+09:00
2024.11,853400,41,경기도 수원시,33267,API_EXP_USD_AMT_UNVERIFIED_SCALE,https://www.data.go.kr/data/15134343/openapi.do,2026-10-07T08:12:52+09:00
2024.11,853400,41,경기도 시흥시,3143,API_EXP_USD_AMT_UNVERIFIED_SCALE,https://www.data.go.kr/data/15134343/openapi.do,2026-10-07T08:12:52+09:00
2024.11,853400,41,경기도 안산시,100006,API_EXP_USD_AMT_UNVERIFIED_SCALE,https://www.data.go.kr/data/15134343/openapi.do,2026-10-07T08:12:52+09:00
2024.11,853400,41,경기도 안성시,7455,API_EXP_USD_AMT_UNVERIFIED_SCALE,https://www.data.go.kr/data/15134343/openapi.do,2026-10-07T08:12:52+09:00
2024.11,853400,41,경기도 안양시,859,API_EXP_USD_AMT_UNVERIFIED_SCALE,https://www.data.go.kr/data/15134343/openapi.do,2026-10-07T08:12:52+09:00
2024.11,853400,41,경기도 양주시,7,API_EXP_USD_AMT_UNVERIFIED_SCALE,https://www.data.go.kr/data/15134343/openapi.do,2026-10-07T08:12:52+09:00
2024.11,853400,41,경기도 양평군,0,API_EXP_USD_AMT_UNVERIFIED_SCALE,https://www.data.go.kr/data/15134343/openapi.do,2026-10-07T08:12:52+09:00
2024.11,853400,41,경기도 여주군,0,API_EXP_USD_AMT_UNVERIFIED_SCALE,https://www.data.go.kr/data/15134343/openapi.do,2026-10-07T08:12:52+09:00
2024.11,853400,41,경기도 오산시,74,API_EXP_USD_AMT_UNVERIFIED_SCALE,https://www.data.go.kr/data/15134343/openapi.do,2026-10-07T08:12:52+09:00
2024.11,853400,41,경기도 용인시,2515,API_EXP_USD_AMT_UNVERIFIED_SCALE,https://www.data.go.kr/data/15134343/openapi.do,2026-10-07T08:12:52+09:00
2024.11,853400,41,경기도 의왕시,23,API_EXP_USD_AMT_UNVERIFIED_SCALE,https://www.data.go.kr/data/15134343/openapi.do,2026-10-07T08:12:52+09:00
2024.11,853400,41,경기도 의정부시,77,API_EXP_USD_AMT_UNVERIFIED_SCALE,https://www.data.go.kr/data/15134343/openapi.do,2026-10-07T08:12:52+09:00
2024.11,853400,41,경기도 이천시,56,API_EXP_USD_AMT_UNVERIFIED_SCALE,https://www.data.go.kr/data/15134343/openapi.do,2026-10-07T08:12:52+09:00
2024.11,853400,41,경기도 파주시,377,API_EXP_USD_AMT_UNVERIFIED_SCALE,https://www.data.go.kr/data/15134343/openapi.do,2026-10-07T08:12:52+09:00
2024.11,853400,41,경기도 평택시,1135,API_EXP_USD_AMT_UNVERIFIED_SCALE,https://www.data.go.kr/data/15134343/openapi.do,2026-10-07T08:12:52+09:00
2024.11,853400,41,경기도 포천군,0,API_EXP_USD_AMT_UNVERIFIED_SCALE,https://www.data.go.kr/data/15134343/openapi.do,2026-10-07T08:12:52+09:00
2024.11,853400,41,경기도 하남시,14,API_EXP_USD_AMT_UNVERIFIED_SCALE,https://www.data.go.kr/data/15134343/openapi.do,2026-10-07T08:12:52+09:00
2024.11,853400,41,경기도 화성시,544,API_EXP_USD_AMT_UNVERIFIED_SCALE,https://www.data.go.kr/data/15134343/openapi.do,2026-10-07T08:12:52+09:00
2024.11,853400,43,충청북도 음성군,9,API_EXP_USD_AMT_UNVERIFIED_SCALE,https://www.data.go.kr/data/15134343/openapi.do,2026-10-07T08:12:52+09:00
2024.11,853400,43,충청북도 제천시,15,API_EXP_USD_AMT_UNVERIFIED_SCALE,https://www.data.go.kr/data/15134343/openapi.do,2026-10-07T08:12:52+09:00
2024.11,853400,43,충청북도 증평군,756,API_EXP_USD_AMT_UNVERIFIED_SCALE,https://www.data.go.kr/data/15134343/openapi.do,2026-10-07T08:12:52+09:00
2024.11,853400,43,충청북도 진천군,83,API_EXP_USD_AMT_UNVERIFIED_SCALE,https://www.data.go.kr/data/15134343/openapi.do,2026-10-07T08:12:52+09:00
2024.11,853400,43,충청북도 청주시,29325,API_EXP_USD_AMT_UNVERIFIED_SCALE,https://www.data.go.kr/data/15134343/openapi.do,2026-10-07T08:12:52+09:00
2024.12,330499,36,세종특별자치시,4990,API_EXP_USD_AMT_UNVERIFIED_SCALE,https://www.data.go.kr/data/15134343/openapi.do,2026-10-07T08:12:52+09:00
2024.12,330499,41,경기도 가평군,151,API_EXP_USD_AMT_UNVERIFIED_SCALE,https://www.data.go.kr/data/15134343/openapi.do,2026-10-07T08:12:52+09:00
2024.12,330499,41,경기도 고양시,10446,API_EXP_USD_AMT_UNVERIFIED_SCALE,https://www.data.go.kr/data/15134343/openapi.do,2026-10-07T08:12:52+09:00
2024.12,330499,41,경기도 과천시,2,API_EXP_USD_AMT_UNVERIFIED_SCALE,https://www.data.go.kr/data/15134343/openapi.do,2026-10-07T08:12:52+09:00
2024.12,330499,41,경기도 광명시,1200,API_EXP_USD_AMT_UNVERIFIED_SCALE,https://www.data.go.kr/data/15134343/openapi.do,2026-10-07T08:12:52+09:00
2024.12,330499,41,경기도 광주시,371,API_EXP_USD_AMT_UNVERIFIED_SCALE,https://www.data.go.kr/data/15134343/openapi.do,2026-10-07T08:12:52+09:00
2024.12,330499,41,경기도 구리시,43,API_EXP_USD_AMT_UNVERIFIED_SCALE,https://www.data.go.kr/data/15134343/openapi.do,2026-10-07T08:12:52+09:00
2024.12,330499,41,경기도 군포시,694,API_EXP_USD_AMT_UNVERIFIED_SCALE,https://www.data.go.kr/data/15134343/openapi.do,2026-10-07T08:12:52+09:00
2024.12,330499,41,경기도 김포시,35900,API_EXP_USD_AMT_UNVERIFIED_SCALE,https://www.data.go.kr/data/15134343/openapi.do,2026-10-07T08:12:52+09:00
2024.12,330499,41,경기도 남양주시,1258,API_EXP_USD_AMT_UNVERIFIED_SCALE,https://www.data.go.kr/data/15134343/openapi.do,2026-10-07T08:12:52+09:00
2024.12,330499,41,경기도 동두천시,1,API_EXP_USD_AMT_UNVERIFIED_SCALE,https://www.data.go.kr/data/15134343/openapi.do,2026-10-07T08:12:52+09:00
2024.12,330499,41,경기도 부천시,6744,API_EXP_USD_AMT_UNVERIFIED_SCALE,https://www.data.go.kr/data/15134343/openapi.do,2026-10-07T08:12:52+09:00
2024.12,330499,41,경기도 성남시,28659,API_EXP_USD_AMT_UNVERIFIED_SCALE,https://www.data.go.kr/data/15134343/openapi.do,2026-10-07T08:12:52+09:00
2024.12,330499,41,경기도 수원시,2356,API_EXP_USD_AMT_UNVERIFIED_SCALE,https://www.data.go.kr/data/15134343/openapi.do,2026-10-07T08:12:52+09:00
2024.12,330499,41,경기도 시흥시,3505,API_EXP_USD_AMT_UNVERIFIED_SCALE,https://www.data.go.kr/data/15134343/openapi.do,2026-10-07T08:12:52+09:00
2024.12,330499,41,경기도 안산시,4618,API_EXP_USD_AMT_UNVERIFIED_SCALE,https://www.data.go.kr/data/15134343/openapi.do,2026-10-07T08:12:52+09:00
2024.12,330499,41,경기도 안성시,1160,API_EXP_USD_AMT_UNVERIFIED_SCALE,https://www.data.go.kr/data/15134343/openapi.do,2026-10-07T08:12:52+09:00
2024.12,330499,41,경기도 안양시,11030,API_EXP_USD_AMT_UNVERIFIED_SCALE,https://www.data.go.kr/data/15134343/openapi.do,2026-10-07T08:12:52+09:00
2024.12,330499,41,경기도 양주시,75,API_EXP_USD_AMT_UNVERIFIED_SCALE,https://www.data.go.kr/data/15134343/openapi.do,2026-10-07T08:12:52+09:00
2024.12,330499,41,경기도 양평군,1,API_EXP_USD_AMT_UNVERIFIED_SCALE,https://www.data.go.kr/data/15134343/openapi.do,2026-10-07T08:12:52+09:00
2024.12,330499,41,경기도 여주군,33,API_EXP_USD_AMT_UNVERIFIED_SCALE,https://www.data.go.kr/data/15134343/openapi.do,2026-10-07T08:12:52+09:00
2024.12,330499,41,경기도 연천군,0,API_EXP_USD_AMT_UNVERIFIED_SCALE,https://www.data.go.kr/data/15134343/openapi.do,2026-10-07T08:12:52+09:00
2024.12,330499,41,경기도 오산시,9500,API_EXP_USD_AMT_UNVERIFIED_SCALE,https://www.data.go.kr/data/15134343/openapi.do,2026-10-07T08:12:52+09:00
2024.12,330499,41,경기도 용인시,2852,API_EXP_USD_AMT_UNVERIFIED_SCALE,https://www.data.go.kr/data/15134343/openapi.do,2026-10-07T08:12:52+09:00
2024.12,330499,41,경기도 의왕시,940,API_EXP_USD_AMT_UNVERIFIED_SCALE,https://www.data.go.kr/data/15134343/openapi.do,2026-10-07T08:12:52+09:00
2024.12,330499,41,경기도 의정부시,299,API_EXP_USD_AMT_UNVERIFIED_SCALE,https://www.data.go.kr/data/15134343/openapi.do,2026-10-07T08:12:52+09:00
2024.12,330499,41,경기도 이천시,202,API_EXP_USD_AMT_UNVERIFIED_SCALE,https://www.data.go.kr/data/15134343/openapi.do,2026-10-07T08:12:52+09:00
2024.12,330499,41,경기도 파주시,2530,API_EXP_USD_AMT_UNVERIFIED_SCALE,https://www.data.go.kr/data/15134343/openapi.do,2026-10-07T08:12:52+09:00
2024.12,330499,41,경기도 평택시,4884,API_EXP_USD_AMT_UNVERIFIED_SCALE,https://www.data.go.kr/data/15134343/openapi.do,2026-10-07T08:12:52+09:00
2024.12,330499,41,경기도 포천군,902,API_EXP_USD_AMT_UNVERIFIED_SCALE,https://www.data.go.kr/data/15134343/openapi.do,2026-10-07T08:12:52+09:00
2024.12,330499,41,경기도 하남시,9362,API_EXP_USD_AMT_UNVERIFIED_SCALE,https://www.data.go.kr/data/15134343/openapi.do,2026-10-07T08:12:52+09:00
2024.12,330499,41,경기도 화성시,15113,API_EXP_USD_AMT_UNVERIFIED_SCALE,https://www.data.go.kr/data/15134343/openapi.do,2026-10-07T08:12:52+09:00
2024.12,853400,27,대구광역시 남구,0,API_EXP_USD_AMT_UNVERIFIED_SCALE,https://www.data.go.kr/data/15134343/openapi.do,2026-10-07T08:12:52+09:00
2024.12,853400,27,대구광역시 달서구,276,API_EXP_USD_AMT_UNVERIFIED_SCALE,https://www.data.go.kr/data/15134343/openapi.do,2026-10-07T08:12:52+09:00
2024.12,853400,27,대구광역시 달성군,39213,API_EXP_USD_AMT_UNVERIFIED_SCALE,https://www.data.go.kr/data/15134343/openapi.do,2026-10-07T08:12:52+09:00
2024.12,853400,27,대구광역시 동구,0,API_EXP_USD_AMT_UNVERIFIED_SCALE,https://www.data.go.kr/data/15134343/openapi.do,2026-10-07T08:12:52+09:00
2024.12,853400,27,대구광역시 북구,0,API_EXP_USD_AMT_UNVERIFIED_SCALE,https://www.data.go.kr/data/15134343/openapi.do,2026-10-07T08:12:52+09:00
2024.12,853400,27,대구광역시 서구,12,API_EXP_USD_AMT_UNVERIFIED_SCALE,https://www.data.go.kr/data/15134343/openapi.do,2026-10-07T08:12:52+09:00
2024.12,853400,27,대구광역시 수성구,0,API_EXP_USD_AMT_UNVERIFIED_SCALE,https://www.data.go.kr/data/15134343/openapi.do,2026-10-07T08:12:52+09:00
2024.12,853400,41,경기도 고양시,168,API_EXP_USD_AMT_UNVERIFIED_SCALE,https://www.data.go.kr/data/15134343/openapi.do,2026-10-07T08:12:52+09:00
2024.12,853400,41,경기도 과천시,14,API_EXP_USD_AMT_UNVERIFIED_SCALE,https://www.data.go.kr/data/15134343/openapi.do,2026-10-07T08:12:52+09:00
2024.12,853400,41,경기도 광명시,13,API_EXP_USD_AMT_UNVERIFIED_SCALE,https://www.data.go.kr/data/15134343/openapi.do,2026-10-07T08:12:52+09:00
2024.12,853400,41,경기도 광주시,3,API_EXP_USD_AMT_UNVERIFIED_SCALE,https://www.data.go.kr/data/15134343/openapi.do,2026-10-07T08:12:52+09:00
2024.12,853400,41,경기도 구리시,0,API_EXP_USD_AMT_UNVERIFIED_SCALE,https://www.data.go.kr/data/15134343/openapi.do,2026-10-07T08:12:52+09:00
2024.12,853400,41,경기도 군포시,173,API_EXP_USD_AMT_UNVERIFIED_SCALE,https://www.data.go.kr/data/15134343/openapi.do,2026-10-07T08:12:52+09:00
2024.12,853400,41,경기도 김포시,683,API_EXP_USD_AMT_UNVERIFIED_SCALE,https://www.data.go.kr/data/15134343/openapi.do,2026-10-07T08:12:52+09:00
2024.12,853400,41,경기도 남양주시,0,API_EXP_USD_AMT_UNVERIFIED_SCALE,https://www.data.go.kr/data/15134343/openapi.do,2026-10-07T08:12:52+09:00
2024.12,853400,41,경기도 동두천시,1351,API_EXP_USD_AMT_UNVERIFIED_SCALE,https://www.data.go.kr/data/15134343/openapi.do,2026-10-07T08:12:52+09:00
2024.12,853400,41,경기도 부천시,673,API_EXP_USD_AMT_UNVERIFIED_SCALE,https://www.data.go.kr/data/15134343/openapi.do,2026-10-07T08:12:52+09:00
2024.12,853400,41,경기도 성남시,1302,API_EXP_USD_AMT_UNVERIFIED_SCALE,https://www.data.go.kr/data/15134343/openapi.do,2026-10-07T08:12:52+09:00
2024.12,853400,41,경기도 수원시,34709,API_EXP_USD_AMT_UNVERIFIED_SCALE,https://www.data.go.kr/data/15134343/openapi.do,2026-10-07T08:12:52+09:00
2024.12,853400,41,경기도 시흥시,1700,API_EXP_USD_AMT_UNVERIFIED_SCALE,https://www.data.go.kr/data/15134343/openapi.do,2026-10-07T08:12:52+09:00
2024.12,853400,41,경기도 안산시,101801,API_EXP_USD_AMT_UNVERIFIED_SCALE,https://www.data.go.kr/data/15134343/openapi.do,2026-10-07T08:12:52+09:00
2024.12,853400,41,경기도 안성시,6754,API_EXP_USD_AMT_UNVERIFIED_SCALE,https://www.data.go.kr/data/15134343/openapi.do,2026-10-07T08:12:52+09:00
2024.12,853400,41,경기도 안양시,841,API_EXP_USD_AMT_UNVERIFIED_SCALE,https://www.data.go.kr/data/15134343/openapi.do,2026-10-07T08:12:52+09:00
2024.12,853400,41,경기도 양주시,36,API_EXP_USD_AMT_UNVERIFIED_SCALE,https://www.data.go.kr/data/15134343/openapi.do,2026-10-07T08:12:52+09:00
2024.12,853400,41,경기도 양평군,0,API_EXP_USD_AMT_UNVERIFIED_SCALE,https://www.data.go.kr/data/15134343/openapi.do,2026-10-07T08:12:52+09:00
2024.12,853400,41,경기도 여주군,0,API_EXP_USD_AMT_UNVERIFIED_SCALE,https://www.data.go.kr/data/15134343/openapi.do,2026-10-07T08:12:52+09:00
2024.12,853400,41,경기도 오산시,29,API_EXP_USD_AMT_UNVERIFIED_SCALE,https://www.data.go.kr/data/15134343/openapi.do,2026-10-07T08:12:52+09:00
2024.12,853400,41,경기도 용인시,617,API_EXP_USD_AMT_UNVERIFIED_SCALE,https://www.data.go.kr/data/15134343/openapi.do,2026-10-07T08:12:52+09:00
2024.12,853400,41,경기도 의왕시,4,API_EXP_USD_AMT_UNVERIFIED_SCALE,https://www.data.go.kr/data/15134343/openapi.do,2026-10-07T08:12:52+09:00
2024.12,853400,41,경기도 의정부시,6,API_EXP_USD_AMT_UNVERIFIED_SCALE,https://www.data.go.kr/data/15134343/openapi.do,2026-10-07T08:12:52+09:00
2024.12,853400,41,경기도 이천시,78,API_EXP_USD_AMT_UNVERIFIED_SCALE,https://www.data.go.kr/data/15134343/openapi.do,2026-10-07T08:12:52+09:00
2024.12,853400,41,경기도 파주시,90,API_EXP_USD_AMT_UNVERIFIED_SCALE,https://www.data.go.kr/data/15134343/openapi.do,2026-10-07T08:12:52+09:00
2024.12,853400,41,경기도 평택시,1073,API_EXP_USD_AMT_UNVERIFIED_SCALE,https://www.data.go.kr/data/15134343/openapi.do,2026-10-07T08:12:52+09:00
2024.12,853400,41,경기도 포천군,7,API_EXP_USD_AMT_UNVERIFIED_SCALE,https://www.data.go.kr/data/15134343/openapi.do,2026-10-07T08:12:52+09:00
2024.12,853400,41,경기도 하남시,164,API_EXP_USD_AMT_UNVERIFIED_SCALE,https://www.data.go.kr/data/15134343/openapi.do,2026-10-07T08:12:52+09:00
2024.12,853400,41,경기도 화성시,645,API_EXP_USD_AMT_UNVERIFIED_SCALE,https://www.data.go.kr/data/15134343/openapi.do,2026-10-07T08:12:52+09:00
2024.12,853400,43,충청북도 음성군,10,API_EXP_USD_AMT_UNVERIFIED_SCALE,https://www.data.go.kr/data/15134343/openapi.do,2026-10-07T08:12:52+09:00
2024.12,853400,43,충청북도 제천시,0,API_EXP_USD_AMT_UNVERIFIED_SCALE,https://www.data.go.kr/data/15134343/openapi.do,2026-10-07T08:12:52+09:00
2024.12,853400,43,충청북도 증평군,794,API_EXP_USD_AMT_UNVERIFIED_SCALE,https://www.data.go.kr/data/15134343/openapi.do,2026-10-07T08:12:52+09:00
2024.12,853400,43,충청북도 진천군,97,API_EXP_USD_AMT_UNVERIFIED_SCALE,https://www.data.go.kr/data/15134343/openapi.do,2026-10-07T08:12:52+09:00
2024.12,853400,43,충청북도 청주시,31593,API_EXP_USD_AMT_UNVERIFIED_SCALE,https://www.data.go.kr/data/15134343/openapi.do,2026-10-07T08:12:52+09:00
2024.12,853400,43,충청북도 충주시,0,API_EXP_USD_AMT_UNVERIFIED_SCALE,https://www.data.go.kr/data/15134343/openapi.do,2026-10-07T08:12:52+09:00
2025.01,330499,36,세종특별자치시,4914,API_EXP_USD_AMT_UNVERIFIED_SCALE,https://www.data.go.kr/data/15134343/openapi.do,2026-10-07T08:12:52+09:00
2025.01,330499,41,경기도 가평군,213,API_EXP_USD_AMT_UNVERIFIED_SCALE,https://www.data.go.kr/data/15134343/openapi.do,2026-10-07T08:12:52+09:00
2025.01,330499,41,경기도 고양시,7167,API_EXP_USD_AMT_UNVERIFIED_SCALE,https://www.data.go.kr/data/15134343/openapi.do,2026-10-07T08:12:52+09:00
2025.01,330499,41,경기도 과천시,12,API_EXP_USD_AMT_UNVERIFIED_SCALE,https://www.data.go.kr/data/15134343/openapi.do,2026-10-07T08:12:52+09:00
2025.01,330499,41,경기도 광명시,1701,API_EXP_USD_AMT_UNVERIFIED_SCALE,https://www.data.go.kr/data/15134343/openapi.do,2026-10-07T08:12:52+09:00
2025.01,330499,41,경기도 광주시,553,API_EXP_USD_AMT_UNVERIFIED_SCALE,https://www.data.go.kr/data/15134343/openapi.do,2026-10-07T08:12:52+09:00
2025.01,330499,41,경기도 구리시,591,API_EXP_USD_AMT_UNVERIFIED_SCALE,https://www.data.go.kr/data/15134343/openapi.do,2026-10-07T08:12:52+09:00
2025.01,330499,41,경기도 군포시,756,API_EXP_USD_AMT_UNVERIFIED_SCALE,https://www.data.go.kr/data/15134343/openapi.do,2026-10-07T08:12:52+09:00
2025.01,330499,41,경기도 김포시,31526,API_EXP_USD_AMT_UNVERIFIED_SCALE,https://www.data.go.kr/data/15134343/openapi.do,2026-10-07T08:12:52+09:00
2025.01,330499,41,경기도 남양주시,1325,API_EXP_USD_AMT_UNVERIFIED_SCALE,https://www.data.go.kr/data/15134343/openapi.do,2026-10-07T08:12:52+09:00
2025.01,330499,41,경기도 동두천시,0,API_EXP_USD_AMT_UNVERIFIED_SCALE,https://www.data.go.kr/data/15134343/openapi.do,2026-10-07T08:12:52+09:00
2025.01,330499,41,경기도 부천시,5252,API_EXP_USD_AMT_UNVERIFIED_SCALE,https://www.data.go.kr/data/15134343/openapi.do,2026-10-07T08:12:52+09:00
2025.01,330499,41,경기도 성남시,31038,API_EXP_USD_AMT_UNVERIFIED_SCALE,https://www.data.go.kr/data/15134343/openapi.do,2026-10-07T08:12:52+09:00
2025.01,330499,41,경기도 수원시,1741,API_EXP_USD_AMT_UNVERIFIED_SCALE,https://www.data.go.kr/data/15134343/openapi.do,2026-10-07T08:12:52+09:00
2025.01,330499,41,경기도 시흥시,3990,API_EXP_USD_AMT_UNVERIFIED_SCALE,https://www.data.go.kr/data/15134343/openapi.do,2026-10-07T08:12:52+09:00
2025.01,330499,41,경기도 안산시,1384,API_EXP_USD_AMT_UNVERIFIED_SCALE,https://www.data.go.kr/data/15134343/openapi.do,2026-10-07T08:12:52+09:00
2025.01,330499,41,경기도 안성시,1984,API_EXP_USD_AMT_UNVERIFIED_SCALE,https://www.data.go.kr/data/15134343/openapi.do,2026-10-07T08:12:52+09:00
2025.01,330499,41,경기도 안양시,5681,API_EXP_USD_AMT_UNVERIFIED_SCALE,https://www.data.go.kr/data/15134343/openapi.do,2026-10-07T08:12:52+09:00
2025.01,330499,41,경기도 양주시,63,API_EXP_USD_AMT_UNVERIFIED_SCALE,https://www.data.go.kr/data/15134343/openapi.do,2026-10-07T08:12:52+09:00
2025.01,330499,41,경기도 양평군,1,API_EXP_USD_AMT_UNVERIFIED_SCALE,https://www.data.go.kr/data/15134343/openapi.do,2026-10-07T08:12:52+09:00
2025.01,330499,41,경기도 여주군,36,API_EXP_USD_AMT_UNVERIFIED_SCALE,https://www.data.go.kr/data/15134343/openapi.do,2026-10-07T08:12:52+09:00
2025.01,330499,41,경기도 연천군,0,API_EXP_USD_AMT_UNVERIFIED_SCALE,https://www.data.go.kr/data/15134343/openapi.do,2026-10-07T08:12:52+09:00
2025.01,330499,41,경기도 오산시,7820,API_EXP_USD_AMT_UNVERIFIED_SCALE,https://www.data.go.kr/data/15134343/openapi.do,2026-10-07T08:12:52+09:00
2025.01,330499,41,경기도 용인시,3125,API_EXP_USD_AMT_UNVERIFIED_SCALE,https://www.data.go.kr/data/15134343/openapi.do,2026-10-07T08:12:52+09:00
2025.01,330499,41,경기도 의왕시,624,API_EXP_USD_AMT_UNVERIFIED_SCALE,https://www.data.go.kr/data/15134343/openapi.do,2026-10-07T08:12:52+09:00
2025.01,330499,41,경기도 의정부시,227,API_EXP_USD_AMT_UNVERIFIED_SCALE,https://www.data.go.kr/data/15134343/openapi.do,2026-10-07T08:12:52+09:00
2025.01,330499,41,경기도 이천시,344,API_EXP_USD_AMT_UNVERIFIED_SCALE,https://www.data.go.kr/data/15134343/openapi.do,2026-10-07T08:12:52+09:00
2025.01,330499,41,경기도 파주시,2637,API_EXP_USD_AMT_UNVERIFIED_SCALE,https://www.data.go.kr/data/15134343/openapi.do,2026-10-07T08:12:52+09:00
2025.01,330499,41,경기도 평택시,4657,API_EXP_USD_AMT_UNVERIFIED_SCALE,https://www.data.go.kr/data/15134343/openapi.do,2026-10-07T08:12:52+09:00
2025.01,330499,41,경기도 포천군,225,API_EXP_USD_AMT_UNVERIFIED_SCALE,https://www.data.go.kr/data/15134343/openapi.do,2026-10-07T08:12:52+09:00
2025.01,330499,41,경기도 하남시,3024,API_EXP_USD_AMT_UNVERIFIED_SCALE,https://www.data.go.kr/data/15134343/openapi.do,2026-10-07T08:12:52+09:00
2025.01,330499,41,경기도 화성시,13445,API_EXP_USD_AMT_UNVERIFIED_SCALE,https://www.data.go.kr/data/15134343/openapi.do,2026-10-07T08:12:52+09:00
2025.01,853400,27,대구광역시 군위군,0,API_EXP_USD_AMT_UNVERIFIED_SCALE,https://www.data.go.kr/data/15134343/openapi.do,2026-10-07T08:12:52+09:00
2025.01,853400,27,대구광역시 남구,0,API_EXP_USD_AMT_UNVERIFIED_SCALE,https://www.data.go.kr/data/15134343/openapi.do,2026-10-07T08:12:52+09:00
2025.01,853400,27,대구광역시 달서구,300,API_EXP_USD_AMT_UNVERIFIED_SCALE,https://www.data.go.kr/data/15134343/openapi.do,2026-10-07T08:12:52+09:00
2025.01,853400,27,대구광역시 달성군,42784,API_EXP_USD_AMT_UNVERIFIED_SCALE,https://www.data.go.kr/data/15134343/openapi.do,2026-10-07T08:12:52+09:00
2025.01,853400,27,대구광역시 동구,0,API_EXP_USD_AMT_UNVERIFIED_SCALE,https://www.data.go.kr/data/15134343/openapi.do,2026-10-07T08:12:52+09:00
2025.01,853400,27,대구광역시 북구,0,API_EXP_USD_AMT_UNVERIFIED_SCALE,https://www.data.go.kr/data/15134343/openapi.do,2026-10-07T08:12:52+09:00
2025.01,853400,27,대구광역시 서구,11,API_EXP_USD_AMT_UNVERIFIED_SCALE,https://www.data.go.kr/data/15134343/openapi.do,2026-10-07T08:12:52+09:00
2025.01,853400,27,대구광역시 수성구,0,API_EXP_USD_AMT_UNVERIFIED_SCALE,https://www.data.go.kr/data/15134343/openapi.do,2026-10-07T08:12:52+09:00
2025.01,853400,27,대구광역시 중구,0,API_EXP_USD_AMT_UNVERIFIED_SCALE,https://www.data.go.kr/data/15134343/openapi.do,2026-10-07T08:12:52+09:00
2025.01,853400,41,경기도 고양시,205,API_EXP_USD_AMT_UNVERIFIED_SCALE,https://www.data.go.kr/data/15134343/openapi.do,2026-10-07T08:12:52+09:00
2025.01,853400,41,경기도 과천시,40,API_EXP_USD_AMT_UNVERIFIED_SCALE,https://www.data.go.kr/data/15134343/openapi.do,2026-10-07T08:12:52+09:00
2025.01,853400,41,경기도 광명시,16,API_EXP_USD_AMT_UNVERIFIED_SCALE,https://www.data.go.kr/data/15134343/openapi.do,2026-10-07T08:12:52+09:00
2025.01,853400,41,경기도 광주시,0,API_EXP_USD_AMT_UNVERIFIED_SCALE,https://www.data.go.kr/data/15134343/openapi.do,2026-10-07T08:12:52+09:00
2025.01,853400,41,경기도 구리시,9,API_EXP_USD_AMT_UNVERIFIED_SCALE,https://www.data.go.kr/data/15134343/openapi.do,2026-10-07T08:12:52+09:00
2025.01,853400,41,경기도 군포시,149,API_EXP_USD_AMT_UNVERIFIED_SCALE,https://www.data.go.kr/data/15134343/openapi.do,2026-10-07T08:12:52+09:00
2025.01,853400,41,경기도 김포시,859,API_EXP_USD_AMT_UNVERIFIED_SCALE,https://www.data.go.kr/data/15134343/openapi.do,2026-10-07T08:12:52+09:00
2025.01,853400,41,경기도 남양주시,0,API_EXP_USD_AMT_UNVERIFIED_SCALE,https://www.data.go.kr/data/15134343/openapi.do,2026-10-07T08:12:52+09:00
2025.01,853400,41,경기도 동두천시,1098,API_EXP_USD_AMT_UNVERIFIED_SCALE,https://www.data.go.kr/data/15134343/openapi.do,2026-10-07T08:12:52+09:00
2025.01,853400,41,경기도 부천시,294,API_EXP_USD_AMT_UNVERIFIED_SCALE,https://www.data.go.kr/data/15134343/openapi.do,2026-10-07T08:12:52+09:00
2025.01,853400,41,경기도 성남시,1163,API_EXP_USD_AMT_UNVERIFIED_SCALE,https://www.data.go.kr/data/15134343/openapi.do,2026-10-07T08:12:52+09:00
2025.01,853400,41,경기도 수원시,29593,API_EXP_USD_AMT_UNVERIFIED_SCALE,https://www.data.go.kr/data/15134343/openapi.do,2026-10-07T08:12:52+09:00
2025.01,853400,41,경기도 시흥시,2530,API_EXP_USD_AMT_UNVERIFIED_SCALE,https://www.data.go.kr/data/15134343/openapi.do,2026-10-07T08:12:52+09:00
2025.01,853400,41,경기도 안산시,97641,API_EXP_USD_AMT_UNVERIFIED_SCALE,https://www.data.go.kr/data/15134343/openapi.do,2026-10-07T08:12:52+09:00
2025.01,853400,41,경기도 안성시,8670,API_EXP_USD_AMT_UNVERIFIED_SCALE,https://www.data.go.kr/data/15134343/openapi.do,2026-10-07T08:12:52+09:00
2025.01,853400,41,경기도 안양시,942,API_EXP_USD_AMT_UNVERIFIED_SCALE,https://www.data.go.kr/data/15134343/openapi.do,2026-10-07T08:12:52+09:00
2025.01,853400,41,경기도 양주시,2,API_EXP_USD_AMT_UNVERIFIED_SCALE,https://www.data.go.kr/data/15134343/openapi.do,2026-10-07T08:12:52+09:00
2025.01,853400,41,경기도 여주군,0,API_EXP_USD_AMT_UNVERIFIED_SCALE,https://www.data.go.kr/data/15134343/openapi.do,2026-10-07T08:12:52+09:00
2025.01,853400,41,경기도 오산시,39,API_EXP_USD_AMT_UNVERIFIED_SCALE,https://www.data.go.kr/data/15134343/openapi.do,2026-10-07T08:12:52+09:00
2025.01,853400,41,경기도 용인시,619,API_EXP_USD_AMT_UNVERIFIED_SCALE,https://www.data.go.kr/data/15134343/openapi.do,2026-10-07T08:12:52+09:00
2025.01,853400,41,경기도 의왕시,13,API_EXP_USD_AMT_UNVERIFIED_SCALE,https://www.data.go.kr/data/15134343/openapi.do,2026-10-07T08:12:52+09:00
2025.01,853400,41,경기도 의정부시,17,API_EXP_USD_AMT_UNVERIFIED_SCALE,https://www.data.go.kr/data/15134343/openapi.do,2026-10-07T08:12:52+09:00
2025.01,853400,41,경기도 이천시,465,API_EXP_USD_AMT_UNVERIFIED_SCALE,https://www.data.go.kr/data/15134343/openapi.do,2026-10-07T08:12:52+09:00
2025.01,853400,41,경기도 파주시,341,API_EXP_USD_AMT_UNVERIFIED_SCALE,https://www.data.go.kr/data/15134343/openapi.do,2026-10-07T08:12:52+09:00
2025.01,853400,41,경기도 평택시,1047,API_EXP_USD_AMT_UNVERIFIED_SCALE,https://www.data.go.kr/data/15134343/openapi.do,2026-10-07T08:12:52+09:00
2025.01,853400,41,경기도 포천군,0,API_EXP_USD_AMT_UNVERIFIED_SCALE,https://www.data.go.kr/data/15134343/openapi.do,2026-10-07T08:12:52+09:00
2025.01,853400,41,경기도 하남시,9,API_EXP_USD_AMT_UNVERIFIED_SCALE,https://www.data.go.kr/data/15134343/openapi.do,2026-10-07T08:12:52+09:00
2025.01,853400,41,경기도 화성시,1737,API_EXP_USD_AMT_UNVERIFIED_SCALE,https://www.data.go.kr/data/15134343/openapi.do,2026-10-07T08:12:52+09:00
2025.01,853400,43,충청북도 괴산군,0,API_EXP_USD_AMT_UNVERIFIED_SCALE,https://www.data.go.kr/data/15134343/openapi.do,2026-10-07T08:12:52+09:00
2025.01,853400,43,충청북도 음성군,0,API_EXP_USD_AMT_UNVERIFIED_SCALE,https://www.data.go.kr/data/15134343/openapi.do,2026-10-07T08:12:52+09:00
2025.01,853400,43,충청북도 증평군,818,API_EXP_USD_AMT_UNVERIFIED_SCALE,https://www.data.go.kr/data/15134343/openapi.do,2026-10-07T08:12:52+09:00
2025.01,853400,43,충청북도 진천군,150,API_EXP_USD_AMT_UNVERIFIED_SCALE,https://www.data.go.kr/data/15134343/openapi.do,2026-10-07T08:12:52+09:00
2025.01,853400,43,충청북도 청주시,31696,API_EXP_USD_AMT_UNVERIFIED_SCALE,https://www.data.go.kr/data/15134343/openapi.do,2026-10-07T08:12:52+09:00
2025.02,330499,36,세종특별자치시,8095,API_EXP_USD_AMT_UNVERIFIED_SCALE,https://www.data.go.kr/data/15134343/openapi.do,2026-10-07T08:12:52+09:00
2025.02,330499,41,경기도 가평군,120,API_EXP_USD_AMT_UNVERIFIED_SCALE,https://www.data.go.kr/data/15134343/openapi.do,2026-10-07T08:12:52+09:00
2025.02,330499,41,경기도 고양시,10782,API_EXP_USD_AMT_UNVERIFIED_SCALE,https://www.data.go.kr/data/15134343/openapi.do,2026-10-07T08:12:52+09:00
2025.02,330499,41,경기도 과천시,28,API_EXP_USD_AMT_UNVERIFIED_SCALE,https://www.data.go.kr/data/15134343/openapi.do,2026-10-07T08:12:52+09:00
2025.02,330499,41,경기도 광명시,1550,API_EXP_USD_AMT_UNVERIFIED_SCALE,https://www.data.go.kr/data/15134343/openapi.do,2026-10-07T08:12:52+09:00
2025.02,330499,41,경기도 광주시,428,API_EXP_USD_AMT_UNVERIFIED_SCALE,https://www.data.go.kr/data/15134343/openapi.do,2026-10-07T08:12:52+09:00
2025.02,330499,41,경기도 구리시,657,API_EXP_USD_AMT_UNVERIFIED_SCALE,https://www.data.go.kr/data/15134343/openapi.do,2026-10-07T08:12:52+09:00
2025.02,330499,41,경기도 군포시,759,API_EXP_USD_AMT_UNVERIFIED_SCALE,https://www.data.go.kr/data/15134343/openapi.do,2026-10-07T08:12:52+09:00
2025.02,330499,41,경기도 김포시,38136,API_EXP_USD_AMT_UNVERIFIED_SCALE,https://www.data.go.kr/data/15134343/openapi.do,2026-10-07T08:12:52+09:00
2025.02,330499,41,경기도 남양주시,1858,API_EXP_USD_AMT_UNVERIFIED_SCALE,https://www.data.go.kr/data/15134343/openapi.do,2026-10-07T08:12:52+09:00
2025.02,330499,41,경기도 동두천시,0,API_EXP_USD_AMT_UNVERIFIED_SCALE,https://www.data.go.kr/data/15134343/openapi.do,2026-10-07T08:12:52+09:00
2025.02,330499,41,경기도 부천시,5092,API_EXP_USD_AMT_UNVERIFIED_SCALE,https://www.data.go.kr/data/15134343/openapi.do,2026-10-07T08:12:52+09:00
2025.02,330499,41,경기도 성남시,37771,API_EXP_USD_AMT_UNVERIFIED_SCALE,https://www.data.go.kr/data/15134343/openapi.do,2026-10-07T08:12:52+09:00
2025.02,330499,41,경기도 수원시,2949,API_EXP_USD_AMT_UNVERIFIED_SCALE,https://www.data.go.kr/data/15134343/openapi.do,2026-10-07T08:12:52+09:00
2025.02,330499,41,경기도 시흥시,4076,API_EXP_USD_AMT_UNVERIFIED_SCALE,https://www.data.go.kr/data/15134343/openapi.do,2026-10-07T08:12:52+09:00
2025.02,330499,41,경기도 안산시,2385,API_EXP_USD_AMT_UNVERIFIED_SCALE,https://www.data.go.kr/data/15134343/openapi.do,2026-10-07T08:12:52+09:00
2025.02,330499,41,경기도 안성시,2737,API_EXP_USD_AMT_UNVERIFIED_SCALE,https://www.data.go.kr/data/15134343/openapi.do,2026-10-07T08:12:52+09:00
2025.02,330499,41,경기도 안양시,7889,API_EXP_USD_AMT_UNVERIFIED_SCALE,https://www.data.go.kr/data/15134343/openapi.do,2026-10-07T08:12:52+09:00
2025.02,330499,41,경기도 양주시,123,API_EXP_USD_AMT_UNVERIFIED_SCALE,https://www.data.go.kr/data/15134343/openapi.do,2026-10-07T08:12:52+09:00
2025.02,330499,41,경기도 양평군,0,API_EXP_USD_AMT_UNVERIFIED_SCALE,https://www.data.go.kr/data/15134343/openapi.do,2026-10-07T08:12:52+09:00
2025.02,330499,41,경기도 여주군,222,API_EXP_USD_AMT_UNVERIFIED_SCALE,https://www.data.go.kr/data/15134343/openapi.do,2026-10-07T08:12:52+09:00
2025.02,330499,41,경기도 연천군,0,API_EXP_USD_AMT_UNVERIFIED_SCALE,https://www.data.go.kr/data/15134343/openapi.do,2026-10-07T08:12:52+09:00
2025.02,330499,41,경기도 오산시,12903,API_EXP_USD_AMT_UNVERIFIED_SCALE,https://www.data.go.kr/data/15134343/openapi.do,2026-10-07T08:12:52+09:00
2025.02,330499,41,경기도 용인시,2092,API_EXP_USD_AMT_UNVERIFIED_SCALE,https://www.data.go.kr/data/15134343/openapi.do,2026-10-07T08:12:52+09:00
2025.02,330499,41,경기도 의왕시,410,API_EXP_USD_AMT_UNVERIFIED_SCALE,https://www.data.go.kr/data/15134343/openapi.do,2026-10-07T08:12:52+09:00
2025.02,330499,41,경기도 의정부시,667,API_EXP_USD_AMT_UNVERIFIED_SCALE,https://www.data.go.kr/data/15134343/openapi.do,2026-10-07T08:12:52+09:00
2025.02,330499,41,경기도 이천시,412,API_EXP_USD_AMT_UNVERIFIED_SCALE,https://www.data.go.kr/data/15134343/openapi.do,2026-10-07T08:12:52+09:00
2025.02,330499,41,경기도 파주시,1355,API_EXP_USD_AMT_UNVERIFIED_SCALE,https://www.data.go.kr/data/15134343/openapi.do,2026-10-07T08:12:52+09:00
2025.02,330499,41,경기도 평택시,3765,API_EXP_USD_AMT_UNVERIFIED_SCALE,https://www.data.go.kr/data/15134343/openapi.do,2026-10-07T08:12:52+09:00
2025.02,330499,41,경기도 포천군,386,API_EXP_USD_AMT_UNVERIFIED_SCALE,https://www.data.go.kr/data/15134343/openapi.do,2026-10-07T08:12:52+09:00
2025.02,330499,41,경기도 하남시,2971,API_EXP_USD_AMT_UNVERIFIED_SCALE,https://www.data.go.kr/data/15134343/openapi.do,2026-10-07T08:12:52+09:00
2025.02,330499,41,경기도 화성시,10570,API_EXP_USD_AMT_UNVERIFIED_SCALE,https://www.data.go.kr/data/15134343/openapi.do,2026-10-07T08:12:52+09:00
2025.02,853400,27,대구광역시 남구,0,API_EXP_USD_AMT_UNVERIFIED_SCALE,https://www.data.go.kr/data/15134343/openapi.do,2026-10-07T08:12:52+09:00
2025.02,853400,27,대구광역시 달서구,317,API_EXP_USD_AMT_UNVERIFIED_SCALE,https://www.data.go.kr/data/15134343/openapi.do,2026-10-07T08:12:52+09:00
2025.02,853400,27,대구광역시 달성군,47292,API_EXP_USD_AMT_UNVERIFIED_SCALE,https://www.data.go.kr/data/15134343/openapi.do,2026-10-07T08:12:52+09:00
2025.02,853400,27,대구광역시 동구,0,API_EXP_USD_AMT_UNVERIFIED_SCALE,https://www.data.go.kr/data/15134343/openapi.do,2026-10-07T08:12:52+09:00
2025.02,853400,27,대구광역시 북구,1,API_EXP_USD_AMT_UNVERIFIED_SCALE,https://www.data.go.kr/data/15134343/openapi.do,2026-10-07T08:12:52+09:00
2025.02,853400,27,대구광역시 서구,11,API_EXP_USD_AMT_UNVERIFIED_SCALE,https://www.data.go.kr/data/15134343/openapi.do,2026-10-07T08:12:52+09:00
2025.02,853400,27,대구광역시 수성구,0,API_EXP_USD_AMT_UNVERIFIED_SCALE,https://www.data.go.kr/data/15134343/openapi.do,2026-10-07T08:12:52+09:00
2025.02,853400,27,대구광역시 중구,0,API_EXP_USD_AMT_UNVERIFIED_SCALE,https://www.data.go.kr/data/15134343/openapi.do,2026-10-07T08:12:52+09:00
2025.02,853400,41,경기도 고양시,144,API_EXP_USD_AMT_UNVERIFIED_SCALE,https://www.data.go.kr/data/15134343/openapi.do,2026-10-07T08:12:52+09:00
2025.02,853400,41,경기도 과천시,34,API_EXP_USD_AMT_UNVERIFIED_SCALE,https://www.data.go.kr/data/15134343/openapi.do,2026-10-07T08:12:52+09:00
2025.02,853400,41,경기도 광명시,0,API_EXP_USD_AMT_UNVERIFIED_SCALE,https://www.data.go.kr/data/15134343/openapi.do,2026-10-07T08:12:52+09:00
2025.02,853400,41,경기도 광주시,1,API_EXP_USD_AMT_UNVERIFIED_SCALE,https://www.data.go.kr/data/15134343/openapi.do,2026-10-07T08:12:52+09:00
2025.02,853400,41,경기도 군포시,212,API_EXP_USD_AMT_UNVERIFIED_SCALE,https://www.data.go.kr/data/15134343/openapi.do,2026-10-07T08:12:52+09:00
2025.02,853400,41,경기도 김포시,452,API_EXP_USD_AMT_UNVERIFIED_SCALE,https://www.data.go.kr/data/15134343/openapi.do,2026-10-07T08:12:52+09:00
2025.02,853400,41,경기도 남양주시,0,API_EXP_USD_AMT_UNVERIFIED_SCALE,https://www.data.go.kr/data/15134343/openapi.do,2026-10-07T08:12:52+09:00
2025.02,853400,41,경기도 동두천시,1132,API_EXP_USD_AMT_UNVERIFIED_SCALE,https://www.data.go.kr/data/15134343/openapi.do,2026-10-07T08:12:52+09:00
2025.02,853400,41,경기도 부천시,167,API_EXP_USD_AMT_UNVERIFIED_SCALE,https://www.data.go.kr/data/15134343/openapi.do,2026-10-07T08:12:52+09:00
2025.02,853400,41,경기도 성남시,897,API_EXP_USD_AMT_UNVERIFIED_SCALE,https://www.data.go.kr/data/15134343/openapi.do,2026-10-07T08:12:52+09:00
2025.02,853400,41,경기도 수원시,38714,API_EXP_USD_AMT_UNVERIFIED_SCALE,https://www.data.go.kr/data/15134343/openapi.do,2026-10-07T08:12:52+09:00
2025.02,853400,41,경기도 시흥시,3417,API_EXP_USD_AMT_UNVERIFIED_SCALE,https://www.data.go.kr/data/15134343/openapi.do,2026-10-07T08:12:52+09:00
2025.02,853400,41,경기도 안산시,82035,API_EXP_USD_AMT_UNVERIFIED_SCALE,https://www.data.go.kr/data/15134343/openapi.do,2026-10-07T08:12:52+09:00
2025.02,853400,41,경기도 안성시,11578,API_EXP_USD_AMT_UNVERIFIED_SCALE,https://www.data.go.kr/data/15134343/openapi.do,2026-10-07T08:12:52+09:00
2025.02,853400,41,경기도 안양시,978,API_EXP_USD_AMT_UNVERIFIED_SCALE,https://www.data.go.kr/data/15134343/openapi.do,2026-10-07T08:12:52+09:00
2025.02,853400,41,경기도 양주시,4,API_EXP_USD_AMT_UNVERIFIED_SCALE,https://www.data.go.kr/data/15134343/openapi.do,2026-10-07T08:12:52+09:00
2025.02,853400,41,경기도 여주군,0,API_EXP_USD_AMT_UNVERIFIED_SCALE,https://www.data.go.kr/data/15134343/openapi.do,2026-10-07T08:12:52+09:00
2025.02,853400,41,경기도 오산시,126,API_EXP_USD_AMT_UNVERIFIED_SCALE,https://www.data.go.kr/data/15134343/openapi.do,2026-10-07T08:12:52+09:00
2025.02,853400,41,경기도 용인시,1852,API_EXP_USD_AMT_UNVERIFIED_SCALE,https://www.data.go.kr/data/15134343/openapi.do,2026-10-07T08:12:52+09:00
2025.02,853400,41,경기도 의왕시,17,API_EXP_USD_AMT_UNVERIFIED_SCALE,https://www.data.go.kr/data/15134343/openapi.do,2026-10-07T08:12:52+09:00
2025.02,853400,41,경기도 의정부시,1,API_EXP_USD_AMT_UNVERIFIED_SCALE,https://www.data.go.kr/data/15134343/openapi.do,2026-10-07T08:12:52+09:00
2025.02,853400,41,경기도 이천시,66,API_EXP_USD_AMT_UNVERIFIED_SCALE,https://www.data.go.kr/data/15134343/openapi.do,2026-10-07T08:12:52+09:00
2025.02,853400,41,경기도 파주시,428,API_EXP_USD_AMT_UNVERIFIED_SCALE,https://www.data.go.kr/data/15134343/openapi.do,2026-10-07T08:12:52+09:00
2025.02,853400,41,경기도 평택시,1059,API_EXP_USD_AMT_UNVERIFIED_SCALE,https://www.data.go.kr/data/15134343/openapi.do,2026-10-07T08:12:52+09:00
2025.02,853400,41,경기도 포천군,0,API_EXP_USD_AMT_UNVERIFIED_SCALE,https://www.data.go.kr/data/15134343/openapi.do,2026-10-07T08:12:52+09:00
2025.02,853400,41,경기도 하남시,11,API_EXP_USD_AMT_UNVERIFIED_SCALE,https://www.data.go.kr/data/15134343/openapi.do,2026-10-07T08:12:52+09:00
2025.02,853400,41,경기도 화성시,948,API_EXP_USD_AMT_UNVERIFIED_SCALE,https://www.data.go.kr/data/15134343/openapi.do,2026-10-07T08:12:52+09:00
2025.02,853400,43,충청북도 음성군,0,API_EXP_USD_AMT_UNVERIFIED_SCALE,https://www.data.go.kr/data/15134343/openapi.do,2026-10-07T08:12:52+09:00
2025.02,853400,43,충청북도 제천시,0,API_EXP_USD_AMT_UNVERIFIED_SCALE,https://www.data.go.kr/data/15134343/openapi.do,2026-10-07T08:12:52+09:00
2025.02,853400,43,충청북도 증평군,773,API_EXP_USD_AMT_UNVERIFIED_SCALE,https://www.data.go.kr/data/15134343/openapi.do,2026-10-07T08:12:52+09:00
2025.02,853400,43,충청북도 진천군,79,API_EXP_USD_AMT_UNVERIFIED_SCALE,https://www.data.go.kr/data/15134343/openapi.do,2026-10-07T08:12:52+09:00
2025.02,853400,43,충청북도 청주시,28798,API_EXP_USD_AMT_UNVERIFIED_SCALE,https://www.data.go.kr/data/15134343/openapi.do,2026-10-07T08:12:52+09:00
2025.03,330499,36,세종특별자치시,5431,API_EXP_USD_AMT_UNVERIFIED_SCALE,https://www.data.go.kr/data/15134343/openapi.do,2026-10-07T08:12:52+09:00
2025.03,330499,41,경기도 가평군,224,API_EXP_USD_AMT_UNVERIFIED_SCALE,https://www.data.go.kr/data/15134343/openapi.do,2026-10-07T08:12:52+09:00
2025.03,330499,41,경기도 고양시,9854,API_EXP_USD_AMT_UNVERIFIED_SCALE,https://www.data.go.kr/data/15134343/openapi.do,2026-10-07T08:12:52+09:00
2025.03,330499,41,경기도 과천시,46,API_EXP_USD_AMT_UNVERIFIED_SCALE,https://www.data.go.kr/data/15134343/openapi.do,2026-10-07T08:12:52+09:00
2025.03,330499,41,경기도 광명시,1326,API_EXP_USD_AMT_UNVERIFIED_SCALE,https://www.data.go.kr/data/15134343/openapi.do,2026-10-07T08:12:52+09:00
2025.03,330499,41,경기도 광주시,248,API_EXP_USD_AMT_UNVERIFIED_SCALE,https://www.data.go.kr/data/15134343/openapi.do,2026-10-07T08:12:52+09:00
2025.03,330499,41,경기도 구리시,536,API_EXP_USD_AMT_UNVERIFIED_SCALE,https://www.data.go.kr/data/15134343/openapi.do,2026-10-07T08:12:52+09:00
2025.03,330499,41,경기도 군포시,463,API_EXP_USD_AMT_UNVERIFIED_SCALE,https://www.data.go.kr/data/15134343/openapi.do,2026-10-07T08:12:52+09:00
2025.03,330499,41,경기도 김포시,33917,API_EXP_USD_AMT_UNVERIFIED_SCALE,https://www.data.go.kr/data/15134343/openapi.do,2026-10-07T08:12:52+09:00
2025.03,330499,41,경기도 남양주시,1978,API_EXP_USD_AMT_UNVERIFIED_SCALE,https://www.data.go.kr/data/15134343/openapi.do,2026-10-07T08:12:52+09:00
2025.03,330499,41,경기도 동두천시,0,API_EXP_USD_AMT_UNVERIFIED_SCALE,https://www.data.go.kr/data/15134343/openapi.do,2026-10-07T08:12:52+09:00
2025.03,330499,41,경기도 부천시,4551,API_EXP_USD_AMT_UNVERIFIED_SCALE,https://www.data.go.kr/data/15134343/openapi.do,2026-10-07T08:12:52+09:00
2025.03,330499,41,경기도 성남시,43425,API_EXP_USD_AMT_UNVERIFIED_SCALE,https://www.data.go.kr/data/15134343/openapi.do,2026-10-07T08:12:52+09:00
2025.03,330499,41,경기도 수원시,2918,API_EXP_USD_AMT_UNVERIFIED_SCALE,https://www.data.go.kr/data/15134343/openapi.do,2026-10-07T08:12:52+09:00
2025.03,330499,41,경기도 시흥시,4835,API_EXP_USD_AMT_UNVERIFIED_SCALE,https://www.data.go.kr/data/15134343/openapi.do,2026-10-07T08:12:52+09:00
2025.03,330499,41,경기도 안산시,2234,API_EXP_USD_AMT_UNVERIFIED_SCALE,https://www.data.go.kr/data/15134343/openapi.do,2026-10-07T08:12:52+09:00
2025.03,330499,41,경기도 안성시,2385,API_EXP_USD_AMT_UNVERIFIED_SCALE,https://www.data.go.kr/data/15134343/openapi.do,2026-10-07T08:12:52+09:00
2025.03,330499,41,경기도 안양시,11277,API_EXP_USD_AMT_UNVERIFIED_SCALE,https://www.data.go.kr/data/15134343/openapi.do,2026-10-07T08:12:52+09:00
2025.03,330499,41,경기도 양주시,117,API_EXP_USD_AMT_UNVERIFIED_SCALE,https://www.data.go.kr/data/15134343/openapi.do,2026-10-07T08:12:52+09:00
2025.03,330499,41,경기도 양평군,4,API_EXP_USD_AMT_UNVERIFIED_SCALE,https://www.data.go.kr/data/15134343/openapi.do,2026-10-07T08:12:52+09:00
2025.03,330499,41,경기도 여주군,60,API_EXP_USD_AMT_UNVERIFIED_SCALE,https://www.data.go.kr/data/15134343/openapi.do,2026-10-07T08:12:52+09:00
2025.03,330499,41,경기도 연천군,0,API_EXP_USD_AMT_UNVERIFIED_SCALE,https://www.data.go.kr/data/15134343/openapi.do,2026-10-07T08:12:52+09:00
2025.03,330499,41,경기도 오산시,12472,API_EXP_USD_AMT_UNVERIFIED_SCALE,https://www.data.go.kr/data/15134343/openapi.do,2026-10-07T08:12:52+09:00
2025.03,330499,41,경기도 용인시,2863,API_EXP_USD_AMT_UNVERIFIED_SCALE,https://www.data.go.kr/data/15134343/openapi.do,2026-10-07T08:12:52+09:00
2025.03,330499,41,경기도 의왕시,448,API_EXP_USD_AMT_UNVERIFIED_SCALE,https://www.data.go.kr/data/15134343/openapi.do,2026-10-07T08:12:52+09:00
2025.03,330499,41,경기도 의정부시,301,API_EXP_USD_AMT_UNVERIFIED_SCALE,https://www.data.go.kr/data/15134343/openapi.do,2026-10-07T08:12:52+09:00
2025.03,330499,41,경기도 이천시,380,API_EXP_USD_AMT_UNVERIFIED_SCALE,https://www.data.go.kr/data/15134343/openapi.do,2026-10-07T08:12:52+09:00
2025.03,330499,41,경기도 파주시,1232,API_EXP_USD_AMT_UNVERIFIED_SCALE,https://www.data.go.kr/data/15134343/openapi.do,2026-10-07T08:12:52+09:00
2025.03,330499,41,경기도 평택시,3627,API_EXP_USD_AMT_UNVERIFIED_SCALE,https://www.data.go.kr/data/15134343/openapi.do,2026-10-07T08:12:52+09:00
2025.03,330499,41,경기도 포천군,312,API_EXP_USD_AMT_UNVERIFIED_SCALE,https://www.data.go.kr/data/15134343/openapi.do,2026-10-07T08:12:52+09:00
2025.03,330499,41,경기도 하남시,5155,API_EXP_USD_AMT_UNVERIFIED_SCALE,https://www.data.go.kr/data/15134343/openapi.do,2026-10-07T08:12:52+09:00
2025.03,330499,41,경기도 화성시,14997,API_EXP_USD_AMT_UNVERIFIED_SCALE,https://www.data.go.kr/data/15134343/openapi.do,2026-10-07T08:12:52+09:00
2025.03,853400,27,대구광역시 남구,0,API_EXP_USD_AMT_UNVERIFIED_SCALE,https://www.data.go.kr/data/15134343/openapi.do,2026-10-07T08:12:52+09:00
2025.03,853400,27,대구광역시 달서구,335,API_EXP_USD_AMT_UNVERIFIED_SCALE,https://www.data.go.kr/data/15134343/openapi.do,2026-10-07T08:12:52+09:00
2025.03,853400,27,대구광역시 달성군,50303,API_EXP_USD_AMT_UNVERIFIED_SCALE,https://www.data.go.kr/data/15134343/openapi.do,2026-10-07T08:12:52+09:00
2025.03,853400,27,대구광역시 동구,51,API_EXP_USD_AMT_UNVERIFIED_SCALE,https://www.data.go.kr/data/15134343/openapi.do,2026-10-07T08:12:52+09:00
2025.03,853400,27,대구광역시 북구,0,API_EXP_USD_AMT_UNVERIFIED_SCALE,https://www.data.go.kr/data/15134343/openapi.do,2026-10-07T08:12:52+09:00
2025.03,853400,27,대구광역시 서구,11,API_EXP_USD_AMT_UNVERIFIED_SCALE,https://www.data.go.kr/data/15134343/openapi.do,2026-10-07T08:12:52+09:00
2025.03,853400,27,대구광역시 수성구,0,API_EXP_USD_AMT_UNVERIFIED_SCALE,https://www.data.go.kr/data/15134343/openapi.do,2026-10-07T08:12:52+09:00
2025.03,853400,27,대구광역시 중구,0,API_EXP_USD_AMT_UNVERIFIED_SCALE,https://www.data.go.kr/data/15134343/openapi.do,2026-10-07T08:12:52+09:00
2025.03,853400,41,경기도 고양시,230,API_EXP_USD_AMT_UNVERIFIED_SCALE,https://www.data.go.kr/data/15134343/openapi.do,2026-10-07T08:12:52+09:00
2025.03,853400,41,경기도 과천시,36,API_EXP_USD_AMT_UNVERIFIED_SCALE,https://www.data.go.kr/data/15134343/openapi.do,2026-10-07T08:12:52+09:00
2025.03,853400,41,경기도 광명시,15,API_EXP_USD_AMT_UNVERIFIED_SCALE,https://www.data.go.kr/data/15134343/openapi.do,2026-10-07T08:12:52+09:00
2025.03,853400,41,경기도 광주시,0,API_EXP_USD_AMT_UNVERIFIED_SCALE,https://www.data.go.kr/data/15134343/openapi.do,2026-10-07T08:12:52+09:00
2025.03,853400,41,경기도 구리시,1,API_EXP_USD_AMT_UNVERIFIED_SCALE,https://www.data.go.kr/data/15134343/openapi.do,2026-10-07T08:12:52+09:00
2025.03,853400,41,경기도 군포시,127,API_EXP_USD_AMT_UNVERIFIED_SCALE,https://www.data.go.kr/data/15134343/openapi.do,2026-10-07T08:12:52+09:00
2025.03,853400,41,경기도 김포시,656,API_EXP_USD_AMT_UNVERIFIED_SCALE,https://www.data.go.kr/data/15134343/openapi.do,2026-10-07T08:12:52+09:00
2025.03,853400,41,경기도 남양주시,0,API_EXP_USD_AMT_UNVERIFIED_SCALE,https://www.data.go.kr/data/15134343/openapi.do,2026-10-07T08:12:52+09:00
2025.03,853400,41,경기도 동두천시,814,API_EXP_USD_AMT_UNVERIFIED_SCALE,https://www.data.go.kr/data/15134343/openapi.do,2026-10-07T08:12:52+09:00
2025.03,853400,41,경기도 부천시,203,API_EXP_USD_AMT_UNVERIFIED_SCALE,https://www.data.go.kr/data/15134343/openapi.do,2026-10-07T08:12:52+09:00
2025.03,853400,41,경기도 성남시,1155,API_EXP_USD_AMT_UNVERIFIED_SCALE,https://www.data.go.kr/data/15134343/openapi.do,2026-10-07T08:12:52+09:00
2025.03,853400,41,경기도 수원시,43820,API_EXP_USD_AMT_UNVERIFIED_SCALE,https://www.data.go.kr/data/15134343/openapi.do,2026-10-07T08:12:52+09:00
2025.03,853400,41,경기도 시흥시,3832,API_EXP_USD_AMT_UNVERIFIED_SCALE,https://www.data.go.kr/data/15134343/openapi.do,2026-10-07T08:12:52+09:00
2025.03,853400,41,경기도 안산시,102861,API_EXP_USD_AMT_UNVERIFIED_SCALE,https://www.data.go.kr/data/15134343/openapi.do,2026-10-07T08:12:52+09:00
2025.03,853400,41,경기도 안성시,10822,API_EXP_USD_AMT_UNVERIFIED_SCALE,https://www.data.go.kr/data/15134343/openapi.do,2026-10-07T08:12:52+09:00
2025.03,853400,41,경기도 안양시,727,API_EXP_USD_AMT_UNVERIFIED_SCALE,https://www.data.go.kr/data/15134343/openapi.do,2026-10-07T08:12:52+09:00
2025.03,853400,41,경기도 양주시,29,API_EXP_USD_AMT_UNVERIFIED_SCALE,https://www.data.go.kr/data/15134343/openapi.do,2026-10-07T08:12:52+09:00
2025.03,853400,41,경기도 양평군,2,API_EXP_USD_AMT_UNVERIFIED_SCALE,https://www.data.go.kr/data/15134343/openapi.do,2026-10-07T08:12:52+09:00
2025.03,853400,41,경기도 여주군,0,API_EXP_USD_AMT_UNVERIFIED_SCALE,https://www.data.go.kr/data/15134343/openapi.do,2026-10-07T08:12:52+09:00
2025.03,853400,41,경기도 연천군,2,API_EXP_USD_AMT_UNVERIFIED_SCALE,https://www.data.go.kr/data/15134343/openapi.do,2026-10-07T08:12:52+09:00
2025.03,853400,41,경기도 오산시,67,API_EXP_USD_AMT_UNVERIFIED_SCALE,https://www.data.go.kr/data/15134343/openapi.do,2026-10-07T08:12:52+09:00
2025.03,853400,41,경기도 용인시,4626,API_EXP_USD_AMT_UNVERIFIED_SCALE,https://www.data.go.kr/data/15134343/openapi.do,2026-10-07T08:12:52+09:00
2025.03,853400,41,경기도 의왕시,0,API_EXP_USD_AMT_UNVERIFIED_SCALE,https://www.data.go.kr/data/15134343/openapi.do,2026-10-07T08:12:52+09:00
2025.03,853400,41,경기도 의정부시,46,API_EXP_USD_AMT_UNVERIFIED_SCALE,https://www.data.go.kr/data/15134343/openapi.do,2026-10-07T08:12:52+09:00
2025.03,853400,41,경기도 이천시,546,API_EXP_USD_AMT_UNVERIFIED_SCALE,https://www.data.go.kr/data/15134343/openapi.do,2026-10-07T08:12:52+09:00
2025.03,853400,41,경기도 파주시,595,API_EXP_USD_AMT_UNVERIFIED_SCALE,https://www.data.go.kr/data/15134343/openapi.do,2026-10-07T08:12:52+09:00
2025.03,853400,41,경기도 평택시,1278,API_EXP_USD_AMT_UNVERIFIED_SCALE,https://www.data.go.kr/data/15134343/openapi.do,2026-10-07T08:12:52+09:00
2025.03,853400,41,경기도 포천군,0,API_EXP_USD_AMT_UNVERIFIED_SCALE,https://www.data.go.kr/data/15134343/openapi.do,2026-10-07T08:12:52+09:00
2025.03,853400,41,경기도 하남시,15,API_EXP_USD_AMT_UNVERIFIED_SCALE,https://www.data.go.kr/data/15134343/openapi.do,2026-10-07T08:12:52+09:00
2025.03,853400,41,경기도 화성시,876,API_EXP_USD_AMT_UNVERIFIED_SCALE,https://www.data.go.kr/data/15134343/openapi.do,2026-10-07T08:12:52+09:00
2025.03,853400,43,충청북도 음성군,14,API_EXP_USD_AMT_UNVERIFIED_SCALE,https://www.data.go.kr/data/15134343/openapi.do,2026-10-07T08:12:52+09:00
2025.03,853400,43,충청북도 제천시,7,API_EXP_USD_AMT_UNVERIFIED_SCALE,https://www.data.go.kr/data/15134343/openapi.do,2026-10-07T08:12:52+09:00
2025.03,853400,43,충청북도 증평군,858,API_EXP_USD_AMT_UNVERIFIED_SCALE,https://www.data.go.kr/data/15134343/openapi.do,2026-10-07T08:12:52+09:00
2025.03,853400,43,충청북도 진천군,104,API_EXP_USD_AMT_UNVERIFIED_SCALE,https://www.data.go.kr/data/15134343/openapi.do,2026-10-07T08:12:52+09:00
2025.03,853400,43,충청북도 청주시,31678,API_EXP_USD_AMT_UNVERIFIED_SCALE,https://www.data.go.kr/data/15134343/openapi.do,2026-10-07T08:12:52+09:00
2025.03,853400,43,충청북도 충주시,0,API_EXP_USD_AMT_UNVERIFIED_SCALE,https://www.data.go.kr/data/15134343/openapi.do,2026-10-07T08:12:52+09:00
2025.04,330499,36,세종특별자치시,6638,API_EXP_USD_AMT_UNVERIFIED_SCALE,https://www.data.go.kr/data/15134343/openapi.do,2026-10-07T08:12:52+09:00
2025.04,330499,41,경기도 가평군,89,API_EXP_USD_AMT_UNVERIFIED_SCALE,https://www.data.go.kr/data/15134343/openapi.do,2026-10-07T08:12:52+09:00
2025.04,330499,41,경기도 고양시,10766,API_EXP_USD_AMT_UNVERIFIED_SCALE,https://www.data.go.kr/data/15134343/openapi.do,2026-10-07T08:12:52+09:00
2025.04,330499,41,경기도 과천시,12,API_EXP_USD_AMT_UNVERIFIED_SCALE,https://www.data.go.kr/data/15134343/openapi.do,2026-10-07T08:12:52+09:00
2025.04,330499,41,경기도 광명시,1360,API_EXP_USD_AMT_UNVERIFIED_SCALE,https://www.data.go.kr/data/15134343/openapi.do,2026-10-07T08:12:52+09:00
2025.04,330499,41,경기도 광주시,373,API_EXP_USD_AMT_UNVERIFIED_SCALE,https://www.data.go.kr/data/15134343/openapi.do,2026-10-07T08:12:52+09:00
2025.04,330499,41,경기도 구리시,1198,API_EXP_USD_AMT_UNVERIFIED_SCALE,https://www.data.go.kr/data/15134343/openapi.do,2026-10-07T08:12:52+09:00
2025.04,330499,41,경기도 군포시,838,API_EXP_USD_AMT_UNVERIFIED_SCALE,https://www.data.go.kr/data/15134343/openapi.do,2026-10-07T08:12:52+09:00
2025.04,330499,41,경기도 김포시,38399,API_EXP_USD_AMT_UNVERIFIED_SCALE,https://www.data.go.kr/data/15134343/openapi.do,2026-10-07T08:12:52+09:00
2025.04,330499,41,경기도 남양주시,2006,API_EXP_USD_AMT_UNVERIFIED_SCALE,https://www.data.go.kr/data/15134343/openapi.do,2026-10-07T08:12:52+09:00
2025.04,330499,41,경기도 동두천시,4,API_EXP_USD_AMT_UNVERIFIED_SCALE,https://www.data.go.kr/data/15134343/openapi.do,2026-10-07T08:12:52+09:00
2025.04,330499,41,경기도 부천시,5545,API_EXP_USD_AMT_UNVERIFIED_SCALE,https://www.data.go.kr/data/15134343/openapi.do,2026-10-07T08:12:52+09:00
2025.04,330499,41,경기도 성남시,39017,API_EXP_USD_AMT_UNVERIFIED_SCALE,https://www.data.go.kr/data/15134343/openapi.do,2026-10-07T08:12:52+09:00
2025.04,330499,41,경기도 수원시,2414,API_EXP_USD_AMT_UNVERIFIED_SCALE,https://www.data.go.kr/data/15134343/openapi.do,2026-10-07T08:12:52+09:00
2025.04,330499,41,경기도 시흥시,7147,API_EXP_USD_AMT_UNVERIFIED_SCALE,https://www.data.go.kr/data/15134343/openapi.do,2026-10-07T08:12:52+09:00
2025.04,330499,41,경기도 안산시,1743,API_EXP_USD_AMT_UNVERIFIED_SCALE,https://www.data.go.kr/data/15134343/openapi.do,2026-10-07T08:12:52+09:00
2025.04,330499,41,경기도 안성시,3174,API_EXP_USD_AMT_UNVERIFIED_SCALE,https://www.data.go.kr/data/15134343/openapi.do,2026-10-07T08:12:52+09:00
2025.04,330499,41,경기도 안양시,9210,API_EXP_USD_AMT_UNVERIFIED_SCALE,https://www.data.go.kr/data/15134343/openapi.do,2026-10-07T08:12:52+09:00
2025.04,330499,41,경기도 양주시,152,API_EXP_USD_AMT_UNVERIFIED_SCALE,https://www.data.go.kr/data/15134343/openapi.do,2026-10-07T08:12:52+09:00
2025.04,330499,41,경기도 양평군,6,API_EXP_USD_AMT_UNVERIFIED_SCALE,https://www.data.go.kr/data/15134343/openapi.do,2026-10-07T08:12:52+09:00
2025.04,330499,41,경기도 여주군,168,API_EXP_USD_AMT_UNVERIFIED_SCALE,https://www.data.go.kr/data/15134343/openapi.do,2026-10-07T08:12:52+09:00
2025.04,330499,41,경기도 연천군,22,API_EXP_USD_AMT_UNVERIFIED_SCALE,https://www.data.go.kr/data/15134343/openapi.do,2026-10-07T08:12:52+09:00
2025.04,330499,41,경기도 오산시,16823,API_EXP_USD_AMT_UNVERIFIED_SCALE,https://www.data.go.kr/data/15134343/openapi.do,2026-10-07T08:12:52+09:00
2025.04,330499,41,경기도 용인시,3728,API_EXP_USD_AMT_UNVERIFIED_SCALE,https://www.data.go.kr/data/15134343/openapi.do,2026-10-07T08:12:52+09:00
2025.04,330499,41,경기도 의왕시,390,API_EXP_USD_AMT_UNVERIFIED_SCALE,https://www.data.go.kr/data/15134343/openapi.do,2026-10-07T08:12:52+09:00
2025.04,330499,41,경기도 의정부시,565,API_EXP_USD_AMT_UNVERIFIED_SCALE,https://www.data.go.kr/data/15134343/openapi.do,2026-10-07T08:12:52+09:00
2025.04,330499,41,경기도 이천시,1763,API_EXP_USD_AMT_UNVERIFIED_SCALE,https://www.data.go.kr/data/15134343/openapi.do,2026-10-07T08:12:52+09:00
2025.04,330499,41,경기도 파주시,1274,API_EXP_USD_AMT_UNVERIFIED_SCALE,https://www.data.go.kr/data/15134343/openapi.do,2026-10-07T08:12:52+09:00
2025.04,330499,41,경기도 평택시,2427,API_EXP_USD_AMT_UNVERIFIED_SCALE,https://www.data.go.kr/data/15134343/openapi.do,2026-10-07T08:12:52+09:00
2025.04,330499,41,경기도 포천군,553,API_EXP_USD_AMT_UNVERIFIED_SCALE,https://www.data.go.kr/data/15134343/openapi.do,2026-10-07T08:12:52+09:00
2025.04,330499,41,경기도 하남시,3158,API_EXP_USD_AMT_UNVERIFIED_SCALE,https://www.data.go.kr/data/15134343/openapi.do,2026-10-07T08:12:52+09:00
2025.04,330499,41,경기도 화성시,18330,API_EXP_USD_AMT_UNVERIFIED_SCALE,https://www.data.go.kr/data/15134343/openapi.do,2026-10-07T08:12:52+09:00
2025.04,853400,27,대구광역시 남구,0,API_EXP_USD_AMT_UNVERIFIED_SCALE,https://www.data.go.kr/data/15134343/openapi.do,2026-10-07T08:12:52+09:00
2025.04,853400,27,대구광역시 달서구,229,API_EXP_USD_AMT_UNVERIFIED_SCALE,https://www.data.go.kr/data/15134343/openapi.do,2026-10-07T08:12:52+09:00
2025.04,853400,27,대구광역시 달성군,71084,API_EXP_USD_AMT_UNVERIFIED_SCALE,https://www.data.go.kr/data/15134343/openapi.do,2026-10-07T08:12:52+09:00
2025.04,853400,27,대구광역시 동구,0,API_EXP_USD_AMT_UNVERIFIED_SCALE,https://www.data.go.kr/data/15134343/openapi.do,2026-10-07T08:12:52+09:00
2025.04,853400,27,대구광역시 북구,0,API_EXP_USD_AMT_UNVERIFIED_SCALE,https://www.data.go.kr/data/15134343/openapi.do,2026-10-07T08:12:52+09:00
2025.04,853400,27,대구광역시 서구,11,API_EXP_USD_AMT_UNVERIFIED_SCALE,https://www.data.go.kr/data/15134343/openapi.do,2026-10-07T08:12:52+09:00
2025.04,853400,27,대구광역시 수성구,0,API_EXP_USD_AMT_UNVERIFIED_SCALE,https://www.data.go.kr/data/15134343/openapi.do,2026-10-07T08:12:52+09:00
2025.04,853400,27,대구광역시 중구,0,API_EXP_USD_AMT_UNVERIFIED_SCALE,https://www.data.go.kr/data/15134343/openapi.do,2026-10-07T08:12:52+09:00
2025.04,853400,41,경기도 고양시,215,API_EXP_USD_AMT_UNVERIFIED_SCALE,https://www.data.go.kr/data/15134343/openapi.do,2026-10-07T08:12:52+09:00
2025.04,853400,41,경기도 과천시,38,API_EXP_USD_AMT_UNVERIFIED_SCALE,https://www.data.go.kr/data/15134343/openapi.do,2026-10-07T08:12:52+09:00
2025.04,853400,41,경기도 광명시,6,API_EXP_USD_AMT_UNVERIFIED_SCALE,https://www.data.go.kr/data/15134343/openapi.do,2026-10-07T08:12:52+09:00
2025.04,853400,41,경기도 광주시,0,API_EXP_USD_AMT_UNVERIFIED_SCALE,https://www.data.go.kr/data/15134343/openapi.do,2026-10-07T08:12:52+09:00
2025.04,853400,41,경기도 구리시,0,API_EXP_USD_AMT_UNVERIFIED_SCALE,https://www.data.go.kr/data/15134343/openapi.do,2026-10-07T08:12:52+09:00
2025.04,853400,41,경기도 군포시,207,API_EXP_USD_AMT_UNVERIFIED_SCALE,https://www.data.go.kr/data/15134343/openapi.do,2026-10-07T08:12:52+09:00
2025.04,853400,41,경기도 김포시,461,API_EXP_USD_AMT_UNVERIFIED_SCALE,https://www.data.go.kr/data/15134343/openapi.do,2026-10-07T08:12:52+09:00
2025.04,853400,41,경기도 남양주시,0,API_EXP_USD_AMT_UNVERIFIED_SCALE,https://www.data.go.kr/data/15134343/openapi.do,2026-10-07T08:12:52+09:00
2025.04,853400,41,경기도 동두천시,2396,API_EXP_USD_AMT_UNVERIFIED_SCALE,https://www.data.go.kr/data/15134343/openapi.do,2026-10-07T08:12:52+09:00
2025.04,853400,41,경기도 부천시,250,API_EXP_USD_AMT_UNVERIFIED_SCALE,https://www.data.go.kr/data/15134343/openapi.do,2026-10-07T08:12:52+09:00
2025.04,853400,41,경기도 성남시,1445,API_EXP_USD_AMT_UNVERIFIED_SCALE,https://www.data.go.kr/data/15134343/openapi.do,2026-10-07T08:12:52+09:00
2025.04,853400,41,경기도 수원시,41060,API_EXP_USD_AMT_UNVERIFIED_SCALE,https://www.data.go.kr/data/15134343/openapi.do,2026-10-07T08:12:52+09:00
2025.04,853400,41,경기도 시흥시,3990,API_EXP_USD_AMT_UNVERIFIED_SCALE,https://www.data.go.kr/data/15134343/openapi.do,2026-10-07T08:12:52+09:00
2025.04,853400,41,경기도 안산시,99663,API_EXP_USD_AMT_UNVERIFIED_SCALE,https://www.data.go.kr/data/15134343/openapi.do,2026-10-07T08:12:52+09:00
2025.04,853400,41,경기도 안성시,11183,API_EXP_USD_AMT_UNVERIFIED_SCALE,https://www.data.go.kr/data/15134343/openapi.do,2026-10-07T08:12:52+09:00
2025.04,853400,41,경기도 안양시,835,API_EXP_USD_AMT_UNVERIFIED_SCALE,https://www.data.go.kr/data/15134343/openapi.do,2026-10-07T08:12:52+09:00
2025.04,853400,41,경기도 양주시,0,API_EXP_USD_AMT_UNVERIFIED_SCALE,https://www.data.go.kr/data/15134343/openapi.do,2026-10-07T08:12:52+09:00
2025.04,853400,41,경기도 양평군,0,API_EXP_USD_AMT_UNVERIFIED_SCALE,https://www.data.go.kr/data/15134343/openapi.do,2026-10-07T08:12:52+09:00
2025.04,853400,41,경기도 여주군,0,API_EXP_USD_AMT_UNVERIFIED_SCALE,https://www.data.go.kr/data/15134343/openapi.do,2026-10-07T08:12:52+09:00
2025.04,853400,41,경기도 오산시,43,API_EXP_USD_AMT_UNVERIFIED_SCALE,https://www.data.go.kr/data/15134343/openapi.do,2026-10-07T08:12:52+09:00
2025.04,853400,41,경기도 용인시,1483,API_EXP_USD_AMT_UNVERIFIED_SCALE,https://www.data.go.kr/data/15134343/openapi.do,2026-10-07T08:12:52+09:00
2025.04,853400,41,경기도 의왕시,4,API_EXP_USD_AMT_UNVERIFIED_SCALE,https://www.data.go.kr/data/15134343/openapi.do,2026-10-07T08:12:52+09:00
2025.04,853400,41,경기도 의정부시,10,API_EXP_USD_AMT_UNVERIFIED_SCALE,https://www.data.go.kr/data/15134343/openapi.do,2026-10-07T08:12:52+09:00
2025.04,853400,41,경기도 이천시,418,API_EXP_USD_AMT_UNVERIFIED_SCALE,https://www.data.go.kr/data/15134343/openapi.do,2026-10-07T08:12:52+09:00
2025.04,853400,41,경기도 파주시,740,API_EXP_USD_AMT_UNVERIFIED_SCALE,https://www.data.go.kr/data/15134343/openapi.do,2026-10-07T08:12:52+09:00
2025.04,853400,41,경기도 평택시,984,API_EXP_USD_AMT_UNVERIFIED_SCALE,https://www.data.go.kr/data/15134343/openapi.do,2026-10-07T08:12:52+09:00
2025.04,853400,41,경기도 포천군,0,API_EXP_USD_AMT_UNVERIFIED_SCALE,https://www.data.go.kr/data/15134343/openapi.do,2026-10-07T08:12:52+09:00
2025.04,853400,41,경기도 하남시,18,API_EXP_USD_AMT_UNVERIFIED_SCALE,https://www.data.go.kr/data/15134343/openapi.do,2026-10-07T08:12:52+09:00
2025.04,853400,41,경기도 화성시,669,API_EXP_USD_AMT_UNVERIFIED_SCALE,https://www.data.go.kr/data/15134343/openapi.do,2026-10-07T08:12:52+09:00
2025.04,853400,43,충청북도 음성군,6,API_EXP_USD_AMT_UNVERIFIED_SCALE,https://www.data.go.kr/data/15134343/openapi.do,2026-10-07T08:12:52+09:00
2025.04,853400,43,충청북도 제천시,1,API_EXP_USD_AMT_UNVERIFIED_SCALE,https://www.data.go.kr/data/15134343/openapi.do,2026-10-07T08:12:52+09:00
2025.04,853400,43,충청북도 증평군,710,API_EXP_USD_AMT_UNVERIFIED_SCALE,https://www.data.go.kr/data/15134343/openapi.do,2026-10-07T08:12:52+09:00
2025.04,853400,43,충청북도 진천군,161,API_EXP_USD_AMT_UNVERIFIED_SCALE,https://www.data.go.kr/data/15134343/openapi.do,2026-10-07T08:12:52+09:00
2025.04,853400,43,충청북도 청주시,34853,API_EXP_USD_AMT_UNVERIFIED_SCALE,https://www.data.go.kr/data/15134343/openapi.do,2026-10-07T08:12:52+09:00
2025.04,853400,43,충청북도 충주시,0,API_EXP_USD_AMT_UNVERIFIED_SCALE,https://www.data.go.kr/data/15134343/openapi.do,2026-10-07T08:12:52+09:00
2025.05,330499,36,세종특별자치시,7225,API_EXP_USD_AMT_UNVERIFIED_SCALE,https://www.data.go.kr/data/15134343/openapi.do,2026-10-07T08:12:52+09:00
2025.05,330499,41,경기도 가평군,0,API_EXP_USD_AMT_UNVERIFIED_SCALE,https://www.data.go.kr/data/15134343/openapi.do,2026-10-07T08:12:52+09:00
2025.05,330499,41,경기도 고양시,10241,API_EXP_USD_AMT_UNVERIFIED_SCALE,https://www.data.go.kr/data/15134343/openapi.do,2026-10-07T08:12:52+09:00
2025.05,330499,41,경기도 과천시,49,API_EXP_USD_AMT_UNVERIFIED_SCALE,https://www.data.go.kr/data/15134343/openapi.do,2026-10-07T08:12:52+09:00
2025.05,330499,41,경기도 광명시,1268,API_EXP_USD_AMT_UNVERIFIED_SCALE,https://www.data.go.kr/data/15134343/openapi.do,2026-10-07T08:12:52+09:00
2025.05,330499,41,경기도 광주시,373,API_EXP_USD_AMT_UNVERIFIED_SCALE,https://www.data.go.kr/data/15134343/openapi.do,2026-10-07T08:12:52+09:00
2025.05,330499,41,경기도 구리시,443,API_EXP_USD_AMT_UNVERIFIED_SCALE,https://www.data.go.kr/data/15134343/openapi.do,2026-10-07T08:12:52+09:00
2025.05,330499,41,경기도 군포시,459,API_EXP_USD_AMT_UNVERIFIED_SCALE,https://www.data.go.kr/data/15134343/openapi.do,2026-10-07T08:12:52+09:00
2025.05,330499,41,경기도 김포시,39401,API_EXP_USD_AMT_UNVERIFIED_SCALE,https://www.data.go.kr/data/15134343/openapi.do,2026-10-07T08:12:52+09:00
2025.05,330499,41,경기도 남양주시,1940,API_EXP_USD_AMT_UNVERIFIED_SCALE,https://www.data.go.kr/data/15134343/openapi.do,2026-10-07T08:12:52+09:00
2025.05,330499,41,경기도 동두천시,0,API_EXP_USD_AMT_UNVERIFIED_SCALE,https://www.data.go.kr/data/15134343/openapi.do,2026-10-07T08:12:52+09:00
2025.05,330499,41,경기도 부천시,5445,API_EXP_USD_AMT_UNVERIFIED_SCALE,https://www.data.go.kr/data/15134343/openapi.do,2026-10-07T08:12:52+09:00
2025.05,330499,41,경기도 성남시,38341,API_EXP_USD_AMT_UNVERIFIED_SCALE,https://www.data.go.kr/data/15134343/openapi.do,2026-10-07T08:12:52+09:00
2025.05,330499,41,경기도 수원시,3054,API_EXP_USD_AMT_UNVERIFIED_SCALE,https://www.data.go.kr/data/15134343/openapi.do,2026-10-07T08:12:52+09:00
2025.05,330499,41,경기도 시흥시,4999,API_EXP_USD_AMT_UNVERIFIED_SCALE,https://www.data.go.kr/data/15134343/openapi.do,2026-10-07T08:12:52+09:00
2025.05,330499,41,경기도 안산시,2313,API_EXP_USD_AMT_UNVERIFIED_SCALE,https://www.data.go.kr/data/15134343/openapi.do,2026-10-07T08:12:52+09:00
2025.05,330499,41,경기도 안성시,1547,API_EXP_USD_AMT_UNVERIFIED_SCALE,https://www.data.go.kr/data/15134343/openapi.do,2026-10-07T08:12:52+09:00
2025.05,330499,41,경기도 안양시,8761,API_EXP_USD_AMT_UNVERIFIED_SCALE,https://www.data.go.kr/data/15134343/openapi.do,2026-10-07T08:12:52+09:00
2025.05,330499,41,경기도 양주시,185,API_EXP_USD_AMT_UNVERIFIED_SCALE,https://www.data.go.kr/data/15134343/openapi.do,2026-10-07T08:12:52+09:00
2025.05,330499,41,경기도 양평군,8,API_EXP_USD_AMT_UNVERIFIED_SCALE,https://www.data.go.kr/data/15134343/openapi.do,2026-10-07T08:12:52+09:00
2025.05,330499,41,경기도 여주군,436,API_EXP_USD_AMT_UNVERIFIED_SCALE,https://www.data.go.kr/data/15134343/openapi.do,2026-10-07T08:12:52+09:00
2025.05,330499,41,경기도 연천군,0,API_EXP_USD_AMT_UNVERIFIED_SCALE,https://www.data.go.kr/data/15134343/openapi.do,2026-10-07T08:12:52+09:00
2025.05,330499,41,경기도 오산시,13120,API_EXP_USD_AMT_UNVERIFIED_SCALE,https://www.data.go.kr/data/15134343/openapi.do,2026-10-07T08:12:52+09:00
2025.05,330499,41,경기도 용인시,3678,API_EXP_USD_AMT_UNVERIFIED_SCALE,https://www.data.go.kr/data/15134343/openapi.do,2026-10-07T08:12:52+09:00
2025.05,330499,41,경기도 의왕시,829,API_EXP_USD_AMT_UNVERIFIED_SCALE,https://www.data.go.kr/data/15134343/openapi.do,2026-10-07T08:12:52+09:00
2025.05,330499,41,경기도 의정부시,247,API_EXP_USD_AMT_UNVERIFIED_SCALE,https://www.data.go.kr/data/15134343/openapi.do,2026-10-07T08:12:52+09:00
2025.05,330499,41,경기도 이천시,364,API_EXP_USD_AMT_UNVERIFIED_SCALE,https://www.data.go.kr/data/15134343/openapi.do,2026-10-07T08:12:52+09:00
2025.05,330499,41,경기도 파주시,767,API_EXP_USD_AMT_UNVERIFIED_SCALE,https://www.data.go.kr/data/15134343/openapi.do,2026-10-07T08:12:52+09:00
2025.05,330499,41,경기도 평택시,2681,API_EXP_USD_AMT_UNVERIFIED_SCALE,https://www.data.go.kr/data/15134343/openapi.do,2026-10-07T08:12:52+09:00
2025.05,330499,41,경기도 포천군,371,API_EXP_USD_AMT_UNVERIFIED_SCALE,https://www.data.go.kr/data/15134343/openapi.do,2026-10-07T08:12:52+09:00
2025.05,330499,41,경기도 하남시,3227,API_EXP_USD_AMT_UNVERIFIED_SCALE,https://www.data.go.kr/data/15134343/openapi.do,2026-10-07T08:12:52+09:00
2025.05,330499,41,경기도 화성시,19509,API_EXP_USD_AMT_UNVERIFIED_SCALE,https://www.data.go.kr/data/15134343/openapi.do,2026-10-07T08:12:52+09:00
2025.05,853400,27,대구광역시 남구,0,API_EXP_USD_AMT_UNVERIFIED_SCALE,https://www.data.go.kr/data/15134343/openapi.do,2026-10-07T08:12:52+09:00
2025.05,853400,27,대구광역시 달서구,269,API_EXP_USD_AMT_UNVERIFIED_SCALE,https://www.data.go.kr/data/15134343/openapi.do,2026-10-07T08:12:52+09:00
2025.05,853400,27,대구광역시 달성군,56483,API_EXP_USD_AMT_UNVERIFIED_SCALE,https://www.data.go.kr/data/15134343/openapi.do,2026-10-07T08:12:52+09:00
2025.05,853400,27,대구광역시 동구,0,API_EXP_USD_AMT_UNVERIFIED_SCALE,https://www.data.go.kr/data/15134343/openapi.do,2026-10-07T08:12:52+09:00
2025.05,853400,27,대구광역시 북구,0,API_EXP_USD_AMT_UNVERIFIED_SCALE,https://www.data.go.kr/data/15134343/openapi.do,2026-10-07T08:12:52+09:00
2025.05,853400,27,대구광역시 서구,11,API_EXP_USD_AMT_UNVERIFIED_SCALE,https://www.data.go.kr/data/15134343/openapi.do,2026-10-07T08:12:52+09:00
2025.05,853400,27,대구광역시 수성구,0,API_EXP_USD_AMT_UNVERIFIED_SCALE,https://www.data.go.kr/data/15134343/openapi.do,2026-10-07T08:12:52+09:00
2025.05,853400,27,대구광역시 중구,0,API_EXP_USD_AMT_UNVERIFIED_SCALE,https://www.data.go.kr/data/15134343/openapi.do,2026-10-07T08:12:52+09:00
2025.05,853400,41,경기도 고양시,58,API_EXP_USD_AMT_UNVERIFIED_SCALE,https://www.data.go.kr/data/15134343/openapi.do,2026-10-07T08:12:52+09:00
2025.05,853400,41,경기도 과천시,87,API_EXP_USD_AMT_UNVERIFIED_SCALE,https://www.data.go.kr/data/15134343/openapi.do,2026-10-07T08:12:52+09:00
2025.05,853400,41,경기도 광명시,0,API_EXP_USD_AMT_UNVERIFIED_SCALE,https://www.data.go.kr/data/15134343/openapi.do,2026-10-07T08:12:52+09:00
2025.05,853400,41,경기도 광주시,0,API_EXP_USD_AMT_UNVERIFIED_SCALE,https://www.data.go.kr/data/15134343/openapi.do,2026-10-07T08:12:52+09:00
2025.05,853400,41,경기도 구리시,0,API_EXP_USD_AMT_UNVERIFIED_SCALE,https://www.data.go.kr/data/15134343/openapi.do,2026-10-07T08:12:52+09:00
2025.05,853400,41,경기도 군포시,195,API_EXP_USD_AMT_UNVERIFIED_SCALE,https://www.data.go.kr/data/15134343/openapi.do,2026-10-07T08:12:52+09:00
2025.05,853400,41,경기도 김포시,462,API_EXP_USD_AMT_UNVERIFIED_SCALE,https://www.data.go.kr/data/15134343/openapi.do,2026-10-07T08:12:52+09:00
2025.05,853400,41,경기도 남양주시,0,API_EXP_USD_AMT_UNVERIFIED_SCALE,https://www.data.go.kr/data/15134343/openapi.do,2026-10-07T08:12:52+09:00
2025.05,853400,41,경기도 동두천시,1209,API_EXP_USD_AMT_UNVERIFIED_SCALE,https://www.data.go.kr/data/15134343/openapi.do,2026-10-07T08:12:52+09:00
2025.05,853400,41,경기도 부천시,216,API_EXP_USD_AMT_UNVERIFIED_SCALE,https://www.data.go.kr/data/15134343/openapi.do,2026-10-07T08:12:52+09:00
2025.05,853400,41,경기도 성남시,1662,API_EXP_USD_AMT_UNVERIFIED_SCALE,https://www.data.go.kr/data/15134343/openapi.do,2026-10-07T08:12:52+09:00
2025.05,853400,41,경기도 수원시,34868,API_EXP_USD_AMT_UNVERIFIED_SCALE,https://www.data.go.kr/data/15134343/openapi.do,2026-10-07T08:12:52+09:00
2025.05,853400,41,경기도 시흥시,3524,API_EXP_USD_AMT_UNVERIFIED_SCALE,https://www.data.go.kr/data/15134343/openapi.do,2026-10-07T08:12:52+09:00
2025.05,853400,41,경기도 안산시,96306,API_EXP_USD_AMT_UNVERIFIED_SCALE,https://www.data.go.kr/data/15134343/openapi.do,2026-10-07T08:12:52+09:00
2025.05,853400,41,경기도 안성시,11354,API_EXP_USD_AMT_UNVERIFIED_SCALE,https://www.data.go.kr/data/15134343/openapi.do,2026-10-07T08:12:52+09:00
2025.05,853400,41,경기도 안양시,1148,API_EXP_USD_AMT_UNVERIFIED_SCALE,https://www.data.go.kr/data/15134343/openapi.do,2026-10-07T08:12:52+09:00
2025.05,853400,41,경기도 양주시,19,API_EXP_USD_AMT_UNVERIFIED_SCALE,https://www.data.go.kr/data/15134343/openapi.do,2026-10-07T08:12:52+09:00
2025.05,853400,41,경기도 양평군,0,API_EXP_USD_AMT_UNVERIFIED_SCALE,https://www.data.go.kr/data/15134343/openapi.do,2026-10-07T08:12:52+09:00
2025.05,853400,41,경기도 여주군,0,API_EXP_USD_AMT_UNVERIFIED_SCALE,https://www.data.go.kr/data/15134343/openapi.do,2026-10-07T08:12:52+09:00
2025.05,853400,41,경기도 오산시,68,API_EXP_USD_AMT_UNVERIFIED_SCALE,https://www.data.go.kr/data/15134343/openapi.do,2026-10-07T08:12:52+09:00
2025.05,853400,41,경기도 용인시,488,API_EXP_USD_AMT_UNVERIFIED_SCALE,https://www.data.go.kr/data/15134343/openapi.do,2026-10-07T08:12:52+09:00
2025.05,853400,41,경기도 의왕시,0,API_EXP_USD_AMT_UNVERIFIED_SCALE,https://www.data.go.kr/data/15134343/openapi.do,2026-10-07T08:12:52+09:00
2025.05,853400,41,경기도 의정부시,1,API_EXP_USD_AMT_UNVERIFIED_SCALE,https://www.data.go.kr/data/15134343/openapi.do,2026-10-07T08:12:52+09:00
2025.05,853400,41,경기도 이천시,98,API_EXP_USD_AMT_UNVERIFIED_SCALE,https://www.data.go.kr/data/15134343/openapi.do,2026-10-07T08:12:52+09:00
2025.05,853400,41,경기도 파주시,329,API_EXP_USD_AMT_UNVERIFIED_SCALE,https://www.data.go.kr/data/15134343/openapi.do,2026-10-07T08:12:52+09:00
2025.05,853400,41,경기도 평택시,1112,API_EXP_USD_AMT_UNVERIFIED_SCALE,https://www.data.go.kr/data/15134343/openapi.do,2026-10-07T08:12:52+09:00
2025.05,853400,41,경기도 포천군,0,API_EXP_USD_AMT_UNVERIFIED_SCALE,https://www.data.go.kr/data/15134343/openapi.do,2026-10-07T08:12:52+09:00
2025.05,853400,41,경기도 하남시,4,API_EXP_USD_AMT_UNVERIFIED_SCALE,https://www.data.go.kr/data/15134343/openapi.do,2026-10-07T08:12:52+09:00
2025.05,853400,41,경기도 화성시,722,API_EXP_USD_AMT_UNVERIFIED_SCALE,https://www.data.go.kr/data/15134343/openapi.do,2026-10-07T08:12:52+09:00
2025.05,853400,43,충청북도 제천시,6,API_EXP_USD_AMT_UNVERIFIED_SCALE,https://www.data.go.kr/data/15134343/openapi.do,2026-10-07T08:12:52+09:00
2025.05,853400,43,충청북도 증평군,960,API_EXP_USD_AMT_UNVERIFIED_SCALE,https://www.data.go.kr/data/15134343/openapi.do,2026-10-07T08:12:52+09:00
2025.05,853400,43,충청북도 진천군,119,API_EXP_USD_AMT_UNVERIFIED_SCALE,https://www.data.go.kr/data/15134343/openapi.do,2026-10-07T08:12:52+09:00
2025.05,853400,43,충청북도 청주시,35949,API_EXP_USD_AMT_UNVERIFIED_SCALE,https://www.data.go.kr/data/15134343/openapi.do,2026-10-07T08:12:52+09:00
2025.05,853400,43,충청북도 충주시,0,API_EXP_USD_AMT_UNVERIFIED_SCALE,https://www.data.go.kr/data/15134343/openapi.do,2026-10-07T08:12:52+09:00
2025.06,330499,36,세종특별자치시,5489,API_EXP_USD_AMT_UNVERIFIED_SCALE,https://www.data.go.kr/data/15134343/openapi.do,2026-10-07T08:12:52+09:00
2025.06,330499,41,경기도 가평군,27,API_EXP_USD_AMT_UNVERIFIED_SCALE,https://www.data.go.kr/data/15134343/openapi.do,2026-10-07T08:12:52+09:00
2025.06,330499,41,경기도 고양시,7717,API_EXP_USD_AMT_UNVERIFIED_SCALE,https://www.data.go.kr/data/15134343/openapi.do,2026-10-07T08:12:52+09:00
2025.06,330499,41,경기도 과천시,0,API_EXP_USD_AMT_UNVERIFIED_SCALE,https://www.data.go.kr/data/15134343/openapi.do,2026-10-07T08:12:52+09:00
2025.06,330499,41,경기도 광명시,1167,API_EXP_USD_AMT_UNVERIFIED_SCALE,https://www.data.go.kr/data/15134343/openapi.do,2026-10-07T08:12:52+09:00
2025.06,330499,41,경기도 광주시,543,API_EXP_USD_AMT_UNVERIFIED_SCALE,https://www.data.go.kr/data/15134343/openapi.do,2026-10-07T08:12:52+09:00
2025.06,330499,41,경기도 구리시,736,API_EXP_USD_AMT_UNVERIFIED_SCALE,https://www.data.go.kr/data/15134343/openapi.do,2026-10-07T08:12:52+09:00
2025.06,330499,41,경기도 군포시,993,API_EXP_USD_AMT_UNVERIFIED_SCALE,https://www.data.go.kr/data/15134343/openapi.do,2026-10-07T08:12:52+09:00
2025.06,330499,41,경기도 김포시,45066,API_EXP_USD_AMT_UNVERIFIED_SCALE,https://www.data.go.kr/data/15134343/openapi.do,2026-10-07T08:12:52+09:00
2025.06,330499,41,경기도 남양주시,1413,API_EXP_USD_AMT_UNVERIFIED_SCALE,https://www.data.go.kr/data/15134343/openapi.do,2026-10-07T08:12:52+09:00
2025.06,330499,41,경기도 동두천시,0,API_EXP_USD_AMT_UNVERIFIED_SCALE,https://www.data.go.kr/data/15134343/openapi.do,2026-10-07T08:12:52+09:00
2025.06,330499,41,경기도 부천시,5275,API_EXP_USD_AMT_UNVERIFIED_SCALE,https://www.data.go.kr/data/15134343/openapi.do,2026-10-07T08:12:52+09:00
2025.06,330499,41,경기도 성남시,44055,API_EXP_USD_AMT_UNVERIFIED_SCALE,https://www.data.go.kr/data/15134343/openapi.do,2026-10-07T08:12:52+09:00
2025.06,330499,41,경기도 수원시,3152,API_EXP_USD_AMT_UNVERIFIED_SCALE,https://www.data.go.kr/data/15134343/openapi.do,2026-10-07T08:12:52+09:00
2025.06,330499,41,경기도 시흥시,4607,API_EXP_USD_AMT_UNVERIFIED_SCALE,https://www.data.go.kr/data/15134343/openapi.do,2026-10-07T08:12:52+09:00
2025.06,330499,41,경기도 안산시,2467,API_EXP_USD_AMT_UNVERIFIED_SCALE,https://www.data.go.kr/data/15134343/openapi.do,2026-10-07T08:12:52+09:00
2025.06,330499,41,경기도 안성시,1581,API_EXP_USD_AMT_UNVERIFIED_SCALE,https://www.data.go.kr/data/15134343/openapi.do,2026-10-07T08:12:52+09:00
2025.06,330499,41,경기도 안양시,11824,API_EXP_USD_AMT_UNVERIFIED_SCALE,https://www.data.go.kr/data/15134343/openapi.do,2026-10-07T08:12:52+09:00
2025.06,330499,41,경기도 양주시,234,API_EXP_USD_AMT_UNVERIFIED_SCALE,https://www.data.go.kr/data/15134343/openapi.do,2026-10-07T08:12:52+09:00
2025.06,330499,41,경기도 양평군,32,API_EXP_USD_AMT_UNVERIFIED_SCALE,https://www.data.go.kr/data/15134343/openapi.do,2026-10-07T08:12:52+09:00
2025.06,330499,41,경기도 여주군,133,API_EXP_USD_AMT_UNVERIFIED_SCALE,https://www.data.go.kr/data/15134343/openapi.do,2026-10-07T08:12:52+09:00
2025.06,330499,41,경기도 연천군,0,API_EXP_USD_AMT_UNVERIFIED_SCALE,https://www.data.go.kr/data/15134343/openapi.do,2026-10-07T08:12:52+09:00
2025.06,330499,41,경기도 오산시,13073,API_EXP_USD_AMT_UNVERIFIED_SCALE,https://www.data.go.kr/data/15134343/openapi.do,2026-10-07T08:12:52+09:00
2025.06,330499,41,경기도 용인시,6339,API_EXP_USD_AMT_UNVERIFIED_SCALE,https://www.data.go.kr/data/15134343/openapi.do,2026-10-07T08:12:52+09:00
2025.06,330499,41,경기도 의왕시,1511,API_EXP_USD_AMT_UNVERIFIED_SCALE,https://www.data.go.kr/data/15134343/openapi.do,2026-10-07T08:12:52+09:00
2025.06,330499,41,경기도 의정부시,122,API_EXP_USD_AMT_UNVERIFIED_SCALE,https://www.data.go.kr/data/15134343/openapi.do,2026-10-07T08:12:52+09:00
2025.06,330499,41,경기도 이천시,403,API_EXP_USD_AMT_UNVERIFIED_SCALE,https://www.data.go.kr/data/15134343/openapi.do,2026-10-07T08:12:52+09:00
2025.06,330499,41,경기도 파주시,936,API_EXP_USD_AMT_UNVERIFIED_SCALE,https://www.data.go.kr/data/15134343/openapi.do,2026-10-07T08:12:52+09:00
2025.06,330499,41,경기도 평택시,1952,API_EXP_USD_AMT_UNVERIFIED_SCALE,https://www.data.go.kr/data/15134343/openapi.do,2026-10-07T08:12:52+09:00
2025.06,330499,41,경기도 포천군,750,API_EXP_USD_AMT_UNVERIFIED_SCALE,https://www.data.go.kr/data/15134343/openapi.do,2026-10-07T08:12:52+09:00
2025.06,330499,41,경기도 하남시,4396,API_EXP_USD_AMT_UNVERIFIED_SCALE,https://www.data.go.kr/data/15134343/openapi.do,2026-10-07T08:12:52+09:00
2025.06,330499,41,경기도 화성시,18442,API_EXP_USD_AMT_UNVERIFIED_SCALE,https://www.data.go.kr/data/15134343/openapi.do,2026-10-07T08:12:52+09:00
2025.06,853400,27,대구광역시 남구,0,API_EXP_USD_AMT_UNVERIFIED_SCALE,https://www.data.go.kr/data/15134343/openapi.do,2026-10-07T08:12:52+09:00
2025.06,853400,27,대구광역시 달서구,263,API_EXP_USD_AMT_UNVERIFIED_SCALE,https://www.data.go.kr/data/15134343/openapi.do,2026-10-07T08:12:52+09:00
2025.06,853400,27,대구광역시 달성군,54859,API_EXP_USD_AMT_UNVERIFIED_SCALE,https://www.data.go.kr/data/15134343/openapi.do,2026-10-07T08:12:52+09:00
2025.06,853400,27,대구광역시 동구,0,API_EXP_USD_AMT_UNVERIFIED_SCALE,https://www.data.go.kr/data/15134343/openapi.do,2026-10-07T08:12:52+09:00
2025.06,853400,27,대구광역시 북구,0,API_EXP_USD_AMT_UNVERIFIED_SCALE,https://www.data.go.kr/data/15134343/openapi.do,2026-10-07T08:12:52+09:00
2025.06,853400,27,대구광역시 서구,11,API_EXP_USD_AMT_UNVERIFIED_SCALE,https://www.data.go.kr/data/15134343/openapi.do,2026-10-07T08:12:52+09:00
2025.06,853400,27,대구광역시 수성구,0,API_EXP_USD_AMT_UNVERIFIED_SCALE,https://www.data.go.kr/data/15134343/openapi.do,2026-10-07T08:12:52+09:00
2025.06,853400,41,경기도 가평군,0,API_EXP_USD_AMT_UNVERIFIED_SCALE,https://www.data.go.kr/data/15134343/openapi.do,2026-10-07T08:12:52+09:00
2025.06,853400,41,경기도 고양시,60,API_EXP_USD_AMT_UNVERIFIED_SCALE,https://www.data.go.kr/data/15134343/openapi.do,2026-10-07T08:12:52+09:00
2025.06,853400,41,경기도 과천시,45,API_EXP_USD_AMT_UNVERIFIED_SCALE,https://www.data.go.kr/data/15134343/openapi.do,2026-10-07T08:12:52+09:00
2025.06,853400,41,경기도 광명시,3,API_EXP_USD_AMT_UNVERIFIED_SCALE,https://www.data.go.kr/data/15134343/openapi.do,2026-10-07T08:12:52+09:00
2025.06,853400,41,경기도 광주시,0,API_EXP_USD_AMT_UNVERIFIED_SCALE,https://www.data.go.kr/data/15134343/openapi.do,2026-10-07T08:12:52+09:00
2025.06,853400,41,경기도 구리시,6,API_EXP_USD_AMT_UNVERIFIED_SCALE,https://www.data.go.kr/data/15134343/openapi.do,2026-10-07T08:12:52+09:00
2025.06,853400,41,경기도 군포시,190,API_EXP_USD_AMT_UNVERIFIED_SCALE,https://www.data.go.kr/data/15134343/openapi.do,2026-10-07T08:12:52+09:00
2025.06,853400,41,경기도 김포시,532,API_EXP_USD_AMT_UNVERIFIED_SCALE,https://www.data.go.kr/data/15134343/openapi.do,2026-10-07T08:12:52+09:00
2025.06,853400,41,경기도 남양주시,0,API_EXP_USD_AMT_UNVERIFIED_SCALE,https://www.data.go.kr/data/15134343/openapi.do,2026-10-07T08:12:52+09:00
2025.06,853400,41,경기도 동두천시,1459,API_EXP_USD_AMT_UNVERIFIED_SCALE,https://www.data.go.kr/data/15134343/openapi.do,2026-10-07T08:12:52+09:00
2025.06,853400,41,경기도 부천시,216,API_EXP_USD_AMT_UNVERIFIED_SCALE,https://www.data.go.kr/data/15134343/openapi.do,2026-10-07T08:12:52+09:00
2025.06,853400,41,경기도 성남시,1336,API_EXP_USD_AMT_UNVERIFIED_SCALE,https://www.data.go.kr/data/15134343/openapi.do,2026-10-07T08:12:52+09:00
2025.06,853400,41,경기도 수원시,36979,API_EXP_USD_AMT_UNVERIFIED_SCALE,https://www.data.go.kr/data/15134343/openapi.do,2026-10-07T08:12:52+09:00
2025.06,853400,41,경기도 시흥시,3105,API_EXP_USD_AMT_UNVERIFIED_SCALE,https://www.data.go.kr/data/15134343/openapi.do,2026-10-07T08:12:52+09:00
2025.06,853400,41,경기도 안산시,100140,API_EXP_USD_AMT_UNVERIFIED_SCALE,https://www.data.go.kr/data/15134343/openapi.do,2026-10-07T08:12:52+09:00
2025.06,853400,41,경기도 안성시,11203,API_EXP_USD_AMT_UNVERIFIED_SCALE,https://www.data.go.kr/data/15134343/openapi.do,2026-10-07T08:12:52+09:00
2025.06,853400,41,경기도 안양시,1008,API_EXP_USD_AMT_UNVERIFIED_SCALE,https://www.data.go.kr/data/15134343/openapi.do,2026-10-07T08:12:52+09:00
2025.06,853400,41,경기도 양주시,24,API_EXP_USD_AMT_UNVERIFIED_SCALE,https://www.data.go.kr/data/15134343/openapi.do,2026-10-07T08:12:52+09:00
2025.06,853400,41,경기도 여주군,0,API_EXP_USD_AMT_UNVERIFIED_SCALE,https://www.data.go.kr/data/15134343/openapi.do,2026-10-07T08:12:52+09:00
2025.06,853400,41,경기도 오산시,11,API_EXP_USD_AMT_UNVERIFIED_SCALE,https://www.data.go.kr/data/15134343/openapi.do,2026-10-07T08:12:52+09:00
2025.06,853400,41,경기도 용인시,353,API_EXP_USD_AMT_UNVERIFIED_SCALE,https://www.data.go.kr/data/15134343/openapi.do,2026-10-07T08:12:52+09:00
2025.06,853400,41,경기도 의왕시,103,API_EXP_USD_AMT_UNVERIFIED_SCALE,https://www.data.go.kr/data/15134343/openapi.do,2026-10-07T08:12:52+09:00
2025.06,853400,41,경기도 의정부시,7,API_EXP_USD_AMT_UNVERIFIED_SCALE,https://www.data.go.kr/data/15134343/openapi.do,2026-10-07T08:12:52+09:00
2025.06,853400,41,경기도 이천시,55,API_EXP_USD_AMT_UNVERIFIED_SCALE,https://www.data.go.kr/data/15134343/openapi.do,2026-10-07T08:12:52+09:00
2025.06,853400,41,경기도 파주시,341,API_EXP_USD_AMT_UNVERIFIED_SCALE,https://www.data.go.kr/data/15134343/openapi.do,2026-10-07T08:12:52+09:00
2025.06,853400,41,경기도 평택시,2449,API_EXP_USD_AMT_UNVERIFIED_SCALE,https://www.data.go.kr/data/15134343/openapi.do,2026-10-07T08:12:52+09:00
2025.06,853400,41,경기도 포천군,1,API_EXP_USD_AMT_UNVERIFIED_SCALE,https://www.data.go.kr/data/15134343/openapi.do,2026-10-07T08:12:52+09:00
2025.06,853400,41,경기도 하남시,34,API_EXP_USD_AMT_UNVERIFIED_SCALE,https://www.data.go.kr/data/15134343/openapi.do,2026-10-07T08:12:52+09:00
2025.06,853400,41,경기도 화성시,1249,API_EXP_USD_AMT_UNVERIFIED_SCALE,https://www.data.go.kr/data/15134343/openapi.do,2026-10-07T08:12:52+09:00
2025.06,853400,43,충청북도 옥천군,0,API_EXP_USD_AMT_UNVERIFIED_SCALE,https://www.data.go.kr/data/15134343/openapi.do,2026-10-07T08:12:52+09:00
2025.06,853400,43,충청북도 음성군,40,API_EXP_USD_AMT_UNVERIFIED_SCALE,https://www.data.go.kr/data/15134343/openapi.do,2026-10-07T08:12:52+09:00
2025.06,853400,43,충청북도 증평군,857,API_EXP_USD_AMT_UNVERIFIED_SCALE,https://www.data.go.kr/data/15134343/openapi.do,2026-10-07T08:12:52+09:00
2025.06,853400,43,충청북도 진천군,103,API_EXP_USD_AMT_UNVERIFIED_SCALE,https://www.data.go.kr/data/15134343/openapi.do,2026-10-07T08:12:52+09:00
2025.06,853400,43,충청북도 청주시,38431,API_EXP_USD_AMT_UNVERIFIED_SCALE,https://www.data.go.kr/data/15134343/openapi.do,2026-10-07T08:12:52+09:00
2025.07,330499,36,세종특별자치시,8227,API_EXP_USD_AMT_UNVERIFIED_SCALE,https://www.data.go.kr/data/15134343/openapi.do,2026-10-07T08:12:52+09:00
2025.07,330499,41,경기도 가평군,178,API_EXP_USD_AMT_UNVERIFIED_SCALE,https://www.data.go.kr/data/15134343/openapi.do,2026-10-07T08:12:52+09:00
2025.07,330499,41,경기도 고양시,8621,API_EXP_USD_AMT_UNVERIFIED_SCALE,https://www.data.go.kr/data/15134343/openapi.do,2026-10-07T08:12:52+09:00
2025.07,330499,41,경기도 과천시,8,API_EXP_USD_AMT_UNVERIFIED_SCALE,https://www.data.go.kr/data/15134343/openapi.do,2026-10-07T08:12:52+09:00
2025.07,330499,41,경기도 광명시,984,API_EXP_USD_AMT_UNVERIFIED_SCALE,https://www.data.go.kr/data/15134343/openapi.do,2026-10-07T08:12:52+09:00
2025.07,330499,41,경기도 광주시,556,API_EXP_USD_AMT_UNVERIFIED_SCALE,https://www.data.go.kr/data/15134343/openapi.do,2026-10-07T08:12:52+09:00
2025.07,330499,41,경기도 구리시,957,API_EXP_USD_AMT_UNVERIFIED_SCALE,https://www.data.go.kr/data/15134343/openapi.do,2026-10-07T08:12:52+09:00
2025.07,330499,41,경기도 군포시,671,API_EXP_USD_AMT_UNVERIFIED_SCALE,https://www.data.go.kr/data/15134343/openapi.do,2026-10-07T08:12:52+09:00
2025.07,330499,41,경기도 김포시,32363,API_EXP_USD_AMT_UNVERIFIED_SCALE,https://www.data.go.kr/data/15134343/openapi.do,2026-10-07T08:12:52+09:00
2025.07,330499,41,경기도 남양주시,1537,API_EXP_USD_AMT_UNVERIFIED_SCALE,https://www.data.go.kr/data/15134343/openapi.do,2026-10-07T08:12:52+09:00
2025.07,330499,41,경기도 동두천시,0,API_EXP_USD_AMT_UNVERIFIED_SCALE,https://www.data.go.kr/data/15134343/openapi.do,2026-10-07T08:12:52+09:00
2025.07,330499,41,경기도 부천시,5214,API_EXP_USD_AMT_UNVERIFIED_SCALE,https://www.data.go.kr/data/15134343/openapi.do,2026-10-07T08:12:52+09:00
2025.07,330499,41,경기도 성남시,38952,API_EXP_USD_AMT_UNVERIFIED_SCALE,https://www.data.go.kr/data/15134343/openapi.do,2026-10-07T08:12:52+09:00
2025.07,330499,41,경기도 수원시,1935,API_EXP_USD_AMT_UNVERIFIED_SCALE,https://www.data.go.kr/data/15134343/openapi.do,2026-10-07T08:12:52+09:00
2025.07,330499,41,경기도 시흥시,5311,API_EXP_USD_AMT_UNVERIFIED_SCALE,https://www.data.go.kr/data/15134343/openapi.do,2026-10-07T08:12:52+09:00
2025.07,330499,41,경기도 안산시,2708,API_EXP_USD_AMT_UNVERIFIED_SCALE,https://www.data.go.kr/data/15134343/openapi.do,2026-10-07T08:12:52+09:00
2025.07,330499,41,경기도 안성시,1664,API_EXP_USD_AMT_UNVERIFIED_SCALE,https://www.data.go.kr/data/15134343/openapi.do,2026-10-07T08:12:52+09:00
2025.07,330499,41,경기도 안양시,6321,API_EXP_USD_AMT_UNVERIFIED_SCALE,https://www.data.go.kr/data/15134343/openapi.do,2026-10-07T08:12:52+09:00
2025.07,330499,41,경기도 양주시,383,API_EXP_USD_AMT_UNVERIFIED_SCALE,https://www.data.go.kr/data/15134343/openapi.do,2026-10-07T08:12:52+09:00
2025.07,330499,41,경기도 양평군,18,API_EXP_USD_AMT_UNVERIFIED_SCALE,https://www.data.go.kr/data/15134343/openapi.do,2026-10-07T08:12:52+09:00
2025.07,330499,41,경기도 여주군,127,API_EXP_USD_AMT_UNVERIFIED_SCALE,https://www.data.go.kr/data/15134343/openapi.do,2026-10-07T08:12:52+09:00
2025.07,330499,41,경기도 연천군,1,API_EXP_USD_AMT_UNVERIFIED_SCALE,https://www.data.go.kr/data/15134343/openapi.do,2026-10-07T08:12:52+09:00
2025.07,330499,41,경기도 오산시,14180,API_EXP_USD_AMT_UNVERIFIED_SCALE,https://www.data.go.kr/data/15134343/openapi.do,2026-10-07T08:12:52+09:00
2025.07,330499,41,경기도 용인시,6182,API_EXP_USD_AMT_UNVERIFIED_SCALE,https://www.data.go.kr/data/15134343/openapi.do,2026-10-07T08:12:52+09:00
2025.07,330499,41,경기도 의왕시,877,API_EXP_USD_AMT_UNVERIFIED_SCALE,https://www.data.go.kr/data/15134343/openapi.do,2026-10-07T08:12:52+09:00
2025.07,330499,41,경기도 의정부시,36,API_EXP_USD_AMT_UNVERIFIED_SCALE,https://www.data.go.kr/data/15134343/openapi.do,2026-10-07T08:12:52+09:00
2025.07,330499,41,경기도 이천시,356,API_EXP_USD_AMT_UNVERIFIED_SCALE,https://www.data.go.kr/data/15134343/openapi.do,2026-10-07T08:12:52+09:00
2025.07,330499,41,경기도 파주시,1020,API_EXP_USD_AMT_UNVERIFIED_SCALE,https://www.data.go.kr/data/15134343/openapi.do,2026-10-07T08:12:52+09:00
2025.07,330499,41,경기도 평택시,2773,API_EXP_USD_AMT_UNVERIFIED_SCALE,https://www.data.go.kr/data/15134343/openapi.do,2026-10-07T08:12:52+09:00
2025.07,330499,41,경기도 포천군,241,API_EXP_USD_AMT_UNVERIFIED_SCALE,https://www.data.go.kr/data/15134343/openapi.do,2026-10-07T08:12:52+09:00
2025.07,330499,41,경기도 하남시,3096,API_EXP_USD_AMT_UNVERIFIED_SCALE,https://www.data.go.kr/data/15134343/openapi.do,2026-10-07T08:12:52+09:00
2025.07,330499,41,경기도 화성시,17522,API_EXP_USD_AMT_UNVERIFIED_SCALE,https://www.data.go.kr/data/15134343/openapi.do,2026-10-07T08:12:52+09:00
2025.07,853400,27,대구광역시 남구,0,API_EXP_USD_AMT_UNVERIFIED_SCALE,https://www.data.go.kr/data/15134343/openapi.do,2026-10-07T08:12:52+09:00
2025.07,853400,27,대구광역시 달서구,288,API_EXP_USD_AMT_UNVERIFIED_SCALE,https://www.data.go.kr/data/15134343/openapi.do,2026-10-07T08:12:52+09:00
2025.07,853400,27,대구광역시 달성군,62415,API_EXP_USD_AMT_UNVERIFIED_SCALE,https://www.data.go.kr/data/15134343/openapi.do,2026-10-07T08:12:52+09:00
2025.07,853400,27,대구광역시 동구,0,API_EXP_USD_AMT_UNVERIFIED_SCALE,https://www.data.go.kr/data/15134343/openapi.do,2026-10-07T08:12:52+09:00
2025.07,853400,27,대구광역시 북구,2,API_EXP_USD_AMT_UNVERIFIED_SCALE,https://www.data.go.kr/data/15134343/openapi.do,2026-10-07T08:12:52+09:00
2025.07,853400,27,대구광역시 서구,0,API_EXP_USD_AMT_UNVERIFIED_SCALE,https://www.data.go.kr/data/15134343/openapi.do,2026-10-07T08:12:52+09:00
2025.07,853400,27,대구광역시 수성구,0,API_EXP_USD_AMT_UNVERIFIED_SCALE,https://www.data.go.kr/data/15134343/openapi.do,2026-10-07T08:12:52+09:00
2025.07,853400,41,경기도 가평군,0,API_EXP_USD_AMT_UNVERIFIED_SCALE,https://www.data.go.kr/data/15134343/openapi.do,2026-10-07T08:12:52+09:00
2025.07,853400,41,경기도 고양시,127,API_EXP_USD_AMT_UNVERIFIED_SCALE,https://www.data.go.kr/data/15134343/openapi.do,2026-10-07T08:12:52+09:00
2025.07,853400,41,경기도 과천시,81,API_EXP_USD_AMT_UNVERIFIED_SCALE,https://www.data.go.kr/data/15134343/openapi.do,2026-10-07T08:12:52+09:00
2025.07,853400,41,경기도 광명시,15,API_EXP_USD_AMT_UNVERIFIED_SCALE,https://www.data.go.kr/data/15134343/openapi.do,2026-10-07T08:12:52+09:00
2025.07,853400,41,경기도 광주시,35,API_EXP_USD_AMT_UNVERIFIED_SCALE,https://www.data.go.kr/data/15134343/openapi.do,2026-10-07T08:12:52+09:00
2025.07,853400,41,경기도 구리시,0,API_EXP_USD_AMT_UNVERIFIED_SCALE,https://www.data.go.kr/data/15134343/openapi.do,2026-10-07T08:12:52+09:00
2025.07,853400,41,경기도 군포시,342,API_EXP_USD_AMT_UNVERIFIED_SCALE,https://www.data.go.kr/data/15134343/openapi.do,2026-10-07T08:12:52+09:00
2025.07,853400,41,경기도 김포시,387,API_EXP_USD_AMT_UNVERIFIED_SCALE,https://www.data.go.kr/data/15134343/openapi.do,2026-10-07T08:12:52+09:00
2025.07,853400,41,경기도 남양주시,0,API_EXP_USD_AMT_UNVERIFIED_SCALE,https://www.data.go.kr/data/15134343/openapi.do,2026-10-07T08:12:52+09:00
2025.07,853400,41,경기도 동두천시,3436,API_EXP_USD_AMT_UNVERIFIED_SCALE,https://www.data.go.kr/data/15134343/openapi.do,2026-10-07T08:12:52+09:00
2025.07,853400,41,경기도 부천시,117,API_EXP_USD_AMT_UNVERIFIED_SCALE,https://www.data.go.kr/data/15134343/openapi.do,2026-10-07T08:12:52+09:00
2025.07,853400,41,경기도 성남시,1758,API_EXP_USD_AMT_UNVERIFIED_SCALE,https://www.data.go.kr/data/15134343/openapi.do,2026-10-07T08:12:52+09:00
2025.07,853400,41,경기도 수원시,39078,API_EXP_USD_AMT_UNVERIFIED_SCALE,https://www.data.go.kr/data/15134343/openapi.do,2026-10-07T08:12:52+09:00
2025.07,853400,41,경기도 시흥시,3165,API_EXP_USD_AMT_UNVERIFIED_SCALE,https://www.data.go.kr/data/15134343/openapi.do,2026-10-07T08:12:52+09:00
2025.07,853400,41,경기도 안산시,106083,API_EXP_USD_AMT_UNVERIFIED_SCALE,https://www.data.go.kr/data/15134343/openapi.do,2026-10-07T08:12:52+09:00
2025.07,853400,41,경기도 안성시,9681,API_EXP_USD_AMT_UNVERIFIED_SCALE,https://www.data.go.kr/data/15134343/openapi.do,2026-10-07T08:12:52+09:00
2025.07,853400,41,경기도 안양시,2003,API_EXP_USD_AMT_UNVERIFIED_SCALE,https://www.data.go.kr/data/15134343/openapi.do,2026-10-07T08:12:52+09:00
2025.07,853400,41,경기도 양주시,0,API_EXP_USD_AMT_UNVERIFIED_SCALE,https://www.data.go.kr/data/15134343/openapi.do,2026-10-07T08:12:52+09:00
2025.07,853400,41,경기도 양평군,0,API_EXP_USD_AMT_UNVERIFIED_SCALE,https://www.data.go.kr/data/15134343/openapi.do,2026-10-07T08:12:52+09:00
2025.07,853400,41,경기도 여주군,0,API_EXP_USD_AMT_UNVERIFIED_SCALE,https://www.data.go.kr/data/15134343/openapi.do,2026-10-07T08:12:52+09:00
2025.07,853400,41,경기도 오산시,31,API_EXP_USD_AMT_UNVERIFIED_SCALE,https://www.data.go.kr/data/15134343/openapi.do,2026-10-07T08:12:52+09:00
2025.07,853400,41,경기도 용인시,358,API_EXP_USD_AMT_UNVERIFIED_SCALE,https://www.data.go.kr/data/15134343/openapi.do,2026-10-07T08:12:52+09:00
2025.07,853400,41,경기도 의왕시,152,API_EXP_USD_AMT_UNVERIFIED_SCALE,https://www.data.go.kr/data/15134343/openapi.do,2026-10-07T08:12:52+09:00
2025.07,853400,41,경기도 의정부시,22,API_EXP_USD_AMT_UNVERIFIED_SCALE,https://www.data.go.kr/data/15134343/openapi.do,2026-10-07T08:12:52+09:00
2025.07,853400,41,경기도 이천시,203,API_EXP_USD_AMT_UNVERIFIED_SCALE,https://www.data.go.kr/data/15134343/openapi.do,2026-10-07T08:12:52+09:00
2025.07,853400,41,경기도 파주시,476,API_EXP_USD_AMT_UNVERIFIED_SCALE,https://www.data.go.kr/data/15134343/openapi.do,2026-10-07T08:12:52+09:00
2025.07,853400,41,경기도 평택시,1907,API_EXP_USD_AMT_UNVERIFIED_SCALE,https://www.data.go.kr/data/15134343/openapi.do,2026-10-07T08:12:52+09:00
2025.07,853400,41,경기도 포천군,0,API_EXP_USD_AMT_UNVERIFIED_SCALE,https://www.data.go.kr/data/15134343/openapi.do,2026-10-07T08:12:52+09:00
2025.07,853400,41,경기도 하남시,1,API_EXP_USD_AMT_UNVERIFIED_SCALE,https://www.data.go.kr/data/15134343/openapi.do,2026-10-07T08:12:52+09:00
2025.07,853400,41,경기도 화성시,2071,API_EXP_USD_AMT_UNVERIFIED_SCALE,https://www.data.go.kr/data/15134343/openapi.do,2026-10-07T08:12:52+09:00
2025.07,853400,43,충청북도 음성군,0,API_EXP_USD_AMT_UNVERIFIED_SCALE,https://www.data.go.kr/data/15134343/openapi.do,2026-10-07T08:12:52+09:00
2025.07,853400,43,충청북도 증평군,844,API_EXP_USD_AMT_UNVERIFIED_SCALE,https://www.data.go.kr/data/15134343/openapi.do,2026-10-07T08:12:52+09:00
2025.07,853400,43,충청북도 진천군,115,API_EXP_USD_AMT_UNVERIFIED_SCALE,https://www.data.go.kr/data/15134343/openapi.do,2026-10-07T08:12:52+09:00
2025.07,853400,43,충청북도 청주시,42929,API_EXP_USD_AMT_UNVERIFIED_SCALE,https://www.data.go.kr/data/15134343/openapi.do,2026-10-07T08:12:52+09:00
2025.07,853400,43,충청북도 충주시,0,API_EXP_USD_AMT_UNVERIFIED_SCALE,https://www.data.go.kr/data/15134343/openapi.do,2026-10-07T08:12:52+09:00
2025.08,330499,36,세종특별자치시,7902,API_EXP_USD_AMT_UNVERIFIED_SCALE,https://www.data.go.kr/data/15134343/openapi.do,2026-10-07T08:12:52+09:00
2025.08,330499,41,경기도 가평군,425,API_EXP_USD_AMT_UNVERIFIED_SCALE,https://www.data.go.kr/data/15134343/openapi.do,2026-10-07T08:12:52+09:00
2025.08,330499,41,경기도 고양시,8521,API_EXP_USD_AMT_UNVERIFIED_SCALE,https://www.data.go.kr/data/15134343/openapi.do,2026-10-07T08:12:52+09:00
2025.08,330499,41,경기도 과천시,19,API_EXP_USD_AMT_UNVERIFIED_SCALE,https://www.data.go.kr/data/15134343/openapi.do,2026-10-07T08:12:52+09:00
2025.08,330499,41,경기도 광명시,594,API_EXP_USD_AMT_UNVERIFIED_SCALE,https://www.data.go.kr/data/15134343/openapi.do,2026-10-07T08:12:52+09:00
2025.08,330499,41,경기도 광주시,592,API_EXP_USD_AMT_UNVERIFIED_SCALE,https://www.data.go.kr/data/15134343/openapi.do,2026-10-07T08:12:52+09:00
2025.08,330499,41,경기도 구리시,181,API_EXP_USD_AMT_UNVERIFIED_SCALE,https://www.data.go.kr/data/15134343/openapi.do,2026-10-07T08:12:52+09:00
2025.08,330499,41,경기도 군포시,495,API_EXP_USD_AMT_UNVERIFIED_SCALE,https://www.data.go.kr/data/15134343/openapi.do,2026-10-07T08:12:52+09:00
2025.08,330499,41,경기도 김포시,35457,API_EXP_USD_AMT_UNVERIFIED_SCALE,https://www.data.go.kr/data/15134343/openapi.do,2026-10-07T08:12:52+09:00
2025.08,330499,41,경기도 남양주시,1796,API_EXP_USD_AMT_UNVERIFIED_SCALE,https://www.data.go.kr/data/15134343/openapi.do,2026-10-07T08:12:52+09:00
2025.08,330499,41,경기도 동두천시,0,API_EXP_USD_AMT_UNVERIFIED_SCALE,https://www.data.go.kr/data/15134343/openapi.do,2026-10-07T08:12:52+09:00
2025.08,330499,41,경기도 부천시,4140,API_EXP_USD_AMT_UNVERIFIED_SCALE,https://www.data.go.kr/data/15134343/openapi.do,2026-10-07T08:12:52+09:00
2025.08,330499,41,경기도 성남시,26839,API_EXP_USD_AMT_UNVERIFIED_SCALE,https://www.data.go.kr/data/15134343/openapi.do,2026-10-07T08:12:52+09:00
2025.08,330499,41,경기도 수원시,1256,API_EXP_USD_AMT_UNVERIFIED_SCALE,https://www.data.go.kr/data/15134343/openapi.do,2026-10-07T08:12:52+09:00
2025.08,330499,41,경기도 시흥시,3505,API_EXP_USD_AMT_UNVERIFIED_SCALE,https://www.data.go.kr/data/15134343/openapi.do,2026-10-07T08:12:52+09:00
2025.08,330499,41,경기도 안산시,2092,API_EXP_USD_AMT_UNVERIFIED_SCALE,https://www.data.go.kr/data/15134343/openapi.do,2026-10-07T08:12:52+09:00
2025.08,330499,41,경기도 안성시,3531,API_EXP_USD_AMT_UNVERIFIED_SCALE,https://www.data.go.kr/data/15134343/openapi.do,2026-10-07T08:12:52+09:00
2025.08,330499,41,경기도 안양시,6972,API_EXP_USD_AMT_UNVERIFIED_SCALE,https://www.data.go.kr/data/15134343/openapi.do,2026-10-07T08:12:52+09:00
2025.08,330499,41,경기도 양주시,449,API_EXP_USD_AMT_UNVERIFIED_SCALE,https://www.data.go.kr/data/15134343/openapi.do,2026-10-07T08:12:52+09:00
2025.08,330499,41,경기도 양평군,19,API_EXP_USD_AMT_UNVERIFIED_SCALE,https://www.data.go.kr/data/15134343/openapi.do,2026-10-07T08:12:52+09:00
2025.08,330499,41,경기도 여주군,163,API_EXP_USD_AMT_UNVERIFIED_SCALE,https://www.data.go.kr/data/15134343/openapi.do,2026-10-07T08:12:52+09:00
2025.08,330499,41,경기도 연천군,31,API_EXP_USD_AMT_UNVERIFIED_SCALE,https://www.data.go.kr/data/15134343/openapi.do,2026-10-07T08:12:52+09:00
2025.08,330499,41,경기도 오산시,12943,API_EXP_USD_AMT_UNVERIFIED_SCALE,https://www.data.go.kr/data/15134343/openapi.do,2026-10-07T08:12:52+09:00
2025.08,330499,41,경기도 용인시,4625,API_EXP_USD_AMT_UNVERIFIED_SCALE,https://www.data.go.kr/data/15134343/openapi.do,2026-10-07T08:12:52+09:00
2025.08,330499,41,경기도 의왕시,461,API_EXP_USD_AMT_UNVERIFIED_SCALE,https://www.data.go.kr/data/15134343/openapi.do,2026-10-07T08:12:52+09:00
2025.08,330499,41,경기도 의정부시,291,API_EXP_USD_AMT_UNVERIFIED_SCALE,https://www.data.go.kr/data/15134343/openapi.do,2026-10-07T08:12:52+09:00
2025.08,330499,41,경기도 이천시,186,API_EXP_USD_AMT_UNVERIFIED_SCALE,https://www.data.go.kr/data/15134343/openapi.do,2026-10-07T08:12:52+09:00
2025.08,330499,41,경기도 파주시,654,API_EXP_USD_AMT_UNVERIFIED_SCALE,https://www.data.go.kr/data/15134343/openapi.do,2026-10-07T08:12:52+09:00
2025.08,330499,41,경기도 평택시,2259,API_EXP_USD_AMT_UNVERIFIED_SCALE,https://www.data.go.kr/data/15134343/openapi.do,2026-10-07T08:12:52+09:00
2025.08,330499,41,경기도 포천군,752,API_EXP_USD_AMT_UNVERIFIED_SCALE,https://www.data.go.kr/data/15134343/openapi.do,2026-10-07T08:12:52+09:00
2025.08,330499,41,경기도 하남시,4664,API_EXP_USD_AMT_UNVERIFIED_SCALE,https://www.data.go.kr/data/15134343/openapi.do,2026-10-07T08:12:52+09:00
2025.08,330499,41,경기도 화성시,14744,API_EXP_USD_AMT_UNVERIFIED_SCALE,https://www.data.go.kr/data/15134343/openapi.do,2026-10-07T08:12:52+09:00
2025.08,853400,27,대구광역시 남구,0,API_EXP_USD_AMT_UNVERIFIED_SCALE,https://www.data.go.kr/data/15134343/openapi.do,2026-10-07T08:12:52+09:00
2025.08,853400,27,대구광역시 달서구,127,API_EXP_USD_AMT_UNVERIFIED_SCALE,https://www.data.go.kr/data/15134343/openapi.do,2026-10-07T08:12:52+09:00
2025.08,853400,27,대구광역시 달성군,63579,API_EXP_USD_AMT_UNVERIFIED_SCALE,https://www.data.go.kr/data/15134343/openapi.do,2026-10-07T08:12:52+09:00
2025.08,853400,27,대구광역시 동구,0,API_EXP_USD_AMT_UNVERIFIED_SCALE,https://www.data.go.kr/data/15134343/openapi.do,2026-10-07T08:12:52+09:00
2025.08,853400,27,대구광역시 북구,0,API_EXP_USD_AMT_UNVERIFIED_SCALE,https://www.data.go.kr/data/15134343/openapi.do,2026-10-07T08:12:52+09:00
2025.08,853400,27,대구광역시 서구,9,API_EXP_USD_AMT_UNVERIFIED_SCALE,https://www.data.go.kr/data/15134343/openapi.do,2026-10-07T08:12:52+09:00
2025.08,853400,27,대구광역시 수성구,0,API_EXP_USD_AMT_UNVERIFIED_SCALE,https://www.data.go.kr/data/15134343/openapi.do,2026-10-07T08:12:52+09:00
2025.08,853400,27,대구광역시 중구,0,API_EXP_USD_AMT_UNVERIFIED_SCALE,https://www.data.go.kr/data/15134343/openapi.do,2026-10-07T08:12:52+09:00
2025.08,853400,41,경기도 고양시,61,API_EXP_USD_AMT_UNVERIFIED_SCALE,https://www.data.go.kr/data/15134343/openapi.do,2026-10-07T08:12:52+09:00
2025.08,853400,41,경기도 과천시,66,API_EXP_USD_AMT_UNVERIFIED_SCALE,https://www.data.go.kr/data/15134343/openapi.do,2026-10-07T08:12:52+09:00
2025.08,853400,41,경기도 광명시,6,API_EXP_USD_AMT_UNVERIFIED_SCALE,https://www.data.go.kr/data/15134343/openapi.do,2026-10-07T08:12:52+09:00
2025.08,853400,41,경기도 광주시,0,API_EXP_USD_AMT_UNVERIFIED_SCALE,https://www.data.go.kr/data/15134343/openapi.do,2026-10-07T08:12:52+09:00
2025.08,853400,41,경기도 구리시,0,API_EXP_USD_AMT_UNVERIFIED_SCALE,https://www.data.go.kr/data/15134343/openapi.do,2026-10-07T08:12:52+09:00
2025.08,853400,41,경기도 군포시,168,API_EXP_USD_AMT_UNVERIFIED_SCALE,https://www.data.go.kr/data/15134343/openapi.do,2026-10-07T08:12:52+09:00
2025.08,853400,41,경기도 김포시,680,API_EXP_USD_AMT_UNVERIFIED_SCALE,https://www.data.go.kr/data/15134343/openapi.do,2026-10-07T08:12:52+09:00
2025.08,853400,41,경기도 남양주시,0,API_EXP_USD_AMT_UNVERIFIED_SCALE,https://www.data.go.kr/data/15134343/openapi.do,2026-10-07T08:12:52+09:00
2025.08,853400,41,경기도 동두천시,2079,API_EXP_USD_AMT_UNVERIFIED_SCALE,https://www.data.go.kr/data/15134343/openapi.do,2026-10-07T08:12:52+09:00
2025.08,853400,41,경기도 부천시,110,API_EXP_USD_AMT_UNVERIFIED_SCALE,https://www.data.go.kr/data/15134343/openapi.do,2026-10-07T08:12:52+09:00
2025.08,853400,41,경기도 성남시,4566,API_EXP_USD_AMT_UNVERIFIED_SCALE,https://www.data.go.kr/data/15134343/openapi.do,2026-10-07T08:12:52+09:00
2025.08,853400,41,경기도 수원시,35490,API_EXP_USD_AMT_UNVERIFIED_SCALE,https://www.data.go.kr/data/15134343/openapi.do,2026-10-07T08:12:52+09:00
2025.08,853400,41,경기도 시흥시,3022,API_EXP_USD_AMT_UNVERIFIED_SCALE,https://www.data.go.kr/data/15134343/openapi.do,2026-10-07T08:12:52+09:00
2025.08,853400,41,경기도 안산시,106354,API_EXP_USD_AMT_UNVERIFIED_SCALE,https://www.data.go.kr/data/15134343/openapi.do,2026-10-07T08:12:52+09:00
2025.08,853400,41,경기도 안성시,9970,API_EXP_USD_AMT_UNVERIFIED_SCALE,https://www.data.go.kr/data/15134343/openapi.do,2026-10-07T08:12:52+09:00
2025.08,853400,41,경기도 안양시,1022,API_EXP_USD_AMT_UNVERIFIED_SCALE,https://www.data.go.kr/data/15134343/openapi.do,2026-10-07T08:12:52+09:00
2025.08,853400,41,경기도 양주시,6,API_EXP_USD_AMT_UNVERIFIED_SCALE,https://www.data.go.kr/data/15134343/openapi.do,2026-10-07T08:12:52+09:00
2025.08,853400,41,경기도 양평군,0,API_EXP_USD_AMT_UNVERIFIED_SCALE,https://www.data.go.kr/data/15134343/openapi.do,2026-10-07T08:12:52+09:00
2025.08,853400,41,경기도 여주군,0,API_EXP_USD_AMT_UNVERIFIED_SCALE,https://www.data.go.kr/data/15134343/openapi.do,2026-10-07T08:12:52+09:00
2025.08,853400,41,경기도 오산시,30,API_EXP_USD_AMT_UNVERIFIED_SCALE,https://www.data.go.kr/data/15134343/openapi.do,2026-10-07T08:12:52+09:00
2025.08,853400,41,경기도 용인시,338,API_EXP_USD_AMT_UNVERIFIED_SCALE,https://www.data.go.kr/data/15134343/openapi.do,2026-10-07T08:12:52+09:00
2025.08,853400,41,경기도 의왕시,0,API_EXP_USD_AMT_UNVERIFIED_SCALE,https://www.data.go.kr/data/15134343/openapi.do,2026-10-07T08:12:52+09:00
2025.08,853400,41,경기도 의정부시,29,API_EXP_USD_AMT_UNVERIFIED_SCALE,https://www.data.go.kr/data/15134343/openapi.do,2026-10-07T08:12:52+09:00
2025.08,853400,41,경기도 이천시,166,API_EXP_USD_AMT_UNVERIFIED_SCALE,https://www.data.go.kr/data/15134343/openapi.do,2026-10-07T08:12:52+09:00
2025.08,853400,41,경기도 파주시,789,API_EXP_USD_AMT_UNVERIFIED_SCALE,https://www.data.go.kr/data/15134343/openapi.do,2026-10-07T08:12:52+09:00
2025.08,853400,41,경기도 평택시,1756,API_EXP_USD_AMT_UNVERIFIED_SCALE,https://www.data.go.kr/data/15134343/openapi.do,2026-10-07T08:12:52+09:00
2025.08,853400,41,경기도 포천군,0,API_EXP_USD_AMT_UNVERIFIED_SCALE,https://www.data.go.kr/data/15134343/openapi.do,2026-10-07T08:12:52+09:00
2025.08,853400,41,경기도 하남시,0,API_EXP_USD_AMT_UNVERIFIED_SCALE,https://www.data.go.kr/data/15134343/openapi.do,2026-10-07T08:12:52+09:00
2025.08,853400,41,경기도 화성시,1640,API_EXP_USD_AMT_UNVERIFIED_SCALE,https://www.data.go.kr/data/15134343/openapi.do,2026-10-07T08:12:52+09:00
2025.08,853400,43,충청북도 음성군,0,API_EXP_USD_AMT_UNVERIFIED_SCALE,https://www.data.go.kr/data/15134343/openapi.do,2026-10-07T08:12:52+09:00
2025.08,853400,43,충청북도 제천시,0,API_EXP_USD_AMT_UNVERIFIED_SCALE,https://www.data.go.kr/data/15134343/openapi.do,2026-10-07T08:12:52+09:00
2025.08,853400,43,충청북도 증평군,794,API_EXP_USD_AMT_UNVERIFIED_SCALE,https://www.data.go.kr/data/15134343/openapi.do,2026-10-07T08:12:52+09:00
2025.08,853400,43,충청북도 진천군,403,API_EXP_USD_AMT_UNVERIFIED_SCALE,https://www.data.go.kr/data/15134343/openapi.do,2026-10-07T08:12:52+09:00
2025.08,853400,43,충청북도 청주시,44481,API_EXP_USD_AMT_UNVERIFIED_SCALE,https://www.data.go.kr/data/15134343/openapi.do,2026-10-07T08:12:52+09:00
2025.08,853400,43,충청북도 충주시,0,API_EXP_USD_AMT_UNVERIFIED_SCALE,https://www.data.go.kr/data/15134343/openapi.do,2026-10-07T08:12:52+09:00
2025.09,330499,36,세종특별자치시,4556,API_EXP_USD_AMT_UNVERIFIED_SCALE,https://www.data.go.kr/data/15134343/openapi.do,2026-10-07T08:12:52+09:00
2025.09,330499,41,경기도 가평군,134,API_EXP_USD_AMT_UNVERIFIED_SCALE,https://www.data.go.kr/data/15134343/openapi.do,2026-10-07T08:12:52+09:00
2025.09,330499,41,경기도 고양시,10036,API_EXP_USD_AMT_UNVERIFIED_SCALE,https://www.data.go.kr/data/15134343/openapi.do,2026-10-07T08:12:52+09:00
2025.09,330499,41,경기도 과천시,1,API_EXP_USD_AMT_UNVERIFIED_SCALE,https://www.data.go.kr/data/15134343/openapi.do,2026-10-07T08:12:52+09:00
2025.09,330499,41,경기도 광명시,905,API_EXP_USD_AMT_UNVERIFIED_SCALE,https://www.data.go.kr/data/15134343/openapi.do,2026-10-07T08:12:52+09:00
2025.09,330499,41,경기도 광주시,374,API_EXP_USD_AMT_UNVERIFIED_SCALE,https://www.data.go.kr/data/15134343/openapi.do,2026-10-07T08:12:52+09:00
2025.09,330499,41,경기도 구리시,689,API_EXP_USD_AMT_UNVERIFIED_SCALE,https://www.data.go.kr/data/15134343/openapi.do,2026-10-07T08:12:52+09:00
2025.09,330499,41,경기도 군포시,972,API_EXP_USD_AMT_UNVERIFIED_SCALE,https://www.data.go.kr/data/15134343/openapi.do,2026-10-07T08:12:52+09:00
2025.09,330499,41,경기도 김포시,42891,API_EXP_USD_AMT_UNVERIFIED_SCALE,https://www.data.go.kr/data/15134343/openapi.do,2026-10-07T08:12:52+09:00
2025.09,330499,41,경기도 남양주시,2694,API_EXP_USD_AMT_UNVERIFIED_SCALE,https://www.data.go.kr/data/15134343/openapi.do,2026-10-07T08:12:52+09:00
2025.09,330499,41,경기도 동두천시,31,API_EXP_USD_AMT_UNVERIFIED_SCALE,https://www.data.go.kr/data/15134343/openapi.do,2026-10-07T08:12:52+09:00
2025.09,330499,41,경기도 부천시,5516,API_EXP_USD_AMT_UNVERIFIED_SCALE,https://www.data.go.kr/data/15134343/openapi.do,2026-10-07T08:12:52+09:00
2025.09,330499,41,경기도 성남시,37094,API_EXP_USD_AMT_UNVERIFIED_SCALE,https://www.data.go.kr/data/15134343/openapi.do,2026-10-07T08:12:52+09:00
2025.09,330499,41,경기도 수원시,2566,API_EXP_USD_AMT_UNVERIFIED_SCALE,https://www.data.go.kr/data/15134343/openapi.do,2026-10-07T08:12:52+09:00
2025.09,330499,41,경기도 시흥시,5086,API_EXP_USD_AMT_UNVERIFIED_SCALE,https://www.data.go.kr/data/15134343/openapi.do,2026-10-07T08:12:52+09:00
2025.09,330499,41,경기도 안산시,2083,API_EXP_USD_AMT_UNVERIFIED_SCALE,https://www.data.go.kr/data/15134343/openapi.do,2026-10-07T08:12:52+09:00
2025.09,330499,41,경기도 안성시,2835,API_EXP_USD_AMT_UNVERIFIED_SCALE,https://www.data.go.kr/data/15134343/openapi.do,2026-10-07T08:12:52+09:00
2025.09,330499,41,경기도 안양시,10850,API_EXP_USD_AMT_UNVERIFIED_SCALE,https://www.data.go.kr/data/15134343/openapi.do,2026-10-07T08:12:52+09:00
2025.09,330499,41,경기도 양주시,558,API_EXP_USD_AMT_UNVERIFIED_SCALE,https://www.data.go.kr/data/15134343/openapi.do,2026-10-07T08:12:52+09:00
2025.09,330499,41,경기도 양평군,6,API_EXP_USD_AMT_UNVERIFIED_SCALE,https://www.data.go.kr/data/15134343/openapi.do,2026-10-07T08:12:52+09:00
2025.09,330499,41,경기도 여주군,100,API_EXP_USD_AMT_UNVERIFIED_SCALE,https://www.data.go.kr/data/15134343/openapi.do,2026-10-07T08:12:52+09:00
2025.09,330499,41,경기도 연천군,0,API_EXP_USD_AMT_UNVERIFIED_SCALE,https://www.data.go.kr/data/15134343/openapi.do,2026-10-07T08:12:52+09:00
2025.09,330499,41,경기도 오산시,13259,API_EXP_USD_AMT_UNVERIFIED_SCALE,https://www.data.go.kr/data/15134343/openapi.do,2026-10-07T08:12:52+09:00
2025.09,330499,41,경기도 용인시,3146,API_EXP_USD_AMT_UNVERIFIED_SCALE,https://www.data.go.kr/data/15134343/openapi.do,2026-10-07T08:12:52+09:00
2025.09,330499,41,경기도 의왕시,745,API_EXP_USD_AMT_UNVERIFIED_SCALE,https://www.data.go.kr/data/15134343/openapi.do,2026-10-07T08:12:52+09:00
2025.09,330499,41,경기도 의정부시,363,API_EXP_USD_AMT_UNVERIFIED_SCALE,https://www.data.go.kr/data/15134343/openapi.do,2026-10-07T08:12:52+09:00
2025.09,330499,41,경기도 이천시,527,API_EXP_USD_AMT_UNVERIFIED_SCALE,https://www.data.go.kr/data/15134343/openapi.do,2026-10-07T08:12:52+09:00
2025.09,330499,41,경기도 파주시,3055,API_EXP_USD_AMT_UNVERIFIED_SCALE,https://www.data.go.kr/data/15134343/openapi.do,2026-10-07T08:12:52+09:00
2025.09,330499,41,경기도 평택시,2822,API_EXP_USD_AMT_UNVERIFIED_SCALE,https://www.data.go.kr/data/15134343/openapi.do,2026-10-07T08:12:52+09:00
2025.09,330499,41,경기도 포천군,531,API_EXP_USD_AMT_UNVERIFIED_SCALE,https://www.data.go.kr/data/15134343/openapi.do,2026-10-07T08:12:52+09:00
2025.09,330499,41,경기도 하남시,4287,API_EXP_USD_AMT_UNVERIFIED_SCALE,https://www.data.go.kr/data/15134343/openapi.do,2026-10-07T08:12:52+09:00
2025.09,330499,41,경기도 화성시,19433,API_EXP_USD_AMT_UNVERIFIED_SCALE,https://www.data.go.kr/data/15134343/openapi.do,2026-10-07T08:12:52+09:00
2025.09,853400,27,대구광역시 남구,0,API_EXP_USD_AMT_UNVERIFIED_SCALE,https://www.data.go.kr/data/15134343/openapi.do,2026-10-07T08:12:52+09:00
2025.09,853400,27,대구광역시 달서구,133,API_EXP_USD_AMT_UNVERIFIED_SCALE,https://www.data.go.kr/data/15134343/openapi.do,2026-10-07T08:12:52+09:00
2025.09,853400,27,대구광역시 달성군,54842,API_EXP_USD_AMT_UNVERIFIED_SCALE,https://www.data.go.kr/data/15134343/openapi.do,2026-10-07T08:12:52+09:00
2025.09,853400,27,대구광역시 동구,0,API_EXP_USD_AMT_UNVERIFIED_SCALE,https://www.data.go.kr/data/15134343/openapi.do,2026-10-07T08:12:52+09:00
2025.09,853400,27,대구광역시 북구,0,API_EXP_USD_AMT_UNVERIFIED_SCALE,https://www.data.go.kr/data/15134343/openapi.do,2026-10-07T08:12:52+09:00
2025.09,853400,27,대구광역시 서구,6,API_EXP_USD_AMT_UNVERIFIED_SCALE,https://www.data.go.kr/data/15134343/openapi.do,2026-10-07T08:12:52+09:00
2025.09,853400,27,대구광역시 수성구,0,API_EXP_USD_AMT_UNVERIFIED_SCALE,https://www.data.go.kr/data/15134343/openapi.do,2026-10-07T08:12:52+09:00
2025.09,853400,41,경기도 가평군,0,API_EXP_USD_AMT_UNVERIFIED_SCALE,https://www.data.go.kr/data/15134343/openapi.do,2026-10-07T08:12:52+09:00
2025.09,853400,41,경기도 고양시,83,API_EXP_USD_AMT_UNVERIFIED_SCALE,https://www.data.go.kr/data/15134343/openapi.do,2026-10-07T08:12:52+09:00
2025.09,853400,41,경기도 과천시,81,API_EXP_USD_AMT_UNVERIFIED_SCALE,https://www.data.go.kr/data/15134343/openapi.do,2026-10-07T08:12:52+09:00
2025.09,853400,41,경기도 광명시,15,API_EXP_USD_AMT_UNVERIFIED_SCALE,https://www.data.go.kr/data/15134343/openapi.do,2026-10-07T08:12:52+09:00
2025.09,853400,41,경기도 광주시,0,API_EXP_USD_AMT_UNVERIFIED_SCALE,https://www.data.go.kr/data/15134343/openapi.do,2026-10-07T08:12:52+09:00
2025.09,853400,41,경기도 구리시,0,API_EXP_USD_AMT_UNVERIFIED_SCALE,https://www.data.go.kr/data/15134343/openapi.do,2026-10-07T08:12:52+09:00
2025.09,853400,41,경기도 군포시,305,API_EXP_USD_AMT_UNVERIFIED_SCALE,https://www.data.go.kr/data/15134343/openapi.do,2026-10-07T08:12:52+09:00
2025.09,853400,41,경기도 김포시,571,API_EXP_USD_AMT_UNVERIFIED_SCALE,https://www.data.go.kr/data/15134343/openapi.do,2026-10-07T08:12:52+09:00
2025.09,853400,41,경기도 남양주시,0,API_EXP_USD_AMT_UNVERIFIED_SCALE,https://www.data.go.kr/data/15134343/openapi.do,2026-10-07T08:12:52+09:00
2025.09,853400,41,경기도 동두천시,1860,API_EXP_USD_AMT_UNVERIFIED_SCALE,https://www.data.go.kr/data/15134343/openapi.do,2026-10-07T08:12:52+09:00
2025.09,853400,41,경기도 부천시,473,API_EXP_USD_AMT_UNVERIFIED_SCALE,https://www.data.go.kr/data/15134343/openapi.do,2026-10-07T08:12:52+09:00
2025.09,853400,41,경기도 성남시,2523,API_EXP_USD_AMT_UNVERIFIED_SCALE,https://www.data.go.kr/data/15134343/openapi.do,2026-10-07T08:12:52+09:00
2025.09,853400,41,경기도 수원시,33544,API_EXP_USD_AMT_UNVERIFIED_SCALE,https://www.data.go.kr/data/15134343/openapi.do,2026-10-07T08:12:52+09:00
2025.09,853400,41,경기도 시흥시,3465,API_EXP_USD_AMT_UNVERIFIED_SCALE,https://www.data.go.kr/data/15134343/openapi.do,2026-10-07T08:12:52+09:00
2025.09,853400,41,경기도 안산시,107601,API_EXP_USD_AMT_UNVERIFIED_SCALE,https://www.data.go.kr/data/15134343/openapi.do,2026-10-07T08:12:52+09:00
2025.09,853400,41,경기도 안성시,9120,API_EXP_USD_AMT_UNVERIFIED_SCALE,https://www.data.go.kr/data/15134343/openapi.do,2026-10-07T08:12:52+09:00
2025.09,853400,41,경기도 안양시,1268,API_EXP_USD_AMT_UNVERIFIED_SCALE,https://www.data.go.kr/data/15134343/openapi.do,2026-10-07T08:12:52+09:00
2025.09,853400,41,경기도 양주시,0,API_EXP_USD_AMT_UNVERIFIED_SCALE,https://www.data.go.kr/data/15134343/openapi.do,2026-10-07T08:12:52+09:00
2025.09,853400,41,경기도 양평군,2,API_EXP_USD_AMT_UNVERIFIED_SCALE,https://www.data.go.kr/data/15134343/openapi.do,2026-10-07T08:12:52+09:00
2025.09,853400,41,경기도 여주군,0,API_EXP_USD_AMT_UNVERIFIED_SCALE,https://www.data.go.kr/data/15134343/openapi.do,2026-10-07T08:12:52+09:00
2025.09,853400,41,경기도 오산시,260,API_EXP_USD_AMT_UNVERIFIED_SCALE,https://www.data.go.kr/data/15134343/openapi.do,2026-10-07T08:12:52+09:00
2025.09,853400,41,경기도 용인시,377,API_EXP_USD_AMT_UNVERIFIED_SCALE,https://www.data.go.kr/data/15134343/openapi.do,2026-10-07T08:12:52+09:00
2025.09,853400,41,경기도 의왕시,62,API_EXP_USD_AMT_UNVERIFIED_SCALE,https://www.data.go.kr/data/15134343/openapi.do,2026-10-07T08:12:52+09:00
2025.09,853400,41,경기도 의정부시,15,API_EXP_USD_AMT_UNVERIFIED_SCALE,https://www.data.go.kr/data/15134343/openapi.do,2026-10-07T08:12:52+09:00
2025.09,853400,41,경기도 이천시,2,API_EXP_USD_AMT_UNVERIFIED_SCALE,https://www.data.go.kr/data/15134343/openapi.do,2026-10-07T08:12:52+09:00
2025.09,853400,41,경기도 파주시,488,API_EXP_USD_AMT_UNVERIFIED_SCALE,https://www.data.go.kr/data/15134343/openapi.do,2026-10-07T08:12:52+09:00
2025.09,853400,41,경기도 평택시,2669,API_EXP_USD_AMT_UNVERIFIED_SCALE,https://www.data.go.kr/data/15134343/openapi.do,2026-10-07T08:12:52+09:00
2025.09,853400,41,경기도 포천군,0,API_EXP_USD_AMT_UNVERIFIED_SCALE,https://www.data.go.kr/data/15134343/openapi.do,2026-10-07T08:12:52+09:00
2025.09,853400,41,경기도 하남시,6,API_EXP_USD_AMT_UNVERIFIED_SCALE,https://www.data.go.kr/data/15134343/openapi.do,2026-10-07T08:12:52+09:00
2025.09,853400,41,경기도 화성시,1043,API_EXP_USD_AMT_UNVERIFIED_SCALE,https://www.data.go.kr/data/15134343/openapi.do,2026-10-07T08:12:52+09:00
2025.09,853400,43,충청북도 옥천군,0,API_EXP_USD_AMT_UNVERIFIED_SCALE,https://www.data.go.kr/data/15134343/openapi.do,2026-10-07T08:12:52+09:00
2025.09,853400,43,충청북도 음성군,0,API_EXP_USD_AMT_UNVERIFIED_SCALE,https://www.data.go.kr/data/15134343/openapi.do,2026-10-07T08:12:52+09:00
2025.09,853400,43,충청북도 제천시,15,API_EXP_USD_AMT_UNVERIFIED_SCALE,https://www.data.go.kr/data/15134343/openapi.do,2026-10-07T08:12:52+09:00
2025.09,853400,43,충청북도 증평군,853,API_EXP_USD_AMT_UNVERIFIED_SCALE,https://www.data.go.kr/data/15134343/openapi.do,2026-10-07T08:12:52+09:00
2025.09,853400,43,충청북도 진천군,359,API_EXP_USD_AMT_UNVERIFIED_SCALE,https://www.data.go.kr/data/15134343/openapi.do,2026-10-07T08:12:52+09:00
2025.09,853400,43,충청북도 청주시,46246,API_EXP_USD_AMT_UNVERIFIED_SCALE,https://www.data.go.kr/data/15134343/openapi.do,2026-10-07T08:12:52+09:00
2025.09,853400,43,충청북도 충주시,0,API_EXP_USD_AMT_UNVERIFIED_SCALE,https://www.data.go.kr/data/15134343/openapi.do,2026-10-07T08:12:52+09:00
2025.10,330499,36,세종특별자치시,3907,API_EXP_USD_AMT_UNVERIFIED_SCALE,https://www.data.go.kr/data/15134343/openapi.do,2026-10-07T08:12:52+09:00
2025.10,330499,41,경기도 가평군,92,API_EXP_USD_AMT_UNVERIFIED_SCALE,https://www.data.go.kr/data/15134343/openapi.do,2026-10-07T08:12:52+09:00
2025.10,330499,41,경기도 고양시,9462,API_EXP_USD_AMT_UNVERIFIED_SCALE,https://www.data.go.kr/data/15134343/openapi.do,2026-10-07T08:12:52+09:00
2025.10,330499,41,경기도 과천시,32,API_EXP_USD_AMT_UNVERIFIED_SCALE,https://www.data.go.kr/data/15134343/openapi.do,2026-10-07T08:12:52+09:00
2025.10,330499,41,경기도 광명시,654,API_EXP_USD_AMT_UNVERIFIED_SCALE,https://www.data.go.kr/data/15134343/openapi.do,2026-10-07T08:12:52+09:00
2025.10,330499,41,경기도 광주시,198,API_EXP_USD_AMT_UNVERIFIED_SCALE,https://www.data.go.kr/data/15134343/openapi.do,2026-10-07T08:12:52+09:00
2025.10,330499,41,경기도 구리시,90,API_EXP_USD_AMT_UNVERIFIED_SCALE,https://www.data.go.kr/data/15134343/openapi.do,2026-10-07T08:12:52+09:00
2025.10,330499,41,경기도 군포시,1242,API_EXP_USD_AMT_UNVERIFIED_SCALE,https://www.data.go.kr/data/15134343/openapi.do,2026-10-07T08:12:52+09:00
2025.10,330499,41,경기도 김포시,29680,API_EXP_USD_AMT_UNVERIFIED_SCALE,https://www.data.go.kr/data/15134343/openapi.do,2026-10-07T08:12:52+09:00
2025.10,330499,41,경기도 남양주시,2246,API_EXP_USD_AMT_UNVERIFIED_SCALE,https://www.data.go.kr/data/15134343/openapi.do,2026-10-07T08:12:52+09:00
2025.10,330499,41,경기도 동두천시,8,API_EXP_USD_AMT_UNVERIFIED_SCALE,https://www.data.go.kr/data/15134343/openapi.do,2026-10-07T08:12:52+09:00
2025.10,330499,41,경기도 부천시,4811,API_EXP_USD_AMT_UNVERIFIED_SCALE,https://www.data.go.kr/data/15134343/openapi.do,2026-10-07T08:12:52+09:00
2025.10,330499,41,경기도 성남시,29778,API_EXP_USD_AMT_UNVERIFIED_SCALE,https://www.data.go.kr/data/15134343/openapi.do,2026-10-07T08:12:52+09:00
2025.10,330499,41,경기도 수원시,2500,API_EXP_USD_AMT_UNVERIFIED_SCALE,https://www.data.go.kr/data/15134343/openapi.do,2026-10-07T08:12:52+09:00
2025.10,330499,41,경기도 시흥시,2735,API_EXP_USD_AMT_UNVERIFIED_SCALE,https://www.data.go.kr/data/15134343/openapi.do,2026-10-07T08:12:52+09:00
2025.10,330499,41,경기도 안산시,1884,API_EXP_USD_AMT_UNVERIFIED_SCALE,https://www.data.go.kr/data/15134343/openapi.do,2026-10-07T08:12:52+09:00
2025.10,330499,41,경기도 안성시,1864,API_EXP_USD_AMT_UNVERIFIED_SCALE,https://www.data.go.kr/data/15134343/openapi.do,2026-10-07T08:12:52+09:00
2025.10,330499,41,경기도 안양시,4458,API_EXP_USD_AMT_UNVERIFIED_SCALE,https://www.data.go.kr/data/15134343/openapi.do,2026-10-07T08:12:52+09:00
2025.10,330499,41,경기도 양주시,325,API_EXP_USD_AMT_UNVERIFIED_SCALE,https://www.data.go.kr/data/15134343/openapi.do,2026-10-07T08:12:52+09:00
2025.10,330499,41,경기도 양평군,6,API_EXP_USD_AMT_UNVERIFIED_SCALE,https://www.data.go.kr/data/15134343/openapi.do,2026-10-07T08:12:52+09:00
2025.10,330499,41,경기도 여주군,42,API_EXP_USD_AMT_UNVERIFIED_SCALE,https://www.data.go.kr/data/15134343/openapi.do,2026-10-07T08:12:52+09:00
2025.10,330499,41,경기도 연천군,0,API_EXP_USD_AMT_UNVERIFIED_SCALE,https://www.data.go.kr/data/15134343/openapi.do,2026-10-07T08:12:52+09:00
2025.10,330499,41,경기도 오산시,8044,API_EXP_USD_AMT_UNVERIFIED_SCALE,https://www.data.go.kr/data/15134343/openapi.do,2026-10-07T08:12:52+09:00
2025.10,330499,41,경기도 용인시,2820,API_EXP_USD_AMT_UNVERIFIED_SCALE,https://www.data.go.kr/data/15134343/openapi.do,2026-10-07T08:12:52+09:00
2025.10,330499,41,경기도 의왕시,1086,API_EXP_USD_AMT_UNVERIFIED_SCALE,https://www.data.go.kr/data/15134343/openapi.do,2026-10-07T08:12:52+09:00
2025.10,330499,41,경기도 의정부시,325,API_EXP_USD_AMT_UNVERIFIED_SCALE,https://www.data.go.kr/data/15134343/openapi.do,2026-10-07T08:12:52+09:00
2025.10,330499,41,경기도 이천시,210,API_EXP_USD_AMT_UNVERIFIED_SCALE,https://www.data.go.kr/data/15134343/openapi.do,2026-10-07T08:12:52+09:00
2025.10,330499,41,경기도 파주시,458,API_EXP_USD_AMT_UNVERIFIED_SCALE,https://www.data.go.kr/data/15134343/openapi.do,2026-10-07T08:12:52+09:00
2025.10,330499,41,경기도 평택시,2390,API_EXP_USD_AMT_UNVERIFIED_SCALE,https://www.data.go.kr/data/15134343/openapi.do,2026-10-07T08:12:52+09:00
2025.10,330499,41,경기도 포천군,726,API_EXP_USD_AMT_UNVERIFIED_SCALE,https://www.data.go.kr/data/15134343/openapi.do,2026-10-07T08:12:52+09:00
2025.10,330499,41,경기도 하남시,2762,API_EXP_USD_AMT_UNVERIFIED_SCALE,https://www.data.go.kr/data/15134343/openapi.do,2026-10-07T08:12:52+09:00
2025.10,330499,41,경기도 화성시,16968,API_EXP_USD_AMT_UNVERIFIED_SCALE,https://www.data.go.kr/data/15134343/openapi.do,2026-10-07T08:12:52+09:00
2025.10,853400,27,대구광역시 남구,0,API_EXP_USD_AMT_UNVERIFIED_SCALE,https://www.data.go.kr/data/15134343/openapi.do,2026-10-07T08:12:52+09:00
2025.10,853400,27,대구광역시 달서구,158,API_EXP_USD_AMT_UNVERIFIED_SCALE,https://www.data.go.kr/data/15134343/openapi.do,2026-10-07T08:12:52+09:00
2025.10,853400,27,대구광역시 달성군,63022,API_EXP_USD_AMT_UNVERIFIED_SCALE,https://www.data.go.kr/data/15134343/openapi.do,2026-10-07T08:12:52+09:00
2025.10,853400,27,대구광역시 동구,0,API_EXP_USD_AMT_UNVERIFIED_SCALE,https://www.data.go.kr/data/15134343/openapi.do,2026-10-07T08:12:52+09:00
2025.10,853400,27,대구광역시 북구,0,API_EXP_USD_AMT_UNVERIFIED_SCALE,https://www.data.go.kr/data/15134343/openapi.do,2026-10-07T08:12:52+09:00
2025.10,853400,27,대구광역시 서구,0,API_EXP_USD_AMT_UNVERIFIED_SCALE,https://www.data.go.kr/data/15134343/openapi.do,2026-10-07T08:12:52+09:00
2025.10,853400,27,대구광역시 수성구,0,API_EXP_USD_AMT_UNVERIFIED_SCALE,https://www.data.go.kr/data/15134343/openapi.do,2026-10-07T08:12:52+09:00
2025.10,853400,27,대구광역시 중구,0,API_EXP_USD_AMT_UNVERIFIED_SCALE,https://www.data.go.kr/data/15134343/openapi.do,2026-10-07T08:12:52+09:00
2025.10,853400,41,경기도 고양시,143,API_EXP_USD_AMT_UNVERIFIED_SCALE,https://www.data.go.kr/data/15134343/openapi.do,2026-10-07T08:12:52+09:00
2025.10,853400,41,경기도 과천시,33,API_EXP_USD_AMT_UNVERIFIED_SCALE,https://www.data.go.kr/data/15134343/openapi.do,2026-10-07T08:12:52+09:00
2025.10,853400,41,경기도 광명시,13,API_EXP_USD_AMT_UNVERIFIED_SCALE,https://www.data.go.kr/data/15134343/openapi.do,2026-10-07T08:12:52+09:00
2025.10,853400,41,경기도 광주시,0,API_EXP_USD_AMT_UNVERIFIED_SCALE,https://www.data.go.kr/data/15134343/openapi.do,2026-10-07T08:12:52+09:00
2025.10,853400,41,경기도 구리시,0,API_EXP_USD_AMT_UNVERIFIED_SCALE,https://www.data.go.kr/data/15134343/openapi.do,2026-10-07T08:12:52+09:00
2025.10,853400,41,경기도 군포시,314,API_EXP_USD_AMT_UNVERIFIED_SCALE,https://www.data.go.kr/data/15134343/openapi.do,2026-10-07T08:12:52+09:00
2025.10,853400,41,경기도 김포시,235,API_EXP_USD_AMT_UNVERIFIED_SCALE,https://www.data.go.kr/data/15134343/openapi.do,2026-10-07T08:12:52+09:00
2025.10,853400,41,경기도 남양주시,0,API_EXP_USD_AMT_UNVERIFIED_SCALE,https://www.data.go.kr/data/15134343/openapi.do,2026-10-07T08:12:52+09:00
2025.10,853400,41,경기도 동두천시,298,API_EXP_USD_AMT_UNVERIFIED_SCALE,https://www.data.go.kr/data/15134343/openapi.do,2026-10-07T08:12:52+09:00
2025.10,853400,41,경기도 부천시,132,API_EXP_USD_AMT_UNVERIFIED_SCALE,https://www.data.go.kr/data/15134343/openapi.do,2026-10-07T08:12:52+09:00
2025.10,853400,41,경기도 성남시,2037,API_EXP_USD_AMT_UNVERIFIED_SCALE,https://www.data.go.kr/data/15134343/openapi.do,2026-10-07T08:12:52+09:00
2025.10,853400,41,경기도 수원시,34164,API_EXP_USD_AMT_UNVERIFIED_SCALE,https://www.data.go.kr/data/15134343/openapi.do,2026-10-07T08:12:52+09:00
2025.10,853400,41,경기도 시흥시,2750,API_EXP_USD_AMT_UNVERIFIED_SCALE,https://www.data.go.kr/data/15134343/openapi.do,2026-10-07T08:12:52+09:00
2025.10,853400,41,경기도 안산시,114864,API_EXP_USD_AMT_UNVERIFIED_SCALE,https://www.data.go.kr/data/15134343/openapi.do,2026-10-07T08:12:52+09:00
2025.10,853400,41,경기도 안성시,8392,API_EXP_USD_AMT_UNVERIFIED_SCALE,https://www.data.go.kr/data/15134343/openapi.do,2026-10-07T08:12:52+09:00
2025.10,853400,41,경기도 안양시,1127,API_EXP_USD_AMT_UNVERIFIED_SCALE,https://www.data.go.kr/data/15134343/openapi.do,2026-10-07T08:12:52+09:00
2025.10,853400,41,경기도 양주시,35,API_EXP_USD_AMT_UNVERIFIED_SCALE,https://www.data.go.kr/data/15134343/openapi.do,2026-10-07T08:12:52+09:00
2025.10,853400,41,경기도 양평군,2,API_EXP_USD_AMT_UNVERIFIED_SCALE,https://www.data.go.kr/data/15134343/openapi.do,2026-10-07T08:12:52+09:00
2025.10,853400,41,경기도 여주군,0,API_EXP_USD_AMT_UNVERIFIED_SCALE,https://www.data.go.kr/data/15134343/openapi.do,2026-10-07T08:12:52+09:00
2025.10,853400,41,경기도 오산시,34,API_EXP_USD_AMT_UNVERIFIED_SCALE,https://www.data.go.kr/data/15134343/openapi.do,2026-10-07T08:12:52+09:00
2025.10,853400,41,경기도 용인시,493,API_EXP_USD_AMT_UNVERIFIED_SCALE,https://www.data.go.kr/data/15134343/openapi.do,2026-10-07T08:12:52+09:00
2025.10,853400,41,경기도 의왕시,0,API_EXP_USD_AMT_UNVERIFIED_SCALE,https://www.data.go.kr/data/15134343/openapi.do,2026-10-07T08:12:52+09:00
2025.10,853400,41,경기도 의정부시,2,API_EXP_USD_AMT_UNVERIFIED_SCALE,https://www.data.go.kr/data/15134343/openapi.do,2026-10-07T08:12:52+09:00
2025.10,853400,41,경기도 이천시,342,API_EXP_USD_AMT_UNVERIFIED_SCALE,https://www.data.go.kr/data/15134343/openapi.do,2026-10-07T08:12:52+09:00
2025.10,853400,41,경기도 파주시,351,API_EXP_USD_AMT_UNVERIFIED_SCALE,https://www.data.go.kr/data/15134343/openapi.do,2026-10-07T08:12:52+09:00
2025.10,853400,41,경기도 평택시,2603,API_EXP_USD_AMT_UNVERIFIED_SCALE,https://www.data.go.kr/data/15134343/openapi.do,2026-10-07T08:12:52+09:00
2025.10,853400,41,경기도 포천군,0,API_EXP_USD_AMT_UNVERIFIED_SCALE,https://www.data.go.kr/data/15134343/openapi.do,2026-10-07T08:12:52+09:00
2025.10,853400,41,경기도 하남시,7,API_EXP_USD_AMT_UNVERIFIED_SCALE,https://www.data.go.kr/data/15134343/openapi.do,2026-10-07T08:12:52+09:00
2025.10,853400,41,경기도 화성시,554,API_EXP_USD_AMT_UNVERIFIED_SCALE,https://www.data.go.kr/data/15134343/openapi.do,2026-10-07T08:12:52+09:00
2025.10,853400,43,충청북도 옥천군,0,API_EXP_USD_AMT_UNVERIFIED_SCALE,https://www.data.go.kr/data/15134343/openapi.do,2026-10-07T08:12:52+09:00
2025.10,853400,43,충청북도 음성군,7,API_EXP_USD_AMT_UNVERIFIED_SCALE,https://www.data.go.kr/data/15134343/openapi.do,2026-10-07T08:12:52+09:00
2025.10,853400,43,충청북도 제천시,1,API_EXP_USD_AMT_UNVERIFIED_SCALE,https://www.data.go.kr/data/15134343/openapi.do,2026-10-07T08:12:52+09:00
2025.10,853400,43,충청북도 증평군,456,API_EXP_USD_AMT_UNVERIFIED_SCALE,https://www.data.go.kr/data/15134343/openapi.do,2026-10-07T08:12:52+09:00
2025.10,853400,43,충청북도 진천군,238,API_EXP_USD_AMT_UNVERIFIED_SCALE,https://www.data.go.kr/data/15134343/openapi.do,2026-10-07T08:12:52+09:00
2025.10,853400,43,충청북도 청주시,49450,API_EXP_USD_AMT_UNVERIFIED_SCALE,https://www.data.go.kr/data/15134343/openapi.do,2026-10-07T08:12:52+09:00
2025.10,853400,43,충청북도 충주시,0,API_EXP_USD_AMT_UNVERIFIED_SCALE,https://www.data.go.kr/data/15134343/openapi.do,2026-10-07T08:12:52+09:00
2025.11,330499,36,세종특별자치시,3687,API_EXP_USD_AMT_UNVERIFIED_SCALE,https://www.data.go.kr/data/15134343/openapi.do,2026-10-07T08:12:52+09:00
2025.11,330499,41,경기도 가평군,634,API_EXP_USD_AMT_UNVERIFIED_SCALE,https://www.data.go.kr/data/15134343/openapi.do,2026-10-07T08:12:52+09:00
2025.11,330499,41,경기도 고양시,9335,API_EXP_USD_AMT_UNVERIFIED_SCALE,https://www.data.go.kr/data/15134343/openapi.do,2026-10-07T08:12:52+09:00
2025.11,330499,41,경기도 과천시,10,API_EXP_USD_AMT_UNVERIFIED_SCALE,https://www.data.go.kr/data/15134343/openapi.do,2026-10-07T08:12:52+09:00
2025.11,330499,41,경기도 광명시,844,API_EXP_USD_AMT_UNVERIFIED_SCALE,https://www.data.go.kr/data/15134343/openapi.do,2026-10-07T08:12:52+09:00
2025.11,330499,41,경기도 광주시,319,API_EXP_USD_AMT_UNVERIFIED_SCALE,https://www.data.go.kr/data/15134343/openapi.do,2026-10-07T08:12:52+09:00
2025.11,330499,41,경기도 구리시,363,API_EXP_USD_AMT_UNVERIFIED_SCALE,https://www.data.go.kr/data/15134343/openapi.do,2026-10-07T08:12:52+09:00
2025.11,330499,41,경기도 군포시,711,API_EXP_USD_AMT_UNVERIFIED_SCALE,https://www.data.go.kr/data/15134343/openapi.do,2026-10-07T08:12:52+09:00
2025.11,330499,41,경기도 김포시,29977,API_EXP_USD_AMT_UNVERIFIED_SCALE,https://www.data.go.kr/data/15134343/openapi.do,2026-10-07T08:12:52+09:00
2025.11,330499,41,경기도 남양주시,2899,API_EXP_USD_AMT_UNVERIFIED_SCALE,https://www.data.go.kr/data/15134343/openapi.do,2026-10-07T08:12:52+09:00
2025.11,330499,41,경기도 동두천시,25,API_EXP_USD_AMT_UNVERIFIED_SCALE,https://www.data.go.kr/data/15134343/openapi.do,2026-10-07T08:12:52+09:00
2025.11,330499,41,경기도 부천시,4937,API_EXP_USD_AMT_UNVERIFIED_SCALE,https://www.data.go.kr/data/15134343/openapi.do,2026-10-07T08:12:52+09:00
2025.11,330499,41,경기도 성남시,34462,API_EXP_USD_AMT_UNVERIFIED_SCALE,https://www.data.go.kr/data/15134343/openapi.do,2026-10-07T08:12:52+09:00
2025.11,330499,41,경기도 수원시,2011,API_EXP_USD_AMT_UNVERIFIED_SCALE,https://www.data.go.kr/data/15134343/openapi.do,2026-10-07T08:12:52+09:00
2025.11,330499,41,경기도 시흥시,2747,API_EXP_USD_AMT_UNVERIFIED_SCALE,https://www.data.go.kr/data/15134343/openapi.do,2026-10-07T08:12:52+09:00
2025.11,330499,41,경기도 안산시,2528,API_EXP_USD_AMT_UNVERIFIED_SCALE,https://www.data.go.kr/data/15134343/openapi.do,2026-10-07T08:12:52+09:00
2025.11,330499,41,경기도 안성시,2005,API_EXP_USD_AMT_UNVERIFIED_SCALE,https://www.data.go.kr/data/15134343/openapi.do,2026-10-07T08:12:52+09:00
2025.11,330499,41,경기도 안양시,5626,API_EXP_USD_AMT_UNVERIFIED_SCALE,https://www.data.go.kr/data/15134343/openapi.do,2026-10-07T08:12:52+09:00
2025.11,330499,41,경기도 양주시,556,API_EXP_USD_AMT_UNVERIFIED_SCALE,https://www.data.go.kr/data/15134343/openapi.do,2026-10-07T08:12:52+09:00
2025.11,330499,41,경기도 양평군,0,API_EXP_USD_AMT_UNVERIFIED_SCALE,https://www.data.go.kr/data/15134343/openapi.do,2026-10-07T08:12:52+09:00
2025.11,330499,41,경기도 여주군,56,API_EXP_USD_AMT_UNVERIFIED_SCALE,https://www.data.go.kr/data/15134343/openapi.do,2026-10-07T08:12:52+09:00
2025.11,330499,41,경기도 연천군,5,API_EXP_USD_AMT_UNVERIFIED_SCALE,https://www.data.go.kr/data/15134343/openapi.do,2026-10-07T08:12:52+09:00
2025.11,330499,41,경기도 오산시,11036,API_EXP_USD_AMT_UNVERIFIED_SCALE,https://www.data.go.kr/data/15134343/openapi.do,2026-10-07T08:12:52+09:00
2025.11,330499,41,경기도 용인시,2065,API_EXP_USD_AMT_UNVERIFIED_SCALE,https://www.data.go.kr/data/15134343/openapi.do,2026-10-07T08:12:52+09:00
2025.11,330499,41,경기도 의왕시,751,API_EXP_USD_AMT_UNVERIFIED_SCALE,https://www.data.go.kr/data/15134343/openapi.do,2026-10-07T08:12:52+09:00
2025.11,330499,41,경기도 의정부시,212,API_EXP_USD_AMT_UNVERIFIED_SCALE,https://www.data.go.kr/data/15134343/openapi.do,2026-10-07T08:12:52+09:00
2025.11,330499,41,경기도 이천시,193,API_EXP_USD_AMT_UNVERIFIED_SCALE,https://www.data.go.kr/data/15134343/openapi.do,2026-10-07T08:12:52+09:00
2025.11,330499,41,경기도 파주시,810,API_EXP_USD_AMT_UNVERIFIED_SCALE,https://www.data.go.kr/data/15134343/openapi.do,2026-10-07T08:12:52+09:00
2025.11,330499,41,경기도 평택시,1898,API_EXP_USD_AMT_UNVERIFIED_SCALE,https://www.data.go.kr/data/15134343/openapi.do,2026-10-07T08:12:52+09:00
2025.11,330499,41,경기도 포천군,371,API_EXP_USD_AMT_UNVERIFIED_SCALE,https://www.data.go.kr/data/15134343/openapi.do,2026-10-07T08:12:52+09:00
2025.11,330499,41,경기도 하남시,2572,API_EXP_USD_AMT_UNVERIFIED_SCALE,https://www.data.go.kr/data/15134343/openapi.do,2026-10-07T08:12:52+09:00
2025.11,330499,41,경기도 화성시,21877,API_EXP_USD_AMT_UNVERIFIED_SCALE,https://www.data.go.kr/data/15134343/openapi.do,2026-10-07T08:12:52+09:00
2025.11,853400,27,대구광역시 남구,0,API_EXP_USD_AMT_UNVERIFIED_SCALE,https://www.data.go.kr/data/15134343/openapi.do,2026-10-07T08:12:52+09:00
2025.11,853400,27,대구광역시 달서구,220,API_EXP_USD_AMT_UNVERIFIED_SCALE,https://www.data.go.kr/data/15134343/openapi.do,2026-10-07T08:12:52+09:00
2025.11,853400,27,대구광역시 달성군,58580,API_EXP_USD_AMT_UNVERIFIED_SCALE,https://www.data.go.kr/data/15134343/openapi.do,2026-10-07T08:12:52+09:00
2025.11,853400,27,대구광역시 동구,0,API_EXP_USD_AMT_UNVERIFIED_SCALE,https://www.data.go.kr/data/15134343/openapi.do,2026-10-07T08:12:52+09:00
2025.11,853400,27,대구광역시 북구,0,API_EXP_USD_AMT_UNVERIFIED_SCALE,https://www.data.go.kr/data/15134343/openapi.do,2026-10-07T08:12:52+09:00
2025.11,853400,27,대구광역시 서구,1,API_EXP_USD_AMT_UNVERIFIED_SCALE,https://www.data.go.kr/data/15134343/openapi.do,2026-10-07T08:12:52+09:00
2025.11,853400,27,대구광역시 수성구,0,API_EXP_USD_AMT_UNVERIFIED_SCALE,https://www.data.go.kr/data/15134343/openapi.do,2026-10-07T08:12:52+09:00
2025.11,853400,27,대구광역시 중구,0,API_EXP_USD_AMT_UNVERIFIED_SCALE,https://www.data.go.kr/data/15134343/openapi.do,2026-10-07T08:12:52+09:00
2025.11,853400,41,경기도 가평군,0,API_EXP_USD_AMT_UNVERIFIED_SCALE,https://www.data.go.kr/data/15134343/openapi.do,2026-10-07T08:12:52+09:00
2025.11,853400,41,경기도 고양시,173,API_EXP_USD_AMT_UNVERIFIED_SCALE,https://www.data.go.kr/data/15134343/openapi.do,2026-10-07T08:12:52+09:00
2025.11,853400,41,경기도 과천시,41,API_EXP_USD_AMT_UNVERIFIED_SCALE,https://www.data.go.kr/data/15134343/openapi.do,2026-10-07T08:12:52+09:00
2025.11,853400,41,경기도 광명시,13,API_EXP_USD_AMT_UNVERIFIED_SCALE,https://www.data.go.kr/data/15134343/openapi.do,2026-10-07T08:12:52+09:00
2025.11,853400,41,경기도 광주시,1,API_EXP_USD_AMT_UNVERIFIED_SCALE,https://www.data.go.kr/data/15134343/openapi.do,2026-10-07T08:12:52+09:00
2025.11,853400,41,경기도 구리시,0,API_EXP_USD_AMT_UNVERIFIED_SCALE,https://www.data.go.kr/data/15134343/openapi.do,2026-10-07T08:12:52+09:00
2025.11,853400,41,경기도 군포시,373,API_EXP_USD_AMT_UNVERIFIED_SCALE,https://www.data.go.kr/data/15134343/openapi.do,2026-10-07T08:12:52+09:00
2025.11,853400,41,경기도 김포시,346,API_EXP_USD_AMT_UNVERIFIED_SCALE,https://www.data.go.kr/data/15134343/openapi.do,2026-10-07T08:12:52+09:00
2025.11,853400,41,경기도 남양주시,0,API_EXP_USD_AMT_UNVERIFIED_SCALE,https://www.data.go.kr/data/15134343/openapi.do,2026-10-07T08:12:52+09:00
2025.11,853400,41,경기도 동두천시,737,API_EXP_USD_AMT_UNVERIFIED_SCALE,https://www.data.go.kr/data/15134343/openapi.do,2026-10-07T08:12:52+09:00
2025.11,853400,41,경기도 부천시,124,API_EXP_USD_AMT_UNVERIFIED_SCALE,https://www.data.go.kr/data/15134343/openapi.do,2026-10-07T08:12:52+09:00
2025.11,853400,41,경기도 성남시,2245,API_EXP_USD_AMT_UNVERIFIED_SCALE,https://www.data.go.kr/data/15134343/openapi.do,2026-10-07T08:12:52+09:00
2025.11,853400,41,경기도 수원시,32817,API_EXP_USD_AMT_UNVERIFIED_SCALE,https://www.data.go.kr/data/15134343/openapi.do,2026-10-07T08:12:52+09:00
2025.11,853400,41,경기도 시흥시,3188,API_EXP_USD_AMT_UNVERIFIED_SCALE,https://www.data.go.kr/data/15134343/openapi.do,2026-10-07T08:12:52+09:00
2025.11,853400,41,경기도 안산시,116519,API_EXP_USD_AMT_UNVERIFIED_SCALE,https://www.data.go.kr/data/15134343/openapi.do,2026-10-07T08:12:52+09:00
2025.11,853400,41,경기도 안성시,8013,API_EXP_USD_AMT_UNVERIFIED_SCALE,https://www.data.go.kr/data/15134343/openapi.do,2026-10-07T08:12:52+09:00
2025.11,853400,41,경기도 안양시,1337,API_EXP_USD_AMT_UNVERIFIED_SCALE,https://www.data.go.kr/data/15134343/openapi.do,2026-10-07T08:12:52+09:00
2025.11,853400,41,경기도 양주시,69,API_EXP_USD_AMT_UNVERIFIED_SCALE,https://www.data.go.kr/data/15134343/openapi.do,2026-10-07T08:12:52+09:00
2025.11,853400,41,경기도 양평군,0,API_EXP_USD_AMT_UNVERIFIED_SCALE,https://www.data.go.kr/data/15134343/openapi.do,2026-10-07T08:12:52+09:00
2025.11,853400,41,경기도 여주군,0,API_EXP_USD_AMT_UNVERIFIED_SCALE,https://www.data.go.kr/data/15134343/openapi.do,2026-10-07T08:12:52+09:00
2025.11,853400,41,경기도 오산시,249,API_EXP_USD_AMT_UNVERIFIED_SCALE,https://www.data.go.kr/data/15134343/openapi.do,2026-10-07T08:12:52+09:00
2025.11,853400,41,경기도 용인시,365,API_EXP_USD_AMT_UNVERIFIED_SCALE,https://www.data.go.kr/data/15134343/openapi.do,2026-10-07T08:12:52+09:00
2025.11,853400,41,경기도 의왕시,39,API_EXP_USD_AMT_UNVERIFIED_SCALE,https://www.data.go.kr/data/15134343/openapi.do,2026-10-07T08:12:52+09:00
2025.11,853400,41,경기도 의정부시,4,API_EXP_USD_AMT_UNVERIFIED_SCALE,https://www.data.go.kr/data/15134343/openapi.do,2026-10-07T08:12:52+09:00
2025.11,853400,41,경기도 이천시,199,API_EXP_USD_AMT_UNVERIFIED_SCALE,https://www.data.go.kr/data/15134343/openapi.do,2026-10-07T08:12:52+09:00
2025.11,853400,41,경기도 파주시,182,API_EXP_USD_AMT_UNVERIFIED_SCALE,https://www.data.go.kr/data/15134343/openapi.do,2026-10-07T08:12:52+09:00
2025.11,853400,41,경기도 평택시,2569,API_EXP_USD_AMT_UNVERIFIED_SCALE,https://www.data.go.kr/data/15134343/openapi.do,2026-10-07T08:12:52+09:00
2025.11,853400,41,경기도 포천군,6,API_EXP_USD_AMT_UNVERIFIED_SCALE,https://www.data.go.kr/data/15134343/openapi.do,2026-10-07T08:12:52+09:00
2025.11,853400,41,경기도 하남시,2,API_EXP_USD_AMT_UNVERIFIED_SCALE,https://www.data.go.kr/data/15134343/openapi.do,2026-10-07T08:12:52+09:00
2025.11,853400,41,경기도 화성시,656,API_EXP_USD_AMT_UNVERIFIED_SCALE,https://www.data.go.kr/data/15134343/openapi.do,2026-10-07T08:12:52+09:00
2025.11,853400,43,충청북도 음성군,3,API_EXP_USD_AMT_UNVERIFIED_SCALE,https://www.data.go.kr/data/15134343/openapi.do,2026-10-07T08:12:52+09:00
2025.11,853400,43,충청북도 제천시,2,API_EXP_USD_AMT_UNVERIFIED_SCALE,https://www.data.go.kr/data/15134343/openapi.do,2026-10-07T08:12:52+09:00
2025.11,853400,43,충청북도 증평군,850,API_EXP_USD_AMT_UNVERIFIED_SCALE,https://www.data.go.kr/data/15134343/openapi.do,2026-10-07T08:12:52+09:00
2025.11,853400,43,충청북도 진천군,476,API_EXP_USD_AMT_UNVERIFIED_SCALE,https://www.data.go.kr/data/15134343/openapi.do,2026-10-07T08:12:52+09:00
2025.11,853400,43,충청북도 청주시,45086,API_EXP_USD_AMT_UNVERIFIED_SCALE,https://www.data.go.kr/data/15134343/openapi.do,2026-10-07T08:12:52+09:00
2025.11,853400,43,충청북도 충주시,0,API_EXP_USD_AMT_UNVERIFIED_SCALE,https://www.data.go.kr/data/15134343/openapi.do,2026-10-07T08:12:52+09:00
2025.12,330499,36,세종특별자치시,8783,API_EXP_USD_AMT_UNVERIFIED_SCALE,https://www.data.go.kr/data/15134343/openapi.do,2026-10-07T08:12:52+09:00
2025.12,330499,41,경기도 가평군,810,API_EXP_USD_AMT_UNVERIFIED_SCALE,https://www.data.go.kr/data/15134343/openapi.do,2026-10-07T08:12:52+09:00
2025.12,330499,41,경기도 고양시,10413,API_EXP_USD_AMT_UNVERIFIED_SCALE,https://www.data.go.kr/data/15134343/openapi.do,2026-10-07T08:12:52+09:00
2025.12,330499,41,경기도 과천시,48,API_EXP_USD_AMT_UNVERIFIED_SCALE,https://www.data.go.kr/data/15134343/openapi.do,2026-10-07T08:12:52+09:00
2025.12,330499,41,경기도 광명시,842,API_EXP_USD_AMT_UNVERIFIED_SCALE,https://www.data.go.kr/data/15134343/openapi.do,2026-10-07T08:12:52+09:00
2025.12,330499,41,경기도 광주시,349,API_EXP_USD_AMT_UNVERIFIED_SCALE,https://www.data.go.kr/data/15134343/openapi.do,2026-10-07T08:12:52+09:00
2025.12,330499,41,경기도 구리시,362,API_EXP_USD_AMT_UNVERIFIED_SCALE,https://www.data.go.kr/data/15134343/openapi.do,2026-10-07T08:12:52+09:00
2025.12,330499,41,경기도 군포시,1348,API_EXP_USD_AMT_UNVERIFIED_SCALE,https://www.data.go.kr/data/15134343/openapi.do,2026-10-07T08:12:52+09:00
2025.12,330499,41,경기도 김포시,50724,API_EXP_USD_AMT_UNVERIFIED_SCALE,https://www.data.go.kr/data/15134343/openapi.do,2026-10-07T08:12:52+09:00
2025.12,330499,41,경기도 남양주시,3640,API_EXP_USD_AMT_UNVERIFIED_SCALE,https://www.data.go.kr/data/15134343/openapi.do,2026-10-07T08:12:52+09:00
2025.12,330499,41,경기도 동두천시,14,API_EXP_USD_AMT_UNVERIFIED_SCALE,https://www.data.go.kr/data/15134343/openapi.do,2026-10-07T08:12:52+09:00
2025.12,330499,41,경기도 부천시,4335,API_EXP_USD_AMT_UNVERIFIED_SCALE,https://www.data.go.kr/data/15134343/openapi.do,2026-10-07T08:12:52+09:00
2025.12,330499,41,경기도 성남시,34738,API_EXP_USD_AMT_UNVERIFIED_SCALE,https://www.data.go.kr/data/15134343/openapi.do,2026-10-07T08:12:52+09:00
2025.12,330499,41,경기도 수원시,2411,API_EXP_USD_AMT_UNVERIFIED_SCALE,https://www.data.go.kr/data/15134343/openapi.do,2026-10-07T08:12:52+09:00
2025.12,330499,41,경기도 시흥시,3726,API_EXP_USD_AMT_UNVERIFIED_SCALE,https://www.data.go.kr/data/15134343/openapi.do,2026-10-07T08:12:52+09:00
2025.12,330499,41,경기도 안산시,1533,API_EXP_USD_AMT_UNVERIFIED_SCALE,https://www.data.go.kr/data/15134343/openapi.do,2026-10-07T08:12:52+09:00
2025.12,330499,41,경기도 안성시,1348,API_EXP_USD_AMT_UNVERIFIED_SCALE,https://www.data.go.kr/data/15134343/openapi.do,2026-10-07T08:12:52+09:00
2025.12,330499,41,경기도 안양시,7897,API_EXP_USD_AMT_UNVERIFIED_SCALE,https://www.data.go.kr/data/15134343/openapi.do,2026-10-07T08:12:52+09:00
2025.12,330499,41,경기도 양주시,579,API_EXP_USD_AMT_UNVERIFIED_SCALE,https://www.data.go.kr/data/15134343/openapi.do,2026-10-07T08:12:52+09:00
2025.12,330499,41,경기도 양평군,1,API_EXP_USD_AMT_UNVERIFIED_SCALE,https://www.data.go.kr/data/15134343/openapi.do,2026-10-07T08:12:52+09:00
2025.12,330499,41,경기도 여주군,128,API_EXP_USD_AMT_UNVERIFIED_SCALE,https://www.data.go.kr/data/15134343/openapi.do,2026-10-07T08:12:52+09:00
2025.12,330499,41,경기도 연천군,0,API_EXP_USD_AMT_UNVERIFIED_SCALE,https://www.data.go.kr/data/15134343/openapi.do,2026-10-07T08:12:52+09:00
2025.12,330499,41,경기도 오산시,10479,API_EXP_USD_AMT_UNVERIFIED_SCALE,https://www.data.go.kr/data/15134343/openapi.do,2026-10-07T08:12:52+09:00
2025.12,330499,41,경기도 용인시,2705,API_EXP_USD_AMT_UNVERIFIED_SCALE,https://www.data.go.kr/data/15134343/openapi.do,2026-10-07T08:12:52+09:00
2025.12,330499,41,경기도 의왕시,1077,API_EXP_USD_AMT_UNVERIFIED_SCALE,https://www.data.go.kr/data/15134343/openapi.do,2026-10-07T08:12:52+09:00
2025.12,330499,41,경기도 의정부시,165,API_EXP_USD_AMT_UNVERIFIED_SCALE,https://www.data.go.kr/data/15134343/openapi.do,2026-10-07T08:12:52+09:00
2025.12,330499,41,경기도 이천시,315,API_EXP_USD_AMT_UNVERIFIED_SCALE,https://www.data.go.kr/data/15134343/openapi.do,2026-10-07T08:12:52+09:00
2025.12,330499,41,경기도 파주시,581,API_EXP_USD_AMT_UNVERIFIED_SCALE,https://www.data.go.kr/data/15134343/openapi.do,2026-10-07T08:12:52+09:00
2025.12,330499,41,경기도 평택시,2501,API_EXP_USD_AMT_UNVERIFIED_SCALE,https://www.data.go.kr/data/15134343/openapi.do,2026-10-07T08:12:52+09:00
2025.12,330499,41,경기도 포천군,534,API_EXP_USD_AMT_UNVERIFIED_SCALE,https://www.data.go.kr/data/15134343/openapi.do,2026-10-07T08:12:52+09:00
2025.12,330499,41,경기도 하남시,5270,API_EXP_USD_AMT_UNVERIFIED_SCALE,https://www.data.go.kr/data/15134343/openapi.do,2026-10-07T08:12:52+09:00
2025.12,330499,41,경기도 화성시,23079,API_EXP_USD_AMT_UNVERIFIED_SCALE,https://www.data.go.kr/data/15134343/openapi.do,2026-10-07T08:12:52+09:00
2025.12,853400,27,대구광역시 남구,0,API_EXP_USD_AMT_UNVERIFIED_SCALE,https://www.data.go.kr/data/15134343/openapi.do,2026-10-07T08:12:52+09:00
2025.12,853400,27,대구광역시 달서구,143,API_EXP_USD_AMT_UNVERIFIED_SCALE,https://www.data.go.kr/data/15134343/openapi.do,2026-10-07T08:12:52+09:00
2025.12,853400,27,대구광역시 달성군,59988,API_EXP_USD_AMT_UNVERIFIED_SCALE,https://www.data.go.kr/data/15134343/openapi.do,2026-10-07T08:12:52+09:00
2025.12,853400,27,대구광역시 동구,0,API_EXP_USD_AMT_UNVERIFIED_SCALE,https://www.data.go.kr/data/15134343/openapi.do,2026-10-07T08:12:52+09:00
2025.12,853400,27,대구광역시 북구,0,API_EXP_USD_AMT_UNVERIFIED_SCALE,https://www.data.go.kr/data/15134343/openapi.do,2026-10-07T08:12:52+09:00
2025.12,853400,27,대구광역시 서구,0,API_EXP_USD_AMT_UNVERIFIED_SCALE,https://www.data.go.kr/data/15134343/openapi.do,2026-10-07T08:12:52+09:00
2025.12,853400,27,대구광역시 수성구,0,API_EXP_USD_AMT_UNVERIFIED_SCALE,https://www.data.go.kr/data/15134343/openapi.do,2026-10-07T08:12:52+09:00
2025.12,853400,27,대구광역시 중구,0,API_EXP_USD_AMT_UNVERIFIED_SCALE,https://www.data.go.kr/data/15134343/openapi.do,2026-10-07T08:12:52+09:00
2025.12,853400,41,경기도 고양시,94,API_EXP_USD_AMT_UNVERIFIED_SCALE,https://www.data.go.kr/data/15134343/openapi.do,2026-10-07T08:12:52+09:00
2025.12,853400,41,경기도 과천시,32,API_EXP_USD_AMT_UNVERIFIED_SCALE,https://www.data.go.kr/data/15134343/openapi.do,2026-10-07T08:12:52+09:00
2025.12,853400,41,경기도 광명시,22,API_EXP_USD_AMT_UNVERIFIED_SCALE,https://www.data.go.kr/data/15134343/openapi.do,2026-10-07T08:12:52+09:00
2025.12,853400,41,경기도 광주시,0,API_EXP_USD_AMT_UNVERIFIED_SCALE,https://www.data.go.kr/data/15134343/openapi.do,2026-10-07T08:12:52+09:00
2025.12,853400,41,경기도 구리시,0,API_EXP_USD_AMT_UNVERIFIED_SCALE,https://www.data.go.kr/data/15134343/openapi.do,2026-10-07T08:12:52+09:00
2025.12,853400,41,경기도 군포시,109,API_EXP_USD_AMT_UNVERIFIED_SCALE,https://www.data.go.kr/data/15134343/openapi.do,2026-10-07T08:12:52+09:00
2025.12,853400,41,경기도 김포시,524,API_EXP_USD_AMT_UNVERIFIED_SCALE,https://www.data.go.kr/data/15134343/openapi.do,2026-10-07T08:12:52+09:00
2025.12,853400,41,경기도 남양주시,0,API_EXP_USD_AMT_UNVERIFIED_SCALE,https://www.data.go.kr/data/15134343/openapi.do,2026-10-07T08:12:52+09:00
2025.12,853400,41,경기도 동두천시,470,API_EXP_USD_AMT_UNVERIFIED_SCALE,https://www.data.go.kr/data/15134343/openapi.do,2026-10-07T08:12:52+09:00
2025.12,853400,41,경기도 부천시,113,API_EXP_USD_AMT_UNVERIFIED_SCALE,https://www.data.go.kr/data/15134343/openapi.do,2026-10-07T08:12:52+09:00
2025.12,853400,41,경기도 성남시,1707,API_EXP_USD_AMT_UNVERIFIED_SCALE,https://www.data.go.kr/data/15134343/openapi.do,2026-10-07T08:12:52+09:00
2025.12,853400,41,경기도 수원시,38661,API_EXP_USD_AMT_UNVERIFIED_SCALE,https://www.data.go.kr/data/15134343/openapi.do,2026-10-07T08:12:52+09:00
2025.12,853400,41,경기도 시흥시,2824,API_EXP_USD_AMT_UNVERIFIED_SCALE,https://www.data.go.kr/data/15134343/openapi.do,2026-10-07T08:12:52+09:00
2025.12,853400,41,경기도 안산시,127501,API_EXP_USD_AMT_UNVERIFIED_SCALE,https://www.data.go.kr/data/15134343/openapi.do,2026-10-07T08:12:52+09:00
2025.12,853400,41,경기도 안성시,8909,API_EXP_USD_AMT_UNVERIFIED_SCALE,https://www.data.go.kr/data/15134343/openapi.do,2026-10-07T08:12:52+09:00
2025.12,853400,41,경기도 안양시,1318,API_EXP_USD_AMT_UNVERIFIED_SCALE,https://www.data.go.kr/data/15134343/openapi.do,2026-10-07T08:12:52+09:00
2025.12,853400,41,경기도 양주시,19,API_EXP_USD_AMT_UNVERIFIED_SCALE,https://www.data.go.kr/data/15134343/openapi.do,2026-10-07T08:12:52+09:00
2025.12,853400,41,경기도 양평군,0,API_EXP_USD_AMT_UNVERIFIED_SCALE,https://www.data.go.kr/data/15134343/openapi.do,2026-10-07T08:12:52+09:00
2025.12,853400,41,경기도 여주군,0,API_EXP_USD_AMT_UNVERIFIED_SCALE,https://www.data.go.kr/data/15134343/openapi.do,2026-10-07T08:12:52+09:00
2025.12,853400,41,경기도 오산시,148,API_EXP_USD_AMT_UNVERIFIED_SCALE,https://www.data.go.kr/data/15134343/openapi.do,2026-10-07T08:12:52+09:00
2025.12,853400,41,경기도 용인시,322,API_EXP_USD_AMT_UNVERIFIED_SCALE,https://www.data.go.kr/data/15134343/openapi.do,2026-10-07T08:12:52+09:00
2025.12,853400,41,경기도 의왕시,0,API_EXP_USD_AMT_UNVERIFIED_SCALE,https://www.data.go.kr/data/15134343/openapi.do,2026-10-07T08:12:52+09:00
2025.12,853400,41,경기도 의정부시,3,API_EXP_USD_AMT_UNVERIFIED_SCALE,https://www.data.go.kr/data/15134343/openapi.do,2026-10-07T08:12:52+09:00
2025.12,853400,41,경기도 이천시,147,API_EXP_USD_AMT_UNVERIFIED_SCALE,https://www.data.go.kr/data/15134343/openapi.do,2026-10-07T08:12:52+09:00
2025.12,853400,41,경기도 파주시,277,API_EXP_USD_AMT_UNVERIFIED_SCALE,https://www.data.go.kr/data/15134343/openapi.do,2026-10-07T08:12:52+09:00
2025.12,853400,41,경기도 평택시,2759,API_EXP_USD_AMT_UNVERIFIED_SCALE,https://www.data.go.kr/data/15134343/openapi.do,2026-10-07T08:12:52+09:00
2025.12,853400,41,경기도 포천군,0,API_EXP_USD_AMT_UNVERIFIED_SCALE,https://www.data.go.kr/data/15134343/openapi.do,2026-10-07T08:12:52+09:00
2025.12,853400,41,경기도 하남시,54,API_EXP_USD_AMT_UNVERIFIED_SCALE,https://www.data.go.kr/data/15134343/openapi.do,2026-10-07T08:12:52+09:00
2025.12,853400,41,경기도 화성시,1363,API_EXP_USD_AMT_UNVERIFIED_SCALE,https://www.data.go.kr/data/15134343/openapi.do,2026-10-07T08:12:52+09:00
2025.12,853400,43,충청북도 영동군,0,API_EXP_USD_AMT_UNVERIFIED_SCALE,https://www.data.go.kr/data/15134343/openapi.do,2026-10-07T08:12:52+09:00
2025.12,853400,43,충청북도 옥천군,0,API_EXP_USD_AMT_UNVERIFIED_SCALE,https://www.data.go.kr/data/15134343/openapi.do,2026-10-07T08:12:52+09:00
2025.12,853400,43,충청북도 음성군,42,API_EXP_USD_AMT_UNVERIFIED_SCALE,https://www.data.go.kr/data/15134343/openapi.do,2026-10-07T08:12:52+09:00
2025.12,853400,43,충청북도 제천시,5,API_EXP_USD_AMT_UNVERIFIED_SCALE,https://www.data.go.kr/data/15134343/openapi.do,2026-10-07T08:12:52+09:00
2025.12,853400,43,충청북도 증평군,628,API_EXP_USD_AMT_UNVERIFIED_SCALE,https://www.data.go.kr/data/15134343/openapi.do,2026-10-07T08:12:52+09:00
2025.12,853400,43,충청북도 진천군,703,API_EXP_USD_AMT_UNVERIFIED_SCALE,https://www.data.go.kr/data/15134343/openapi.do,2026-10-07T08:12:52+09:00
2025.12,853400,43,충청북도 청주시,50629,API_EXP_USD_AMT_UNVERIFIED_SCALE,https://www.data.go.kr/data/15134343/openapi.do,2026-10-07T08:12:52+09:00
2025.12,853400,43,충청북도 충주시,0,API_EXP_USD_AMT_UNVERIFIED_SCALE,https://www.data.go.kr/data/15134343/openapi.do,2026-10-07T08:12:52+09:00
2026.01,330499,36,세종특별자치시,11379,API_EXP_USD_AMT_UNVERIFIED_SCALE,https://www.data.go.kr/data/15134343/openapi.do,2026-10-07T08:12:52+09:00
2026.01,330499,41,경기도 가평군,223,API_EXP_USD_AMT_UNVERIFIED_SCALE,https://www.data.go.kr/data/15134343/openapi.do,2026-10-07T08:12:52+09:00
2026.01,330499,41,경기도 고양시,8922,API_EXP_USD_AMT_UNVERIFIED_SCALE,https://www.data.go.kr/data/15134343/openapi.do,2026-10-07T08:12:52+09:00
2026.01,330499,41,경기도 과천시,0,API_EXP_USD_AMT_UNVERIFIED_SCALE,https://www.data.go.kr/data/15134343/openapi.do,2026-10-07T08:12:52+09:00
2026.01,330499,41,경기도 광명시,1003,API_EXP_USD_AMT_UNVERIFIED_SCALE,https://www.data.go.kr/data/15134343/openapi.do,2026-10-07T08:12:52+09:00
2026.01,330499,41,경기도 광주시,384,API_EXP_USD_AMT_UNVERIFIED_SCALE,https://www.data.go.kr/data/15134343/openapi.do,2026-10-07T08:12:52+09:00
2026.01,330499,41,경기도 구리시,458,API_EXP_USD_AMT_UNVERIFIED_SCALE,https://www.data.go.kr/data/15134343/openapi.do,2026-10-07T08:12:52+09:00
2026.01,330499,41,경기도 군포시,1419,API_EXP_USD_AMT_UNVERIFIED_SCALE,https://www.data.go.kr/data/15134343/openapi.do,2026-10-07T08:12:52+09:00
2026.01,330499,41,경기도 김포시,41443,API_EXP_USD_AMT_UNVERIFIED_SCALE,https://www.data.go.kr/data/15134343/openapi.do,2026-10-07T08:12:52+09:00
2026.01,330499,41,경기도 남양주시,5304,API_EXP_USD_AMT_UNVERIFIED_SCALE,https://www.data.go.kr/data/15134343/openapi.do,2026-10-07T08:12:52+09:00
2026.01,330499,41,경기도 동두천시,0,API_EXP_USD_AMT_UNVERIFIED_SCALE,https://www.data.go.kr/data/15134343/openapi.do,2026-10-07T08:12:52+09:00
2026.01,330499,41,경기도 부천시,4084,API_EXP_USD_AMT_UNVERIFIED_SCALE,https://www.data.go.kr/data/15134343/openapi.do,2026-10-07T08:12:52+09:00
2026.01,330499,41,경기도 성남시,33599,API_EXP_USD_AMT_UNVERIFIED_SCALE,https://www.data.go.kr/data/15134343/openapi.do,2026-10-07T08:12:52+09:00
2026.01,330499,41,경기도 수원시,1506,API_EXP_USD_AMT_UNVERIFIED_SCALE,https://www.data.go.kr/data/15134343/openapi.do,2026-10-07T08:12:52+09:00
2026.01,330499,41,경기도 시흥시,4394,API_EXP_USD_AMT_UNVERIFIED_SCALE,https://www.data.go.kr/data/15134343/openapi.do,2026-10-07T08:12:52+09:00
2026.01,330499,41,경기도 안산시,1904,API_EXP_USD_AMT_UNVERIFIED_SCALE,https://www.data.go.kr/data/15134343/openapi.do,2026-10-07T08:12:52+09:00
2026.01,330499,41,경기도 안성시,900,API_EXP_USD_AMT_UNVERIFIED_SCALE,https://www.data.go.kr/data/15134343/openapi.do,2026-10-07T08:12:52+09:00
2026.01,330499,41,경기도 안양시,7199,API_EXP_USD_AMT_UNVERIFIED_SCALE,https://www.data.go.kr/data/15134343/openapi.do,2026-10-07T08:12:52+09:00
2026.01,330499,41,경기도 양주시,505,API_EXP_USD_AMT_UNVERIFIED_SCALE,https://www.data.go.kr/data/15134343/openapi.do,2026-10-07T08:12:52+09:00
2026.01,330499,41,경기도 양평군,0,API_EXP_USD_AMT_UNVERIFIED_SCALE,https://www.data.go.kr/data/15134343/openapi.do,2026-10-07T08:12:52+09:00
2026.01,330499,41,경기도 여주군,45,API_EXP_USD_AMT_UNVERIFIED_SCALE,https://www.data.go.kr/data/15134343/openapi.do,2026-10-07T08:12:52+09:00
2026.01,330499,41,경기도 연천군,3,API_EXP_USD_AMT_UNVERIFIED_SCALE,https://www.data.go.kr/data/15134343/openapi.do,2026-10-07T08:12:52+09:00
2026.01,330499,41,경기도 오산시,11849,API_EXP_USD_AMT_UNVERIFIED_SCALE,https://www.data.go.kr/data/15134343/openapi.do,2026-10-07T08:12:52+09:00
2026.01,330499,41,경기도 용인시,2604,API_EXP_USD_AMT_UNVERIFIED_SCALE,https://www.data.go.kr/data/15134343/openapi.do,2026-10-07T08:12:52+09:00
2026.01,330499,41,경기도 의왕시,1001,API_EXP_USD_AMT_UNVERIFIED_SCALE,https://www.data.go.kr/data/15134343/openapi.do,2026-10-07T08:12:52+09:00
2026.01,330499,41,경기도 의정부시,367,API_EXP_USD_AMT_UNVERIFIED_SCALE,https://www.data.go.kr/data/15134343/openapi.do,2026-10-07T08:12:52+09:00
2026.01,330499,41,경기도 이천시,225,API_EXP_USD_AMT_UNVERIFIED_SCALE,https://www.data.go.kr/data/15134343/openapi.do,2026-10-07T08:12:52+09:00
2026.01,330499,41,경기도 파주시,592,API_EXP_USD_AMT_UNVERIFIED_SCALE,https://www.data.go.kr/data/15134343/openapi.do,2026-10-07T08:12:52+09:00
2026.01,330499,41,경기도 평택시,1914,API_EXP_USD_AMT_UNVERIFIED_SCALE,https://www.data.go.kr/data/15134343/openapi.do,2026-10-07T08:12:52+09:00
2026.01,330499,41,경기도 포천군,118,API_EXP_USD_AMT_UNVERIFIED_SCALE,https://www.data.go.kr/data/15134343/openapi.do,2026-10-07T08:12:52+09:00
2026.01,330499,41,경기도 하남시,1798,API_EXP_USD_AMT_UNVERIFIED_SCALE,https://www.data.go.kr/data/15134343/openapi.do,2026-10-07T08:12:52+09:00
2026.01,330499,41,경기도 화성시,14632,API_EXP_USD_AMT_UNVERIFIED_SCALE,https://www.data.go.kr/data/15134343/openapi.do,2026-10-07T08:12:52+09:00
2026.01,853400,27,대구광역시 남구,0,API_EXP_USD_AMT_UNVERIFIED_SCALE,https://www.data.go.kr/data/15134343/openapi.do,2026-10-07T08:12:52+09:00
2026.01,853400,27,대구광역시 달서구,74,API_EXP_USD_AMT_UNVERIFIED_SCALE,https://www.data.go.kr/data/15134343/openapi.do,2026-10-07T08:12:52+09:00
2026.01,853400,27,대구광역시 달성군,68286,API_EXP_USD_AMT_UNVERIFIED_SCALE,https://www.data.go.kr/data/15134343/openapi.do,2026-10-07T08:12:52+09:00
2026.01,853400,27,대구광역시 동구,0,API_EXP_USD_AMT_UNVERIFIED_SCALE,https://www.data.go.kr/data/15134343/openapi.do,2026-10-07T08:12:52+09:00
2026.01,853400,27,대구광역시 북구,0,API_EXP_USD_AMT_UNVERIFIED_SCALE,https://www.data.go.kr/data/15134343/openapi.do,2026-10-07T08:12:52+09:00
2026.01,853400,27,대구광역시 서구,0,API_EXP_USD_AMT_UNVERIFIED_SCALE,https://www.data.go.kr/data/15134343/openapi.do,2026-10-07T08:12:52+09:00
2026.01,853400,27,대구광역시 수성구,0,API_EXP_USD_AMT_UNVERIFIED_SCALE,https://www.data.go.kr/data/15134343/openapi.do,2026-10-07T08:12:52+09:00
2026.01,853400,27,대구광역시 중구,0,API_EXP_USD_AMT_UNVERIFIED_SCALE,https://www.data.go.kr/data/15134343/openapi.do,2026-10-07T08:12:52+09:00
2026.01,853400,41,경기도 고양시,80,API_EXP_USD_AMT_UNVERIFIED_SCALE,https://www.data.go.kr/data/15134343/openapi.do,2026-10-07T08:12:52+09:00
2026.01,853400,41,경기도 과천시,91,API_EXP_USD_AMT_UNVERIFIED_SCALE,https://www.data.go.kr/data/15134343/openapi.do,2026-10-07T08:12:52+09:00
2026.01,853400,41,경기도 광명시,9,API_EXP_USD_AMT_UNVERIFIED_SCALE,https://www.data.go.kr/data/15134343/openapi.do,2026-10-07T08:12:52+09:00
2026.01,853400,41,경기도 광주시,1,API_EXP_USD_AMT_UNVERIFIED_SCALE,https://www.data.go.kr/data/15134343/openapi.do,2026-10-07T08:12:52+09:00
2026.01,853400,41,경기도 구리시,0,API_EXP_USD_AMT_UNVERIFIED_SCALE,https://www.data.go.kr/data/15134343/openapi.do,2026-10-07T08:12:52+09:00
2026.01,853400,41,경기도 군포시,510,API_EXP_USD_AMT_UNVERIFIED_SCALE,https://www.data.go.kr/data/15134343/openapi.do,2026-10-07T08:12:52+09:00
2026.01,853400,41,경기도 김포시,597,API_EXP_USD_AMT_UNVERIFIED_SCALE,https://www.data.go.kr/data/15134343/openapi.do,2026-10-07T08:12:52+09:00
2026.01,853400,41,경기도 남양주시,0,API_EXP_USD_AMT_UNVERIFIED_SCALE,https://www.data.go.kr/data/15134343/openapi.do,2026-10-07T08:12:52+09:00
2026.01,853400,41,경기도 동두천시,658,API_EXP_USD_AMT_UNVERIFIED_SCALE,https://www.data.go.kr/data/15134343/openapi.do,2026-10-07T08:12:52+09:00
2026.01,853400,41,경기도 부천시,259,API_EXP_USD_AMT_UNVERIFIED_SCALE,https://www.data.go.kr/data/15134343/openapi.do,2026-10-07T08:12:52+09:00
2026.01,853400,41,경기도 성남시,1675,API_EXP_USD_AMT_UNVERIFIED_SCALE,https://www.data.go.kr/data/15134343/openapi.do,2026-10-07T08:12:52+09:00
2026.01,853400,41,경기도 수원시,40804,API_EXP_USD_AMT_UNVERIFIED_SCALE,https://www.data.go.kr/data/15134343/openapi.do,2026-10-07T08:12:52+09:00
2026.01,853400,41,경기도 시흥시,3815,API_EXP_USD_AMT_UNVERIFIED_SCALE,https://www.data.go.kr/data/15134343/openapi.do,2026-10-07T08:12:52+09:00
2026.01,853400,41,경기도 안산시,122463,API_EXP_USD_AMT_UNVERIFIED_SCALE,https://www.data.go.kr/data/15134343/openapi.do,2026-10-07T08:12:52+09:00
2026.01,853400,41,경기도 안성시,13240,API_EXP_USD_AMT_UNVERIFIED_SCALE,https://www.data.go.kr/data/15134343/openapi.do,2026-10-07T08:12:52+09:00
2026.01,853400,41,경기도 안양시,1022,API_EXP_USD_AMT_UNVERIFIED_SCALE,https://www.data.go.kr/data/15134343/openapi.do,2026-10-07T08:12:52+09:00
2026.01,853400,41,경기도 양주시,28,API_EXP_USD_AMT_UNVERIFIED_SCALE,https://www.data.go.kr/data/15134343/openapi.do,2026-10-07T08:12:52+09:00
2026.01,853400,41,경기도 양평군,0,API_EXP_USD_AMT_UNVERIFIED_SCALE,https://www.data.go.kr/data/15134343/openapi.do,2026-10-07T08:12:52+09:00
2026.01,853400,41,경기도 여주군,0,API_EXP_USD_AMT_UNVERIFIED_SCALE,https://www.data.go.kr/data/15134343/openapi.do,2026-10-07T08:12:52+09:00
2026.01,853400,41,경기도 오산시,221,API_EXP_USD_AMT_UNVERIFIED_SCALE,https://www.data.go.kr/data/15134343/openapi.do,2026-10-07T08:12:52+09:00
2026.01,853400,41,경기도 용인시,143,API_EXP_USD_AMT_UNVERIFIED_SCALE,https://www.data.go.kr/data/15134343/openapi.do,2026-10-07T08:12:52+09:00
2026.01,853400,41,경기도 의왕시,0,API_EXP_USD_AMT_UNVERIFIED_SCALE,https://www.data.go.kr/data/15134343/openapi.do,2026-10-07T08:12:52+09:00
2026.01,853400,41,경기도 의정부시,57,API_EXP_USD_AMT_UNVERIFIED_SCALE,https://www.data.go.kr/data/15134343/openapi.do,2026-10-07T08:12:52+09:00
2026.01,853400,41,경기도 이천시,135,API_EXP_USD_AMT_UNVERIFIED_SCALE,https://www.data.go.kr/data/15134343/openapi.do,2026-10-07T08:12:52+09:00
2026.01,853400,41,경기도 파주시,57,API_EXP_USD_AMT_UNVERIFIED_SCALE,https://www.data.go.kr/data/15134343/openapi.do,2026-10-07T08:12:52+09:00
2026.01,853400,41,경기도 평택시,2850,API_EXP_USD_AMT_UNVERIFIED_SCALE,https://www.data.go.kr/data/15134343/openapi.do,2026-10-07T08:12:52+09:00
2026.01,853400,41,경기도 포천군,0,API_EXP_USD_AMT_UNVERIFIED_SCALE,https://www.data.go.kr/data/15134343/openapi.do,2026-10-07T08:12:52+09:00
2026.01,853400,41,경기도 하남시,6,API_EXP_USD_AMT_UNVERIFIED_SCALE,https://www.data.go.kr/data/15134343/openapi.do,2026-10-07T08:12:52+09:00
2026.01,853400,41,경기도 화성시,944,API_EXP_USD_AMT_UNVERIFIED_SCALE,https://www.data.go.kr/data/15134343/openapi.do,2026-10-07T08:12:52+09:00
2026.01,853400,43,충청북도 보은군,0,API_EXP_USD_AMT_UNVERIFIED_SCALE,https://www.data.go.kr/data/15134343/openapi.do,2026-10-07T08:12:52+09:00
2026.01,853400,43,충청북도 옥천군,0,API_EXP_USD_AMT_UNVERIFIED_SCALE,https://www.data.go.kr/data/15134343/openapi.do,2026-10-07T08:12:52+09:00
2026.01,853400,43,충청북도 음성군,49,API_EXP_USD_AMT_UNVERIFIED_SCALE,https://www.data.go.kr/data/15134343/openapi.do,2026-10-07T08:12:52+09:00
2026.01,853400,43,충청북도 제천시,9,API_EXP_USD_AMT_UNVERIFIED_SCALE,https://www.data.go.kr/data/15134343/openapi.do,2026-10-07T08:12:52+09:00
2026.01,853400,43,충청북도 증평군,605,API_EXP_USD_AMT_UNVERIFIED_SCALE,https://www.data.go.kr/data/15134343/openapi.do,2026-10-07T08:12:52+09:00
2026.01,853400,43,충청북도 진천군,551,API_EXP_USD_AMT_UNVERIFIED_SCALE,https://www.data.go.kr/data/15134343/openapi.do,2026-10-07T08:12:52+09:00
2026.01,853400,43,충청북도 청주시,51819,API_EXP_USD_AMT_UNVERIFIED_SCALE,https://www.data.go.kr/data/15134343/openapi.do,2026-10-07T08:12:52+09:00
2026.01,853400,43,충청북도 충주시,0,API_EXP_USD_AMT_UNVERIFIED_SCALE,https://www.data.go.kr/data/15134343/openapi.do,2026-10-07T08:12:52+09:00
2026.02,330499,36,세종특별자치시,6011,API_EXP_USD_AMT_UNVERIFIED_SCALE,https://www.data.go.kr/data/15134343/openapi.do,2026-10-07T08:12:52+09:00
2026.02,330499,41,경기도 가평군,97,API_EXP_USD_AMT_UNVERIFIED_SCALE,https://www.data.go.kr/data/15134343/openapi.do,2026-10-07T08:12:52+09:00
2026.02,330499,41,경기도 고양시,9187,API_EXP_USD_AMT_UNVERIFIED_SCALE,https://www.data.go.kr/data/15134343/openapi.do,2026-10-07T08:12:52+09:00
2026.02,330499,41,경기도 과천시,0,API_EXP_USD_AMT_UNVERIFIED_SCALE,https://www.data.go.kr/data/15134343/openapi.do,2026-10-07T08:12:52+09:00
2026.02,330499,41,경기도 광명시,896,API_EXP_USD_AMT_UNVERIFIED_SCALE,https://www.data.go.kr/data/15134343/openapi.do,2026-10-07T08:12:52+09:00
2026.02,330499,41,경기도 광주시,537,API_EXP_USD_AMT_UNVERIFIED_SCALE,https://www.data.go.kr/data/15134343/openapi.do,2026-10-07T08:12:52+09:00
2026.02,330499,41,경기도 구리시,330,API_EXP_USD_AMT_UNVERIFIED_SCALE,https://www.data.go.kr/data/15134343/openapi.do,2026-10-07T08:12:52+09:00
2026.02,330499,41,경기도 군포시,1126,API_EXP_USD_AMT_UNVERIFIED_SCALE,https://www.data.go.kr/data/15134343/openapi.do,2026-10-07T08:12:52+09:00
2026.02,330499,41,경기도 김포시,33125,API_EXP_USD_AMT_UNVERIFIED_SCALE,https://www.data.go.kr/data/15134343/openapi.do,2026-10-07T08:12:52+09:00
2026.02,330499,41,경기도 남양주시,3356,API_EXP_USD_AMT_UNVERIFIED_SCALE,https://www.data.go.kr/data/15134343/openapi.do,2026-10-07T08:12:52+09:00
2026.02,330499,41,경기도 동두천시,5,API_EXP_USD_AMT_UNVERIFIED_SCALE,https://www.data.go.kr/data/15134343/openapi.do,2026-10-07T08:12:52+09:00
2026.02,330499,41,경기도 부천시,4203,API_EXP_USD_AMT_UNVERIFIED_SCALE,https://www.data.go.kr/data/15134343/openapi.do,2026-10-07T08:12:52+09:00
2026.02,330499,41,경기도 성남시,25480,API_EXP_USD_AMT_UNVERIFIED_SCALE,https://www.data.go.kr/data/15134343/openapi.do,2026-10-07T08:12:52+09:00
2026.02,330499,41,경기도 수원시,1298,API_EXP_USD_AMT_UNVERIFIED_SCALE,https://www.data.go.kr/data/15134343/openapi.do,2026-10-07T08:12:52+09:00
2026.02,330499,41,경기도 시흥시,3195,API_EXP_USD_AMT_UNVERIFIED_SCALE,https://www.data.go.kr/data/15134343/openapi.do,2026-10-07T08:12:52+09:00
2026.02,330499,41,경기도 안산시,1861,API_EXP_USD_AMT_UNVERIFIED_SCALE,https://www.data.go.kr/data/15134343/openapi.do,2026-10-07T08:12:52+09:00
2026.02,330499,41,경기도 안성시,1462,API_EXP_USD_AMT_UNVERIFIED_SCALE,https://www.data.go.kr/data/15134343/openapi.do,2026-10-07T08:12:52+09:00
2026.02,330499,41,경기도 안양시,5874,API_EXP_USD_AMT_UNVERIFIED_SCALE,https://www.data.go.kr/data/15134343/openapi.do,2026-10-07T08:12:52+09:00
2026.02,330499,41,경기도 양주시,342,API_EXP_USD_AMT_UNVERIFIED_SCALE,https://www.data.go.kr/data/15134343/openapi.do,2026-10-07T08:12:52+09:00
2026.02,330499,41,경기도 양평군,18,API_EXP_USD_AMT_UNVERIFIED_SCALE,https://www.data.go.kr/data/15134343/openapi.do,2026-10-07T08:12:52+09:00
2026.02,330499,41,경기도 여주군,20,API_EXP_USD_AMT_UNVERIFIED_SCALE,https://www.data.go.kr/data/15134343/openapi.do,2026-10-07T08:12:52+09:00
2026.02,330499,41,경기도 연천군,4,API_EXP_USD_AMT_UNVERIFIED_SCALE,https://www.data.go.kr/data/15134343/openapi.do,2026-10-07T08:12:52+09:00
2026.02,330499,41,경기도 오산시,13831,API_EXP_USD_AMT_UNVERIFIED_SCALE,https://www.data.go.kr/data/15134343/openapi.do,2026-10-07T08:12:52+09:00
2026.02,330499,41,경기도 용인시,2728,API_EXP_USD_AMT_UNVERIFIED_SCALE,https://www.data.go.kr/data/15134343/openapi.do,2026-10-07T08:12:52+09:00
2026.02,330499,41,경기도 의왕시,212,API_EXP_USD_AMT_UNVERIFIED_SCALE,https://www.data.go.kr/data/15134343/openapi.do,2026-10-07T08:12:52+09:00
2026.02,330499,41,경기도 의정부시,494,API_EXP_USD_AMT_UNVERIFIED_SCALE,https://www.data.go.kr/data/15134343/openapi.do,2026-10-07T08:12:52+09:00
2026.02,330499,41,경기도 이천시,382,API_EXP_USD_AMT_UNVERIFIED_SCALE,https://www.data.go.kr/data/15134343/openapi.do,2026-10-07T08:12:52+09:00
2026.02,330499,41,경기도 파주시,1196,API_EXP_USD_AMT_UNVERIFIED_SCALE,https://www.data.go.kr/data/15134343/openapi.do,2026-10-07T08:12:52+09:00
2026.02,330499,41,경기도 평택시,2967,API_EXP_USD_AMT_UNVERIFIED_SCALE,https://www.data.go.kr/data/15134343/openapi.do,2026-10-07T08:12:52+09:00
2026.02,330499,41,경기도 포천군,520,API_EXP_USD_AMT_UNVERIFIED_SCALE,https://www.data.go.kr/data/15134343/openapi.do,2026-10-07T08:12:52+09:00
2026.02,330499,41,경기도 하남시,1914,API_EXP_USD_AMT_UNVERIFIED_SCALE,https://www.data.go.kr/data/15134343/openapi.do,2026-10-07T08:12:52+09:00
2026.02,330499,41,경기도 화성시,18840,API_EXP_USD_AMT_UNVERIFIED_SCALE,https://www.data.go.kr/data/15134343/openapi.do,2026-10-07T08:12:52+09:00
2026.02,853400,27,대구광역시 남구,0,API_EXP_USD_AMT_UNVERIFIED_SCALE,https://www.data.go.kr/data/15134343/openapi.do,2026-10-07T08:12:52+09:00
2026.02,853400,27,대구광역시 달서구,48,API_EXP_USD_AMT_UNVERIFIED_SCALE,https://www.data.go.kr/data/15134343/openapi.do,2026-10-07T08:12:52+09:00
2026.02,853400,27,대구광역시 달성군,47900,API_EXP_USD_AMT_UNVERIFIED_SCALE,https://www.data.go.kr/data/15134343/openapi.do,2026-10-07T08:12:52+09:00
2026.02,853400,27,대구광역시 동구,0,API_EXP_USD_AMT_UNVERIFIED_SCALE,https://www.data.go.kr/data/15134343/openapi.do,2026-10-07T08:12:52+09:00
2026.02,853400,27,대구광역시 북구,0,API_EXP_USD_AMT_UNVERIFIED_SCALE,https://www.data.go.kr/data/15134343/openapi.do,2026-10-07T08:12:52+09:00
2026.02,853400,27,대구광역시 서구,0,API_EXP_USD_AMT_UNVERIFIED_SCALE,https://www.data.go.kr/data/15134343/openapi.do,2026-10-07T08:12:52+09:00
2026.02,853400,27,대구광역시 수성구,0,API_EXP_USD_AMT_UNVERIFIED_SCALE,https://www.data.go.kr/data/15134343/openapi.do,2026-10-07T08:12:52+09:00
2026.02,853400,27,대구광역시 중구,0,API_EXP_USD_AMT_UNVERIFIED_SCALE,https://www.data.go.kr/data/15134343/openapi.do,2026-10-07T08:12:52+09:00
2026.02,853400,41,경기도 가평군,0,API_EXP_USD_AMT_UNVERIFIED_SCALE,https://www.data.go.kr/data/15134343/openapi.do,2026-10-07T08:12:52+09:00
2026.02,853400,41,경기도 고양시,55,API_EXP_USD_AMT_UNVERIFIED_SCALE,https://www.data.go.kr/data/15134343/openapi.do,2026-10-07T08:12:52+09:00
2026.02,853400,41,경기도 과천시,41,API_EXP_USD_AMT_UNVERIFIED_SCALE,https://www.data.go.kr/data/15134343/openapi.do,2026-10-07T08:12:52+09:00
2026.02,853400,41,경기도 광명시,0,API_EXP_USD_AMT_UNVERIFIED_SCALE,https://www.data.go.kr/data/15134343/openapi.do,2026-10-07T08:12:52+09:00
2026.02,853400,41,경기도 광주시,0,API_EXP_USD_AMT_UNVERIFIED_SCALE,https://www.data.go.kr/data/15134343/openapi.do,2026-10-07T08:12:52+09:00
2026.02,853400,41,경기도 구리시,0,API_EXP_USD_AMT_UNVERIFIED_SCALE,https://www.data.go.kr/data/15134343/openapi.do,2026-10-07T08:12:52+09:00
2026.02,853400,41,경기도 군포시,784,API_EXP_USD_AMT_UNVERIFIED_SCALE,https://www.data.go.kr/data/15134343/openapi.do,2026-10-07T08:12:52+09:00
2026.02,853400,41,경기도 김포시,636,API_EXP_USD_AMT_UNVERIFIED_SCALE,https://www.data.go.kr/data/15134343/openapi.do,2026-10-07T08:12:52+09:00
2026.02,853400,41,경기도 남양주시,0,API_EXP_USD_AMT_UNVERIFIED_SCALE,https://www.data.go.kr/data/15134343/openapi.do,2026-10-07T08:12:52+09:00
2026.02,853400,41,경기도 동두천시,708,API_EXP_USD_AMT_UNVERIFIED_SCALE,https://www.data.go.kr/data/15134343/openapi.do,2026-10-07T08:12:52+09:00
2026.02,853400,41,경기도 부천시,153,API_EXP_USD_AMT_UNVERIFIED_SCALE,https://www.data.go.kr/data/15134343/openapi.do,2026-10-07T08:12:52+09:00
2026.02,853400,41,경기도 성남시,1728,API_EXP_USD_AMT_UNVERIFIED_SCALE,https://www.data.go.kr/data/15134343/openapi.do,2026-10-07T08:12:52+09:00
2026.02,853400,41,경기도 수원시,34860,API_EXP_USD_AMT_UNVERIFIED_SCALE,https://www.data.go.kr/data/15134343/openapi.do,2026-10-07T08:12:52+09:00
2026.02,853400,41,경기도 시흥시,3088,API_EXP_USD_AMT_UNVERIFIED_SCALE,https://www.data.go.kr/data/15134343/openapi.do,2026-10-07T08:12:52+09:00
2026.02,853400,41,경기도 안산시,103237,API_EXP_USD_AMT_UNVERIFIED_SCALE,https://www.data.go.kr/data/15134343/openapi.do,2026-10-07T08:12:52+09:00
2026.02,853400,41,경기도 안성시,11543,API_EXP_USD_AMT_UNVERIFIED_SCALE,https://www.data.go.kr/data/15134343/openapi.do,2026-10-07T08:12:52+09:00
2026.02,853400,41,경기도 안양시,1016,API_EXP_USD_AMT_UNVERIFIED_SCALE,https://www.data.go.kr/data/15134343/openapi.do,2026-10-07T08:12:52+09:00
2026.02,853400,41,경기도 양주시,9,API_EXP_USD_AMT_UNVERIFIED_SCALE,https://www.data.go.kr/data/15134343/openapi.do,2026-10-07T08:12:52+09:00
2026.02,853400,41,경기도 양평군,2,API_EXP_USD_AMT_UNVERIFIED_SCALE,https://www.data.go.kr/data/15134343/openapi.do,2026-10-07T08:12:52+09:00
2026.02,853400,41,경기도 여주군,0,API_EXP_USD_AMT_UNVERIFIED_SCALE,https://www.data.go.kr/data/15134343/openapi.do,2026-10-07T08:12:52+09:00
2026.02,853400,41,경기도 오산시,141,API_EXP_USD_AMT_UNVERIFIED_SCALE,https://www.data.go.kr/data/15134343/openapi.do,2026-10-07T08:12:52+09:00
2026.02,853400,41,경기도 용인시,138,API_EXP_USD_AMT_UNVERIFIED_SCALE,https://www.data.go.kr/data/15134343/openapi.do,2026-10-07T08:12:52+09:00
2026.02,853400,41,경기도 의왕시,31,API_EXP_USD_AMT_UNVERIFIED_SCALE,https://www.data.go.kr/data/15134343/openapi.do,2026-10-07T08:12:52+09:00
2026.02,853400,41,경기도 의정부시,3,API_EXP_USD_AMT_UNVERIFIED_SCALE,https://www.data.go.kr/data/15134343/openapi.do,2026-10-07T08:12:52+09:00
2026.02,853400,41,경기도 이천시,5,API_EXP_USD_AMT_UNVERIFIED_SCALE,https://www.data.go.kr/data/15134343/openapi.do,2026-10-07T08:12:52+09:00
2026.02,853400,41,경기도 파주시,70,API_EXP_USD_AMT_UNVERIFIED_SCALE,https://www.data.go.kr/data/15134343/openapi.do,2026-10-07T08:12:52+09:00
2026.02,853400,41,경기도 평택시,1948,API_EXP_USD_AMT_UNVERIFIED_SCALE,https://www.data.go.kr/data/15134343/openapi.do,2026-10-07T08:12:52+09:00
2026.02,853400,41,경기도 포천군,0,API_EXP_USD_AMT_UNVERIFIED_SCALE,https://www.data.go.kr/data/15134343/openapi.do,2026-10-07T08:12:52+09:00
2026.02,853400,41,경기도 하남시,3,API_EXP_USD_AMT_UNVERIFIED_SCALE,https://www.data.go.kr/data/15134343/openapi.do,2026-10-07T08:12:52+09:00
2026.02,853400,41,경기도 화성시,835,API_EXP_USD_AMT_UNVERIFIED_SCALE,https://www.data.go.kr/data/15134343/openapi.do,2026-10-07T08:12:52+09:00
2026.02,853400,43,충청북도 음성군,0,API_EXP_USD_AMT_UNVERIFIED_SCALE,https://www.data.go.kr/data/15134343/openapi.do,2026-10-07T08:12:52+09:00
2026.02,853400,43,충청북도 증평군,550,API_EXP_USD_AMT_UNVERIFIED_SCALE,https://www.data.go.kr/data/15134343/openapi.do,2026-10-07T08:12:52+09:00
2026.02,853400,43,충청북도 진천군,563,API_EXP_USD_AMT_UNVERIFIED_SCALE,https://www.data.go.kr/data/15134343/openapi.do,2026-10-07T08:12:52+09:00
2026.02,853400,43,충청북도 청주시,44975,API_EXP_USD_AMT_UNVERIFIED_SCALE,https://www.data.go.kr/data/15134343/openapi.do,2026-10-07T08:12:52+09:00
2026.02,853400,43,충청북도 충주시,0,API_EXP_USD_AMT_UNVERIFIED_SCALE,https://www.data.go.kr/data/15134343/openapi.do,2026-10-07T08:12:52+09:00
2026.03,330499,36,세종특별자치시,6399,API_EXP_USD_AMT_UNVERIFIED_SCALE,https://www.data.go.kr/data/15134343/openapi.do,2026-10-07T08:12:52+09:00
2026.03,330499,41,경기도 가평군,386,API_EXP_USD_AMT_UNVERIFIED_SCALE,https://www.data.go.kr/data/15134343/openapi.do,2026-10-07T08:12:52+09:00
2026.03,330499,41,경기도 고양시,9756,API_EXP_USD_AMT_UNVERIFIED_SCALE,https://www.data.go.kr/data/15134343/openapi.do,2026-10-07T08:12:52+09:00
2026.03,330499,41,경기도 과천시,3,API_EXP_USD_AMT_UNVERIFIED_SCALE,https://www.data.go.kr/data/15134343/openapi.do,2026-10-07T08:12:52+09:00
2026.03,330499,41,경기도 광명시,1073,API_EXP_USD_AMT_UNVERIFIED_SCALE,https://www.data.go.kr/data/15134343/openapi.do,2026-10-07T08:12:52+09:00
2026.03,330499,41,경기도 광주시,500,API_EXP_USD_AMT_UNVERIFIED_SCALE,https://www.data.go.kr/data/15134343/openapi.do,2026-10-07T08:12:52+09:00
2026.03,330499,41,경기도 구리시,280,API_EXP_USD_AMT_UNVERIFIED_SCALE,https://www.data.go.kr/data/15134343/openapi.do,2026-10-07T08:12:52+09:00
2026.03,330499,41,경기도 군포시,1072,API_EXP_USD_AMT_UNVERIFIED_SCALE,https://www.data.go.kr/data/15134343/openapi.do,2026-10-07T08:12:52+09:00
2026.03,330499,41,경기도 김포시,47851,API_EXP_USD_AMT_UNVERIFIED_SCALE,https://www.data.go.kr/data/15134343/openapi.do,2026-10-07T08:12:52+09:00
2026.03,330499,41,경기도 남양주시,3104,API_EXP_USD_AMT_UNVERIFIED_SCALE,https://www.data.go.kr/data/15134343/openapi.do,2026-10-07T08:12:52+09:00
2026.03,330499,41,경기도 동두천시,0,API_EXP_USD_AMT_UNVERIFIED_SCALE,https://www.data.go.kr/data/15134343/openapi.do,2026-10-07T08:12:52+09:00
2026.03,330499,41,경기도 부천시,5048,API_EXP_USD_AMT_UNVERIFIED_SCALE,https://www.data.go.kr/data/15134343/openapi.do,2026-10-07T08:12:52+09:00
2026.03,330499,41,경기도 성남시,37159,API_EXP_USD_AMT_UNVERIFIED_SCALE,https://www.data.go.kr/data/15134343/openapi.do,2026-10-07T08:12:52+09:00
2026.03,330499,41,경기도 수원시,1935,API_EXP_USD_AMT_UNVERIFIED_SCALE,https://www.data.go.kr/data/15134343/openapi.do,2026-10-07T08:12:52+09:00
2026.03,330499,41,경기도 시흥시,5249,API_EXP_USD_AMT_UNVERIFIED_SCALE,https://www.data.go.kr/data/15134343/openapi.do,2026-10-07T08:12:52+09:00
2026.03,330499,41,경기도 안산시,1320,API_EXP_USD_AMT_UNVERIFIED_SCALE,https://www.data.go.kr/data/15134343/openapi.do,2026-10-07T08:12:52+09:00
2026.03,330499,41,경기도 안성시,2114,API_EXP_USD_AMT_UNVERIFIED_SCALE,https://www.data.go.kr/data/15134343/openapi.do,2026-10-07T08:12:52+09:00
2026.03,330499,41,경기도 안양시,5198,API_EXP_USD_AMT_UNVERIFIED_SCALE,https://www.data.go.kr/data/15134343/openapi.do,2026-10-07T08:12:52+09:00
2026.03,330499,41,경기도 양주시,468,API_EXP_USD_AMT_UNVERIFIED_SCALE,https://www.data.go.kr/data/15134343/openapi.do,2026-10-07T08:12:52+09:00
2026.03,330499,41,경기도 양평군,21,API_EXP_USD_AMT_UNVERIFIED_SCALE,https://www.data.go.kr/data/15134343/openapi.do,2026-10-07T08:12:52+09:00
2026.03,330499,41,경기도 여주군,50,API_EXP_USD_AMT_UNVERIFIED_SCALE,https://www.data.go.kr/data/15134343/openapi.do,2026-10-07T08:12:52+09:00
2026.03,330499,41,경기도 연천군,0,API_EXP_USD_AMT_UNVERIFIED_SCALE,https://www.data.go.kr/data/15134343/openapi.do,2026-10-07T08:12:52+09:00
2026.03,330499,41,경기도 오산시,15785,API_EXP_USD_AMT_UNVERIFIED_SCALE,https://www.data.go.kr/data/15134343/openapi.do,2026-10-07T08:12:52+09:00
2026.03,330499,41,경기도 용인시,3100,API_EXP_USD_AMT_UNVERIFIED_SCALE,https://www.data.go.kr/data/15134343/openapi.do,2026-10-07T08:12:52+09:00
2026.03,330499,41,경기도 의왕시,1238,API_EXP_USD_AMT_UNVERIFIED_SCALE,https://www.data.go.kr/data/15134343/openapi.do,2026-10-07T08:12:52+09:00
2026.03,330499,41,경기도 의정부시,39,API_EXP_USD_AMT_UNVERIFIED_SCALE,https://www.data.go.kr/data/15134343/openapi.do,2026-10-07T08:12:52+09:00
2026.03,330499,41,경기도 이천시,517,API_EXP_USD_AMT_UNVERIFIED_SCALE,https://www.data.go.kr/data/15134343/openapi.do,2026-10-07T08:12:52+09:00
2026.03,330499,41,경기도 파주시,759,API_EXP_USD_AMT_UNVERIFIED_SCALE,https://www.data.go.kr/data/15134343/openapi.do,2026-10-07T08:12:52+09:00
2026.03,330499,41,경기도 평택시,5366,API_EXP_USD_AMT_UNVERIFIED_SCALE,https://www.data.go.kr/data/15134343/openapi.do,2026-10-07T08:12:52+09:00
2026.03,330499,41,경기도 포천군,503,API_EXP_USD_AMT_UNVERIFIED_SCALE,https://www.data.go.kr/data/15134343/openapi.do,2026-10-07T08:12:52+09:00
2026.03,330499,41,경기도 하남시,3432,API_EXP_USD_AMT_UNVERIFIED_SCALE,https://www.data.go.kr/data/15134343/openapi.do,2026-10-07T08:12:52+09:00
2026.03,330499,41,경기도 화성시,25433,API_EXP_USD_AMT_UNVERIFIED_SCALE,https://www.data.go.kr/data/15134343/openapi.do,2026-10-07T08:12:52+09:00
2026.03,853400,27,대구광역시 남구,0,API_EXP_USD_AMT_UNVERIFIED_SCALE,https://www.data.go.kr/data/15134343/openapi.do,2026-10-07T08:12:52+09:00
2026.03,853400,27,대구광역시 달서구,112,API_EXP_USD_AMT_UNVERIFIED_SCALE,https://www.data.go.kr/data/15134343/openapi.do,2026-10-07T08:12:52+09:00
2026.03,853400,27,대구광역시 달성군,66579,API_EXP_USD_AMT_UNVERIFIED_SCALE,https://www.data.go.kr/data/15134343/openapi.do,2026-10-07T08:12:52+09:00
2026.03,853400,27,대구광역시 동구,0,API_EXP_USD_AMT_UNVERIFIED_SCALE,https://www.data.go.kr/data/15134343/openapi.do,2026-10-07T08:12:52+09:00
2026.03,853400,27,대구광역시 북구,0,API_EXP_USD_AMT_UNVERIFIED_SCALE,https://www.data.go.kr/data/15134343/openapi.do,2026-10-07T08:12:52+09:00
2026.03,853400,27,대구광역시 서구,0,API_EXP_USD_AMT_UNVERIFIED_SCALE,https://www.data.go.kr/data/15134343/openapi.do,2026-10-07T08:12:52+09:00
2026.03,853400,27,대구광역시 수성구,0,API_EXP_USD_AMT_UNVERIFIED_SCALE,https://www.data.go.kr/data/15134343/openapi.do,2026-10-07T08:12:52+09:00
2026.03,853400,41,경기도 고양시,42,API_EXP_USD_AMT_UNVERIFIED_SCALE,https://www.data.go.kr/data/15134343/openapi.do,2026-10-07T08:12:52+09:00
2026.03,853400,41,경기도 과천시,52,API_EXP_USD_AMT_UNVERIFIED_SCALE,https://www.data.go.kr/data/15134343/openapi.do,2026-10-07T08:12:52+09:00
2026.03,853400,41,경기도 광명시,18,API_EXP_USD_AMT_UNVERIFIED_SCALE,https://www.data.go.kr/data/15134343/openapi.do,2026-10-07T08:12:52+09:00
2026.03,853400,41,경기도 광주시,2,API_EXP_USD_AMT_UNVERIFIED_SCALE,https://www.data.go.kr/data/15134343/openapi.do,2026-10-07T08:12:52+09:00
2026.03,853400,41,경기도 구리시,0,API_EXP_USD_AMT_UNVERIFIED_SCALE,https://www.data.go.kr/data/15134343/openapi.do,2026-10-07T08:12:52+09:00
2026.03,853400,41,경기도 군포시,239,API_EXP_USD_AMT_UNVERIFIED_SCALE,https://www.data.go.kr/data/15134343/openapi.do,2026-10-07T08:12:52+09:00
2026.03,853400,41,경기도 김포시,305,API_EXP_USD_AMT_UNVERIFIED_SCALE,https://www.data.go.kr/data/15134343/openapi.do,2026-10-07T08:12:52+09:00
2026.03,853400,41,경기도 남양주시,0,API_EXP_USD_AMT_UNVERIFIED_SCALE,https://www.data.go.kr/data/15134343/openapi.do,2026-10-07T08:12:52+09:00
2026.03,853400,41,경기도 동두천시,1030,API_EXP_USD_AMT_UNVERIFIED_SCALE,https://www.data.go.kr/data/15134343/openapi.do,2026-10-07T08:12:52+09:00
2026.03,853400,41,경기도 부천시,197,API_EXP_USD_AMT_UNVERIFIED_SCALE,https://www.data.go.kr/data/15134343/openapi.do,2026-10-07T08:12:52+09:00
2026.03,853400,41,경기도 성남시,2005,API_EXP_USD_AMT_UNVERIFIED_SCALE,https://www.data.go.kr/data/15134343/openapi.do,2026-10-07T08:12:52+09:00
2026.03,853400,41,경기도 수원시,42065,API_EXP_USD_AMT_UNVERIFIED_SCALE,https://www.data.go.kr/data/15134343/openapi.do,2026-10-07T08:12:52+09:00
2026.03,853400,41,경기도 시흥시,3742,API_EXP_USD_AMT_UNVERIFIED_SCALE,https://www.data.go.kr/data/15134343/openapi.do,2026-10-07T08:12:52+09:00
2026.03,853400,41,경기도 안산시,110493,API_EXP_USD_AMT_UNVERIFIED_SCALE,https://www.data.go.kr/data/15134343/openapi.do,2026-10-07T08:12:52+09:00
2026.03,853400,41,경기도 안성시,9977,API_EXP_USD_AMT_UNVERIFIED_SCALE,https://www.data.go.kr/data/15134343/openapi.do,2026-10-07T08:12:52+09:00
2026.03,853400,41,경기도 안양시,1189,API_EXP_USD_AMT_UNVERIFIED_SCALE,https://www.data.go.kr/data/15134343/openapi.do,2026-10-07T08:12:52+09:00
2026.03,853400,41,경기도 양주시,0,API_EXP_USD_AMT_UNVERIFIED_SCALE,https://www.data.go.kr/data/15134343/openapi.do,2026-10-07T08:12:52+09:00
2026.03,853400,41,경기도 양평군,2,API_EXP_USD_AMT_UNVERIFIED_SCALE,https://www.data.go.kr/data/15134343/openapi.do,2026-10-07T08:12:52+09:00
2026.03,853400,41,경기도 여주군,0,API_EXP_USD_AMT_UNVERIFIED_SCALE,https://www.data.go.kr/data/15134343/openapi.do,2026-10-07T08:12:52+09:00
2026.03,853400,41,경기도 오산시,114,API_EXP_USD_AMT_UNVERIFIED_SCALE,https://www.data.go.kr/data/15134343/openapi.do,2026-10-07T08:12:52+09:00
2026.03,853400,41,경기도 용인시,266,API_EXP_USD_AMT_UNVERIFIED_SCALE,https://www.data.go.kr/data/15134343/openapi.do,2026-10-07T08:12:52+09:00
2026.03,853400,41,경기도 의왕시,67,API_EXP_USD_AMT_UNVERIFIED_SCALE,https://www.data.go.kr/data/15134343/openapi.do,2026-10-07T08:12:52+09:00
2026.03,853400,41,경기도 의정부시,7,API_EXP_USD_AMT_UNVERIFIED_SCALE,https://www.data.go.kr/data/15134343/openapi.do,2026-10-07T08:12:52+09:00
2026.03,853400,41,경기도 이천시,82,API_EXP_USD_AMT_UNVERIFIED_SCALE,https://www.data.go.kr/data/15134343/openapi.do,2026-10-07T08:12:52+09:00
2026.03,853400,41,경기도 파주시,121,API_EXP_USD_AMT_UNVERIFIED_SCALE,https://www.data.go.kr/data/15134343/openapi.do,2026-10-07T08:12:52+09:00
2026.03,853400,41,경기도 평택시,2798,API_EXP_USD_AMT_UNVERIFIED_SCALE,https://www.data.go.kr/data/15134343/openapi.do,2026-10-07T08:12:52+09:00
2026.03,853400,41,경기도 포천군,1,API_EXP_USD_AMT_UNVERIFIED_SCALE,https://www.data.go.kr/data/15134343/openapi.do,2026-10-07T08:12:52+09:00
2026.03,853400,41,경기도 하남시,24,API_EXP_USD_AMT_UNVERIFIED_SCALE,https://www.data.go.kr/data/15134343/openapi.do,2026-10-07T08:12:52+09:00
2026.03,853400,41,경기도 화성시,1878,API_EXP_USD_AMT_UNVERIFIED_SCALE,https://www.data.go.kr/data/15134343/openapi.do,2026-10-07T08:12:52+09:00
2026.03,853400,43,충청북도 옥천군,0,API_EXP_USD_AMT_UNVERIFIED_SCALE,https://www.data.go.kr/data/15134343/openapi.do,2026-10-07T08:12:52+09:00
2026.03,853400,43,충청북도 제천시,1,API_EXP_USD_AMT_UNVERIFIED_SCALE,https://www.data.go.kr/data/15134343/openapi.do,2026-10-07T08:12:52+09:00
2026.03,853400,43,충청북도 증평군,750,API_EXP_USD_AMT_UNVERIFIED_SCALE,https://www.data.go.kr/data/15134343/openapi.do,2026-10-07T08:12:52+09:00
2026.03,853400,43,충청북도 진천군,347,API_EXP_USD_AMT_UNVERIFIED_SCALE,https://www.data.go.kr/data/15134343/openapi.do,2026-10-07T08:12:52+09:00
2026.03,853400,43,충청북도 청주시,56091,API_EXP_USD_AMT_UNVERIFIED_SCALE,https://www.data.go.kr/data/15134343/openapi.do,2026-10-07T08:12:52+09:00
2026.03,853400,43,충청북도 충주시,0,API_EXP_USD_AMT_UNVERIFIED_SCALE,https://www.data.go.kr/data/15134343/openapi.do,2026-10-07T08:12:52+09:00
2026.04,330499,36,세종특별자치시,8540,API_EXP_USD_AMT_UNVERIFIED_SCALE,https://www.data.go.kr/data/15134343/openapi.do,2026-10-07T08:12:52+09:00
2026.04,330499,41,경기도 가평군,124,API_EXP_USD_AMT_UNVERIFIED_SCALE,https://www.data.go.kr/data/15134343/openapi.do,2026-10-07T08:12:52+09:00
2026.04,330499,41,경기도 고양시,11568,API_EXP_USD_AMT_UNVERIFIED_SCALE,https://www.data.go.kr/data/15134343/openapi.do,2026-10-07T08:12:52+09:00
2026.04,330499,41,경기도 과천시,7,API_EXP_USD_AMT_UNVERIFIED_SCALE,https://www.data.go.kr/data/15134343/openapi.do,2026-10-07T08:12:52+09:00
2026.04,330499,41,경기도 광명시,1425,API_EXP_USD_AMT_UNVERIFIED_SCALE,https://www.data.go.kr/data/15134343/openapi.do,2026-10-07T08:12:52+09:00
2026.04,330499,41,경기도 광주시,897,API_EXP_USD_AMT_UNVERIFIED_SCALE,https://www.data.go.kr/data/15134343/openapi.do,2026-10-07T08:12:52+09:00
2026.04,330499,41,경기도 구리시,264,API_EXP_USD_AMT_UNVERIFIED_SCALE,https://www.data.go.kr/data/15134343/openapi.do,2026-10-07T08:12:52+09:00
2026.04,330499,41,경기도 군포시,1295,API_EXP_USD_AMT_UNVERIFIED_SCALE,https://www.data.go.kr/data/15134343/openapi.do,2026-10-07T08:12:52+09:00
2026.04,330499,41,경기도 김포시,51684,API_EXP_USD_AMT_UNVERIFIED_SCALE,https://www.data.go.kr/data/15134343/openapi.do,2026-10-07T08:12:52+09:00
2026.04,330499,41,경기도 남양주시,3715,API_EXP_USD_AMT_UNVERIFIED_SCALE,https://www.data.go.kr/data/15134343/openapi.do,2026-10-07T08:12:52+09:00
2026.04,330499,41,경기도 동두천시,0,API_EXP_USD_AMT_UNVERIFIED_SCALE,https://www.data.go.kr/data/15134343/openapi.do,2026-10-07T08:12:52+09:00
2026.04,330499,41,경기도 부천시,4663,API_EXP_USD_AMT_UNVERIFIED_SCALE,https://www.data.go.kr/data/15134343/openapi.do,2026-10-07T08:12:52+09:00
2026.04,330499,41,경기도 성남시,44889,API_EXP_USD_AMT_UNVERIFIED_SCALE,https://www.data.go.kr/data/15134343/openapi.do,2026-10-07T08:12:52+09:00
2026.04,330499,41,경기도 수원시,2082,API_EXP_USD_AMT_UNVERIFIED_SCALE,https://www.data.go.kr/data/15134343/openapi.do,2026-10-07T08:12:52+09:00
2026.04,330499,41,경기도 시흥시,5734,API_EXP_USD_AMT_UNVERIFIED_SCALE,https://www.data.go.kr/data/15134343/openapi.do,2026-10-07T08:12:52+09:00
2026.04,330499,41,경기도 안산시,1857,API_EXP_USD_AMT_UNVERIFIED_SCALE,https://www.data.go.kr/data/15134343/openapi.do,2026-10-07T08:12:52+09:00
2026.04,330499,41,경기도 안성시,2096,API_EXP_USD_AMT_UNVERIFIED_SCALE,https://www.data.go.kr/data/15134343/openapi.do,2026-10-07T08:12:52+09:00
2026.04,330499,41,경기도 안양시,5554,API_EXP_USD_AMT_UNVERIFIED_SCALE,https://www.data.go.kr/data/15134343/openapi.do,2026-10-07T08:12:52+09:00
2026.04,330499,41,경기도 양주시,719,API_EXP_USD_AMT_UNVERIFIED_SCALE,https://www.data.go.kr/data/15134343/openapi.do,2026-10-07T08:12:52+09:00
2026.04,330499,41,경기도 양평군,19,API_EXP_USD_AMT_UNVERIFIED_SCALE,https://www.data.go.kr/data/15134343/openapi.do,2026-10-07T08:12:52+09:00
2026.04,330499,41,경기도 여주군,12,API_EXP_USD_AMT_UNVERIFIED_SCALE,https://www.data.go.kr/data/15134343/openapi.do,2026-10-07T08:12:52+09:00
2026.04,330499,41,경기도 연천군,147,API_EXP_USD_AMT_UNVERIFIED_SCALE,https://www.data.go.kr/data/15134343/openapi.do,2026-10-07T08:12:52+09:00
2026.04,330499,41,경기도 오산시,15308,API_EXP_USD_AMT_UNVERIFIED_SCALE,https://www.data.go.kr/data/15134343/openapi.do,2026-10-07T08:12:52+09:00
2026.04,330499,41,경기도 용인시,3943,API_EXP_USD_AMT_UNVERIFIED_SCALE,https://www.data.go.kr/data/15134343/openapi.do,2026-10-07T08:12:52+09:00
2026.04,330499,41,경기도 의왕시,907,API_EXP_USD_AMT_UNVERIFIED_SCALE,https://www.data.go.kr/data/15134343/openapi.do,2026-10-07T08:12:52+09:00
2026.04,330499,41,경기도 의정부시,5,API_EXP_USD_AMT_UNVERIFIED_SCALE,https://www.data.go.kr/data/15134343/openapi.do,2026-10-07T08:12:52+09:00
2026.04,330499,41,경기도 이천시,250,API_EXP_USD_AMT_UNVERIFIED_SCALE,https://www.data.go.kr/data/15134343/openapi.do,2026-10-07T08:12:52+09:00
2026.04,330499,41,경기도 파주시,1334,API_EXP_USD_AMT_UNVERIFIED_SCALE,https://www.data.go.kr/data/15134343/openapi.do,2026-10-07T08:12:52+09:00
2026.04,330499,41,경기도 평택시,3587,API_EXP_USD_AMT_UNVERIFIED_SCALE,https://www.data.go.kr/data/15134343/openapi.do,2026-10-07T08:12:52+09:00
2026.04,330499,41,경기도 포천군,764,API_EXP_USD_AMT_UNVERIFIED_SCALE,https://www.data.go.kr/data/15134343/openapi.do,2026-10-07T08:12:52+09:00
2026.04,330499,41,경기도 하남시,2922,API_EXP_USD_AMT_UNVERIFIED_SCALE,https://www.data.go.kr/data/15134343/openapi.do,2026-10-07T08:12:52+09:00
2026.04,330499,41,경기도 화성시,26147,API_EXP_USD_AMT_UNVERIFIED_SCALE,https://www.data.go.kr/data/15134343/openapi.do,2026-10-07T08:12:52+09:00
2026.04,853400,27,대구광역시 남구,0,API_EXP_USD_AMT_UNVERIFIED_SCALE,https://www.data.go.kr/data/15134343/openapi.do,2026-10-07T08:12:52+09:00
2026.04,853400,27,대구광역시 달서구,60,API_EXP_USD_AMT_UNVERIFIED_SCALE,https://www.data.go.kr/data/15134343/openapi.do,2026-10-07T08:12:52+09:00
2026.04,853400,27,대구광역시 달성군,63372,API_EXP_USD_AMT_UNVERIFIED_SCALE,https://www.data.go.kr/data/15134343/openapi.do,2026-10-07T08:12:52+09:00
2026.04,853400,27,대구광역시 동구,0,API_EXP_USD_AMT_UNVERIFIED_SCALE,https://www.data.go.kr/data/15134343/openapi.do,2026-10-07T08:12:52+09:00
2026.04,853400,27,대구광역시 북구,0,API_EXP_USD_AMT_UNVERIFIED_SCALE,https://www.data.go.kr/data/15134343/openapi.do,2026-10-07T08:12:52+09:00
2026.04,853400,27,대구광역시 수성구,0,API_EXP_USD_AMT_UNVERIFIED_SCALE,https://www.data.go.kr/data/15134343/openapi.do,2026-10-07T08:12:52+09:00
2026.04,853400,27,대구광역시 중구,0,API_EXP_USD_AMT_UNVERIFIED_SCALE,https://www.data.go.kr/data/15134343/openapi.do,2026-10-07T08:12:52+09:00
2026.04,853400,41,경기도 가평군,0,API_EXP_USD_AMT_UNVERIFIED_SCALE,https://www.data.go.kr/data/15134343/openapi.do,2026-10-07T08:12:52+09:00
2026.04,853400,41,경기도 고양시,47,API_EXP_USD_AMT_UNVERIFIED_SCALE,https://www.data.go.kr/data/15134343/openapi.do,2026-10-07T08:12:52+09:00
2026.04,853400,41,경기도 과천시,76,API_EXP_USD_AMT_UNVERIFIED_SCALE,https://www.data.go.kr/data/15134343/openapi.do,2026-10-07T08:12:52+09:00
2026.04,853400,41,경기도 광명시,0,API_EXP_USD_AMT_UNVERIFIED_SCALE,https://www.data.go.kr/data/15134343/openapi.do,2026-10-07T08:12:52+09:00
2026.04,853400,41,경기도 광주시,0,API_EXP_USD_AMT_UNVERIFIED_SCALE,https://www.data.go.kr/data/15134343/openapi.do,2026-10-07T08:12:52+09:00
2026.04,853400,41,경기도 구리시,0,API_EXP_USD_AMT_UNVERIFIED_SCALE,https://www.data.go.kr/data/15134343/openapi.do,2026-10-07T08:12:52+09:00
2026.04,853400,41,경기도 군포시,479,API_EXP_USD_AMT_UNVERIFIED_SCALE,https://www.data.go.kr/data/15134343/openapi.do,2026-10-07T08:12:52+09:00
2026.04,853400,41,경기도 김포시,925,API_EXP_USD_AMT_UNVERIFIED_SCALE,https://www.data.go.kr/data/15134343/openapi.do,2026-10-07T08:12:52+09:00
2026.04,853400,41,경기도 남양주시,0,API_EXP_USD_AMT_UNVERIFIED_SCALE,https://www.data.go.kr/data/15134343/openapi.do,2026-10-07T08:12:52+09:00
2026.04,853400,41,경기도 동두천시,833,API_EXP_USD_AMT_UNVERIFIED_SCALE,https://www.data.go.kr/data/15134343/openapi.do,2026-10-07T08:12:52+09:00
2026.04,853400,41,경기도 부천시,176,API_EXP_USD_AMT_UNVERIFIED_SCALE,https://www.data.go.kr/data/15134343/openapi.do,2026-10-07T08:12:52+09:00
2026.04,853400,41,경기도 성남시,1456,API_EXP_USD_AMT_UNVERIFIED_SCALE,https://www.data.go.kr/data/15134343/openapi.do,2026-10-07T08:12:52+09:00
2026.04,853400,41,경기도 수원시,35017,API_EXP_USD_AMT_UNVERIFIED_SCALE,https://www.data.go.kr/data/15134343/openapi.do,2026-10-07T08:12:52+09:00
2026.04,853400,41,경기도 시흥시,3870,API_EXP_USD_AMT_UNVERIFIED_SCALE,https://www.data.go.kr/data/15134343/openapi.do,2026-10-07T08:12:52+09:00
2026.04,853400,41,경기도 안산시,106796,API_EXP_USD_AMT_UNVERIFIED_SCALE,https://www.data.go.kr/data/15134343/openapi.do,2026-10-07T08:12:52+09:00
2026.04,853400,41,경기도 안성시,7603,API_EXP_USD_AMT_UNVERIFIED_SCALE,https://www.data.go.kr/data/15134343/openapi.do,2026-10-07T08:12:52+09:00
2026.04,853400,41,경기도 안양시,1605,API_EXP_USD_AMT_UNVERIFIED_SCALE,https://www.data.go.kr/data/15134343/openapi.do,2026-10-07T08:12:52+09:00
2026.04,853400,41,경기도 양주시,0,API_EXP_USD_AMT_UNVERIFIED_SCALE,https://www.data.go.kr/data/15134343/openapi.do,2026-10-07T08:12:52+09:00
2026.04,853400,41,경기도 양평군,1,API_EXP_USD_AMT_UNVERIFIED_SCALE,https://www.data.go.kr/data/15134343/openapi.do,2026-10-07T08:12:52+09:00
2026.04,853400,41,경기도 여주군,0,API_EXP_USD_AMT_UNVERIFIED_SCALE,https://www.data.go.kr/data/15134343/openapi.do,2026-10-07T08:12:52+09:00
2026.04,853400,41,경기도 오산시,136,API_EXP_USD_AMT_UNVERIFIED_SCALE,https://www.data.go.kr/data/15134343/openapi.do,2026-10-07T08:12:52+09:00
2026.04,853400,41,경기도 용인시,379,API_EXP_USD_AMT_UNVERIFIED_SCALE,https://www.data.go.kr/data/15134343/openapi.do,2026-10-07T08:12:52+09:00
2026.04,853400,41,경기도 의왕시,0,API_EXP_USD_AMT_UNVERIFIED_SCALE,https://www.data.go.kr/data/15134343/openapi.do,2026-10-07T08:12:52+09:00
2026.04,853400,41,경기도 의정부시,15,API_EXP_USD_AMT_UNVERIFIED_SCALE,https://www.data.go.kr/data/15134343/openapi.do,2026-10-07T08:12:52+09:00
2026.04,853400,41,경기도 이천시,223,API_EXP_USD_AMT_UNVERIFIED_SCALE,https://www.data.go.kr/data/15134343/openapi.do,2026-10-07T08:12:52+09:00
2026.04,853400,41,경기도 파주시,194,API_EXP_USD_AMT_UNVERIFIED_SCALE,https://www.data.go.kr/data/15134343/openapi.do,2026-10-07T08:12:52+09:00
2026.04,853400,41,경기도 평택시,3119,API_EXP_USD_AMT_UNVERIFIED_SCALE,https://www.data.go.kr/data/15134343/openapi.do,2026-10-07T08:12:52+09:00
2026.04,853400,41,경기도 포천군,0,API_EXP_USD_AMT_UNVERIFIED_SCALE,https://www.data.go.kr/data/15134343/openapi.do,2026-10-07T08:12:52+09:00
2026.04,853400,41,경기도 하남시,1,API_EXP_USD_AMT_UNVERIFIED_SCALE,https://www.data.go.kr/data/15134343/openapi.do,2026-10-07T08:12:52+09:00
2026.04,853400,41,경기도 화성시,2349,API_EXP_USD_AMT_UNVERIFIED_SCALE,https://www.data.go.kr/data/15134343/openapi.do,2026-10-07T08:12:52+09:00
2026.04,853400,43,충청북도 음성군,20,API_EXP_USD_AMT_UNVERIFIED_SCALE,https://www.data.go.kr/data/15134343/openapi.do,2026-10-07T08:12:52+09:00
2026.04,853400,43,충청북도 제천시,7,API_EXP_USD_AMT_UNVERIFIED_SCALE,https://www.data.go.kr/data/15134343/openapi.do,2026-10-07T08:12:52+09:00
2026.04,853400,43,충청북도 증평군,801,API_EXP_USD_AMT_UNVERIFIED_SCALE,https://www.data.go.kr/data/15134343/openapi.do,2026-10-07T08:12:52+09:00
2026.04,853400,43,충청북도 진천군,406,API_EXP_USD_AMT_UNVERIFIED_SCALE,https://www.data.go.kr/data/15134343/openapi.do,2026-10-07T08:12:52+09:00
2026.04,853400,43,충청북도 청주시,53321,API_EXP_USD_AMT_UNVERIFIED_SCALE,https://www.data.go.kr/data/15134343/openapi.do,2026-10-07T08:12:52+09:00
2026.04,853400,43,충청북도 충주시,0,API_EXP_USD_AMT_UNVERIFIED_SCALE,https://www.data.go.kr/data/15134343/openapi.do,2026-10-07T08:12:52+09:00
2026.05,330499,36,세종특별자치시,6385,API_EXP_USD_AMT_UNVERIFIED_SCALE,https://www.data.go.kr/data/15134343/openapi.do,2026-10-07T08:12:52+09:00
2026.05,330499,41,경기도 가평군,64,API_EXP_USD_AMT_UNVERIFIED_SCALE,https://www.data.go.kr/data/15134343/openapi.do,2026-10-07T08:12:52+09:00
2026.05,330499,41,경기도 고양시,9958,API_EXP_USD_AMT_UNVERIFIED_SCALE,https://www.data.go.kr/data/15134343/openapi.do,2026-10-07T08:12:52+09:00
2026.05,330499,41,경기도 과천시,10,API_EXP_USD_AMT_UNVERIFIED_SCALE,https://www.data.go.kr/data/15134343/openapi.do,2026-10-07T08:12:52+09:00
2026.05,330499,41,경기도 광명시,1012,API_EXP_USD_AMT_UNVERIFIED_SCALE,https://www.data.go.kr/data/15134343/openapi.do,2026-10-07T08:12:52+09:00
2026.05,330499,41,경기도 광주시,573,API_EXP_USD_AMT_UNVERIFIED_SCALE,https://www.data.go.kr/data/15134343/openapi.do,2026-10-07T08:12:52+09:00
2026.05,330499,41,경기도 구리시,555,API_EXP_USD_AMT_UNVERIFIED_SCALE,https://www.data.go.kr/data/15134343/openapi.do,2026-10-07T08:12:52+09:00
2026.05,330499,41,경기도 군포시,952,API_EXP_USD_AMT_UNVERIFIED_SCALE,https://www.data.go.kr/data/15134343/openapi.do,2026-10-07T08:12:52+09:00
2026.05,330499,41,경기도 김포시,42838,API_EXP_USD_AMT_UNVERIFIED_SCALE,https://www.data.go.kr/data/15134343/openapi.do,2026-10-07T08:12:52+09:00
2026.05,330499,41,경기도 남양주시,2735,API_EXP_USD_AMT_UNVERIFIED_SCALE,https://www.data.go.kr/data/15134343/openapi.do,2026-10-07T08:12:52+09:00
2026.05,330499,41,경기도 동두천시,326,API_EXP_USD_AMT_UNVERIFIED_SCALE,https://www.data.go.kr/data/15134343/openapi.do,2026-10-07T08:12:52+09:00
2026.05,330499,41,경기도 부천시,4277,API_EXP_USD_AMT_UNVERIFIED_SCALE,https://www.data.go.kr/data/15134343/openapi.do,2026-10-07T08:12:52+09:00
2026.05,330499,41,경기도 성남시,35645,API_EXP_USD_AMT_UNVERIFIED_SCALE,https://www.data.go.kr/data/15134343/openapi.do,2026-10-07T08:12:52+09:00
2026.05,330499,41,경기도 수원시,1897,API_EXP_USD_AMT_UNVERIFIED_SCALE,https://www.data.go.kr/data/15134343/openapi.do,2026-10-07T08:12:52+09:00
2026.05,330499,41,경기도 시흥시,3087,API_EXP_USD_AMT_UNVERIFIED_SCALE,https://www.data.go.kr/data/15134343/openapi.do,2026-10-07T08:12:52+09:00
2026.05,330499,41,경기도 안산시,2060,API_EXP_USD_AMT_UNVERIFIED_SCALE,https://www.data.go.kr/data/15134343/openapi.do,2026-10-07T08:12:52+09:00
2026.05,330499,41,경기도 안성시,1765,API_EXP_USD_AMT_UNVERIFIED_SCALE,https://www.data.go.kr/data/15134343/openapi.do,2026-10-07T08:12:52+09:00
2026.05,330499,41,경기도 안양시,4255,API_EXP_USD_AMT_UNVERIFIED_SCALE,https://www.data.go.kr/data/15134343/openapi.do,2026-10-07T08:12:52+09:00
2026.05,330499,41,경기도 양주시,500,API_EXP_USD_AMT_UNVERIFIED_SCALE,https://www.data.go.kr/data/15134343/openapi.do,2026-10-07T08:12:52+09:00
2026.05,330499,41,경기도 양평군,0,API_EXP_USD_AMT_UNVERIFIED_SCALE,https://www.data.go.kr/data/15134343/openapi.do,2026-10-07T08:12:52+09:00
2026.05,330499,41,경기도 여주군,27,API_EXP_USD_AMT_UNVERIFIED_SCALE,https://www.data.go.kr/data/15134343/openapi.do,2026-10-07T08:12:52+09:00
2026.05,330499,41,경기도 연천군,0,API_EXP_USD_AMT_UNVERIFIED_SCALE,https://www.data.go.kr/data/15134343/openapi.do,2026-10-07T08:12:52+09:00
2026.05,330499,41,경기도 오산시,15476,API_EXP_USD_AMT_UNVERIFIED_SCALE,https://www.data.go.kr/data/15134343/openapi.do,2026-10-07T08:12:52+09:00
2026.05,330499,41,경기도 용인시,2753,API_EXP_USD_AMT_UNVERIFIED_SCALE,https://www.data.go.kr/data/15134343/openapi.do,2026-10-07T08:12:52+09:00
2026.05,330499,41,경기도 의왕시,1894,API_EXP_USD_AMT_UNVERIFIED_SCALE,https://www.data.go.kr/data/15134343/openapi.do,2026-10-07T08:12:52+09:00
2026.05,330499,41,경기도 의정부시,153,API_EXP_USD_AMT_UNVERIFIED_SCALE,https://www.data.go.kr/data/15134343/openapi.do,2026-10-07T08:12:52+09:00
2026.05,330499,41,경기도 이천시,345,API_EXP_USD_AMT_UNVERIFIED_SCALE,https://www.data.go.kr/data/15134343/openapi.do,2026-10-07T08:12:52+09:00
2026.05,330499,41,경기도 파주시,4229,API_EXP_USD_AMT_UNVERIFIED_SCALE,https://www.data.go.kr/data/15134343/openapi.do,2026-10-07T08:12:52+09:00
2026.05,330499,41,경기도 평택시,2052,API_EXP_USD_AMT_UNVERIFIED_SCALE,https://www.data.go.kr/data/15134343/openapi.do,2026-10-07T08:12:52+09:00
2026.05,330499,41,경기도 포천군,973,API_EXP_USD_AMT_UNVERIFIED_SCALE,https://www.data.go.kr/data/15134343/openapi.do,2026-10-07T08:12:52+09:00
2026.05,330499,41,경기도 하남시,1359,API_EXP_USD_AMT_UNVERIFIED_SCALE,https://www.data.go.kr/data/15134343/openapi.do,2026-10-07T08:12:52+09:00
2026.05,330499,41,경기도 화성시,22605,API_EXP_USD_AMT_UNVERIFIED_SCALE,https://www.data.go.kr/data/15134343/openapi.do,2026-10-07T08:12:52+09:00
2026.05,853400,27,대구광역시 달서구,59,API_EXP_USD_AMT_UNVERIFIED_SCALE,https://www.data.go.kr/data/15134343/openapi.do,2026-10-07T08:12:52+09:00
2026.05,853400,27,대구광역시 달성군,69897,API_EXP_USD_AMT_UNVERIFIED_SCALE,https://www.data.go.kr/data/15134343/openapi.do,2026-10-07T08:12:52+09:00
2026.05,853400,27,대구광역시 동구,0,API_EXP_USD_AMT_UNVERIFIED_SCALE,https://www.data.go.kr/data/15134343/openapi.do,2026-10-07T08:12:52+09:00
2026.05,853400,27,대구광역시 북구,0,API_EXP_USD_AMT_UNVERIFIED_SCALE,https://www.data.go.kr/data/15134343/openapi.do,2026-10-07T08:12:52+09:00
2026.05,853400,27,대구광역시 서구,0,API_EXP_USD_AMT_UNVERIFIED_SCALE,https://www.data.go.kr/data/15134343/openapi.do,2026-10-07T08:12:52+09:00
2026.05,853400,27,대구광역시 수성구,0,API_EXP_USD_AMT_UNVERIFIED_SCALE,https://www.data.go.kr/data/15134343/openapi.do,2026-10-07T08:12:52+09:00
2026.05,853400,27,대구광역시 중구,0,API_EXP_USD_AMT_UNVERIFIED_SCALE,https://www.data.go.kr/data/15134343/openapi.do,2026-10-07T08:12:52+09:00
2026.05,853400,41,경기도 고양시,92,API_EXP_USD_AMT_UNVERIFIED_SCALE,https://www.data.go.kr/data/15134343/openapi.do,2026-10-07T08:12:52+09:00
2026.05,853400,41,경기도 과천시,61,API_EXP_USD_AMT_UNVERIFIED_SCALE,https://www.data.go.kr/data/15134343/openapi.do,2026-10-07T08:12:52+09:00
2026.05,853400,41,경기도 광명시,0,API_EXP_USD_AMT_UNVERIFIED_SCALE,https://www.data.go.kr/data/15134343/openapi.do,2026-10-07T08:12:52+09:00
2026.05,853400,41,경기도 광주시,0,API_EXP_USD_AMT_UNVERIFIED_SCALE,https://www.data.go.kr/data/15134343/openapi.do,2026-10-07T08:12:52+09:00
2026.05,853400,41,경기도 구리시,0,API_EXP_USD_AMT_UNVERIFIED_SCALE,https://www.data.go.kr/data/15134343/openapi.do,2026-10-07T08:12:52+09:00
2026.05,853400,41,경기도 군포시,458,API_EXP_USD_AMT_UNVERIFIED_SCALE,https://www.data.go.kr/data/15134343/openapi.do,2026-10-07T08:12:52+09:00
2026.05,853400,41,경기도 김포시,693,API_EXP_USD_AMT_UNVERIFIED_SCALE,https://www.data.go.kr/data/15134343/openapi.do,2026-10-07T08:12:52+09:00
2026.05,853400,41,경기도 남양주시,0,API_EXP_USD_AMT_UNVERIFIED_SCALE,https://www.data.go.kr/data/15134343/openapi.do,2026-10-07T08:12:52+09:00
2026.05,853400,41,경기도 동두천시,978,API_EXP_USD_AMT_UNVERIFIED_SCALE,https://www.data.go.kr/data/15134343/openapi.do,2026-10-07T08:12:52+09:00
2026.05,853400,41,경기도 부천시,143,API_EXP_USD_AMT_UNVERIFIED_SCALE,https://www.data.go.kr/data/15134343/openapi.do,2026-10-07T08:12:52+09:00
2026.05,853400,41,경기도 성남시,1193,API_EXP_USD_AMT_UNVERIFIED_SCALE,https://www.data.go.kr/data/15134343/openapi.do,2026-10-07T08:12:52+09:00
2026.05,853400,41,경기도 수원시,34120,API_EXP_USD_AMT_UNVERIFIED_SCALE,https://www.data.go.kr/data/15134343/openapi.do,2026-10-07T08:12:52+09:00
2026.05,853400,41,경기도 시흥시,3548,API_EXP_USD_AMT_UNVERIFIED_SCALE,https://www.data.go.kr/data/15134343/openapi.do,2026-10-07T08:12:52+09:00
2026.05,853400,41,경기도 안산시,100809,API_EXP_USD_AMT_UNVERIFIED_SCALE,https://www.data.go.kr/data/15134343/openapi.do,2026-10-07T08:12:52+09:00
2026.05,853400,41,경기도 안성시,7373,API_EXP_USD_AMT_UNVERIFIED_SCALE,https://www.data.go.kr/data/15134343/openapi.do,2026-10-07T08:12:52+09:00
2026.05,853400,41,경기도 안양시,2081,API_EXP_USD_AMT_UNVERIFIED_SCALE,https://www.data.go.kr/data/15134343/openapi.do,2026-10-07T08:12:52+09:00
2026.05,853400,41,경기도 양주시,74,API_EXP_USD_AMT_UNVERIFIED_SCALE,https://www.data.go.kr/data/15134343/openapi.do,2026-10-07T08:12:52+09:00
2026.05,853400,41,경기도 양평군,2,API_EXP_USD_AMT_UNVERIFIED_SCALE,https://www.data.go.kr/data/15134343/openapi.do,2026-10-07T08:12:52+09:00
2026.05,853400,41,경기도 여주군,0,API_EXP_USD_AMT_UNVERIFIED_SCALE,https://www.data.go.kr/data/15134343/openapi.do,2026-10-07T08:12:52+09:00
2026.05,853400,41,경기도 오산시,61,API_EXP_USD_AMT_UNVERIFIED_SCALE,https://www.data.go.kr/data/15134343/openapi.do,2026-10-07T08:12:52+09:00
2026.05,853400,41,경기도 용인시,423,API_EXP_USD_AMT_UNVERIFIED_SCALE,https://www.data.go.kr/data/15134343/openapi.do,2026-10-07T08:12:52+09:00
2026.05,853400,41,경기도 의왕시,0,API_EXP_USD_AMT_UNVERIFIED_SCALE,https://www.data.go.kr/data/15134343/openapi.do,2026-10-07T08:12:52+09:00
2026.05,853400,41,경기도 의정부시,18,API_EXP_USD_AMT_UNVERIFIED_SCALE,https://www.data.go.kr/data/15134343/openapi.do,2026-10-07T08:12:52+09:00
2026.05,853400,41,경기도 이천시,401,API_EXP_USD_AMT_UNVERIFIED_SCALE,https://www.data.go.kr/data/15134343/openapi.do,2026-10-07T08:12:52+09:00
2026.05,853400,41,경기도 파주시,125,API_EXP_USD_AMT_UNVERIFIED_SCALE,https://www.data.go.kr/data/15134343/openapi.do,2026-10-07T08:12:52+09:00
2026.05,853400,41,경기도 평택시,2899,API_EXP_USD_AMT_UNVERIFIED_SCALE,https://www.data.go.kr/data/15134343/openapi.do,2026-10-07T08:12:52+09:00
2026.05,853400,41,경기도 포천군,0,API_EXP_USD_AMT_UNVERIFIED_SCALE,https://www.data.go.kr/data/15134343/openapi.do,2026-10-07T08:12:52+09:00
2026.05,853400,41,경기도 하남시,13,API_EXP_USD_AMT_UNVERIFIED_SCALE,https://www.data.go.kr/data/15134343/openapi.do,2026-10-07T08:12:52+09:00
2026.05,853400,41,경기도 화성시,1992,API_EXP_USD_AMT_UNVERIFIED_SCALE,https://www.data.go.kr/data/15134343/openapi.do,2026-10-07T08:12:52+09:00
2026.05,853400,43,충청북도 보은군,28,API_EXP_USD_AMT_UNVERIFIED_SCALE,https://www.data.go.kr/data/15134343/openapi.do,2026-10-07T08:12:52+09:00
2026.05,853400,43,충청북도 음성군,34,API_EXP_USD_AMT_UNVERIFIED_SCALE,https://www.data.go.kr/data/15134343/openapi.do,2026-10-07T08:12:52+09:00
2026.05,853400,43,충청북도 제천시,8,API_EXP_USD_AMT_UNVERIFIED_SCALE,https://www.data.go.kr/data/15134343/openapi.do,2026-10-07T08:12:52+09:00
2026.05,853400,43,충청북도 증평군,737,API_EXP_USD_AMT_UNVERIFIED_SCALE,https://www.data.go.kr/data/15134343/openapi.do,2026-10-07T08:12:52+09:00
2026.05,853400,43,충청북도 진천군,146,API_EXP_USD_AMT_UNVERIFIED_SCALE,https://www.data.go.kr/data/15134343/openapi.do,2026-10-07T08:12:52+09:00
2026.05,853400,43,충청북도 청주시,51295,API_EXP_USD_AMT_UNVERIFIED_SCALE,https://www.data.go.kr/data/15134343/openapi.do,2026-10-07T08:12:52+09:00
2026.05,853400,43,충청북도 충주시,0,API_EXP_USD_AMT_UNVERIFIED_SCALE,https://www.data.go.kr/data/15134343/openapi.do,2026-10-07T08:12:52+09:00
2026.06,330499,36,세종특별자치시,9708,API_EXP_USD_AMT_UNVERIFIED_SCALE,https://www.data.go.kr/data/15134343/openapi.do,2026-10-07T08:12:52+09:00
2026.06,330499,41,경기도 가평군,260,API_EXP_USD_AMT_UNVERIFIED_SCALE,https://www.data.go.kr/data/15134343/openapi.do,2026-10-07T08:12:52+09:00
2026.06,330499,41,경기도 고양시,10557,API_EXP_USD_AMT_UNVERIFIED_SCALE,https://www.data.go.kr/data/15134343/openapi.do,2026-10-07T08:12:52+09:00
2026.06,330499,41,경기도 과천시,55,API_EXP_USD_AMT_UNVERIFIED_SCALE,https://www.data.go.kr/data/15134343/openapi.do,2026-10-07T08:12:52+09:00
2026.06,330499,41,경기도 광명시,980,API_EXP_USD_AMT_UNVERIFIED_SCALE,https://www.data.go.kr/data/15134343/openapi.do,2026-10-07T08:12:52+09:00
2026.06,330499,41,경기도 광주시,729,API_EXP_USD_AMT_UNVERIFIED_SCALE,https://www.data.go.kr/data/15134343/openapi.do,2026-10-07T08:12:52+09:00
2026.06,330499,41,경기도 구리시,247,API_EXP_USD_AMT_UNVERIFIED_SCALE,https://www.data.go.kr/data/15134343/openapi.do,2026-10-07T08:12:52+09:00
2026.06,330499,41,경기도 군포시,757,API_EXP_USD_AMT_UNVERIFIED_SCALE,https://www.data.go.kr/data/15134343/openapi.do,2026-10-07T08:12:52+09:00
2026.06,330499,41,경기도 김포시,64486,API_EXP_USD_AMT_UNVERIFIED_SCALE,https://www.data.go.kr/data/15134343/openapi.do,2026-10-07T08:12:52+09:00
2026.06,330499,41,경기도 남양주시,3937,API_EXP_USD_AMT_UNVERIFIED_SCALE,https://www.data.go.kr/data/15134343/openapi.do,2026-10-07T08:12:52+09:00
2026.06,330499,41,경기도 동두천시,22,API_EXP_USD_AMT_UNVERIFIED_SCALE,https://www.data.go.kr/data/15134343/openapi.do,2026-10-07T08:12:52+09:00
2026.06,330499,41,경기도 부천시,4494,API_EXP_USD_AMT_UNVERIFIED_SCALE,https://www.data.go.kr/data/15134343/openapi.do,2026-10-07T08:12:52+09:00
2026.06,330499,41,경기도 성남시,34363,API_EXP_USD_AMT_UNVERIFIED_SCALE,https://www.data.go.kr/data/15134343/openapi.do,2026-10-07T08:12:52+09:00
2026.06,330499,41,경기도 수원시,2427,API_EXP_USD_AMT_UNVERIFIED_SCALE,https://www.data.go.kr/data/15134343/openapi.do,2026-10-07T08:12:52+09:00
2026.06,330499,41,경기도 시흥시,3012,API_EXP_USD_AMT_UNVERIFIED_SCALE,https://www.data.go.kr/data/15134343/openapi.do,2026-10-07T08:12:52+09:00
2026.06,330499,41,경기도 안산시,1910,API_EXP_USD_AMT_UNVERIFIED_SCALE,https://www.data.go.kr/data/15134343/openapi.do,2026-10-07T08:12:52+09:00
2026.06,330499,41,경기도 안성시,1656,API_EXP_USD_AMT_UNVERIFIED_SCALE,https://www.data.go.kr/data/15134343/openapi.do,2026-10-07T08:12:52+09:00
2026.06,330499,41,경기도 안양시,5324,API_EXP_USD_AMT_UNVERIFIED_SCALE,https://www.data.go.kr/data/15134343/openapi.do,2026-10-07T08:12:52+09:00
2026.06,330499,41,경기도 양주시,620,API_EXP_USD_AMT_UNVERIFIED_SCALE,https://www.data.go.kr/data/15134343/openapi.do,2026-10-07T08:12:52+09:00
2026.06,330499,41,경기도 양평군,1,API_EXP_USD_AMT_UNVERIFIED_SCALE,https://www.data.go.kr/data/15134343/openapi.do,2026-10-07T08:12:52+09:00
2026.06,330499,41,경기도 여주군,43,API_EXP_USD_AMT_UNVERIFIED_SCALE,https://www.data.go.kr/data/15134343/openapi.do,2026-10-07T08:12:52+09:00
2026.06,330499,41,경기도 연천군,0,API_EXP_USD_AMT_UNVERIFIED_SCALE,https://www.data.go.kr/data/15134343/openapi.do,2026-10-07T08:12:52+09:00
2026.06,330499,41,경기도 오산시,16617,API_EXP_USD_AMT_UNVERIFIED_SCALE,https://www.data.go.kr/data/15134343/openapi.do,2026-10-07T08:12:52+09:00
2026.06,330499,41,경기도 용인시,2909,API_EXP_USD_AMT_UNVERIFIED_SCALE,https://www.data.go.kr/data/15134343/openapi.do,2026-10-07T08:12:52+09:00
2026.06,330499,41,경기도 의왕시,754,API_EXP_USD_AMT_UNVERIFIED_SCALE,https://www.data.go.kr/data/15134343/openapi.do,2026-10-07T08:12:52+09:00
2026.06,330499,41,경기도 의정부시,97,API_EXP_USD_AMT_UNVERIFIED_SCALE,https://www.data.go.kr/data/15134343/openapi.do,2026-10-07T08:12:52+09:00
2026.06,330499,41,경기도 이천시,424,API_EXP_USD_AMT_UNVERIFIED_SCALE,https://www.data.go.kr/data/15134343/openapi.do,2026-10-07T08:12:52+09:00
2026.06,330499,41,경기도 파주시,4012,API_EXP_USD_AMT_UNVERIFIED_SCALE,https://www.data.go.kr/data/15134343/openapi.do,2026-10-07T08:12:52+09:00
2026.06,330499,41,경기도 평택시,2013,API_EXP_USD_AMT_UNVERIFIED_SCALE,https://www.data.go.kr/data/15134343/openapi.do,2026-10-07T08:12:52+09:00
2026.06,330499,41,경기도 포천군,482,API_EXP_USD_AMT_UNVERIFIED_SCALE,https://www.data.go.kr/data/15134343/openapi.do,2026-10-07T08:12:52+09:00
2026.06,330499,41,경기도 하남시,3678,API_EXP_USD_AMT_UNVERIFIED_SCALE,https://www.data.go.kr/data/15134343/openapi.do,2026-10-07T08:12:52+09:00
2026.06,330499,41,경기도 화성시,27815,API_EXP_USD_AMT_UNVERIFIED_SCALE,https://www.data.go.kr/data/15134343/openapi.do,2026-10-07T08:12:52+09:00
2026.06,853400,27,대구광역시 남구,0,API_EXP_USD_AMT_UNVERIFIED_SCALE,https://www.data.go.kr/data/15134343/openapi.do,2026-10-07T08:12:52+09:00
2026.06,853400,27,대구광역시 달서구,33,API_EXP_USD_AMT_UNVERIFIED_SCALE,https://www.data.go.kr/data/15134343/openapi.do,2026-10-07T08:12:52+09:00
2026.06,853400,27,대구광역시 달성군,70933,API_EXP_USD_AMT_UNVERIFIED_SCALE,https://www.data.go.kr/data/15134343/openapi.do,2026-10-07T08:12:52+09:00
2026.06,853400,27,대구광역시 동구,0,API_EXP_USD_AMT_UNVERIFIED_SCALE,https://www.data.go.kr/data/15134343/openapi.do,2026-10-07T08:12:52+09:00
2026.06,853400,27,대구광역시 북구,0,API_EXP_USD_AMT_UNVERIFIED_SCALE,https://www.data.go.kr/data/15134343/openapi.do,2026-10-07T08:12:52+09:00
2026.06,853400,27,대구광역시 서구,0,API_EXP_USD_AMT_UNVERIFIED_SCALE,https://www.data.go.kr/data/15134343/openapi.do,2026-10-07T08:12:52+09:00
2026.06,853400,27,대구광역시 수성구,0,API_EXP_USD_AMT_UNVERIFIED_SCALE,https://www.data.go.kr/data/15134343/openapi.do,2026-10-07T08:12:52+09:00
2026.06,853400,27,대구광역시 중구,0,API_EXP_USD_AMT_UNVERIFIED_SCALE,https://www.data.go.kr/data/15134343/openapi.do,2026-10-07T08:12:52+09:00
2026.06,853400,41,경기도 가평군,0,API_EXP_USD_AMT_UNVERIFIED_SCALE,https://www.data.go.kr/data/15134343/openapi.do,2026-10-07T08:12:52+09:00
2026.06,853400,41,경기도 고양시,122,API_EXP_USD_AMT_UNVERIFIED_SCALE,https://www.data.go.kr/data/15134343/openapi.do,2026-10-07T08:12:52+09:00
2026.06,853400,41,경기도 과천시,110,API_EXP_USD_AMT_UNVERIFIED_SCALE,https://www.data.go.kr/data/15134343/openapi.do,2026-10-07T08:12:52+09:00
2026.06,853400,41,경기도 광명시,0,API_EXP_USD_AMT_UNVERIFIED_SCALE,https://www.data.go.kr/data/15134343/openapi.do,2026-10-07T08:12:52+09:00
2026.06,853400,41,경기도 광주시,0,API_EXP_USD_AMT_UNVERIFIED_SCALE,https://www.data.go.kr/data/15134343/openapi.do,2026-10-07T08:12:52+09:00
2026.06,853400,41,경기도 구리시,0,API_EXP_USD_AMT_UNVERIFIED_SCALE,https://www.data.go.kr/data/15134343/openapi.do,2026-10-07T08:12:52+09:00
2026.06,853400,41,경기도 군포시,222,API_EXP_USD_AMT_UNVERIFIED_SCALE,https://www.data.go.kr/data/15134343/openapi.do,2026-10-07T08:12:52+09:00
2026.06,853400,41,경기도 김포시,671,API_EXP_USD_AMT_UNVERIFIED_SCALE,https://www.data.go.kr/data/15134343/openapi.do,2026-10-07T08:12:52+09:00
2026.06,853400,41,경기도 남양주시,0,API_EXP_USD_AMT_UNVERIFIED_SCALE,https://www.data.go.kr/data/15134343/openapi.do,2026-10-07T08:12:52+09:00
2026.06,853400,41,경기도 동두천시,1007,API_EXP_USD_AMT_UNVERIFIED_SCALE,https://www.data.go.kr/data/15134343/openapi.do,2026-10-07T08:12:52+09:00
2026.06,853400,41,경기도 부천시,342,API_EXP_USD_AMT_UNVERIFIED_SCALE,https://www.data.go.kr/data/15134343/openapi.do,2026-10-07T08:12:52+09:00
2026.06,853400,41,경기도 성남시,1553,API_EXP_USD_AMT_UNVERIFIED_SCALE,https://www.data.go.kr/data/15134343/openapi.do,2026-10-07T08:12:52+09:00
2026.06,853400,41,경기도 수원시,53552,API_EXP_USD_AMT_UNVERIFIED_SCALE,https://www.data.go.kr/data/15134343/openapi.do,2026-10-07T08:12:52+09:00
2026.06,853400,41,경기도 시흥시,3879,API_EXP_USD_AMT_UNVERIFIED_SCALE,https://www.data.go.kr/data/15134343/openapi.do,2026-10-07T08:12:52+09:00
2026.06,853400,41,경기도 안산시,115783,API_EXP_USD_AMT_UNVERIFIED_SCALE,https://www.data.go.kr/data/15134343/openapi.do,2026-10-07T08:12:52+09:00
2026.06,853400,41,경기도 안성시,7070,API_EXP_USD_AMT_UNVERIFIED_SCALE,https://www.data.go.kr/data/15134343/openapi.do,2026-10-07T08:12:52+09:00
2026.06,853400,41,경기도 안양시,2094,API_EXP_USD_AMT_UNVERIFIED_SCALE,https://www.data.go.kr/data/15134343/openapi.do,2026-10-07T08:12:52+09:00
2026.06,853400,41,경기도 양주시,20,API_EXP_USD_AMT_UNVERIFIED_SCALE,https://www.data.go.kr/data/15134343/openapi.do,2026-10-07T08:12:52+09:00
2026.06,853400,41,경기도 양평군,0,API_EXP_USD_AMT_UNVERIFIED_SCALE,https://www.data.go.kr/data/15134343/openapi.do,2026-10-07T08:12:52+09:00
2026.06,853400,41,경기도 여주군,0,API_EXP_USD_AMT_UNVERIFIED_SCALE,https://www.data.go.kr/data/15134343/openapi.do,2026-10-07T08:12:52+09:00
2026.06,853400,41,경기도 오산시,52,API_EXP_USD_AMT_UNVERIFIED_SCALE,https://www.data.go.kr/data/15134343/openapi.do,2026-10-07T08:12:52+09:00
2026.06,853400,41,경기도 용인시,596,API_EXP_USD_AMT_UNVERIFIED_SCALE,https://www.data.go.kr/data/15134343/openapi.do,2026-10-07T08:12:52+09:00
2026.06,853400,41,경기도 의왕시,6,API_EXP_USD_AMT_UNVERIFIED_SCALE,https://www.data.go.kr/data/15134343/openapi.do,2026-10-07T08:12:52+09:00
2026.06,853400,41,경기도 의정부시,61,API_EXP_USD_AMT_UNVERIFIED_SCALE,https://www.data.go.kr/data/15134343/openapi.do,2026-10-07T08:12:52+09:00
2026.06,853400,41,경기도 이천시,88,API_EXP_USD_AMT_UNVERIFIED_SCALE,https://www.data.go.kr/data/15134343/openapi.do,2026-10-07T08:12:52+09:00
2026.06,853400,41,경기도 파주시,369,API_EXP_USD_AMT_UNVERIFIED_SCALE,https://www.data.go.kr/data/15134343/openapi.do,2026-10-07T08:12:52+09:00
2026.06,853400,41,경기도 평택시,3202,API_EXP_USD_AMT_UNVERIFIED_SCALE,https://www.data.go.kr/data/15134343/openapi.do,2026-10-07T08:12:52+09:00
2026.06,853400,41,경기도 포천군,0,API_EXP_USD_AMT_UNVERIFIED_SCALE,https://www.data.go.kr/data/15134343/openapi.do,2026-10-07T08:12:52+09:00
2026.06,853400,41,경기도 하남시,2,API_EXP_USD_AMT_UNVERIFIED_SCALE,https://www.data.go.kr/data/15134343/openapi.do,2026-10-07T08:12:52+09:00
2026.06,853400,41,경기도 화성시,1957,API_EXP_USD_AMT_UNVERIFIED_SCALE,https://www.data.go.kr/data/15134343/openapi.do,2026-10-07T08:12:52+09:00
2026.06,853400,43,충청북도 음성군,15,API_EXP_USD_AMT_UNVERIFIED_SCALE,https://www.data.go.kr/data/15134343/openapi.do,2026-10-07T08:12:52+09:00
2026.06,853400,43,충청북도 제천시,1,API_EXP_USD_AMT_UNVERIFIED_SCALE,https://www.data.go.kr/data/15134343/openapi.do,2026-10-07T08:12:52+09:00
2026.06,853400,43,충청북도 증평군,818,API_EXP_USD_AMT_UNVERIFIED_SCALE,https://www.data.go.kr/data/15134343/openapi.do,2026-10-07T08:12:52+09:00
2026.06,853400,43,충청북도 진천군,100,API_EXP_USD_AMT_UNVERIFIED_SCALE,https://www.data.go.kr/data/15134343/openapi.do,2026-10-07T08:12:52+09:00
2026.06,853400,43,충청북도 청주시,55997,API_EXP_USD_AMT_UNVERIFIED_SCALE,https://www.data.go.kr/data/15134343/openapi.do,2026-10-07T08:12:52+09:00
2026.06,853400,43,충청북도 충주시,0,API_EXP_USD_AMT_UNVERIFIED_SCALE,https://www.data.go.kr/data/15134343/openapi.do,2026-10-07T08:12:52+09:00
2026.07,330499,36,세종특별자치시,9952,API_EXP_USD_AMT_UNVERIFIED_SCALE,https://www.data.go.kr/data/15134343/openapi.do,2026-10-07T08:12:52+09:00
2026.07,330499,41,경기도 가평군,371,API_EXP_USD_AMT_UNVERIFIED_SCALE,https://www.data.go.kr/data/15134343/openapi.do,2026-10-07T08:12:52+09:00
2026.07,330499,41,경기도 고양시,10728,API_EXP_USD_AMT_UNVERIFIED_SCALE,https://www.data.go.kr/data/15134343/openapi.do,2026-10-07T08:12:52+09:00
2026.07,330499,41,경기도 과천시,54,API_EXP_USD_AMT_UNVERIFIED_SCALE,https://www.data.go.kr/data/15134343/openapi.do,2026-10-07T08:12:52+09:00
2026.07,330499,41,경기도 광명시,1397,API_EXP_USD_AMT_UNVERIFIED_SCALE,https://www.data.go.kr/data/15134343/openapi.do,2026-10-07T08:12:52+09:00
2026.07,330499,41,경기도 광주시,1147,API_EXP_USD_AMT_UNVERIFIED_SCALE,https://www.data.go.kr/data/15134343/openapi.do,2026-10-07T08:12:52+09:00
2026.07,330499,41,경기도 구리시,423,API_EXP_USD_AMT_UNVERIFIED_SCALE,https://www.data.go.kr/data/15134343/openapi.do,2026-10-07T08:12:52+09:00
2026.07,330499,41,경기도 군포시,704,API_EXP_USD_AMT_UNVERIFIED_SCALE,https://www.data.go.kr/data/15134343/openapi.do,2026-10-07T08:12:52+09:00
2026.07,330499,41,경기도 김포시,55985,API_EXP_USD_AMT_UNVERIFIED_SCALE,https://www.data.go.kr/data/15134343/openapi.do,2026-10-07T08:12:52+09:00
2026.07,330499,41,경기도 남양주시,2855,API_EXP_USD_AMT_UNVERIFIED_SCALE,https://www.data.go.kr/data/15134343/openapi.do,2026-10-07T08:12:52+09:00
2026.07,330499,41,경기도 동두천시,2,API_EXP_USD_AMT_UNVERIFIED_SCALE,https://www.data.go.kr/data/15134343/openapi.do,2026-10-07T08:12:52+09:00
2026.07,330499,41,경기도 부천시,4866,API_EXP_USD_AMT_UNVERIFIED_SCALE,https://www.data.go.kr/data/15134343/openapi.do,2026-10-07T08:12:52+09:00
2026.07,330499,41,경기도 성남시,29014,API_EXP_USD_AMT_UNVERIFIED_SCALE,https://www.data.go.kr/data/15134343/openapi.do,2026-10-07T08:12:52+09:00
2026.07,330499,41,경기도 수원시,2971,API_EXP_USD_AMT_UNVERIFIED_SCALE,https://www.data.go.kr/data/15134343/openapi.do,2026-10-07T08:12:52+09:00
2026.07,330499,41,경기도 시흥시,3595,API_EXP_USD_AMT_UNVERIFIED_SCALE,https://www.data.go.kr/data/15134343/openapi.do,2026-10-07T08:12:52+09:00
2026.07,330499,41,경기도 안산시,1824,API_EXP_USD_AMT_UNVERIFIED_SCALE,https://www.data.go.kr/data/15134343/openapi.do,2026-10-07T08:12:52+09:00
2026.07,330499,41,경기도 안성시,1840,API_EXP_USD_AMT_UNVERIFIED_SCALE,https://www.data.go.kr/data/15134343/openapi.do,2026-10-07T08:12:52+09:00
2026.07,330499,41,경기도 안양시,4563,API_EXP_USD_AMT_UNVERIFIED_SCALE,https://www.data.go.kr/data/15134343/openapi.do,2026-10-07T08:12:52+09:00
2026.07,330499,41,경기도 양주시,548,API_EXP_USD_AMT_UNVERIFIED_SCALE,https://www.data.go.kr/data/15134343/openapi.do,2026-10-07T08:12:52+09:00
2026.07,330499,41,경기도 양평군,0,API_EXP_USD_AMT_UNVERIFIED_SCALE,https://www.data.go.kr/data/15134343/openapi.do,2026-10-07T08:12:52+09:00
2026.07,330499,41,경기도 여주군,21,API_EXP_USD_AMT_UNVERIFIED_SCALE,https://www.data.go.kr/data/15134343/openapi.do,2026-10-07T08:12:52+09:00
2026.07,330499,41,경기도 연천군,1,API_EXP_USD_AMT_UNVERIFIED_SCALE,https://www.data.go.kr/data/15134343/openapi.do,2026-10-07T08:12:52+09:00
2026.07,330499,41,경기도 오산시,16241,API_EXP_USD_AMT_UNVERIFIED_SCALE,https://www.data.go.kr/data/15134343/openapi.do,2026-10-07T08:12:52+09:00
2026.07,330499,41,경기도 용인시,4324,API_EXP_USD_AMT_UNVERIFIED_SCALE,https://www.data.go.kr/data/15134343/openapi.do,2026-10-07T08:12:52+09:00
2026.07,330499,41,경기도 의왕시,1626,API_EXP_USD_AMT_UNVERIFIED_SCALE,https://www.data.go.kr/data/15134343/openapi.do,2026-10-07T08:12:52+09:00
2026.07,330499,41,경기도 의정부시,393,API_EXP_USD_AMT_UNVERIFIED_SCALE,https://www.data.go.kr/data/15134343/openapi.do,2026-10-07T08:12:52+09:00
2026.07,330499,41,경기도 이천시,751,API_EXP_USD_AMT_UNVERIFIED_SCALE,https://www.data.go.kr/data/15134343/openapi.do,2026-10-07T08:12:52+09:00
2026.07,330499,41,경기도 파주시,2325,API_EXP_USD_AMT_UNVERIFIED_SCALE,https://www.data.go.kr/data/15134343/openapi.do,2026-10-07T08:12:52+09:00
2026.07,330499,41,경기도 평택시,2762,API_EXP_USD_AMT_UNVERIFIED_SCALE,https://www.data.go.kr/data/15134343/openapi.do,2026-10-07T08:12:52+09:00
2026.07,330499,41,경기도 포천군,439,API_EXP_USD_AMT_UNVERIFIED_SCALE,https://www.data.go.kr/data/15134343/openapi.do,2026-10-07T08:12:52+09:00
2026.07,330499,41,경기도 하남시,2827,API_EXP_USD_AMT_UNVERIFIED_SCALE,https://www.data.go.kr/data/15134343/openapi.do,2026-10-07T08:12:52+09:00
2026.07,330499,41,경기도 화성시,28807,API_EXP_USD_AMT_UNVERIFIED_SCALE,https://www.data.go.kr/data/15134343/openapi.do,2026-10-07T08:12:52+09:00
2026.07,853400,27,대구광역시 남구,0,API_EXP_USD_AMT_UNVERIFIED_SCALE,https://www.data.go.kr/data/15134343/openapi.do,2026-10-07T08:12:52+09:00
2026.07,853400,27,대구광역시 달서구,43,API_EXP_USD_AMT_UNVERIFIED_SCALE,https://www.data.go.kr/data/15134343/openapi.do,2026-10-07T08:12:52+09:00
2026.07,853400,27,대구광역시 달성군,72526,API_EXP_USD_AMT_UNVERIFIED_SCALE,https://www.data.go.kr/data/15134343/openapi.do,2026-10-07T08:12:52+09:00
2026.07,853400,27,대구광역시 동구,0,API_EXP_USD_AMT_UNVERIFIED_SCALE,https://www.data.go.kr/data/15134343/openapi.do,2026-10-07T08:12:52+09:00
2026.07,853400,27,대구광역시 북구,0,API_EXP_USD_AMT_UNVERIFIED_SCALE,https://www.data.go.kr/data/15134343/openapi.do,2026-10-07T08:12:52+09:00
2026.07,853400,27,대구광역시 서구,0,API_EXP_USD_AMT_UNVERIFIED_SCALE,https://www.data.go.kr/data/15134343/openapi.do,2026-10-07T08:12:52+09:00
2026.07,853400,27,대구광역시 수성구,0,API_EXP_USD_AMT_UNVERIFIED_SCALE,https://www.data.go.kr/data/15134343/openapi.do,2026-10-07T08:12:52+09:00
2026.07,853400,27,대구광역시 중구,0,API_EXP_USD_AMT_UNVERIFIED_SCALE,https://www.data.go.kr/data/15134343/openapi.do,2026-10-07T08:12:52+09:00
2026.07,853400,41,경기도 가평군,0,API_EXP_USD_AMT_UNVERIFIED_SCALE,https://www.data.go.kr/data/15134343/openapi.do,2026-10-07T08:12:52+09:00
2026.07,853400,41,경기도 고양시,188,API_EXP_USD_AMT_UNVERIFIED_SCALE,https://www.data.go.kr/data/15134343/openapi.do,2026-10-07T08:12:52+09:00
2026.07,853400,41,경기도 과천시,205,API_EXP_USD_AMT_UNVERIFIED_SCALE,https://www.data.go.kr/data/15134343/openapi.do,2026-10-07T08:12:52+09:00
2026.07,853400,41,경기도 광명시,0,API_EXP_USD_AMT_UNVERIFIED_SCALE,https://www.data.go.kr/data/15134343/openapi.do,2026-10-07T08:12:52+09:00
2026.07,853400,41,경기도 광주시,2,API_EXP_USD_AMT_UNVERIFIED_SCALE,https://www.data.go.kr/data/15134343/openapi.do,2026-10-07T08:12:52+09:00
2026.07,853400,41,경기도 구리시,0,API_EXP_USD_AMT_UNVERIFIED_SCALE,https://www.data.go.kr/data/15134343/openapi.do,2026-10-07T08:12:52+09:00
2026.07,853400,41,경기도 군포시,751,API_EXP_USD_AMT_UNVERIFIED_SCALE,https://www.data.go.kr/data/15134343/openapi.do,2026-10-07T08:12:52+09:00
2026.07,853400,41,경기도 김포시,976,API_EXP_USD_AMT_UNVERIFIED_SCALE,https://www.data.go.kr/data/15134343/openapi.do,2026-10-07T08:12:52+09:00
2026.07,853400,41,경기도 남양주시,0,API_EXP_USD_AMT_UNVERIFIED_SCALE,https://www.data.go.kr/data/15134343/openapi.do,2026-10-07T08:12:52+09:00
2026.07,853400,41,경기도 동두천시,1050,API_EXP_USD_AMT_UNVERIFIED_SCALE,https://www.data.go.kr/data/15134343/openapi.do,2026-10-07T08:12:52+09:00
2026.07,853400,41,경기도 부천시,204,API_EXP_USD_AMT_UNVERIFIED_SCALE,https://www.data.go.kr/data/15134343/openapi.do,2026-10-07T08:12:52+09:00
2026.07,853400,41,경기도 성남시,1710,API_EXP_USD_AMT_UNVERIFIED_SCALE,https://www.data.go.kr/data/15134343/openapi.do,2026-10-07T08:12:52+09:00
2026.07,853400,41,경기도 수원시,54005,API_EXP_USD_AMT_UNVERIFIED_SCALE,https://www.data.go.kr/data/15134343/openapi.do,2026-10-07T08:12:52+09:00
2026.07,853400,41,경기도 시흥시,4309,API_EXP_USD_AMT_UNVERIFIED_SCALE,https://www.data.go.kr/data/15134343/openapi.do,2026-10-07T08:12:52+09:00
2026.07,853400,41,경기도 안산시,128987,API_EXP_USD_AMT_UNVERIFIED_SCALE,https://www.data.go.kr/data/15134343/openapi.do,2026-10-07T08:12:52+09:00
2026.07,853400,41,경기도 안성시,8017,API_EXP_USD_AMT_UNVERIFIED_SCALE,https://www.data.go.kr/data/15134343/openapi.do,2026-10-07T08:12:52+09:00
2026.07,853400,41,경기도 안양시,2143,API_EXP_USD_AMT_UNVERIFIED_SCALE,https://www.data.go.kr/data/15134343/openapi.do,2026-10-07T08:12:52+09:00
2026.07,853400,41,경기도 양주시,0,API_EXP_USD_AMT_UNVERIFIED_SCALE,https://www.data.go.kr/data/15134343/openapi.do,2026-10-07T08:12:52+09:00
2026.07,853400,41,경기도 양평군,1,API_EXP_USD_AMT_UNVERIFIED_SCALE,https://www.data.go.kr/data/15134343/openapi.do,2026-10-07T08:12:52+09:00
2026.07,853400,41,경기도 여주군,0,API_EXP_USD_AMT_UNVERIFIED_SCALE,https://www.data.go.kr/data/15134343/openapi.do,2026-10-07T08:12:52+09:00
2026.07,853400,41,경기도 연천군,0,API_EXP_USD_AMT_UNVERIFIED_SCALE,https://www.data.go.kr/data/15134343/openapi.do,2026-10-07T08:12:52+09:00
2026.07,853400,41,경기도 오산시,159,API_EXP_USD_AMT_UNVERIFIED_SCALE,https://www.data.go.kr/data/15134343/openapi.do,2026-10-07T08:12:52+09:00
2026.07,853400,41,경기도 용인시,1194,API_EXP_USD_AMT_UNVERIFIED_SCALE,https://www.data.go.kr/data/15134343/openapi.do,2026-10-07T08:12:52+09:00
2026.07,853400,41,경기도 의왕시,14,API_EXP_USD_AMT_UNVERIFIED_SCALE,https://www.data.go.kr/data/15134343/openapi.do,2026-10-07T08:12:52+09:00
2026.07,853400,41,경기도 의정부시,0,API_EXP_USD_AMT_UNVERIFIED_SCALE,https://www.data.go.kr/data/15134343/openapi.do,2026-10-07T08:12:52+09:00
2026.07,853400,41,경기도 이천시,292,API_EXP_USD_AMT_UNVERIFIED_SCALE,https://www.data.go.kr/data/15134343/openapi.do,2026-10-07T08:12:52+09:00
2026.07,853400,41,경기도 파주시,273,API_EXP_USD_AMT_UNVERIFIED_SCALE,https://www.data.go.kr/data/15134343/openapi.do,2026-10-07T08:12:52+09:00
2026.07,853400,41,경기도 평택시,3414,API_EXP_USD_AMT_UNVERIFIED_SCALE,https://www.data.go.kr/data/15134343/openapi.do,2026-10-07T08:12:52+09:00
2026.07,853400,41,경기도 포천군,0,API_EXP_USD_AMT_UNVERIFIED_SCALE,https://www.data.go.kr/data/15134343/openapi.do,2026-10-07T08:12:52+09:00
2026.07,853400,41,경기도 하남시,4,API_EXP_USD_AMT_UNVERIFIED_SCALE,https://www.data.go.kr/data/15134343/openapi.do,2026-10-07T08:12:52+09:00
2026.07,853400,41,경기도 화성시,2933,API_EXP_USD_AMT_UNVERIFIED_SCALE,https://www.data.go.kr/data/15134343/openapi.do,2026-10-07T08:12:52+09:00
2026.07,853400,43,충청북도 음성군,40,API_EXP_USD_AMT_UNVERIFIED_SCALE,https://www.data.go.kr/data/15134343/openapi.do,2026-10-07T08:12:52+09:00
2026.07,853400,43,충청북도 제천시,3,API_EXP_USD_AMT_UNVERIFIED_SCALE,https://www.data.go.kr/data/15134343/openapi.do,2026-10-07T08:12:52+09:00
2026.07,853400,43,충청북도 증평군,1010,API_EXP_USD_AMT_UNVERIFIED_SCALE,https://www.data.go.kr/data/15134343/openapi.do,2026-10-07T08:12:52+09:00
2026.07,853400,43,충청북도 진천군,241,API_EXP_USD_AMT_UNVERIFIED_SCALE,https://www.data.go.kr/data/15134343/openapi.do,2026-10-07T08:12:52+09:00
2026.07,853400,43,충청북도 청주시,56699,API_EXP_USD_AMT_UNVERIFIED_SCALE,https://www.data.go.kr/data/15134343/openapi.do,2026-10-07T08:12:52+09:00
2026.07,853400,43,충청북도 충주시,0,API_EXP_USD_AMT_UNVERIFIED_SCALE,https://www.data.go.kr/data/15134343/openapi.do,2026-10-07T08:12:52+09:00
2026.08,330499,36,세종특별자치시,7055,API_EXP_USD_AMT_UNVERIFIED_SCALE,https://www.data.go.kr/data/15134343/openapi.do,2026-10-07T08:12:52+09:00
2026.08,330499,41,경기도 가평군,73,API_EXP_USD_AMT_UNVERIFIED_SCALE,https://www.data.go.kr/data/15134343/openapi.do,2026-10-07T08:12:52+09:00
2026.08,330499,41,경기도 고양시,9226,API_EXP_USD_AMT_UNVERIFIED_SCALE,https://www.data.go.kr/data/15134343/openapi.do,2026-10-07T08:12:52+09:00
2026.08,330499,41,경기도 과천시,66,API_EXP_USD_AMT_UNVERIFIED_SCALE,https://www.data.go.kr/data/15134343/openapi.do,2026-10-07T08:12:52+09:00
2026.08,330499,41,경기도 광명시,1149,API_EXP_USD_AMT_UNVERIFIED_SCALE,https://www.data.go.kr/data/15134343/openapi.do,2026-10-07T08:12:52+09:00
2026.08,330499,41,경기도 광주시,479,API_EXP_USD_AMT_UNVERIFIED_SCALE,https://www.data.go.kr/data/15134343/openapi.do,2026-10-07T08:12:52+09:00
2026.08,330499,41,경기도 구리시,400,API_EXP_USD_AMT_UNVERIFIED_SCALE,https://www.data.go.kr/data/15134343/openapi.do,2026-10-07T08:12:52+09:00
2026.08,330499,41,경기도 군포시,1226,API_EXP_USD_AMT_UNVERIFIED_SCALE,https://www.data.go.kr/data/15134343/openapi.do,2026-10-07T08:12:52+09:00
2026.08,330499,41,경기도 김포시,49516,API_EXP_USD_AMT_UNVERIFIED_SCALE,https://www.data.go.kr/data/15134343/openapi.do,2026-10-07T08:12:52+09:00
2026.08,330499,41,경기도 남양주시,2952,API_EXP_USD_AMT_UNVERIFIED_SCALE,https://www.data.go.kr/data/15134343/openapi.do,2026-10-07T08:12:52+09:00
2026.08,330499,41,경기도 동두천시,27,API_EXP_USD_AMT_UNVERIFIED_SCALE,https://www.data.go.kr/data/15134343/openapi.do,2026-10-07T08:12:52+09:00
2026.08,330499,41,경기도 부천시,3391,API_EXP_USD_AMT_UNVERIFIED_SCALE,https://www.data.go.kr/data/15134343/openapi.do,2026-10-07T08:12:52+09:00
2026.08,330499,41,경기도 성남시,26538,API_EXP_USD_AMT_UNVERIFIED_SCALE,https://www.data.go.kr/data/15134343/openapi.do,2026-10-07T08:12:52+09:00
2026.08,330499,41,경기도 수원시,2419,API_EXP_USD_AMT_UNVERIFIED_SCALE,https://www.data.go.kr/data/15134343/openapi.do,2026-10-07T08:12:52+09:00
2026.08,330499,41,경기도 시흥시,2609,API_EXP_USD_AMT_UNVERIFIED_SCALE,https://www.data.go.kr/data/15134343/openapi.do,2026-10-07T08:12:52+09:00
2026.08,330499,41,경기도 안산시,1726,API_EXP_USD_AMT_UNVERIFIED_SCALE,https://www.data.go.kr/data/15134343/openapi.do,2026-10-07T08:12:52+09:00
2026.08,330499,41,경기도 안성시,2030,API_EXP_USD_AMT_UNVERIFIED_SCALE,https://www.data.go.kr/data/15134343/openapi.do,2026-10-07T08:12:52+09:00
2026.08,330499,41,경기도 안양시,4874,API_EXP_USD_AMT_UNVERIFIED_SCALE,https://www.data.go.kr/data/15134343/openapi.do,2026-10-07T08:12:52+09:00
2026.08,330499,41,경기도 양주시,843,API_EXP_USD_AMT_UNVERIFIED_SCALE,https://www.data.go.kr/data/15134343/openapi.do,2026-10-07T08:12:52+09:00
2026.08,330499,41,경기도 양평군,2,API_EXP_USD_AMT_UNVERIFIED_SCALE,https://www.data.go.kr/data/15134343/openapi.do,2026-10-07T08:12:52+09:00
2026.08,330499,41,경기도 여주군,33,API_EXP_USD_AMT_UNVERIFIED_SCALE,https://www.data.go.kr/data/15134343/openapi.do,2026-10-07T08:12:52+09:00
2026.08,330499,41,경기도 연천군,1,API_EXP_USD_AMT_UNVERIFIED_SCALE,https://www.data.go.kr/data/15134343/openapi.do,2026-10-07T08:12:52+09:00
2026.08,330499,41,경기도 오산시,20378,API_EXP_USD_AMT_UNVERIFIED_SCALE,https://www.data.go.kr/data/15134343/openapi.do,2026-10-07T08:12:52+09:00
2026.08,330499,41,경기도 용인시,3486,API_EXP_USD_AMT_UNVERIFIED_SCALE,https://www.data.go.kr/data/15134343/openapi.do,2026-10-07T08:12:52+09:00
2026.08,330499,41,경기도 의왕시,1111,API_EXP_USD_AMT_UNVERIFIED_SCALE,https://www.data.go.kr/data/15134343/openapi.do,2026-10-07T08:12:52+09:00
2026.08,330499,41,경기도 의정부시,287,API_EXP_USD_AMT_UNVERIFIED_SCALE,https://www.data.go.kr/data/15134343/openapi.do,2026-10-07T08:12:52+09:00
2026.08,330499,41,경기도 이천시,635,API_EXP_USD_AMT_UNVERIFIED_SCALE,https://www.data.go.kr/data/15134343/openapi.do,2026-10-07T08:12:52+09:00
2026.08,330499,41,경기도 파주시,3030,API_EXP_USD_AMT_UNVERIFIED_SCALE,https://www.data.go.kr/data/15134343/openapi.do,2026-10-07T08:12:52+09:00
2026.08,330499,41,경기도 평택시,2426,API_EXP_USD_AMT_UNVERIFIED_SCALE,https://www.data.go.kr/data/15134343/openapi.do,2026-10-07T08:12:52+09:00
2026.08,330499,41,경기도 포천군,571,API_EXP_USD_AMT_UNVERIFIED_SCALE,https://www.data.go.kr/data/15134343/openapi.do,2026-10-07T08:12:52+09:00
2026.08,330499,41,경기도 하남시,3905,API_EXP_USD_AMT_UNVERIFIED_SCALE,https://www.data.go.kr/data/15134343/openapi.do,2026-10-07T08:12:52+09:00
2026.08,330499,41,경기도 화성시,25681,API_EXP_USD_AMT_UNVERIFIED_SCALE,https://www.data.go.kr/data/15134343/openapi.do,2026-10-07T08:12:52+09:00
2026.08,853400,27,대구광역시 남구,0,API_EXP_USD_AMT_UNVERIFIED_SCALE,https://www.data.go.kr/data/15134343/openapi.do,2026-10-07T08:12:52+09:00
2026.08,853400,27,대구광역시 달서구,51,API_EXP_USD_AMT_UNVERIFIED_SCALE,https://www.data.go.kr/data/15134343/openapi.do,2026-10-07T08:12:52+09:00
2026.08,853400,27,대구광역시 달성군,83357,API_EXP_USD_AMT_UNVERIFIED_SCALE,https://www.data.go.kr/data/15134343/openapi.do,2026-10-07T08:12:52+09:00
2026.08,853400,27,대구광역시 동구,0,API_EXP_USD_AMT_UNVERIFIED_SCALE,https://www.data.go.kr/data/15134343/openapi.do,2026-10-07T08:12:52+09:00
2026.08,853400,27,대구광역시 북구,0,API_EXP_USD_AMT_UNVERIFIED_SCALE,https://www.data.go.kr/data/15134343/openapi.do,2026-10-07T08:12:52+09:00
2026.08,853400,27,대구광역시 서구,0,API_EXP_USD_AMT_UNVERIFIED_SCALE,https://www.data.go.kr/data/15134343/openapi.do,2026-10-07T08:12:52+09:00
2026.08,853400,27,대구광역시 수성구,0,API_EXP_USD_AMT_UNVERIFIED_SCALE,https://www.data.go.kr/data/15134343/openapi.do,2026-10-07T08:12:52+09:00
2026.08,853400,41,경기도 고양시,121,API_EXP_USD_AMT_UNVERIFIED_SCALE,https://www.data.go.kr/data/15134343/openapi.do,2026-10-07T08:12:52+09:00
2026.08,853400,41,경기도 과천시,45,API_EXP_USD_AMT_UNVERIFIED_SCALE,https://www.data.go.kr/data/15134343/openapi.do,2026-10-07T08:12:52+09:00
2026.08,853400,41,경기도 광명시,2,API_EXP_USD_AMT_UNVERIFIED_SCALE,https://www.data.go.kr/data/15134343/openapi.do,2026-10-07T08:12:52+09:00
2026.08,853400,41,경기도 광주시,2,API_EXP_USD_AMT_UNVERIFIED_SCALE,https://www.data.go.kr/data/15134343/openapi.do,2026-10-07T08:12:52+09:00
2026.08,853400,41,경기도 구리시,0,API_EXP_USD_AMT_UNVERIFIED_SCALE,https://www.data.go.kr/data/15134343/openapi.do,2026-10-07T08:12:52+09:00
2026.08,853400,41,경기도 군포시,473,API_EXP_USD_AMT_UNVERIFIED_SCALE,https://www.data.go.kr/data/15134343/openapi.do,2026-10-07T08:12:52+09:00
2026.08,853400,41,경기도 김포시,231,API_EXP_USD_AMT_UNVERIFIED_SCALE,https://www.data.go.kr/data/15134343/openapi.do,2026-10-07T08:12:52+09:00
2026.08,853400,41,경기도 남양주시,111,API_EXP_USD_AMT_UNVERIFIED_SCALE,https://www.data.go.kr/data/15134343/openapi.do,2026-10-07T08:12:52+09:00
2026.08,853400,41,경기도 동두천시,1321,API_EXP_USD_AMT_UNVERIFIED_SCALE,https://www.data.go.kr/data/15134343/openapi.do,2026-10-07T08:12:52+09:00
2026.08,853400,41,경기도 부천시,221,API_EXP_USD_AMT_UNVERIFIED_SCALE,https://www.data.go.kr/data/15134343/openapi.do,2026-10-07T08:12:52+09:00
2026.08,853400,41,경기도 성남시,1478,API_EXP_USD_AMT_UNVERIFIED_SCALE,https://www.data.go.kr/data/15134343/openapi.do,2026-10-07T08:12:52+09:00
2026.08,853400,41,경기도 수원시,53161,API_EXP_USD_AMT_UNVERIFIED_SCALE,https://www.data.go.kr/data/15134343/openapi.do,2026-10-07T08:12:52+09:00
2026.08,853400,41,경기도 시흥시,5025,API_EXP_USD_AMT_UNVERIFIED_SCALE,https://www.data.go.kr/data/15134343/openapi.do,2026-10-07T08:12:52+09:00
2026.08,853400,41,경기도 안산시,124330,API_EXP_USD_AMT_UNVERIFIED_SCALE,https://www.data.go.kr/data/15134343/openapi.do,2026-10-07T08:12:52+09:00
2026.08,853400,41,경기도 안성시,8991,API_EXP_USD_AMT_UNVERIFIED_SCALE,https://www.data.go.kr/data/15134343/openapi.do,2026-10-07T08:12:52+09:00
2026.08,853400,41,경기도 안양시,990,API_EXP_USD_AMT_UNVERIFIED_SCALE,https://www.data.go.kr/data/15134343/openapi.do,2026-10-07T08:12:52+09:00
2026.08,853400,41,경기도 양주시,2,API_EXP_USD_AMT_UNVERIFIED_SCALE,https://www.data.go.kr/data/15134343/openapi.do,2026-10-07T08:12:52+09:00
2026.08,853400,41,경기도 양평군,0,API_EXP_USD_AMT_UNVERIFIED_SCALE,https://www.data.go.kr/data/15134343/openapi.do,2026-10-07T08:12:52+09:00
2026.08,853400,41,경기도 여주군,0,API_EXP_USD_AMT_UNVERIFIED_SCALE,https://www.data.go.kr/data/15134343/openapi.do,2026-10-07T08:12:52+09:00
2026.08,853400,41,경기도 오산시,85,API_EXP_USD_AMT_UNVERIFIED_SCALE,https://www.data.go.kr/data/15134343/openapi.do,2026-10-07T08:12:52+09:00
2026.08,853400,41,경기도 용인시,1078,API_EXP_USD_AMT_UNVERIFIED_SCALE,https://www.data.go.kr/data/15134343/openapi.do,2026-10-07T08:12:52+09:00
2026.08,853400,41,경기도 의왕시,6,API_EXP_USD_AMT_UNVERIFIED_SCALE,https://www.data.go.kr/data/15134343/openapi.do,2026-10-07T08:12:52+09:00
2026.08,853400,41,경기도 의정부시,15,API_EXP_USD_AMT_UNVERIFIED_SCALE,https://www.data.go.kr/data/15134343/openapi.do,2026-10-07T08:12:52+09:00
2026.08,853400,41,경기도 이천시,139,API_EXP_USD_AMT_UNVERIFIED_SCALE,https://www.data.go.kr/data/15134343/openapi.do,2026-10-07T08:12:52+09:00
2026.08,853400,41,경기도 파주시,298,API_EXP_USD_AMT_UNVERIFIED_SCALE,https://www.data.go.kr/data/15134343/openapi.do,2026-10-07T08:12:52+09:00
2026.08,853400,41,경기도 평택시,4000,API_EXP_USD_AMT_UNVERIFIED_SCALE,https://www.data.go.kr/data/15134343/openapi.do,2026-10-07T08:12:52+09:00
2026.08,853400,41,경기도 포천군,0,API_EXP_USD_AMT_UNVERIFIED_SCALE,https://www.data.go.kr/data/15134343/openapi.do,2026-10-07T08:12:52+09:00
2026.08,853400,41,경기도 하남시,3,API_EXP_USD_AMT_UNVERIFIED_SCALE,https://www.data.go.kr/data/15134343/openapi.do,2026-10-07T08:12:52+09:00
2026.08,853400,41,경기도 화성시,2928,API_EXP_USD_AMT_UNVERIFIED_SCALE,https://www.data.go.kr/data/15134343/openapi.do,2026-10-07T08:12:52+09:00
2026.08,853400,43,충청북도 보은군,726,API_EXP_USD_AMT_UNVERIFIED_SCALE,https://www.data.go.kr/data/15134343/openapi.do,2026-10-07T08:12:52+09:00
2026.08,853400,43,충청북도 옥천군,0,API_EXP_USD_AMT_UNVERIFIED_SCALE,https://www.data.go.kr/data/15134343/openapi.do,2026-10-07T08:12:52+09:00
2026.08,853400,43,충청북도 음성군,20,API_EXP_USD_AMT_UNVERIFIED_SCALE,https://www.data.go.kr/data/15134343/openapi.do,2026-10-07T08:12:52+09:00
2026.08,853400,43,충청북도 증평군,623,API_EXP_USD_AMT_UNVERIFIED_SCALE,https://www.data.go.kr/data/15134343/openapi.do,2026-10-07T08:12:52+09:00
2026.08,853400,43,충청북도 진천군,286,API_EXP_USD_AMT_UNVERIFIED_SCALE,https://www.data.go.kr/data/15134343/openapi.do,2026-10-07T08:12:52+09:00
2026.08,853400,43,충청북도 청주시,54816,API_EXP_USD_AMT_UNVERIFIED_SCALE,https://www.data.go.kr/data/15134343/openapi.do,2026-10-07T08:12:52+09:00
2026.08,853400,43,충청북도 충주시,0,API_EXP_USD_AMT_UNVERIFIED_SCALE,https://www.data.go.kr/data/15134343/openapi.do,2026-10-07T08:12:52+09:00
