월,품목명,HS코드,수출금액_USD,수출중량_KG,수출단가_USD_per_KG,YoY_pct,MoM_pct
2020.01,라면,1902301010,37380722,11050296,3.3828,,
2020.01,양극재 NCM,2841909020,167240815,6785464,24.6469,,
2020.01,톡신,300249,7955216,8169,973.8298,,
2020.01,톡신,3002491000,7955216,8169,973.8298,,
2020.01,창상피복재,3005904000,1096495,27213,40.2931,,
2020.01,화장품,330499,350451770,13624872,25.7215,,
2020.01,기초화장품,3304991000,210669873,7857354,26.8118,,
2020.01,메이크업화장품,3304992000,38676925,754709,51.2475,,
2020.01,필러,3304999000,99890111,4882301,20.4596,,
2020.01,마스크팩,3307904000,19146571,1364630,14.0306,,
2020.01,동박,7410211000,20874561,361101,57.8081,,
2020.01,알루미늄박,7606120000,127964451,49475830,2.5864,,
2020.01,레이저마커장비,8456119000,14204147,171545,82.8013,,
2020.01,DRAM모듈,8473304060,671991431,153880,4366.9836,,
2020.01,변압기,8504,144436861,7416037,19.4763,,
2020.01,대형변압기,8504230000,10713924,1300688,8.2371,,
2020.01,리튬1차전지,8506500000,6514181,109614,59.4284,,
2020.01,리튬이온전지_ESS_proxy,850760,354551918,9221574,38.4481,,
2020.01,SSD,8523511000,687959102,190558,3610.2347,,
2020.01,MLCC,8532240000,74872225,329846,226.9915,,
2020.01,PCB,853400,411205427,1408567,291.9317,,
2020.01,"GDDR기판, FPCB",8534002000,200663803,322629,621.9646,,
2020.01,PCB,8534009000,209084585,1069264,195.5407,,
2020.01,소켓,8536909090,57684109,736295,78.3437,,
2020.01,태양광패널,8541430000,160851146,21175626,7.5961,,
2020.01,반도체전체,8542,6116206443,1330476,4597.0062,,
2020.01,DRAM,8542321010,1316193331,85111,15464.4327,,
2020.01,NAND Flash,8542321030,565558830,52727,10726.1712,,
2020.01,MCP,8542323000,1299516735,39856,32605.2974,,
2020.01,해저케이블(2),8544602010,7967395,1649165,4.8312,,
2020.01,해저케이블(1),8544603010,26516687,3944864,6.7218,,
2020.01,체성분분석기,9018198000,9429680,73281,128.6784,,
2020.01,인터페이스보드,9030901000,23770629,19097,1244.7311,,
2020.02,라면,1902301010,42591411,12514692,3.4033,,13.94
2020.02,양극재 NCM,2841909020,152535566,6649762,22.9385,,-8.79
2020.02,톡신,300249,9700560,8028,1208.3408,,21.94
2020.02,톡신,3002491000,9700560,8028,1208.3408,,21.94
2020.02,창상피복재,3005904000,2392480,90096,26.5548,,118.19
2020.02,화장품,330499,387575562,15282661,25.3605,,10.59
2020.02,기초화장품,3304991000,231406789,8920492,25.941,,9.84
2020.02,메이크업화장품,3304992000,40009004,756988,52.8529,,3.44
2020.02,필러,3304999000,115313755,5482876,21.0316,,15.44
2020.02,마스크팩,3307904000,29292074,2127345,13.7693,,52.99
2020.02,동박,7410211000,19378184,339224,57.125,,-7.17
2020.02,알루미늄박,7606120000,124246736,49774925,2.4962,,-2.91
2020.02,레이저마커장비,8456119000,6335842,157435,40.2442,,-55.39
2020.02,DRAM모듈,8473304060,772722669,171099,4516.2314,,14.99
2020.02,변압기,8504,164705045,11572780,14.2321,,14.03
2020.02,대형변압기,8504230000,27097675,3770756,7.1863,,152.92
2020.02,리튬1차전지,8506500000,8913869,122838,72.5661,,36.84
2020.02,리튬이온전지_ESS_proxy,850760,355649965,9454349,37.6176,,0.31
2020.02,SSD,8523511000,825717898,210698,3918.9641,,20.02
2020.02,MLCC,8532240000,75318036,327076,230.2769,,0.6
2020.02,PCB,853400,375798217,1483826,253.263,,-8.61
2020.02,"GDDR기판, FPCB",8534002000,180410850,304623,592.243,,-10.09
2020.02,PCB,8534009000,193533033,1167492,165.7682,,-7.44
2020.02,소켓,8536909090,55437273,1002867,55.2788,,-3.9
2020.02,태양광패널,8541430000,136015671,16747389,8.1216,,-15.44
2020.02,반도체전체,8542,6265463890,1290756,4854.104,,2.44
2020.02,DRAM,8542321010,1379236449,80101,17218.717,,4.79
2020.02,NAND Flash,8542321030,496412423,52383,9476.594,,-12.23
2020.02,MCP,8542323000,1512715753,45673,33120.5691,,16.41
2020.02,해저케이블(2),8544602010,10858971,2310658,4.6995,,36.29
2020.02,해저케이블(1),8544603010,18144972,2997897,6.0526,,-31.57
2020.02,체성분분석기,9018198000,5712477,37282,153.2235,,-39.42
2020.02,인터페이스보드,9030901000,27300980,26093,1046.2952,,14.85
2020.03,라면,1902301010,52073652,15726589,3.3112,,22.26
2020.03,양극재 NCM,2841909020,201348735,8450001,23.8282,,32.0
2020.03,톡신,300249,18322057,32732,559.7598,,88.88
2020.03,톡신,3002491000,18322057,32732,559.7598,,88.88
2020.03,창상피복재,3005904000,2605442,99491,26.1877,,8.9
2020.03,화장품,330499,570528363,20821672,27.4007,,47.2
2020.03,기초화장품,3304991000,359223413,12386413,29.0014,,55.23
2020.03,메이크업화장품,3304992000,55027463,918648,59.9005,,37.54
2020.03,필러,3304999000,154204528,7296497,21.134,,33.73
2020.03,마스크팩,3307904000,60554885,4949209,12.2353,,106.73
2020.03,동박,7410211000,25802648,447186,57.7,,33.15
2020.03,알루미늄박,7606120000,135061375,54394875,2.483,,8.7
2020.03,레이저마커장비,8456119000,35429651,551249,64.2716,,459.19
2020.03,DRAM모듈,8473304060,1108994343,217645,5095.4276,,43.52
2020.03,변압기,8504,195880721,15034555,13.0287,,18.93
2020.03,대형변압기,8504230000,48222715,6330891,7.6171,,77.96
2020.03,리튬1차전지,8506500000,10603617,176872,59.9508,,18.96
2020.03,리튬이온전지_ESS_proxy,850760,399709386,10711822,37.3148,,12.39
2020.03,SSD,8523511000,848476597,201852,4203.459,,2.76
2020.03,MLCC,8532240000,83174775,396426,209.8116,,10.43
2020.03,PCB,853400,419906942,1690797,248.3485,,11.74
2020.03,"GDDR기판, FPCB",8534002000,183972392,339867,541.307,,1.97
2020.03,PCB,8534009000,233632343,1336945,174.7509,,20.72
2020.03,소켓,8536909090,57576999,930424,61.8825,,3.86
2020.03,태양광패널,8541430000,151896272,19571913,7.7609,,11.68
2020.03,반도체전체,8542,7222833395,1470534,4911.7079,,15.28
2020.03,DRAM,8542321010,1547462432,89243,17339.8746,,12.2
2020.03,NAND Flash,8542321030,489483650,49108,9967.4931,,-1.4
2020.03,MCP,8542323000,2019040661,43742,46157.9411,,33.47
2020.03,해저케이블(2),8544602010,12143716,2535701,4.7891,,11.83
2020.03,해저케이블(1),8544603010,46131341,6884028,6.7012,,154.24
2020.03,체성분분석기,9018198000,5973039,41844,142.7454,,4.56
2020.03,인터페이스보드,9030901000,26931700,23510,1145.5423,,-1.35
2020.04,라면,1902301010,62026130,18534677,3.3465,,19.11
2020.04,양극재 NCM,2841909020,141337430,6126058,23.0715,,-29.8
2020.04,톡신,300249,14975633,27671,541.2032,,-18.26
2020.04,톡신,3002491000,14975633,27671,541.2032,,-18.26
2020.04,창상피복재,3005904000,2042868,88631,23.0491,,-21.59
2020.04,화장품,330499,393919518,17081533,23.0611,,-30.96
2020.04,기초화장품,3304991000,232843995,9213678,25.2716,,-35.18
2020.04,메이크업화장품,3304992000,41276278,770120,53.5972,,-24.99
2020.04,필러,3304999000,118267827,6917465,17.097,,-23.3
2020.04,마스크팩,3307904000,49048657,3260038,15.0454,,-19.0
2020.04,동박,7410211000,22983650,382700,60.0566,,-10.93
2020.04,알루미늄박,7606120000,123437079,50946660,2.4229,,-8.61
2020.04,레이저마커장비,8456119000,18170368,266792,68.1069,,-48.71
2020.04,DRAM모듈,8473304060,1119535711,186257,6010.7041,,0.95
2020.04,변압기,8504,158087585,11171904,14.1505,,-19.29
2020.04,대형변압기,8504230000,39498973,4808645,8.2142,,-18.09
2020.04,리튬1차전지,8506500000,8248940,139062,59.3184,,-22.21
2020.04,리튬이온전지_ESS_proxy,850760,360081631,9512215,37.8547,,-9.91
2020.04,SSD,8523511000,824275791,191850,4296.4597,,-2.85
2020.04,MLCC,8532240000,72450629,343099,211.1654,,-12.89
2020.04,PCB,853400,363573603,1213876,299.5146,,-13.42
2020.04,"GDDR기판, FPCB",8534002000,173611504,305510,568.2678,,-5.63
2020.04,PCB,8534009000,188464659,896938,210.1201,,-19.33
2020.04,소켓,8536909090,50090013,901151,55.5845,,-13.0
2020.04,태양광패널,8541430000,102728324,15938738,6.4452,,-32.37
2020.04,반도체전체,8542,5735664036,1284069,4466.788,,-20.59
2020.04,DRAM,8542321010,1606693608,82427,19492.3218,,3.83
2020.04,NAND Flash,8542321030,532604631,48906,10890.374,,8.81
2020.04,MCP,8542323000,1442869499,37759,38212.5983,,-28.54
2020.04,해저케이블(2),8544602010,14393944,2652161,5.4273,,18.53
2020.04,해저케이블(1),8544603010,38126072,6161755,6.1875,,-17.35
2020.04,체성분분석기,9018198000,4984078,27566,180.8053,,-16.56
2020.04,인터페이스보드,9030901000,25571986,17238,1483.4659,,-5.05
2020.05,라면,1902301010,55238305,16754132,3.297,,-10.94
2020.05,양극재 NCM,2841909020,126790722,5657758,22.4101,,-10.29
2020.05,톡신,300249,21815830,32916,662.7728,,45.68
2020.05,톡신,3002491000,21815830,32916,662.7728,,45.68
2020.05,창상피복재,3005904000,3228477,119080,27.1118,,58.04
2020.05,화장품,330499,411849666,18696510,22.0282,,4.55
2020.05,기초화장품,3304991000,252521139,9036463,27.9447,,8.45
2020.05,메이크업화장품,3304992000,30046768,598185,50.2299,,-27.21
2020.05,필러,3304999000,127720056,8895880,14.3572,,7.99
2020.05,마스크팩,3307904000,37776660,2981254,12.6714,,-22.98
2020.05,동박,7410211000,22881212,345613,66.2047,,-0.45
2020.05,알루미늄박,7606120000,105006512,45072992,2.3297,,-14.93
2020.05,레이저마커장비,8456119000,8605090,96428,89.2385,,-52.64
2020.05,DRAM모듈,8473304060,1106465787,179609,6160.4139,,-1.17
2020.05,변압기,8504,147499115,8460202,17.4345,,-6.7
2020.05,대형변압기,8504230000,20026130,2294102,8.7294,,-49.3
2020.05,리튬1차전지,8506500000,6660095,119763,55.6106,,-19.26
2020.05,리튬이온전지_ESS_proxy,850760,377539275,10305474,36.6348,,4.85
2020.05,SSD,8523511000,956287024,209872,4556.525,,16.02
2020.05,MLCC,8532240000,89457551,419084,213.4597,,23.47
2020.05,PCB,853400,353320832,1121082,315.1606,,-2.82
2020.05,"GDDR기판, FPCB",8534002000,171486516,277838,617.2176,,-1.22
2020.05,PCB,8534009000,180186692,835159,215.7514,,-4.39
2020.05,소켓,8536909090,43534790,759160,57.346,,-13.09
2020.05,태양광패널,8541430000,101129155,17236195,5.8673,,-1.56
2020.05,반도체전체,8542,6634491326,1226910,5407.48,,15.67
2020.05,DRAM,8542321010,1729492217,102723,16836.4652,,7.64
2020.05,NAND Flash,8542321030,477943516,40734,11733.2822,,-10.26
2020.05,MCP,8542323000,2118867440,49620,42701.8831,,46.85
2020.05,해저케이블(2),8544602010,13396284,2523204,5.3092,,-6.93
2020.05,해저케이블(1),8544603010,13899312,2117232,6.5649,,-63.54
2020.05,체성분분석기,9018198000,4476685,26548,168.6261,,-10.18
2020.05,인터페이스보드,9030901000,30990347,47274,655.5474,,21.19
2020.06,라면,1902301010,52766133,15595116,3.3835,,-4.48
2020.06,양극재 NCM,2841909020,140183402,6116690,22.9182,,10.56
2020.06,톡신,300249,14846359,27221,545.4009,,-31.95
2020.06,톡신,3002491000,14846359,27221,545.4009,,-31.95
2020.06,창상피복재,3005904000,2295478,70409,32.6021,,-28.9
2020.06,화장품,330499,407583474,17265806,23.6064,,-1.04
2020.06,기초화장품,3304991000,261679370,10088445,25.9385,,3.63
2020.06,메이크업화장품,3304992000,28473685,573125,49.6815,,-5.24
2020.06,필러,3304999000,115595913,6390160,18.0897,,-9.49
2020.06,마스크팩,3307904000,33978291,2833640,11.991,,-10.05
2020.06,동박,7410211000,24481110,421217,58.1199,,6.99
2020.06,알루미늄박,7606120000,110087541,47683478,2.3087,,4.84
2020.06,레이저마커장비,8456119000,7131243,111245,64.1039,,-17.13
2020.06,DRAM모듈,8473304060,1210698403,186204,6502.0,,9.42
2020.06,변압기,8504,168366351,10013332,16.8142,,14.15
2020.06,대형변압기,8504230000,25801181,3427435,7.5278,,28.84
2020.06,리튬1차전지,8506500000,8276594,141295,58.5767,,24.27
2020.06,리튬이온전지_ESS_proxy,850760,364833487,10018411,36.4163,,-3.37
2020.06,SSD,8523511000,965524000,213466,4523.081,,0.97
2020.06,MLCC,8532240000,102649829,457087,224.5739,,14.75
2020.06,PCB,853400,385587379,1336258,288.5576,,9.13
2020.06,"GDDR기판, FPCB",8534002000,193426023,315311,613.4452,,12.79
2020.06,PCB,8534009000,190271684,1013360,187.7632,,5.6
2020.06,소켓,8536909090,55308227,827059,66.8734,,27.04
2020.06,태양광패널,8541430000,79533648,11218443,7.0895,,-21.35
2020.06,반도체전체,8542,6725176567,1342319,5010.118,,1.37
2020.06,DRAM,8542321010,1742598810,127177,13702.1538,,0.76
2020.06,NAND Flash,8542321030,480546112,46436,10348.5682,,0.54
2020.06,MCP,8542323000,1904275458,52865,36021.4784,,-10.13
2020.06,해저케이블(2),8544602010,24878405,5032095,4.9439,,85.71
2020.06,해저케이블(1),8544603010,16964939,2966295,5.7192,,22.06
2020.06,체성분분석기,9018198000,7615514,48172,158.0901,,70.12
2020.06,인터페이스보드,9030901000,25477029,21294,1196.4417,,-17.79
2020.07,라면,1902301010,56486923,16644909,3.3936,,7.05
2020.07,양극재 NCM,2841909020,159739544,7289080,21.9149,,13.95
2020.07,톡신,300249,16962228,32949,514.8025,,14.25
2020.07,톡신,3002491000,16962228,32949,514.8025,,14.25
2020.07,창상피복재,3005904000,3240343,70695,45.8355,,41.16
2020.07,화장품,330499,438964001,17286202,25.3939,,7.7
2020.07,기초화장품,3304991000,282179661,10868219,25.9637,,7.83
2020.07,메이크업화장품,3304992000,35610234,637077,55.8963,,25.06
2020.07,필러,3304999000,119250867,5463639,21.8263,,3.16
2020.07,마스크팩,3307904000,35077603,2985070,11.751,,3.24
2020.07,동박,7410211000,28394243,581496,48.8296,,15.98
2020.07,알루미늄박,7606120000,123463544,52006784,2.374,,12.15
2020.07,레이저마커장비,8456119000,13977045,191946,72.8176,,96.0
2020.07,DRAM모듈,8473304060,805243232,126341,6373.5702,,-33.49
2020.07,변압기,8504,193449032,10582539,18.28,,14.9
2020.07,대형변압기,8504230000,29654598,3522595,8.4184,,14.94
2020.07,리튬1차전지,8506500000,6640031,107611,61.704,,-19.77
2020.07,리튬이온전지_ESS_proxy,850760,356582801,9732835,36.6371,,-2.26
2020.07,SSD,8523511000,835864921,180167,4639.3897,,-13.43
2020.07,MLCC,8532240000,104935047,550267,190.6984,,2.23
2020.07,PCB,853400,450236512,1813660,248.2475,,16.77
2020.07,"GDDR기판, FPCB",8534002000,212443005,377749,562.392,,9.83
2020.07,PCB,8534009000,235758290,1417424,166.3287,,23.91
2020.07,소켓,8536909090,67478837,1243180,54.2792,,22.01
2020.07,태양광패널,8541430000,105412904,16165713,6.5208,,32.54
2020.07,반도체전체,8542,6634878478,1388495,4778.4677,,-1.34
2020.07,DRAM,8542321010,1710712981,131768,12982.765,,-1.83
2020.07,NAND Flash,8542321030,492063828,41610,11825.6147,,2.4
2020.07,MCP,8542323000,1573800930,50013,31467.837,,-17.35
2020.07,해저케이블(2),8544602010,12421262,2612813,4.754,,-50.07
2020.07,해저케이블(1),8544603010,10087410,1232737,8.1829,,-40.54
2020.07,체성분분석기,9018198000,4612191,25925,177.9051,,-39.44
2020.07,인터페이스보드,9030901000,29508146,24210,1218.8412,,15.82
2020.08,라면,1902301010,46846706,14217362,3.295,,-17.07
2020.08,양극재 NCM,2841909020,156471496,7045710,22.2081,,-2.05
2020.08,톡신,300249,15206306,33108,459.294,,-10.35
2020.08,톡신,3002491000,15206306,33108,459.294,,-10.35
2020.08,창상피복재,3005904000,2031463,35567,57.1165,,-37.31
2020.08,화장품,330499,442666543,17953612,24.6561,,0.84
2020.08,기초화장품,3304991000,283975162,11243225,25.2574,,0.64
2020.08,메이크업화장품,3304992000,32615753,659539,49.4523,,-8.41
2020.08,필러,3304999000,124510740,5910905,21.0646,,4.41
2020.08,마스크팩,3307904000,33217970,2403854,13.8186,,-5.3
2020.08,동박,7410211000,23871263,408405,58.45,,-15.93
2020.08,알루미늄박,7606120000,118804206,49331035,2.4083,,-3.77
2020.08,레이저마커장비,8456119000,11526005,297456,38.7486,,-17.54
2020.08,DRAM모듈,8473304060,770070488,115687,6656.4998,,-4.37
2020.08,변압기,8504,163919252,9084577,18.0437,,-15.26
2020.08,대형변압기,8504230000,13363829,1828379,7.3091,,-54.94
2020.08,리튬1차전지,8506500000,5163198,89812,57.489,,-22.24
2020.08,리튬이온전지_ESS_proxy,850760,426395989,11890676,35.8597,,19.58
2020.08,SSD,8523511000,1014406846,197340,5140.4016,,21.36
2020.08,MLCC,8532240000,102477590,513424,199.5964,,-2.34
2020.08,PCB,853400,438503413,1612792,271.8909,,-2.61
2020.08,"GDDR기판, FPCB",8534002000,225754133,385504,585.6078,,6.27
2020.08,PCB,8534009000,211048153,1212622,174.0428,,-10.48
2020.08,소켓,8536909090,61707522,833183,74.0624,,-8.55
2020.08,태양광패널,8541430000,107829302,16427010,6.5641,,2.29
2020.08,반도체전체,8542,7032611649,1490023,4719.8007,,5.99
2020.08,DRAM,8542321010,1656460521,143355,11554.9546,,-3.17
2020.08,NAND Flash,8542321030,503100283,43566,11548.0026,,2.24
2020.08,MCP,8542323000,1776264041,55295,32123.4115,,12.86
2020.08,해저케이블(2),8544602010,8085951,1693765,4.774,,-34.9
2020.08,해저케이블(1),8544603010,11474351,1728825,6.6371,,13.75
2020.08,체성분분석기,9018198000,3539616,22568,156.8423,,-23.26
2020.08,인터페이스보드,9030901000,25581314,20284,1261.1573,,-13.31
2020.09,라면,1902301010,51336415,15032558,3.415,,9.58
2020.09,양극재 NCM,2841909020,241669170,11326452,21.3367,,54.45
2020.09,톡신,300249,21364284,30858,692.3418,,40.5
2020.09,톡신,3002491000,21364284,30858,692.3418,,40.5
2020.09,창상피복재,3005904000,918381,9058,101.3889,,-54.79
2020.09,화장품,330499,631763954,24381284,25.9118,,42.72
2020.09,기초화장품,3304991000,386801664,15026645,25.7411,,36.21
2020.09,메이크업화장품,3304992000,59432324,1003129,59.2469,,82.22
2020.09,필러,3304999000,182037878,8152225,22.3298,,46.2
2020.09,마스크팩,3307904000,53868282,4385093,12.2844,,62.17
2020.09,동박,7410211000,24229632,387671,62.5005,,1.5
2020.09,알루미늄박,7606120000,121575666,47989612,2.5334,,2.33
2020.09,레이저마커장비,8456119000,11274784,179932,62.6614,,-2.18
2020.09,DRAM모듈,8473304060,1210533586,187112,6469.5668,,57.2
2020.09,변압기,8504,192849900,11694743,16.4903,,17.65
2020.09,대형변압기,8504230000,31056228,3507383,8.8545,,132.39
2020.09,리튬1차전지,8506500000,8376167,130093,64.386,,62.23
2020.09,리튬이온전지_ESS_proxy,850760,503628242,14702969,34.2535,,18.11
2020.09,SSD,8523511000,940051304,211797,4438.4543,,-7.33
2020.09,MLCC,8532240000,122830876,593527,206.9508,,19.86
2020.09,PCB,853400,475298813,1673471,284.0197,,8.39
2020.09,"GDDR기판, FPCB",8534002000,235578950,386963,608.7893,,4.35
2020.09,PCB,8534009000,238321288,1278064,186.4705,,12.92
2020.09,소켓,8536909090,64884188,1282692,50.5844,,5.15
2020.09,태양광패널,8541430000,130199839,18067964,7.2061,,20.75
2020.09,반도체전체,8542,7844778643,1607754,4879.3401,,11.55
2020.09,DRAM,8542321010,1722417618,169275,10175.2628,,3.98
2020.09,NAND Flash,8542321030,581809584,53207,10934.8316,,15.64
2020.09,MCP,8542323000,2257649470,65142,34657.3558,,27.1
2020.09,해저케이블(2),8544602010,10361332,2340345,4.4273,,28.14
2020.09,해저케이블(1),8544603010,10172976,1196720,8.5007,,-11.34
2020.09,체성분분석기,9018198000,6485846,37611,172.4455,,83.24
2020.09,인터페이스보드,9030901000,27081476,21514,1258.7839,,5.86
2020.10,라면,1902301010,47424181,13826617,3.4299,,-7.62
2020.10,양극재 NCM,2841909020,261033721,12011438,21.7321,,8.01
2020.10,톡신,300249,19973168,34876,572.6909,,-6.51
2020.10,톡신,3002491000,19973168,34876,572.6909,,-6.51
2020.10,창상피복재,3005904000,3484327,76047,45.8181,,279.4
2020.10,화장품,330499,552594112,21207255,26.0568,,-12.53
2020.10,기초화장품,3304991000,350153979,13314089,26.2995,,-9.47
2020.10,메이크업화장품,3304992000,44004693,710029,61.9759,,-25.96
2020.10,필러,3304999000,155262999,6882864,22.5579,,-14.71
2020.10,마스크팩,3307904000,57410035,4373930,13.1255,,6.57
2020.10,동박,7410211000,21919591,353640,61.9828,,-9.53
2020.10,알루미늄박,7606120000,116416508,45103413,2.5811,,-4.24
2020.10,레이저마커장비,8456119000,8107304,261401,31.0148,,-28.09
2020.10,DRAM모듈,8473304060,814903073,149145,5463.831,,-32.68
2020.10,변압기,8504,175373778,10369787,16.912,,-9.06
2020.10,대형변압기,8504230000,23027256,3195149,7.2069,,-25.85
2020.10,리튬1차전지,8506500000,5384811,88098,61.123,,-35.71
2020.10,리튬이온전지_ESS_proxy,850760,457582670,13593922,33.6608,,-9.14
2020.10,SSD,8523511000,675635940,173741,3888.7536,,-28.13
2020.10,MLCC,8532240000,109878659,521782,210.5835,,-10.54
2020.10,PCB,853400,454213885,1456029,311.9539,,-4.44
2020.10,"GDDR기판, FPCB",8534002000,248307383,377124,658.4237,,5.4
2020.10,PCB,8534009000,204622880,1069637,191.3012,,-14.14
2020.10,소켓,8536909090,65174670,1171933,55.613,,0.45
2020.10,태양광패널,8541430000,101404965,14682947,6.9063,,-22.12
2020.10,반도체전체,8542,7453429971,1570262,4746.6155,,-4.99
2020.10,DRAM,8542321010,1708850579,167472,10203.7987,,-0.79
2020.10,NAND Flash,8542321030,505395551,46871,10782.6919,,-13.13
2020.10,MCP,8542323000,1961928520,57034,34399.2797,,-13.1
2020.10,해저케이블(2),8544602010,9626984,1921520,5.0101,,-7.09
2020.10,해저케이블(1),8544603010,3348238,561156,5.9667,,-67.09
2020.10,체성분분석기,9018198000,5042699,31839,158.3812,,-22.25
2020.10,인터페이스보드,9030901000,23144558,23728,975.4112,,-14.54
2020.11,라면,1902301010,45493737,13207655,3.4445,,-4.07
2020.11,양극재 NCM,2841909020,292281753,13471444,21.6964,,11.97
2020.11,톡신,300249,22103525,36102,612.2521,,10.67
2020.11,톡신,3002491000,22103525,36102,612.2521,,10.67
2020.11,창상피복재,3005904000,3755298,103846,36.1622,,7.78
2020.11,화장품,330499,585462347,19491511,30.0368,,5.95
2020.11,기초화장품,3304991000,379935941,12192532,31.1614,,8.51
2020.11,메이크업화장품,3304992000,48452378,760605,63.7024,,10.11
2020.11,필러,3304999000,154264451,6306397,24.4616,,-0.64
2020.11,마스크팩,3307904000,53581613,3705631,14.4595,,-6.67
2020.11,동박,7410211000,22270570,425479,52.3423,,1.6
2020.11,알루미늄박,7606120000,109759665,42414038,2.5878,,-5.72
2020.11,레이저마커장비,8456119000,11679305,207782,56.2094,,44.06
2020.11,DRAM모듈,8473304060,828785467,159161,5207.2145,,1.7
2020.11,변압기,8504,200308073,11607879,17.2562,,14.22
2020.11,대형변압기,8504230000,27445517,2742523,10.0074,,19.19
2020.11,리튬1차전지,8506500000,6239137,102400,60.9291,,15.87
2020.11,리튬이온전지_ESS_proxy,850760,455907967,13927224,32.735,,-0.37
2020.11,SSD,8523511000,682059353,175709,3881.7554,,0.95
2020.11,MLCC,8532240000,107696949,514814,209.1958,,-1.99
2020.11,PCB,853400,451499649,1413370,319.449,,-0.6
2020.11,"GDDR기판, FPCB",8534002000,262656180,380962,689.4551,,5.78
2020.11,PCB,8534009000,187517914,1019830,183.8717,,-8.36
2020.11,소켓,8536909090,71072016,1170893,60.699,,9.05
2020.11,태양광패널,8541430000,94028352,15254373,6.164,,-7.27
2020.11,반도체전체,8542,7363796097,1607604,4580.6032,,-1.2
2020.11,DRAM,8542321010,1545290464,182857,8450.8138,,-9.57
2020.11,NAND Flash,8542321030,500733046,54992,9105.5616,,-0.92
2020.11,MCP,8542323000,1918170533,57980,33083.3138,,-2.23
2020.11,해저케이블(2),8544602010,29144808,3773458,7.7236,,202.74
2020.11,해저케이블(1),8544603010,7112970,710579,10.0101,,112.44
2020.11,체성분분석기,9018198000,4628649,33655,137.5323,,-8.21
2020.11,인터페이스보드,9030901000,26659681,37016,720.2205,,15.19
2020.12,라면,1902301010,53909652,14217534,3.7918,,18.5
2020.12,양극재 NCM,2841909020,324845190,14802639,21.9451,,11.14
2020.12,톡신,300249,22090745,26997,818.2667,,-0.06
2020.12,톡신,3002491000,22090745,26997,818.2667,,-0.06
2020.12,창상피복재,3005904000,4782192,185869,25.7288,,27.35
2020.12,화장품,330499,524368855,16717282,31.3669,,-10.44
2020.12,기초화장품,3304991000,316065843,10353348,30.5279,,-16.81
2020.12,메이크업화장품,3304992000,41615439,779451,53.3907,,-14.11
2020.12,필러,3304999000,161907580,5249454,30.8427,,4.95
2020.12,마스크팩,3307904000,43864836,3295481,13.3106,,-18.13
2020.12,동박,7410211000,25448031,467483,54.4363,,14.27
2020.12,알루미늄박,7606120000,157455612,58685769,2.683,,43.45
2020.12,레이저마커장비,8456119000,7278001,126458,57.5527,,-37.68
2020.12,DRAM모듈,8473304060,1150337646,213201,5395.5546,,38.8
2020.12,변압기,8504,256334702,16468580,15.5651,,27.97
2020.12,대형변압기,8504230000,60260983,6557541,9.1896,,119.57
2020.12,리튬1차전지,8506500000,8333685,138505,60.1688,,33.57
2020.12,리튬이온전지_ESS_proxy,850760,466235862,13896704,33.5501,,2.27
2020.12,SSD,8523511000,788171952,181344,4346.2808,,15.56
2020.12,MLCC,8532240000,96174203,486954,197.5016,,-10.7
2020.12,PCB,853400,452369378,1585058,285.3961,,0.19
2020.12,"GDDR기판, FPCB",8534002000,250355359,389296,643.0977,,-4.68
2020.12,PCB,8534009000,200009697,1177920,169.7991,,6.66
2020.12,소켓,8536909090,77249186,1423983,54.2487,,8.69
2020.12,태양광패널,8541430000,111016316,17016737,6.5239,,18.07
2020.12,반도체전체,8542,7855024929,1581477,4966.8917,,6.67
2020.12,DRAM,8542321010,1361206326,115196,11816.4374,,-11.91
2020.12,NAND Flash,8542321030,679302439,64983,10453.5408,,35.66
2020.12,MCP,8542323000,2387669212,71279,33497.5128,,24.48
2020.12,해저케이블(2),8544602010,6461936,1362820,4.7416,,-77.83
2020.12,해저케이블(1),8544603010,27649386,3058221,9.041,,288.72
2020.12,체성분분석기,9018198000,7115203,42653,166.816,,53.72
2020.12,인터페이스보드,9030901000,32769890,27413,1195.4142,,22.92
2021.01,라면,1902301010,51040480,14489928,3.5225,36.54,-5.32
2021.01,양극재 NCM,2841909020,304804574,14195422,21.472,82.25,-6.17
2021.01,톡신,300249,15058351,19832,759.2956,89.29,-31.83
2021.01,톡신,3002491000,15058351,19832,759.2956,89.29,-31.83
2021.01,창상피복재,3005904000,2432076,44900,54.1665,121.8,-49.14
2021.01,화장품,330499,596184266,18748314,31.7994,70.12,13.7
2021.01,기초화장품,3304991000,400839229,11781914,34.0216,90.27,26.82
2021.01,메이크업화장품,3304992000,46309580,734281,63.0679,19.73,11.28
2021.01,필러,3304999000,145355227,5914257,24.5771,45.52,-10.22
2021.01,마스크팩,3307904000,53445651,4490585,11.9017,179.14,21.84
2021.01,동박,7410211000,23507079,456529,51.4909,12.61,-7.63
2021.01,알루미늄박,7606120000,139139397,49354388,2.8192,8.73,-11.63
2021.01,레이저마커장비,8456119000,10721940,170145,63.0165,-24.52,47.32
2021.01,DRAM모듈,8473304060,884996536,167661,5278.4878,31.7,-23.07
2021.01,변압기,8504,184898302,9901587,18.6736,28.01,-27.87
2021.01,대형변압기,8504230000,19009305,2242294,8.4776,77.43,-68.46
2021.01,리튬1차전지,8506500000,6655813,106909,62.2568,2.17,-20.13
2021.01,리튬이온전지_ESS_proxy,850760,404045494,12176416,33.1826,13.96,-13.34
2021.01,SSD,8523511000,698505060,200493,3483.9374,1.53,-11.38
2021.01,MLCC,8532240000,118519100,627328,188.9268,58.3,23.23
2021.01,PCB,853400,461107099,1672464,275.7052,12.14,1.93
2021.01,"GDDR기판, FPCB",8534002000,253399689,419068,604.6744,26.28,1.22
2021.01,PCB,8534009000,206587541,1238611,166.7897,-1.19,3.29
2021.01,소켓,8536909090,74124108,1280363,57.893,28.5,-4.05
2021.01,태양광패널,8541430000,94906236,11595515,8.1847,-41.0,-14.51
2021.01,반도체전체,8542,7369203435,1606609,4586.8058,20.49,-6.18
2021.01,DRAM,8542321010,1497226281,112614,13295.2056,13.75,9.99
2021.01,NAND Flash,8542321030,488969557,50861,9613.8408,-13.54,-28.02
2021.01,MCP,8542323000,2073236577,59762,34691.5528,59.54,-13.17
2021.01,해저케이블(2),8544602010,6098787,1154149,5.2842,-23.45,-5.62
2021.01,해저케이블(1),8544603010,10203486,1419174,7.1897,-61.52,-63.1
2021.01,체성분분석기,9018198000,4270184,26884,158.8374,-54.72,-39.99
2021.01,인터페이스보드,9030901000,28488677,22442,1269.4357,19.85,-13.06
2021.02,라면,1902301010,46313452,13433888,3.4475,8.74,-9.26
2021.02,양극재 NCM,2841909020,279407944,12934909,21.6011,83.18,-8.33
2021.02,톡신,300249,8945853,13078,684.0383,-7.78,-40.59
2021.02,톡신,3002491000,8945853,13078,684.0383,-7.78,-40.59
2021.02,창상피복재,3005904000,2905021,60849,47.7415,21.42,19.45
2021.02,화장품,330499,485144610,17226134,28.1633,25.17,-18.63
2021.02,기초화장품,3304991000,304810733,10723002,28.4259,31.72,-23.96
2021.02,메이크업화장품,3304992000,39244687,655852,59.8377,-1.91,-15.26
2021.02,필러,3304999000,138287560,5657082,24.445,19.92,-4.86
2021.02,마스크팩,3307904000,33091083,2807571,11.7864,12.97,-38.08
2021.02,동박,7410211000,21849483,316878,68.9524,12.75,-7.05
2021.02,알루미늄박,7606120000,126343071,43684849,2.8921,1.69,-9.2
2021.02,레이저마커장비,8456119000,10472362,282763,37.0358,65.29,-2.33
2021.02,DRAM모듈,8473304060,745036364,147515,5050.5804,-3.58,-15.81
2021.02,변압기,8504,190114967,11321352,16.7926,15.43,2.82
2021.02,대형변압기,8504230000,28509957,2865125,9.9507,5.21,49.98
2021.02,리튬1차전지,8506500000,6110714,89649,68.1627,-31.45,-8.19
2021.02,리튬이온전지_ESS_proxy,850760,394159404,11734166,33.5907,10.83,-2.45
2021.02,SSD,8523511000,774313712,215841,3587.4264,-6.23,10.85
2021.02,MLCC,8532240000,98802727,517767,190.8247,31.18,-16.64
2021.02,PCB,853400,397205193,1510523,262.9587,5.7,-13.86
2021.02,"GDDR기판, FPCB",8534002000,204199491,344563,592.6333,13.19,-19.42
2021.02,PCB,8534009000,191828283,1152619,166.4282,-0.88,-7.14
2021.02,소켓,8536909090,66639698,1032675,64.5311,20.21,-10.1
2021.02,태양광패널,8541430000,97659653,12890671,7.576,-28.2,2.9
2021.02,반도체전체,8542,7197468873,1530687,4702.1167,14.88,-2.33
2021.02,DRAM,8542321010,1526633720,154410,9886.8838,10.69,1.96
2021.02,NAND Flash,8542321030,459703191,46545,9876.5322,-7.39,-5.99
2021.02,MCP,8542323000,2142781466,63474,33758.4124,41.65,3.35
2021.02,해저케이블(2),8544602010,41108128,5935718,6.9256,278.56,574.04
2021.02,해저케이블(1),8544603010,2903728,518205,5.6034,-84.0,-71.54
2021.02,체성분분석기,9018198000,6262693,41137,152.2399,9.63,46.66
2021.02,인터페이스보드,9030901000,24879152,23341,1065.8991,-8.87,-12.67
2021.03,라면,1902301010,59623512,17161909,3.4742,14.5,28.74
2021.03,양극재 NCM,2841909020,324336594,14399896,22.5235,61.08,16.08
2021.03,톡신,300249,27442781,32384,847.4179,49.78,206.77
2021.03,톡신,3002491000,27442781,32384,847.4179,49.78,206.77
2021.03,창상피복재,3005904000,4145093,75369,54.9973,59.09,42.69
2021.03,화장품,330499,670078546,22384418,29.935,17.45,38.12
2021.03,기초화장품,3304991000,425244057,13859058,30.6835,18.38,39.51
2021.03,메이크업화장품,3304992000,52746467,821886,64.1774,-4.15,34.4
2021.03,필러,3304999000,188926111,7361064,25.6656,22.52,36.62
2021.03,마스크팩,3307904000,55641523,4945671,11.2506,-8.11,68.15
2021.03,동박,7410211000,28080262,476450,58.9364,8.83,28.52
2021.03,알루미늄박,7606120000,155915164,53421053,2.9186,15.44,23.41
2021.03,레이저마커장비,8456119000,8043880,89928,89.448,-77.3,-23.19
2021.03,DRAM모듈,8473304060,906409347,167078,5425.067,-18.27,21.66
2021.03,변압기,8504,230809820,13683850,16.8673,17.83,21.41
2021.03,대형변압기,8504230000,46751042,5023619,9.3062,-3.05,63.98
2021.03,리튬1차전지,8506500000,8117715,126614,64.1139,-23.44,32.84
2021.03,리튬이온전지_ESS_proxy,850760,510292119,16163462,31.5707,27.67,29.46
2021.03,SSD,8523511000,910644390,246882,3688.5815,7.33,17.61
2021.03,MLCC,8532240000,112110586,553837,202.4252,34.79,13.47
2021.03,PCB,853400,461784526,1729834,266.9531,9.97,16.26
2021.03,"GDDR기판, FPCB",8534002000,233067722,375126,621.3052,26.69,14.14
2021.03,PCB,8534009000,227514729,1344968,169.16,-2.62,18.6
2021.03,소켓,8536909090,74834335,1331491,56.2034,29.97,12.3
2021.03,태양광패널,8541430000,105952194,13832960,7.6594,-30.25,8.49
2021.03,반도체전체,8542,8142640750,1745397,4665.2084,12.73,13.13
2021.03,DRAM,8542321010,1785261687,170200,10489.1991,15.37,16.94
2021.03,NAND Flash,8542321030,441894394,53049,8329.9288,-9.72,-3.87
2021.03,MCP,8542323000,2543431438,74798,34004.0033,25.97,18.7
2021.03,해저케이블(2),8544602010,8358011,1712430,4.8808,-31.17,-79.67
2021.03,해저케이블(1),8544603010,18585493,3302434,5.6278,-59.71,540.06
2021.03,체성분분석기,9018198000,6212464,38729,160.4086,4.01,-0.8
2021.03,인터페이스보드,9030901000,30264437,21259,1423.6059,12.37,21.65
2021.04,라면,1902301010,57491679,16671704,3.4485,-7.31,-3.58
2021.04,양극재 NCM,2841909020,349850062,14387115,24.3169,147.53,7.87
2021.04,톡신,300249,19056118,30675,621.2263,27.25,-30.56
2021.04,톡신,3002491000,19056118,30675,621.2263,27.25,-30.56
2021.04,창상피복재,3005904000,5874125,93988,62.4987,187.54,41.71
2021.04,화장품,330499,695557228,23854481,29.1583,76.57,3.8
2021.04,기초화장품,3304991000,457213474,15461589,29.5709,96.36,7.52
2021.04,메이크업화장품,3304992000,56653982,958497,59.1071,37.26,7.41
2021.04,필러,3304999000,178226882,7130872,24.9937,50.7,-5.66
2021.04,마스크팩,3307904000,54969115,5044533,10.8968,12.07,-1.21
2021.04,동박,7410211000,27223206,455853,59.7193,18.45,-3.05
2021.04,알루미늄박,7606120000,174857291,56471603,3.0964,41.66,12.15
2021.04,레이저마커장비,8456119000,16193588,459133,35.2699,-10.88,101.32
2021.04,DRAM모듈,8473304060,1007691391,158393,6361.9692,-9.99,11.17
2021.04,변압기,8504,217745290,11675673,18.6495,37.74,-5.66
2021.04,대형변압기,8504230000,27237980,2752647,9.8952,-31.04,-41.74
2021.04,리튬1차전지,8506500000,6673062,96611,69.0715,-19.1,-17.8
2021.04,리튬이온전지_ESS_proxy,850760,463298115,14752110,31.4055,28.66,-9.21
2021.04,SSD,8523511000,746152788,205355,3633.4776,-9.48,-18.06
2021.04,MLCC,8532240000,114508414,543551,210.6673,58.05,2.14
2021.04,PCB,853400,430407408,1684802,255.4647,18.38,-6.79
2021.04,"GDDR기판, FPCB",8534002000,220612012,375249,587.9083,27.07,-5.34
2021.04,PCB,8534009000,208193819,1285438,161.9633,10.47,-8.49
2021.04,소켓,8536909090,70510485,1303535,54.0917,40.77,-5.78
2021.04,태양광패널,8541430000,98724809,11643573,8.4789,-3.9,-6.82
2021.04,반도체전체,8542,7884261059,1696831,4646.4622,37.46,-3.17
2021.04,DRAM,8542321010,1858230153,155028,11986.4163,15.66,4.09
2021.04,NAND Flash,8542321030,491393546,48756,10078.6272,-7.74,11.2
2021.04,MCP,8542323000,2195578967,66130,33200.9522,52.17,-13.68
2021.04,해저케이블(2),8544602010,7334154,1392838,5.2656,-49.05,-12.25
2021.04,해저케이블(1),8544603010,40307837,6198244,6.5031,5.72,116.88
2021.04,체성분분석기,9018198000,4723290,33949,139.129,-5.23,-23.97
2021.04,인터페이스보드,9030901000,32031397,22341,1433.7495,25.26,5.84
2021.05,라면,1902301010,51339862,14391572,3.5674,-7.06,-10.7
2021.05,양극재 NCM,2841909020,348466390,14730907,23.6555,174.84,-0.4
2021.05,톡신,300249,20381882,41061,496.3806,-6.57,6.96
2021.05,톡신,3002491000,20381882,41061,496.3806,-6.57,6.96
2021.05,창상피복재,3005904000,2896468,37679,76.8722,-10.28,-50.69
2021.05,화장품,330499,621696788,21060944,29.5189,50.95,-10.62
2021.05,기초화장품,3304991000,390996976,13016414,30.0388,54.84,-14.48
2021.05,메이크업화장품,3304992000,55729284,862357,64.6244,85.48,-1.63
2021.05,필러,3304999000,172565455,6945676,24.845,35.11,-3.18
2021.05,마스크팩,3307904000,48012398,3855919,12.4516,27.1,-12.66
2021.05,동박,7410211000,34688743,448240,77.3888,51.6,27.42
2021.05,알루미늄박,7606120000,179954652,55837197,3.2228,71.37,2.92
2021.05,레이저마커장비,8456119000,9491883,212280,44.714,10.31,-41.38
2021.05,DRAM모듈,8473304060,952576960,149328,6379.0914,-13.91,-5.47
2021.05,변압기,8504,197908709,9072046,21.8152,34.18,-9.11
2021.05,대형변압기,8504230000,8091810,958258,8.4443,-59.59,-70.29
2021.05,리튬1차전지,8506500000,8429659,121797,69.2107,26.57,26.32
2021.05,리튬이온전지_ESS_proxy,850760,487699996,15609728,31.2433,29.18,5.27
2021.05,SSD,8523511000,965062743,242618,3977.7046,0.92,29.34
2021.05,MLCC,8532240000,111308951,560797,198.4835,24.43,-2.79
2021.05,PCB,853400,438062346,1640348,267.0545,23.98,1.78
2021.05,"GDDR기판, FPCB",8534002000,231133706,398452,580.0792,34.78,4.77
2021.05,PCB,8534009000,205458326,1229154,167.1543,14.03,-1.31
2021.05,소켓,8536909090,65654496,1241113,52.8997,50.81,-6.89
2021.05,태양광패널,8541430000,94814960,14733613,6.4353,-6.24,-3.96
2021.05,반도체전체,8542,8663511287,1735191,4992.8286,30.58,9.88
2021.05,DRAM,8542321010,1946726364,161139,12081.0379,12.56,4.76
2021.05,NAND Flash,8542321030,587405784,53677,10943.3423,22.9,19.54
2021.05,MCP,8542323000,2730603865,82997,32900.0309,28.87,24.37
2021.05,해저케이블(2),8544602010,13489993,2448647,5.5092,0.7,83.93
2021.05,해저케이블(1),8544603010,16752012,2476739,6.7637,20.52,-58.44
2021.05,체성분분석기,9018198000,5625637,36119,155.7528,25.67,19.1
2021.05,인터페이스보드,9030901000,32077401,25779,1244.3229,3.51,0.14
2021.06,라면,1902301010,53879580,15491023,3.4781,2.11,4.95
2021.06,양극재 NCM,2841909020,358852381,15058578,23.8304,155.99,2.98
2021.06,톡신,300249,26100104,31989,815.9087,75.8,28.06
2021.06,톡신,3002491000,26100104,31989,815.9087,75.8,28.06
2021.06,창상피복재,3005904000,5248425,60196,87.1889,128.64,81.2
2021.06,화장품,330499,556283844,19463604,28.5807,36.48,-10.52
2021.06,기초화장품,3304991000,340359168,12270695,27.7376,30.07,-12.95
2021.06,메이크업화장품,3304992000,58407227,871606,67.011,105.13,4.81
2021.06,필러,3304999000,153830541,6027486,25.5215,33.08,-10.86
2021.06,마스크팩,3307904000,46352532,4015201,11.5443,36.42,-3.46
2021.06,동박,7410211000,40334631,525870,76.7008,64.76,16.28
2021.06,알루미늄박,7606120000,197070733,58583051,3.364,79.01,9.51
2021.06,레이저마커장비,8456119000,3909208,120403,32.4677,-45.18,-58.82
2021.06,DRAM모듈,8473304060,1197708939,181148,6611.7701,-1.07,25.73
2021.06,변압기,8504,219966371,11802018,18.638,30.65,11.15
2021.06,대형변압기,8504230000,26555037,2691657,9.8657,2.92,228.17
2021.06,리튬1차전지,8506500000,10191955,150818,67.5778,23.14,20.91
2021.06,리튬이온전지_ESS_proxy,850760,544530483,17320428,31.4386,49.25,11.65
2021.06,SSD,8523511000,1106811240,240725,4597.8242,14.63,14.69
2021.06,MLCC,8532240000,118169302,570006,207.3124,15.12,6.16
2021.06,PCB,853400,461183021,1660140,277.7977,19.61,5.28
2021.06,"GDDR기판, FPCB",8534002000,236693743,393724,601.1667,22.37,2.41
2021.06,PCB,8534009000,223236384,1252942,178.1698,17.33,8.65
2021.06,소켓,8536909090,76616948,1457253,52.5763,38.53,16.7
2021.06,태양광패널,8541430000,109718155,15977610,6.867,37.95,15.72
2021.06,반도체전체,8542,9512805404,1710581,5561.1546,41.45,9.8
2021.06,DRAM,8542321010,2176813167,126963,17145.2562,24.92,11.82
2021.06,NAND Flash,8542321030,595764768,53106,11218.4079,23.98,1.42
2021.06,MCP,8542323000,3209439778,93726,34242.7905,68.54,17.54
2021.06,해저케이블(2),8544602010,14176721,2311884,6.1321,-43.02,5.09
2021.06,해저케이블(1),8544603010,22272254,2803288,7.945,31.28,32.95
2021.06,체성분분석기,9018198000,6617323,47936,138.045,-13.11,17.63
2021.06,인터페이스보드,9030901000,32039595,28574,1121.2849,25.76,-0.12
2021.07,라면,1902301010,52402285,15152941,3.4582,-7.23,-2.74
2021.07,양극재 NCM,2841909020,334564905,13889376,24.0878,109.44,-6.77
2021.07,톡신,300249,16726530,24776,675.1102,-1.39,-35.91
2021.07,톡신,3002491000,16726530,24776,675.1102,-1.39,-35.91
2021.07,창상피복재,3005904000,6065868,126191,48.0689,87.2,15.58
2021.07,화장품,330499,504470226,19973495,25.257,14.92,-9.31
2021.07,기초화장품,3304991000,330918159,13240927,24.9921,17.27,-2.77
2021.07,메이크업화장품,3304992000,42318180,766225,55.2294,18.84,-27.55
2021.07,필러,3304999000,127515877,5609053,22.7339,6.93,-17.11
2021.07,마스크팩,3307904000,48456197,3701332,13.0916,38.14,4.54
2021.07,동박,7410211000,36043437,470952,76.5331,26.94,-10.64
2021.07,알루미늄박,7606120000,178082668,52703455,3.379,44.24,-9.64
2021.07,레이저마커장비,8456119000,8227863,186714,44.0667,-41.13,110.47
2021.07,DRAM모듈,8473304060,1236205018,174814,7071.5447,53.52,3.21
2021.07,변압기,8504,228827937,12151152,18.8318,18.29,4.03
2021.07,대형변압기,8504230000,25679526,2681511,9.5765,-13.4,-3.3
2021.07,리튬1차전지,8506500000,6914080,95647,72.2875,4.13,-32.16
2021.07,리튬이온전지_ESS_proxy,850760,529435556,16922071,31.2867,48.47,-2.77
2021.07,SSD,8523511000,1116644906,209292,5335.3444,33.59,0.89
2021.07,MLCC,8532240000,121619489,551221,220.6365,15.9,2.92
2021.07,PCB,853400,530174037,1729672,306.5171,17.75,14.96
2021.07,"GDDR기판, FPCB",8534002000,291868499,436829,668.1528,37.39,23.31
2021.07,PCB,8534009000,237257310,1282003,185.0677,0.64,6.28
2021.07,소켓,8536909090,81317952,1231190,66.0483,20.51,6.14
2021.07,태양광패널,8541430000,88053120,11252179,7.8254,-16.47,-19.75
2021.07,반도체전체,8542,9272408332,1716563,5401.7291,39.75,-2.53
2021.07,DRAM,8542321010,2281692195,125481,18183.5672,33.38,4.82
2021.07,NAND Flash,8542321030,494346575,46748,10574.7107,0.46,-17.02
2021.07,MCP,8542323000,2710736092,82514,32851.8323,72.24,-15.54
2021.07,해저케이블(2),8544602010,14501578,2562454,5.6593,16.75,2.29
2021.07,해저케이블(1),8544603010,33735176,4949333,6.8161,234.43,51.47
2021.07,체성분분석기,9018198000,5523000,42275,130.6446,19.75,-16.54
2021.07,인터페이스보드,9030901000,33481713,22767,1470.6247,13.47,4.5
2021.08,라면,1902301010,50884636,14797425,3.4387,8.62,-2.9
2021.08,양극재 NCM,2841909020,387296700,15846497,24.4405,147.52,15.76
2021.08,톡신,300249,11573355,19629,589.6049,-23.89,-30.81
2021.08,톡신,3002491000,11573355,19629,589.6049,-23.89,-30.81
2021.08,창상피복재,3005904000,4117133,51800,79.4813,102.67,-32.13
2021.08,화장품,330499,540634169,19313831,27.9921,22.13,7.17
2021.08,기초화장품,3304991000,363020877,12928695,28.0787,27.84,9.7
2021.08,메이크업화장품,3304992000,48888362,862065,56.7108,49.89,15.53
2021.08,필러,3304999000,125475453,5169174,24.2738,0.77,-1.6
2021.08,마스크팩,3307904000,45949041,4254490,10.8001,38.33,-5.17
2021.08,동박,7410211000,36614083,402446,90.9789,53.38,1.58
2021.08,알루미늄박,7606120000,204106299,58625389,3.4815,71.8,14.61
2021.08,레이저마커장비,8456119000,13503153,305795,44.1575,17.15,64.11
2021.08,DRAM모듈,8473304060,1193530028,161832,7375.1176,54.99,-3.45
2021.08,변압기,8504,206992933,11973276,17.2879,26.28,-9.54
2021.08,대형변압기,8504230000,28000648,3581912,7.8172,109.53,9.04
2021.08,리튬1차전지,8506500000,8587457,132548,64.7875,66.32,24.2
2021.08,리튬이온전지_ESS_proxy,850760,474126005,15406709,30.774,11.19,-10.45
2021.08,SSD,8523511000,1351718556,254283,5315.8039,33.25,21.05
2021.08,MLCC,8532240000,122385031,536882,227.9552,19.43,0.63
2021.08,PCB,853400,531605349,1563533,340.0026,21.23,0.27
2021.08,"GDDR기판, FPCB",8534002000,286282404,447454,639.803,26.81,-1.91
2021.08,PCB,8534009000,244301659,1109565,220.1779,15.76,2.97
2021.08,소켓,8536909090,67644481,931042,72.6546,9.62,-16.81
2021.08,태양광패널,8541430000,95397556,13953378,6.8369,-11.53,8.34
2021.08,반도체전체,8542,10034267633,1807600,5551.1549,42.68,8.22
2021.08,DRAM,8542321010,2571096763,143500,17917.0506,55.22,12.68
2021.08,NAND Flash,8542321030,566156787,52626,10758.1193,12.53,14.53
2021.08,MCP,8542323000,2822617027,86430,32657.839,58.91,4.13
2021.08,해저케이블(2),8544602010,22001838,3750958,5.8657,172.1,51.72
2021.08,해저케이블(1),8544603010,21371031,3252603,6.5704,86.25,-36.65
2021.08,체성분분석기,9018198000,3923602,27621,142.0514,10.85,-28.96
2021.08,인터페이스보드,9030901000,26568501,20799,1277.3932,3.86,-20.65
2021.09,라면,1902301010,58499164,16895331,3.4624,13.95,14.96
2021.09,양극재 NCM,2841909020,395237141,15868007,24.9078,63.54,2.05
2021.09,톡신,300249,23709598,34428,688.672,10.98,104.86
2021.09,톡신,3002491000,23709598,34428,688.672,10.98,104.86
2021.09,창상피복재,3005904000,4902988,55791,87.8813,433.87,19.09
2021.09,화장품,330499,684764836,22748043,30.1021,8.39,26.66
2021.09,기초화장품,3304991000,448119506,15312545,29.2649,15.85,23.44
2021.09,메이크업화장품,3304992000,57616838,899530,64.0522,-3.05,17.85
2021.09,필러,3304999000,173429212,6190644,28.0147,-4.73,38.22
2021.09,마스크팩,3307904000,60370385,4984368,12.1119,12.07,31.39
2021.09,동박,7410211000,29907246,388342,77.0126,23.43,-18.32
2021.09,알루미늄박,7606120000,166548179,46035526,3.6178,36.99,-18.4
2021.09,레이저마커장비,8456119000,19196727,160751,119.419,70.26,42.16
2021.09,DRAM모듈,8473304060,1206487771,158680,7603.2756,-0.33,1.09
2021.09,변압기,8504,171132722,8706492,19.6558,-11.26,-17.32
2021.09,대형변압기,8504230000,6878827,712104,9.6599,-77.85,-75.43
2021.09,리튬1차전지,8506500000,8232990,117162,70.2701,-1.71,-4.13
2021.09,리튬이온전지_ESS_proxy,850760,498874263,15736872,31.701,-0.94,5.22
2021.09,SSD,8523511000,1516040878,291721,5196.8863,61.27,12.16
2021.09,MLCC,8532240000,108612348,496986,218.5421,-11.58,-11.25
2021.09,PCB,853400,519628289,1640588,316.733,9.33,-2.25
2021.09,"GDDR기판, FPCB",8534002000,277817125,433151,641.3863,17.93,-2.96
2021.09,PCB,8534009000,240520015,1195464,201.1939,0.92,-1.55
2021.09,소켓,8536909090,66193531,1051805,62.9333,2.02,-2.14
2021.09,태양광패널,8541430000,73916944,12270072,6.0242,-43.23,-22.52
2021.09,반도체전체,8542,10527184947,1783784,5901.603,34.19,4.91
2021.09,DRAM,8542321010,2568940514,133506,19242.1353,49.15,-0.08
2021.09,NAND Flash,8542321030,657444772,58595,11220.1514,13.0,16.12
2021.09,MCP,8542323000,3032476456,86636,35002.4985,34.32,7.43
2021.09,해저케이블(2),8544602010,22773246,3303470,6.8937,119.79,3.51
2021.09,해저케이블(1),8544603010,14436482,1756647,8.2182,41.91,-32.45
2021.09,체성분분석기,9018198000,6221688,58768,105.8686,-4.07,58.57
2021.09,인터페이스보드,9030901000,22902707,18324,1249.8749,-15.43,-13.8
2021.10,라면,1902301010,60488663,17758903,3.4061,27.55,3.4
2021.10,양극재 NCM,2841909020,355783456,14092080,25.2471,36.3,-9.98
2021.10,톡신,300249,17817960,36844,483.6055,-10.79,-24.85
2021.10,톡신,3002491000,17817960,36844,483.6055,-10.79,-24.85
2021.10,창상피복재,3005904000,4835351,84818,57.0085,38.77,-1.38
2021.10,화장품,330499,621938088,21935542,28.353,12.55,-9.17
2021.10,기초화장품,3304991000,413765593,14071152,29.4052,18.17,-7.67
2021.10,메이크업화장품,3304992000,64030136,1230148,52.0508,45.51,11.13
2021.10,필러,3304999000,139225001,6267716,22.213,-10.33,-19.72
2021.10,마스크팩,3307904000,57745244,4813330,11.9969,0.58,-4.35
2021.10,동박,7410211000,32277092,457630,70.531,47.25,7.92
2021.10,알루미늄박,7606120000,121141721,31355756,3.8635,4.06,-27.26
2021.10,레이저마커장비,8456119000,2976414,53804,55.3196,-63.29,-84.5
2021.10,DRAM모듈,8473304060,1093171037,138829,7874.2268,34.15,-9.39
2021.10,변압기,8504,172197701,9577231,17.9799,-1.81,0.62
2021.10,대형변압기,8504230000,10347972,1224563,8.4503,-55.06,50.43
2021.10,리튬1차전지,8506500000,4507068,60330,74.7069,-16.3,-45.26
2021.10,리튬이온전지_ESS_proxy,850760,456480819,13719603,33.2722,-0.24,-8.5
2021.10,SSD,8523511000,1081109716,244850,4415.396,60.01,-28.69
2021.10,MLCC,8532240000,99271740,498140,199.2848,-9.65,-8.6
2021.10,PCB,853400,524833467,1721243,304.9154,15.55,1.0
2021.10,"GDDR기판, FPCB",8534002000,277237990,422159,656.7146,11.65,-0.21
2021.10,PCB,8534009000,246122572,1281650,192.0357,20.28,2.33
2021.10,소켓,8536909090,68254176,1178943,57.8944,4.73,3.11
2021.10,태양광패널,8541430000,81104086,14857796,5.4587,-20.02,9.72
2021.10,반도체전체,8542,9618444863,1784975,5388.56,29.05,-8.63
2021.10,DRAM,8542321010,2466591328,143209,17223.7173,44.34,-3.98
2021.10,NAND Flash,8542321030,634112959,48435,13092.04,25.47,-3.55
2021.10,MCP,8542323000,2351212002,79219,29679.9,19.84,-22.47
2021.10,해저케이블(2),8544602010,52074488,8678108,6.0007,440.92,128.67
2021.10,해저케이블(1),8544603010,12444999,1089111,11.4267,271.69,-13.79
2021.10,체성분분석기,9018198000,6047382,38571,156.7857,19.92,-2.8
2021.10,인터페이스보드,9030901000,27006149,25373,1064.3656,16.68,17.92
2021.11,라면,1902301010,65785188,19090464,3.446,44.6,8.76
2021.11,양극재 NCM,2841909020,366472997,13878993,26.4049,25.38,3.0
2021.11,톡신,300249,25520022,39398,647.7492,15.46,43.23
2021.11,톡신,3002491000,25520022,39398,647.7492,15.46,43.23
2021.11,창상피복재,3005904000,4700087,83754,56.1178,25.16,-2.8
2021.11,화장품,330499,704482239,19902128,35.3973,20.33,13.27
2021.11,기초화장품,3304991000,510086277,13085263,38.9817,34.26,23.28
2021.11,메이크업화장품,3304992000,51760488,907509,57.0358,6.83,-19.16
2021.11,필러,3304999000,137305075,5478307,25.0634,-10.99,-1.38
2021.11,마스크팩,3307904000,52455562,4604847,11.3914,-2.1,-9.16
2021.11,동박,7410211000,29952899,425926,70.3242,34.5,-7.2
2021.11,알루미늄박,7606120000,185696731,47075525,3.9447,69.18,53.29
2021.11,레이저마커장비,8456119000,12993331,419501,30.9733,11.25,336.54
2021.11,DRAM모듈,8473304060,1252301751,185297,6758.3488,51.1,14.56
2021.11,변압기,8504,203938489,13432632,15.1823,1.81,18.43
2021.11,대형변압기,8504230000,24961258,3046797,8.1926,-9.05,141.22
2021.11,리튬1차전지,8506500000,6254353,90318,69.2481,0.24,38.77
2021.11,리튬이온전지_ESS_proxy,850760,489349978,14751400,33.1731,7.34,7.2
2021.11,SSD,8523511000,1382921200,302480,4571.9426,102.76,27.92
2021.11,MLCC,8532240000,105292849,468977,224.516,-2.23,6.07
2021.11,PCB,853400,508858425,1547658,328.7926,12.7,-3.04
2021.11,"GDDR기판, FPCB",8534002000,272274413,432757,629.1624,3.66,-1.79
2021.11,PCB,8534009000,235198299,1101174,213.5887,25.43,-4.44
2021.11,소켓,8536909090,79802030,1244533,64.1221,12.28,16.92
2021.11,태양광패널,8541430000,82192324,12747020,6.448,-12.59,1.34
2021.11,반도체전체,8542,10328897846,1772340,5827.8309,40.27,7.39
2021.11,DRAM,8542321010,2453171225,126253,19430.5975,58.75,-0.54
2021.11,NAND Flash,8542321030,621119589,51376,12089.6837,24.04,-2.05
2021.11,MCP,8542323000,3023534268,98702,30632.9585,57.63,28.59
2021.11,해저케이블(2),8544602010,20032226,2586666,7.7444,-31.27,-61.53
2021.11,해저케이블(1),8544603010,37704951,4960188,7.6015,430.09,202.97
2021.11,체성분분석기,9018198000,5695901,35125,162.1609,23.06,-5.81
2021.11,인터페이스보드,9030901000,36444291,31650,1151.4784,36.7,34.95
2021.12,라면,1902301010,66654801,18879266,3.5306,23.64,1.32
2021.12,양극재 NCM,2841909020,502350627,18233696,27.5507,54.64,37.08
2021.12,톡신,300249,23370677,42862,545.254,5.79,-8.42
2021.12,톡신,3002491000,23370677,42862,545.254,5.79,-8.42
2021.12,창상피복재,3005904000,4395797,67741,64.8912,-8.08,-6.47
2021.12,화장품,330499,518022089,16577867,31.2478,-1.21,-26.47
2021.12,기초화장품,3304991000,324059098,10387572,31.1968,2.53,-36.47
2021.12,메이크업화장품,3304992000,49943825,891482,56.0234,20.01,-3.51
2021.12,필러,3304999000,140074991,4914596,28.5018,-13.48,2.02
2021.12,마스크팩,3307904000,36719438,3168612,11.5885,-16.29,-30.0
2021.12,동박,7410211000,33061625,494858,66.8103,29.92,10.38
2021.12,알루미늄박,7606120000,212790882,56584264,3.7606,35.14,14.59
2021.12,레이저마커장비,8456119000,19207674,378503,50.7464,163.91,47.83
2021.12,DRAM모듈,8473304060,1577269695,222003,7104.7224,37.11,25.95
2021.12,변압기,8504,237273036,15730921,15.0832,-7.44,16.35
2021.12,대형변압기,8504230000,32187949,4071289,7.9061,-46.59,28.95
2021.12,리튬1차전지,8506500000,10153631,134395,75.5507,21.84,62.35
2021.12,리튬이온전지_ESS_proxy,850760,507167900,15316099,33.1134,8.78,3.64
2021.12,SSD,8523511000,1216514312,305801,3978.124,54.35,-12.03
2021.12,MLCC,8532240000,97370528,428130,227.4322,1.24,-7.52
2021.12,PCB,853400,524540205,1600005,327.8366,15.95,3.08
2021.12,"GDDR기판, FPCB",8534002000,278071713,387216,718.1307,11.07,2.13
2021.12,PCB,8534009000,244844534,1198680,204.2618,22.42,4.1
2021.12,소켓,8536909090,83432075,1319416,63.2341,8.0,4.55
2021.12,태양광패널,8541430000,66387932,14665756,4.5267,-40.2,-19.23
2021.12,반도체전체,8542,10745587238,1754997,6122.8522,36.8,4.03
2021.12,DRAM,8542321010,2556653940,146062,17503.8952,87.82,4.22
2021.12,NAND Flash,8542321030,639834302,57715,11086.1007,-5.81,3.01
2021.12,MCP,8542323000,3134560295,108051,29010.0073,31.28,3.67
2021.12,해저케이블(2),8544602010,10287333,1919875,5.3583,59.2,-48.65
2021.12,해저케이블(1),8544603010,24028589,2672174,8.9921,-13.1,-36.27
2021.12,체성분분석기,9018198000,9518183,66443,143.2534,33.77,67.11
2021.12,인터페이스보드,9030901000,31950593,33072,966.092,-2.5,-12.33
2022.01,라면,1902301010,57695364,16024666,3.6004,13.04,-13.44
2022.01,양극재 NCM,2841909020,431643066,14185894,30.4276,41.61,-14.08
2022.01,톡신,300249,21648400,21675,998.7728,43.76,-7.37
2022.01,톡신,3002491000,11824360,15171,779.4054,-21.48,-49.41
2022.01,창상피복재,3005904000,2507021,44818,55.9378,3.08,-42.97
2022.01,화장품,330499,415719298,14388058,28.8934,-30.27,-19.75
2022.01,기초화장품,3304991000,251683066,8984233,28.0139,-37.21,-22.33
2022.01,메이크업화장품,3304992000,42425249,701708,60.46,-8.39,-15.05
2022.01,필러,3304999000,118644063,4315865,27.4902,-18.38,-15.3
2022.01,마스크팩,3307904000,36334163,3686321,9.8565,-32.02,-1.05
2022.01,동박,7410211000,28701506,424846,67.5574,22.1,-13.19
2022.01,알루미늄박,7606120000,238712194,60511920,3.9449,71.56,12.18
2022.01,레이저마커장비,8456119000,4485624,119924,37.4039,-58.16,-76.65
2022.01,DRAM모듈,8473304060,941337205,138384,6802.3558,6.37,-40.32
2022.01,SIC링(2),8486902040,56344020,157685,357.3201,,
2022.01,SIC링(1),8486902090,82728198,503589,164.2772,,
2022.01,변압기,8504,195337651,11220571,17.4089,5.65,-17.67
2022.01,대형변압기,8504230000,17311262,1848390,9.3656,-8.93,-46.22
2022.01,리튬1차전지,8506500000,5661990,79808,70.9451,-14.93,-44.24
2022.01,리튬이온전지_ESS_proxy,850760,473847664,13964509,33.9323,17.28,-6.57
2022.01,SSD,8523511000,1202925924,275372,4368.3669,72.21,-1.12
2022.01,MLCC,8532240000,102123737,470893,216.8725,-13.83,4.88
2022.01,PCB,853400,507853887,1529487,332.042,10.14,-3.18
2022.01,"GDDR기판, FPCB",8534002000,261301792,383922,680.6117,3.12,-6.03
2022.01,PCB,8534009000,244731720,1119708,218.5674,18.46,-0.05
2022.01,소켓,8536909090,78119005,1209534,64.586,5.39,-6.37
2022.01,태양광패널,8541430000,64374875,11436957,5.6287,-32.17,-3.03
2022.01,반도체전체,8542,9440305237,1758571,5368.1684,28.1,-12.15
2022.01,DRAM,8542321010,2258480961,147241,15338.669,50.84,-11.66
2022.01,NAND Flash,8542321030,522251145,47860,10912.059,6.81,-18.38
2022.01,MCP,8542323000,2412848672,76729,31446.3719,16.38,-23.02
2022.01,리드프레임,8542900000,37613284,465095,80.8723,,
2022.01,해저케이블(2),8544602010,25865166,4062639,6.3666,324.1,151.43
2022.01,해저케이블(1),8544603010,22329445,2089949,10.6842,118.84,-7.07
2022.01,체성분분석기,9018198000,6325693,43220,146.3603,48.14,-33.54
2022.01,인터페이스보드,9030901000,28686357,22869,1254.3774,0.69,-10.22
2022.02,라면,1902301010,52702778,14827183,3.5545,13.8,-8.65
2022.02,양극재 NCM,2841909020,435555391,14251159,30.5628,55.89,0.91
2022.02,톡신,300249,10231257,17897,571.6744,14.37,-52.74
2022.02,톡신,3002491000,7651142,10469,730.8379,-14.47,-35.29
2022.02,창상피복재,3005904000,1997512,67959,29.3929,-31.24,-20.32
2022.02,화장품,330499,436119979,14846242,29.3758,-10.11,4.91
2022.02,기초화장품,3304991000,258083010,9195928,28.0649,-15.33,2.54
2022.02,메이크업화장품,3304992000,46352366,719531,64.4202,18.11,9.26
2022.02,필러,3304999000,129174656,4669519,27.6634,-6.59,8.88
2022.02,마스크팩,3307904000,33829788,3136319,10.7865,2.23,-6.89
2022.02,동박,7410211000,30378651,437948,69.3659,39.04,5.84
2022.02,알루미늄박,7606120000,220918784,53291575,4.1455,74.86,-7.45
2022.02,레이저마커장비,8456119000,9834143,159566,61.6306,-6.09,119.24
2022.02,DRAM모듈,8473304060,1017611203,150746,6750.5022,36.59,8.1
2022.02,SIC링(2),8486902040,71442454,198731,359.4933,,26.8
2022.02,SIC링(1),8486902090,82347762,449828,183.065,,-0.46
2022.02,변압기,8504,207461782,10978129,18.8977,9.12,6.21
2022.02,대형변압기,8504230000,26318652,2543085,10.3491,-7.69,52.03
2022.02,리튬1차전지,8506500000,3898809,70885,55.0019,-36.2,-31.14
2022.02,리튬이온전지_ESS_proxy,850760,467711761,13961840,33.4993,18.66,-1.29
2022.02,SSD,8523511000,1314045452,278380,4720.33,69.7,9.24
2022.02,MLCC,8532240000,93791039,457279,205.1068,-5.07,-8.16
2022.02,PCB,853400,495385272,1550838,319.4307,24.72,-2.46
2022.02,"GDDR기판, FPCB",8534002000,259960690,371289,700.1573,27.31,-0.51
2022.02,PCB,8534009000,233718355,1161251,201.2643,21.84,-4.5
2022.02,소켓,8536909090,75387131,1134722,66.4367,13.13,-3.5
2022.02,태양광패널,8541430000,69878844,13460152,5.1915,-28.45,8.55
2022.02,반도체전체,8542,8957654802,1710284,5237.5248,24.46,-5.11
2022.02,DRAM,8542321010,2164415779,136233,15887.6027,41.78,-4.16
2022.02,NAND Flash,8542321030,629182451,45646,13783.9559,36.87,20.48
2022.02,MCP,8542323000,2110498381,74175,28452.961,-1.51,-12.53
2022.02,리드프레임,8542900000,38151232,463102,82.3819,,1.43
2022.02,해저케이블(2),8544602010,48937211,8522129,5.7424,19.05,89.2
2022.02,해저케이블(1),8544603010,150735,11385,13.2398,-94.81,-99.32
2022.02,체성분분석기,9018198000,8170506,61394,133.0831,30.46,29.16
2022.02,인터페이스보드,9030901000,29957418,24720,1211.8697,20.41,4.43
2022.03,라면,1902301010,71533836,20117866,3.5557,19.98,35.73
2022.03,양극재 NCM,2841909020,569464301,16747199,34.0036,75.58,30.74
2022.03,톡신,300249,14614809,22224,657.6138,-46.74,42.84
2022.03,톡신,3002491000,11240836,14428,779.0987,-59.04,46.92
2022.03,창상피복재,3005904000,5034650,83627,60.2036,21.46,152.05
2022.03,화장품,330499,541381489,17814748,30.3895,-19.21,24.14
2022.03,기초화장품,3304991000,319068077,11106936,28.7269,-24.97,23.63
2022.03,메이크업화장품,3304992000,61585818,930271,66.202,16.76,32.86
2022.03,필러,3304999000,158089735,5474630,28.8768,-16.32,22.38
2022.03,마스크팩,3307904000,39990200,3510434,11.3918,-28.13,18.21
2022.03,동박,7410211000,34832934,494030,70.5077,24.05,14.66
2022.03,알루미늄박,7606120000,249141488,55899746,4.4569,59.79,12.78
2022.03,레이저마커장비,8456119000,16991305,281940,60.2657,111.23,72.78
2022.03,DRAM모듈,8473304060,1422930724,202543,7025.3266,56.99,39.83
2022.03,SIC링(2),8486902040,108083683,423897,254.9763,,51.29
2022.03,SIC링(1),8486902090,99601749,334006,298.2035,,20.95
2022.03,변압기,8504,221888078,12792806,17.3448,-3.87,6.95
2022.03,대형변압기,8504230000,13535050,1785174,7.5819,-71.05,-48.57
2022.03,리튬1차전지,8506500000,6734732,96822,69.5579,-17.04,72.74
2022.03,리튬이온전지_ESS_proxy,850760,595184912,17723860,33.581,16.64,27.25
2022.03,SSD,8523511000,1418392203,320600,4424.1803,55.76,7.94
2022.03,MLCC,8532240000,107916704,548977,196.5778,-3.74,15.06
2022.03,PCB,853400,549989236,1783198,308.4286,19.1,11.02
2022.03,"GDDR기판, FPCB",8534002000,289997652,419199,691.7899,24.43,11.55
2022.03,PCB,8534009000,258089155,1347534,191.527,13.44,10.43
2022.03,소켓,8536909090,95054236,1418030,67.0326,27.02,26.09
2022.03,태양광패널,8541430000,68547060,14141272,4.8473,-35.3,-1.91
2022.03,반도체전체,8542,11267854599,1956812,5758.2714,38.38,25.79
2022.03,DRAM,8542321010,2462223601,162127,15187.0053,37.92,13.76
2022.03,NAND Flash,8542321030,746116388,53004,14076.6053,68.84,18.59
2022.03,MCP,8542323000,3048511405,106096,28733.5187,19.86,44.45
2022.03,리드프레임,8542900000,43619196,528326,82.5611,,14.33
2022.03,해저케이블(2),8544602010,42214602,7074681,5.967,405.08,-13.74
2022.03,해저케이블(1),8544603010,2647329,379267,6.9801,-85.76,1656.28
2022.03,체성분분석기,9018198000,9271572,58483,158.5345,49.24,13.48
2022.03,인터페이스보드,9030901000,30878758,16386,1884.4598,2.03,3.08
2022.04,라면,1902301010,57374137,15966603,3.5934,-0.2,-19.79
2022.04,양극재 NCM,2841909020,518514186,12732035,40.7252,48.21,-8.95
2022.04,톡신,300249,21849013,59527,367.0437,14.66,49.5
2022.04,톡신,3002491000,13254869,28697,461.8904,-30.44,17.92
2022.04,창상피복재,3005904000,3615265,87833,41.1607,-38.45,-28.19
2022.04,화장품,330499,544537188,17102080,31.8404,-21.71,0.58
2022.04,기초화장품,3304991000,334287124,11117721,30.068,-26.89,4.77
2022.04,메이크업화장품,3304992000,54190598,824270,65.7437,-4.35,-12.01
2022.04,필러,3304999000,153874564,4954965,31.0546,-13.66,-2.67
2022.04,마스크팩,3307904000,45969072,3974332,11.5665,-16.37,14.95
2022.04,동박,7410211000,36604512,537525,68.0983,34.46,5.09
2022.04,알루미늄박,7606120000,287513660,60520558,4.7507,64.43,15.4
2022.04,레이저마커장비,8456119000,13243094,164270,80.6178,-18.22,-22.06
2022.04,DRAM모듈,8473304060,1051217267,157990,6653.695,4.32,-26.12
2022.04,SIC링(2),8486902040,77837557,412314,188.7822,,-27.98
2022.04,SIC링(1),8486902090,99652401,292665,340.4999,,0.05
2022.04,변압기,8504,217369214,12440794,17.4723,-0.17,-2.04
2022.04,대형변압기,8504230000,28161066,2681186,10.5032,3.39,108.06
2022.04,리튬1차전지,8506500000,7889049,111298,70.8822,18.22,17.14
2022.04,리튬이온전지_ESS_proxy,850760,559196861,15963163,35.0305,20.7,-6.05
2022.04,SSD,8523511000,1440809886,267364,5388.945,93.1,1.58
2022.04,MLCC,8532240000,98095392,511993,191.5952,-14.33,-9.1
2022.04,PCB,853400,530777542,1639100,323.8226,23.32,-3.49
2022.04,"GDDR기판, FPCB",8534002000,275417280,384916,715.5257,24.84,-5.03
2022.04,PCB,8534009000,253984537,1242407,204.4294,21.99,-1.59
2022.04,소켓,8536909090,86634002,1325792,65.3451,22.87,-8.86
2022.04,태양광패널,8541430000,69685010,14501395,4.8054,-29.41,1.66
2022.04,반도체전체,8542,9369478567,1815246,5161.5476,18.84,-16.85
2022.04,DRAM,8542321010,2183887307,135204,16152.5347,17.53,-11.3
2022.04,NAND Flash,8542321030,742018227,53441,13884.8118,51.0,-0.55
2022.04,MCP,8542323000,1978311024,70420,28093.0279,-9.9,-35.11
2022.04,리드프레임,8542900000,41572164,491581,84.5683,,-4.69
2022.04,해저케이블(2),8544602010,65238806,10190173,6.4021,789.52,54.54
2022.04,해저케이블(1),8544603010,4160821,437878,9.5022,-89.68,57.17
2022.04,체성분분석기,9018198000,5293005,40340,131.2098,12.06,-42.91
2022.04,인터페이스보드,9030901000,31987920,19963,1602.3604,-0.14,3.59
2022.05,라면,1902301010,76632124,21741427,3.5247,49.26,33.57
2022.05,양극재 NCM,2841909020,761563427,16480096,46.2111,118.55,46.87
2022.05,톡신,300249,50397546,27085,1860.718,147.27,130.66
2022.05,톡신,3002491000,11145388,16415,678.9758,-45.32,-15.91
2022.05,창상피복재,3005904000,5138729,92698,55.4352,77.41,42.14
2022.05,화장품,330499,678780634,19786949,34.3045,9.18,24.65
2022.05,기초화장품,3304991000,421961929,12726637,33.1558,7.92,26.23
2022.05,메이크업화장품,3304992000,66127602,983526,67.2352,18.66,22.03
2022.05,필러,3304999000,188240114,5912918,31.8354,9.08,22.33
2022.05,마스크팩,3307904000,40842761,3700451,11.0372,-14.93,-11.15
2022.05,동박,7410211000,36024598,495471,72.7078,3.85,-1.58
2022.05,알루미늄박,7606120000,276793041,62557369,4.4246,53.81,-3.73
2022.05,레이저마커장비,8456119000,2450479,93204,26.2916,-74.18,-81.5
2022.05,DRAM모듈,8473304060,1237848844,178838,6921.6209,29.95,17.75
2022.05,SIC링(2),8486902040,89678487,379392,236.3742,,15.21
2022.05,SIC링(1),8486902090,93949819,313157,300.0087,,-5.72
2022.05,변압기,8504,211548813,12540229,16.8696,6.89,-2.68
2022.05,대형변압기,8504230000,26837519,2979362,9.0078,231.66,-4.7
2022.05,리튬1차전지,8506500000,8162929,115737,70.53,-3.16,3.47
2022.05,리튬이온전지_ESS_proxy,850760,605291227,18392824,32.9091,24.11,8.24
2022.05,SSD,8523511000,1400035666,286599,4884.9984,45.07,-2.83
2022.05,MLCC,8532240000,97035497,438632,221.223,-12.82,-1.08
2022.05,PCB,853400,544553601,1587357,343.0568,24.31,2.6
2022.05,"GDDR기판, FPCB",8534002000,289614773,393327,736.3206,25.3,5.15
2022.05,PCB,8534009000,252785981,1185068,213.3093,23.04,-0.47
2022.05,소켓,8536909090,73435911,1276488,57.5297,11.85,-15.23
2022.05,태양광패널,8541430000,61900963,11901517,5.2011,-34.71,-11.17
2022.05,반도체전체,8542,9904710624,1826101,5423.9665,14.33,5.71
2022.05,DRAM,8542321010,2469963975,115449,21394.4164,26.88,13.1
2022.05,NAND Flash,8542321030,803340002,59046,13605.3247,36.76,8.26
2022.05,MCP,8542323000,2405599871,87417,27518.6734,-11.9,21.6
2022.05,리드프레임,8542900000,44665105,514508,86.8113,,7.44
2022.05,해저케이블(2),8544602010,21032076,3401619,6.183,55.91,-67.76
2022.05,해저케이블(1),8544603010,5611821,623938,8.9942,-66.5,34.87
2022.05,체성분분석기,9018198000,7973061,55848,142.7636,41.73,50.63
2022.05,인터페이스보드,9030901000,34563237,25257,1368.4617,7.75,8.05
2022.06,라면,1902301010,67345507,18937660,3.5562,24.99,-12.12
2022.06,양극재 NCM,2841909020,762861472,16123856,47.3126,112.58,0.17
2022.06,톡신,300249,41497484,39898,1040.0893,58.99,-17.66
2022.06,톡신,3002491000,22860432,24320,939.9849,-12.41,105.11
2022.06,창상피복재,3005904000,5640399,102048,55.272,7.47,9.76
2022.06,화장품,330499,505556243,17012450,29.7168,-9.12,-25.52
2022.06,기초화장품,3304991000,283326319,10365429,27.3338,-16.76,-32.86
2022.06,메이크업화장품,3304992000,57466209,989451,58.0789,-1.61,-13.1
2022.06,필러,3304999000,162328193,5441870,29.8295,5.52,-13.77
2022.06,마스크팩,3307904000,39627965,4154807,9.5379,-14.51,-2.97
2022.06,동박,7410211000,37701886,505053,74.6494,-6.53,4.66
2022.06,알루미늄박,7606120000,216780658,52563882,4.1241,10.0,-21.68
2022.06,레이저마커장비,8456119000,11500217,230648,49.8605,194.18,369.3
2022.06,DRAM모듈,8473304060,1386154126,209624,6612.5736,15.73,11.98
2022.06,SIC링(2),8486902040,97326350,473517,205.5393,,8.53
2022.06,SIC링(1),8486902090,97385407,315841,308.3368,,3.66
2022.06,변압기,8504,234616436,12474619,18.8075,6.66,10.9
2022.06,대형변압기,8504230000,34111363,3232937,10.5512,28.46,27.1
2022.06,리튬1차전지,8506500000,9195225,132773,69.2552,-9.78,12.65
2022.06,리튬이온전지_ESS_proxy,850760,591236669,18117516,32.6334,8.58,-2.32
2022.06,SSD,8523511000,1340006810,251642,5325.0523,21.07,-4.29
2022.06,MLCC,8532240000,102699780,429985,238.845,-13.09,5.84
2022.06,PCB,853400,503691095,1579812,318.8298,9.22,-7.5
2022.06,"GDDR기판, FPCB",8534002000,250069551,335187,746.0598,5.65,-13.65
2022.06,PCB,8534009000,251748554,1225706,205.3907,12.77,-0.41
2022.06,소켓,8536909090,72999979,1310297,55.7125,-4.72,-0.59
2022.06,태양광패널,8541430000,120295054,17067306,7.0483,9.64,94.33
2022.06,반도체전체,8542,10612180265,1842931,5758.3167,11.56,7.14
2022.06,DRAM,8542321010,2489672563,146849,16953.9633,14.37,0.8
2022.06,NAND Flash,8542321030,786481424,47408,16589.6352,32.01,-2.1
2022.06,MCP,8542323000,2505011542,109485,22879.952,-21.95,4.13
2022.06,리드프레임,8542900000,43421063,551455,78.7391,,-2.79
2022.06,해저케이블(2),8544602010,43091512,6707937,6.424,203.96,104.88
2022.06,해저케이블(1),8544603010,2828868,303218,9.3295,-87.3,-49.59
2022.06,체성분분석기,9018198000,5521275,34572,159.7037,-16.56,-30.75
2022.06,인터페이스보드,9030901000,40969991,33784,1212.704,27.87,18.54
2022.07,라면,1902301010,60057475,16797637,3.5754,14.61,-10.82
2022.07,양극재 NCM,2841909020,896900962,18387414,48.778,168.08,17.57
2022.07,톡신,300249,35484418,39871,889.9806,112.14,-14.49
2022.07,톡신,3002491000,23775720,19795,1201.0972,42.14,4.0
2022.07,창상피복재,3005904000,3988779,97392,40.9559,-34.24,-29.28
2022.07,화장품,330499,470829065,16967447,27.749,-6.67,-6.87
2022.07,기초화장품,3304991000,277974606,10391768,26.7495,-16.0,-1.89
2022.07,메이크업화장품,3304992000,43815084,811641,53.9833,3.54,-23.76
2022.07,필러,3304999000,144938266,5372734,26.9766,13.66,-10.71
2022.07,마스크팩,3307904000,40303067,4175184,9.653,-16.83,1.7
2022.07,동박,7410211000,37968317,473354,80.2113,5.34,0.71
2022.07,알루미늄박,7606120000,228130052,61263704,3.7237,28.1,5.24
2022.07,레이저마커장비,8456119000,7550817,203290,37.1431,-8.23,-34.34
2022.07,DRAM모듈,8473304060,904628547,131304,6889.5734,-26.82,-34.74
2022.07,SIC링(2),8486902040,102234743,421010,242.8321,,5.04
2022.07,SIC링(1),8486902090,100872746,350815,287.5383,,3.58
2022.07,변압기,8504,240412811,14416951,16.6757,5.06,2.47
2022.07,대형변압기,8504230000,38633958,3802271,10.1608,50.45,13.26
2022.07,리튬1차전지,8506500000,8822542,113414,77.7906,27.6,-4.05
2022.07,리튬이온전지_ESS_proxy,850760,660040705,18744014,35.2134,24.67,11.64
2022.07,SSD,8523511000,869595915,203144,4280.6872,-22.12,-35.11
2022.07,MLCC,8532240000,95148824,421203,225.8978,-21.77,-7.35
2022.07,PCB,853400,516518955,1466136,352.2995,-2.58,2.55
2022.07,"GDDR기판, FPCB",8534002000,256770729,340218,754.7241,-12.03,2.68
2022.07,PCB,8534009000,257818851,1107066,232.8848,8.67,2.41
2022.07,소켓,8536909090,76401507,1421615,53.7428,-6.05,4.66
2022.07,태양광패널,8541430000,161033715,21157528,7.6112,82.88,33.87
2022.07,반도체전체,8542,9987955505,1716919,5817.3714,7.72,-5.88
2022.07,DRAM,8542321010,2368371059,189105,12524.106,3.8,-4.87
2022.07,NAND Flash,8542321030,738164966,40258,18335.8579,49.32,-6.14
2022.07,MCP,8542323000,1825832115,76025,24016.2067,-32.64,-27.11
2022.07,리드프레임,8542900000,39287993,440725,89.144,,-9.52
2022.07,해저케이블(2),8544602010,23160449,3695440,6.2673,59.71,-46.25
2022.07,해저케이블(1),8544603010,21721890,2324329,9.3454,-35.61,667.87
2022.07,체성분분석기,9018198000,5442487,39292,138.5139,-1.46,-1.43
2022.07,인터페이스보드,9030901000,42328831,45481,930.6926,26.42,3.32
2022.08,라면,1902301010,60603172,17004038,3.564,19.1,0.91
2022.08,양극재 NCM,2841909020,941120519,19764599,47.6165,143.0,4.93
2022.08,톡신,300249,40455812,35725,1132.423,249.56,14.01
2022.08,톡신,3002491000,16009655,18799,851.6227,38.33,-32.66
2022.08,창상피복재,3005904000,3482584,31184,111.6786,-15.41,-12.69
2022.08,화장품,330499,472028656,15846862,29.7869,-12.69,0.25
2022.08,기초화장품,3304991000,273952287,9563800,28.6447,-24.54,-1.45
2022.08,메이크업화장품,3304992000,45897789,848366,54.1014,-6.12,4.75
2022.08,필러,3304999000,146620322,4893763,29.9607,16.85,1.16
2022.08,마스크팩,3307904000,35757935,3840993,9.3096,-22.18,-11.28
2022.08,동박,7410211000,35366531,477142,74.1216,-3.41,-6.85
2022.08,알루미늄박,7606120000,238333297,66664384,3.5751,16.77,4.47
2022.08,레이저마커장비,8456119000,3765687,85513,44.0364,-72.11,-50.13
2022.08,DRAM모듈,8473304060,782538238,125117,6254.4517,-34.43,-13.5
2022.08,SIC링(2),8486902040,105119388,489216,214.8732,,2.82
2022.08,SIC링(1),8486902090,95808056,324523,295.2273,,-5.02
2022.08,변압기,8504,215739045,12770835,16.8931,4.23,-10.26
2022.08,대형변압기,8504230000,28801565,3134397,9.1889,2.86,-25.45
2022.08,리튬1차전지,8506500000,8098068,112391,72.0526,-5.7,-8.21
2022.08,리튬이온전지_ESS_proxy,850760,744501965,19434402,38.3085,57.03,12.8
2022.08,SSD,8523511000,970073677,213111,4551.9644,-28.23,11.55
2022.08,MLCC,8532240000,85345569,374334,227.9931,-30.26,-10.3
2022.08,PCB,853400,524496573,1370189,382.7914,-1.34,1.54
2022.08,"GDDR기판, FPCB",8534002000,274105987,354611,772.9765,-4.25,6.75
2022.08,PCB,8534009000,249284232,1004286,248.2204,2.04,-3.31
2022.08,소켓,8536909090,69420285,1263784,54.9305,2.63,-9.14
2022.08,태양광패널,8541430000,170573602,21767780,7.8361,78.8,5.92
2022.08,반도체전체,8542,9664679396,1763342,5480.8877,-3.68,-3.24
2022.08,DRAM,8542321010,2003245387,132187,15154.6324,-22.09,-15.42
2022.08,NAND Flash,8542321030,618529649,39222,15769.9671,9.25,-16.21
2022.08,MCP,8542323000,2075749720,79368,26153.484,-26.46,13.69
2022.08,리드프레임,8542900000,40458559,492248,82.1914,,2.98
2022.08,해저케이블(2),8544602010,20904220,3202654,6.5272,-4.99,-9.74
2022.08,해저케이블(1),8544603010,10697242,1246564,8.5814,-49.95,-50.75
2022.08,체성분분석기,9018198000,5988977,36994,161.8905,52.64,10.04
2022.08,인터페이스보드,9030901000,34532899,36557,944.6316,29.98,-18.42
2022.09,라면,1902301010,64191256,17343286,3.7012,9.73,5.92
2022.09,양극재 NCM,2841909020,861227649,18384232,46.846,117.9,-8.49
2022.09,톡신,300249,42478867,54369,781.3068,79.16,5.0
2022.09,톡신,3002491000,32140168,43568,737.7012,35.56,100.75
2022.09,창상피복재,3005904000,6217361,136519,45.5421,26.81,78.53
2022.09,화장품,330499,573102175,19497525,29.3936,-16.31,21.41
2022.09,기초화장품,3304991000,346642749,11757543,29.4826,-22.65,26.53
2022.09,메이크업화장품,3304992000,54619459,990119,55.1645,-5.2,19.0
2022.09,필러,3304999000,166722615,6221344,26.7985,-3.87,13.71
2022.09,마스크팩,3307904000,36860557,4090234,9.0118,-38.94,3.08
2022.09,동박,7410211000,31644707,406229,77.8987,5.81,-10.52
2022.09,알루미늄박,7606120000,202199306,57008792,3.5468,21.41,-15.16
2022.09,레이저마커장비,8456119000,11577513,277772,41.6799,-39.69,207.45
2022.09,DRAM모듈,8473304060,1285936672,259548,4954.5235,6.59,64.33
2022.09,SIC링(2),8486902040,99479489,585368,169.9435,,-5.37
2022.09,SIC링(1),8486902090,93663251,363247,257.85,,-2.24
2022.09,변압기,8504,253350913,15891367,15.9427,48.04,17.43
2022.09,대형변압기,8504230000,50321311,4595966,10.949,631.54,74.72
2022.09,리튬1차전지,8506500000,11009537,141653,77.7219,33.72,35.95
2022.09,리튬이온전지_ESS_proxy,850760,740236974,18962406,39.0371,48.38,-0.57
2022.09,SSD,8523511000,1223323199,292404,4183.6746,-19.31,26.11
2022.09,MLCC,8532240000,90342234,390744,231.2057,-16.82,5.85
2022.09,PCB,853400,511793131,1406311,363.926,-1.51,-2.42
2022.09,"GDDR기판, FPCB",8534002000,265731114,326827,813.0635,-4.35,-3.06
2022.09,PCB,8534009000,244813168,1068564,229.1048,1.78,-1.79
2022.09,소켓,8536909090,75730826,1502142,50.4152,14.41,9.09
2022.09,태양광패널,8541430000,171157352,21604374,7.9223,131.55,0.34
2022.09,반도체전체,8542,9874238489,1822409,5418.234,-6.2,2.17
2022.09,DRAM,8542321010,1823274576,131688,13845.4117,-29.03,-8.98
2022.09,NAND Flash,8542321030,673134026,59330,11345.5929,2.39,8.83
2022.09,MCP,8542323000,2465716831,110728,22268.2323,-18.69,18.79
2022.09,리드프레임,8542900000,38304985,480776,79.6732,,-5.32
2022.09,해저케이블(2),8544602010,14198082,1923674,7.3807,-37.65,-32.08
2022.09,해저케이블(1),8544603010,3254969,332679,9.7841,-77.45,-69.57
2022.09,체성분분석기,9018198000,9509755,61884,153.6707,52.85,58.79
2022.09,인터페이스보드,9030901000,28888583,32479,889.4542,26.14,-16.34
2022.10,라면,1902301010,61676215,18060880,3.4149,1.96,-3.92
2022.10,양극재 NCM,2841909020,745154376,15741284,47.3376,109.44,-13.48
2022.10,톡신,300249,27960839,68562,407.8183,56.93,-34.18
2022.10,톡신,3002491000,19866110,43758,453.9995,11.49,-38.19
2022.10,창상피복재,3005904000,3567811,104243,34.2259,-26.21,-42.62
2022.10,화장품,330499,545818414,16776622,32.5345,-12.24,-4.76
2022.10,기초화장품,3304991000,341829467,10144777,33.6951,-17.39,-1.39
2022.10,메이크업화장품,3304992000,52959677,823927,64.2771,-17.29,-3.04
2022.10,필러,3304999000,143506128,5314691,27.0018,3.07,-13.93
2022.10,마스크팩,3307904000,34991755,3755639,9.3171,-39.4,-5.07
2022.10,동박,7410211000,25500859,344278,74.0705,-20.99,-19.42
2022.10,알루미늄박,7606120000,157053329,47366947,3.3157,29.64,-22.33
2022.10,레이저마커장비,8456119000,15822428,326049,48.5278,431.59,36.67
2022.10,DRAM모듈,8473304060,503710265,126308,3987.9522,-53.92,-60.83
2022.10,SIC링(2),8486902040,79858324,483146,165.2882,,-19.72
2022.10,SIC링(1),8486902090,77678227,320988,241.9973,,-17.07
2022.10,변압기,8504,184846272,9830386,18.8036,7.35,-27.04
2022.10,대형변압기,8504230000,18227866,1521191,11.9826,76.15,-63.78
2022.10,리튬1차전지,8506500000,10346494,135536,76.3376,129.56,-6.02
2022.10,리튬이온전지_ESS_proxy,850760,607858331,15975626,38.0491,33.16,-17.88
2022.10,SSD,8523511000,739903796,222380,3327.2048,-31.56,-39.52
2022.10,MLCC,8532240000,96562686,394922,244.5108,-2.73,6.89
2022.10,PCB,853400,469540527,1292996,363.1415,-10.54,-8.26
2022.10,"GDDR기판, FPCB",8534002000,242094038,295797,818.4466,-12.68,-8.9
2022.10,PCB,8534009000,226356602,986022,229.5655,-8.03,-7.54
2022.10,소켓,8536909090,71685560,1309482,54.7434,5.03,-5.34
2022.10,태양광패널,8541430000,180201315,22284021,8.0866,122.19,5.28
2022.10,반도체전체,8542,8377035561,1740199,4813.8377,-12.91,-15.16
2022.10,DRAM,8542321010,1565413680,175212,8934.3976,-36.54,-14.14
2022.10,NAND Flash,8542321030,566863763,70273,8066.594,-10.61,-15.79
2022.10,MCP,8542323000,1645405495,70879,23214.2877,-30.02,-33.27
2022.10,리드프레임,8542900000,37955195,477434,79.4983,,-0.91
2022.10,해저케이블(2),8544602010,13218800,1969597,6.7114,-74.62,-6.9
2022.10,해저케이블(1),8544603010,31372042,5479586,5.7253,152.09,863.82
2022.10,체성분분석기,9018198000,5806948,39865,145.6653,-3.98,-38.94
2022.10,인터페이스보드,9030901000,24352304,28349,859.0181,-9.83,-15.7
2022.11,라면,1902301010,66113487,19407505,3.4066,0.5,7.19
2022.11,양극재 NCM,2841909020,868512732,18578930,46.7472,136.99,16.55
2022.11,톡신,300249,27827591,60734,458.188,9.04,-0.48
2022.11,톡신,3002491000,23216865,38179,608.1056,-9.02,16.87
2022.11,창상피복재,3005904000,4635882,73176,63.3525,-1.37,29.94
2022.11,화장품,330499,498132491,16426811,30.3244,-29.29,-8.74
2022.11,기초화장품,3304991000,287382263,10269724,27.9834,-43.66,-15.93
2022.11,메이크업화장품,3304992000,42945550,740147,58.023,-17.03,-18.91
2022.11,필러,3304999000,162964998,5144793,31.6757,18.69,13.56
2022.11,마스크팩,3307904000,29838148,3219431,9.2681,-43.12,-14.73
2022.11,동박,7410211000,20852803,357973,58.2524,-30.38,-18.23
2022.11,알루미늄박,7606120000,100058421,29553775,3.3856,-46.12,-36.29
2022.11,레이저마커장비,8456119000,13247928,232217,57.0498,1.96,-16.27
2022.11,DRAM모듈,8473304060,412314741,132805,3104.6628,-67.08,-18.14
2022.11,SIC링(2),8486902040,63591956,298655,212.9278,,-20.37
2022.11,SIC링(1),8486902090,95190297,325460,292.4793,,22.54
2022.11,변압기,8504,274427172,17640594,15.5566,34.56,48.46
2022.11,대형변압기,8504230000,62800071,5544302,11.327,151.59,244.53
2022.11,리튬1차전지,8506500000,9067399,120341,75.3475,44.98,-12.36
2022.11,리튬이온전지_ESS_proxy,850760,533733469,12913945,41.33,9.07,-12.19
2022.11,SSD,8523511000,673074848,205800,3270.5289,-51.33,-9.03
2022.11,MLCC,8532240000,90146771,422749,213.2395,-14.38,-6.64
2022.11,PCB,853400,420422257,1263465,332.7534,-17.38,-10.46
2022.11,"GDDR기판, FPCB",8534002000,201689014,305461,660.2775,-25.92,-16.69
2022.11,PCB,8534009000,217870769,945450,230.4413,-7.37,-3.75
2022.11,소켓,8536909090,75803446,1243293,60.9699,-5.01,5.74
2022.11,태양광패널,8541430000,196105657,24441685,8.0234,138.59,8.83
2022.11,반도체전체,8542,7686485971,1585574,4847.7624,-25.58,-8.24
2022.11,DRAM,8542321010,1402702132,163198,8595.0939,-42.82,-10.39
2022.11,NAND Flash,8542321030,516919802,47846,10803.8248,-16.78,-8.81
2022.11,MCP,8542323000,1347003024,71101,18944.9238,-55.45,-18.14
2022.11,리드프레임,8542900000,31133314,368667,84.4483,,-17.97
2022.11,해저케이블(2),8544602010,13216808,1823396,7.2485,-34.02,-0.02
2022.11,해저케이블(1),8544603010,5337441,657044,8.1234,-85.84,-82.99
2022.11,체성분분석기,9018198000,8587143,54152,158.5748,50.76,47.88
2022.11,인터페이스보드,9030901000,37843424,40687,930.1109,3.84,55.4
2022.12,라면,1902301010,69487622,19724659,3.5229,4.25,5.1
2022.12,양극재 NCM,2841909020,802104084,17695370,45.3285,59.67,-7.65
2022.12,톡신,300249,39986225,68349,585.0301,71.1,43.69
2022.12,톡신,3002491000,30219878,42260,715.0941,29.31,30.16
2022.12,창상피복재,3005904000,5902996,83090,71.0434,34.29,27.33
2022.12,화장품,330499,443740371,15021985,29.5394,-14.34,-10.92
2022.12,기초화장품,3304991000,249501019,9326376,26.7522,-23.01,-13.18
2022.12,메이크업화장품,3304992000,34092835,695380,49.0276,-31.74,-20.61
2022.12,필러,3304999000,156560420,4798896,32.6243,11.77,-3.93
2022.12,마스크팩,3307904000,39027858,3664361,10.6507,6.29,30.8
2022.12,동박,7410211000,24890540,369705,67.3254,-24.71,19.36
2022.12,알루미늄박,7606120000,150156612,45895212,3.2717,-29.43,50.07
2022.12,레이저마커장비,8456119000,11968454,178888,66.9047,-37.69,-9.66
2022.12,DRAM모듈,8473304060,1029499236,278403,3697.8741,-34.73,149.69
2022.12,SIC링(2),8486902040,72181414,252369,286.0154,,13.51
2022.12,SIC링(1),8486902090,105138867,297974,352.8458,,10.45
2022.12,변압기,8504,293494830,14865712,19.7431,23.69,6.95
2022.12,대형변압기,8504230000,39013911,3690237,10.5722,21.21,-37.88
2022.12,리튬1차전지,8506500000,15837955,206345,76.7547,55.98,74.67
2022.12,리튬이온전지_ESS_proxy,850760,762162361,19570214,38.945,50.28,42.8
2022.12,SSD,8523511000,780162280,252491,3089.8617,-35.87,15.91
2022.12,MLCC,8532240000,101312995,386024,262.4526,4.05,12.39
2022.12,PCB,853400,376622917,1268608,296.8789,-28.2,-10.42
2022.12,"GDDR기판, FPCB",8534002000,182981827,296164,617.8395,-34.2,-9.28
2022.12,PCB,8534009000,192351951,953918,201.6441,-21.44,-11.71
2022.12,소켓,8536909090,80064335,1485628,53.8926,-4.04,5.62
2022.12,태양광패널,8541430000,213940951,27293641,7.8385,222.26,9.09
2022.12,반도체전체,8542,7704581473,1587857,4852.1885,-28.3,0.24
2022.12,DRAM,8542321010,1419716100,192471,7376.2598,-44.47,1.21
2022.12,NAND Flash,8542321030,346621582,40150,8633.1652,-45.83,-32.94
2022.12,MCP,8542323000,1485547274,83749,17738.0897,-52.61,10.29
2022.12,리드프레임,8542900000,27642736,337973,81.7898,,-11.21
2022.12,해저케이블(2),8544602010,24468339,3345141,7.3146,137.85,85.13
2022.12,해저케이블(1),8544603010,41739494,4474307,9.3287,73.71,682.01
2022.12,체성분분석기,9018198000,6219628,42744,145.5088,-34.66,-27.57
2022.12,인터페이스보드,9030901000,29633735,28454,1041.4611,-7.25,-21.69
2023.01,라면,1902301010,61505999,16830584,3.6544,6.6,-11.49
2023.01,양극재 NCM,2841909020,930843126,18585792,50.0836,115.65,16.05
2023.01,톡신,300249,26820396,30720,873.0598,23.89,-32.93
2023.01,톡신,3002491000,24592995,22852,1076.1857,107.99,-18.62
2023.01,창상피복재,3005904000,3474396,63329,54.8626,38.59,-41.14
2023.01,화장품,330499,351319584,12275381,28.6199,-15.49,-20.83
2023.01,기초화장품,3304991000,187617611,7850103,23.9,-25.45,-24.8
2023.01,메이크업화장품,3304992000,41000076,710326,57.7201,-3.36,20.26
2023.01,필러,3304999000,120503449,3546895,33.9743,1.57,-23.03
2023.01,마스크팩,3307904000,25064331,2092729,11.9769,-31.02,-35.78
2023.01,동박,7410211000,20122431,285760,70.4172,-29.89,-19.16
2023.01,알루미늄박,7606120000,149549446,44426588,3.3662,-37.35,-0.4
2023.01,레이저마커장비,8456119000,19607934,376169,52.1253,337.13,63.83
2023.01,DRAM모듈,8473304060,277157396,55189,5021.9681,-70.56,-73.08
2023.01,SIC링(2),8486902040,53687970,261076,205.6412,-4.71,-25.62
2023.01,SIC링(1),8486902090,85849288,217574,394.5751,3.77,-18.35
2023.01,변압기,8504,241085081,14078749,17.124,23.42,-17.86
2023.01,대형변압기,8504230000,51591613,4678275,11.0279,198.02,32.24
2023.01,리튬1차전지,8506500000,9943245,116753,85.1648,75.61,-37.22
2023.01,리튬이온전지_ESS_proxy,850760,612170975,15306611,39.9939,29.19,-19.68
2023.01,SSD,8523511000,318158371,126253,2520.0064,-73.55,-59.22
2023.01,MLCC,8532240000,108648012,389038,279.2735,6.39,7.24
2023.01,PCB,853400,363919434,1311920,277.3945,-28.34,-3.37
2023.01,"GDDR기판, FPCB",8534002000,167966195,282943,593.6397,-35.72,-8.21
2023.01,PCB,8534009000,194173547,1006627,192.8952,-20.66,0.95
2023.01,소켓,8536909090,70679757,1146587,61.6436,-9.52,-11.72
2023.01,태양광패널,8541430000,147105721,21340427,6.8933,128.51,-31.24
2023.01,반도체전체,8542,5424534041,1448421,3745.1363,-42.54,-29.59
2023.01,DRAM,8542321010,889144043,117589,7561.4559,-60.63,-37.37
2023.01,NAND Flash,8542321030,364211620,27269,13356.2514,-30.26,5.07
2023.01,MCP,8542323000,1111406272,58141,19115.7062,-53.94,-25.19
2023.01,리드프레임,8542900000,38329687,466766,82.1176,1.9,38.66
2023.01,해저케이블(2),8544602010,13532513,1856559,7.289,-47.68,-44.69
2023.01,해저케이블(1),8544603010,4587710,542178,8.4616,-79.45,-89.01
2023.01,체성분분석기,9018198000,3864478,22887,168.8504,-38.91,-37.87
2023.01,인터페이스보드,9030901000,25905282,24587,1053.617,-9.69,-12.58
2023.02,라면,1902301010,70718110,18925369,3.7367,34.18,14.98
2023.02,양극재 NCM,2841909020,1071892519,20935073,51.2008,146.1,15.15
2023.02,톡신,300249,28502604,42702,667.477,178.58,6.27
2023.02,톡신,3002491000,24766078,25534,969.9255,223.69,0.7
2023.02,창상피복재,3005904000,6109530,92809,65.8291,205.86,75.84
2023.02,화장품,330499,502487613,17281727,29.0762,15.22,43.03
2023.02,기초화장품,3304991000,284095325,11140608,25.5009,10.08,51.42
2023.02,메이크업화장품,3304992000,47836508,788315,60.682,3.2,16.67
2023.02,필러,3304999000,167417730,5088957,32.8982,29.61,38.93
2023.02,마스크팩,3307904000,24943432,2032696,12.2711,-26.27,-0.48
2023.02,동박,7410211000,16382555,322981,50.723,-46.07,-18.59
2023.02,알루미늄박,7606120000,174287291,50582657,3.4456,-21.11,16.54
2023.02,레이저마커장비,8456119000,10840249,296679,36.5386,10.23,-44.71
2023.02,DRAM모듈,8473304060,310170812,110763,2800.3107,-69.52,11.91
2023.02,SIC링(2),8486902040,63527798,222495,285.5246,-11.08,18.33
2023.02,SIC링(1),8486902090,93617147,241836,387.1101,13.69,9.05
2023.02,변압기,8504,269520169,14316144,18.8263,29.91,11.79
2023.02,대형변압기,8504230000,52772660,4164607,12.6717,100.51,2.29
2023.02,리튬1차전지,8506500000,9656519,140072,68.9397,147.68,-2.88
2023.02,리튬이온전지_ESS_proxy,850760,659717668,17678153,37.3182,41.05,7.77
2023.02,SSD,8523511000,367661386,160544,2290.0973,-72.02,15.56
2023.02,MLCC,8532240000,100401003,396570,253.1735,7.05,-7.59
2023.02,PCB,853400,330219815,1307159,252.6241,-33.34,-9.26
2023.02,"GDDR기판, FPCB",8534002000,132799843,249911,531.3885,-48.92,-20.94
2023.02,PCB,8534009000,195465974,1036125,188.651,-16.37,0.67
2023.02,소켓,8536909090,69126216,1269799,54.4387,-8.31,-2.2
2023.02,태양광패널,8541430000,137389924,20389832,6.7382,96.61,-6.6
2023.02,반도체전체,8542,5329421490,1360719,3916.6216,-40.5,-1.75
2023.02,DRAM,8542321010,947429033,113507,8346.8776,-56.23,6.56
2023.02,NAND Flash,8542321030,492061495,48478,10150.2021,-21.79,35.1
2023.02,MCP,8542323000,1063450871,70070,15176.9783,-49.61,-4.31
2023.02,리드프레임,8542900000,30531267,353223,86.4362,-19.97,-20.35
2023.02,해저케이블(2),8544602010,26980063,3109079,8.6778,-44.87,99.37
2023.02,해저케이블(1),8544603010,32443821,5416345,5.99,21423.75,607.19
2023.02,체성분분석기,9018198000,4225660,23923,176.6359,-48.28,9.35
2023.02,인터페이스보드,9030901000,27250826,23073,1181.0699,-9.03,5.19
2023.03,라면,1902301010,75634199,19637409,3.8515,5.73,6.95
2023.03,양극재 NCM,2841909020,1157169706,21860684,52.9338,103.2,7.96
2023.03,톡신,300249,26777851,46273,578.6928,83.22,-6.05
2023.03,톡신,3002491000,21213407,24028,882.862,88.72,-14.34
2023.03,창상피복재,3005904000,8311601,141774,58.6257,65.09,36.04
2023.03,화장품,330499,597362902,19989421,29.884,10.34,18.88
2023.03,기초화장품,3304991000,339754186,12352288,27.5054,6.48,19.59
2023.03,메이크업화장품,3304992000,57382493,941892,60.9226,-6.83,19.96
2023.03,필러,3304999000,195690432,6433428,30.4178,23.78,16.89
2023.03,마스크팩,3307904000,41787130,3362309,12.4281,4.49,67.53
2023.03,동박,7410211000,23908832,345644,69.1718,-31.36,45.94
2023.03,알루미늄박,7606120000,183596005,55551771,3.305,-26.31,5.34
2023.03,레이저마커장비,8456119000,15570701,235675,66.0685,-8.36,43.64
2023.03,DRAM모듈,8473304060,826025867,222760,3708.1427,-41.95,166.31
2023.03,SIC링(2),8486902040,76281654,245729,310.43,-29.42,20.08
2023.03,SIC링(1),8486902090,94368548,253934,371.6263,-5.25,0.8
2023.03,변압기,8504,292835327,17145918,17.079,31.97,8.65
2023.03,대형변압기,8504230000,47164716,4105134,11.4892,248.46,-10.63
2023.03,리튬1차전지,8506500000,12954090,157245,82.3816,92.35,34.15
2023.03,리튬이온전지_ESS_proxy,850760,654371488,16460044,39.7551,9.94,-0.81
2023.03,SSD,8523511000,535406252,238302,2246.7552,-62.25,45.62
2023.03,MLCC,8532240000,124482309,470891,264.3548,15.35,23.99
2023.03,PCB,853400,395951037,1572723,251.7615,-28.01,19.91
2023.03,"GDDR기판, FPCB",8534002000,156810460,304286,515.3391,-45.93,18.08
2023.03,PCB,8534009000,237536617,1249337,190.1301,-7.96,21.52
2023.03,소켓,8536909090,77699850,1548069,50.1915,-18.26,12.4
2023.03,태양광패널,8541430000,121990690,18053420,6.7572,77.97,-11.21
2023.03,반도체전체,8542,7405307700,1646532,4497.5182,-34.28,38.95
2023.03,DRAM,8542321010,1134771349,132726,8549.7291,-53.91,19.77
2023.03,NAND Flash,8542321030,637444105,91230,6987.2203,-14.57,29.55
2023.03,MCP,8542323000,1615478463,111874,14440.16,-47.01,51.91
2023.03,리드프레임,8542900000,33301298,395936,84.1078,-23.65,9.07
2023.03,해저케이블(2),8544602010,29798641,3840875,7.7583,-29.41,10.45
2023.03,해저케이블(1),8544603010,5811246,703073,8.2655,119.51,-82.09
2023.03,체성분분석기,9018198000,7594702,48687,155.9903,-18.09,79.73
2023.03,인터페이스보드,9030901000,30940543,30664,1009.0185,0.2,13.54
2023.04,라면,1902301010,73951045,18550469,3.9865,28.89,-2.23
2023.04,양극재 NCM,2841909020,1064233046,20189535,52.7121,105.25,-8.03
2023.04,톡신,300249,25293813,41892,603.7862,15.77,-5.54
2023.04,톡신,3002491000,20542947,25391,809.0641,54.98,-3.16
2023.04,창상피복재,3005904000,6842734,87296,78.3854,89.27,-17.67
2023.04,화장품,330499,526979429,17951264,29.3561,-3.22,-11.78
2023.04,기초화장품,3304991000,303711441,11557899,26.2774,-9.15,-10.61
2023.04,메이크업화장품,3304992000,54443939,972137,56.0044,0.47,-5.12
2023.04,필러,3304999000,166095366,5216633,31.8396,7.94,-15.12
2023.04,마스크팩,3307904000,29643969,2750589,10.7773,-35.51,-29.06
2023.04,동박,7410211000,31080328,363377,85.5319,-15.09,30.0
2023.04,알루미늄박,7606120000,167402758,51438035,3.2545,-41.78,-8.82
2023.04,레이저마커장비,8456119000,24805718,547970,45.2684,87.31,59.31
2023.04,DRAM모듈,8473304060,308858808,97853,3156.355,-70.62,-62.61
2023.04,SIC링(2),8486902040,52435545,201747,259.9074,-32.63,-31.26
2023.04,SIC링(1),8486902090,96671888,249116,388.0597,-2.99,2.44
2023.04,변압기,8504,259469518,14210457,18.2591,19.37,-11.39
2023.04,대형변압기,8504230000,50340282,3779073,13.3208,78.76,6.73
2023.04,리튬1차전지,8506500000,10213022,106164,96.2004,29.46,-21.16
2023.04,리튬이온전지_ESS_proxy,850760,568821177,13799161,41.2214,1.72,-13.07
2023.04,SSD,8523511000,287948210,158784,1813.4586,-80.01,-46.22
2023.04,MLCC,8532240000,99284668,405251,244.9955,1.21,-20.24
2023.04,PCB,853400,336773382,1297772,259.5012,-36.55,-14.95
2023.04,"GDDR기판, FPCB",8534002000,146505289,256964,570.1394,-46.81,-6.57
2023.04,PCB,8534009000,187701256,1015883,184.7666,-26.1,-20.98
2023.04,소켓,8536909090,64260749,1309871,49.0588,-25.83,-17.3
2023.04,태양광패널,8541430000,90785982,14351993,6.3257,30.28,-25.58
2023.04,반도체전체,8542,5762709034,1449100,3976.7504,-38.49,-22.18
2023.04,DRAM,8542321010,1163518682,146179,7959.5474,-46.72,2.53
2023.04,NAND Flash,8542321030,352486276,36787,9581.8163,-52.5,-44.7
2023.04,MCP,8542323000,982903236,76644,12824.2685,-50.32,-39.16
2023.04,리드프레임,8542900000,30689990,356792,86.0165,-26.18,-7.84
2023.04,해저케이블(2),8544602010,19391195,2762768,7.0188,-70.28,-34.93
2023.04,해저케이블(1),8544603010,9770986,1267021,7.7118,134.83,68.14
2023.04,체성분분석기,9018198000,8977171,57032,157.4059,69.6,18.2
2023.04,인터페이스보드,9030901000,40344689,39483,1021.8243,26.12,30.39
2023.05,라면,1902301010,75070951,18934966,3.9647,-2.04,1.51
2023.05,양극재 NCM,2841909020,963200773,19515743,49.3551,26.48,-9.49
2023.05,톡신,300249,25433520,37639,675.7225,-49.53,0.55
2023.05,톡신,3002491000,22404583,25663,873.0305,101.02,9.06
2023.05,창상피복재,3005904000,8299010,159674,51.9747,61.5,21.28
2023.05,화장품,330499,609699847,18339896,33.2445,-10.18,15.7
2023.05,기초화장품,3304991000,385240251,12287073,31.3533,-8.7,26.84
2023.05,메이크업화장품,3304992000,53185337,935720,56.8389,-19.57,-2.31
2023.05,필러,3304999000,168473560,4926575,34.1969,-10.5,1.43
2023.05,마스크팩,3307904000,28730240,2565975,11.1966,-29.66,-3.08
2023.05,동박,7410211000,36233577,517150,70.064,0.58,16.58
2023.05,알루미늄박,7606120000,204660194,62158778,3.2925,-26.06,22.26
2023.05,레이저마커장비,8456119000,3692194,114528,32.2384,50.67,-85.12
2023.05,DRAM모듈,8473304060,388351218,94444,4111.9734,-68.63,25.74
2023.05,SIC링(2),8486902040,71877482,329719,217.9962,-19.85,37.08
2023.05,SIC링(1),8486902090,78630053,263170,298.7805,-16.31,-18.66
2023.05,변압기,8504,292718442,17428503,16.7954,38.37,12.81
2023.05,대형변압기,8504230000,65144136,4706706,13.8407,142.74,29.41
2023.05,리튬1차전지,8506500000,12561836,210463,59.6867,53.89,23.0
2023.05,리튬이온전지_ESS_proxy,850760,586085253,14072641,41.6471,-3.17,3.04
2023.05,SSD,8523511000,527315176,222560,2369.3169,-62.34,83.13
2023.05,MLCC,8532240000,132856149,480222,276.6557,36.91,33.81
2023.05,PCB,853400,392359757,1499770,261.6133,-27.95,16.51
2023.05,"GDDR기판, FPCB",8534002000,190166362,327041,581.4756,-34.34,29.8
2023.05,PCB,8534009000,199945718,1141045,175.2304,-20.9,6.52
2023.05,소켓,8536909090,73353729,1514602,48.431,-0.11,14.15
2023.05,태양광패널,8541430000,97457800,15751181,6.1873,57.44,7.35
2023.05,반도체전체,8542,6687921008,1524925,4385.7377,-32.48,16.06
2023.05,DRAM,8542321010,1193004804,157646,7567.6186,-51.7,2.53
2023.05,NAND Flash,8542321030,370462980,38686,9576.1511,-53.88,5.1
2023.05,MCP,8542323000,1272453143,87520,14538.9984,-47.1,29.46
2023.05,리드프레임,8542900000,30417853,350534,86.7758,-31.9,-0.89
2023.05,해저케이블(2),8544602010,48134343,8011626,6.0081,128.86,148.23
2023.05,해저케이블(1),8544603010,13892738,1824542,7.6144,147.56,42.18
2023.05,체성분분석기,9018198000,7163491,46138,155.2623,-10.15,-20.2
2023.05,인터페이스보드,9030901000,39074667,34184,1143.0689,13.05,-3.15
2023.06,라면,1902301010,89168269,22629767,3.9403,32.4,18.78
2023.06,양극재 NCM,2841909020,729804137,16485131,44.2704,-4.33,-24.23
2023.06,톡신,300249,34936423,68132,512.7755,-15.81,37.36
2023.06,톡신,3002491000,32735156,38934,840.7858,43.2,46.11
2023.06,창상피복재,3005904000,8194016,128623,63.7057,45.27,-1.27
2023.06,화장품,330499,578534446,18358215,31.5137,14.44,-5.11
2023.06,기초화장품,3304991000,332482789,12045169,27.603,17.35,-13.69
2023.06,메이크업화장품,3304992000,53219488,943089,56.431,-7.39,0.06
2023.06,필러,3304999000,188870543,5154801,36.6397,16.35,12.11
2023.06,마스크팩,3307904000,28920601,2507157,11.5352,-27.02,0.66
2023.06,동박,7410211000,29458251,363535,81.0328,-21.87,-18.7
2023.06,알루미늄박,7606120000,169221231,51144279,3.3087,-21.94,-17.32
2023.06,레이저마커장비,8456119000,15730498,438936,35.8378,36.78,326.05
2023.06,DRAM모듈,8473304060,734085377,194035,3783.2627,-47.04,89.03
2023.06,SIC링(2),8486902040,70111810,362982,193.1551,-27.96,-2.46
2023.06,SIC링(1),8486902090,112931762,225141,501.6046,15.96,43.62
2023.06,변압기,8504,288507982,15618044,18.4727,22.97,-1.44
2023.06,대형변압기,8504230000,43071718,3162796,13.6182,26.27,-33.88
2023.06,리튬1차전지,8506500000,33133574,770006,43.0303,260.33,163.76
2023.06,리튬이온전지_ESS_proxy,850760,719294518,17844053,40.31,21.66,22.73
2023.06,SSD,8523511000,528656546,233573,2263.3461,-60.55,0.25
2023.06,MLCC,8532240000,111164770,442232,251.3721,8.24,-16.33
2023.06,PCB,853400,410740743,1562500,262.8741,-18.45,4.68
2023.06,"GDDR기판, FPCB",8534002000,206645024,329065,627.9763,-17.36,8.67
2023.06,PCB,8534009000,200800545,1189998,168.7402,-20.24,0.43
2023.06,소켓,8536909090,81673854,1813848,45.0279,11.88,11.34
2023.06,태양광패널,8541430000,89288579,16493472,5.4136,-25.78,-8.38
2023.06,반도체전체,8542,7832258127,1560221,5019.9671,-26.2,17.11
2023.06,DRAM,8542321010,1164243281,151030,7708.6889,-53.24,-2.41
2023.06,NAND Flash,8542321030,469237419,73154,6414.3781,-40.34,26.66
2023.06,MCP,8542323000,2142641175,142956,14988.1164,-14.47,68.39
2023.06,리드프레임,8542900000,26699817,291662,91.5437,-38.51,-12.22
2023.06,해저케이블(2),8544602010,31944186,4972424,6.4243,-25.87,-33.64
2023.06,해저케이블(1),8544603010,22085925,2592964,8.5176,680.73,58.97
2023.06,체성분분석기,9018198000,10567630,70832,149.1929,91.4,47.52
2023.06,인터페이스보드,9030901000,29727528,28613,1038.9518,-27.44,-23.92
2023.07,라면,1902301010,75921065,19264389,3.941,26.41,-14.86
2023.07,양극재 NCM,2841909020,853134074,20881231,40.8565,-4.88,16.9
2023.07,톡신,300249,26276097,38100,689.6613,-25.95,-24.79
2023.07,톡신,3002491000,24390733,26718,912.8952,2.59,-25.49
2023.07,창상피복재,3005904000,8051464,116988,68.823,101.85,-1.74
2023.07,화장품,330499,487021810,16638957,29.27,3.44,-15.82
2023.07,기초화장품,3304991000,286817779,10994432,26.0875,3.18,-13.73
2023.07,메이크업화장품,3304992000,43322306,833678,51.9653,-1.12,-18.6
2023.07,필러,3304999000,154402657,4636739,33.2998,6.53,-18.25
2023.07,마스크팩,3307904000,32105329,2956289,10.86,-20.34,11.01
2023.07,동박,7410211000,33196188,463010,71.6965,-12.57,12.69
2023.07,알루미늄박,7606120000,146270100,45638753,3.205,-35.88,-13.56
2023.07,레이저마커장비,8456119000,7115254,126145,56.4054,-5.77,-54.77
2023.07,DRAM모듈,8473304060,548370766,139159,3940.6058,-39.38,-25.3
2023.07,SIC링(2),8486902040,81128308,429134,189.0512,-20.65,15.71
2023.07,SIC링(1),8486902090,99955399,225727,442.8154,-0.91,-11.49
2023.07,변압기,8504,309777233,17992681,17.2168,28.85,7.37
2023.07,대형변압기,8504230000,63635016,4406186,14.4422,64.71,47.74
2023.07,리튬1차전지,8506500000,11598996,151368,76.6278,31.47,-64.99
2023.07,리튬이온전지_ESS_proxy,850760,520163605,13290062,39.1393,-21.19,-27.68
2023.07,SSD,8523511000,526185368,230997,2277.8883,-39.49,-0.47
2023.07,MLCC,8532240000,107151678,459807,233.0362,12.61,-3.61
2023.07,PCB,853400,419091657,1515859,276.4714,-18.86,2.03
2023.07,"GDDR기판, FPCB",8534002000,210441658,330116,637.4779,-18.04,1.84
2023.07,PCB,8534009000,206061473,1153474,178.6442,-20.08,2.62
2023.07,소켓,8536909090,77976112,1633659,47.731,2.06,-4.53
2023.07,태양광패널,8541430000,90872573,18354895,4.9509,-43.57,1.77
2023.07,반도체전체,8542,6543938291,1423658,4596.5662,-34.48,-16.45
2023.07,DRAM,8542321010,1142171397,105137,10863.6484,-51.77,-1.9
2023.07,NAND Flash,8542321030,355074367,42873,8282.0042,-51.9,-24.33
2023.07,MCP,8542323000,1426628646,104834,13608.4538,-21.86,-33.42
2023.07,리드프레임,8542900000,27364907,306467,89.2915,-30.35,2.49
2023.07,해저케이블(2),8544602010,26908260,4071823,6.6084,16.18,-15.76
2023.07,해저케이블(1),8544603010,111915305,13078043,8.5575,415.22,406.73
2023.07,체성분분석기,9018198000,4869848,32487,149.9014,-10.52,-53.92
2023.07,인터페이스보드,9030901000,38712020,31180,1241.5657,-8.54,30.22
2023.08,라면,1902301010,85657529,21126924,4.0544,41.34,12.82
2023.08,양극재 NCM,2841909020,864270342,20890821,41.3708,-8.17,1.31
2023.08,톡신,300249,21697717,59843,362.5774,-46.37,-17.42
2023.08,톡신,3002491000,18511937,23935,773.4254,15.63,-24.1
2023.08,창상피복재,3005904000,5785939,82989,69.7193,66.14,-28.14
2023.08,화장품,330499,540033858,18079786,29.8695,14.41,10.88
2023.08,기초화장품,3304991000,327025260,12053152,27.1319,19.37,14.02
2023.08,메이크업화장품,3304992000,52761396,784438,67.2601,14.95,21.79
2023.08,필러,3304999000,156678299,5016023,31.2356,6.86,1.47
2023.08,마스크팩,3307904000,30163667,2904639,10.3847,-15.64,-6.05
2023.08,동박,7410211000,34849796,473412,73.6141,-1.46,4.98
2023.08,알루미늄박,7606120000,164635470,52062186,3.1623,-30.92,12.56
2023.08,레이저마커장비,8456119000,17418534,354262,49.1685,362.56,144.81
2023.08,DRAM모듈,8473304060,520306355,111030,4686.1781,-33.51,-5.12
2023.08,SIC링(2),8486902040,88403476,522894,169.0658,-15.9,8.97
2023.08,SIC링(1),8486902090,115106189,297861,386.4426,20.14,15.16
2023.08,변압기,8504,270698967,13316415,20.3282,25.48,-12.61
2023.08,대형변압기,8504230000,24241343,1667503,14.5375,-15.83,-61.91
2023.08,리튬1차전지,8506500000,10693826,129136,82.8106,32.05,-7.8
2023.08,리튬이온전지_ESS_proxy,850760,531939822,13766825,38.6393,-28.55,2.26
2023.08,SSD,8523511000,355265557,141134,2517.2216,-63.38,-32.48
2023.08,MLCC,8532240000,122756301,443914,276.5317,43.83,14.56
2023.08,PCB,853400,411534347,1451722,283.4801,-21.54,-1.8
2023.08,"GDDR기판, FPCB",8534002000,216975443,348730,622.1875,-20.84,3.1
2023.08,PCB,8534009000,193312189,1088645,177.5714,-22.45,-6.19
2023.08,소켓,8536909090,75209481,1723144,43.6467,8.34,-3.55
2023.08,태양광패널,8541430000,78324465,15629324,5.0114,-54.08,-13.81
2023.08,반도체전체,8542,7712698895,1577141,4890.304,-20.2,17.86
2023.08,DRAM,8542321010,1285823533,128943,9972.0305,-35.81,12.58
2023.08,NAND Flash,8542321030,563207063,59198,9513.9542,-8.94,58.62
2023.08,MCP,8542323000,1669928603,108598,15377.158,-19.55,17.05
2023.08,리드프레임,8542900000,27879999,338974,82.2482,-31.09,1.88
2023.08,해저케이블(2),8544602010,31802647,4370277,7.277,52.14,18.19
2023.08,해저케이블(1),8544603010,10399147,1082622,9.6055,-2.79,-90.71
2023.08,체성분분석기,9018198000,7471323,51869,144.0422,24.75,53.42
2023.08,인터페이스보드,9030901000,25344491,23552,1076.1078,-26.61,-34.53
2023.09,라면,1902301010,89605626,22751200,3.9385,39.59,4.61
2023.09,양극재 NCM,2841909020,727064468,17630283,41.2395,-15.58,-15.88
2023.09,톡신,300249,32342807,59453,544.0063,-23.86,49.06
2023.09,톡신,3002491000,30379615,34811,872.7016,-5.48,64.11
2023.09,창상피복재,3005904000,4602265,101362,45.4042,-25.98,-20.46
2023.09,화장품,330499,637895696,22853074,27.9129,11.31,18.12
2023.09,기초화장품,3304991000,386808448,15521885,24.9202,11.59,18.28
2023.09,메이크업화장품,3304992000,54230235,991670,54.6858,-0.71,2.78
2023.09,필러,3304999000,189917732,5959323,31.869,13.91,21.22
2023.09,마스크팩,3307904000,36173112,3410495,10.6064,-1.86,19.92
2023.09,동박,7410211000,30235639,405220,74.6154,-4.45,-13.24
2023.09,알루미늄박,7606120000,161334557,50784431,3.1769,-20.21,-2.0
2023.09,레이저마커장비,8456119000,3833315,59001,64.9703,-66.89,-77.99
2023.09,DRAM모듈,8473304060,1163327153,300706,3868.6529,-9.53,123.59
2023.09,SIC링(2),8486902040,100345185,436891,229.6801,0.87,13.51
2023.09,SIC링(1),8486902090,83426026,260617,320.1097,-10.93,-27.52
2023.09,변압기,8504,359487377,19977663,17.9945,41.89,32.8
2023.09,대형변압기,8504230000,81768805,5041918,16.2178,62.49,237.31
2023.09,리튬1차전지,8506500000,10765674,145961,73.7572,-2.22,0.67
2023.09,리튬이온전지_ESS_proxy,850760,550409869,14601828,37.6946,-25.64,3.47
2023.09,SSD,8523511000,460941993,209859,2196.4366,-62.32,29.75
2023.09,MLCC,8532240000,115002544,497436,231.1906,27.3,-6.32
2023.09,PCB,853400,398945682,1375165,290.1075,-22.05,-3.06
2023.09,"GDDR기판, FPCB",8534002000,202652847,328200,617.4675,-23.74,-6.6
2023.09,PCB,8534009000,193956178,1018739,190.3885,-20.77,0.33
2023.09,소켓,8536909090,69420694,1514835,45.8272,-8.33,-7.7
2023.09,태양광패널,8541430000,48430030,13143619,3.6847,-71.7,-38.17
2023.09,반도체전체,8542,8438818525,1565454,5390.6525,-14.54,9.41
2023.09,DRAM,8542321010,1181502470,132541,8914.2414,-35.2,-8.11
2023.09,NAND Flash,8542321030,711058351,82318,8637.9449,5.63,26.25
2023.09,MCP,8542323000,2074156047,130449,15900.1299,-15.88,24.21
2023.09,리드프레임,8542900000,25773470,288160,89.4415,-32.72,-7.56
2023.09,해저케이블(2),8544602010,36482216,4740294,7.6962,156.95,14.71
2023.09,해저케이블(1),8544603010,26577314,3021352,8.7965,716.52,155.57
2023.09,체성분분석기,9018198000,6289770,40409,155.6527,-33.86,-15.81
2023.09,인터페이스보드,9030901000,26585571,26460,1004.7457,-7.97,4.9
2023.10,라면,1902301010,87954115,22705374,3.8737,42.61,-1.84
2023.10,양극재 NCM,2841909020,518000668,13520585,38.312,-30.48,-28.75
2023.10,톡신,300249,28338092,47524,596.2901,1.35,-12.38
2023.10,톡신,3002491000,26443156,32111,823.4921,33.11,-12.96
2023.10,창상피복재,3005904000,4094997,63060,64.9381,14.78,-11.02
2023.10,화장품,330499,578130895,20379230,28.3686,5.92,-9.37
2023.10,기초화장품,3304991000,341870543,13917893,24.5634,0.01,-11.62
2023.10,메이크업화장품,3304992000,55981128,883148,63.3882,5.71,3.23
2023.10,필러,3304999000,175788950,5330988,32.9749,22.5,-7.44
2023.10,마스크팩,3307904000,35201156,3159751,11.1405,0.6,-2.69
2023.10,동박,7410211000,34797219,555063,62.6906,36.46,15.09
2023.10,알루미늄박,7606120000,173425108,55124776,3.146,10.42,7.49
2023.10,레이저마커장비,8456119000,14769324,321478,45.9419,-6.66,285.29
2023.10,DRAM모듈,8473304060,760516116,156779,4850.88,50.98,-34.63
2023.10,SIC링(2),8486902040,70838311,128898,549.5687,-11.3,-29.41
2023.10,SIC링(1),8486902090,103431798,656711,157.4997,33.15,23.98
2023.10,변압기,8504,280615694,14541827,19.2971,51.81,-21.94
2023.10,대형변압기,8504230000,49587906,3704818,13.3847,172.04,-39.36
2023.10,리튬1차전지,8506500000,9378138,130193,72.0326,-9.36,-12.89
2023.10,리튬이온전지_ESS_proxy,850760,454231053,11972258,37.9403,-25.27,-17.47
2023.10,SSD,8523511000,420725409,180611,2329.4562,-43.14,-8.72
2023.10,MLCC,8532240000,112413229,466192,241.1308,16.41,-2.25
2023.10,PCB,853400,410295330,1385559,296.1226,-12.62,2.84
2023.10,"GDDR기판, FPCB",8534002000,203676044,330214,616.8001,-15.87,0.5
2023.10,PCB,8534009000,205039119,1033764,198.3423,-9.42,5.71
2023.10,소켓,8536909090,60009775,1285896,46.6677,-16.29,-13.56
2023.10,태양광패널,8541430000,27552891,7518025,3.6649,-84.71,-43.11
2023.10,반도체전체,8542,7829558077,1501736,5213.6714,-6.54,-7.22
2023.10,DRAM,8542321010,1140724023,112381,10150.5061,-27.13,-3.45
2023.10,NAND Flash,8542321030,563432529,54652,10309.4586,-0.61,-20.76
2023.10,MCP,8542323000,1845428103,97475,18932.3222,12.16,-11.03
2023.10,리드프레임,8542900000,26481508,306204,86.4832,-30.23,2.75
2023.10,해저케이블(2),8544602010,26209723,3080420,8.5085,98.28,-28.16
2023.10,해저케이블(1),8544603010,11268640,1167116,9.6551,-64.08,-57.6
2023.10,체성분분석기,9018198000,4554763,29471,154.5507,-21.56,-27.58
2023.10,인터페이스보드,9030901000,22427050,22841,981.8769,-7.91,-15.64
2023.11,라면,1902301010,90776919,23437174,3.8732,37.3,3.21
2023.11,양극재 NCM,2841909020,376222178,10162082,37.0222,-56.68,-27.37
2023.11,톡신,300249,27244187,47140,577.942,-2.1,-3.86
2023.11,톡신,3002491000,25305908,29271,864.5386,9.0,-4.3
2023.11,창상피복재,3005904000,5367046,64104,83.724,15.77,31.06
2023.11,화장품,330499,585863758,20726191,28.2668,17.61,1.34
2023.11,기초화장품,3304991000,341524542,13385836,25.5139,18.84,-0.1
2023.11,메이크업화장품,3304992000,53772854,977503,55.0104,25.21,-3.94
2023.11,필러,3304999000,185225989,6018884,30.7741,13.66,5.37
2023.11,마스크팩,3307904000,29754089,2704106,11.0033,-0.28,-15.47
2023.11,동박,7410211000,33294437,447243,74.4437,59.66,-4.32
2023.11,알루미늄박,7606120000,137635873,43295303,3.179,37.56,-20.64
2023.11,레이저마커장비,8456119000,11772313,264220,44.555,-11.14,-20.29
2023.11,DRAM모듈,8473304060,978726984,175841,5565.9771,137.37,28.69
2023.11,SIC링(2),8486902040,89319339,192072,465.0305,40.46,26.09
2023.11,SIC링(1),8486902090,116433133,653060,178.2886,22.32,12.57
2023.11,변압기,8504,298420144,15959583,18.6985,8.74,6.34
2023.11,대형변압기,8504230000,51821974,3712311,13.9595,-17.48,4.51
2023.11,리튬1차전지,8506500000,10525455,151282,69.5751,16.08,12.23
2023.11,리튬이온전지_ESS_proxy,850760,668756269,20716923,32.2807,25.3,47.23
2023.11,SSD,8523511000,385579386,150352,2564.5112,-42.71,-8.35
2023.11,MLCC,8532240000,97687779,415965,234.8462,8.37,-13.1
2023.11,PCB,853400,414087992,1471463,281.4124,-1.51,0.92
2023.11,"GDDR기판, FPCB",8534002000,201317842,319702,629.7047,-0.18,-1.16
2023.11,PCB,8534009000,210751801,1125517,187.2489,-3.27,2.79
2023.11,소켓,8536909090,59056665,1192736,49.5136,-22.09,-1.59
2023.11,태양광패널,8541430000,38630659,10909676,3.541,-80.3,40.21
2023.11,반도체전체,8542,8163008110,1504294,5426.4712,6.2,4.26
2023.11,DRAM,8542321010,1341588637,129216,10382.5272,-4.36,17.61
2023.11,NAND Flash,8542321030,576927692,52482,10992.8679,11.61,2.4
2023.11,MCP,8542323000,2015128839,106522,18917.4897,49.6,9.2
2023.11,리드프레임,8542900000,26105655,285342,91.489,-16.15,-1.42
2023.11,해저케이블(2),8544602010,27828891,3452495,8.0605,110.56,6.18
2023.11,해저케이블(1),8544603010,11647536,1232755,9.4484,118.22,3.36
2023.11,체성분분석기,9018198000,6374584,40295,158.1979,-25.77,39.95
2023.11,인터페이스보드,9030901000,32969817,32048,1028.7636,-12.88,47.01
2023.12,라면,1902301010,76438881,19413388,3.9374,10.0,-15.79
2023.12,양극재 NCM,2841909020,266731351,7705113,34.6174,-66.75,-29.1
2023.12,톡신,300249,140056724,60435,2317.477,250.26,414.08
2023.12,톡신,3002491000,35835253,39294,911.9777,18.58,41.61
2023.12,창상피복재,3005904000,2502327,115250,21.7122,-57.61,-53.38
2023.12,화장품,330499,532136055,17719350,30.0314,19.92,-9.17
2023.12,기초화장품,3304991000,301890102,11185239,26.99,21.0,-11.61
2023.12,메이크업화장품,3304992000,48791060,844676,57.763,43.11,-9.26
2023.12,필러,3304999000,177781425,5375816,33.0706,13.55,-4.02
2023.12,마스크팩,3307904000,28166633,2547221,11.0578,-27.83,-5.34
2023.12,동박,7410211000,31743596,514368,61.7138,27.53,-4.66
2023.12,알루미늄박,7606120000,152658132,48272459,3.1624,1.67,10.91
2023.12,레이저마커장비,8456119000,32132527,830378,38.6963,168.48,172.95
2023.12,DRAM모듈,8473304060,1670672768,259593,6435.7389,62.28,70.7
2023.12,SIC링(2),8486902040,82244972,184265,446.3407,13.94,-7.92
2023.12,SIC링(1),8486902090,113541822,471709,240.7031,7.99,-2.48
2023.12,변압기,8504,353586079,21169787,16.7024,20.47,18.49
2023.12,대형변압기,8504230000,102270896,7036683,14.534,162.14,97.35
2023.12,리튬1차전지,8506500000,15429485,177510,86.9218,-2.58,46.59
2023.12,리튬이온전지_ESS_proxy,850760,748437945,25119036,29.7956,-1.8,11.91
2023.12,SSD,8523511000,479584761,190630,2515.7885,-38.53,24.38
2023.12,MLCC,8532240000,93208199,380060,245.246,-8.0,-4.59
2023.12,PCB,853400,361984221,1310859,276.1428,-3.89,-12.58
2023.12,"GDDR기판, FPCB",8534002000,174586083,280227,623.0166,-4.59,-13.28
2023.12,PCB,8534009000,186578298,1023715,182.2561,-3.0,-11.47
2023.12,소켓,8536909090,51418193,1041251,49.3812,-35.78,-12.93
2023.12,태양광패널,8541430000,33556856,8856589,3.7889,-84.31,-13.13
2023.12,반도체전체,8542,9004381772,1449632,6211.4949,16.87,10.31
2023.12,DRAM,8542321010,1452659619,159940,9082.5286,2.32,8.28
2023.12,NAND Flash,8542321030,623483753,68567,9093.0587,79.87,8.07
2023.12,MCP,8542323000,2523530235,118896,21224.6857,69.87,25.23
2023.12,리드프레임,8542900000,23328857,231113,100.9413,-15.61,-10.64
2023.12,해저케이블(2),8544602010,20133469,2930948,6.8693,-17.72,-27.65
2023.12,해저케이블(1),8544603010,47464935,4404663,10.7761,13.72,307.51
2023.12,체성분분석기,9018198000,7912927,58650,134.9178,27.23,24.13
2023.12,인터페이스보드,9030901000,22332641,17872,1249.5882,-24.64,-32.26
2024.01,라면,1902301010,85751012,21223142,4.0404,39.42,12.18
2024.01,양극재 NCM,2841909020,405110018,12478322,32.4651,-56.48,51.88
2024.01,톡신,300249,20696006,58857,351.632,-22.83,-85.22
2024.01,톡신,3002491000,19304928,24028,803.4347,-21.5,-46.13
2024.01,창상피복재,3005904000,4087981,42406,96.401,17.66,63.37
2024.01,화장품,330499,628135694,20054982,31.3207,78.79,18.04
2024.01,기초화장품,3304991000,373357745,12806712,29.1533,99.0,23.67
2024.01,메이크업화장품,3304992000,67544675,1127100,59.9278,64.74,38.44
2024.01,필러,3304999000,183733550,5901704,31.1323,52.47,3.35
2024.01,마스크팩,3307904000,27394223,2496328,10.9738,9.3,-2.74
2024.01,동박,7410211000,33197984,418478,79.3303,64.98,4.58
2024.01,알루미늄박,7606120000,205557986,64315960,3.1961,37.45,34.65
2024.01,레이저마커장비,8456119000,15557816,205805,75.5949,-20.66,-51.58
2024.01,DRAM모듈,8473304060,735739093,121291,6065.9001,165.46,-55.96
2024.01,SIC링(2),8486902040,78729554,160224,491.3718,46.64,-4.27
2024.01,SIC링(1),8486902090,122741888,463479,264.8273,42.97,8.1
2024.01,변압기,8504,316007236,16656784,18.9717,31.08,-10.63
2024.01,대형변압기,8504230000,68412841,4416540,15.4901,32.6,-33.11
2024.01,리튬1차전지,8506500000,8365881,141475,59.1333,-15.86,-45.78
2024.01,리튬이온전지_ESS_proxy,850760,375555113,10941206,34.3248,-38.65,-49.82
2024.01,SSD,8523511000,499792558,156964,3184.1222,57.09,4.21
2024.01,MLCC,8532240000,107592838,464124,231.8192,-0.97,15.43
2024.01,PCB,853400,414175174,1475162,280.7659,13.81,14.42
2024.01,"GDDR기판, FPCB",8534002000,188663142,294937,639.6727,12.32,8.06
2024.01,PCB,8534009000,223423920,1155172,193.4118,15.06,19.75
2024.01,소켓,8536909090,67613989,1380912,48.9633,-4.34,31.5
2024.01,태양광패널,8541430000,31834304,7363194,4.3234,-78.36,-5.13
2024.01,반도체전체,8542,8203888690,1473221,5568.6748,51.24,-8.89
2024.01,DRAM,8542321010,1407209178,128871,10919.5178,58.27,-3.13
2024.01,NAND Flash,8542321030,857558588,63396,13527.0141,135.46,37.54
2024.01,MCP,8542323000,1960348887,69303,28286.6382,76.38,-22.32
2024.01,리드프레임,8542900000,29477276,338721,87.0252,-23.1,26.36
2024.01,해저케이블(2),8544602010,34828992,4460333,7.8086,157.37,72.99
2024.01,해저케이블(1),8544603010,7849437,793446,9.8928,71.1,-83.46
2024.01,체성분분석기,9018198000,6788780,46343,146.4899,75.67,-14.21
2024.01,인터페이스보드,9030901000,27617603,31120,887.4551,6.61,23.66
2024.02,라면,1902301010,92901948,22704620,4.0918,31.37,8.34
2024.02,양극재 NCM,2841909020,409729209,14035582,29.1922,-61.78,1.14
2024.02,톡신,300249,24834143,40200,617.7648,-12.87,19.99
2024.02,톡신,3002491000,23049228,29808,773.2564,-6.93,19.4
2024.02,창상피복재,3005904000,5863029,70118,83.6166,-4.03,43.42
2024.02,화장품,330499,549344624,17355841,31.6519,9.33,-12.54
2024.02,기초화장품,3304991000,311078720,11051318,28.1486,9.5,-16.68
2024.02,메이크업화장품,3304992000,56934820,1129936,50.3877,19.02,-15.71
2024.02,필러,3304999000,177941210,4957919,35.8903,6.29,-3.15
2024.02,마스크팩,3307904000,27595962,2315356,11.9187,10.63,0.74
2024.02,동박,7410211000,26776035,342251,78.2351,63.44,-19.34
2024.02,알루미늄박,7606120000,155076658,47757254,3.2472,-11.02,-24.56
2024.02,레이저마커장비,8456119000,12129092,187546,64.6726,11.89,-22.04
2024.02,DRAM모듈,8473304060,902709199,155040,5822.4278,191.04,22.69
2024.02,SIC링(2),8486902040,85759467,148461,577.6565,35.0,8.93
2024.02,SIC링(1),8486902090,117928238,618259,190.7425,25.97,-3.92
2024.02,변압기,8504,361228818,22445382,16.0937,34.03,14.31
2024.02,대형변압기,8504230000,87737235,7285483,12.0427,66.26,28.25
2024.02,리튬1차전지,8506500000,9313681,138413,67.2891,-3.55,11.33
2024.02,리튬이온전지_ESS_proxy,850760,439544366,12792473,34.3596,-33.37,17.04
2024.02,SSD,8523511000,446224658,135512,3292.8793,21.37,-10.72
2024.02,MLCC,8532240000,100284934,495116,202.5484,-0.12,-6.79
2024.02,PCB,853400,353803719,1372766,257.7305,7.14,-14.58
2024.02,"GDDR기판, FPCB",8534002000,156816719,256100,612.3261,18.09,-16.88
2024.02,PCB,8534009000,193185014,1065673,181.2798,-1.17,-13.53
2024.02,소켓,8536909090,65123824,1461997,44.5444,-5.79,-3.68
2024.02,태양광패널,8541430000,6715178,1603666,4.1874,-95.11,-78.91
2024.02,반도체전체,8542,8619440764,1397640,6167.1394,61.73,5.07
2024.02,DRAM,8542321010,1491461901,116134,12842.5948,57.42,5.99
2024.02,NAND Flash,8542321030,889118556,56074,15856.1643,80.69,3.68
2024.02,MCP,8542323000,2308240418,81351,28373.842,117.05,17.75
2024.02,리드프레임,8542900000,25376368,319963,79.3103,-16.88,-13.91
2024.02,해저케이블(2),8544602010,24045474,3002232,8.0092,-10.88,-30.96
2024.02,해저케이블(1),8544603010,116168833,14400516,8.067,258.06,1379.96
2024.02,체성분분석기,9018198000,7307988,41862,174.5733,72.94,7.65
2024.02,인터페이스보드,9030901000,26819781,23085,1161.7839,-1.58,-2.89
2024.03,라면,1902301010,91609313,23359060,3.9218,21.12,-1.39
2024.03,양극재 NCM,2841909020,418558941,15136695,27.6519,-63.83,2.16
2024.03,톡신,300249,36041856,50840,708.9271,34.6,45.13
2024.03,톡신,3002491000,32551347,39977,814.2519,53.45,41.23
2024.03,창상피복재,3005904000,8353346,112321,74.3703,0.5,42.47
2024.03,화장품,330499,578839068,19334661,29.9379,-3.1,5.37
2024.03,기초화장품,3304991000,332849451,12435515,26.766,-2.03,7.0
2024.03,메이크업화장품,3304992000,54469096,1033825,52.687,-5.08,-4.33
2024.03,필러,3304999000,188007150,5608629,33.5211,-3.93,5.66
2024.03,마스크팩,3307904000,34422638,3282220,10.4876,-17.62,24.74
2024.03,동박,7410211000,30876255,421621,73.2323,29.14,15.31
2024.03,알루미늄박,7606120000,167225448,52301214,3.1974,-8.92,7.83
2024.03,레이저마커장비,8456119000,19972462,380344,52.5116,28.27,64.67
2024.03,DRAM모듈,8473304060,1680986516,244784,6867.2238,103.5,86.22
2024.03,SIC링(2),8486902040,89424620,288694,309.7557,17.23,4.27
2024.03,SIC링(1),8486902090,110996475,283635,391.3356,17.62,-5.88
2024.03,변압기,8504,362840567,23222988,15.6242,23.91,0.45
2024.03,대형변압기,8504230000,117571553,8805109,13.3527,149.28,34.0
2024.03,리튬1차전지,8506500000,12461145,180999,68.8465,-3.81,33.79
2024.03,리튬이온전지_ESS_proxy,850760,439855834,13674509,32.1661,-32.78,0.07
2024.03,SSD,8523511000,692516232,184685,3749.7156,29.34,55.19
2024.03,MLCC,8532240000,107528228,524526,205.0008,-13.62,7.22
2024.03,PCB,853400,372895723,1326937,281.0199,-5.82,5.4
2024.03,"GDDR기판, FPCB",8534002000,163470020,274975,594.4905,4.25,4.24
2024.03,PCB,8534009000,204943982,994574,206.0621,-13.72,6.09
2024.03,소켓,8536909090,66230226,1473478,44.9482,-14.76,1.7
2024.03,태양광패널,8541430000,12130598,2801759,4.3296,-90.06,80.64
2024.03,반도체전체,8542,9582279389,1464994,6540.8318,29.4,11.17
2024.03,DRAM,8542321010,1628992789,112855,14434.3874,43.55,9.22
2024.03,NAND Flash,8542321030,816995296,54996,14855.5403,28.17,-8.11
2024.03,MCP,8542323000,2729807054,86413,31590.2359,68.98,18.26
2024.03,리드프레임,8542900000,25280521,313500,80.6396,-24.09,-0.38
2024.03,해저케이블(2),8544602010,19319654,3139133,6.1545,-35.17,-19.65
2024.03,해저케이블(1),8544603010,107398963,11736494,9.1509,1748.12,-7.55
2024.03,체성분분석기,9018198000,9524862,58663,162.3658,25.41,30.33
2024.03,인터페이스보드,9030901000,24041612,21211,1133.4502,-22.3,-10.36
2024.04,라면,1902301010,108537461,26996008,4.0205,46.77,18.48
2024.04,양극재 NCM,2841909020,481653096,18188520,26.4812,-54.74,15.07
2024.04,톡신,300249,28176122,86789,324.6508,11.4,-21.82
2024.04,톡신,3002491000,26061825,29231,891.5817,26.87,-19.94
2024.04,창상피복재,3005904000,10998081,126157,87.1777,60.73,31.66
2024.04,화장품,330499,650709646,21948487,29.6471,23.48,12.42
2024.04,기초화장품,3304991000,394461799,14557237,27.0973,29.88,18.51
2024.04,메이크업화장품,3304992000,59610566,1195039,49.8817,9.49,9.44
2024.04,필러,3304999000,191700154,5927382,32.3415,15.42,1.96
2024.04,마스크팩,3307904000,35601981,3300720,10.7861,20.1,3.43
2024.04,동박,7410211000,32034148,520152,61.5861,3.07,3.75
2024.04,알루미늄박,7606120000,214486649,66469814,3.2268,28.13,28.26
2024.04,레이저마커장비,8456119000,27353016,505676,54.092,10.27,36.95
2024.04,DRAM모듈,8473304060,925062426,146365,6320.2434,199.51,-44.97
2024.04,SIC링(2),8486902040,90330802,306878,294.3541,72.27,1.01
2024.04,SIC링(1),8486902090,150162974,223564,671.6778,55.33,35.29
2024.04,변압기,8504,329345671,20534347,16.0388,26.93,-9.23
2024.04,대형변압기,8504230000,60000892,3572088,16.7971,19.19,-48.97
2024.04,리튬1차전지,8506500000,9788498,155384,62.9955,-4.16,-21.45
2024.04,리튬이온전지_ESS_proxy,850760,376261020,11218155,33.5404,-33.85,-14.46
2024.04,SSD,8523511000,596678066,161361,3697.7836,107.22,-13.84
2024.04,MLCC,8532240000,105254800,507756,207.2941,6.01,-2.11
2024.04,PCB,853400,381497925,1505377,253.4235,13.28,2.31
2024.04,"GDDR기판, FPCB",8534002000,170482133,305663,557.7454,16.37,4.29
2024.04,PCB,8534009000,206512441,1144579,180.4266,10.02,0.77
2024.04,소켓,8536909090,68215995,1570540,43.4347,6.15,3.0
2024.04,태양광패널,8541430000,2384755,484106,4.9261,-97.37,-80.34
2024.04,반도체전체,8542,8623164692,1456147,5921.9053,49.64,-10.01
2024.04,DRAM,8542321010,1594783559,106336,14997.5884,37.07,-2.1
2024.04,NAND Flash,8542321030,615382745,42592,14448.3176,74.58,-24.68
2024.04,MCP,8542323000,2158812516,83460,25866.4332,119.64,-20.92
2024.04,리드프레임,8542900000,31925400,351722,90.7688,4.03,26.28
2024.04,해저케이블(2),8544602010,26693716,4011980,6.6535,37.66,38.17
2024.04,해저케이블(1),8544603010,34573188,5106334,6.7706,253.84,-67.81
2024.04,체성분분석기,9018198000,7150370,50315,142.1121,-20.35,-24.93
2024.04,인터페이스보드,9030901000,30229430,24942,1211.989,-25.07,25.74
2024.05,라면,1902301010,107337924,26916993,3.9877,42.98,-1.11
2024.05,양극재 NCM,2841909020,401873455,15202598,26.4345,-58.28,-16.56
2024.05,톡신,300249,39166907,57098,685.9594,54.0,39.01
2024.05,톡신,3002491000,37418766,45243,827.062,67.01,43.58
2024.05,창상피복재,3005904000,10060293,139570,72.0806,21.22,-8.53
2024.05,화장품,330499,674156891,22197873,30.3703,10.57,3.6
2024.05,기초화장품,3304991000,392542969,14515438,27.0431,1.9,-0.49
2024.05,메이크업화장품,3304992000,75711541,1298706,58.2977,42.35,27.01
2024.05,필러,3304999000,202108635,6182593,32.6899,19.96,5.43
2024.05,마스크팩,3307904000,42728521,3974190,10.7515,48.72,20.02
2024.05,동박,7410211000,31142948,457168,68.1215,-14.05,-2.78
2024.05,알루미늄박,7606120000,213506972,61274182,3.4845,4.32,-0.46
2024.05,레이저마커장비,8456119000,12930564,169901,76.1065,250.21,-52.73
2024.05,DRAM모듈,8473304060,1146640785,165203,6940.7988,195.26,23.95
2024.05,SIC링(2),8486902040,90732309,329331,275.5049,26.23,0.44
2024.05,SIC링(1),8486902090,120958334,266543,453.8042,53.83,-19.45
2024.05,변압기,8504,316619404,18492458,17.1215,8.17,-3.86
2024.05,대형변압기,8504230000,61338041,3796132,16.158,-5.84,2.23
2024.05,리튬1차전지,8506500000,11579862,167229,69.2455,-7.82,18.3
2024.05,리튬이온전지_ESS_proxy,850760,418112019,13737727,30.4353,-28.66,11.12
2024.05,SSD,8523511000,846358863,191651,4416.1463,60.5,41.85
2024.05,MLCC,8532240000,107272106,522640,205.2505,-19.26,1.92
2024.05,PCB,853400,409413001,1481334,276.3813,4.35,7.32
2024.05,"GDDR기판, FPCB",8534002000,191111721,317779,601.3982,0.5,12.1
2024.05,PCB,8534009000,216789639,1146871,189.027,8.42,4.98
2024.05,소켓,8536909090,73601066,1688441,43.5911,0.34,7.89
2024.05,태양광패널,8541430000,1938905,513370,3.7768,-98.01,-18.7
2024.05,반도체전체,8542,9814340738,1502438,6532.2767,46.75,13.81
2024.05,DRAM,8542321010,1767125202,114315,15458.3843,48.12,10.81
2024.05,NAND Flash,8542321030,685634245,41898,16364.3669,85.07,11.42
2024.05,MCP,8542323000,2698676682,81324,33184.259,112.08,25.01
2024.05,리드프레임,8542900000,29945256,385810,77.6166,-1.55,-6.2
2024.05,해저케이블(2),8544602010,26892268,3971657,6.771,-44.13,0.74
2024.05,해저케이블(1),8544603010,58466411,5319501,10.991,320.84,69.11
2024.05,체성분분석기,9018198000,7113970,44038,161.5416,-0.69,-0.51
2024.05,인터페이스보드,9030901000,26045742,37979,685.7933,-33.34,-13.84
2024.06,라면,1902301010,104081666,25379198,4.1011,16.73,-3.03
2024.06,양극재 NCM,2841909020,382958104,13893418,27.564,-47.53,-4.71
2024.06,톡신,300249,35219019,51040,690.0278,0.81,-10.08
2024.06,톡신,3002491000,32976454,37306,883.945,0.74,-11.87
2024.06,창상피복재,3005904000,11893168,160758,73.9818,45.14,18.22
2024.06,화장품,330499,595924846,19152181,31.1152,3.01,-11.6
2024.06,기초화장품,3304991000,333054117,12316704,27.0408,0.17,-15.15
2024.06,메이크업화장품,3304992000,63402609,1329552,47.6872,19.13,-16.26
2024.06,필러,3304999000,196368742,5346980,36.7252,3.97,-2.84
2024.06,마스크팩,3307904000,38771835,3245885,11.9449,34.06,-9.26
2024.06,동박,7410211000,29474302,419775,70.2145,0.05,-5.36
2024.06,알루미늄박,7606120000,224647610,64025302,3.5087,32.75,5.22
2024.06,레이저마커장비,8456119000,9649824,114822,84.0416,-38.66,-25.37
2024.06,DRAM모듈,8473304060,1773993686,231817,7652.5608,141.66,54.71
2024.06,SIC링(2),8486902040,101939275,413846,246.3218,45.4,12.35
2024.06,SIC링(1),8486902090,139530230,269949,516.8763,23.55,15.35
2024.06,변압기,8504,355086250,21703182,16.361,23.08,12.15
2024.06,대형변압기,8504230000,81100887,4565005,17.7658,88.29,32.22
2024.06,리튬1차전지,8506500000,12880689,153807,83.7458,-61.12,11.23
2024.06,리튬이온전지_ESS_proxy,850760,528688324,20453366,25.8485,-26.5,26.45
2024.06,SSD,8523511000,960263096,188584,5091.9648,81.64,13.46
2024.06,MLCC,8532240000,102708381,467171,219.8518,-7.61,-4.25
2024.06,PCB,853400,389593031,1300959,299.466,-5.15,-4.84
2024.06,"GDDR기판, FPCB",8534002000,184257145,288964,637.6474,-10.83,-3.59
2024.06,PCB,8534009000,204216263,998418,204.5398,1.7,-5.8
2024.06,소켓,8536909090,73706658,1509936,48.8144,-9.75,0.14
2024.06,태양광패널,8541430000,11126354,2430178,4.5784,-87.54,473.85
2024.06,반도체전체,8542,11217510055,1507943,7438.9483,43.22,14.3
2024.06,DRAM,8542321010,1899278376,116958,16238.9779,63.13,7.48
2024.06,NAND Flash,8542321030,677867380,45475,14906.3745,44.46,-1.13
2024.06,MCP,8542323000,3742313361,134510,27821.8226,74.66,38.67
2024.06,리드프레임,8542900000,32964029,333064,98.9721,23.46,10.08
2024.06,해저케이블(2),8544602010,29858285,4086214,7.3071,-6.53,11.03
2024.06,해저케이블(1),8544603010,73734721,8777102,8.4008,233.85,26.11
2024.06,체성분분석기,9018198000,8216054,49647,165.4894,-22.25,15.49
2024.06,인터페이스보드,9030901000,38693253,35595,1087.0418,30.16,48.56
2024.07,라면,1902301010,109132838,26805867,4.0712,43.75,4.85
2024.07,양극재 NCM,2841909020,301782297,10935626,27.5963,-64.63,-21.2
2024.07,톡신,300249,30001922,55698,538.6535,14.18,-14.81
2024.07,톡신,3002491000,28104228,30206,930.4187,15.23,-14.77
2024.07,창상피복재,3005904000,12523172,145781,85.904,55.54,5.3
2024.07,화장품,330499,617618425,21126987,29.2336,26.82,3.64
2024.07,기초화장품,3304991000,366587107,13628029,26.8995,27.81,10.07
2024.07,메이크업화장품,3304992000,57481382,1185778,48.4757,32.68,-9.34
2024.07,필러,3304999000,189348857,6086683,31.1087,22.63,-3.57
2024.07,마스크팩,3307904000,48331608,4445856,10.8712,50.54,24.66
2024.07,동박,7410211000,38088995,528666,72.0474,14.74,29.23
2024.07,알루미늄박,7606120000,211984068,60008028,3.5326,44.93,-5.64
2024.07,레이저마커장비,8456119000,20880523,492900,42.3626,193.46,116.38
2024.07,DRAM모듈,8473304060,998011074,134464,7422.1433,82.0,-43.74
2024.07,SIC링(2),8486902040,116598424,384998,302.8546,43.72,14.38
2024.07,SIC링(1),8486902090,143104784,370597,386.1466,43.17,2.56
2024.07,변압기,8504,311337347,18800567,16.56,0.5,-12.32
2024.07,대형변압기,8504230000,39068630,2514638,15.5365,-38.61,-51.83
2024.07,리튬1차전지,8506500000,9015909,133776,67.3956,-22.27,-30.0
2024.07,리튬이온전지_ESS_proxy,850760,490938246,19493927,25.1842,-5.62,-7.14
2024.07,SSD,8523511000,966634078,156929,6159.6905,83.71,0.66
2024.07,MLCC,8532240000,111773048,509806,219.2462,4.31,8.83
2024.07,PCB,853400,431649395,1490723,289.5571,3.0,10.79
2024.07,"GDDR기판, FPCB",8534002000,202409117,314648,643.2875,-3.82,9.85
2024.07,PCB,8534009000,225643274,1166474,193.4405,9.5,10.49
2024.07,소켓,8536909090,71607345,1466370,48.8331,-8.17,-2.85
2024.07,태양광패널,8541430000,31122286,6402521,4.8609,-65.75,179.72
2024.07,반도체전체,8542,9734763828,1509055,6450.9006,48.76,-13.22
2024.07,DRAM,8542321010,1986235775,105435,18838.486,73.9,4.58
2024.07,NAND Flash,8542321030,536146405,38350,13980.3495,51.0,-20.91
2024.07,MCP,8542323000,2979864837,89745,33203.6864,108.87,-20.37
2024.07,리드프레임,8542900000,33884133,365855,92.6163,23.82,2.79
2024.07,해저케이블(2),8544602010,26483556,3069619,8.6276,-1.58,-11.3
2024.07,해저케이블(1),8544603010,30113285,2720165,11.0704,-73.09,-59.16
2024.07,체성분분석기,9018198000,5492639,30087,182.5585,12.79,-33.15
2024.07,인터페이스보드,9030901000,36039758,40036,900.1838,-6.9,-6.86
2024.08,라면,1902301010,100621511,24883873,4.0436,17.47,-7.8
2024.08,양극재 NCM,2841909020,322141138,12072661,26.6835,-62.73,6.75
2024.08,톡신,300249,31350456,77626,403.8654,44.49,4.49
2024.08,톡신,3002491000,29640963,37585,788.6381,60.12,5.47
2024.08,창상피복재,3005904000,9823118,128250,76.5935,69.78,-21.56
2024.08,화장품,330499,625318631,20177290,30.9912,15.79,1.25
2024.08,기초화장품,3304991000,374407216,13303309,28.1439,14.49,2.13
2024.08,메이크업화장품,3304992000,62117932,1178580,52.7057,17.73,8.07
2024.08,필러,3304999000,185147111,5492912,33.7065,18.17,-2.22
2024.08,마스크팩,3307904000,42021907,3453442,12.1681,39.31,-13.06
2024.08,동박,7410211000,30702913,443252,69.2674,-11.9,-19.39
2024.08,알루미늄박,7606120000,208024149,61141668,3.4023,26.35,-1.87
2024.08,레이저마커장비,8456119000,11218715,210852,53.2066,-35.59,-46.27
2024.08,DRAM모듈,8473304060,1258012385,188241,6682.9882,141.78,26.05
2024.08,SIC링(2),8486902040,124000459,506982,244.5855,40.27,6.35
2024.08,SIC링(1),8486902090,100323935,299949,334.47,-12.84,-29.89
2024.08,변압기,8504,305406463,17789231,17.1681,12.82,-1.9
2024.08,대형변압기,8504230000,54659351,3270997,16.7103,125.48,39.91
2024.08,리튬1차전지,8506500000,11474195,151660,75.6574,7.3,27.27
2024.08,리튬이온전지_ESS_proxy,850760,491429328,20227171,24.2955,-7.62,0.1
2024.08,SSD,8523511000,1244497758,185626,6704.3289,250.3,28.75
2024.08,MLCC,8532240000,107798654,418604,257.5194,-12.18,-3.56
2024.08,PCB,853400,391339415,1309959,298.7417,-4.91,-9.34
2024.08,"GDDR기판, FPCB",8534002000,192216402,282314,680.8603,-11.41,-5.04
2024.08,PCB,8534009000,197898172,1019593,194.0953,2.37,-12.3
2024.08,소켓,8536909090,69810905,1452878,48.0501,-7.18,-2.51
2024.08,태양광패널,8541430000,11639305,2298136,5.0647,-85.14,-62.6
2024.08,반도체전체,8542,10133553200,1500848,6751.8851,31.39,4.1
2024.08,DRAM,8542321010,1839895463,97961,18781.9179,43.09,-7.37
2024.08,NAND Flash,8542321030,388012152,30319,12797.6567,-31.11,-27.63
2024.08,MCP,8542323000,3347263827,103468,32350.7155,100.44,12.33
2024.08,리드프레임,8542900000,33067256,357356,92.5331,18.61,-2.41
2024.08,해저케이블(2),8544602010,15555506,2465190,6.3101,-51.09,-41.26
2024.08,해저케이블(1),8544603010,16020699,1794044,8.9299,54.06,-46.8
2024.08,체성분분석기,9018198000,7191296,42101,170.8106,-3.75,30.93
2024.08,인터페이스보드,9030901000,36217425,60865,595.0452,42.9,0.49
2024.09,라면,1902301010,103676255,25555845,4.0569,15.7,3.04
2024.09,양극재 NCM,2841909020,305748800,11848252,25.8054,-57.95,-5.09
2024.09,톡신,300249,36710837,71949,510.2342,13.51,17.1
2024.09,톡신,3002491000,34486242,37248,925.8549,13.52,16.35
2024.09,창상피복재,3005904000,10685774,129393,82.5839,132.19,8.78
2024.09,화장품,330499,703105387,21300342,33.0091,10.22,12.44
2024.09,기초화장품,3304991000,402819652,13650082,29.5104,4.14,7.59
2024.09,메이크업화장품,3304992000,72400589,1087710,66.5624,33.51,16.55
2024.09,필러,3304999000,225036149,6400281,35.1604,18.49,21.54
2024.09,마스크팩,3307904000,43397950,3659793,11.858,19.97,3.27
2024.09,동박,7410211000,30037767,437432,68.6684,-0.65,-2.17
2024.09,알루미늄박,7606120000,203941136,59681804,3.4171,26.41,-1.96
2024.09,레이저마커장비,8456119000,16607184,338324,49.0866,333.23,48.03
2024.09,DRAM모듈,8473304060,1793269384,243362,7368.7321,54.15,42.55
2024.09,SIC링(2),8486902040,119297200,361043,330.4238,18.89,-3.79
2024.09,SIC링(1),8486902090,92838571,273945,338.8949,11.28,-7.46
2024.09,변압기,8504,354457679,21986034,16.1219,-1.4,16.06
2024.09,대형변압기,8504230000,102480781,6108484,16.7768,25.33,87.49
2024.09,리튬1차전지,8506500000,10628432,126269,84.1729,-1.27,-7.37
2024.09,리튬이온전지_ESS_proxy,850760,471038296,18831149,25.0138,-14.42,-4.15
2024.09,SSD,8523511000,1242120502,200414,6197.7731,169.47,-0.19
2024.09,MLCC,8532240000,107164740,436718,245.3866,-6.82,-0.59
2024.09,PCB,853400,354319598,1118043,316.9105,-11.19,-9.46
2024.09,"GDDR기판, FPCB",8534002000,160822876,235410,683.1608,-20.64,-16.33
2024.09,PCB,8534009000,189669923,872214,217.458,-2.21,-4.16
2024.09,소켓,8536909090,69531740,1372376,50.6652,0.16,-0.4
2024.09,태양광패널,8541430000,6130987,1126777,5.4412,-87.34,-47.33
2024.09,반도체전체,8542,11327044992,1533375,7387.0025,34.23,11.78
2024.09,DRAM,8542321010,1888282735,121385,15556.1456,59.82,2.63
2024.09,NAND Flash,8542321030,626839396,40645,15422.3003,-11.84,61.55
2024.09,MCP,8542323000,3802575693,108231,35133.8867,83.33,13.6
2024.09,리드프레임,8542900000,33164835,348536,95.1547,28.68,0.3
2024.09,해저케이블(2),8544602010,19763007,2919452,6.7694,-45.83,27.05
2024.09,해저케이블(1),8544603010,48683645,6663092,7.3065,83.18,203.88
2024.09,체성분분석기,9018198000,6542468,39152,167.1043,4.02,-9.02
2024.09,인터페이스보드,9030901000,40988155,44419,922.7618,54.17,13.17
2024.10,라면,1902301010,116961176,28855285,4.0534,32.98,12.81
2024.10,양극재 NCM,2841909020,301967831,11803146,25.5837,-41.71,-1.24
2024.10,톡신,300249,35437435,65011,545.0991,25.05,-3.47
2024.10,톡신,3002491000,32867419,37302,881.1168,24.29,-4.69
2024.10,창상피복재,3005904000,10055012,146753,68.5166,145.54,-5.9
2024.10,화장품,330499,803008517,22658588,35.4395,38.9,14.21
2024.10,기초화장품,3304991000,513720690,15014932,34.214,50.27,27.53
2024.10,메이크업화장품,3304992000,80746916,1290656,62.5627,44.24,11.53
2024.10,필러,3304999000,206192423,6202005,33.2461,17.3,-8.37
2024.10,마스크팩,3307904000,53246319,4841707,10.9974,51.26,22.69
2024.10,동박,7410211000,34603323,506364,68.3369,-0.56,15.2
2024.10,알루미늄박,7606120000,190110684,54269899,3.5031,9.62,-6.78
2024.10,레이저마커장비,8456119000,17183906,425009,40.4319,16.35,3.47
2024.10,DRAM모듈,8473304060,1174278281,164970,7118.1323,54.41,-34.52
2024.10,SIC링(2),8486902040,121160946,435203,278.401,71.04,1.56
2024.10,SIC링(1),8486902090,113335902,438035,258.7371,9.58,22.08
2024.10,변압기,8504,359282957,21416693,16.7758,28.03,1.36
2024.10,대형변압기,8504230000,105131903,5259189,19.9901,112.01,2.59
2024.10,리튬1차전지,8506500000,12280574,145022,84.6808,30.95,15.54
2024.10,리튬이온전지_ESS_proxy,850760,401779727,14180783,28.3327,-11.55,-14.7
2024.10,SSD,8523511000,709254973,134940,5256.0766,68.58,-42.9
2024.10,MLCC,8532240000,107486347,472385,227.5397,-4.38,0.3
2024.10,PCB,853400,387315169,1357152,285.3882,-5.6,9.31
2024.10,"GDDR기판, FPCB",8534002000,171251452,277656,616.7756,-15.92,6.48
2024.10,PCB,8534009000,213538760,1071184,199.3483,4.15,12.58
2024.10,소켓,8536909090,72037050,1604102,44.908,20.04,3.6
2024.10,태양광패널,8541430000,4761258,1293367,3.6813,-82.72,-22.34
2024.10,반도체전체,8542,10837726804,1495474,7247.0179,38.42,-4.32
2024.10,DRAM,8542321010,1912033811,95560,20008.7255,67.62,1.26
2024.10,NAND Flash,8542321030,440424775,32599,13510.3769,-21.83,-29.74
2024.10,MCP,8542323000,3482828191,66118,52675.9459,88.73,-8.41
2024.10,리드프레임,8542900000,33181617,421903,78.6475,25.3,0.05
2024.10,해저케이블(2),8544602010,32976155,4441430,7.4247,25.82,66.86
2024.10,해저케이블(1),8544603010,49437761,4005919,12.3412,338.72,1.55
2024.10,체성분분석기,9018198000,6142465,38284,160.4447,34.86,-6.11
2024.10,인터페이스보드,9030901000,40130909,37398,1073.0763,78.94,-2.09
2024.11,라면,1902301010,117550316,30107997,3.9043,29.49,0.5
2024.11,양극재 NCM,2841909020,240681987,9986353,24.1011,-36.03,-20.3
2024.11,톡신,300249,39093389,79999,488.6735,43.49,10.32
2024.11,톡신,3002491000,35185523,40552,867.6643,39.04,7.05
2024.11,창상피복재,3005904000,6885595,75892,90.7289,28.29,-31.52
2024.11,화장품,330499,690421850,20875560,33.0732,17.85,-14.02
2024.11,기초화장품,3304991000,399223373,13232186,30.1706,16.89,-22.29
2024.11,메이크업화장품,3304992000,59962009,1177020,50.9439,11.51,-25.74
2024.11,필러,3304999000,227999251,6273654,36.3423,23.09,10.58
2024.11,마스크팩,3307904000,47171422,4225301,11.164,58.54,-11.41
2024.11,동박,7410211000,38632505,527207,73.2777,16.03,11.64
2024.11,알루미늄박,7606120000,208799100,57859490,3.6087,51.7,9.83
2024.11,레이저마커장비,8456119000,17084998,359573,47.5147,45.13,-0.58
2024.11,DRAM모듈,8473304060,1520935229,204830,7425.3538,55.4,29.52
2024.11,SIC링(2),8486902040,124017997,370614,334.6285,38.85,2.36
2024.11,SIC링(1),8486902090,109114505,367124,297.2143,-6.29,-3.72
2024.11,변압기,8504,284375937,17000255,16.7277,-4.71,-20.85
2024.11,대형변압기,8504230000,49101785,2601397,18.8752,-5.25,-53.3
2024.11,리튬1차전지,8506500000,10229839,133467,76.647,-2.81,-16.7
2024.11,리튬이온전지_ESS_proxy,850760,410027316,16851682,24.3315,-38.69,2.05
2024.11,SSD,8523511000,1146326355,188175,6091.81,197.3,61.62
2024.11,MLCC,8532240000,109894164,450445,243.968,12.5,2.24
2024.11,PCB,853400,359637415,1318173,272.8302,-13.15,-7.15
2024.11,"GDDR기판, FPCB",8534002000,162061917,277453,584.1058,-19.5,-5.37
2024.11,PCB,8534009000,194472896,1021423,190.3941,-7.72,-8.93
2024.11,소켓,8536909090,67384271,1374212,49.0348,14.1,-6.46
2024.11,태양광패널,8541430000,2023348,635486,3.1839,-94.76,-57.5
2024.11,반도체전체,8542,10423527651,1509647,6904.6126,27.69,-3.82
2024.11,DRAM,8542321010,1825067835,106942,17065.9594,36.04,-4.55
2024.11,NAND Flash,8542321030,478932127,45868,10441.5306,-16.99,8.74
2024.11,MCP,8542323000,3587681336,83333,43052.3482,78.04,3.01
2024.11,리드프레임,8542900000,33690483,436474,77.1878,29.05,1.53
2024.11,해저케이블(2),8544602010,16355645,2205072,7.4173,-41.23,-50.4
2024.11,해저케이블(1),8544603010,20354534,1540101,13.2164,74.75,-58.83
2024.11,체성분분석기,9018198000,6818176,43446,156.9345,6.96,11.0
2024.11,인터페이스보드,9030901000,44056017,41506,1061.4373,33.63,9.78
2024.12,라면,1902301010,110223665,27657073,3.9854,44.2,-6.23
2024.12,양극재 NCM,2841909020,312997637,12869078,24.3217,17.35,30.05
2024.12,톡신,300249,32164671,58109,553.5231,-77.03,-17.72
2024.12,톡신,3002491000,27670002,40273,687.0609,-22.79,-21.36
2024.12,창상피복재,3005904000,7956110,188775,42.146,217.95,15.55
2024.12,화장품,330499,660166058,22325869,29.5696,24.06,-4.38
2024.12,기초화장품,3304991000,351729363,12836018,27.4018,16.51,-11.9
2024.12,메이크업화장품,3304992000,63806394,1200652,53.1431,30.77,6.41
2024.12,필러,3304999000,242181114,8059649,30.0486,36.22,6.22
2024.12,마스크팩,3307904000,39835409,3657574,10.8912,41.43,-15.55
2024.12,동박,7410211000,49037579,630656,77.7565,54.48,26.93
2024.12,알루미늄박,7606120000,251172914,71048668,3.5352,64.53,20.29
2024.12,레이저마커장비,8456119000,21184067,520424,40.7054,-34.07,23.99
2024.12,DRAM모듈,8473304060,2359424791,285087,8276.1571,41.23,55.13
2024.12,SIC링(2),8486902040,136472897,474229,287.7785,65.93,10.04
2024.12,SIC링(1),8486902090,116158788,315704,367.9357,2.3,6.46
2024.12,변압기,8504,416490463,25584088,16.2793,17.79,46.46
2024.12,대형변압기,8504230000,119648693,6606888,18.1097,16.99,143.67
2024.12,리튬1차전지,8506500000,19850512,182015,109.0598,28.65,94.05
2024.12,리튬이온전지_ESS_proxy,850760,574203223,24441999,23.4925,-23.28,40.04
2024.12,SSD,8523511000,1251741975,210513,5946.1505,161.01,9.2
2024.12,MLCC,8532240000,106057426,446091,237.7484,13.79,-3.49
2024.12,PCB,853400,337841535,1338656,252.3737,-6.67,-6.06
2024.12,"GDDR기판, FPCB",8534002000,145560631,265257,548.7532,-16.63,-10.18
2024.12,PCB,8534009000,191341042,1065278,179.6161,2.55,-1.61
2024.12,소켓,8536909090,72617346,1412814,51.3991,41.23,7.77
2024.12,태양광패널,8541430000,2127569,637858,3.3355,-93.66,5.15
2024.12,반도체전체,8542,11672044281,1492976,7817.9718,29.63,11.98
2024.12,DRAM,8542321010,2096464352,135570,15464.0728,44.32,14.87
2024.12,NAND Flash,8542321030,612998107,42186,14530.8422,-1.68,27.99
2024.12,MCP,8542323000,4331121742,88487,48946.4186,71.63,20.72
2024.12,리드프레임,8542900000,27329609,331401,82.4669,17.15,-18.88
2024.12,해저케이블(2),8544602010,20012273,2882398,6.9429,-0.6,22.36
2024.12,해저케이블(1),8544603010,54109789,4549544,11.8935,14.0,165.84
2024.12,체성분분석기,9018198000,7161685,55771,128.4123,-9.49,5.04
2024.12,인터페이스보드,9030901000,42020963,42140,997.1752,88.16,-4.62
2025.01,라면,1902301010,107465043,26906799,3.994,25.32,-2.5
2025.01,양극재 NCM,2841909020,249902073,10849252,23.034,-38.31,-20.16
2025.01,톡신,300249,28479711,84384,337.5013,37.61,-11.46
2025.01,톡신,3002491000,26166680,29825,877.3405,35.54,-5.43
2025.01,창상피복재,3005904000,14398118,103070,139.6926,252.21,80.97
2025.01,화장품,330499,562368250,17336164,32.439,-10.47,-14.81
2025.01,기초화장품,3304991000,314778843,10672681,29.4939,-15.69,-10.51
2025.01,메이크업화장품,3304992000,55667747,1103810,50.4324,-17.58,-12.76
2025.01,필러,3304999000,190052890,5411210,35.1221,3.44,-21.52
2025.01,마스크팩,3307904000,39027727,3528319,11.0613,42.47,-2.03
2025.01,동박,7410211000,40917690,480054,85.2356,23.25,-16.56
2025.01,알루미늄박,7606120000,205346267,57597191,3.5652,-0.1,-18.25
2025.01,레이저마커장비,8456119000,7210620,224443,32.1267,-53.65,-65.96
2025.01,DRAM모듈,8473304060,1414646859,145614,9715.047,92.28,-40.04
2025.01,SIC링(2),8486902040,99661824,337365,295.4125,26.59,-26.97
2025.01,SIC링(1),8486902090,118108648,296590,398.2219,-3.77,1.68
2025.01,변압기,8504,313218812,17238795,18.1694,-0.88,-24.8
2025.01,대형변압기,8504230000,85379733,4594544,18.5829,24.8,-28.64
2025.01,리튬1차전지,8506500000,7000761,90164,77.6447,-16.32,-64.73
2025.01,리튬이온전지_ESS_proxy,850760,296028843,11820264,25.0442,-21.18,-48.45
2025.01,SSD,8523511000,638366788,143820,4438.651,27.73,-49.0
2025.01,MLCC,8532240000,103088054,425777,242.1175,-4.19,-2.8
2025.01,PCB,853400,339754661,1285609,264.2753,-17.97,0.57
2025.01,"GDDR기판, FPCB",8534002000,152343541,263285,578.626,-19.25,4.66
2025.01,PCB,8534009000,186210561,1008770,184.5917,-16.66,-2.68
2025.01,소켓,8536909090,60184976,1172067,51.3494,-10.99,-17.12
2025.01,태양광패널,8541430000,2874421,866657,3.3167,-90.97,35.1
2025.01,반도체전체,8542,8268989656,1365874,6053.9916,0.79,-29.16
2025.01,DRAM,8542321010,1836333612,125008,14689.7288,30.49,-12.41
2025.01,NAND Flash,8542321030,307270877,28242,10879.9262,-64.17,-49.87
2025.01,MCP,8542323000,2236388115,57610,38819.4431,14.08,-48.36
2025.01,리드프레임,8542900000,25471835,310250,82.101,-13.59,-6.8
2025.01,해저케이블(2),8544602010,15908271,2266391,7.0192,-54.32,-20.51
2025.01,해저케이블(1),8544603010,25547950,2628040,9.7213,225.47,-52.78
2025.01,체성분분석기,9018198000,3172164,23861,132.9435,-53.27,-55.71
2025.01,인터페이스보드,9030901000,32522004,29586,1099.2363,17.76,-22.61
2025.02,라면,1902301010,121129032,30275624,4.0009,30.38,12.71
2025.02,양극재 NCM,2841909020,291620583,12456391,23.4113,-28.83,16.69
2025.02,톡신,300249,27687459,91154,303.7438,11.49,-2.78
2025.02,톡신,3002491000,24363404,38442,633.7705,5.7,-6.89
2025.02,창상피복재,3005904000,8916298,104649,85.2019,52.08,-38.07
2025.02,화장품,330499,666166188,20769622,32.0741,21.27,18.46
2025.02,기초화장품,3304991000,383218430,13162117,29.1153,23.19,21.74
2025.02,메이크업화장품,3304992000,67917751,1254783,54.1271,19.29,22.01
2025.02,필러,3304999000,213266222,6240760,34.1731,19.85,12.21
2025.02,마스크팩,3307904000,42511031,3809709,11.1586,54.05,8.93
2025.02,동박,7410211000,39714910,515173,77.0904,48.32,-2.94
2025.02,알루미늄박,7606120000,236462701,65371209,3.6172,52.48,15.15
2025.02,레이저마커장비,8456119000,13523150,290005,46.6307,11.49,87.54
2025.02,DRAM모듈,8473304060,1087373066,135630,8017.2017,20.46,-23.13
2025.02,SIC링(2),8486902040,115133960,403961,285.0126,34.25,15.52
2025.02,SIC링(1),8486902090,106275346,273220,388.9735,-9.88,-10.02
2025.02,변압기,8504,377488093,21950978,17.1969,4.5,20.52
2025.02,대형변압기,8504230000,121877272,6405224,19.0278,38.91,42.75
2025.02,리튬1차전지,8506500000,12716600,165573,76.8036,36.54,81.65
2025.02,리튬이온전지_ESS_proxy,850760,367375799,13795166,26.6308,-16.42,24.1
2025.02,SSD,8523511000,621119815,132088,4702.3183,39.19,-2.7
2025.02,MLCC,8532240000,106176701,490811,216.3291,5.88,3.0
2025.02,PCB,853400,342994713,1304155,263.0015,-3.06,0.95
2025.02,"GDDR기판, FPCB",8534002000,150842574,277618,543.3458,-3.81,-0.99
2025.02,PCB,8534009000,189746644,1016315,186.7006,-1.78,1.9
2025.02,소켓,8536909090,65338667,1319554,49.5157,0.33,8.56
2025.02,태양광패널,8541430000,317708,162438,1.9559,-95.27,-88.95
2025.02,반도체전체,8542,8112391734,1383521,5863.5841,-5.88,-1.89
2025.02,DRAM,8542321010,1681458212,125509,13397.1127,12.74,-8.43
2025.02,NAND Flash,8542321030,294102633,46779,6287.0654,-66.92,-4.29
2025.02,MCP,8542323000,2286774946,61125,37411.4511,-0.93,2.25
2025.02,리드프레임,8542900000,25787946,320101,80.5619,1.62,1.24
2025.02,해저케이블(2),8544602010,17884851,2688584,6.6521,-25.62,12.42
2025.02,해저케이블(1),8544603010,100797780,13164253,7.6569,-13.23,294.54
2025.02,체성분분석기,9018198000,6283246,33180,189.3685,-14.02,98.07
2025.02,인터페이스보드,9030901000,46010200,53746,856.0674,71.55,41.47
2025.03,라면,1902301010,115221568,28221477,4.0828,25.77,-4.88
2025.03,양극재 NCM,2841909020,293318715,12650149,23.187,-29.92,0.58
2025.03,톡신,300249,32180384,77824,413.5021,-10.71,16.23
2025.03,톡신,3002491000,28257468,32122,879.692,-13.19,15.98
2025.03,창상피복재,3005904000,7050774,81088,86.9521,-15.59,-20.92
2025.03,화장품,330499,708805426,22002147,32.2153,22.45,6.4
2025.03,기초화장품,3304991000,406719068,13843965,29.3788,22.19,6.13
2025.03,메이크업화장품,3304992000,66371300,1284906,51.6546,21.85,-2.28
2025.03,필러,3304999000,233709700,6718061,34.7883,24.31,9.59
2025.03,마스크팩,3307904000,41672324,3661956,11.3798,21.06,-1.97
2025.03,동박,7410211000,50427235,616916,81.7408,63.32,26.97
2025.03,알루미늄박,7606120000,252419623,68539444,3.6828,50.95,6.75
2025.03,레이저마커장비,8456119000,7687615,161590,47.5748,-61.51,-43.15
2025.03,DRAM모듈,8473304060,2124984229,252036,8431.2726,26.41,95.42
2025.03,SIC링(2),8486902040,111926449,386438,289.6362,25.16,-2.79
2025.03,SIC링(1),8486902090,120429185,342507,351.6109,8.5,13.32
2025.03,변압기,8504,352467091,19690798,17.9001,-2.86,-6.63
2025.03,대형변압기,8504230000,74207032,3926801,18.8976,-36.88,-39.11
2025.03,리튬1차전지,8506500000,11749065,122989,95.5294,-5.71,-7.61
2025.03,리튬이온전지_ESS_proxy,850760,369584294,14689460,25.1598,-15.98,0.6
2025.03,SSD,8523511000,1000224176,197164,5073.0568,44.43,61.04
2025.03,MLCC,8532240000,107290237,516808,207.6017,-0.22,1.05
2025.03,PCB,853400,389173890,1436551,270.9085,4.37,13.46
2025.03,"GDDR기판, FPCB",8534002000,165414083,285031,580.3372,1.19,9.66
2025.03,PCB,8534009000,218733426,1141839,191.5624,6.73,15.28
2025.03,소켓,8536909090,72337417,1449039,49.921,9.22,10.71
2025.03,태양광패널,8541430000,1380289,547696,2.5202,-88.62,334.45
2025.03,반도체전체,8542,10455177574,1569012,6663.5421,9.11,28.88
2025.03,DRAM,8542321010,2106604276,148325,14202.6245,29.32,25.28
2025.03,NAND Flash,8542321030,526650290,65525,8037.3947,-35.54,79.07
2025.03,MCP,8542323000,3664579949,95718,38285.1705,34.24,60.25
2025.03,리드프레임,8542900000,27967135,332356,84.1481,10.63,8.45
2025.03,해저케이블(2),8544602010,32924275,3998038,8.2351,70.42,84.09
2025.03,해저케이블(1),8544603010,119649617,15590875,7.6743,11.41,18.7
2025.03,체성분분석기,9018198000,6872129,42603,161.3062,-27.85,9.37
2025.03,인터페이스보드,9030901000,40887658,41257,991.0478,70.07,-11.13
2025.04,라면,1902301010,134679235,32588319,4.1327,24.09,16.89
2025.04,양극재 NCM,2841909020,330399062,14635344,22.5754,-31.4,12.64
2025.04,톡신,300249,43821654,85791,510.7955,55.53,36.18
2025.04,톡신,3002491000,40121961,41667,962.9194,53.95,41.99
2025.04,창상피복재,3005904000,10744325,130505,82.3288,-2.31,52.39
2025.04,화장품,330499,772020349,25488415,30.2891,18.64,8.92
2025.04,기초화장품,3304991000,430788285,15928604,27.0449,9.21,5.92
2025.04,메이크업화장품,3304992000,76528890,1385141,55.2499,28.38,15.3
2025.04,필러,3304999000,262962226,7996348,32.8853,37.17,12.52
2025.04,마스크팩,3307904000,54666815,4797159,11.3957,53.55,31.18
2025.04,동박,7410211000,55393974,694716,79.7361,72.92,9.85
2025.04,알루미늄박,7606120000,263599039,72584183,3.6316,22.9,4.43
2025.04,레이저마커장비,8456119000,26757756,588288,45.4841,-2.18,248.06
2025.04,DRAM모듈,8473304060,1373420281,191111,7186.5056,48.47,-35.37
2025.04,SIC링(2),8486902040,109834728,454015,241.9187,21.59,-1.87
2025.04,SIC링(1),8486902090,109111745,291940,373.7472,-27.34,-9.4
2025.04,변압기,8504,409219316,24207555,16.9046,24.25,16.1
2025.04,대형변압기,8504230000,98488508,4607692,21.3748,64.15,32.72
2025.04,리튬1차전지,8506500000,11771426,141607,83.1274,20.26,0.19
2025.04,리튬이온전지_ESS_proxy,850760,398530882,13676498,29.1398,5.92,7.83
2025.04,SSD,8523511000,469302397,111844,4196.0445,-21.35,-53.08
2025.04,MLCC,8532240000,109315771,530976,205.877,3.86,1.89
2025.04,PCB,853400,409821625,1501365,272.966,7.42,5.31
2025.04,"GDDR기판, FPCB",8534002000,165498802,295102,560.819,-2.92,0.05
2025.04,PCB,8534009000,243238879,1197622,203.1015,17.78,11.2
2025.04,소켓,8536909090,77292212,1555315,49.6955,13.31,6.85
2025.04,태양광패널,8541430000,6844953,1954106,3.5029,187.03,395.91
2025.04,반도체전체,8542,9775948355,1590024,6148.3024,13.37,-6.5
2025.04,DRAM,8542321010,2103328275,134012,15695.0741,31.89,-0.16
2025.04,NAND Flash,8542321030,430255719,33012,13033.3127,-30.08,-18.3
2025.04,MCP,8542323000,2845754081,93216,30528.6011,31.82,-22.34
2025.04,리드프레임,8542900000,34935489,414532,84.2769,9.43,24.92
2025.04,해저케이블(2),8544602010,31643275,4017414,7.8765,18.54,-3.89
2025.04,해저케이블(1),8544603010,52634676,5971645,8.8141,52.24,-56.01
2025.04,체성분분석기,9018198000,7156886,43300,165.2861,0.09,4.14
2025.04,인터페이스보드,9030901000,33375839,29601,1127.524,10.41,-18.37
2025.05,라면,1902301010,126800362,30771351,4.1207,18.13,-5.85
2025.05,양극재 NCM,2841909020,306284282,13056372,23.4586,-23.79,-7.3
2025.05,톡신,300249,37399048,62271,600.5853,-4.51,-14.66
2025.05,톡신,3002491000,33579212,39372,852.8704,-10.26,-16.31
2025.05,창상피복재,3005904000,5147695,48725,105.6479,-48.83,-52.09
2025.05,화장품,330499,718737668,23007898,31.2387,6.61,-6.9
2025.05,기초화장품,3304991000,402088465,14122485,28.4715,2.43,-6.66
2025.05,메이크업화장품,3304992000,74360922,1372788,54.1678,-1.78,-2.83
2025.05,필러,3304999000,240015652,7405150,32.412,18.76,-8.73
2025.05,마스크팩,3307904000,47240110,4260657,11.0875,10.56,-13.59
2025.05,동박,7410211000,65679040,756842,86.7804,110.9,18.57
2025.05,알루미늄박,7606120000,217413910,63816985,3.4068,1.83,-17.52
2025.05,레이저마커장비,8456119000,3511775,115805,30.3249,-72.84,-86.88
2025.05,DRAM모듈,8473304060,1717278934,217718,7887.6296,49.77,25.04
2025.05,SIC링(2),8486902040,125868740,355730,353.8322,38.73,14.6
2025.05,SIC링(1),8486902090,97034933,229947,421.9883,-19.78,-11.07
2025.05,변압기,8504,383358415,22371061,17.1364,21.08,-6.32
2025.05,대형변압기,8504230000,102328240,4746498,21.5587,66.83,3.9
2025.05,리튬1차전지,8506500000,13485233,154513,87.2757,16.45,14.56
2025.05,리튬이온전지_ESS_proxy,850760,283756687,9986584,28.4138,-32.13,-28.8
2025.05,SSD,8523511000,904255057,184311,4906.1372,6.84,92.68
2025.05,MLCC,8532240000,113142700,532203,212.5931,5.47,3.5
2025.05,PCB,853400,374087621,1345266,278.0771,-8.63,-8.72
2025.05,"GDDR기판, FPCB",8534002000,149614531,263644,567.487,-21.71,-9.6
2025.05,PCB,8534009000,223461329,1077066,207.4723,3.08,-8.13
2025.05,소켓,8536909090,73560380,1436914,51.1933,-0.06,-4.83
2025.05,태양광패널,8541430000,5556903,1731827,3.2087,186.6,-18.82
2025.05,반도체전체,8542,11574556621,1579554,7327.7372,17.94,18.4
2025.05,DRAM,8542321010,2244898642,160112,14020.802,27.04,6.73
2025.05,NAND Flash,8542321030,561258878,42167,13310.382,-18.14,30.45
2025.05,MCP,8542323000,4006723549,112226,35702.2753,48.47,40.8
2025.05,리드프레임,8542900000,30394620,369664,82.2223,1.5,-13.0
2025.05,해저케이블(2),8544602010,31990836,4376505,7.3097,18.96,1.1
2025.05,해저케이블(1),8544603010,16983464,1573013,10.7968,-70.95,-67.73
2025.05,체성분분석기,9018198000,6377025,39247,162.4844,-10.36,-10.9
2025.05,인터페이스보드,9030901000,41442096,32933,1258.376,59.11,24.17
2025.06,라면,1902301010,126332098,29557476,4.2741,21.38,-0.37
2025.06,양극재 NCM,2841909020,347050978,14642288,23.702,-9.38,13.31
2025.06,톡신,300249,39066561,86448,451.9082,10.92,4.46
2025.06,톡신,3002491000,34900946,39968,873.2222,5.84,3.94
2025.06,창상피복재,3005904000,6672605,124073,53.7797,-43.9,29.62
2025.06,화장품,330499,692052093,22590065,30.6352,16.13,-3.71
2025.06,기초화장품,3304991000,394229700,13842733,28.4792,18.37,-1.95
2025.06,메이크업화장품,3304992000,65659313,1362312,48.197,3.56,-11.7
2025.06,필러,3304999000,229511687,7231437,31.738,16.88,-4.38
2025.06,마스크팩,3307904000,50755375,4338003,11.7002,30.91,7.44
2025.06,동박,7410211000,54851029,658011,83.3588,86.1,-16.49
2025.06,알루미늄박,7606120000,227839550,66094318,3.4472,1.42,4.8
2025.06,레이저마커장비,8456119000,3330790,107278,31.0482,-65.48,-5.15
2025.06,DRAM모듈,8473304060,2213388013,264740,8360.6105,24.77,28.89
2025.06,SIC링(2),8486902040,148999462,364964,408.258,46.16,18.38
2025.06,SIC링(1),8486902090,117182729,255211,459.1602,-16.02,20.76
2025.06,변압기,8504,482450493,27075841,17.8185,35.87,25.85
2025.06,대형변압기,8504230000,175206300,8867542,19.7582,116.03,71.22
2025.06,리튬1차전지,8506500000,14023899,163411,85.8198,8.88,3.99
2025.06,리튬이온전지_ESS_proxy,850760,353384032,13410824,26.3507,-33.16,24.54
2025.06,SSD,8523511000,1133279021,218226,5193.1439,18.02,25.33
2025.06,MLCC,8532240000,115288767,523784,220.1075,12.25,1.9
2025.06,PCB,853400,398271575,1361139,292.6017,2.23,6.46
2025.06,"GDDR기판, FPCB",8534002000,163223281,284974,572.7655,-11.42,9.1
2025.06,PCB,8534009000,233175706,1070009,217.9194,14.18,4.35
2025.06,소켓,8536909090,82071033,1696153,48.3866,11.35,11.57
2025.06,태양광패널,8541430000,3942481,1198683,3.289,-64.57,-29.05
2025.06,반도체전체,8542,12255310096,1605437,7633.6288,9.25,5.88
2025.06,DRAM,8542321010,2291729325,188467,12159.844,20.66,2.09
2025.06,NAND Flash,8542321030,620739271,55076,11270.5947,-8.43,10.6
2025.06,MCP,8542323000,4687620058,106922,43841.4925,25.26,16.99
2025.06,리드프레임,8542900000,30670285,362687,84.5641,-6.96,0.91
2025.06,해저케이블(2),8544602010,20869335,3133741,6.6596,-30.11,-34.76
2025.06,해저케이블(1),8544603010,66217785,5893147,11.2364,-10.19,289.9
2025.06,체성분분석기,9018198000,10713715,71754,149.3117,30.4,68.0
2025.06,인터페이스보드,9030901000,54097274,62209,869.6053,39.81,30.54
2025.07,라면,1902301010,131169561,32672880,4.0146,20.19,3.83
2025.07,양극재 NCM,2841909020,397307695,17402849,22.83,31.65,14.48
2025.07,톡신,300249,40430421,73948,546.7412,34.76,3.49
2025.07,톡신,3002491000,36757983,46250,794.7672,30.79,5.32
2025.07,창상피복재,3005904000,12332871,100477,122.7432,-1.52,84.83
2025.07,화장품,330499,722385957,24350478,29.6662,16.96,4.38
2025.07,기초화장품,3304991000,401556244,14679726,27.3545,9.54,1.86
2025.07,메이크업화장품,3304992000,75451752,1523985,49.5095,31.26,14.91
2025.07,필러,3304999000,242241156,8012447,30.2331,27.93,5.55
2025.07,마스크팩,3307904000,53431328,4742999,11.2653,10.55,5.27
2025.07,동박,7410211000,58178140,638948,91.053,52.74,6.07
2025.07,알루미늄박,7606120000,238893605,68177224,3.504,12.69,4.85
2025.07,레이저마커장비,8456119000,3358003,141455,23.739,-83.92,0.82
2025.07,DRAM모듈,8473304060,1906167745,234633,8124.0394,91.0,-13.88
2025.07,SIC링(2),8486902040,132021573,448575,294.3133,13.23,-11.39
2025.07,SIC링(1),8486902090,139189911,317188,438.8246,-2.74,18.78
2025.07,변압기,8504,401990560,25294688,15.8923,29.12,-16.68
2025.07,대형변압기,8504230000,89870510,4258863,21.102,130.03,-48.71
2025.07,리튬1차전지,8506500000,13975164,194067,72.0121,55.01,-0.35
2025.07,리튬이온전지_ESS_proxy,850760,337747952,13566579,24.8956,-31.2,-4.42
2025.07,SSD,8523511000,750716603,182494,4113.6509,-22.34,-33.76
2025.07,MLCC,8532240000,125056734,528590,236.5855,11.88,8.47
2025.07,PCB,853400,436456221,1532920,284.7221,1.11,9.59
2025.07,"GDDR기판, FPCB",8534002000,181509763,314221,577.65,-10.33,11.2
2025.07,PCB,8534009000,253826715,1208816,209.9796,12.49,8.86
2025.07,소켓,8536909090,87141438,1965592,44.3334,21.69,6.18
2025.07,태양광패널,8541430000,1072591,415289,2.5828,-96.55,-72.79
2025.07,반도체전체,8542,12288713721,1699754,7229.7013,26.24,0.27
2025.07,DRAM,8542321010,2387705705,160312,14894.1171,20.21,4.19
2025.07,NAND Flash,8542321030,461593203,38721,11921.0042,-13.91,-25.64
2025.07,MCP,8542323000,4194558010,99662,42087.837,40.76,-10.52
2025.07,리드프레임,8542900000,34181974,437584,78.1152,0.88,11.45
2025.07,해저케이블(2),8544602010,54214609,6746770,8.0356,104.71,159.78
2025.07,해저케이블(1),8544603010,41704626,3628836,11.4926,38.49,-37.02
2025.07,체성분분석기,9018198000,9123181,55165,165.3799,66.1,-14.85
2025.07,인터페이스보드,9030901000,49906573,54709,912.2187,38.48,-7.75
2025.08,라면,1902301010,114992928,28340605,4.0575,14.28,-12.33
2025.08,양극재 NCM,2841909020,294953281,13158393,22.4156,-8.44,-25.76
2025.08,톡신,300249,40101059,86236,465.0153,27.91,-0.81
2025.08,톡신,3002491000,36995853,43826,844.1531,24.81,0.65
2025.08,창상피복재,3005904000,4437510,37379,118.7167,-54.83,-64.02
2025.08,화장품,330499,637771835,21545961,29.6005,1.99,-11.71
2025.08,기초화장품,3304991000,354854834,13528436,26.2303,-5.22,-11.63
2025.08,메이크업화장품,3304992000,64544016,1260653,51.1989,3.91,-14.46
2025.08,필러,3304999000,216552807,6614065,32.7413,16.96,-10.6
2025.08,마스크팩,3307904000,49580452,4201928,11.7995,17.99,-7.21
2025.08,동박,7410211000,57081076,654859,87.1654,85.91,-1.89
2025.08,알루미늄박,7606120000,225994119,64664027,3.4949,8.64,-5.4
2025.08,레이저마커장비,8456119000,2304939,49354,46.7022,-79.45,-31.36
2025.08,DRAM모듈,8473304060,1987285265,234325,8480.8931,57.97,4.26
2025.08,SIC링(2),8486902040,127327188,366933,347.0039,2.68,-3.56
2025.08,SIC링(1),8486902090,138465461,253485,546.2472,38.02,-0.52
2025.08,변압기,8504,348394800,19137877,18.2045,14.08,-13.33
2025.08,대형변압기,8504230000,102704522,4924504,20.8558,87.9,14.28
2025.08,리튬1차전지,8506500000,12615707,174118,72.4549,9.95,-9.73
2025.08,리튬이온전지_ESS_proxy,850760,290262523,11322024,25.637,-40.94,-14.06
2025.08,SSD,8523511000,1030093289,233768,4406.4769,-17.23,37.21
2025.08,MLCC,8532240000,126393844,531543,237.7867,17.25,1.07
2025.08,PCB,853400,425257056,1438760,295.5719,8.67,-2.57
2025.08,"GDDR기판, FPCB",8534002000,178209914,293022,608.1793,-7.29,-1.82
2025.08,PCB,8534009000,245978463,1138789,216.0,24.3,-3.09
2025.08,소켓,8536909090,81318816,1749515,46.4808,16.48,-6.68
2025.08,태양광패널,8541430000,6659535,1888489,3.5264,-42.78,520.88
2025.08,반도체전체,8542,12615814759,1653472,7629.8932,24.5,2.66
2025.08,DRAM,8542321010,2615929305,147994,17675.9146,42.18,9.56
2025.08,NAND Flash,8542321030,645465853,43917,14697.4031,66.35,39.83
2025.08,MCP,8542323000,4603682383,104348,44118.5493,37.54,9.75
2025.08,리드프레임,8542900000,31618850,417531,75.7281,-4.38,-7.5
2025.08,해저케이블(2),8544602010,25524180,3319750,7.6886,64.08,-52.92
2025.08,해저케이블(1),8544603010,65837292,7559831,8.7088,310.95,57.87
2025.08,체성분분석기,9018198000,4130757,28752,143.6685,-42.56,-54.72
2025.08,인터페이스보드,9030901000,49174813,48054,1023.324,35.78,-1.47
2025.09,라면,1902301010,147207178,36544365,4.0282,41.99,28.01
2025.09,양극재 NCM,2841909020,307288320,13901495,22.1047,0.5,4.18
2025.09,톡신,300249,44175376,101564,434.9511,20.33,10.16
2025.09,톡신,3002491000,41296860,64125,644.0056,19.75,11.63
2025.09,창상피복재,3005904000,7566361,138502,54.63,-29.19,70.51
2025.09,화장품,330499,853082225,28889124,29.5295,21.33,33.76
2025.09,기초화장품,3304991000,462874391,17638749,26.2419,14.91,30.44
2025.09,메이크업화장품,3304992000,87276903,1400985,62.2968,20.55,35.22
2025.09,필러,3304999000,300341091,9699892,30.9633,33.46,38.69
2025.09,마스크팩,3307904000,67825838,5590091,12.1332,56.29,36.8
2025.09,동박,7410211000,66905152,768960,87.0073,122.74,17.21
2025.09,알루미늄박,7606120000,254390283,71921996,3.537,24.74,12.57
2025.09,레이저마커장비,8456119000,5055413,102412,49.3635,-69.56,119.33
2025.09,DRAM모듈,8473304060,2445381041,271239,9015.5953,36.36,23.05
2025.09,SIC링(2),8486902040,108880053,456330,238.5994,-8.73,-14.49
2025.09,SIC링(1),8486902090,149006302,293168,508.2625,60.5,7.61
2025.09,변압기,8504,379420273,23027804,16.4766,7.04,8.91
2025.09,대형변압기,8504230000,108871439,5365045,20.2927,6.24,6.0
2025.09,리튬1차전지,8506500000,15624515,188803,82.7557,47.01,23.85
2025.09,리튬이온전지_ESS_proxy,850760,369050330,14616014,25.2497,-21.65,27.14
2025.09,SSD,8523511000,1067841333,262553,4067.1458,-14.03,3.66
2025.09,MLCC,8532240000,133452444,567555,235.1357,24.53,5.58
2025.09,PCB,853400,428570864,1515321,282.8251,20.96,0.78
2025.09,"GDDR기판, FPCB",8534002000,192321606,335960,572.4539,19.59,7.92
2025.09,PCB,8534009000,233085979,1153351,202.0946,22.89,-5.24
2025.09,소켓,8536909090,91564913,2022827,45.2658,31.69,12.6
2025.09,태양광패널,8541430000,2823349,745262,3.7884,-53.95,-57.6
2025.09,반도체전체,8542,13623717419,1765395,7717.093,20.28,7.99
2025.09,DRAM,8542321010,2654060655,159930,16595.1395,40.55,1.46
2025.09,NAND Flash,8542321030,706729598,54374,12997.565,12.74,9.49
2025.09,MCP,8542323000,5233972132,126526,41366.7715,37.64,13.69
2025.09,리드프레임,8542900000,36287995,418078,86.7972,9.42,14.77
2025.09,해저케이블(2),8544602010,40889669,5749667,7.1117,106.9,60.2
2025.09,해저케이블(1),8544603010,50257117,5001046,10.0493,3.23,-23.66
2025.09,체성분분석기,9018198000,7634152,48392,157.7565,16.69,84.81
2025.09,인터페이스보드,9030901000,51763630,43701,1184.4953,26.29,5.26
2025.10,라면,1902301010,130226014,32660120,3.9873,11.34,-11.54
2025.10,양극재 NCM,2841909020,207915976,9387041,22.1493,-31.15,-32.34
2025.10,톡신,300249,46563411,90724,513.2425,31.4,5.41
2025.10,톡신,3002491000,41659106,42619,977.4773,26.75,0.88
2025.10,창상피복재,3005904000,7966531,75839,105.0453,-20.77,5.29
2025.10,화장품,330499,677275778,22189074,30.5229,-15.66,-20.61
2025.10,기초화장품,3304991000,375367903,13690514,27.4181,-26.93,-18.91
2025.10,메이크업화장품,3304992000,70075144,1203495,58.2264,-13.22,-19.71
2025.10,필러,3304999000,229881771,7158180,32.1146,11.49,-23.46
2025.10,마스크팩,3307904000,51743157,3827184,13.5199,-2.82,-23.71
2025.10,동박,7410211000,68888061,774301,88.9681,99.08,2.96
2025.10,알루미늄박,7606120000,213328707,59915896,3.5605,12.21,-16.14
2025.10,레이저마커장비,8456119000,13574973,262369,51.74,-21.0,168.52
2025.10,DRAM모듈,8473304060,2001900931,202456,9888.079,70.48,-18.14
2025.10,SIC링(2),8486902040,114451595,320255,357.3765,-5.54,5.12
2025.10,SIC링(1),8486902090,140134809,251718,556.7135,23.65,-5.95
2025.10,변압기,8504,292754827,16172333,18.1022,-18.52,-22.84
2025.10,대형변압기,8504230000,79520419,4042466,19.6713,-24.36,-26.96
2025.10,리튬1차전지,8506500000,9205727,137540,66.9313,-25.04,-41.08
2025.10,리튬이온전지_ESS_proxy,850760,332392107,14117530,23.5446,-17.27,-9.93
2025.10,SSD,8523511000,822571757,193505,4250.907,15.98,-22.97
2025.10,MLCC,8532240000,123407719,535855,230.3006,14.81,-7.53
2025.10,PCB,853400,445455394,1397684,318.7097,15.01,3.94
2025.10,"GDDR기판, FPCB",8534002000,205998741,333350,617.9653,20.29,7.11
2025.10,PCB,8534009000,237222192,1042608,227.5277,11.09,1.77
2025.10,소켓,8536909090,65999106,1315853,50.1569,-8.38,-27.92
2025.10,태양광패널,8541430000,8703590,2549549,3.4138,82.8,208.27
2025.10,반도체전체,8542,13175851662,1592108,8275.7273,21.57,-3.29
2025.10,DRAM,8542321010,2855276459,137893,20706.4641,49.33,7.58
2025.10,NAND Flash,8542321030,672927526,37913,17749.2556,52.79,-4.78
2025.10,MCP,8542323000,4718248739,106390,44348.6111,35.47,-9.85
2025.10,리드프레임,8542900000,31567852,367669,85.8594,-4.86,-13.01
2025.10,해저케이블(2),8544602010,49983227,4589570,10.8906,51.57,22.24
2025.10,해저케이블(1),8544603010,39617147,4150313,9.5456,-19.86,-21.17
2025.10,체성분분석기,9018198000,5598986,32755,170.9353,-8.85,-26.66
2025.10,인터페이스보드,9030901000,56177552,31729,1770.5428,39.99,8.53
2025.11,라면,1902301010,125974591,31915545,3.9471,7.17,-3.26
2025.11,양극재 NCM,2841909020,224168956,9988650,22.4424,-6.86,7.82
2025.11,톡신,300249,34583030,80545,429.3628,-11.54,-25.73
2025.11,톡신,3002491000,31253910,50884,614.2188,-11.17,-24.98
2025.11,창상피복재,3005904000,5419747,94653,57.2591,-21.29,-31.97
2025.11,화장품,330499,698428323,22607630,30.8935,1.16,3.12
2025.11,기초화장품,3304991000,390952741,13861440,28.2043,-2.07,4.15
2025.11,메이크업화장품,3304992000,54727511,1170367,46.761,-8.73,-21.9
2025.11,필러,3304999000,250997817,7439926,33.7366,10.09,9.19
2025.11,마스크팩,3307904000,56480891,4284462,13.1827,19.74,9.16
2025.11,동박,7410211000,64706079,730105,88.6257,67.49,-6.07
2025.11,알루미늄박,7606120000,191866489,52134703,3.6802,-8.11,-10.06
2025.11,레이저마커장비,8456119000,6531153,283686,23.0225,-61.77,-51.89
2025.11,DRAM모듈,8473304060,2618085597,221535,11817.9321,72.14,30.78
2025.11,SIC링(2),8486902040,123871048,334529,370.2849,-0.12,8.23
2025.11,SIC링(1),8486902090,132133510,231527,570.7045,21.1,-5.71
2025.11,변압기,8504,382443539,22991441,16.6342,34.49,30.64
2025.11,대형변압기,8504230000,128475371,6135691,20.939,161.65,61.56
2025.11,리튬1차전지,8506500000,12429846,162972,76.2698,21.51,35.02
2025.11,리튬이온전지_ESS_proxy,850760,434965870,16748446,25.9705,6.08,30.86
2025.11,SSD,8523511000,1202490497,226819,5301.5422,4.9,46.19
2025.11,MLCC,8532240000,121340725,523981,231.5747,10.42,-1.67
2025.11,PCB,853400,425844308,1393875,305.5111,18.41,-4.4
2025.11,"GDDR기판, FPCB",8534002000,183581554,300134,611.6653,13.28,-10.88
2025.11,PCB,8534009000,239200245,1064529,224.7005,23.0,0.83
2025.11,소켓,8536909090,78615562,1506259,52.1926,16.67,19.12
2025.11,태양광패널,8541430000,7283768,2098512,3.4709,259.99,-16.31
2025.11,반도체전체,8542,13954468154,1532418,9106.1761,33.87,5.91
2025.11,DRAM,8542321010,3604209656,148522,24267.177,97.48,26.23
2025.11,NAND Flash,8542321030,1101251822,40810,26984.8523,129.94,63.65
2025.11,MCP,8542323000,4675185540,92773,50393.8165,30.31,-0.91
2025.11,리드프레임,8542900000,29966662,360983,83.0141,-11.05,-5.07
2025.11,해저케이블(2),8544602010,35212860,4248737,8.2878,115.29,-29.55
2025.11,해저케이블(1),8544603010,59758157,5426340,11.0126,193.59,50.84
2025.11,체성분분석기,9018198000,6404846,37116,172.5629,-6.06,14.39
2025.11,인터페이스보드,9030901000,53987250,44958,1200.8374,22.54,-3.9
2025.12,라면,1902301010,139657524,33857984,4.1248,26.7,10.86
2025.12,양극재 NCM,2841909020,240475317,10955758,21.9497,-23.17,7.27
2025.12,톡신,300249,48673923,88253,551.5271,51.33,40.75
2025.12,톡신,3002491000,44850115,54735,819.4047,62.09,43.5
2025.12,창상피복재,3005904000,5725698,91115,62.8403,-28.03,5.65
2025.12,화장품,330499,812418829,25502774,31.8561,23.06,16.32
2025.12,기초화장품,3304991000,441223742,15670785,28.1558,25.44,12.86
2025.12,메이크업화장품,3304992000,71557390,1355610,52.7861,12.15,30.75
2025.12,필러,3304999000,297378452,8316984,35.7556,22.79,18.48
2025.12,마스크팩,3307904000,53247243,4467975,11.9175,33.67,-5.73
2025.12,동박,7410211000,59865541,697793,85.7927,22.08,-7.48
2025.12,알루미늄박,7606120000,265298817,71379180,3.7168,5.62,38.27
2025.12,레이저마커장비,8456119000,19716727,427116,46.1625,-6.93,201.89
2025.12,DRAM모듈,8473304060,3489825803,257529,13551.1954,47.91,33.3
2025.12,SIC링(2),8486902040,120716411,392368,307.6612,-11.55,-2.55
2025.12,SIC링(1),8486902090,179703855,342338,524.9311,54.71,36.0
2025.12,변압기,8504,408051545,27107561,15.0531,-2.03,6.7
2025.12,대형변압기,8504230000,130621717,8750734,14.9269,9.17,1.67
2025.12,리튬1차전지,8506500000,18167972,189242,96.0039,-8.48,46.16
2025.12,리튬이온전지_ESS_proxy,850760,453254790,18630925,24.3281,-21.06,4.2
2025.12,SSD,8523511000,1792674370,263710,6797.9006,43.21,49.08
2025.12,MLCC,8532240000,118093548,554893,212.8222,11.35,-2.68
2025.12,PCB,853400,460537045,1458598,315.7395,36.32,8.15
2025.12,"GDDR기판, FPCB",8534002000,202275656,339095,596.5162,38.96,10.18
2025.12,PCB,8534009000,255960805,1100248,232.6392,33.77,7.01
2025.12,소켓,8536909090,85247794,1679395,50.761,17.39,8.44
2025.12,태양광패널,8541430000,3559085,1446896,2.4598,67.28,-51.14
2025.12,반도체전체,8542,16726109703,1645442,10165.1165,43.3,19.86
2025.12,DRAM,8542321010,4156349480,175192,23724.5392,98.26,15.32
2025.12,NAND Flash,8542321030,1275594726,44990,28352.8501,108.09,15.83
2025.12,MCP,8542323000,6161489897,104666,58868.1128,42.26,31.79
2025.12,리드프레임,8542900000,27667569,335560,82.4519,1.24,-7.67
2025.12,해저케이블(2),8544602010,26551896,3804003,6.98,32.68,-24.6
2025.12,해저케이블(1),8544603010,72813449,5910861,12.3186,34.57,21.85
2025.12,체성분분석기,9018198000,8495053,50482,168.2789,18.62,32.63
2025.12,인터페이스보드,9030901000,45278892,36929,1226.1066,7.75,-16.13
2026.01,라면,1902301010,129673674,31427065,4.1262,20.67,-7.15
2026.01,양극재 NCM,2841909020,183924551,8183476,22.4751,-26.4,-23.52
2026.01,톡신,300249,37967769,85595,443.5746,33.32,-22.0
2026.01,톡신,3002491000,34334424,55866,614.5853,31.21,-23.45
2026.01,창상피복재,3005904000,7565098,49720,152.154,-47.46,32.13
2026.01,화장품,330499,775332040,24660651,31.44,37.87,-4.56
2026.01,기초화장품,3304991000,425428067,14707492,28.9259,35.15,-3.58
2026.01,메이크업화장품,3304992000,59186275,1070646,55.2809,6.32,-17.29
2026.01,필러,3304999000,289352844,8759809,33.0319,52.25,-2.7
2026.01,마스크팩,3307904000,56537389,4081539,13.852,44.86,6.18
2026.01,동박,7410211000,70928175,853548,83.0981,73.34,18.48
2026.01,알루미늄박,7606120000,269131919,71864722,3.745,31.06,1.44
2026.01,레이저마커장비,8456119000,24479828,558478,43.8331,239.5,24.16
2026.01,DRAM모듈,8473304060,3607946301,166495,21669.9979,155.04,3.38
2026.01,SIC링(2),8486902040,146831224,539387,272.2187,47.33,21.63
2026.01,SIC링(1),8486902090,128811330,343811,374.6574,9.06,-28.32
2026.01,변압기,8504,366724145,20218857,18.1377,17.08,-10.13
2026.01,대형변압기,8504230000,122901897,5629805,21.8306,43.95,-5.91
2026.01,리튬1차전지,8506500000,11871204,166466,71.3131,69.57,-34.66
2026.01,리튬이온전지_ESS_proxy,850760,297511635,11303638,26.32,0.5,-34.36
2026.01,SSD,8523511000,1364495486,205372,6644.0191,113.75,-23.88
2026.01,MLCC,8532240000,119254373,548686,217.3454,15.68,0.98
2026.01,PCB,853400,451867794,1454296,310.7124,33.0,-1.88
2026.01,"GDDR기판, FPCB",8534002000,183205494,333196,549.843,20.26,-9.43
2026.01,PCB,8534009000,266646866,1110757,240.0587,43.2,4.17
2026.01,소켓,8536909090,91033877,1817432,50.0893,51.26,6.79
2026.01,태양광패널,8541430000,7527154,2033617,3.7014,161.87,111.49
2026.01,반도체전체,8542,16403458697,1662360,9867.573,98.37,-1.93
2026.01,DRAM,8542321010,5059378865,142420,35524.3566,175.52,21.73
2026.01,NAND Flash,8542321030,1434956451,43577,32929.2161,367.0,12.49
2026.01,MCP,8542323000,4883414037,87596,55749.2812,118.36,-20.74
2026.01,리드프레임,8542900000,37544902,397766,94.3894,47.4,35.7
2026.01,해저케이블(2),8544602010,26223285,3712988,7.0626,64.84,-1.24
2026.01,해저케이블(1),8544603010,62860613,5545417,11.3356,146.05,-13.67
2026.01,체성분분석기,9018198000,5187060,28417,182.5337,63.52,-38.94
2026.01,인터페이스보드,9030901000,57394766,49724,1154.2669,76.48,26.76
2026.02,라면,1902301010,140139688,33652737,4.1643,15.69,8.07
2026.02,양극재 NCM,2841909020,240611224,10495893,22.9243,-17.49,30.82
2026.02,톡신,300249,42308495,60198,702.8223,52.81,11.43
2026.02,톡신,3002491000,40029420,43565,918.8436,64.3,16.59
2026.02,창상피복재,3005904000,6753578,84861,79.584,-24.26,-10.73
2026.02,화장품,330499,694415041,21725398,31.9633,4.24,-10.44
2026.02,기초화장품,3304991000,383690814,12957530,29.6114,0.12,-9.81
2026.02,메이크업화장품,3304992000,57349361,1134965,50.5296,-15.56,-3.1
2026.02,필러,3304999000,251497210,7515034,33.4659,17.93,-13.08
2026.02,마스크팩,3307904000,41434005,3541205,11.7005,-2.53,-26.71
2026.02,동박,7410211000,63159904,673662,93.7561,59.03,-10.95
2026.02,알루미늄박,7606120000,260790037,64565953,4.0391,10.29,-3.1
2026.02,레이저마커장비,8456119000,2210671,62683,35.2675,-83.65,-90.97
2026.02,DRAM모듈,8473304060,5206457863,192453,27053.1395,378.81,44.31
2026.02,SIC링(2),8486902040,129113968,489473,263.7816,12.14,-12.07
2026.02,SIC링(1),8486902090,176868390,271665,651.0533,66.42,37.31
2026.02,변압기,8504,319475466,17531957,18.2225,-15.37,-12.88
2026.02,대형변압기,8504230000,110692274,5370474,20.6113,-9.18,-9.93
2026.02,리튬1차전지,8506500000,10477348,157038,66.7186,-17.61,-11.74
2026.02,리튬이온전지_ESS_proxy,850760,365989011,13866532,26.3937,-0.38,23.02
2026.02,SSD,8523511000,2416623152,217465,11112.6993,289.08,77.11
2026.02,MLCC,8532240000,107154302,485145,220.8707,0.92,-10.15
2026.02,PCB,853400,377686828,1276998,295.7615,10.11,-16.42
2026.02,"GDDR기판, FPCB",8534002000,150182811,272942,550.2371,-0.44,-18.02
2026.02,PCB,8534009000,225712436,993929,227.0911,18.95,-15.35
2026.02,소켓,8536909090,70119874,1472934,47.6056,7.32,-22.97
2026.02,태양광패널,8541430000,6060782,1855749,3.2659,1807.66,-19.48
2026.02,반도체전체,8542,19449479440,1472898,13204.9059,139.75,18.57
2026.02,DRAM,8542321010,6490777059,134749,48169.3895,286.02,28.29
2026.02,NAND Flash,8542321030,1406223535,37497,37502.2945,378.14,-2.0
2026.02,MCP,8542323000,6748826215,92874,72666.4752,195.12,38.2
2026.02,리드프레임,8542900000,31162519,332499,93.7221,20.84,-17.0
2026.02,해저케이블(2),8544602010,20255778,2976943,6.8042,13.26,-22.76
2026.02,해저케이블(1),8544603010,60650945,6546105,9.2652,-39.83,-3.52
2026.02,체성분분석기,9018198000,7962502,46471,171.3435,26.73,53.51
2026.02,인터페이스보드,9030901000,49115651,37575,1307.1364,6.75,-14.42
2026.03,라면,1902301010,164678235,39753243,4.1425,42.92,17.51
2026.03,양극재 NCM,2841909020,307886594,13270432,23.2009,4.97,27.96
2026.03,톡신,300249,47072735,73198,643.0877,46.28,11.26
2026.03,톡신,3002491000,43413884,49375,879.2685,53.64,8.45
2026.03,창상피복재,3005904000,9912623,105958,93.5524,40.59,46.78
2026.03,화장품,330499,897296361,27673851,32.424,26.59,29.22
2026.03,기초화장품,3304991000,499375357,17058942,29.2735,22.78,30.15
2026.03,메이크업화장품,3304992000,71443155,1333039,53.5942,7.64,24.58
2026.03,필러,3304999000,324192981,9111991,35.5787,38.72,28.91
2026.03,마스크팩,3307904000,60457560,4543131,13.3075,45.08,45.91
2026.03,동박,7410211000,65267425,713311,91.4993,29.43,3.34
2026.03,알루미늄박,7606120000,303160400,74627561,4.0623,20.1,16.25
2026.03,레이저마커장비,8456119000,11211129,334437,33.5224,45.83,407.14
2026.03,DRAM모듈,8473304060,7410386814,214200,34595.6434,248.73,42.33
2026.03,SIC링(2),8486902040,181048840,620001,292.0138,61.76,40.22
2026.03,SIC링(1),8486902090,136172584,360309,377.9328,13.07,-23.01
2026.03,변압기,8504,405851011,21893799,18.5373,15.15,27.04
2026.03,대형변압기,8504230000,132107267,6361706,20.766,78.03,19.35
2026.03,리튬1차전지,8506500000,16657594,198027,84.1178,41.78,58.99
2026.03,리튬이온전지_ESS_proxy,850760,544086504,20578555,26.4395,47.22,48.66
2026.03,SSD,8523511000,3189531184,252535,12630.056,218.88,31.98
2026.03,MLCC,8532240000,122077511,579923,210.5064,13.78,13.93
2026.03,PCB,853400,441377259,1425132,309.7097,13.41,16.86
2026.03,"GDDR기판, FPCB",8534002000,175657475,312035,562.9416,6.19,16.96
2026.03,PCB,8534009000,264237243,1101908,239.7997,20.8,17.07
2026.03,소켓,8536909090,93377505,2050300,45.5433,29.09,33.17
2026.03,태양광패널,8541430000,6804664,1959925,3.4719,392.99,12.27
2026.03,반도체전체,8542,24904816868,1769885,14071.4323,138.21,28.05
2026.03,DRAM,8542321010,8012443877,145289,55148.3173,280.35,23.44
2026.03,NAND Flash,8542321030,2544596946,55480,45865.1216,383.17,80.95
2026.03,MCP,8542323000,8577241499,134548,63748.5618,134.06,27.09
2026.03,리드프레임,8542900000,39649543,416089,95.291,41.77,27.23
2026.03,해저케이블(2),8544602010,44269057,5384285,8.2219,34.46,118.55
2026.03,해저케이블(1),8544603010,88356309,8828940,10.0076,-26.15,45.68
2026.03,체성분분석기,9018198000,8645130,50045,172.7471,25.8,8.57
2026.03,인터페이스보드,9030901000,74661194,65704,1136.3265,82.6,52.01
2026.04,라면,1902301010,182078146,43521445,4.1836,35.19,10.57
2026.04,양극재 NCM,2841909020,359717792,14750578,24.3867,8.87,16.83
2026.04,톡신,300249,52979291,88659,597.5625,20.9,12.55
2026.04,톡신,3002491000,49567731,66077,750.1511,23.54,14.17
2026.04,창상피복재,3005904000,13190420,136622,96.5468,22.77,33.07
2026.04,화장품,330499,1014671507,32220526,31.4915,31.43,13.08
2026.04,기초화장품,3304991000,562650535,19584165,28.7299,30.61,12.67
2026.04,메이크업화장품,3304992000,82792393,1560619,53.051,8.18,15.89
2026.04,필러,3304999000,367416017,10954038,33.5416,39.72,13.33
2026.04,마스크팩,3307904000,81470393,5172909,15.7494,49.03,34.76
2026.04,동박,7410211000,67726190,781510,86.6607,22.26,3.77
2026.04,알루미늄박,7606120000,334971666,76004232,4.4073,27.08,10.49
2026.04,레이저마커장비,8456119000,7757252,117175,66.2023,-71.01,-30.81
2026.04,DRAM모듈,8473304060,6143825508,144993,42373.256,347.34,-17.09
2026.04,SIC링(2),8486902040,123504263,495226,249.3897,12.45,-31.78
2026.04,SIC링(1),8486902090,176575736,344307,512.8439,61.83,29.67
2026.04,변압기,8504,405469890,23686326,17.1183,-0.92,-0.09
2026.04,대형변압기,8504230000,139379820,7187624,19.3916,41.52,5.51
2026.04,리튬1차전지,8506500000,11961725,170067,70.3354,1.62,-28.19
2026.04,리튬이온전지_ESS_proxy,850760,363752943,12388780,29.3615,-8.73,-33.14
2026.04,SSD,8523511000,3833102251,200108,19155.1675,716.77,20.18
2026.04,MLCC,8532240000,105392535,547249,192.5861,-3.59,-13.67
2026.04,PCB,853400,434701094,1513565,287.2035,6.07,-1.51
2026.04,"GDDR기판, FPCB",8534002000,167294186,300513,556.6953,1.08,-4.76
2026.04,PCB,8534009000,262991567,1186298,221.691,8.12,-0.47
2026.04,소켓,8536909090,97378991,1973842,49.3347,25.99,4.29
2026.04,태양광패널,8541430000,11997870,3299448,3.6363,75.28,76.32
2026.04,반도체전체,8542,25237330462,1746768,14448.0151,158.16,1.34
2026.04,DRAM,8542321010,9248046034,139113,66478.6615,339.69,15.42
2026.04,NAND Flash,8542321030,1673744099,36438,45934.0276,289.01,-34.22
2026.04,MCP,8542323000,8157215096,112173,72719.9513,186.65,-4.9
2026.04,리드프레임,8542900000,40329157,448343,89.9516,15.44,1.71
2026.04,해저케이블(2),8544602010,28731405,4121943,6.9704,-9.2,-35.1
2026.04,해저케이블(1),8544603010,37818955,3183515,11.8796,-28.15,-57.2
2026.04,체성분분석기,9018198000,8050697,46642,172.6062,12.49,-6.88
2026.04,인터페이스보드,9030901000,59650547,74773,797.7552,78.72,-20.11
2026.05,라면,1902301010,153481600,36029119,4.2599,21.04,-15.71
2026.05,양극재 NCM,2841909020,340746533,13576129,25.0989,11.25,-5.27
2026.05,톡신,300249,52168051,78589,663.8086,39.49,-1.53
2026.05,톡신,3002491000,48719450,48349,1007.662,45.09,-1.71
2026.05,창상피복재,3005904000,11325976,130357,86.8843,120.02,-14.13
2026.05,화장품,330499,916856208,27899522,32.8628,27.56,-9.64
2026.05,기초화장품,3304991000,509929495,16617573,30.6862,26.82,-9.37
2026.05,메이크업화장품,3304992000,70213359,1316104,53.3494,-5.58,-15.19
2026.05,필러,3304999000,334718563,9810194,34.1195,39.46,-8.9
2026.05,마스크팩,3307904000,46600646,3919293,11.8901,-1.35,-42.8
2026.05,동박,7410211000,74625057,801653,93.089,13.62,10.19
2026.05,알루미늄박,7606120000,341108063,72548056,4.7018,56.89,1.83
2026.05,레이저마커장비,8456119000,4020044,118894,33.812,14.47,-48.18
2026.05,DRAM모듈,8473304060,7185979307,157680,45573.1818,318.45,16.96
2026.05,SIC링(2),8486902040,129712336,363988,356.3643,3.05,5.03
2026.05,SIC링(1),8486902090,128839395,306894,419.8172,32.78,-27.03
2026.05,변압기,8504,356832938,19004210,18.7765,-6.92,-12.0
2026.05,대형변압기,8504230000,127610927,5867316,21.7495,24.71,-8.44
2026.05,리튬1차전지,8506500000,14771334,155211,95.1694,9.54,23.49
2026.05,리튬이온전지_ESS_proxy,850760,432376154,16630802,25.9985,52.38,18.87
2026.05,SSD,8523511000,3962002029,175831,22533.012,338.15,3.36
2026.05,MLCC,8532240000,129496735,603521,214.5687,14.45,22.87
2026.05,PCB,853400,417001998,1363794,305.7661,11.47,-4.07
2026.05,"GDDR기판, FPCB",8534002000,158618042,272389,582.3218,6.02,-5.19
2026.05,PCB,8534009000,256614512,1074525,238.8167,14.84,-2.42
2026.05,소켓,8536909090,91223134,1941747,46.9799,24.01,-6.32
2026.05,태양광패널,8541430000,3309691,823517,4.019,-40.44,-72.41
2026.05,반도체전체,8542,29433799312,1638541,17963.4195,154.3,16.63
2026.05,DRAM,8542321010,11428371245,147350,77559.3569,409.08,23.58
2026.05,NAND Flash,8542321030,1721738700,30337,56753.7561,206.76,2.87
2026.05,MCP,8542323000,9621557514,114827,83791.7695,140.14,17.95
2026.05,리드프레임,8542900000,36157308,370463,97.6003,18.96,-10.34
2026.05,해저케이블(2),8544602010,29246029,3947294,7.4091,-8.58,1.79
2026.05,해저케이블(1),8544603010,38487590,3346157,11.502,126.62,1.77
2026.05,체성분분석기,9018198000,9139027,50663,180.3886,43.31,13.52
2026.05,인터페이스보드,9030901000,65206682,54890,1187.9519,57.34,9.31
2026.06,라면,1902301010,165225641,39233134,4.2114,30.79,7.65
2026.06,양극재 NCM,2841909020,383727833,14025837,27.3586,10.57,12.61
2026.06,톡신,300249,63138874,106671,591.9029,61.62,21.03
2026.06,톡신,3002491000,59206724,68694,861.8908,69.64,21.53
2026.06,창상피복재,3005904000,8788929,67159,130.8675,31.72,-22.4
2026.06,화장품,330499,1011221620,31320882,32.2859,46.12,10.29
2026.06,기초화장품,3304991000,555149989,18703474,29.6817,40.82,8.87
2026.06,메이크업화장품,3304992000,75016808,1412793,53.0982,14.25,6.84
2026.06,필러,3304999000,378746440,11022495,34.3612,65.02,13.15
2026.06,마스크팩,3307904000,66838360,5107945,13.0852,31.69,43.43
2026.06,동박,7410211000,86235267,919948,93.7393,57.22,15.56
2026.06,알루미늄박,7606120000,362634314,76134293,4.7631,59.16,6.31
2026.06,레이저마커장비,8456119000,5775867,106269,54.3514,73.41,43.68
2026.06,DRAM모듈,8473304060,10670485218,216193,49356.2938,382.09,48.49
2026.06,SIC링(2),8486902040,151104582,567068,266.4664,1.41,16.49
2026.06,SIC링(1),8486902090,194370566,352365,551.6171,65.87,50.86
2026.06,변압기,8504,340627169,20552214,16.5737,-29.4,-4.54
2026.06,대형변압기,8504230000,69046019,3739852,18.4622,-60.59,-45.89
2026.06,리튬1차전지,8506500000,13248312,142554,92.9354,-5.53,-10.31
2026.06,리튬이온전지_ESS_proxy,850760,382681076,12104642,31.6144,8.29,-11.49
2026.06,SSD,8523511000,5156249189,242779,21238.4481,354.98,30.14
2026.06,MLCC,8532240000,150593515,731951,205.7426,30.62,16.29
2026.06,PCB,853400,461013456,1420651,324.5086,15.75,10.55
2026.06,"GDDR기판, FPCB",8534002000,166545874,295237,564.1091,2.04,5.0
2026.06,PCB,8534009000,292433736,1107364,264.0809,25.41,13.96
2026.06,소켓,8536909090,99191389,2069117,47.939,20.86,8.73
2026.06,태양광패널,8541430000,1816354,504784,3.5983,-53.93,-45.12
2026.06,반도체전체,8542,33564192451,1741633,19271.6792,173.87,14.03
2026.06,DRAM,8542321010,11175623231,149633,74686.8888,387.65,-2.21
2026.06,NAND Flash,8542321030,2486161310,40030,62107.4522,300.52,44.4
2026.06,MCP,8542323000,12682181416,134717,94139.4287,170.55,31.81
2026.06,리드프레임,8542900000,48194253,341505,141.1231,57.14,33.29
2026.06,해저케이블(2),8544602010,40677866,5408826,7.5206,94.92,39.09
2026.06,해저케이블(1),8544603010,94886717,8257950,11.4903,43.29,146.54
2026.06,체성분분석기,9018198000,9414376,53692,175.3404,-12.13,3.01
2026.06,인터페이스보드,9030901000,82489114,103680,795.6126,52.48,26.5
2026.07,라면,1902301010,151043036,36306781,4.1602,15.15,-8.58
2026.07,양극재 NCM,2841909020,402849067,14313634,28.1444,1.39,4.98
2026.07,톡신,300249,65768025,78955,832.9811,62.67,4.16
2026.07,톡신,3002491000,62783811,61583,1019.4991,70.8,6.04
2026.07,창상피복재,3005904000,11942420,110765,107.8176,-3.17,35.88
2026.07,화장품,330499,1025170495,32060338,31.9763,41.91,1.38
2026.07,기초화장품,3304991000,527127585,18606190,28.3308,31.27,-5.05
2026.07,메이크업화장품,3304992000,72551674,1411318,51.407,-3.84,-3.29
2026.07,필러,3304999000,422493022,11792972,35.8258,74.41,11.55
2026.07,마스크팩,3307904000,60846076,4536050,13.4139,13.88,-8.97
2026.07,동박,7410211000,89391914,915294,97.6647,53.65,3.66
2026.07,알루미늄박,7606120000,324178140,70551961,4.5949,35.7,-10.6
2026.07,레이저마커장비,8456119000,2301282,57355,40.1235,-31.47,-60.16
2026.07,DRAM모듈,8473304060,7674208820,156465,49047.4472,302.6,-28.08
2026.07,SIC링(2),8486902040,160039181,654150,244.6521,21.22,5.91
2026.07,SIC링(1),8486902090,187315401,416125,450.1421,34.58,-3.63
2026.07,변압기,8504,399018067,23051650,17.3097,-0.74,17.14
2026.07,대형변압기,8504230000,120852171,5590506,21.6174,34.47,75.03
2026.07,리튬1차전지,8506500000,15884259,184719,85.9915,13.66,19.9
2026.07,리튬이온전지_ESS_proxy,850760,364079313,11561183,31.4915,7.8,-4.86
2026.07,SSD,8523511000,4510121060,178371,25285.0579,500.78,-12.53
2026.07,MLCC,8532240000,154755703,725226,213.3896,23.75,2.76
2026.07,PCB,853400,490154641,1554122,315.3901,12.3,6.32
2026.07,"GDDR기판, FPCB",8534002000,180869398,305312,592.4084,-0.35,8.6
2026.07,PCB,8534009000,307947903,1233274,249.6995,21.32,5.31
2026.07,소켓,8536909090,115506489,2627694,43.9574,32.55,16.45
2026.07,태양광패널,8541430000,7568882,2161157,3.5022,605.66,316.71
2026.07,반도체전체,8542,32724292681,1679956,19479.2558,166.3,-2.5
2026.07,DRAM,8542321010,13551552131,155818,86970.3894,467.56,21.26
2026.07,NAND Flash,8542321030,1780647499,28836,61750.8496,285.76,-28.38
2026.07,MCP,8542323000,10086944182,105714,95417.2974,140.48,-20.46
2026.07,리드프레임,8542900000,47779913,290443,164.507,39.78,-0.86
2026.07,해저케이블(2),8544602010,46516811,6638925,7.0067,-14.2,14.35
2026.07,해저케이블(1),8544603010,52732436,4535255,11.6272,26.44,-44.43
2026.07,체성분분석기,9018198000,9230457,52127,177.0763,1.18,-1.95
2026.07,인터페이스보드,9030901000,94600237,80229,1179.1277,89.55,14.68
2026.08,라면,1902301010,156623983,37311906,4.1977,36.2,3.69
2026.08,양극재 NCM,2841909020,430158884,15411085,27.9123,45.84,6.78
2026.08,톡신,300249,54770820,67443,812.1053,36.58,-16.72
2026.08,톡신,3002491000,52048744,47978,1084.8461,40.69,-17.1
2026.08,창상피복재,3005904000,8586847,60676,141.5197,93.51,-28.1
2026.08,화장품,330499,1013661135,27971579,36.239,58.94,-1.12
2026.08,기초화장품,3304991000,530050539,15658728,33.8502,49.37,0.55
2026.08,메이크업화장품,3304992000,70948703,1333309,53.2125,9.92,-2.21
2026.08,필러,3304999000,409410767,10723014,38.1806,89.06,-3.1
2026.08,마스크팩,3307904000,54275537,4434302,12.2399,9.47,-10.8
2026.08,동박,7410211000,73243412,799896,91.5662,28.31,-18.06
2026.08,알루미늄박,7606120000,279714381,64675189,4.3249,23.77,-13.72
2026.08,레이저마커장비,8456119000,7449257,276965,26.896,223.19,223.7
2026.08,DRAM모듈,8473304060,7836155713,176037,44514.2539,294.31,2.11
2026.08,SIC링(2),8486902040,142713224,497877,286.6435,12.08,-10.83
2026.08,SIC링(1),8486902090,158401867,376492,420.731,14.4,-15.44
2026.08,변압기,8504,415631807,22427513,18.5322,19.3,4.16
2026.08,대형변압기,8504230000,176335897,8162363,21.6035,71.69,45.91
2026.08,리튬1차전지,8506500000,10268559,110999,92.5104,-18.6,-35.35
2026.08,리튬이온전지_ESS_proxy,850760,304112037,10110424,30.0791,4.77,-16.47
2026.08,SSD,8523511000,5979141845,237611,25163.5734,480.45,32.57
2026.08,MLCC,8532240000,146150092,619567,235.8907,15.63,-5.56
2026.08,PCB,853400,489530470,1402048,349.1539,15.11,-0.13
2026.08,"GDDR기판, FPCB",8534002000,178292900,283480,628.9435,0.05,-1.42
2026.08,PCB,8534009000,309526000,1101544,280.9929,25.83,0.51
2026.08,소켓,8536909090,91035543,1826995,49.828,11.95,-21.19
2026.08,태양광패널,8541430000,17245893,4216966,4.0896,158.97,127.85
2026.08,반도체전체,8542,38235698070,1674296,22836.8807,203.08,16.84
2026.08,DRAM,8542321010,15733149397,177730,88522.7558,501.44,16.1
2026.08,NAND Flash,8542321030,2862152422,28379,100854.5904,343.42,60.74
2026.08,MCP,8542323000,12224588941,123653,98862.049,165.54,21.19
2026.08,리드프레임,8542900000,44351055,306481,144.7106,40.27,-7.18
2026.08,해저케이블(2),8544602010,47971742,5723291,8.3818,87.95,3.13
2026.08,해저케이블(1),8544603010,67973286,4722648,14.393,3.24,28.9
2026.08,체성분분석기,9018198000,6799310,36804,184.7438,64.6,-26.34
2026.08,인터페이스보드,9030901000,85613595,69086,1239.2322,74.1,-9.5
