month,company_id,name_local,market,revenue_kNTD,prev_month_kNTD,prev_year_kNTD,mom_pct,yoy_pct,cum_kNTD,prev_cum_kNTD,cum_yoy_pct,note,source,retrieved_at
2015.01,1503,士電,sii,1909829,1881993,1611298,1.47,18.52,1909829,1611298,18.52,-,https://mopsov.twse.com.tw/nas/t21/sii/t21sc03_104_1_0.html,2026-10-09T16:18:21+0900
2015.02,1503,士電,sii,1196248,1909829,1343164,-37.36,-10.93,3106077,2954461,5.13,-,https://mopsov.twse.com.tw/nas/t21/sii/t21sc03_104_2_0.html,2026-10-09T16:18:21+0900
2015.03,1503,士電,sii,1653886,1196248,1582495,38.25,4.51,4759964,4536957,4.91,-,https://mopsov.twse.com.tw/nas/t21/sii/t21sc03_104_3_0.html,2026-10-09T16:18:21+0900
2015.04,1503,士電,sii,1584840,1653886,1749575,-4.17,-9.41,6344804,6286531,0.92,-,https://mopsov.twse.com.tw/nas/t21/sii/t21sc03_104_4_0.html,2026-10-09T16:18:21+0900
2015.05,1503,士電,sii,1743093,1584840,1746645,9.98,-0.20,8087897,8033176,0.68,-,https://mopsov.twse.com.tw/nas/t21/sii/t21sc03_104_5_0.html,2026-10-09T16:18:21+0900
2015.06,1503,士電,sii,1630266,1743093,1632724,-6.47,-0.15,9718162,9665900,0.54,-,https://mopsov.twse.com.tw/nas/t21/sii/t21sc03_104_6_0.html,2026-10-09T16:18:21+0900
2015.07,1503,士電,sii,1651656,1630266,1551992,1.31,6.42,11369819,11217892,1.35,-,https://mopsov.twse.com.tw/nas/t21/sii/t21sc03_104_7_0.html,2026-10-09T16:18:21+0900
2015.08,1503,士電,sii,1696478,1651656,1603769,2.71,5.78,13066296,12821661,1.90,-,https://mopsov.twse.com.tw/nas/t21/sii/t21sc03_104_8_0.html,2026-10-09T16:18:21+0900
2015.09,1503,士電,sii,1705998,1696478,1710905,0.56,-0.28,14772294,14532566,1.64,-,https://mopsov.twse.com.tw/nas/t21/sii/t21sc03_104_9_0.html,2026-10-09T16:18:21+0900
2015.10,1503,士電,sii,1711246,1705998,1698061,0.30,0.77,16483539,16230627,1.55,-,https://mopsov.twse.com.tw/nas/t21/sii/t21sc03_104_10_0.html,2026-10-09T16:18:21+0900
2015.11,1503,士電,sii,1477451,1711246,1691756,-13.66,-12.66,17960991,17922383,0.21,-,https://mopsov.twse.com.tw/nas/t21/sii/t21sc03_104_11_0.html,2026-10-09T16:18:21+0900
2015.12,1503,士電,sii,2012414,1477451,1881993,36.20,6.92,19973405,19804376,0.85,-,https://mopsov.twse.com.tw/nas/t21/sii/t21sc03_104_12_0.html,2026-10-09T16:18:21+0900
2016.01,1503,士電,sii,1824324,2012414,1909829,-9.34,-4.47,1824324,1909829,-4.47,-,https://mopsov.twse.com.tw/nas/t21/sii/t21sc03_105_1_0.html,2026-10-09T16:18:21+0900
2016.02,1503,士電,sii,1317803,1824324,1196248,-27.76,10.16,3142127,3106077,1.16,-,https://mopsov.twse.com.tw/nas/t21/sii/t21sc03_105_2_0.html,2026-10-09T16:18:21+0900
2016.03,1503,士電,sii,1784182,1317803,1653886,35.39,7.87,4926309,4759964,3.49,-,https://mopsov.twse.com.tw/nas/t21/sii/t21sc03_105_3_0.html,2026-10-09T16:18:21+0900
2016.04,1503,士電,sii,1685582,1784182,1584840,-5.52,6.35,6611891,6344804,4.20,-,https://mopsov.twse.com.tw/nas/t21/sii/t21sc03_105_4_0.html,2026-10-09T16:18:21+0900
2016.05,1503,士電,sii,1728761,1685582,1743093,2.56,-0.82,8340652,8087897,3.12,-,https://mopsov.twse.com.tw/nas/t21/sii/t21sc03_105_5_0.html,2026-10-09T16:18:21+0900
2016.06,1503,士電,sii,1909756,1728761,1630266,10.46,17.14,10250408,9718162,5.47,-,https://mopsov.twse.com.tw/nas/t21/sii/t21sc03_105_6_0.html,2026-10-09T16:18:21+0900
2016.07,1503,士電,sii,1779884,1909756,1651656,-6.80,7.76,12030292,11369819,5.80,-,https://mopsov.twse.com.tw/nas/t21/sii/t21sc03_105_7_0.html,2026-10-09T16:18:21+0900
2016.08,1503,士電,sii,1930185,1779884,1696478,8.44,13.77,13960477,13066296,6.84,-,https://mopsov.twse.com.tw/nas/t21/sii/t21sc03_105_8_0.html,2026-10-09T16:18:21+0900
2016.09,1503,士電,sii,1589436,1930185,1705998,-17.65,-6.83,15549914,14772294,5.26,-,https://mopsov.twse.com.tw/nas/t21/sii/t21sc03_105_9_0.html,2026-10-09T16:18:21+0900
2016.10,1503,士電,sii,1745714,1589436,1711246,9.83,2.01,17295627,16483539,4.92,-,https://mopsov.twse.com.tw/nas/t21/sii/t21sc03_105_10_0.html,2026-10-09T16:18:21+0900
2016.11,1503,士電,sii,1967825,1745714,1477451,12.72,33.19,19263452,17960991,7.25,-,https://mopsov.twse.com.tw/nas/t21/sii/t21sc03_105_11_0.html,2026-10-09T16:18:21+0900
2016.12,1503,士電,sii,2145683,1967825,2012414,9.03,6.62,21409136,19973405,7.18,-,https://mopsov.twse.com.tw/nas/t21/sii/t21sc03_105_12_0.html,2026-10-09T16:18:21+0900
2017.01,1503,士電,sii,1722035,2145683,1824324,-19.74,-5.60,1722035,1824324,-5.60,-,https://mopsov.twse.com.tw/nas/t21/sii/t21sc03_106_1_0.html,2026-10-09T16:18:21+0900
2017.02,1503,士電,sii,1526990,1722035,1317803,-11.32,15.87,3249026,3142127,3.40,-,https://mopsov.twse.com.tw/nas/t21/sii/t21sc03_106_2_0.html,2026-10-09T16:18:21+0900
2017.03,1503,士電,sii,1862396,1526990,1784182,21.96,4.38,5111421,4926309,3.75,-,https://mopsov.twse.com.tw/nas/t21/sii/t21sc03_106_3_0.html,2026-10-09T16:18:21+0900
2017.04,1503,士電,sii,1703743,1862396,1685582,-8.51,1.07,6815164,6611891,3.07,-,https://mopsov.twse.com.tw/nas/t21/sii/t21sc03_106_4_0.html,2026-10-09T16:18:21+0900
2017.05,1503,士電,sii,1799183,1703743,1728761,5.60,4.07,8614347,8340652,3.28,-,https://mopsov.twse.com.tw/nas/t21/sii/t21sc03_106_5_0.html,2026-10-09T16:18:21+0900
2017.06,1503,士電,sii,2044828,1799183,1909756,13.65,7.07,10659175,10250408,3.98,-,https://mopsov.twse.com.tw/nas/t21/sii/t21sc03_106_6_0.html,2026-10-09T16:18:21+0900
2017.07,1503,士電,sii,1733671,2044828,1779884,-15.21,-2.59,12392846,12030292,3.01,-,https://mopsov.twse.com.tw/nas/t21/sii/t21sc03_106_7_0.html,2026-10-09T16:18:21+0900
2017.08,1503,士電,sii,1919985,1733671,1930185,10.74,-0.52,14312831,13960477,2.52,-,https://mopsov.twse.com.tw/nas/t21/sii/t21sc03_106_8_0.html,2026-10-09T16:18:21+0900
2017.09,1503,士電,sii,1920479,1919985,1589436,0.02,20.82,16233309,15549914,4.39,-,https://mopsov.twse.com.tw/nas/t21/sii/t21sc03_106_9_0.html,2026-10-09T16:18:21+0900
2017.10,1503,士電,sii,1971122,1920479,1745714,2.63,12.91,18204431,17295627,5.25,-,https://mopsov.twse.com.tw/nas/t21/sii/t21sc03_106_10_0.html,2026-10-09T16:18:21+0900
2017.11,1503,士電,sii,1802085,1971122,1967825,-8.57,-8.42,20006516,19263452,3.85,-,https://mopsov.twse.com.tw/nas/t21/sii/t21sc03_106_11_0.html,2026-10-09T16:18:21+0900
2017.12,1503,士電,sii,2233060,1802085,2145683,23.91,4.07,22239576,21409136,3.87,-,https://mopsov.twse.com.tw/nas/t21/sii/t21sc03_106_12_0.html,2026-10-09T16:18:21+0900
2018.01,1503,士電,sii,2156908,2233060,1722035,-3.41,25.25,2156908,1722035,25.25,-,https://mopsov.twse.com.tw/nas/t21/sii/t21sc03_107_1_0.html,2026-10-09T16:18:21+0900
2018.02,1503,士電,sii,1567752,2156908,1526990,-27.31,2.66,3724660,3249026,14.63,-,https://mopsov.twse.com.tw/nas/t21/sii/t21sc03_107_2_0.html,2026-10-09T16:18:21+0900
2018.03,1503,士電,sii,2049965,1567752,1862396,30.75,10.07,5774625,5111421,12.97,-,https://mopsov.twse.com.tw/nas/t21/sii/t21sc03_107_3_0.html,2026-10-09T16:18:21+0900
2018.04,1503,士電,sii,2058764,2049965,1703743,0.42,20.83,7833388,6815164,14.94,-,https://mopsov.twse.com.tw/nas/t21/sii/t21sc03_107_4_0.html,2026-10-09T16:18:21+0900
2018.05,1503,士電,sii,2051431,2058764,1799183,-0.35,14.02,9884819,8614347,14.74,-,https://mopsov.twse.com.tw/nas/t21/sii/t21sc03_107_5_0.html,2026-10-09T16:18:21+0900
2018.06,1503,士電,sii,2221449,2051431,2044828,8.28,8.63,12106268,10659175,13.57,-,https://mopsov.twse.com.tw/nas/t21/sii/t21sc03_107_6_0.html,2026-10-09T16:18:21+0900
2018.07,1503,士電,sii,2044950,2221449,1733671,-7.94,17.95,14151218,12392846,14.18,-,https://mopsov.twse.com.tw/nas/t21/sii/t21sc03_107_7_0.html,2026-10-09T16:18:21+0900
2018.08,1503,士電,sii,2068933,2044950,1919985,1.17,7.75,16220151,14312831,13.32,-,https://mopsov.twse.com.tw/nas/t21/sii/t21sc03_107_8_0.html,2026-10-09T16:18:21+0900
2018.09,1503,士電,sii,2162647,2068933,1920479,4.52,12.60,18382798,16233309,13.24,-,https://mopsov.twse.com.tw/nas/t21/sii/t21sc03_107_9_0.html,2026-10-09T16:18:21+0900
2018.10,1503,士電,sii,2083678,2162647,1971122,-3.65,5.71,20466475,18204431,12.42,-,https://mopsov.twse.com.tw/nas/t21/sii/t21sc03_107_10_0.html,2026-10-09T16:18:21+0900
2018.11,1503,士電,sii,2221828,2083678,1802085,6.63,23.29,22688303,20006516,13.40,-,https://mopsov.twse.com.tw/nas/t21/sii/t21sc03_107_11_0.html,2026-10-09T16:18:21+0900
2018.12,1503,士電,sii,2295144,2221828,2233060,3.29,2.78,24983447,22239576,12.33,-,https://mopsov.twse.com.tw/nas/t21/sii/t21sc03_107_12_0.html,2026-10-09T16:18:21+0900
2019.01,1503,士電,sii,2653863,2295144,2156908,15.62,23.04,2653863,2156908,23.04,-,https://mopsov.twse.com.tw/nas/t21/sii/t21sc03_108_1_0.html,2026-10-09T16:18:21+0900
2019.02,1503,士電,sii,1684979,2653863,1567752,-36.50,7.47,4338843,3724660,16.48,-,https://mopsov.twse.com.tw/nas/t21/sii/t21sc03_108_2_0.html,2026-10-09T16:18:21+0900
2019.03,1503,士電,sii,2326833,1684979,2049965,38.09,13.50,6665675,5774625,15.43,-,https://mopsov.twse.com.tw/nas/t21/sii/t21sc03_108_3_0.html,2026-10-09T16:18:21+0900
2019.04,1503,士電,sii,1952433,2326833,2058764,-16.09,-5.16,8618109,7833388,10.01,-,https://mopsov.twse.com.tw/nas/t21/sii/t21sc03_108_4_0.html,2026-10-09T16:18:21+0900
2019.05,1503,士電,sii,2134006,1952433,2051431,9.29,4.02,10752115,9884819,8.77,-,https://mopsov.twse.com.tw/nas/t21/sii/t21sc03_108_5_0.html,2026-10-09T16:18:21+0900
2019.06,1503,士電,sii,2504939,2134006,2221449,17.38,12.76,13257054,12106268,9.50,-,https://mopsov.twse.com.tw/nas/t21/sii/t21sc03_108_6_0.html,2026-10-09T16:18:21+0900
2019.07,1503,士電,sii,1911565,2504939,2044950,-23.68,-6.52,15168620,14151218,7.18,-,https://mopsov.twse.com.tw/nas/t21/sii/t21sc03_108_7_0.html,2026-10-09T16:18:21+0900
2019.08,1503,士電,sii,2069620,1911565,2068933,8.26,0.03,17238239,16220151,6.27,-,https://mopsov.twse.com.tw/nas/t21/sii/t21sc03_108_8_0.html,2026-10-09T16:18:21+0900
2019.09,1503,士電,sii,2225612,2069620,2162647,7.53,2.91,19463851,18382798,5.88,-,https://mopsov.twse.com.tw/nas/t21/sii/t21sc03_108_9_0.html,2026-10-09T16:18:21+0900
2019.10,1503,士電,sii,1987267,2225612,2083678,-10.70,-4.62,21451118,20466475,4.81,-,https://mopsov.twse.com.tw/nas/t21/sii/t21sc03_108_10_0.html,2026-10-09T16:18:21+0900
2019.11,1503,士電,sii,2010847,1987267,2221828,1.18,-9.49,23461965,22688303,3.40,-,https://mopsov.twse.com.tw/nas/t21/sii/t21sc03_108_11_0.html,2026-10-09T16:18:21+0900
2019.12,1503,士電,sii,2358387,2010847,2295144,17.28,2.75,25820352,24983447,3.34,-,https://mopsov.twse.com.tw/nas/t21/sii/t21sc03_108_12_0.html,2026-10-09T16:18:21+0900
2020.01,1503,士電,sii,2489575,2358387,2653863,5.56,-6.19,2489575,2653863,-6.19,-,https://mopsov.twse.com.tw/nas/t21/sii/t21sc03_109_1_0.html,2026-10-09T16:18:21+0900
2020.02,1503,士電,sii,1620361,2489575,1684979,-34.91,-3.83,4109936,4338843,-5.27,-,https://mopsov.twse.com.tw/nas/t21/sii/t21sc03_109_2_0.html,2026-10-09T16:18:21+0900
2020.03,1503,士電,sii,2309826,1620361,2326833,42.55,-0.73,6419763,6665675,-3.68,-,https://mopsov.twse.com.tw/nas/t21/sii/t21sc03_109_3_0.html,2026-10-09T16:18:21+0900
2020.04,1503,士電,sii,1884976,2309826,1952433,-18.39,-3.45,8304287,8618109,-3.64,-,https://mopsov.twse.com.tw/nas/t21/sii/t21sc03_109_4_0.html,2026-10-09T16:18:21+0900
2020.05,1503,士電,sii,1966320,1884976,2134006,4.31,-7.85,10270607,10752115,-4.47,-,https://mopsov.twse.com.tw/nas/t21/sii/t21sc03_109_5_0.html,2026-10-09T16:18:21+0900
2020.06,1503,士電,sii,2137689,1966320,2504939,8.71,-14.66,12408296,13257054,-6.40,-,https://mopsov.twse.com.tw/nas/t21/sii/t21sc03_109_6_0.html,2026-10-09T16:18:21+0900
2020.07,1503,士電,sii,1901013,2137689,1911565,-11.07,-0.55,14309310,15168620,-5.66,-,https://mopsov.twse.com.tw/nas/t21/sii/t21sc03_109_7_0.html,2026-10-09T16:18:21+0900
2020.08,1503,士電,sii,1935498,1901013,2069620,1.81,-6.48,16244808,17238239,-5.76,-,https://mopsov.twse.com.tw/nas/t21/sii/t21sc03_109_8_0.html,2026-10-09T16:18:21+0900
2020.09,1503,士電,sii,2177328,1935498,2225612,12.49,-2.16,18422136,19463851,-5.35,-,https://mopsov.twse.com.tw/nas/t21/sii/t21sc03_109_9_0.html,2026-10-09T16:18:21+0900
2020.10,1503,士電,sii,2207236,2177328,1987267,1.37,11.06,20629372,21451118,-3.83,-,https://mopsov.twse.com.tw/nas/t21/sii/t21sc03_109_10_0.html,2026-10-09T16:18:21+0900
2020.11,1503,士電,sii,1991320,2207236,2010847,-9.78,-0.97,22620692,23461965,-3.58,-,https://mopsov.twse.com.tw/nas/t21/sii/t21sc03_109_11_0.html,2026-10-09T16:18:21+0900
2020.12,1503,士電,sii,3063805,1991320,2358387,53.85,29.91,25684496,25820352,-0.52,-,https://mopsov.twse.com.tw/nas/t21/sii/t21sc03_109_12_0.html,2026-10-09T16:18:21+0900
2021.01,1503,士電,sii,2810779,3063805,2489575,-8.25,12.90,2810779,2489575,12.90,-,https://mopsov.twse.com.tw/nas/t21/sii/t21sc03_110_1_0.html,2026-10-09T16:18:21+0900
2021.02,1503,士電,sii,1784924,2810779,1620361,-36.49,10.15,4595703,4109936,11.81,-,https://mopsov.twse.com.tw/nas/t21/sii/t21sc03_110_2_0.html,2026-10-09T16:18:21+0900
2021.03,1503,士電,sii,2519443,1784924,2309826,41.15,9.07,7115146,6419763,10.83,-,https://mopsov.twse.com.tw/nas/t21/sii/t21sc03_110_3_0.html,2026-10-09T16:18:21+0900
2021.04,1503,士電,sii,2429347,2519443,1884976,-3.57,28.87,9544493,8304287,14.93,-,https://mopsov.twse.com.tw/nas/t21/sii/t21sc03_110_4_0.html,2026-10-09T16:18:21+0900
2021.05,1503,士電,sii,2167952,2429347,1966320,-10.75,10.25,11712445,10270607,14.03,-,https://mopsov.twse.com.tw/nas/t21/sii/t21sc03_110_5_0.html,2026-10-09T16:18:21+0900
2021.06,1503,士電,sii,2423094,2167952,2137689,11.76,13.35,14135539,12408296,13.92,-,https://mopsov.twse.com.tw/nas/t21/sii/t21sc03_110_6_0.html,2026-10-09T16:18:21+0900
2021.07,1503,士電,sii,2189672,2423094,1901013,-9.63,15.18,16325211,14309310,14.08,-,https://mopsov.twse.com.tw/nas/t21/sii/t21sc03_110_7_0.html,2026-10-09T16:18:21+0900
2021.08,1503,士電,sii,2339338,2189672,1935498,6.83,20.86,18664549,16244808,14.89,-,https://mopsov.twse.com.tw/nas/t21/sii/t21sc03_110_8_0.html,2026-10-09T16:18:21+0900
2021.09,1503,士電,sii,2156922,2339338,2177328,-7.79,-0.93,20821471,18422136,13.02,-,https://mopsov.twse.com.tw/nas/t21/sii/t21sc03_110_9_0.html,2026-10-09T16:18:21+0900
2021.10,1503,士電,sii,2079311,2156922,2207236,-3.59,-5.79,22900782,20629372,11.01,-,https://mopsov.twse.com.tw/nas/t21/sii/t21sc03_110_10_0.html,2026-10-09T16:18:21+0900
2021.11,1503,士電,sii,2161437,2079311,1991320,3.94,8.54,25062220,22620692,10.79,-,https://mopsov.twse.com.tw/nas/t21/sii/t21sc03_110_11_0.html,2026-10-09T16:18:21+0900
2021.12,1503,士電,sii,2623218,2161437,3063805,21.36,-14.38,27685437,25684496,7.79,-,https://mopsov.twse.com.tw/nas/t21/sii/t21sc03_110_12_0.html,2026-10-09T16:18:21+0900
2022.01,1503,士電,sii,2959059,2623218,2810779,12.80,5.27,2959059,2810779,5.27,-,https://mopsov.twse.com.tw/nas/t21/sii/t21sc03_111_1_0.html,2026-10-09T15:39:43+0900
2022.02,1503,士電,sii,2017058,2959059,1784924,-31.83,13.00,4976117,4595703,8.27,-,https://mopsov.twse.com.tw/nas/t21/sii/t21sc03_111_2_0.html,2026-10-09T15:39:43+0900
2022.03,1503,士電,sii,2759545,2017058,2519443,36.81,9.52,7735662,7115146,8.72,-,https://mopsov.twse.com.tw/nas/t21/sii/t21sc03_111_3_0.html,2026-10-09T15:39:43+0900
2022.04,1503,士電,sii,2398634,2759545,2429347,-13.07,-1.26,10134296,9544493,6.17,-,https://mopsov.twse.com.tw/nas/t21/sii/t21sc03_111_4_0.html,2026-10-09T15:39:43+0900
2022.05,1503,士電,sii,2306919,2398634,2167952,-3.82,6.41,12441215,11712445,6.22,-,https://mopsov.twse.com.tw/nas/t21/sii/t21sc03_111_5_0.html,2026-10-09T15:39:43+0900
2022.06,1503,士電,sii,2905083,2306919,2423094,25.92,19.89,15346298,14135539,8.56,-,https://mopsov.twse.com.tw/nas/t21/sii/t21sc03_111_6_0.html,2026-10-09T15:39:43+0900
2022.07,1503,士電,sii,2353474,2905083,2189672,-18.98,7.48,17699772,16325211,8.41,-,https://mopsov.twse.com.tw/nas/t21/sii/t21sc03_111_7_0.html,2026-10-09T15:39:43+0900
2022.08,1503,士電,sii,2575587,2353474,2339338,9.43,10.09,20275359,18664549,8.63,-,https://mopsov.twse.com.tw/nas/t21/sii/t21sc03_111_8_0.html,2026-10-09T15:39:43+0900
2022.09,1503,士電,sii,2493434,2575587,2156922,-3.18,15.60,22768793,20821471,9.35,-,https://mopsov.twse.com.tw/nas/t21/sii/t21sc03_111_9_0.html,2026-10-09T15:39:43+0900
2022.10,1503,士電,sii,2581368,2493434,2079311,3.52,24.14,25350160,22900782,10.69,-,https://mopsov.twse.com.tw/nas/t21/sii/t21sc03_111_10_0.html,2026-10-09T15:39:43+0900
2022.11,1503,士電,sii,2662000,2581368,2161437,3.12,23.15,28012160,25062220,11.77,-,https://mopsov.twse.com.tw/nas/t21/sii/t21sc03_111_11_0.html,2026-10-09T15:39:43+0900
2022.12,1503,士電,sii,2733413,2662000,2623218,2.68,4.20,30745573,27685437,11.05,-,https://mopsov.twse.com.tw/nas/t21/sii/t21sc03_111_12_0.html,2026-10-09T15:39:43+0900
2023.01,1503,士電,sii,3158454,2733413,2959059,15.54,6.73,3158454,2959059,6.73,-,https://mopsov.twse.com.tw/nas/t21/sii/t21sc03_112_1_0.html,2026-10-09T15:39:43+0900
2023.02,1503,士電,sii,2629403,3158454,2017058,-16.75,30.35,5787857,4976117,16.31,-,https://mopsov.twse.com.tw/nas/t21/sii/t21sc03_112_2_0.html,2026-10-09T15:39:43+0900
2023.03,1503,士電,sii,3185995,2629403,2759545,21.16,15.45,8973852,7735662,16.00,-,https://mopsov.twse.com.tw/nas/t21/sii/t21sc03_112_3_0.html,2026-10-09T15:39:43+0900
2023.04,1503,士電,sii,2710331,3185995,2398634,-14.92,12.99,11684184,10134296,15.29,-,https://mopsov.twse.com.tw/nas/t21/sii/t21sc03_112_4_0.html,2026-10-09T15:39:43+0900
2023.05,1503,士電,sii,2511880,2710331,2306919,-7.32,8.88,14196064,12441215,14.10,-,https://mopsov.twse.com.tw/nas/t21/sii/t21sc03_112_5_0.html,2026-10-09T15:39:43+0900
2023.06,1503,士電,sii,2453321,2511880,2905083,-2.33,-15.55,16649385,15346298,8.49,-,https://mopsov.twse.com.tw/nas/t21/sii/t21sc03_112_6_0.html,2026-10-09T15:39:43+0900
2023.07,1503,士電,sii,2470239,2453321,2353474,0.68,4.96,19119624,17699772,8.02,-,https://mopsov.twse.com.tw/nas/t21/sii/t21sc03_112_7_0.html,2026-10-09T15:39:43+0900
2023.08,1503,士電,sii,2843442,2470239,2575587,15.10,10.39,21963066,20275359,8.32,-,https://mopsov.twse.com.tw/nas/t21/sii/t21sc03_112_8_0.html,2026-10-09T15:39:43+0900
2023.09,1503,士電,sii,2388149,2843442,2493434,-16.01,-4.22,24351215,22768793,6.94,-,https://mopsov.twse.com.tw/nas/t21/sii/t21sc03_112_9_0.html,2026-10-09T15:39:43+0900
2023.10,1503,士電,sii,2343233,2388149,2581368,-1.88,-9.22,26694448,25350160,5.30,-,https://mopsov.twse.com.tw/nas/t21/sii/t21sc03_112_10_0.html,2026-10-09T15:39:43+0900
2023.11,1503,士電,sii,2328632,2343233,2662000,-0.62,-12.52,29023080,28012160,3.60,-,https://mopsov.twse.com.tw/nas/t21/sii/t21sc03_112_11_0.html,2026-10-09T15:39:43+0900
2023.12,1503,士電,sii,2806421,2328632,2733413,20.51,2.67,31829501,30745573,3.52,-,https://mopsov.twse.com.tw/nas/t21/sii/t21sc03_112_12_0.html,2026-10-09T15:39:43+0900
2024.01,1503,士電,sii,3907628,2806421,3158454,39.23,23.71,3907628,3158454,23.71,-,https://mopsov.twse.com.tw/nas/t21/sii/t21sc03_113_1_0.html,2026-10-09T15:39:43+0900
2024.02,1503,士電,sii,2869450,3907628,2629403,-26.56,9.12,6777078,5787857,17.09,-,https://mopsov.twse.com.tw/nas/t21/sii/t21sc03_113_2_0.html,2026-10-09T15:39:43+0900
2024.03,1503,士電,sii,3140811,2869450,3185995,9.45,-1.41,9917890,8973852,10.51,-,https://mopsov.twse.com.tw/nas/t21/sii/t21sc03_113_3_0.html,2026-10-09T15:39:43+0900
2024.04,1503,士電,sii,2953834,3140811,2710331,-5.95,8.98,12871724,11684184,10.16,-,https://mopsov.twse.com.tw/nas/t21/sii/t21sc03_113_4_0.html,2026-10-09T15:39:43+0900
2024.05,1503,士電,sii,2444165,2953834,2511880,-17.25,-2.69,15315889,14196064,7.88,-,https://mopsov.twse.com.tw/nas/t21/sii/t21sc03_113_5_0.html,2026-10-09T15:39:43+0900
2024.06,1503,士電,sii,2773419,2444165,2453321,13.47,13.04,18089308,16649385,8.64,-,https://mopsov.twse.com.tw/nas/t21/sii/t21sc03_113_6_0.html,2026-10-09T15:39:43+0900
2024.07,1503,士電,sii,2597572,2773419,2470239,-6.34,5.15,20686879,19119624,8.19,-,https://mopsov.twse.com.tw/nas/t21/sii/t21sc03_113_7_0.html,2026-10-09T15:39:43+0900
2024.08,1503,士電,sii,2536899,2597572,2843442,-2.33,-10.78,23224895,21963066,5.74,-,https://mopsov.twse.com.tw/nas/t21/sii/t21sc03_113_8_0.html,2026-10-09T15:39:43+0900
2024.09,1503,士電,sii,2922673,2536899,2388149,15.20,22.38,26147568,24351215,7.37,-,https://mopsov.twse.com.tw/nas/t21/sii/t21sc03_113_9_0.html,2026-10-09T15:39:43+0900
2024.10,1503,士電,sii,2587618,2922673,2343233,-11.46,10.42,28739334,26694448,7.66,-,https://mopsov.twse.com.tw/nas/t21/sii/t21sc03_113_10_0.html,2026-10-09T15:39:43+0900
2024.11,1503,士電,sii,2877350,2587618,2328632,11.19,23.56,31616683,29023080,8.93,-,https://mopsov.twse.com.tw/nas/t21/sii/t21sc03_113_11_0.html,2026-10-09T15:39:43+0900
2024.12,1503,士電,sii,3459721,2877350,2806421,20.23,23.27,35071141,31829501,10.18,-,https://mopsov.twse.com.tw/nas/t21/sii/t21sc03_113_12_0.html,2026-10-09T15:39:43+0900
2025.01,1503,士電,sii,4248122,3459721,3907628,22.78,8.71,4248122,3907628,8.71,-,https://mopsov.twse.com.tw/nas/t21/sii/t21sc03_114_1_0.html,2026-10-09T15:39:43+0900
2025.02,1503,士電,sii,2920936,4248122,2869450,-31.24,1.79,7169059,6777078,5.78,-,https://mopsov.twse.com.tw/nas/t21/sii/t21sc03_114_2_0.html,2026-10-09T15:39:43+0900
2025.03,1503,士電,sii,3125640,2920936,3140811,7.00,-0.48,10294698,9917890,3.79,-,https://mopsov.twse.com.tw/nas/t21/sii/t21sc03_114_3_0.html,2026-10-09T15:39:43+0900
2025.04,1503,士電,sii,2568833,3125640,2953834,-17.81,-13.03,12863532,12871724,-0.06,-,https://mopsov.twse.com.tw/nas/t21/sii/t21sc03_114_4_0.html,2026-10-09T15:39:43+0900
2025.05,1503,士電,sii,2814376,2568833,2444165,9.55,15.14,15677907,15315889,2.36,-,https://mopsov.twse.com.tw/nas/t21/sii/t21sc03_114_5_0.html,2026-10-09T15:39:43+0900
2025.06,1503,士電,sii,3476781,2814376,2773419,23.53,25.36,19154689,18089308,5.88,-,https://mopsov.twse.com.tw/nas/t21/sii/t21sc03_114_6_0.html,2026-10-09T15:39:43+0900
2025.07,1503,士電,sii,2581751,3476781,2597572,-25.74,-0.60,21736439,20686879,5.07,-,https://mopsov.twse.com.tw/nas/t21/sii/t21sc03_114_7_0.html,2026-10-09T15:39:43+0900
2025.08,1503,士電,sii,2857439,2581751,2536899,10.67,12.63,24593878,23224895,5.89,-,https://mopsov.twse.com.tw/nas/t21/sii/t21sc03_114_8_0.html,2026-10-09T15:39:43+0900
2025.09,1503,士電,sii,2900356,2857439,2922673,1.50,-0.76,27494234,26147568,5.15,-,https://mopsov.twse.com.tw/nas/t21/sii/t21sc03_114_9_0.html,2026-10-09T15:39:43+0900
2025.10,1503,士電,sii,2648255,2900356,2587618,-8.69,2.34,30142488,28739334,4.88,-,https://mopsov.twse.com.tw/nas/t21/sii/t21sc03_114_10_0.html,2026-10-09T15:39:43+0900
2025.11,1503,士電,sii,2963128,2648255,2877350,11.88,2.98,33105617,31616683,4.70,-,https://mopsov.twse.com.tw/nas/t21/sii/t21sc03_114_11_0.html,2026-10-09T15:39:43+0900
2025.12,1503,士電,sii,4072311,2963128,3459721,37.43,17.70,37177928,35071141,6.00,-,https://mopsov.twse.com.tw/nas/t21/sii/t21sc03_114_12_0.html,2026-10-09T15:39:43+0900
2026.01,1503,士電,sii,4483948,4072311,4248122,10.10,5.55,4483948,4248122,5.55,-,https://mopsov.twse.com.tw/nas/t21/sii/t21sc03_115_1_0.html,2026-10-09T15:39:43+0900
2026.02,1503,士電,sii,2844510,4483948,2920936,-36.56,-2.61,7328458,7169059,2.22,-,https://mopsov.twse.com.tw/nas/t21/sii/t21sc03_115_2_0.html,2026-10-09T15:39:43+0900
2026.03,1503,士電,sii,4230241,2844510,3125640,48.71,35.33,11558698,10294698,12.27,-,https://mopsov.twse.com.tw/nas/t21/sii/t21sc03_115_3_0.html,2026-10-09T15:39:43+0900
2026.04,1503,士電,sii,3404404,4230241,2568833,-19.52,32.52,14963103,12863532,16.32,-,https://mopsov.twse.com.tw/nas/t21/sii/t21sc03_115_4_0.html,2026-10-09T15:39:43+0900
2026.05,1503,士電,sii,3049512,3404404,2814376,-10.42,8.35,18012615,15677907,14.89,-,https://mopsov.twse.com.tw/nas/t21/sii/t21sc03_115_5_0.html,2026-10-09T15:39:43+0900
2026.06,1503,士電,sii,3108909,3049512,3476781,1.94,-10.58,21121523,19154689,10.26,-,https://mopsov.twse.com.tw/nas/t21/sii/t21sc03_115_6_0.html,2026-10-09T15:39:43+0900
2026.07,1503,士電,sii,2971490,3108909,2581751,-4.42,15.09,24093013,21736439,10.84,-,https://mopsov.twse.com.tw/nas/t21/sii/t21sc03_115_7_0.html,2026-10-09T16:18:21+0900
2026.08,1503,士電,sii,2846465,2971490,2857439,-4.20,-0.38,26939478,24593878,9.53,-,https://mopsov.twse.com.tw/nas/t21/sii/t21sc03_115_8_0.html,2026-10-09T16:18:21+0900
2015.01,1513,中興電,sii,855877,1207970,711564,-29.14,20.28,855877,711564,20.28,-,https://mopsov.twse.com.tw/nas/t21/sii/t21sc03_104_1_0.html,2026-10-09T16:18:21+0900
2015.02,1513,中興電,sii,511640,855877,602489,-40.22,-15.07,1367517,1314053,4.06,-,https://mopsov.twse.com.tw/nas/t21/sii/t21sc03_104_2_0.html,2026-10-09T16:18:21+0900
2015.03,1513,中興電,sii,713859,511640,571872,39.52,24.82,2081376,1885925,10.36,-,https://mopsov.twse.com.tw/nas/t21/sii/t21sc03_104_3_0.html,2026-10-09T16:18:21+0900
2015.04,1513,中興電,sii,713196,713859,729336,-0.09,-2.21,2794572,2615261,6.85,-,https://mopsov.twse.com.tw/nas/t21/sii/t21sc03_104_4_0.html,2026-10-09T16:18:21+0900
2015.05,1513,中興電,sii,788543,713196,1004681,10.56,-21.51,3583115,3619942,-1.01,-,https://mopsov.twse.com.tw/nas/t21/sii/t21sc03_104_5_0.html,2026-10-09T16:18:21+0900
2015.06,1513,中興電,sii,966162,788543,1187200,22.52,-18.61,4549277,4807142,-5.36,-,https://mopsov.twse.com.tw/nas/t21/sii/t21sc03_104_6_0.html,2026-10-09T16:18:21+0900
2015.07,1513,中興電,sii,696807,966162,1133639,-27.87,-38.53,5246084,5940781,-11.69,-,https://mopsov.twse.com.tw/nas/t21/sii/t21sc03_104_7_0.html,2026-10-09T16:18:21+0900
2015.08,1513,中興電,sii,1028471,696807,843812,47.59,21.88,6274555,6784593,-7.51,-,https://mopsov.twse.com.tw/nas/t21/sii/t21sc03_104_8_0.html,2026-10-09T16:18:21+0900
2015.09,1513,中興電,sii,836663,1028471,914624,-18.64,-8.52,7111218,7699217,-7.63,-,https://mopsov.twse.com.tw/nas/t21/sii/t21sc03_104_9_0.html,2026-10-09T16:18:21+0900
2015.10,1513,中興電,sii,1180030,836663,1377132,41.04,-14.31,8291248,9076349,-8.64,-,https://mopsov.twse.com.tw/nas/t21/sii/t21sc03_104_10_0.html,2026-10-09T16:18:21+0900
2015.11,1513,中興電,sii,815209,1180030,1041588,-30.91,-21.73,9106457,10117937,-9.99,-,https://mopsov.twse.com.tw/nas/t21/sii/t21sc03_104_11_0.html,2026-10-09T16:18:21+0900
2015.12,1513,中興電,sii,1245553,815209,1207970,52.78,3.11,10352010,11325907,-8.59,-,https://mopsov.twse.com.tw/nas/t21/sii/t21sc03_104_12_0.html,2026-10-09T16:18:21+0900
2016.01,1513,中興電,sii,1462961,1245553,855877,17.45,70.93,1462961,855877,70.93,本月合併營收較去年同期增加，主要係因設備投入工程增加 ，依工進完成收入認列致營收增加‧,https://mopsov.twse.com.tw/nas/t21/sii/t21sc03_105_1_0.html,2026-10-09T16:18:21+0900
2016.02,1513,中興電,sii,478828,1462961,511640,-67.26,-6.41,1941789,1367517,41.99,-,https://mopsov.twse.com.tw/nas/t21/sii/t21sc03_105_2_0.html,2026-10-09T16:18:21+0900
2016.03,1513,中興電,sii,1477839,478828,713859,208.63,107.02,3419628,2081376,64.29,本月及累計營收較去年同期增加，主要係設備銷售依合約於3月完成驗交貨認列收入，以及設備投入工程案 依工進認列收入所致。,https://mopsov.twse.com.tw/nas/t21/sii/t21sc03_105_3_0.html,2026-10-09T16:18:21+0900
2016.04,1513,中興電,sii,629564,1477839,713196,-57.39,-11.72,4049202,2794572,44.89,-,https://mopsov.twse.com.tw/nas/t21/sii/t21sc03_105_4_0.html,2026-10-09T16:18:21+0900
2016.05,1513,中興電,sii,1040907,629564,788543,65.33,32.00,5090109,3583115,42.05,-,https://mopsov.twse.com.tw/nas/t21/sii/t21sc03_105_5_0.html,2026-10-09T16:18:21+0900
2016.06,1513,中興電,sii,774482,1040907,966162,-25.59,-19.83,5864591,4549277,28.91,-,https://mopsov.twse.com.tw/nas/t21/sii/t21sc03_105_6_0.html,2026-10-09T16:18:21+0900
2016.07,1513,中興電,sii,989344,774482,696807,27.74,41.98,6853935,5246084,30.64,-,https://mopsov.twse.com.tw/nas/t21/sii/t21sc03_105_7_0.html,2026-10-09T16:18:21+0900
2016.08,1513,中興電,sii,1282623,989344,1028471,29.64,24.71,8136558,6274555,29.67,-,https://mopsov.twse.com.tw/nas/t21/sii/t21sc03_105_8_0.html,2026-10-09T16:18:21+0900
2016.09,1513,中興電,sii,705596,1282623,836663,-44.98,-15.66,8842154,7111218,24.34,-,https://mopsov.twse.com.tw/nas/t21/sii/t21sc03_105_9_0.html,2026-10-09T16:18:21+0900
2016.10,1513,中興電,sii,923947,705596,1180030,30.94,-21.70,9766101,8291248,17.78,-,https://mopsov.twse.com.tw/nas/t21/sii/t21sc03_105_10_0.html,2026-10-09T16:18:21+0900
2016.11,1513,中興電,sii,1305010,923947,815209,41.24,60.08,11071111,9106457,21.57,本月營收較去年同期增加，主要係設備銷售依合約於11月完成驗交貨認列收入所致。,https://mopsov.twse.com.tw/nas/t21/sii/t21sc03_105_11_0.html,2026-10-09T16:18:21+0900
2016.12,1513,中興電,sii,1641545,1305010,1245553,25.78,31.79,12712656,10352010,22.80,-,https://mopsov.twse.com.tw/nas/t21/sii/t21sc03_105_12_0.html,2026-10-09T16:18:21+0900
2017.01,1513,中興電,sii,789341,1641545,1462961,-51.91,-46.04,789341,1462961,-46.04,-,https://mopsov.twse.com.tw/nas/t21/sii/t21sc03_106_1_0.html,2026-10-09T16:18:21+0900
2017.02,1513,中興電,sii,698395,789341,478828,-11.52,45.85,1487736,1941789,-23.38,-,https://mopsov.twse.com.tw/nas/t21/sii/t21sc03_106_2_0.html,2026-10-09T16:18:21+0900
2017.03,1513,中興電,sii,1073473,698395,1477839,53.70,-27.36,2561209,3419628,-25.10,-,https://mopsov.twse.com.tw/nas/t21/sii/t21sc03_106_3_0.html,2026-10-09T16:18:21+0900
2017.04,1513,中興電,sii,693513,1073473,629564,-35.39,10.15,3254722,4049202,-19.62,-,https://mopsov.twse.com.tw/nas/t21/sii/t21sc03_106_4_0.html,2026-10-09T16:18:21+0900
2017.05,1513,中興電,sii,829626,693513,1040907,19.62,-20.29,4084348,5090109,-19.75,-,https://mopsov.twse.com.tw/nas/t21/sii/t21sc03_106_5_0.html,2026-10-09T16:18:21+0900
2017.06,1513,中興電,sii,952338,829626,774482,14.79,22.96,5036686,5864591,-14.11,-,https://mopsov.twse.com.tw/nas/t21/sii/t21sc03_106_6_0.html,2026-10-09T16:18:21+0900
2017.07,1513,中興電,sii,1310530,952338,989344,37.61,32.46,6347216,6853935,-7.39,-,https://mopsov.twse.com.tw/nas/t21/sii/t21sc03_106_7_0.html,2026-10-09T16:18:21+0900
2017.08,1513,中興電,sii,803307,1310530,1282623,-38.70,-37.36,7150523,8136558,-12.11,-,https://mopsov.twse.com.tw/nas/t21/sii/t21sc03_106_8_0.html,2026-10-09T16:18:21+0900
2017.09,1513,中興電,sii,828999,803307,705596,3.19,17.48,7979522,8842154,-9.75,-,https://mopsov.twse.com.tw/nas/t21/sii/t21sc03_106_9_0.html,2026-10-09T16:18:21+0900
2017.10,1513,中興電,sii,720781,828999,923947,-13.05,-21.98,8700303,9766101,-10.91,-,https://mopsov.twse.com.tw/nas/t21/sii/t21sc03_106_10_0.html,2026-10-09T16:18:21+0900
2017.11,1513,中興電,sii,1576605,720781,1305010,118.73,20.81,10276908,11071111,-7.17,-,https://mopsov.twse.com.tw/nas/t21/sii/t21sc03_106_11_0.html,2026-10-09T16:18:21+0900
2017.12,1513,中興電,sii,1117831,1576605,1641545,-29.09,-31.90,11394739,12712656,-10.36,-,https://mopsov.twse.com.tw/nas/t21/sii/t21sc03_106_12_0.html,2026-10-09T16:18:21+0900
2018.01,1513,中興電,sii,691777,1117831,789341,-38.11,-12.36,691777,789341,-12.36,-,https://mopsov.twse.com.tw/nas/t21/sii/t21sc03_107_1_0.html,2026-10-09T16:18:21+0900
2018.02,1513,中興電,sii,699306,691777,698395,1.08,0.13,1391083,1487736,-6.49,-,https://mopsov.twse.com.tw/nas/t21/sii/t21sc03_107_2_0.html,2026-10-09T16:18:21+0900
2018.03,1513,中興電,sii,1168536,699306,1073473,67.09,8.85,2559619,2561209,-0.06,-,https://mopsov.twse.com.tw/nas/t21/sii/t21sc03_107_3_0.html,2026-10-09T16:18:21+0900
2018.04,1513,中興電,sii,1011622,1168536,693513,-13.42,45.86,3571241,3254722,9.72,-,https://mopsov.twse.com.tw/nas/t21/sii/t21sc03_107_4_0.html,2026-10-09T16:18:21+0900
2018.05,1513,中興電,sii,762305,1011622,829626,-24.64,-8.11,4333546,4084348,6.10,-,https://mopsov.twse.com.tw/nas/t21/sii/t21sc03_107_5_0.html,2026-10-09T16:18:21+0900
2018.06,1513,中興電,sii,1099422,762305,952338,44.22,15.44,5432968,5036686,7.86,-,https://mopsov.twse.com.tw/nas/t21/sii/t21sc03_107_6_0.html,2026-10-09T16:18:21+0900
2018.07,1513,中興電,sii,890445,1099422,1310530,-19.00,-32.05,6323413,6347216,-0.37,-,https://mopsov.twse.com.tw/nas/t21/sii/t21sc03_107_7_0.html,2026-10-09T16:18:21+0900
2018.08,1513,中興電,sii,881866,890445,803307,-0.96,9.77,7205279,7150523,0.76,-,https://mopsov.twse.com.tw/nas/t21/sii/t21sc03_107_8_0.html,2026-10-09T16:18:21+0900
2018.09,1513,中興電,sii,1772288,881866,828999,100.97,113.78,8977567,7979522,12.50,本月營收較去年同期增加，主要係設備投入工程案 ，依工進認列收入所致。,https://mopsov.twse.com.tw/nas/t21/sii/t21sc03_107_9_0.html,2026-10-09T16:18:21+0900
2018.10,1513,中興電,sii,1022903,1772288,720781,-42.28,41.91,10000470,8700303,14.94,-,https://mopsov.twse.com.tw/nas/t21/sii/t21sc03_107_10_0.html,2026-10-09T16:18:21+0900
2018.11,1513,中興電,sii,1059719,1022903,1576605,3.59,-32.78,11060189,10276908,7.62,-,https://mopsov.twse.com.tw/nas/t21/sii/t21sc03_107_11_0.html,2026-10-09T16:18:21+0900
2018.12,1513,中興電,sii,1179603,1059719,1117831,11.31,5.52,12239792,11394739,7.41,-,https://mopsov.twse.com.tw/nas/t21/sii/t21sc03_107_12_0.html,2026-10-09T16:18:21+0900
2019.01,1513,中興電,sii,1074295,1179603,691777,-8.92,55.29,1074295,691777,55.29,本月合併營收較去年同期增加，主要係因設備投入工程增加 ，依工進完成收入認列致營收增加‧,https://mopsov.twse.com.tw/nas/t21/sii/t21sc03_108_1_0.html,2026-10-09T16:18:21+0900
2019.02,1513,中興電,sii,734869,1074295,699306,-31.59,5.08,1809164,1391083,30.05,-,https://mopsov.twse.com.tw/nas/t21/sii/t21sc03_108_2_0.html,2026-10-09T16:18:21+0900
2019.03,1513,中興電,sii,867703,734869,1168536,18.07,-25.74,2676867,2559619,4.58,-,https://mopsov.twse.com.tw/nas/t21/sii/t21sc03_108_3_0.html,2026-10-09T16:18:21+0900
2019.04,1513,中興電,sii,860310,867703,1011622,-0.85,-14.95,3537177,3571241,-0.95,-,https://mopsov.twse.com.tw/nas/t21/sii/t21sc03_108_4_0.html,2026-10-09T16:18:21+0900
2019.05,1513,中興電,sii,1134472,860310,762305,31.86,48.82,4671649,4333546,7.80,-,https://mopsov.twse.com.tw/nas/t21/sii/t21sc03_108_5_0.html,2026-10-09T16:18:21+0900
2019.06,1513,中興電,sii,1011959,1134472,1099422,-10.79,-7.95,5683608,5432968,4.61,-,https://mopsov.twse.com.tw/nas/t21/sii/t21sc03_108_6_0.html,2026-10-09T16:18:21+0900
2019.07,1513,中興電,sii,1158861,1011959,890445,14.51,30.14,6842469,6323413,8.20,-,https://mopsov.twse.com.tw/nas/t21/sii/t21sc03_108_7_0.html,2026-10-09T16:18:21+0900
2019.08,1513,中興電,sii,833099,1158861,881866,-28.11,-5.52,7675568,7205279,6.52,-,https://mopsov.twse.com.tw/nas/t21/sii/t21sc03_108_8_0.html,2026-10-09T16:18:21+0900
2019.09,1513,中興電,sii,1176035,833099,1772288,41.16,-33.64,8851603,8977567,-1.40,-,https://mopsov.twse.com.tw/nas/t21/sii/t21sc03_108_9_0.html,2026-10-09T16:18:21+0900
2019.10,1513,中興電,sii,868367,1176035,1022903,-26.16,-15.10,9719970,10000470,-2.80,-,https://mopsov.twse.com.tw/nas/t21/sii/t21sc03_108_10_0.html,2026-10-09T16:18:21+0900
2019.11,1513,中興電,sii,1094349,868367,1059719,26.02,3.26,10814319,11060189,-2.22,-,https://mopsov.twse.com.tw/nas/t21/sii/t21sc03_108_11_0.html,2026-10-09T16:18:21+0900
2019.12,1513,中興電,sii,1562768,1094349,1179603,42.80,32.48,12377087,12239792,1.12,-,https://mopsov.twse.com.tw/nas/t21/sii/t21sc03_108_12_0.html,2026-10-09T16:18:21+0900
2020.01,1513,中興電,sii,1012380,1562768,1074295,-35.21,-5.76,1012380,1074295,-5.76,-,https://mopsov.twse.com.tw/nas/t21/sii/t21sc03_109_1_0.html,2026-10-09T16:18:21+0900
2020.02,1513,中興電,sii,869977,1012380,734869,-14.06,18.38,1882357,1809164,4.04,-,https://mopsov.twse.com.tw/nas/t21/sii/t21sc03_109_2_0.html,2026-10-09T16:18:21+0900
2020.03,1513,中興電,sii,1160807,869977,867703,33.42,33.77,3043164,2676867,13.68,-,https://mopsov.twse.com.tw/nas/t21/sii/t21sc03_109_3_0.html,2026-10-09T16:18:21+0900
2020.04,1513,中興電,sii,1211115,1160807,860310,4.33,40.77,4254279,3537177,20.27,-,https://mopsov.twse.com.tw/nas/t21/sii/t21sc03_109_4_0.html,2026-10-09T16:18:21+0900
2020.05,1513,中興電,sii,1099407,1211115,1134472,-9.22,-3.09,5353686,4671649,14.59,-,https://mopsov.twse.com.tw/nas/t21/sii/t21sc03_109_5_0.html,2026-10-09T16:18:21+0900
2020.06,1513,中興電,sii,1029142,1099407,1011959,-6.39,1.69,6382828,5683608,12.30,-,https://mopsov.twse.com.tw/nas/t21/sii/t21sc03_109_6_0.html,2026-10-09T16:18:21+0900
2020.07,1513,中興電,sii,1087951,1029142,1158861,5.71,-6.11,7470779,6842469,9.18,-,https://mopsov.twse.com.tw/nas/t21/sii/t21sc03_109_7_0.html,2026-10-09T16:18:21+0900
2020.08,1513,中興電,sii,1324092,1087951,833099,21.70,58.93,8794871,7675568,14.58,本月合併營收較去年同期增加，主要係設備投入工程增加 ，依工進認列收入致營收增加‧,https://mopsov.twse.com.tw/nas/t21/sii/t21sc03_109_8_0.html,2026-10-09T16:18:21+0900
2020.09,1513,中興電,sii,1132160,1324092,1176035,-14.49,-3.73,9927031,8851603,12.14,-,https://mopsov.twse.com.tw/nas/t21/sii/t21sc03_109_9_0.html,2026-10-09T16:18:21+0900
2020.10,1513,中興電,sii,998584,1132160,868367,-11.79,14.99,10925615,9719970,12.40,-,https://mopsov.twse.com.tw/nas/t21/sii/t21sc03_109_10_0.html,2026-10-09T16:18:21+0900
2020.11,1513,中興電,sii,1268416,998584,1094349,27.02,15.90,12194031,10814319,12.75,-,https://mopsov.twse.com.tw/nas/t21/sii/t21sc03_109_11_0.html,2026-10-09T16:18:21+0900
2020.12,1513,中興電,sii,3196653,1268416,1562768,152.01,104.55,15390684,12377087,24.34,本月(12月)合併營收較去年同期增加，主要係增加都更房地銷售所致,https://mopsov.twse.com.tw/nas/t21/sii/t21sc03_109_12_0.html,2026-10-09T16:18:21+0900
2021.01,1513,中興電,sii,1504562,3196653,1012380,-52.93,48.61,1504562,1012380,48.61,-,https://mopsov.twse.com.tw/nas/t21/sii/t21sc03_110_1_0.html,2026-10-09T16:18:21+0900
2021.02,1513,中興電,sii,973424,1504562,869977,-35.30,11.89,2477986,1882357,31.64,-,https://mopsov.twse.com.tw/nas/t21/sii/t21sc03_110_2_0.html,2026-10-09T16:18:21+0900
2021.03,1513,中興電,sii,2204727,973424,1160807,126.49,89.93,4682713,3043164,53.87,本月較去年同期增加，主要係因出貨量增加所致。,https://mopsov.twse.com.tw/nas/t21/sii/t21sc03_110_3_0.html,2026-10-09T16:18:21+0900
2021.04,1513,中興電,sii,1678387,2204727,1211115,-23.87,38.58,6361100,4254279,49.52,-,https://mopsov.twse.com.tw/nas/t21/sii/t21sc03_110_4_0.html,2026-10-09T16:18:21+0900
2021.05,1513,中興電,sii,1043468,1678387,1099407,-37.82,-5.08,7404568,5353686,38.30,-,https://mopsov.twse.com.tw/nas/t21/sii/t21sc03_110_5_0.html,2026-10-09T16:18:21+0900
2021.06,1513,中興電,sii,1339572,1043468,1029142,28.37,30.16,8744140,6382828,36.99,-,https://mopsov.twse.com.tw/nas/t21/sii/t21sc03_110_6_0.html,2026-10-09T16:18:21+0900
2021.07,1513,中興電,sii,1246976,1339572,1087951,-6.91,14.61,9991116,7470779,33.73,-,https://mopsov.twse.com.tw/nas/t21/sii/t21sc03_110_7_0.html,2026-10-09T16:18:21+0900
2021.08,1513,中興電,sii,1466839,1246976,1324092,17.63,10.78,11457955,8794871,30.27,-,https://mopsov.twse.com.tw/nas/t21/sii/t21sc03_110_8_0.html,2026-10-09T16:18:21+0900
2021.09,1513,中興電,sii,1405608,1466839,1132160,-4.17,24.15,12863563,9927031,29.58,-,https://mopsov.twse.com.tw/nas/t21/sii/t21sc03_110_9_0.html,2026-10-09T16:18:21+0900
2021.10,1513,中興電,sii,1896633,1405608,998584,34.93,89.93,14760196,10925615,35.09,本月較去年同期增加，主要係業務成長營收增加 所致。,https://mopsov.twse.com.tw/nas/t21/sii/t21sc03_110_10_0.html,2026-10-09T16:18:21+0900
2021.11,1513,中興電,sii,1300299,1896633,1268416,-31.44,2.51,16060495,12194031,31.70,-,https://mopsov.twse.com.tw/nas/t21/sii/t21sc03_110_11_0.html,2026-10-09T16:18:21+0900
2021.12,1513,中興電,sii,1966465,1300299,3196653,51.23,-38.48,18026960,15390684,17.12,-,https://mopsov.twse.com.tw/nas/t21/sii/t21sc03_110_12_0.html,2026-10-09T16:18:21+0900
2022.01,1513,中興電,sii,1327330,1966465,1504562,-32.50,-11.77,1327330,1504562,-11.77,-,https://mopsov.twse.com.tw/nas/t21/sii/t21sc03_111_1_0.html,2026-10-09T15:39:43+0900
2022.02,1513,中興電,sii,1435084,1327330,973424,8.11,47.42,2762414,2477986,11.47,-,https://mopsov.twse.com.tw/nas/t21/sii/t21sc03_111_2_0.html,2026-10-09T15:39:43+0900
2022.03,1513,中興電,sii,1976860,1435084,2204727,37.75,-10.33,4739274,4682713,1.20,-,https://mopsov.twse.com.tw/nas/t21/sii/t21sc03_111_3_0.html,2026-10-09T15:39:43+0900
2022.04,1513,中興電,sii,1464869,1976860,1678387,-25.89,-12.72,6204143,6361100,-2.46,-,https://mopsov.twse.com.tw/nas/t21/sii/t21sc03_111_4_0.html,2026-10-09T15:39:43+0900
2022.05,1513,中興電,sii,1407055,1464869,1043468,-3.94,34.84,7611198,7404568,2.79,-,https://mopsov.twse.com.tw/nas/t21/sii/t21sc03_111_5_0.html,2026-10-09T15:39:43+0900
2022.06,1513,中興電,sii,1502907,1407055,1339572,6.81,12.19,9114105,8744140,4.23,-,https://mopsov.twse.com.tw/nas/t21/sii/t21sc03_111_6_0.html,2026-10-09T15:39:43+0900
2022.07,1513,中興電,sii,1498362,1502907,1246976,-0.30,20.15,10612467,9991116,6.21,-,https://mopsov.twse.com.tw/nas/t21/sii/t21sc03_111_7_0.html,2026-10-09T15:39:43+0900
2022.08,1513,中興電,sii,1486349,1498362,1466839,-0.80,1.33,12098816,11457955,5.59,-,https://mopsov.twse.com.tw/nas/t21/sii/t21sc03_111_8_0.html,2026-10-09T15:39:43+0900
2022.09,1513,中興電,sii,1649006,1486349,1405608,10.94,17.31,13747822,12863563,6.87,-,https://mopsov.twse.com.tw/nas/t21/sii/t21sc03_111_9_0.html,2026-10-09T15:39:43+0900
2022.10,1513,中興電,sii,1632622,1649006,1896633,-0.99,-13.91,15380444,14760196,4.20,-,https://mopsov.twse.com.tw/nas/t21/sii/t21sc03_111_10_0.html,2026-10-09T15:39:43+0900
2022.11,1513,中興電,sii,1599197,1632622,1300299,-2.04,22.98,16979641,16060495,5.72,-,https://mopsov.twse.com.tw/nas/t21/sii/t21sc03_111_11_0.html,2026-10-09T15:39:43+0900
2022.12,1513,中興電,sii,1573694,1599197,1966465,-1.59,-19.97,18553335,18026960,2.91,-,https://mopsov.twse.com.tw/nas/t21/sii/t21sc03_111_12_0.html,2026-10-09T15:39:43+0900
2023.01,1513,中興電,sii,1775922,1573694,1327330,12.85,33.79,1775922,1327330,33.79,-,https://mopsov.twse.com.tw/nas/t21/sii/t21sc03_112_1_0.html,2026-10-09T15:39:43+0900
2023.02,1513,中興電,sii,1982399,1775922,1435084,11.62,38.13,3758321,2762414,36.05,-,https://mopsov.twse.com.tw/nas/t21/sii/t21sc03_112_2_0.html,2026-10-09T15:39:43+0900
2023.03,1513,中興電,sii,2082959,1982399,1976860,5.07,5.36,5841280,4739274,23.25,-,https://mopsov.twse.com.tw/nas/t21/sii/t21sc03_112_3_0.html,2026-10-09T15:39:43+0900
2023.04,1513,中興電,sii,1431534,2082959,1464869,-31.27,-2.27,7272814,6204143,17.22,-,https://mopsov.twse.com.tw/nas/t21/sii/t21sc03_112_4_0.html,2026-10-09T15:39:43+0900
2023.05,1513,中興電,sii,1858144,1431534,1407055,29.80,32.05,9130958,7611198,19.96,-,https://mopsov.twse.com.tw/nas/t21/sii/t21sc03_112_5_0.html,2026-10-09T15:39:43+0900
2023.06,1513,中興電,sii,1640207,1858144,1502907,-11.72,9.13,10771165,9114105,18.18,-,https://mopsov.twse.com.tw/nas/t21/sii/t21sc03_112_6_0.html,2026-10-09T15:39:43+0900
2023.07,1513,中興電,sii,1967699,1640207,1498362,19.96,31.32,12738864,10612467,20.03,-,https://mopsov.twse.com.tw/nas/t21/sii/t21sc03_112_7_0.html,2026-10-09T15:39:43+0900
2023.08,1513,中興電,sii,1849896,1967699,1486349,-5.98,24.45,14588760,12098816,20.58,-,https://mopsov.twse.com.tw/nas/t21/sii/t21sc03_112_8_0.html,2026-10-09T15:39:43+0900
2023.09,1513,中興電,sii,1709458,1849896,1649006,-7.59,3.66,16298218,13747822,18.55,-,https://mopsov.twse.com.tw/nas/t21/sii/t21sc03_112_9_0.html,2026-10-09T15:39:43+0900
2023.10,1513,中興電,sii,2005685,1709458,1632622,17.32,22.85,18303903,15380444,19.00,-,https://mopsov.twse.com.tw/nas/t21/sii/t21sc03_112_10_0.html,2026-10-09T15:39:43+0900
2023.11,1513,中興電,sii,1825133,2005685,1599197,-9.00,14.12,20129036,16979641,18.54,-,https://mopsov.twse.com.tw/nas/t21/sii/t21sc03_112_11_0.html,2026-10-09T15:39:43+0900
2023.12,1513,中興電,sii,2015814,1825133,1573694,10.44,28.09,22144850,18553335,19.35,-,https://mopsov.twse.com.tw/nas/t21/sii/t21sc03_112_12_0.html,2026-10-09T15:39:43+0900
2024.01,1513,中興電,sii,1942911,2015814,1775922,-3.61,9.40,1942911,1775922,9.40,-,https://mopsov.twse.com.tw/nas/t21/sii/t21sc03_113_1_0.html,2026-10-09T15:39:43+0900
2024.02,1513,中興電,sii,1860808,1942911,1982399,-4.22,-6.13,3803719,3758321,1.20,-,https://mopsov.twse.com.tw/nas/t21/sii/t21sc03_113_2_0.html,2026-10-09T15:39:43+0900
2024.03,1513,中興電,sii,2334931,1860808,2082959,25.47,12.09,6138650,5841280,5.09,-,https://mopsov.twse.com.tw/nas/t21/sii/t21sc03_113_3_0.html,2026-10-09T15:39:43+0900
2024.04,1513,中興電,sii,1912628,2334931,1431534,-18.08,33.60,8051278,7272814,10.70,-,https://mopsov.twse.com.tw/nas/t21/sii/t21sc03_113_4_0.html,2026-10-09T15:39:43+0900
2024.05,1513,中興電,sii,2058815,1912628,1858144,7.64,10.79,10110093,9130958,10.72,-,https://mopsov.twse.com.tw/nas/t21/sii/t21sc03_113_5_0.html,2026-10-09T15:39:43+0900
2024.06,1513,中興電,sii,2162436,2058815,1640207,5.03,31.83,12272529,10771165,13.93,-,https://mopsov.twse.com.tw/nas/t21/sii/t21sc03_113_6_0.html,2026-10-09T15:39:43+0900
2024.07,1513,中興電,sii,2085481,2162436,1967699,-3.55,5.98,14358010,12738864,12.71,-,https://mopsov.twse.com.tw/nas/t21/sii/t21sc03_113_7_0.html,2026-10-09T15:39:43+0900
2024.08,1513,中興電,sii,2195732,2085481,1849896,5.28,18.69,16553742,14588760,13.46,-,https://mopsov.twse.com.tw/nas/t21/sii/t21sc03_113_8_0.html,2026-10-09T15:39:43+0900
2024.09,1513,中興電,sii,2105114,2195732,1709458,-4.12,23.14,18658856,16298218,14.48,-,https://mopsov.twse.com.tw/nas/t21/sii/t21sc03_113_9_0.html,2026-10-09T15:39:43+0900
2024.10,1513,中興電,sii,2323719,2105114,2005685,10.38,15.85,20982575,18303903,14.63,-,https://mopsov.twse.com.tw/nas/t21/sii/t21sc03_113_10_0.html,2026-10-09T15:39:43+0900
2024.11,1513,中興電,sii,2274184,2323719,1825133,-2.13,24.60,23256759,20129036,15.53,-,https://mopsov.twse.com.tw/nas/t21/sii/t21sc03_113_11_0.html,2026-10-09T15:39:43+0900
2024.12,1513,中興電,sii,2352792,2274184,2015814,3.45,16.71,25609551,22144850,15.64,-,https://mopsov.twse.com.tw/nas/t21/sii/t21sc03_113_12_0.html,2026-10-09T15:39:43+0900
2025.01,1513,中興電,sii,1929217,2352792,1942911,-18.00,-0.70,1929217,1942911,-0.70,-,https://mopsov.twse.com.tw/nas/t21/sii/t21sc03_114_1_0.html,2026-10-09T15:39:43+0900
2025.02,1513,中興電,sii,2155049,1929217,1860808,11.70,15.81,4084266,3803719,7.37,-,https://mopsov.twse.com.tw/nas/t21/sii/t21sc03_114_2_0.html,2026-10-09T15:39:43+0900
2025.03,1513,中興電,sii,2363392,2155049,2334931,9.66,1.21,6447658,6138650,5.03,-,https://mopsov.twse.com.tw/nas/t21/sii/t21sc03_114_3_0.html,2026-10-09T15:39:43+0900
2025.04,1513,中興電,sii,2179872,2363392,1912628,-7.76,13.97,8627530,8051278,7.15,-,https://mopsov.twse.com.tw/nas/t21/sii/t21sc03_114_4_0.html,2026-10-09T15:39:43+0900
2025.05,1513,中興電,sii,2308539,2179872,2058815,5.90,12.12,10936069,10110093,8.16,-,https://mopsov.twse.com.tw/nas/t21/sii/t21sc03_114_5_0.html,2026-10-09T15:39:43+0900
2025.06,1513,中興電,sii,2616009,2308539,2162436,13.31,20.97,13552078,12272529,10.42,-,https://mopsov.twse.com.tw/nas/t21/sii/t21sc03_114_6_0.html,2026-10-09T15:39:43+0900
2025.07,1513,中興電,sii,2321409,2616009,2085481,-11.26,11.31,15873487,14358010,10.55,-,https://mopsov.twse.com.tw/nas/t21/sii/t21sc03_114_7_0.html,2026-10-09T15:39:43+0900
2025.08,1513,中興電,sii,2297365,2321409,2195732,-1.03,4.62,18170852,16553742,9.76,-,https://mopsov.twse.com.tw/nas/t21/sii/t21sc03_114_8_0.html,2026-10-09T15:39:43+0900
2025.09,1513,中興電,sii,2172084,2297365,2105114,-5.45,3.18,20342936,18658856,9.02,-,https://mopsov.twse.com.tw/nas/t21/sii/t21sc03_114_9_0.html,2026-10-09T15:39:43+0900
2025.10,1513,中興電,sii,2217849,2172084,2323719,2.10,-4.55,22560785,20982575,7.52,-,https://mopsov.twse.com.tw/nas/t21/sii/t21sc03_114_10_0.html,2026-10-09T15:39:43+0900
2025.11,1513,中興電,sii,2321427,2217849,2274184,4.67,2.07,24882212,23256759,6.98,-,https://mopsov.twse.com.tw/nas/t21/sii/t21sc03_114_11_0.html,2026-10-09T15:39:43+0900
2025.12,1513,中興電,sii,2564559,2321427,2352792,10.47,9.00,27446771,25609551,7.17,-,https://mopsov.twse.com.tw/nas/t21/sii/t21sc03_114_12_0.html,2026-10-09T15:39:43+0900
2026.01,1513,中興電,sii,2133688,2564559,1929217,-16.80,10.59,2133688,1929217,10.59,-,https://mopsov.twse.com.tw/nas/t21/sii/t21sc03_115_1_0.html,2026-10-09T15:39:43+0900
2026.02,1513,中興電,sii,1879058,2133688,2155049,-11.93,-12.80,4012746,4084266,-1.75,-,https://mopsov.twse.com.tw/nas/t21/sii/t21sc03_115_2_0.html,2026-10-09T15:39:43+0900
2026.03,1513,中興電,sii,2477893,1879058,2363392,31.86,4.84,6490639,6447658,0.66,-,https://mopsov.twse.com.tw/nas/t21/sii/t21sc03_115_3_0.html,2026-10-09T15:39:43+0900
2026.04,1513,中興電,sii,2307697,2477893,2179872,-6.86,5.86,8798336,8627530,1.97,-,https://mopsov.twse.com.tw/nas/t21/sii/t21sc03_115_4_0.html,2026-10-09T15:39:43+0900
2026.05,1513,中興電,sii,2392022,2307697,2308539,3.65,3.61,11190358,10936069,2.32,-,https://mopsov.twse.com.tw/nas/t21/sii/t21sc03_115_5_0.html,2026-10-09T15:39:43+0900
2026.06,1513,中興電,sii,2833330,2392022,2616009,18.44,8.30,14023688,13552078,3.47,-,https://mopsov.twse.com.tw/nas/t21/sii/t21sc03_115_6_0.html,2026-10-09T15:39:43+0900
2026.07,1513,中興電,sii,2410391,2833330,2321409,-14.92,3.83,16434079,15873487,3.53,-,https://mopsov.twse.com.tw/nas/t21/sii/t21sc03_115_7_0.html,2026-10-09T16:18:21+0900
2026.08,1513,中興電,sii,2502498,2410391,2297365,3.82,8.92,18936577,18170852,4.21,-,https://mopsov.twse.com.tw/nas/t21/sii/t21sc03_115_8_0.html,2026-10-09T16:18:21+0900
2026.09,1513,中興電,sii,2416918,2502498,2172084,-3.41,11.27,21353495,20342936,4.96,-,https://mopsov.twse.com.tw/nas/t21/sii/t21sc03_115_9_0.html,2026-10-09T16:18:21+0900
2015.01,1519,華城,sii,255173,906025,170664,-71.83,49.51,255173,170664,49.51,-,https://mopsov.twse.com.tw/nas/t21/sii/t21sc03_104_1_0.html,2026-10-09T16:18:21+0900
2015.02,1519,華城,sii,396963,255173,434719,55.56,-8.68,652136,605383,7.72,-,https://mopsov.twse.com.tw/nas/t21/sii/t21sc03_104_2_0.html,2026-10-09T16:18:21+0900
2015.03,1519,華城,sii,374380,396963,343735,-5.68,8.91,1026516,949118,8.15,-,https://mopsov.twse.com.tw/nas/t21/sii/t21sc03_104_3_0.html,2026-10-09T16:18:21+0900
2015.04,1519,華城,sii,458925,374380,312196,22.58,46.99,1485441,1261314,17.76,-,https://mopsov.twse.com.tw/nas/t21/sii/t21sc03_104_4_0.html,2026-10-09T16:18:21+0900
2015.05,1519,華城,sii,312895,458925,197672,-31.82,58.28,1798336,1458986,23.25,-,https://mopsov.twse.com.tw/nas/t21/sii/t21sc03_104_5_0.html,2026-10-09T16:18:21+0900
2015.06,1519,華城,sii,568142,312895,514062,81.57,10.52,2366478,1973048,19.94,-,https://mopsov.twse.com.tw/nas/t21/sii/t21sc03_104_6_0.html,2026-10-09T16:18:21+0900
2015.07,1519,華城,sii,375345,568142,311944,-33.93,20.32,2741823,2284992,19.99,-,https://mopsov.twse.com.tw/nas/t21/sii/t21sc03_104_7_0.html,2026-10-09T16:18:21+0900
2015.08,1519,華城,sii,438806,375345,477299,16.90,-8.06,3180629,2762291,15.14,-,https://mopsov.twse.com.tw/nas/t21/sii/t21sc03_104_8_0.html,2026-10-09T16:18:21+0900
2015.09,1519,華城,sii,462797,438806,482410,5.46,-4.06,3643426,3244701,12.28,-,https://mopsov.twse.com.tw/nas/t21/sii/t21sc03_104_9_0.html,2026-10-09T16:18:21+0900
2015.10,1519,華城,sii,357885,462797,352864,-22.66,1.42,4001311,3597565,11.22,-,https://mopsov.twse.com.tw/nas/t21/sii/t21sc03_104_10_0.html,2026-10-09T16:18:21+0900
2015.11,1519,華城,sii,425651,357885,619781,18.93,-31.32,4426962,4217346,4.97,-,https://mopsov.twse.com.tw/nas/t21/sii/t21sc03_104_11_0.html,2026-10-09T16:18:21+0900
2015.12,1519,華城,sii,1288396,425651,906025,202.68,42.20,5715358,5123371,11.55,-,https://mopsov.twse.com.tw/nas/t21/sii/t21sc03_104_12_0.html,2026-10-09T16:18:21+0900
2016.01,1519,華城,sii,339440,1288396,255173,-73.65,33.02,339440,255173,33.02,-,https://mopsov.twse.com.tw/nas/t21/sii/t21sc03_105_1_0.html,2026-10-09T16:18:21+0900
2016.02,1519,華城,sii,267458,339440,396963,-21.20,-32.62,606898,652136,-6.93,-,https://mopsov.twse.com.tw/nas/t21/sii/t21sc03_105_2_0.html,2026-10-09T16:18:21+0900
2016.03,1519,華城,sii,429038,267458,374380,60.41,14.59,1035936,1026516,0.91,-,https://mopsov.twse.com.tw/nas/t21/sii/t21sc03_105_3_0.html,2026-10-09T16:18:21+0900
2016.04,1519,華城,sii,760078,429038,458925,77.15,65.62,1796014,1485441,20.90,"主要為345KVA電力變壓器3台及亭置式TR 100KVA出貨1,250具。本公司為訂單生產依顧客交期出貨認列營收，所以月營收起伏變化大。",https://mopsov.twse.com.tw/nas/t21/sii/t21sc03_105_4_0.html,2026-10-09T16:18:21+0900
2016.05,1519,華城,sii,397684,760078,312895,-47.67,27.09,2193698,1798336,21.98,-,https://mopsov.twse.com.tw/nas/t21/sii/t21sc03_105_5_0.html,2026-10-09T16:18:21+0900
2016.06,1519,華城,sii,781845,397684,568142,96.59,37.61,2975543,2366478,25.73,-,https://mopsov.twse.com.tw/nas/t21/sii/t21sc03_105_6_0.html,2026-10-09T16:18:21+0900
2016.07,1519,華城,sii,420134,781845,375345,-46.26,11.93,3395677,2741823,23.84,-,https://mopsov.twse.com.tw/nas/t21/sii/t21sc03_105_7_0.html,2026-10-09T16:18:21+0900
2016.08,1519,華城,sii,586268,420134,438806,39.54,33.60,3981945,3180629,25.19,-,https://mopsov.twse.com.tw/nas/t21/sii/t21sc03_105_8_0.html,2026-10-09T16:18:21+0900
2016.09,1519,華城,sii,384928,586268,462797,-34.34,-16.82,4366873,3643426,19.85,-,https://mopsov.twse.com.tw/nas/t21/sii/t21sc03_105_9_0.html,2026-10-09T16:18:21+0900
2016.10,1519,華城,sii,364361,384928,357885,-5.34,1.80,4731234,4001311,18.24,-,https://mopsov.twse.com.tw/nas/t21/sii/t21sc03_105_10_0.html,2026-10-09T16:18:21+0900
2016.11,1519,華城,sii,475741,364361,425651,30.56,11.76,5206975,4426962,17.61,-,https://mopsov.twse.com.tw/nas/t21/sii/t21sc03_105_11_0.html,2026-10-09T16:18:21+0900
2016.12,1519,華城,sii,519285,475741,1288396,9.15,-59.69,5726260,5715358,0.19,本月主要為公營及外銷案減少，但全年度營收較同期略增，本公司為訂單生產依顧客交期出貨認列營收，所以月營收起伏變化大。,https://mopsov.twse.com.tw/nas/t21/sii/t21sc03_105_12_0.html,2026-10-09T16:18:21+0900
2017.01,1519,華城,sii,157204,519285,339440,-69.72,-53.68,157204,339440,-53.68,主要為外銷案減少。,https://mopsov.twse.com.tw/nas/t21/sii/t21sc03_106_1_0.html,2026-10-09T16:18:21+0900
2017.02,1519,華城,sii,277964,157204,267458,76.81,3.92,435168,606898,-28.29,-,https://mopsov.twse.com.tw/nas/t21/sii/t21sc03_106_2_0.html,2026-10-09T16:18:21+0900
2017.03,1519,華城,sii,755249,277964,429038,171.70,76.03,1190417,1035936,14.91,主要是公營及其他民營案增加,https://mopsov.twse.com.tw/nas/t21/sii/t21sc03_106_3_0.html,2026-10-09T16:18:21+0900
2017.04,1519,華城,sii,205064,755249,760078,-72.84,-73.02,1395481,1796014,-22.30,"主要是民營案減少，去年同期民營主要為345KVA電力變壓器出貨3台及亭置式TR 100KVA出貨1,250具。",https://mopsov.twse.com.tw/nas/t21/sii/t21sc03_106_4_0.html,2026-10-09T16:18:21+0900
2017.05,1519,華城,sii,374884,205064,397684,82.81,-5.73,1770365,2193698,-19.29,-,https://mopsov.twse.com.tw/nas/t21/sii/t21sc03_106_5_0.html,2026-10-09T16:18:21+0900
2017.06,1519,華城,sii,766343,374884,781845,104.42,-1.98,2536708,2975543,-14.74,-,https://mopsov.twse.com.tw/nas/t21/sii/t21sc03_106_6_0.html,2026-10-09T16:18:21+0900
2017.07,1519,華城,sii,433470,766343,420134,-43.43,3.17,2970178,3395677,-12.53,-,https://mopsov.twse.com.tw/nas/t21/sii/t21sc03_106_7_0.html,2026-10-09T16:18:21+0900
2017.08,1519,華城,sii,354553,433470,586268,-18.20,-39.52,3324731,3981945,-16.50,-,https://mopsov.twse.com.tw/nas/t21/sii/t21sc03_106_8_0.html,2026-10-09T16:18:21+0900
2017.09,1519,華城,sii,443900,354553,384928,25.19,15.32,3768631,4366873,-13.69,-,https://mopsov.twse.com.tw/nas/t21/sii/t21sc03_106_9_0.html,2026-10-09T16:18:21+0900
2017.10,1519,華城,sii,637474,443900,364361,43.60,74.95,4406105,4731234,-6.87,營收較同期增加主要是公營、民營及工程案。,https://mopsov.twse.com.tw/nas/t21/sii/t21sc03_106_10_0.html,2026-10-09T16:18:21+0900
2017.11,1519,華城,sii,405276,637474,475741,-36.42,-14.81,4811381,5206975,-7.59,-,https://mopsov.twse.com.tw/nas/t21/sii/t21sc03_106_11_0.html,2026-10-09T16:18:21+0900
2017.12,1519,華城,sii,1058309,405276,519285,161.13,103.80,5869690,5726260,2.50,營收較同期大幅增加主要是外銷案認列,https://mopsov.twse.com.tw/nas/t21/sii/t21sc03_106_12_0.html,2026-10-09T16:18:21+0900
2018.01,1519,華城,sii,418601,1058309,157204,-60.44,166.27,418601,157204,166.27,本月較同期增加166.28%主要是外銷案。,https://mopsov.twse.com.tw/nas/t21/sii/t21sc03_107_1_0.html,2026-10-09T16:18:21+0900
2018.02,1519,華城,sii,309952,418601,277964,-25.95,11.50,728553,435168,67.41,累計二月較同期增加主要為外銷案。,https://mopsov.twse.com.tw/nas/t21/sii/t21sc03_107_2_0.html,2026-10-09T16:18:21+0900
2018.03,1519,華城,sii,519328,309952,755249,67.55,-31.23,1247881,1190417,4.82,-,https://mopsov.twse.com.tw/nas/t21/sii/t21sc03_107_3_0.html,2026-10-09T16:18:21+0900
2018.04,1519,華城,sii,383467,519328,205064,-26.16,86.99,1631348,1395481,16.90,主要是外銷案增加。,https://mopsov.twse.com.tw/nas/t21/sii/t21sc03_107_4_0.html,2026-10-09T16:18:21+0900
2018.05,1519,華城,sii,313388,383467,374884,-18.27,-16.40,1944736,1770365,9.84,-,https://mopsov.twse.com.tw/nas/t21/sii/t21sc03_107_5_0.html,2026-10-09T16:18:21+0900
2018.06,1519,華城,sii,506746,313388,766343,61.69,-33.87,2451482,2536708,-3.35,-,https://mopsov.twse.com.tw/nas/t21/sii/t21sc03_107_6_0.html,2026-10-09T16:18:21+0900
2018.07,1519,華城,sii,377500,506746,433470,-25.50,-12.91,2828982,2970178,-4.75,-,https://mopsov.twse.com.tw/nas/t21/sii/t21sc03_107_7_0.html,2026-10-09T16:18:21+0900
2018.08,1519,華城,sii,741383,377500,354553,96.39,109.10,3570365,3324731,7.38,8月營收較同期增加主要是民營及外銷案。,https://mopsov.twse.com.tw/nas/t21/sii/t21sc03_107_8_0.html,2026-10-09T16:18:21+0900
2018.09,1519,華城,sii,617386,741383,443900,-16.72,39.08,4187752,3768631,11.12,-,https://mopsov.twse.com.tw/nas/t21/sii/t21sc03_107_9_0.html,2026-10-09T16:18:21+0900
2018.10,1519,華城,sii,528587,617386,637474,-14.38,-17.08,4716339,4406105,7.04,-,https://mopsov.twse.com.tw/nas/t21/sii/t21sc03_107_10_0.html,2026-10-09T16:18:21+0900
2018.11,1519,華城,sii,379709,528587,405276,-28.16,-6.30,5096048,4811381,5.91,-,https://mopsov.twse.com.tw/nas/t21/sii/t21sc03_107_11_0.html,2026-10-09T16:18:21+0900
2018.12,1519,華城,sii,900515,379709,1058309,137.15,-14.91,5996563,5869690,2.16,-,https://mopsov.twse.com.tw/nas/t21/sii/t21sc03_107_12_0.html,2026-10-09T16:18:21+0900
2019.01,1519,華城,sii,237388,900515,418601,-73.63,-43.29,237388,418601,-43.29,-,https://mopsov.twse.com.tw/nas/t21/sii/t21sc03_108_1_0.html,2026-10-09T16:18:21+0900
2019.02,1519,華城,sii,418100,237388,309952,76.12,34.89,655488,728553,-10.02,-,https://mopsov.twse.com.tw/nas/t21/sii/t21sc03_108_2_0.html,2026-10-09T16:18:21+0900
2019.03,1519,華城,sii,575665,418100,519328,37.68,10.84,1231153,1247881,-1.34,-,https://mopsov.twse.com.tw/nas/t21/sii/t21sc03_108_3_0.html,2026-10-09T16:18:21+0900
2019.04,1519,華城,sii,450377,575665,383467,-21.76,17.44,1681530,1631348,3.07,-,https://mopsov.twse.com.tw/nas/t21/sii/t21sc03_108_4_0.html,2026-10-09T16:18:21+0900
2019.05,1519,華城,sii,412632,450377,313388,-8.38,31.66,2094162,1944736,7.68,-,https://mopsov.twse.com.tw/nas/t21/sii/t21sc03_108_5_0.html,2026-10-09T16:18:21+0900
2019.06,1519,華城,sii,620143,412632,506746,50.28,22.37,2714305,2451482,10.72,-,https://mopsov.twse.com.tw/nas/t21/sii/t21sc03_108_6_0.html,2026-10-09T16:18:21+0900
2019.07,1519,華城,sii,363164,620143,377500,-41.43,-3.79,3077469,2828982,8.78,-,https://mopsov.twse.com.tw/nas/t21/sii/t21sc03_108_7_0.html,2026-10-09T16:18:21+0900
2019.08,1519,華城,sii,656929,363164,741383,80.89,-11.39,3734398,3570365,4.59,-,https://mopsov.twse.com.tw/nas/t21/sii/t21sc03_108_8_0.html,2026-10-09T16:18:21+0900
2019.09,1519,華城,sii,383387,656929,617386,-41.63,-37.90,4117785,4187752,-1.67,-,https://mopsov.twse.com.tw/nas/t21/sii/t21sc03_108_9_0.html,2026-10-09T16:18:21+0900
2019.10,1519,華城,sii,676528,383387,528587,76.46,27.98,4794313,4716339,1.65,-,https://mopsov.twse.com.tw/nas/t21/sii/t21sc03_108_10_0.html,2026-10-09T16:18:21+0900
2019.11,1519,華城,sii,776318,676528,379709,14.75,104.45,5570631,5096048,9.31,本月較同期增加主要是民營案及外銷案。,https://mopsov.twse.com.tw/nas/t21/sii/t21sc03_108_11_0.html,2026-10-09T16:18:21+0900
2019.12,1519,華城,sii,1605967,776318,900515,106.86,78.33,7176598,5996563,19.67,本月較同期增加只要是民營案及外銷案。,https://mopsov.twse.com.tw/nas/t21/sii/t21sc03_108_12_0.html,2026-10-09T16:18:21+0900
2020.01,1519,華城,sii,735811,1605967,237388,-54.18,209.96,735811,237388,209.96,公營、市面均增加，尤其外銷增加最多。,https://mopsov.twse.com.tw/nas/t21/sii/t21sc03_109_1_0.html,2026-10-09T16:18:21+0900
2020.02,1519,華城,sii,424239,735811,418100,-42.34,1.46,1160050,655488,76.97,二月累計較同期增加為一月外銷增加,https://mopsov.twse.com.tw/nas/t21/sii/t21sc03_109_2_0.html,2026-10-09T16:18:21+0900
2020.03,1519,華城,sii,516662,424239,575665,21.78,-10.24,1676712,1231153,36.19,-,https://mopsov.twse.com.tw/nas/t21/sii/t21sc03_109_3_0.html,2026-10-09T16:18:21+0900
2020.04,1519,華城,sii,475168,516662,450377,-8.03,5.50,2151880,1681530,27.97,-,https://mopsov.twse.com.tw/nas/t21/sii/t21sc03_109_4_0.html,2026-10-09T16:18:21+0900
2020.05,1519,華城,sii,662623,475168,412632,39.45,60.58,2814503,2094162,34.39,主要是民營案增加。,https://mopsov.twse.com.tw/nas/t21/sii/t21sc03_109_5_0.html,2026-10-09T16:18:21+0900
2020.06,1519,華城,sii,670184,662623,620143,1.14,8.06,3484687,2714305,28.38,-,https://mopsov.twse.com.tw/nas/t21/sii/t21sc03_109_6_0.html,2026-10-09T16:18:21+0900
2020.07,1519,華城,sii,613204,670184,363164,-8.50,68.85,4097891,3077469,33.15,主要是民營案增加。,https://mopsov.twse.com.tw/nas/t21/sii/t21sc03_109_7_0.html,2026-10-09T16:18:21+0900
2020.08,1519,華城,sii,918051,613204,656929,49.71,39.74,5015942,3734398,34.31,-,https://mopsov.twse.com.tw/nas/t21/sii/t21sc03_109_8_0.html,2026-10-09T16:18:21+0900
2020.09,1519,華城,sii,849914,918051,383387,-7.42,121.68,5865856,4117785,42.45,本月較同期增加主要是民營案。,https://mopsov.twse.com.tw/nas/t21/sii/t21sc03_109_9_0.html,2026-10-09T16:18:21+0900
2020.10,1519,華城,sii,608406,849914,676528,-28.41,-10.06,6474262,4794313,35.04,-,https://mopsov.twse.com.tw/nas/t21/sii/t21sc03_109_10_0.html,2026-10-09T16:18:21+0900
2020.11,1519,華城,sii,650893,608406,776318,6.98,-16.15,7125155,5570631,27.90,-,https://mopsov.twse.com.tw/nas/t21/sii/t21sc03_109_11_0.html,2026-10-09T16:18:21+0900
2020.12,1519,華城,sii,1346437,650893,1605967,106.85,-16.16,8471592,7176598,18.04,-,https://mopsov.twse.com.tw/nas/t21/sii/t21sc03_109_12_0.html,2026-10-09T16:18:21+0900
2021.01,1519,華城,sii,469183,1346437,735811,-65.15,-36.23,469183,735811,-36.23,-,https://mopsov.twse.com.tw/nas/t21/sii/t21sc03_110_1_0.html,2026-10-09T16:18:21+0900
2021.02,1519,華城,sii,417358,469183,424239,-11.04,-1.62,886541,1160050,-23.57,-,https://mopsov.twse.com.tw/nas/t21/sii/t21sc03_110_2_0.html,2026-10-09T16:18:21+0900
2021.03,1519,華城,sii,709451,417358,516662,69.98,37.31,1595992,1676712,-4.81,-,https://mopsov.twse.com.tw/nas/t21/sii/t21sc03_110_3_0.html,2026-10-09T16:18:21+0900
2021.04,1519,華城,sii,683460,709451,475168,-3.66,43.83,2279452,2151880,5.92,-,https://mopsov.twse.com.tw/nas/t21/sii/t21sc03_110_4_0.html,2026-10-09T16:18:21+0900
2021.05,1519,華城,sii,723841,683460,662623,5.90,9.23,3003293,2814503,6.70,-,https://mopsov.twse.com.tw/nas/t21/sii/t21sc03_110_5_0.html,2026-10-09T16:18:21+0900
2021.06,1519,華城,sii,971935,723841,670184,34.27,45.02,3975228,3484687,14.07,-,https://mopsov.twse.com.tw/nas/t21/sii/t21sc03_110_6_0.html,2026-10-09T16:18:21+0900
2021.07,1519,華城,sii,641898,971935,613204,-33.95,4.67,4617126,4097891,12.67,-,https://mopsov.twse.com.tw/nas/t21/sii/t21sc03_110_7_0.html,2026-10-09T16:18:21+0900
2021.08,1519,華城,sii,705918,641898,918051,9.97,-23.10,5323044,5015942,6.12,-,https://mopsov.twse.com.tw/nas/t21/sii/t21sc03_110_8_0.html,2026-10-09T16:18:21+0900
2021.09,1519,華城,sii,634517,705918,849914,-10.11,-25.34,5957561,5865856,1.56,-,https://mopsov.twse.com.tw/nas/t21/sii/t21sc03_110_9_0.html,2026-10-09T16:18:21+0900
2021.10,1519,華城,sii,567140,634517,608406,-10.61,-6.78,6524701,6474262,0.77,-,https://mopsov.twse.com.tw/nas/t21/sii/t21sc03_110_10_0.html,2026-10-09T16:18:21+0900
2021.11,1519,華城,sii,870436,567140,650893,53.47,33.72,7395137,7125155,3.78,-,https://mopsov.twse.com.tw/nas/t21/sii/t21sc03_110_11_0.html,2026-10-09T16:18:21+0900
2021.12,1519,華城,sii,1624957,870436,1346437,86.68,20.68,9020094,8471592,6.47,-,https://mopsov.twse.com.tw/nas/t21/sii/t21sc03_110_12_0.html,2026-10-09T16:18:21+0900
2022.01,1519,華城,sii,300184,1624957,469183,-81.52,-36.01,300184,469183,-36.01,-,https://mopsov.twse.com.tw/nas/t21/sii/t21sc03_111_1_0.html,2026-10-09T15:39:43+0900
2022.02,1519,華城,sii,525084,300184,417358,74.92,25.81,825268,886541,-6.91,-,https://mopsov.twse.com.tw/nas/t21/sii/t21sc03_111_2_0.html,2026-10-09T15:39:43+0900
2022.03,1519,華城,sii,570125,525084,709451,8.57,-19.63,1395393,1595992,-12.56,-,https://mopsov.twse.com.tw/nas/t21/sii/t21sc03_111_3_0.html,2026-10-09T15:39:43+0900
2022.04,1519,華城,sii,488370,570125,683460,-14.33,-28.54,1883763,2279452,-17.35,-,https://mopsov.twse.com.tw/nas/t21/sii/t21sc03_111_4_0.html,2026-10-09T15:39:43+0900
2022.05,1519,華城,sii,622040,488370,723841,27.37,-14.06,2505803,3003293,-16.56,-,https://mopsov.twse.com.tw/nas/t21/sii/t21sc03_111_5_0.html,2026-10-09T15:39:43+0900
2022.06,1519,華城,sii,934679,622040,971935,50.26,-3.83,3440482,3975228,-13.45,-,https://mopsov.twse.com.tw/nas/t21/sii/t21sc03_111_6_0.html,2026-10-09T15:39:43+0900
2022.07,1519,華城,sii,353640,934679,641898,-62.16,-44.90,3794122,4617126,-17.82,-,https://mopsov.twse.com.tw/nas/t21/sii/t21sc03_111_7_0.html,2026-10-09T15:39:43+0900
2022.08,1519,華城,sii,509820,353640,705918,44.16,-27.77,4303942,5323044,-19.14,-,https://mopsov.twse.com.tw/nas/t21/sii/t21sc03_111_8_0.html,2026-10-09T15:39:43+0900
2022.09,1519,華城,sii,781296,509820,634517,53.24,23.13,5085238,5957561,-14.64,-,https://mopsov.twse.com.tw/nas/t21/sii/t21sc03_111_9_0.html,2026-10-09T15:39:43+0900
2022.10,1519,華城,sii,558201,781296,567140,-28.55,-1.57,5643439,6524701,-13.50,-,https://mopsov.twse.com.tw/nas/t21/sii/t21sc03_111_10_0.html,2026-10-09T15:39:43+0900
2022.11,1519,華城,sii,844380,558201,870436,51.26,-2.99,6487819,7395137,-12.26,-,https://mopsov.twse.com.tw/nas/t21/sii/t21sc03_111_11_0.html,2026-10-09T15:39:43+0900
2022.12,1519,華城,sii,1262908,844380,1624957,49.56,-22.28,7750727,9020094,-14.07,-,https://mopsov.twse.com.tw/nas/t21/sii/t21sc03_111_12_0.html,2026-10-09T15:39:43+0900
2023.01,1519,華城,sii,184019,1262908,300184,-85.42,-38.69,184019,300184,-38.69,-,https://mopsov.twse.com.tw/nas/t21/sii/t21sc03_112_1_0.html,2026-10-09T15:39:43+0900
2023.02,1519,華城,sii,306963,184019,525084,66.81,-41.54,490982,825268,-40.50,-,https://mopsov.twse.com.tw/nas/t21/sii/t21sc03_112_2_0.html,2026-10-09T15:39:43+0900
2023.03,1519,華城,sii,1049563,306963,570125,241.91,84.09,1540545,1395393,10.40,3月營收較同期增加84.09%，主要是依顧客交期認列及去年Q4營收遞延影響。,https://mopsov.twse.com.tw/nas/t21/sii/t21sc03_112_3_0.html,2026-10-09T15:39:43+0900
2023.04,1519,華城,sii,1084596,1049563,488370,3.33,122.08,2625141,1883763,39.35,4月較去年同期增加122.08%，主要是民營及外銷案依顧客交期認列。,https://mopsov.twse.com.tw/nas/t21/sii/t21sc03_112_4_0.html,2026-10-09T15:39:43+0900
2023.05,1519,華城,sii,614688,1084596,622040,-43.32,-1.18,3239829,2505803,29.29,-,https://mopsov.twse.com.tw/nas/t21/sii/t21sc03_112_5_0.html,2026-10-09T15:39:43+0900
2023.06,1519,華城,sii,1403435,614688,934679,128.31,50.15,4643264,3440482,34.95,本公司為客製化產品營收起伏大，本月營收較同期增加50.15%，主要是認列公營案及外銷案。,https://mopsov.twse.com.tw/nas/t21/sii/t21sc03_112_6_0.html,2026-10-09T15:39:43+0900
2023.07,1519,華城,sii,1241976,1403435,353640,-11.50,251.19,5885240,3794122,55.11,本月營收較同期增加251.2%主要是外銷案認列,https://mopsov.twse.com.tw/nas/t21/sii/t21sc03_112_7_0.html,2026-10-09T15:39:43+0900
2023.08,1519,華城,sii,961051,1241976,509820,-22.61,88.50,6846291,4303942,59.07,本月與同期逾50%以上，主要是公營案增加。,https://mopsov.twse.com.tw/nas/t21/sii/t21sc03_112_8_0.html,2026-10-09T15:39:43+0900
2023.09,1519,華城,sii,1441440,961051,781296,49.98,84.49,8287731,5085238,62.97,本月與同期逾50%以上，主要是公營案及民營案增加。,https://mopsov.twse.com.tw/nas/t21/sii/t21sc03_112_9_0.html,2026-10-09T15:39:43+0900
2023.10,1519,華城,sii,1345186,1441440,558201,-6.67,140.98,9632917,5643439,70.69,"本公司今年營收成長,依顧客交期出貨認列營收,所以月營收起伏變化大。",https://mopsov.twse.com.tw/nas/t21/sii/t21sc03_112_10_0.html,2026-10-09T15:39:43+0900
2023.11,1519,華城,sii,1691816,1345186,844380,25.76,100.36,11324733,6487819,74.55,"本月較同期增加主要是公營及外銷案,依顧客交期認列所以月營收起伏變化大。",https://mopsov.twse.com.tw/nas/t21/sii/t21sc03_112_11_0.html,2026-10-09T15:39:43+0900
2023.12,1519,華城,sii,2575007,1691816,1262908,52.20,103.89,13899740,7750727,79.33,"本月較同期增加為民營及外銷案依顧客交期認列,以及統包工程案依投入成本比例認列,故月營收起伏變化較大。",https://mopsov.twse.com.tw/nas/t21/sii/t21sc03_112_12_0.html,2026-10-09T15:39:43+0900
2024.01,1519,華城,sii,674596,2575007,184019,-73.80,266.59,674596,184019,266.59,"本月較同期增加為公營及外銷案依顧客交期認列,故月營收起伏變化較大。",https://mopsov.twse.com.tw/nas/t21/sii/t21sc03_113_1_0.html,2026-10-09T15:39:43+0900
2024.02,1519,華城,sii,804939,674596,306963,19.32,162.22,1479535,490982,201.34,"本月較同期增加主要為外銷案依顧客交期認列,故月營收起伏變化較大。",https://mopsov.twse.com.tw/nas/t21/sii/t21sc03_113_2_0.html,2026-10-09T15:39:43+0900
2024.03,1519,華城,sii,1557966,804939,1049563,93.55,48.43,3037501,1540545,97.17,本年累計金額較同期增加，主要為外銷案訂單成長，民營案次之。,https://mopsov.twse.com.tw/nas/t21/sii/t21sc03_113_3_0.html,2026-10-09T15:39:43+0900
2024.04,1519,華城,sii,1466362,1557966,1084596,-5.87,35.19,4503863,2625141,71.56,本年累計金額較同期增加，主要為台電及外銷案訂單成長。,https://mopsov.twse.com.tw/nas/t21/sii/t21sc03_113_4_0.html,2026-10-09T15:39:43+0900
2024.05,1519,華城,sii,1253062,1466362,614688,-14.54,103.85,5756925,3239829,77.69,本月金額較同期增加，主要為外銷及民營案訂單成長。,https://mopsov.twse.com.tw/nas/t21/sii/t21sc03_113_5_0.html,2026-10-09T15:39:43+0900
2024.06,1519,華城,sii,1926418,1253062,1403435,53.73,37.26,7683343,4643264,65.47,本年累計金額較同期增加，主要為外銷及民營案訂單成長。,https://mopsov.twse.com.tw/nas/t21/sii/t21sc03_113_6_0.html,2026-10-09T15:39:43+0900
2024.07,1519,華城,sii,2003638,1926418,1241976,4.00,61.32,9686981,5885240,64.59,本年累計金額較同期增加，主要為外銷及民營案訂單成長。,https://mopsov.twse.com.tw/nas/t21/sii/t21sc03_113_7_0.html,2026-10-09T15:39:43+0900
2024.08,1519,華城,sii,1587327,2003638,961051,-20.77,65.16,11274308,6846291,64.67,本月較同期增加，主要為民營案依顧客交期認列。,https://mopsov.twse.com.tw/nas/t21/sii/t21sc03_113_8_0.html,2026-10-09T15:39:43+0900
2024.09,1519,華城,sii,1765912,1587327,1441440,11.25,22.51,13040220,8287731,57.34,本年累計金額較同期增加，主要為外銷及民營案訂單成長。,https://mopsov.twse.com.tw/nas/t21/sii/t21sc03_113_9_0.html,2026-10-09T15:39:43+0900
2024.10,1519,華城,sii,1968763,1765912,1345186,11.48,46.35,15008983,9632917,55.80,本年累計金額較同期增加，主要為外銷及民營案訂單成長。,https://mopsov.twse.com.tw/nas/t21/sii/t21sc03_113_10_0.html,2026-10-09T15:39:43+0900
2024.11,1519,華城,sii,1685771,1968763,1691816,-14.37,-0.35,16694754,11324733,47.41,-,https://mopsov.twse.com.tw/nas/t21/sii/t21sc03_113_11_0.html,2026-10-09T15:39:43+0900
2024.12,1519,華城,sii,3508025,1685771,2575007,108.09,36.23,20202779,13899740,45.34,-,https://mopsov.twse.com.tw/nas/t21/sii/t21sc03_113_12_0.html,2026-10-09T15:39:43+0900
2025.01,1519,華城,sii,1275049,3508025,674596,-63.65,89.00,1275049,674596,89.00,"本月較同期增加,主要為公營及外銷案依顧客交期認列。",https://mopsov.twse.com.tw/nas/t21/sii/t21sc03_114_1_0.html,2026-10-09T15:39:43+0900
2025.02,1519,華城,sii,1176341,1275049,804939,-7.74,46.14,2451390,1479535,65.68,"本月累計金額較同期增加,主要為公營及外銷案依顧客交期認列。",https://mopsov.twse.com.tw/nas/t21/sii/t21sc03_114_2_0.html,2026-10-09T15:39:43+0900
2025.03,1519,華城,sii,1969871,1176341,1557966,67.45,26.43,4421261,3037501,45.55,-,https://mopsov.twse.com.tw/nas/t21/sii/t21sc03_114_3_0.html,2026-10-09T15:39:43+0900
2025.04,1519,華城,sii,2113986,1969871,1466362,7.31,44.16,6535247,4503863,45.10,-,https://mopsov.twse.com.tw/nas/t21/sii/t21sc03_114_4_0.html,2026-10-09T15:39:43+0900
2025.05,1519,華城,sii,1628913,2113986,1253062,-22.94,29.99,8164160,5756925,41.81,-,https://mopsov.twse.com.tw/nas/t21/sii/t21sc03_114_5_0.html,2026-10-09T15:39:43+0900
2025.06,1519,華城,sii,2330489,1628913,1926418,43.07,20.97,10494649,7683343,36.58,-,https://mopsov.twse.com.tw/nas/t21/sii/t21sc03_114_6_0.html,2026-10-09T15:39:43+0900
2025.07,1519,華城,sii,2235813,2330489,2003638,-4.06,11.58,12730462,9686981,31.41,-,https://mopsov.twse.com.tw/nas/t21/sii/t21sc03_114_7_0.html,2026-10-09T15:39:43+0900
2025.08,1519,華城,sii,1703482,2235813,1587327,-23.80,7.31,14433944,11274308,28.02,-,https://mopsov.twse.com.tw/nas/t21/sii/t21sc03_114_8_0.html,2026-10-09T15:39:43+0900
2025.09,1519,華城,sii,1892504,1703482,1765912,11.09,7.16,16326448,13040220,25.20,-,https://mopsov.twse.com.tw/nas/t21/sii/t21sc03_114_9_0.html,2026-10-09T15:39:43+0900
2025.10,1519,華城,sii,2231989,1892504,1968763,17.93,13.37,18558437,15008983,23.64,-,https://mopsov.twse.com.tw/nas/t21/sii/t21sc03_114_10_0.html,2026-10-09T15:39:43+0900
2025.11,1519,華城,sii,1975829,2231989,1685771,-11.47,17.20,20534266,16694754,22.99,-,https://mopsov.twse.com.tw/nas/t21/sii/t21sc03_114_11_0.html,2026-10-09T15:39:43+0900
2025.12,1519,華城,sii,3888791,1975829,3508025,96.81,10.85,24423057,20202779,20.88,-,https://mopsov.twse.com.tw/nas/t21/sii/t21sc03_114_12_0.html,2026-10-09T15:39:43+0900
2026.01,1519,華城,sii,1356774,3888791,1275049,-65.11,6.40,1356774,1275049,6.40,-,https://mopsov.twse.com.tw/nas/t21/sii/t21sc03_115_1_0.html,2026-10-09T15:39:43+0900
2026.02,1519,華城,sii,1363202,1356774,1176341,0.47,15.88,2719976,2451390,10.95,-,https://mopsov.twse.com.tw/nas/t21/sii/t21sc03_115_2_0.html,2026-10-09T15:39:43+0900
2026.03,1519,華城,sii,2036539,1363202,1969871,49.39,3.38,4756515,4421261,7.58,-,https://mopsov.twse.com.tw/nas/t21/sii/t21sc03_115_3_0.html,2026-10-09T15:39:43+0900
2026.04,1519,華城,sii,2248955,2036539,2113986,10.43,6.38,7005470,6535247,7.19,-,https://mopsov.twse.com.tw/nas/t21/sii/t21sc03_115_4_0.html,2026-10-09T15:39:43+0900
2026.05,1519,華城,sii,1476965,2248955,1628913,-34.32,-9.32,8482435,8164160,3.89,-,https://mopsov.twse.com.tw/nas/t21/sii/t21sc03_115_5_0.html,2026-10-09T15:39:43+0900
2026.06,1519,華城,sii,1729751,1476965,2330489,17.11,-25.77,10212186,10494649,-2.69,-,https://mopsov.twse.com.tw/nas/t21/sii/t21sc03_115_6_0.html,2026-10-09T15:39:43+0900
2026.07,1519,華城,sii,2049883,1729751,2235813,18.50,-8.31,12262069,12730462,-3.67,-,https://mopsov.twse.com.tw/nas/t21/sii/t21sc03_115_7_0.html,2026-10-09T16:18:21+0900
2026.08,1519,華城,sii,1916427,2049883,1703482,-6.51,12.50,14178496,14433944,-1.76,-,https://mopsov.twse.com.tw/nas/t21/sii/t21sc03_115_8_0.html,2026-10-09T16:18:21+0900
2015.01,2303,聯電,sii,12883284,12204351,10062618,5.56,28.03,12883284,10062618,28.03,-,https://mopsov.twse.com.tw/nas/t21/sii/t21sc03_104_1_0.html,2026-10-09T16:18:21+0900
2015.02,2303,聯電,sii,12056194,12883284,10341536,-6.41,16.58,24939478,20404154,22.22,-,https://mopsov.twse.com.tw/nas/t21/sii/t21sc03_104_2_0.html,2026-10-09T16:18:21+0900
2015.03,2303,聯電,sii,12710166,12056194,11289431,5.42,12.58,37649644,31693585,18.79,-,https://mopsov.twse.com.tw/nas/t21/sii/t21sc03_104_3_0.html,2026-10-09T16:18:21+0900
2015.04,2303,聯電,sii,13020513,12710166,11528740,2.44,12.93,50670157,43222325,17.23,-,https://mopsov.twse.com.tw/nas/t21/sii/t21sc03_104_4_0.html,2026-10-09T16:18:21+0900
2015.05,2303,聯電,sii,12931054,13020513,11930014,-0.68,8.39,63601211,55152339,15.31,-,https://mopsov.twse.com.tw/nas/t21/sii/t21sc03_104_5_0.html,2026-10-09T16:18:21+0900
2015.06,2303,聯電,sii,12059987,12931054,12410597,-6.73,-2.82,75661198,67562936,11.98,-,https://mopsov.twse.com.tw/nas/t21/sii/t21sc03_104_6_0.html,2026-10-09T16:18:21+0900
2015.07,2303,聯電,sii,12703929,12059987,11541996,5.33,10.06,88365127,79104932,11.70,-,https://mopsov.twse.com.tw/nas/t21/sii/t21sc03_104_7_0.html,2026-10-09T16:18:21+0900
2015.08,2303,聯電,sii,12190856,12703929,11415416,-4.03,6.79,100555983,90520348,11.08,-,https://mopsov.twse.com.tw/nas/t21/sii/t21sc03_104_8_0.html,2026-10-09T16:18:21+0900
2015.09,2303,聯電,sii,10425056,12190856,12256438,-14.48,-14.94,110981039,102776786,7.98,-,https://mopsov.twse.com.tw/nas/t21/sii/t21sc03_104_9_0.html,2026-10-09T16:18:21+0900
2015.10,2303,聯電,sii,12059010,10425056,13495698,15.67,-10.64,123040049,116272484,5.82,-,https://mopsov.twse.com.tw/nas/t21/sii/t21sc03_104_10_0.html,2026-10-09T16:18:21+0900
2015.11,2303,聯電,sii,11117338,12059010,11535241,-7.80,-3.62,134157387,127807725,4.96,-,https://mopsov.twse.com.tw/nas/t21/sii/t21sc03_104_11_0.html,2026-10-09T16:18:21+0900
2015.12,2303,聯電,sii,10673034,11117338,12204351,-3.99,-12.54,144830421,140012076,3.44,-,https://mopsov.twse.com.tw/nas/t21/sii/t21sc03_104_12_0.html,2026-10-09T16:18:21+0900
2016.01,2303,聯電,sii,12006857,10673034,12883284,12.49,-6.80,12006857,12883284,-6.80,-,https://mopsov.twse.com.tw/nas/t21/sii/t21sc03_105_1_0.html,2026-10-09T16:18:21+0900
2016.02,2303,聯電,sii,9478048,12006857,12056194,-21.06,-21.38,21484905,24939478,-13.85,-,https://mopsov.twse.com.tw/nas/t21/sii/t21sc03_105_2_0.html,2026-10-09T16:18:21+0900
2016.03,2303,聯電,sii,12919174,9478048,12710166,36.30,1.64,34404079,37649644,-8.62,-,https://mopsov.twse.com.tw/nas/t21/sii/t21sc03_105_3_0.html,2026-10-09T16:18:21+0900
2016.04,2303,聯電,sii,10764403,12919174,13020513,-16.67,-17.32,45168482,50670157,-10.85,-,https://mopsov.twse.com.tw/nas/t21/sii/t21sc03_105_4_0.html,2026-10-09T16:18:21+0900
2016.05,2303,聯電,sii,12705227,10764403,12931054,18.03,-1.74,57873709,63601211,-9.00,-,https://mopsov.twse.com.tw/nas/t21/sii/t21sc03_105_5_0.html,2026-10-09T16:18:21+0900
2016.06,2303,聯電,sii,13526887,12705227,12059987,6.46,12.16,71400596,75661198,-5.63,-,https://mopsov.twse.com.tw/nas/t21/sii/t21sc03_105_6_0.html,2026-10-09T16:18:21+0900
2016.07,2303,聯電,sii,12495406,13526887,12703929,-7.62,-1.64,83896002,88365127,-5.05,-,https://mopsov.twse.com.tw/nas/t21/sii/t21sc03_105_7_0.html,2026-10-09T16:18:21+0900
2016.08,2303,聯電,sii,12933096,12495406,12190856,3.50,6.08,96829098,100555983,-3.70,-,https://mopsov.twse.com.tw/nas/t21/sii/t21sc03_105_8_0.html,2026-10-09T16:18:21+0900
2016.09,2303,聯電,sii,12735087,12933096,10425056,-1.53,22.15,109564185,110981039,-1.27,-,https://mopsov.twse.com.tw/nas/t21/sii/t21sc03_105_9_0.html,2026-10-09T16:18:21+0900
2016.10,2303,聯電,sii,12833243,12735087,12059010,0.77,6.42,122397428,123040049,-0.52,-,https://mopsov.twse.com.tw/nas/t21/sii/t21sc03_105_10_0.html,2026-10-09T16:18:21+0900
2016.11,2303,聯電,sii,12914936,12833243,11117338,0.63,16.16,135312364,134157387,0.86,-,https://mopsov.twse.com.tw/nas/t21/sii/t21sc03_105_11_0.html,2026-10-09T16:18:21+0900
2016.12,2303,聯電,sii,12557760,12914936,10673034,-2.76,17.65,147870124,144830421,2.09,-,https://mopsov.twse.com.tw/nas/t21/sii/t21sc03_105_12_0.html,2026-10-09T16:18:21+0900
2017.01,2303,聯電,sii,12651900,12557760,12006857,0.74,5.37,12651900,12006857,5.37,-,https://mopsov.twse.com.tw/nas/t21/sii/t21sc03_106_1_0.html,2026-10-09T16:18:21+0900
2017.02,2303,聯電,sii,12014861,12651900,9478048,-5.03,26.76,24666761,21484905,14.80,-,https://mopsov.twse.com.tw/nas/t21/sii/t21sc03_106_2_0.html,2026-10-09T16:18:21+0900
2017.03,2303,聯電,sii,12751189,12014861,12919174,6.12,-1.30,37417950,34404079,8.76,-,https://mopsov.twse.com.tw/nas/t21/sii/t21sc03_106_3_0.html,2026-10-09T16:18:21+0900
2017.04,2303,聯電,sii,11926270,12751189,10764403,-6.46,10.79,49344220,45168482,9.24,-,https://mopsov.twse.com.tw/nas/t21/sii/t21sc03_106_4_0.html,2026-10-09T16:18:21+0900
2017.05,2303,聯電,sii,12512276,11926270,12705227,4.91,-1.51,61856496,57873709,6.88,-,https://mopsov.twse.com.tw/nas/t21/sii/t21sc03_106_5_0.html,2026-10-09T16:18:21+0900
2017.06,2303,聯電,sii,13099335,12512276,13526887,4.69,-3.16,74955831,71400596,4.97,-,https://mopsov.twse.com.tw/nas/t21/sii/t21sc03_106_6_0.html,2026-10-09T16:18:21+0900
2017.07,2303,聯電,sii,12788087,13099335,12495406,-2.37,2.34,87743918,83896002,4.58,-,https://mopsov.twse.com.tw/nas/t21/sii/t21sc03_106_7_0.html,2026-10-09T16:18:21+0900
2017.08,2303,聯電,sii,13045093,12788087,12933096,2.00,0.86,100789011,96829098,4.08,-,https://mopsov.twse.com.tw/nas/t21/sii/t21sc03_106_8_0.html,2026-10-09T16:18:21+0900
2017.09,2303,聯電,sii,11865021,13045093,12735087,-9.04,-6.83,112654032,109564185,2.82,-,https://mopsov.twse.com.tw/nas/t21/sii/t21sc03_106_9_0.html,2026-10-09T16:18:21+0900
2017.10,2303,聯電,sii,13808274,11865021,12833243,16.37,7.59,126462306,122397428,3.32,-,https://mopsov.twse.com.tw/nas/t21/sii/t21sc03_106_10_0.html,2026-10-09T16:18:21+0900
2017.11,2303,聯電,sii,12154717,13808274,12914936,-11.97,-5.88,138617023,135312364,2.44,-,https://mopsov.twse.com.tw/nas/t21/sii/t21sc03_106_11_0.html,2026-10-09T16:18:21+0900
2017.12,2303,聯電,sii,10667683,12154717,12557760,-12.23,-15.05,149284706,147870124,0.95,-,https://mopsov.twse.com.tw/nas/t21/sii/t21sc03_106_12_0.html,2026-10-09T16:18:21+0900
2018.01,2303,聯電,sii,13175662,10667683,12651900,23.51,4.13,13175662,12651900,4.13,-,https://mopsov.twse.com.tw/nas/t21/sii/t21sc03_107_1_0.html,2026-10-09T16:18:21+0900
2018.02,2303,聯電,sii,11909283,13175662,12014861,-9.61,-0.87,25084945,24666761,1.69,-,https://mopsov.twse.com.tw/nas/t21/sii/t21sc03_107_2_0.html,2026-10-09T16:18:21+0900
2018.03,2303,聯電,sii,12412192,11909283,12751189,4.22,-2.65,37497137,37417950,0.21,-,https://mopsov.twse.com.tw/nas/t21/sii/t21sc03_107_3_0.html,2026-10-09T16:18:21+0900
2018.04,2303,聯電,sii,12411996,12412192,11926270,-0.00,4.07,49909133,49344220,1.14,-,https://mopsov.twse.com.tw/nas/t21/sii/t21sc03_107_4_0.html,2026-10-09T16:18:21+0900
2018.05,2303,聯電,sii,13075480,12411996,12512276,5.34,4.50,62984613,61856496,1.82,-,https://mopsov.twse.com.tw/nas/t21/sii/t21sc03_107_5_0.html,2026-10-09T16:18:21+0900
2018.06,2303,聯電,sii,13364101,13075480,13099335,2.20,2.02,76348714,74955831,1.85,-,https://mopsov.twse.com.tw/nas/t21/sii/t21sc03_107_6_0.html,2026-10-09T16:18:21+0900
2018.07,2303,聯電,sii,14349944,13364101,12788087,7.37,12.21,90698658,87743918,3.36,-,https://mopsov.twse.com.tw/nas/t21/sii/t21sc03_107_7_0.html,2026-10-09T16:18:21+0900
2018.08,2303,聯電,sii,13180907,14349944,13045093,-8.14,1.04,103879565,100789011,3.06,-,https://mopsov.twse.com.tw/nas/t21/sii/t21sc03_107_8_0.html,2026-10-09T16:18:21+0900
2018.09,2303,聯電,sii,11855805,13180907,11865021,-10.05,-0.07,115735370,112654032,2.73,-,https://mopsov.twse.com.tw/nas/t21/sii/t21sc03_107_9_0.html,2026-10-09T16:18:21+0900
2018.10,2303,聯電,sii,12577408,11855805,13808274,6.08,-8.91,128312778,126462306,1.46,-,https://mopsov.twse.com.tw/nas/t21/sii/t21sc03_107_10_0.html,2026-10-09T16:18:21+0900
2018.11,2303,聯電,sii,11554518,12577408,12154717,-8.13,-4.93,139867296,138617023,0.90,-,https://mopsov.twse.com.tw/nas/t21/sii/t21sc03_107_11_0.html,2026-10-09T16:18:21+0900
2018.12,2303,聯電,sii,11385275,11554518,10667683,-1.46,6.72,151252571,149284706,1.31,-,https://mopsov.twse.com.tw/nas/t21/sii/t21sc03_107_12_0.html,2026-10-09T16:18:21+0900
2019.01,2303,聯電,sii,11795477,11385275,13175662,3.60,-10.47,11795477,13175662,-10.47,-,https://mopsov.twse.com.tw/nas/t21/sii/t21sc03_108_1_0.html,2026-10-09T16:18:21+0900
2019.02,2303,聯電,sii,10461743,11795477,11909283,-11.30,-12.15,22257220,25084945,-11.27,-,https://mopsov.twse.com.tw/nas/t21/sii/t21sc03_108_2_0.html,2026-10-09T16:18:21+0900
2019.03,2303,聯電,sii,10325739,10461743,12412192,-1.30,-16.80,32582959,37497137,-13.10,-,https://mopsov.twse.com.tw/nas/t21/sii/t21sc03_108_3_0.html,2026-10-09T16:18:21+0900
2019.04,2303,聯電,sii,12082275,10325739,12411996,17.01,-2.65,44665234,49909133,-10.50,-,https://mopsov.twse.com.tw/nas/t21/sii/t21sc03_108_4_0.html,2026-10-09T16:18:21+0900
2019.05,2303,聯電,sii,12242267,12082275,13075480,1.32,-6.37,56907501,62984613,-9.64,-,https://mopsov.twse.com.tw/nas/t21/sii/t21sc03_108_5_0.html,2026-10-09T16:18:21+0900
2019.06,2303,聯電,sii,11706642,12242267,13364101,-4.37,-12.40,68614143,76348714,-10.13,-,https://mopsov.twse.com.tw/nas/t21/sii/t21sc03_108_6_0.html,2026-10-09T16:18:21+0900
2019.07,2303,聯電,sii,13728148,11706642,14349944,17.26,-4.33,82342291,90698658,-9.21,-,https://mopsov.twse.com.tw/nas/t21/sii/t21sc03_108_7_0.html,2026-10-09T16:18:21+0900
2019.08,2303,聯電,sii,13184069,13728148,13180907,-3.96,0.02,95526360,103879565,-8.04,-,https://mopsov.twse.com.tw/nas/t21/sii/t21sc03_108_8_0.html,2026-10-09T16:18:21+0900
2019.09,2303,聯電,sii,10826223,13184069,11855805,-17.88,-8.68,106352583,115735370,-8.10,-,https://mopsov.twse.com.tw/nas/t21/sii/t21sc03_108_9_0.html,2026-10-09T16:18:21+0900
2019.10,2303,聯電,sii,14587122,10826223,12577408,34.73,15.97,120939705,128312778,-5.74,-,https://mopsov.twse.com.tw/nas/t21/sii/t21sc03_108_10_0.html,2026-10-09T16:18:21+0900
2019.11,2303,聯電,sii,13891904,14587122,11554518,-4.76,20.22,134831609,139867296,-3.60,-,https://mopsov.twse.com.tw/nas/t21/sii/t21sc03_108_11_0.html,2026-10-09T16:18:21+0900
2019.12,2303,聯電,sii,13370032,13891904,11385275,-3.75,17.43,148201641,151252571,-2.01,-,https://mopsov.twse.com.tw/nas/t21/sii/t21sc03_108_12_0.html,2026-10-09T16:18:21+0900
2020.01,2303,聯電,sii,14091018,13370032,11795477,5.39,19.46,14091018,11795477,19.46,-,https://mopsov.twse.com.tw/nas/t21/sii/t21sc03_109_1_0.html,2026-10-09T16:18:21+0900
2020.02,2303,聯電,sii,13606421,14091018,10461743,-3.43,30.05,27697439,22257220,24.44,-,https://mopsov.twse.com.tw/nas/t21/sii/t21sc03_109_2_0.html,2026-10-09T16:18:21+0900
2020.03,2303,聯電,sii,14570408,13606421,10325739,7.08,41.10,42267847,32582959,29.72,-,https://mopsov.twse.com.tw/nas/t21/sii/t21sc03_109_3_0.html,2026-10-09T16:18:21+0900
2020.04,2303,聯電,sii,15059189,14570408,12082275,3.35,24.63,57327036,44665234,28.34,-,https://mopsov.twse.com.tw/nas/t21/sii/t21sc03_109_4_0.html,2026-10-09T16:18:21+0900
2020.05,2303,聯電,sii,14745577,15059189,12242267,-2.08,20.44,72072613,56907501,26.64,-,https://mopsov.twse.com.tw/nas/t21/sii/t21sc03_109_5_0.html,2026-10-09T16:18:21+0900
2020.06,2303,聯電,sii,14581494,14745577,11706642,-1.11,24.55,86654107,68614143,26.29,-,https://mopsov.twse.com.tw/nas/t21/sii/t21sc03_109_6_0.html,2026-10-09T16:18:21+0900
2020.07,2303,聯電,sii,15494823,14581494,13728148,6.26,12.86,102148930,82342291,24.05,-,https://mopsov.twse.com.tw/nas/t21/sii/t21sc03_109_7_0.html,2026-10-09T16:18:21+0900
2020.08,2303,聯電,sii,14841818,15494823,13184069,-4.21,12.57,116990748,95526360,22.46,-,https://mopsov.twse.com.tw/nas/t21/sii/t21sc03_109_8_0.html,2026-10-09T16:18:21+0900
2020.09,2303,聯電,sii,14533813,14841818,10826223,-2.07,34.24,131524561,106352583,23.66,-,https://mopsov.twse.com.tw/nas/t21/sii/t21sc03_109_9_0.html,2026-10-09T16:18:21+0900
2020.10,2303,聯電,sii,15282825,14533813,14587122,5.15,4.76,146807386,120939705,21.38,-,https://mopsov.twse.com.tw/nas/t21/sii/t21sc03_109_10_0.html,2026-10-09T16:18:21+0900
2020.11,2303,聯電,sii,14725559,15282825,13891904,-3.64,6.00,161532945,134831609,19.80,-,https://mopsov.twse.com.tw/nas/t21/sii/t21sc03_109_11_0.html,2026-10-09T16:18:21+0900
2020.12,2303,聯電,sii,15287969,14725559,13370032,3.81,14.34,176820914,148201641,19.31,-,https://mopsov.twse.com.tw/nas/t21/sii/t21sc03_109_12_0.html,2026-10-09T16:18:21+0900
2021.01,2303,聯電,sii,15529559,15287969,14091018,1.58,10.20,15529559,14091018,10.20,-,https://mopsov.twse.com.tw/nas/t21/sii/t21sc03_110_1_0.html,2026-10-09T16:18:21+0900
2021.02,2303,聯電,sii,14947898,15529559,13606421,-3.74,9.85,30477457,27697439,10.03,-,https://mopsov.twse.com.tw/nas/t21/sii/t21sc03_110_2_0.html,2026-10-09T16:18:21+0900
2021.03,2303,聯電,sii,16619555,14947898,14570408,11.18,14.06,47097012,42267847,11.42,-,https://mopsov.twse.com.tw/nas/t21/sii/t21sc03_110_3_0.html,2026-10-09T16:18:21+0900
2021.04,2303,聯電,sii,16382058,16619555,15059189,-1.42,8.78,63479070,57327036,10.73,-,https://mopsov.twse.com.tw/nas/t21/sii/t21sc03_110_4_0.html,2026-10-09T16:18:21+0900
2021.05,2303,聯電,sii,17189070,16382058,14745577,4.92,16.57,80668140,72072613,11.92,-,https://mopsov.twse.com.tw/nas/t21/sii/t21sc03_110_5_0.html,2026-10-09T16:18:21+0900
2021.06,2303,聯電,sii,17336613,17189070,14581494,0.85,18.89,98004753,86654107,13.09,-,https://mopsov.twse.com.tw/nas/t21/sii/t21sc03_110_6_0.html,2026-10-09T16:18:21+0900
2021.07,2303,聯電,sii,18366122,17336613,15494823,5.93,18.53,116370875,102148930,13.92,-,https://mopsov.twse.com.tw/nas/t21/sii/t21sc03_110_7_0.html,2026-10-09T16:18:21+0900
2021.08,2303,聯電,sii,18789991,18366122,14841818,2.30,26.60,135160866,116990748,15.53,-,https://mopsov.twse.com.tw/nas/t21/sii/t21sc03_110_8_0.html,2026-10-09T16:18:21+0900
2021.09,2303,聯電,sii,18750564,18789991,14533813,-0.20,29.01,153911430,131524561,17.02,-,https://mopsov.twse.com.tw/nas/t21/sii/t21sc03_110_9_0.html,2026-10-09T16:18:21+0900
2021.10,2303,聯電,sii,19158585,18750564,15282825,2.17,25.36,173070015,146807386,17.88,-,https://mopsov.twse.com.tw/nas/t21/sii/t21sc03_110_10_0.html,2026-10-09T16:18:21+0900
2021.11,2303,聯電,sii,19661423,19158585,14725559,2.62,33.51,192731438,161532945,19.31,-,https://mopsov.twse.com.tw/nas/t21/sii/t21sc03_110_11_0.html,2026-10-09T16:18:21+0900
2021.12,2303,聯電,sii,20279580,19661423,15287969,3.14,32.65,213011018,176820914,20.46,-,https://mopsov.twse.com.tw/nas/t21/sii/t21sc03_110_12_0.html,2026-10-09T16:18:21+0900
2022.01,2303,聯電,sii,20472766,20279580,15529559,0.95,31.83,20472766,15529559,31.83,-,https://mopsov.twse.com.tw/nas/t21/sii/t21sc03_111_1_0.html,2026-10-09T15:39:43+0900
2022.02,2303,聯電,sii,20809602,20472766,14947898,1.64,39.21,41282368,30477457,35.45,-,https://mopsov.twse.com.tw/nas/t21/sii/t21sc03_111_2_0.html,2026-10-09T15:39:43+0900
2022.03,2303,聯電,sii,22140452,20809602,16619555,6.39,33.21,63422820,47097012,34.66,-,https://mopsov.twse.com.tw/nas/t21/sii/t21sc03_111_3_0.html,2026-10-09T15:39:43+0900
2022.04,2303,聯電,sii,22796461,22140452,16382058,2.96,39.15,86219281,63479070,35.82,-,https://mopsov.twse.com.tw/nas/t21/sii/t21sc03_111_4_0.html,2026-10-09T15:39:43+0900
2022.05,2303,聯電,sii,24433030,22796461,17189070,7.17,42.14,110652311,80668140,37.16,-,https://mopsov.twse.com.tw/nas/t21/sii/t21sc03_111_5_0.html,2026-10-09T15:39:43+0900
2022.06,2303,聯電,sii,24825649,24433030,17336613,1.60,43.19,135477960,98004753,38.23,-,https://mopsov.twse.com.tw/nas/t21/sii/t21sc03_111_6_0.html,2026-10-09T15:39:43+0900
2022.07,2303,聯電,sii,24826685,24825649,18366122,0.00,35.17,160304645,116370875,37.75,-,https://mopsov.twse.com.tw/nas/t21/sii/t21sc03_111_7_0.html,2026-10-09T15:39:43+0900
2022.08,2303,聯電,sii,25346076,24826685,18789991,2.09,34.89,185650721,135160866,37.35,-,https://mopsov.twse.com.tw/nas/t21/sii/t21sc03_111_8_0.html,2026-10-09T15:39:43+0900
2022.09,2303,聯電,sii,25218828,25346076,18750564,-0.50,34.49,210869549,153911430,37.00,-,https://mopsov.twse.com.tw/nas/t21/sii/t21sc03_111_9_0.html,2026-10-09T15:39:43+0900
2022.10,2303,聯電,sii,24344264,25218828,19158585,-3.46,27.06,235213813,173070015,35.90,-,https://mopsov.twse.com.tw/nas/t21/sii/t21sc03_111_10_0.html,2026-10-09T15:39:43+0900
2022.11,2303,聯電,sii,22545442,24344264,19661423,-7.38,14.66,257759255,192731438,33.74,-,https://mopsov.twse.com.tw/nas/t21/sii/t21sc03_111_11_0.html,2026-10-09T15:39:43+0900
2022.12,2303,聯電,sii,20946009,22545442,20279580,-7.09,3.28,278705264,213011018,30.84,-,https://mopsov.twse.com.tw/nas/t21/sii/t21sc03_111_12_0.html,2026-10-09T15:39:43+0900
2023.01,2303,聯電,sii,19589515,20946009,20472766,-6.47,-4.31,19589515,20472766,-4.31,-,https://mopsov.twse.com.tw/nas/t21/sii/t21sc03_112_1_0.html,2026-10-09T15:39:43+0900
2023.02,2303,聯電,sii,16931079,19589515,20809602,-13.57,-18.63,36520594,41282368,-11.53,-,https://mopsov.twse.com.tw/nas/t21/sii/t21sc03_112_2_0.html,2026-10-09T15:39:43+0900
2023.03,2303,聯電,sii,17688853,16931079,22140452,4.47,-20.10,54209447,63422820,-14.52,-,https://mopsov.twse.com.tw/nas/t21/sii/t21sc03_112_3_0.html,2026-10-09T15:39:43+0900
2023.04,2303,聯電,sii,18461436,17688853,22796461,4.36,-19.01,72670883,86219281,-15.71,-,https://mopsov.twse.com.tw/nas/t21/sii/t21sc03_112_4_0.html,2026-10-09T15:39:43+0900
2023.05,2303,聯電,sii,18778488,18461436,24433030,1.71,-23.14,91449371,110652311,-17.35,-,https://mopsov.twse.com.tw/nas/t21/sii/t21sc03_112_5_0.html,2026-10-09T15:39:43+0900
2023.06,2303,聯電,sii,19056484,18778488,24825649,1.48,-23.23,110505855,135477960,-18.43,-,https://mopsov.twse.com.tw/nas/t21/sii/t21sc03_112_6_0.html,2026-10-09T15:39:43+0900
2023.07,2303,聯電,sii,19063918,19056484,24826685,0.03,-23.21,129569773,160304645,-19.17,-,https://mopsov.twse.com.tw/nas/t21/sii/t21sc03_112_7_0.html,2026-10-09T15:39:43+0900
2023.08,2303,聯電,sii,18952011,19063918,25346076,-0.58,-25.22,148521784,185650721,-19.99,-,https://mopsov.twse.com.tw/nas/t21/sii/t21sc03_112_8_0.html,2026-10-09T15:39:43+0900
2023.09,2303,聯電,sii,19052938,18952011,25218828,0.53,-24.44,167574722,210869549,-20.53,-,https://mopsov.twse.com.tw/nas/t21/sii/t21sc03_112_9_0.html,2026-10-09T15:39:43+0900
2023.10,2303,聯電,sii,19191382,19052938,24344264,0.72,-21.16,186766104,235213813,-20.59,-,https://mopsov.twse.com.tw/nas/t21/sii/t21sc03_112_10_0.html,2026-10-09T15:39:43+0900
2023.11,2303,聯電,sii,18787670,19191382,22545442,-2.10,-16.66,205553774,257759255,-20.25,-,https://mopsov.twse.com.tw/nas/t21/sii/t21sc03_112_11_0.html,2026-10-09T15:39:43+0900
2023.12,2303,聯電,sii,16979226,18787670,20946009,-9.62,-18.93,222533000,278705264,-20.15,-,https://mopsov.twse.com.tw/nas/t21/sii/t21sc03_112_12_0.html,2026-10-09T15:39:43+0900
2024.01,2303,聯電,sii,19013697,16979226,19589515,11.98,-2.93,19013697,19589515,-2.93,-,https://mopsov.twse.com.tw/nas/t21/sii/t21sc03_113_1_0.html,2026-10-09T15:39:43+0900
2024.02,2303,聯電,sii,17451268,19013697,16931079,-8.21,3.07,36464965,36520594,-0.15,-,https://mopsov.twse.com.tw/nas/t21/sii/t21sc03_113_2_0.html,2026-10-09T15:39:43+0900
2024.03,2303,聯電,sii,18167134,17451268,17688853,4.10,2.70,54632099,54209447,0.77,-,https://mopsov.twse.com.tw/nas/t21/sii/t21sc03_113_3_0.html,2026-10-09T15:39:43+0900
2024.04,2303,聯電,sii,19741391,18167134,18461436,8.66,6.93,74373490,72670883,2.34,-,https://mopsov.twse.com.tw/nas/t21/sii/t21sc03_113_4_0.html,2026-10-09T15:39:43+0900
2024.05,2303,聯電,sii,19509486,19741391,18778488,-1.17,3.89,93882976,91449371,2.66,-,https://mopsov.twse.com.tw/nas/t21/sii/t21sc03_113_5_0.html,2026-10-09T15:39:43+0900
2024.06,2303,聯電,sii,17548413,19509486,19056484,-10.05,-7.91,111431389,110505855,0.83,-,https://mopsov.twse.com.tw/nas/t21/sii/t21sc03_113_6_0.html,2026-10-09T15:39:43+0900
2024.07,2303,聯電,sii,20896877,17548413,19063918,19.08,9.61,132328266,129569773,2.12,-,https://mopsov.twse.com.tw/nas/t21/sii/t21sc03_113_7_0.html,2026-10-09T15:39:43+0900
2024.08,2303,聯電,sii,20645494,20896877,18952011,-1.20,8.93,152973760,148521784,2.99,-,https://mopsov.twse.com.tw/nas/t21/sii/t21sc03_113_8_0.html,2026-10-09T15:39:43+0900
2024.09,2303,聯電,sii,18942714,20645494,19052938,-8.24,-0.57,171916474,167574722,2.59,-,https://mopsov.twse.com.tw/nas/t21/sii/t21sc03_113_9_0.html,2026-10-09T15:39:43+0900
2024.10,2303,聯電,sii,21371110,18942714,19191382,12.81,11.35,193287584,186766104,3.49,-,https://mopsov.twse.com.tw/nas/t21/sii/t21sc03_113_10_0.html,2026-10-09T15:39:43+0900
2024.11,2303,聯電,sii,20049182,21371110,18787670,-6.18,6.71,213336766,205553774,3.78,-,https://mopsov.twse.com.tw/nas/t21/sii/t21sc03_113_11_0.html,2026-10-09T15:39:43+0900
2024.12,2303,聯電,sii,18965818,20049182,16979226,-5.40,11.70,232302584,222533000,4.39,-,https://mopsov.twse.com.tw/nas/t21/sii/t21sc03_113_12_0.html,2026-10-09T15:39:43+0900
2025.01,2303,聯電,sii,19806795,18965818,19013697,4.43,4.17,19806795,19013697,4.17,-,https://mopsov.twse.com.tw/nas/t21/sii/t21sc03_114_1_0.html,2026-10-09T15:39:43+0900
2025.02,2303,聯電,sii,18193515,19806795,17451268,-8.14,4.25,38000310,36464965,4.21,-,https://mopsov.twse.com.tw/nas/t21/sii/t21sc03_114_2_0.html,2026-10-09T15:39:43+0900
2025.03,2303,聯電,sii,19858647,18193515,18167134,9.15,9.31,57858957,54632099,5.90,-,https://mopsov.twse.com.tw/nas/t21/sii/t21sc03_114_3_0.html,2026-10-09T15:39:43+0900
2025.04,2303,聯電,sii,20454530,19858647,19741391,3.00,3.61,78313487,74373490,5.29,-,https://mopsov.twse.com.tw/nas/t21/sii/t21sc03_114_4_0.html,2026-10-09T15:39:43+0900
2025.05,2303,聯電,sii,19480057,20454530,19509486,-4.76,-0.15,97793544,93882976,4.16,-,https://mopsov.twse.com.tw/nas/t21/sii/t21sc03_114_5_0.html,2026-10-09T15:39:43+0900
2025.06,2303,聯電,sii,18823070,19480057,17548413,-3.37,7.26,116616614,111431389,4.65,-,https://mopsov.twse.com.tw/nas/t21/sii/t21sc03_114_6_0.html,2026-10-09T15:39:43+0900
2025.07,2303,聯電,sii,20040049,18823070,20896877,6.46,-4.10,136656663,132328266,3.27,-,https://mopsov.twse.com.tw/nas/t21/sii/t21sc03_114_7_0.html,2026-10-09T15:39:43+0900
2025.08,2303,聯電,sii,19159816,20040049,20645494,-4.39,-7.19,155816479,152973760,1.85,-,https://mopsov.twse.com.tw/nas/t21/sii/t21sc03_114_8_0.html,2026-10-09T15:39:43+0900
2025.09,2303,聯電,sii,19927175,19159816,18942714,4.00,5.19,175743654,171916474,2.22,-,https://mopsov.twse.com.tw/nas/t21/sii/t21sc03_114_9_0.html,2026-10-09T15:39:43+0900
2025.10,2303,聯電,sii,21294974,19927175,21371110,6.86,-0.35,197038628,193287584,1.94,-,https://mopsov.twse.com.tw/nas/t21/sii/t21sc03_114_10_0.html,2026-10-09T15:39:43+0900
2025.11,2303,聯電,sii,21233847,21294974,20049182,-0.28,5.90,218272475,213336766,2.31,-,https://mopsov.twse.com.tw/nas/t21/sii/t21sc03_114_11_0.html,2026-10-09T15:39:43+0900
2025.12,2303,聯電,sii,19280724,21233847,18965818,-9.19,1.66,237553199,232302584,2.26,-,https://mopsov.twse.com.tw/nas/t21/sii/t21sc03_114_12_0.html,2026-10-09T15:39:43+0900
2026.01,2303,聯電,sii,20862150,19280724,19806795,8.20,5.32,20862150,19806795,5.32,-,https://mopsov.twse.com.tw/nas/t21/sii/t21sc03_115_1_0.html,2026-10-09T15:39:43+0900
2026.02,2303,聯電,sii,19345126,20862150,18193515,-7.27,6.32,40207276,38000310,5.80,-,https://mopsov.twse.com.tw/nas/t21/sii/t21sc03_115_2_0.html,2026-10-09T15:39:43+0900
2026.03,2303,聯電,sii,20830626,19345126,19858647,7.67,4.89,61037902,57858957,5.49,-,https://mopsov.twse.com.tw/nas/t21/sii/t21sc03_115_3_0.html,2026-10-09T15:39:43+0900
2026.04,2303,聯電,sii,22663945,20830626,20454530,8.80,10.80,83701847,78313487,6.88,-,https://mopsov.twse.com.tw/nas/t21/sii/t21sc03_115_4_0.html,2026-10-09T15:39:43+0900
2026.05,2303,聯電,sii,22943755,22663945,19480057,1.23,17.78,106645602,97793544,9.05,-,https://mopsov.twse.com.tw/nas/t21/sii/t21sc03_115_5_0.html,2026-10-09T15:39:43+0900
2026.06,2303,聯電,sii,23124962,22943755,18823070,0.78,22.85,129770564,116616614,11.27,-,https://mopsov.twse.com.tw/nas/t21/sii/t21sc03_115_6_0.html,2026-10-09T15:39:43+0900
2026.07,2303,聯電,sii,23844045,23124962,20040049,3.10,18.98,153614609,136656663,12.40,-,https://mopsov.twse.com.tw/nas/t21/sii/t21sc03_115_7_0.html,2026-10-09T16:18:21+0900
2026.08,2303,聯電,sii,25044641,23844045,19159816,5.03,30.71,178659250,155816479,14.66,-,https://mopsov.twse.com.tw/nas/t21/sii/t21sc03_115_8_0.html,2026-10-09T16:18:21+0900
2026.09,2303,聯電,sii,25350431,25044641,19927175,1.22,27.21,204009681,175743654,16.08,-,https://mopsov.twse.com.tw/nas/t21/sii/t21sc03_115_9_0.html,2026-10-09T16:18:21+0900
2015.01,2308,台達電,sii,16785051,16236482,14743548,3.37,13.84,16785051,14743548,13.84,-,https://mopsov.twse.com.tw/nas/t21/sii/t21sc03_104_1_0.html,2026-10-09T16:18:21+0900
2015.02,2308,台達電,sii,11673008,16785051,12939436,-30.45,-9.78,28458059,27682984,2.79,-,https://mopsov.twse.com.tw/nas/t21/sii/t21sc03_104_2_0.html,2026-10-09T16:18:21+0900
2015.03,2308,台達電,sii,14744926,11673008,15352612,26.31,-3.95,43202985,43035596,0.38,-,https://mopsov.twse.com.tw/nas/t21/sii/t21sc03_104_3_0.html,2026-10-09T16:18:21+0900
2015.04,2308,台達電,sii,15516504,14744926,16214801,5.23,-4.30,58719489,59250397,-0.89,-,https://mopsov.twse.com.tw/nas/t21/sii/t21sc03_104_4_0.html,2026-10-09T16:18:21+0900
2015.05,2308,台達電,sii,16163528,15516504,15881303,4.16,1.77,74883017,75131700,-0.33,-,https://mopsov.twse.com.tw/nas/t21/sii/t21sc03_104_5_0.html,2026-10-09T16:18:21+0900
2015.06,2308,台達電,sii,17052255,16163528,15520184,5.49,9.87,91935272,90651884,1.41,-,https://mopsov.twse.com.tw/nas/t21/sii/t21sc03_104_6_0.html,2026-10-09T16:18:21+0900
2015.07,2308,台達電,sii,18023341,17052255,16566925,5.69,8.79,109958613,107218809,2.55,-,https://mopsov.twse.com.tw/nas/t21/sii/t21sc03_104_7_0.html,2026-10-09T16:18:21+0900
2015.08,2308,台達電,sii,18207429,18023341,16459412,1.02,10.62,128166042,123678221,3.62,-,https://mopsov.twse.com.tw/nas/t21/sii/t21sc03_104_8_0.html,2026-10-09T16:18:21+0900
2015.09,2308,台達電,sii,19681956,18207429,17428558,8.09,12.92,147847998,141106779,4.77,-,https://mopsov.twse.com.tw/nas/t21/sii/t21sc03_104_9_0.html,2026-10-09T16:18:21+0900
2015.10,2308,台達電,sii,18884560,19681956,16494786,-4.05,14.48,166732558,157601565,5.79,-,https://mopsov.twse.com.tw/nas/t21/sii/t21sc03_104_10_0.html,2026-10-09T16:18:21+0900
2015.11,2308,台達電,sii,18248999,18884560,16797070,-3.36,8.64,184981557,174398635,6.06,-,https://mopsov.twse.com.tw/nas/t21/sii/t21sc03_104_11_0.html,2026-10-09T16:18:21+0900
2015.12,2308,台達電,sii,18459051,18248999,16236485,1.15,13.68,203440608,190635120,6.71,-,https://mopsov.twse.com.tw/nas/t21/sii/t21sc03_104_12_0.html,2026-10-09T16:18:21+0900
2016.01,2308,台達電,sii,17147998,18459051,16785051,-7.10,2.16,17147998,16785051,2.16,-,https://mopsov.twse.com.tw/nas/t21/sii/t21sc03_105_1_0.html,2026-10-09T16:18:21+0900
2016.02,2308,台達電,sii,12420728,17147998,11673010,-27.56,6.40,29568726,28458061,3.90,-,https://mopsov.twse.com.tw/nas/t21/sii/t21sc03_105_2_0.html,2026-10-09T16:18:21+0900
2016.03,2308,台達電,sii,18038490,12420728,14744924,45.22,22.33,47607216,43202985,10.19,-,https://mopsov.twse.com.tw/nas/t21/sii/t21sc03_105_3_0.html,2026-10-09T16:18:21+0900
2016.04,2308,台達電,sii,17007532,18038490,15516503,-5.71,9.60,64614748,58719488,10.03,-,https://mopsov.twse.com.tw/nas/t21/sii/t21sc03_105_4_0.html,2026-10-09T16:18:21+0900
2016.05,2308,台達電,sii,17784648,17007532,16163154,4.56,10.03,82399396,74882642,10.03,-,https://mopsov.twse.com.tw/nas/t21/sii/t21sc03_105_5_0.html,2026-10-09T16:18:21+0900
2016.06,2308,台達電,sii,17873867,17784648,17052630,0.50,4.81,100273263,91935272,9.06,-,https://mopsov.twse.com.tw/nas/t21/sii/t21sc03_105_6_0.html,2026-10-09T16:18:21+0900
2016.07,2308,台達電,sii,18716402,17873867,18023341,4.71,3.84,118989665,109958613,8.21,-,https://mopsov.twse.com.tw/nas/t21/sii/t21sc03_105_7_0.html,2026-10-09T16:18:21+0900
2016.08,2308,台達電,sii,18737411,18716402,18207420,0.11,2.91,137727076,128166033,7.45,-,https://mopsov.twse.com.tw/nas/t21/sii/t21sc03_105_8_0.html,2026-10-09T16:18:21+0900
2016.09,2308,台達電,sii,19614120,18737411,19677383,4.67,-0.32,157341196,147843416,6.42,-,https://mopsov.twse.com.tw/nas/t21/sii/t21sc03_105_9_0.html,2026-10-09T16:18:21+0900
2016.10,2308,台達電,sii,18204555,19614120,18889142,-7.18,-3.62,175545751,166732558,5.28,-,https://mopsov.twse.com.tw/nas/t21/sii/t21sc03_105_10_0.html,2026-10-09T16:18:21+0900
2016.11,2308,台達電,sii,19320829,18204555,18249000,6.13,5.87,194866580,184981558,5.34,-,https://mopsov.twse.com.tw/nas/t21/sii/t21sc03_105_11_0.html,2026-10-09T16:18:21+0900
2016.12,2308,台達電,sii,19488991,19320829,18470103,0.87,5.51,214355571,203451661,5.35,-,https://mopsov.twse.com.tw/nas/t21/sii/t21sc03_105_12_0.html,2026-10-09T16:18:21+0900
2017.01,2308,台達電,sii,14433964,19488991,17147998,-25.93,-15.82,14433964,17147998,-15.82,-,https://mopsov.twse.com.tw/nas/t21/sii/t21sc03_106_1_0.html,2026-10-09T16:18:21+0900
2017.02,2308,台達電,sii,16025797,14433964,12420728,11.02,29.02,30459761,29568726,3.01,-,https://mopsov.twse.com.tw/nas/t21/sii/t21sc03_106_2_0.html,2026-10-09T16:18:21+0900
2017.03,2308,台達電,sii,18464898,16025797,18038490,15.21,2.36,48924659,47607216,2.76,-,https://mopsov.twse.com.tw/nas/t21/sii/t21sc03_106_3_0.html,2026-10-09T16:18:21+0900
2017.04,2308,台達電,sii,17492850,18464898,17007532,-5.26,2.85,66417509,64614748,2.79,-,https://mopsov.twse.com.tw/nas/t21/sii/t21sc03_106_4_0.html,2026-10-09T16:18:21+0900
2017.05,2308,台達電,sii,17286218,17492850,17784648,-1.18,-2.80,83703727,82399396,1.58,-,https://mopsov.twse.com.tw/nas/t21/sii/t21sc03_106_5_0.html,2026-10-09T16:18:21+0900
2017.06,2308,台達電,sii,18694262,17286218,17873867,8.14,4.58,102397989,100273263,2.11,-,https://mopsov.twse.com.tw/nas/t21/sii/t21sc03_106_6_0.html,2026-10-09T16:18:21+0900
2017.07,2308,台達電,sii,19152574,18694262,18716402,2.45,2.33,121550563,118989665,2.15,-,https://mopsov.twse.com.tw/nas/t21/sii/t21sc03_106_7_0.html,2026-10-09T16:18:21+0900
2017.08,2308,台達電,sii,19920756,19152574,18737411,4.01,6.31,141471319,137727076,2.71,-,https://mopsov.twse.com.tw/nas/t21/sii/t21sc03_106_8_0.html,2026-10-09T16:18:21+0900
2017.09,2308,台達電,sii,20749145,19920756,19614120,4.15,5.78,162220464,157341196,3.10,-,https://mopsov.twse.com.tw/nas/t21/sii/t21sc03_106_9_0.html,2026-10-09T16:18:21+0900
2017.10,2308,台達電,sii,19442817,20749145,18204555,-6.29,6.80,181663281,175545751,3.48,-,https://mopsov.twse.com.tw/nas/t21/sii/t21sc03_106_10_0.html,2026-10-09T16:18:21+0900
2017.11,2308,台達電,sii,21113263,19442817,19320829,8.59,9.27,202776544,194866580,4.05,-,https://mopsov.twse.com.tw/nas/t21/sii/t21sc03_106_11_0.html,2026-10-09T16:18:21+0900
2017.12,2308,台達電,sii,20800971,21113263,19488991,-1.47,6.73,223577515,214355571,4.30,-,https://mopsov.twse.com.tw/nas/t21/sii/t21sc03_106_12_0.html,2026-10-09T16:18:21+0900
2018.01,2308,台達電,sii,18938071,20800971,14433964,-8.95,31.20,18938071,14433964,31.20,-,https://mopsov.twse.com.tw/nas/t21/sii/t21sc03_107_1_0.html,2026-10-09T16:18:21+0900
2018.02,2308,台達電,sii,13374183,18938071,16025797,-29.37,-16.54,32312254,30459761,6.08,-,https://mopsov.twse.com.tw/nas/t21/sii/t21sc03_107_2_0.html,2026-10-09T16:18:21+0900
2018.03,2308,台達電,sii,18557770,13374183,18464898,38.75,0.50,50870024,48924659,3.97,-,https://mopsov.twse.com.tw/nas/t21/sii/t21sc03_107_3_0.html,2026-10-09T16:18:21+0900
2018.04,2308,台達電,sii,18269675,18557770,17492850,-1.55,4.44,69139699,66417509,4.09,-,https://mopsov.twse.com.tw/nas/t21/sii/t21sc03_107_4_0.html,2026-10-09T16:18:21+0900
2018.05,2308,台達電,sii,19807110,18269675,17286218,8.41,14.58,88946809,83703727,6.26,-,https://mopsov.twse.com.tw/nas/t21/sii/t21sc03_107_5_0.html,2026-10-09T16:18:21+0900
2018.06,2308,台達電,sii,19820322,19807110,18694262,0.06,6.02,108767131,102397989,6.21,-,https://mopsov.twse.com.tw/nas/t21/sii/t21sc03_107_6_0.html,2026-10-09T16:18:21+0900
2018.07,2308,台達電,sii,20547056,19820322,19152574,3.66,7.28,129314187,121550563,6.38,-,https://mopsov.twse.com.tw/nas/t21/sii/t21sc03_107_7_0.html,2026-10-09T16:18:21+0900
2018.08,2308,台達電,sii,21457243,20547056,19920756,4.42,7.71,150771430,141471319,6.57,-,https://mopsov.twse.com.tw/nas/t21/sii/t21sc03_107_8_0.html,2026-10-09T16:18:21+0900
2018.09,2308,台達電,sii,21612501,21457243,20749145,0.72,4.16,172383931,162220464,6.26,-,https://mopsov.twse.com.tw/nas/t21/sii/t21sc03_107_9_0.html,2026-10-09T16:18:21+0900
2018.10,2308,台達電,sii,21300694,21612501,19442817,-1.44,9.55,193684625,181663281,6.61,-,https://mopsov.twse.com.tw/nas/t21/sii/t21sc03_107_10_0.html,2026-10-09T16:18:21+0900
2018.11,2308,台達電,sii,22126305,21300694,21113263,3.87,4.79,215810930,202776544,6.42,-,https://mopsov.twse.com.tw/nas/t21/sii/t21sc03_107_11_0.html,2026-10-09T16:18:21+0900
2018.12,2308,台達電,sii,21206879,22126305,20800970,-4.15,1.95,237017809,223577514,6.01,-,https://mopsov.twse.com.tw/nas/t21/sii/t21sc03_107_12_0.html,2026-10-09T16:18:21+0900
2019.01,2308,台達電,sii,18782688,21206879,18938071,-11.43,-0.82,18782688,18938071,-0.82,-,https://mopsov.twse.com.tw/nas/t21/sii/t21sc03_108_1_0.html,2026-10-09T16:18:21+0900
2019.02,2308,台達電,sii,15156604,18782688,13374183,-19.30,13.32,33939292,32312254,5.03,-,https://mopsov.twse.com.tw/nas/t21/sii/t21sc03_108_2_0.html,2026-10-09T16:18:21+0900
2019.03,2308,台達電,sii,20162935,15156604,18557770,33.03,8.64,54102227,50870024,6.35,-,https://mopsov.twse.com.tw/nas/t21/sii/t21sc03_108_3_0.html,2026-10-09T16:18:21+0900
2019.04,2308,台達電,sii,23424926,20162935,18269675,16.17,28.21,77527153,69139699,12.13,-,https://mopsov.twse.com.tw/nas/t21/sii/t21sc03_108_4_0.html,2026-10-09T16:18:21+0900
2019.05,2308,台達電,sii,24559192,23424926,19807110,4.84,23.99,102086345,88946809,14.77,-,https://mopsov.twse.com.tw/nas/t21/sii/t21sc03_108_5_0.html,2026-10-09T16:18:21+0900
2019.06,2308,台達電,sii,25390976,24559192,19820322,3.38,28.10,127477321,108767131,17.20,-,https://mopsov.twse.com.tw/nas/t21/sii/t21sc03_108_6_0.html,2026-10-09T16:18:21+0900
2019.07,2308,台達電,sii,24732194,25390976,20547056,-2.59,20.36,152209515,129314187,17.70,-,https://mopsov.twse.com.tw/nas/t21/sii/t21sc03_108_7_0.html,2026-10-09T16:18:21+0900
2019.08,2308,台達電,sii,24314750,24732194,21457243,-1.68,13.31,176524265,150771430,17.08,-,https://mopsov.twse.com.tw/nas/t21/sii/t21sc03_108_8_0.html,2026-10-09T16:18:21+0900
2019.09,2308,台達電,sii,23413872,24314750,21612501,-3.70,8.33,199938137,172383931,15.98,-,https://mopsov.twse.com.tw/nas/t21/sii/t21sc03_108_9_0.html,2026-10-09T16:18:21+0900
2019.10,2308,台達電,sii,23115554,23413872,21300694,-1.27,8.52,223053691,193684625,15.16,-,https://mopsov.twse.com.tw/nas/t21/sii/t21sc03_108_10_0.html,2026-10-09T16:18:21+0900
2019.11,2308,台達電,sii,22674177,23115554,22126305,-1.90,2.47,245727868,215810930,13.86,-,https://mopsov.twse.com.tw/nas/t21/sii/t21sc03_108_11_0.html,2026-10-09T16:18:21+0900
2019.12,2308,台達電,sii,22403529,22674177,21206879,-1.19,5.64,268131397,237017809,13.12,-,https://mopsov.twse.com.tw/nas/t21/sii/t21sc03_108_12_0.html,2026-10-09T16:18:21+0900
2020.01,2308,台達電,sii,19330593,22403529,18782688,-13.71,2.91,19330593,18782688,2.91,-,https://mopsov.twse.com.tw/nas/t21/sii/t21sc03_109_1_0.html,2026-10-09T16:18:21+0900
2020.02,2308,台達電,sii,15264060,19330593,15156604,-21.03,0.70,34594653,33939292,1.93,-,https://mopsov.twse.com.tw/nas/t21/sii/t21sc03_109_2_0.html,2026-10-09T16:18:21+0900
2020.03,2308,台達電,sii,21083381,15264060,20162935,38.12,4.56,55678034,54102227,2.91,-,https://mopsov.twse.com.tw/nas/t21/sii/t21sc03_109_3_0.html,2026-10-09T16:18:21+0900
2020.04,2308,台達電,sii,23297848,21083381,23424926,10.50,-0.54,78975882,77527153,1.86,-,https://mopsov.twse.com.tw/nas/t21/sii/t21sc03_109_4_0.html,2026-10-09T16:18:21+0900
2020.05,2308,台達電,sii,23584220,23297848,24559192,1.22,-3.96,102560102,102086345,0.46,-,https://mopsov.twse.com.tw/nas/t21/sii/t21sc03_109_5_0.html,2026-10-09T16:18:21+0900
2020.06,2308,台達電,sii,23812690,23584220,25389983,0.96,-6.21,126372792,127476328,-0.86,-,https://mopsov.twse.com.tw/nas/t21/sii/t21sc03_109_6_0.html,2026-10-09T16:18:21+0900
2020.07,2308,台達電,sii,25782308,23812690,24733187,8.27,4.24,152155100,152209515,-0.03,-,https://mopsov.twse.com.tw/nas/t21/sii/t21sc03_109_7_0.html,2026-10-09T16:18:21+0900
2020.08,2308,台達電,sii,25092922,25782308,24314750,-2.67,3.20,177248022,176524265,0.41,-,https://mopsov.twse.com.tw/nas/t21/sii/t21sc03_109_8_0.html,2026-10-09T16:18:21+0900
2020.09,2308,台達電,sii,26804451,25092922,23413872,6.82,14.48,204052473,199938137,2.05,-,https://mopsov.twse.com.tw/nas/t21/sii/t21sc03_109_9_0.html,2026-10-09T16:18:21+0900
2020.10,2308,台達電,sii,26152175,26804451,23115554,-2.43,13.13,230204648,223053691,3.20,-,https://mopsov.twse.com.tw/nas/t21/sii/t21sc03_109_10_0.html,2026-10-09T16:18:21+0900
2020.11,2308,台達電,sii,25492411,26152175,22668237,-2.52,12.45,255697059,245721928,4.05,-,https://mopsov.twse.com.tw/nas/t21/sii/t21sc03_109_11_0.html,2026-10-09T16:18:21+0900
2020.12,2308,台達電,sii,26908434,25492411,22409469,5.55,20.07,282605493,268131397,5.39,-,https://mopsov.twse.com.tw/nas/t21/sii/t21sc03_109_12_0.html,2026-10-09T16:18:21+0900
2021.01,2308,台達電,sii,25115225,26908434,19330593,-6.66,29.92,25115225,19330593,29.92,-,https://mopsov.twse.com.tw/nas/t21/sii/t21sc03_110_1_0.html,2026-10-09T16:18:21+0900
2021.02,2308,台達電,sii,20344163,25115225,15264060,-18.99,33.28,45459388,34594653,31.40,-,https://mopsov.twse.com.tw/nas/t21/sii/t21sc03_110_2_0.html,2026-10-09T16:18:21+0900
2021.03,2308,台達電,sii,27025895,20344163,21083688,32.84,28.18,72485283,55678341,30.18,-,https://mopsov.twse.com.tw/nas/t21/sii/t21sc03_110_3_0.html,2026-10-09T16:18:21+0900
2021.04,2308,台達電,sii,26438926,27025895,23297541,-2.17,13.48,98924209,78975882,25.25,-,https://mopsov.twse.com.tw/nas/t21/sii/t21sc03_110_4_0.html,2026-10-09T16:18:21+0900
2021.05,2308,台達電,sii,26126461,26438926,23584220,-1.18,10.77,125050670,102560102,21.92,-,https://mopsov.twse.com.tw/nas/t21/sii/t21sc03_110_5_0.html,2026-10-09T16:18:21+0900
2021.06,2308,台達電,sii,26204497,26126461,23812690,0.29,10.04,151255167,126372792,19.68,-,https://mopsov.twse.com.tw/nas/t21/sii/t21sc03_110_6_0.html,2026-10-09T16:18:21+0900
2021.07,2308,台達電,sii,26377260,26204497,25782308,0.65,2.30,177632427,152155100,16.74,-,https://mopsov.twse.com.tw/nas/t21/sii/t21sc03_110_7_0.html,2026-10-09T16:18:21+0900
2021.08,2308,台達電,sii,25923957,26377260,25092922,-1.71,3.31,203556384,177248022,14.84,-,https://mopsov.twse.com.tw/nas/t21/sii/t21sc03_110_8_0.html,2026-10-09T16:18:21+0900
2021.09,2308,台達電,sii,27344955,25923957,26804451,5.48,2.01,230901339,204052473,13.15,-,https://mopsov.twse.com.tw/nas/t21/sii/t21sc03_110_9_0.html,2026-10-09T16:18:21+0900
2021.10,2308,台達電,sii,26378454,27344955,26152175,-3.53,0.86,257279793,230204648,11.76,-,https://mopsov.twse.com.tw/nas/t21/sii/t21sc03_110_10_0.html,2026-10-09T16:18:21+0900
2021.11,2308,台達電,sii,27335881,26378454,25492411,3.62,7.23,284615674,255697059,11.30,-,https://mopsov.twse.com.tw/nas/t21/sii/t21sc03_110_11_0.html,2026-10-09T16:18:21+0900
2021.12,2308,台達電,sii,30055122,27335881,26908434,9.94,11.69,314670796,282605493,11.34,-,https://mopsov.twse.com.tw/nas/t21/sii/t21sc03_110_12_0.html,2026-10-09T16:18:21+0900
2022.01,2308,台達電,sii,26269545,30055122,25115225,-12.59,4.59,26269545,25115225,4.59,-,https://mopsov.twse.com.tw/nas/t21/sii/t21sc03_111_1_0.html,2026-10-09T15:39:43+0900
2022.02,2308,台達電,sii,25620385,26269545,20344163,-2.47,25.93,51889930,45459388,14.14,-,https://mopsov.twse.com.tw/nas/t21/sii/t21sc03_111_2_0.html,2026-10-09T15:39:43+0900
2022.03,2308,台達電,sii,30648145,25620385,27025895,19.62,13.40,82538075,72485283,13.86,-,https://mopsov.twse.com.tw/nas/t21/sii/t21sc03_111_3_0.html,2026-10-09T15:39:43+0900
2022.04,2308,台達電,sii,27273711,30648145,26438926,-11.01,3.15,109811786,98924209,11.00,-,https://mopsov.twse.com.tw/nas/t21/sii/t21sc03_111_4_0.html,2026-10-09T15:39:43+0900
2022.05,2308,台達電,sii,30567954,27273711,26126461,12.07,16.99,140379740,125050670,12.25,-,https://mopsov.twse.com.tw/nas/t21/sii/t21sc03_111_5_0.html,2026-10-09T15:39:43+0900
2022.06,2308,台達電,sii,32155128,30567954,26204497,5.19,22.70,172534868,151255167,14.06,-,https://mopsov.twse.com.tw/nas/t21/sii/t21sc03_111_6_0.html,2026-10-09T15:39:43+0900
2022.07,2308,台達電,sii,34141054,32155128,26377260,6.17,29.43,206675922,177632427,16.35,-,https://mopsov.twse.com.tw/nas/t21/sii/t21sc03_111_7_0.html,2026-10-09T15:39:43+0900
2022.08,2308,台達電,sii,35181808,34141054,25923957,3.04,35.71,241857730,203556384,18.81,-,https://mopsov.twse.com.tw/nas/t21/sii/t21sc03_111_8_0.html,2026-10-09T15:39:43+0900
2022.09,2308,台達電,sii,36925291,35181808,27344955,4.95,35.03,278783021,230901339,20.73,-,https://mopsov.twse.com.tw/nas/t21/sii/t21sc03_111_9_0.html,2026-10-09T15:39:43+0900
2022.10,2308,台達電,sii,35530437,36925291,26378454,-3.77,34.69,314313458,257279793,22.16,-,https://mopsov.twse.com.tw/nas/t21/sii/t21sc03_111_10_0.html,2026-10-09T15:39:43+0900
2022.11,2308,台達電,sii,35707731,35530437,27335881,0.49,30.62,350021189,284615674,22.98,-,https://mopsov.twse.com.tw/nas/t21/sii/t21sc03_111_11_0.html,2026-10-09T15:39:43+0900
2022.12,2308,台達電,sii,34422119,35707731,30055122,-3.60,14.52,384443308,314670796,22.17,-,https://mopsov.twse.com.tw/nas/t21/sii/t21sc03_111_12_0.html,2026-10-09T15:39:43+0900
2023.01,2308,台達電,sii,29562916,34422119,26269545,-14.11,12.53,29562916,26269545,12.53,-,https://mopsov.twse.com.tw/nas/t21/sii/t21sc03_112_1_0.html,2026-10-09T15:39:43+0900
2023.02,2308,台達電,sii,29116665,29562916,25620385,-1.50,13.64,58679581,51889930,13.08,-,https://mopsov.twse.com.tw/nas/t21/sii/t21sc03_112_2_0.html,2026-10-09T15:39:43+0900
2023.03,2308,台達電,sii,34179663,29116665,30648145,17.38,11.52,92859244,82538075,12.50,-,https://mopsov.twse.com.tw/nas/t21/sii/t21sc03_112_3_0.html,2026-10-09T15:39:43+0900
2023.04,2308,台達電,sii,31542219,34179663,27273711,-7.71,15.65,124401463,109811786,13.28,-,https://mopsov.twse.com.tw/nas/t21/sii/t21sc03_112_4_0.html,2026-10-09T15:39:43+0900
2023.05,2308,台達電,sii,34184549,31542219,30567954,8.37,11.83,158586012,140379740,12.96,-,https://mopsov.twse.com.tw/nas/t21/sii/t21sc03_112_5_0.html,2026-10-09T15:39:43+0900
2023.06,2308,台達電,sii,34824624,34184549,32155128,1.87,8.30,193410636,172534868,12.09,-,https://mopsov.twse.com.tw/nas/t21/sii/t21sc03_112_6_0.html,2026-10-09T15:39:43+0900
2023.07,2308,台達電,sii,35973872,34824624,34141054,3.30,5.36,229384508,206675922,10.98,-,https://mopsov.twse.com.tw/nas/t21/sii/t21sc03_112_7_0.html,2026-10-09T15:39:43+0900
2023.08,2308,台達電,sii,36435815,35973872,35181808,1.28,3.56,265820323,241857730,9.90,-,https://mopsov.twse.com.tw/nas/t21/sii/t21sc03_112_8_0.html,2026-10-09T15:39:43+0900
2023.09,2308,台達電,sii,35385748,36435815,36925291,-2.88,-4.16,301206071,278783021,8.04,-,https://mopsov.twse.com.tw/nas/t21/sii/t21sc03_112_9_0.html,2026-10-09T15:39:43+0900
2023.10,2308,台達電,sii,34675178,35385748,35530437,-2.00,-2.40,335881249,314313458,6.86,-,https://mopsov.twse.com.tw/nas/t21/sii/t21sc03_112_10_0.html,2026-10-09T15:39:43+0900
2023.11,2308,台達電,sii,33648554,34675178,35707731,-2.96,-5.76,369529803,350021189,5.57,-,https://mopsov.twse.com.tw/nas/t21/sii/t21sc03_112_11_0.html,2026-10-09T15:39:43+0900
2023.12,2308,台達電,sii,31696698,33648554,34422119,-5.80,-7.91,401226501,384443308,4.36,-,https://mopsov.twse.com.tw/nas/t21/sii/t21sc03_112_12_0.html,2026-10-09T15:39:43+0900
2024.01,2308,台達電,sii,32514624,31696698,29562916,2.58,9.98,32514624,29562916,9.98,-,https://mopsov.twse.com.tw/nas/t21/sii/t21sc03_113_1_0.html,2026-10-09T15:39:43+0900
2024.02,2308,台達電,sii,27205316,32514624,29116665,-16.32,-6.56,59719940,58679581,1.77,-,https://mopsov.twse.com.tw/nas/t21/sii/t21sc03_113_2_0.html,2026-10-09T15:39:43+0900
2024.03,2308,台達電,sii,31578050,27205316,34179663,16.07,-7.61,91297990,92859244,-1.68,-,https://mopsov.twse.com.tw/nas/t21/sii/t21sc03_113_3_0.html,2026-10-09T15:39:43+0900
2024.04,2308,台達電,sii,33537561,31578050,31542219,6.20,6.32,124835551,124401463,0.34,-,https://mopsov.twse.com.tw/nas/t21/sii/t21sc03_113_4_0.html,2026-10-09T15:39:43+0900
2024.05,2308,台達電,sii,35077719,33537561,34184549,4.59,2.61,159913270,158586012,0.83,-,https://mopsov.twse.com.tw/nas/t21/sii/t21sc03_113_5_0.html,2026-10-09T15:39:43+0900
2024.06,2308,台達電,sii,34828692,35077719,34824624,-0.70,0.01,194741962,193410636,0.68,-,https://mopsov.twse.com.tw/nas/t21/sii/t21sc03_113_6_0.html,2026-10-09T15:39:43+0900
2024.07,2308,台達電,sii,37339042,34828692,35973872,7.20,3.79,232081004,229384508,1.17,-,https://mopsov.twse.com.tw/nas/t21/sii/t21sc03_113_7_0.html,2026-10-09T15:39:43+0900
2024.08,2308,台達電,sii,37770041,37339042,36435815,1.15,3.66,269851045,265820323,1.51,-,https://mopsov.twse.com.tw/nas/t21/sii/t21sc03_113_8_0.html,2026-10-09T15:39:43+0900
2024.09,2308,台達電,sii,37094029,37770041,35385748,-1.78,4.82,306945074,301206071,1.90,-,https://mopsov.twse.com.tw/nas/t21/sii/t21sc03_113_9_0.html,2026-10-09T15:39:43+0900
2024.10,2308,台達電,sii,38816849,37094029,34675178,4.64,11.94,345761923,335881249,2.94,-,https://mopsov.twse.com.tw/nas/t21/sii/t21sc03_113_10_0.html,2026-10-09T15:39:43+0900
2024.11,2308,台達電,sii,36647082,38816849,33648554,-5.58,8.91,382409005,369529803,3.48,-,https://mopsov.twse.com.tw/nas/t21/sii/t21sc03_113_11_0.html,2026-10-09T15:39:43+0900
2024.12,2308,台達電,sii,38738552,36647082,31696698,5.70,22.21,421147557,401226501,4.96,-,https://mopsov.twse.com.tw/nas/t21/sii/t21sc03_113_12_0.html,2026-10-09T15:39:43+0900
2025.01,2308,台達電,sii,37385532,38738552,32514624,-3.49,14.98,37385532,32514624,14.98,-,https://mopsov.twse.com.tw/nas/t21/sii/t21sc03_114_1_0.html,2026-10-09T15:39:43+0900
2025.02,2308,台達電,sii,38089875,37385532,27205316,1.88,40.00,75475407,59719940,26.38,-,https://mopsov.twse.com.tw/nas/t21/sii/t21sc03_114_2_0.html,2026-10-09T15:39:43+0900
2025.03,2308,台達電,sii,43443999,38089875,31578050,14.05,37.57,118919406,91297990,30.25,-,https://mopsov.twse.com.tw/nas/t21/sii/t21sc03_114_3_0.html,2026-10-09T15:39:43+0900
2025.04,2308,台達電,sii,40782164,43443999,33537561,-6.12,21.60,159701570,124835551,27.92,-,https://mopsov.twse.com.tw/nas/t21/sii/t21sc03_114_4_0.html,2026-10-09T15:39:43+0900
2025.05,2308,台達電,sii,41044766,40782164,35077719,0.64,17.01,200746336,159913270,25.53,-,https://mopsov.twse.com.tw/nas/t21/sii/t21sc03_114_5_0.html,2026-10-09T15:39:43+0900
2025.06,2308,台達電,sii,42208156,41044766,34828692,2.83,21.18,242954492,194741962,24.75,-,https://mopsov.twse.com.tw/nas/t21/sii/t21sc03_114_6_0.html,2026-10-09T15:39:43+0900
2025.07,2308,台達電,sii,45397038,42208156,37339042,7.55,21.58,288351530,232081004,24.24,-,https://mopsov.twse.com.tw/nas/t21/sii/t21sc03_114_7_0.html,2026-10-09T15:39:43+0900
2025.08,2308,台達電,sii,47859758,45397038,37770041,5.42,26.71,336211288,269851045,24.59,-,https://mopsov.twse.com.tw/nas/t21/sii/t21sc03_114_8_0.html,2026-10-09T15:39:43+0900
2025.09,2308,台達電,sii,57060781,47859758,37094029,19.22,53.82,393272069,306945074,28.12,本月與去年同期增加百分比達50％以上，係因AI相關產品需求旺盛,https://mopsov.twse.com.tw/nas/t21/sii/t21sc03_114_9_0.html,2026-10-09T15:39:43+0900
2025.10,2308,台達電,sii,57383550,57060781,38816849,0.56,47.83,450655619,345761923,30.33,-,https://mopsov.twse.com.tw/nas/t21/sii/t21sc03_114_10_0.html,2026-10-09T15:39:43+0900
2025.11,2308,台達電,sii,50543404,57383550,36647082,-11.92,37.91,501199023,382409005,31.06,-,https://mopsov.twse.com.tw/nas/t21/sii/t21sc03_114_11_0.html,2026-10-09T15:39:43+0900
2025.12,2308,台達電,sii,53686145,50543404,38738552,6.21,38.58,554885168,421147557,31.75,-,https://mopsov.twse.com.tw/nas/t21/sii/t21sc03_114_12_0.html,2026-10-09T15:39:43+0900
2026.01,2308,台達電,sii,49675223,53686145,37385532,-7.47,32.87,49675223,37385532,32.87,-,https://mopsov.twse.com.tw/nas/t21/sii/t21sc03_115_1_0.html,2026-10-09T15:39:43+0900
2026.02,2308,台達電,sii,49897441,49675223,38089875,0.44,30.99,99572664,75475407,31.92,-,https://mopsov.twse.com.tw/nas/t21/sii/t21sc03_115_2_0.html,2026-10-09T15:39:43+0900
2026.03,2308,台達電,sii,59779988,49897441,43443999,19.80,37.60,159352652,118919406,34.00,-,https://mopsov.twse.com.tw/nas/t21/sii/t21sc03_115_3_0.html,2026-10-09T15:39:43+0900
2026.04,2308,台達電,sii,58691652,59779988,40782164,-1.82,43.91,218044304,159701570,36.53,-,https://mopsov.twse.com.tw/nas/t21/sii/t21sc03_115_4_0.html,2026-10-09T15:39:43+0900
2026.05,2308,台達電,sii,58961817,58691652,41044766,0.46,43.65,277006121,200746336,37.98,-,https://mopsov.twse.com.tw/nas/t21/sii/t21sc03_115_5_0.html,2026-10-09T15:39:43+0900
2026.06,2308,台達電,sii,65602611,58961817,42208156,11.26,55.42,342608732,242954492,41.01,本月與去年同期增加百分比達50％以上，主要係因AI相關產品需求旺盛,https://mopsov.twse.com.tw/nas/t21/sii/t21sc03_115_6_0.html,2026-10-09T15:39:43+0900
2026.07,2308,台達電,sii,67073192,65602611,45397038,2.24,47.74,409681924,288351530,42.07,-,https://mopsov.twse.com.tw/nas/t21/sii/t21sc03_115_7_0.html,2026-10-09T16:18:21+0900
2026.08,2308,台達電,sii,64586049,67073192,47859758,-3.70,34.94,474267973,336211288,41.06,-,https://mopsov.twse.com.tw/nas/t21/sii/t21sc03_115_8_0.html,2026-10-09T16:18:21+0900
2015.01,2317,鴻海,sii,396005475,515569088,314551279,-23.19,25.89,396005475,314551279,25.89,-,https://mopsov.twse.com.tw/nas/t21/sii/t21sc03_104_1_0.html,2026-10-09T16:18:21+0900
2015.02,2317,鴻海,sii,280021542,396005475,260625536,-29.28,7.44,676027018,575176815,17.53,-,https://mopsov.twse.com.tw/nas/t21/sii/t21sc03_104_2_0.html,2026-10-09T16:18:21+0900
2015.03,2317,鴻海,sii,338297389,280021542,307819243,20.81,9.90,1014324406,882996058,14.87,-,https://mopsov.twse.com.tw/nas/t21/sii/t21sc03_104_3_0.html,2026-10-09T16:18:21+0900
2015.04,2317,鴻海,sii,352467560,338297389,294441622,4.18,19.70,1366791966,1177437680,16.08,-,https://mopsov.twse.com.tw/nas/t21/sii/t21sc03_104_4_0.html,2026-10-09T16:18:21+0900
2015.05,2317,鴻海,sii,301599386,352467560,267966271,-14.43,12.55,1668391352,1445403951,15.42,-,https://mopsov.twse.com.tw/nas/t21/sii/t21sc03_104_5_0.html,2026-10-09T16:18:21+0900
2015.06,2317,鴻海,sii,318555965,301599386,316993273,5.62,0.49,1986947317,1762397224,12.74,-,https://mopsov.twse.com.tw/nas/t21/sii/t21sc03_104_6_0.html,2026-10-09T16:18:21+0900
2015.07,2317,鴻海,sii,312192660,318555965,260217686,-1.99,19.97,2299139977,2022614911,13.67,-,https://mopsov.twse.com.tw/nas/t21/sii/t21sc03_104_7_0.html,2026-10-09T16:18:21+0900
2015.08,2317,鴻海,sii,292915013,312192660,275084930,-6.17,6.48,2592054990,2297699841,12.81,-,https://mopsov.twse.com.tw/nas/t21/sii/t21sc03_104_8_0.html,2026-10-09T16:18:21+0900
2015.09,2317,鴻海,sii,460903278,292915013,415412293,57.35,10.95,3052958269,2713112134,12.52,-,https://mopsov.twse.com.tw/nas/t21/sii/t21sc03_104_9_0.html,2026-10-09T16:18:21+0900
2015.10,2317,鴻海,sii,502963649,460903278,468999424,9.12,7.24,3555921918,3182111558,11.74,-,https://mopsov.twse.com.tw/nas/t21/sii/t21sc03_104_10_0.html,2026-10-09T16:18:21+0900
2015.11,2317,鴻海,sii,517519561,502963649,514793265,2.89,0.52,4073441479,3696904823,10.18,-,https://mopsov.twse.com.tw/nas/t21/sii/t21sc03_104_11_0.html,2026-10-09T16:18:21+0900
2015.12,2317,鴻海,sii,409654099,517519561,515569088,-20.84,-20.54,4483095578,4212473911,6.42,-,https://mopsov.twse.com.tw/nas/t21/sii/t21sc03_104_12_0.html,2026-10-09T16:18:21+0900
2016.01,2317,鴻海,sii,337605177,409654099,396005475,-17.58,-14.74,337605177,396005475,-14.74,-,https://mopsov.twse.com.tw/nas/t21/sii/t21sc03_105_1_0.html,2026-10-09T16:18:21+0900
2016.02,2317,鴻海,sii,280647668,337605177,280021542,-16.87,0.22,618252845,676027018,-8.54,-,https://mopsov.twse.com.tw/nas/t21/sii/t21sc03_105_2_0.html,2026-10-09T16:18:21+0900
2016.03,2317,鴻海,sii,339621426,280647668,338297389,21.01,0.39,957874271,1014324406,-5.56,-,https://mopsov.twse.com.tw/nas/t21/sii/t21sc03_105_3_0.html,2026-10-09T16:18:21+0900
2016.04,2317,鴻海,sii,322388621,339621426,352467560,-5.07,-8.53,1280262892,1366791966,-6.33,-,https://mopsov.twse.com.tw/nas/t21/sii/t21sc03_105_4_0.html,2026-10-09T16:18:21+0900
2016.05,2317,鴻海,sii,295411010,322388621,301599386,-8.36,-2.05,1575673902,1668391352,-5.55,-,https://mopsov.twse.com.tw/nas/t21/sii/t21sc03_105_5_0.html,2026-10-09T16:18:21+0900
2016.06,2317,鴻海,sii,305011247,295411010,318555965,3.24,-4.25,1880685149,1986947317,-5.34,-,https://mopsov.twse.com.tw/nas/t21/sii/t21sc03_105_6_0.html,2026-10-09T16:18:21+0900
2016.07,2317,鴻海,sii,293000389,305011247,312192660,-3.93,-6.14,2173685538,2299139977,-5.45,-,https://mopsov.twse.com.tw/nas/t21/sii/t21sc03_105_7_0.html,2026-10-09T16:18:21+0900
2016.08,2317,鴻海,sii,312697365,293000389,292915013,6.72,6.75,2486382903,2592054990,-4.07,-,https://mopsov.twse.com.tw/nas/t21/sii/t21sc03_105_8_0.html,2026-10-09T16:18:21+0900
2016.09,2317,鴻海,sii,468361676,312697365,460903278,49.78,1.61,2954744579,3052958269,-3.21,-,https://mopsov.twse.com.tw/nas/t21/sii/t21sc03_105_9_0.html,2026-10-09T16:18:21+0900
2016.10,2317,鴻海,sii,471933062,468361676,502963649,0.76,-6.16,3426677641,3555921918,-3.63,-,https://mopsov.twse.com.tw/nas/t21/sii/t21sc03_105_10_0.html,2026-10-09T16:18:21+0900
2016.11,2317,鴻海,sii,480671537,471933062,517519561,1.85,-7.12,3907349178,4073441479,-4.07,-,https://mopsov.twse.com.tw/nas/t21/sii/t21sc03_105_11_0.html,2026-10-09T16:18:21+0900
2016.12,2317,鴻海,sii,449639072,480671537,409654099,-6.45,9.76,4356988250,4483095578,-2.81,-,https://mopsov.twse.com.tw/nas/t21/sii/t21sc03_105_12_0.html,2026-10-09T16:18:21+0900
2017.01,2317,鴻海,sii,345331557,449639072,337605177,-23.19,2.28,345331557,337605177,2.28,-,https://mopsov.twse.com.tw/nas/t21/sii/t21sc03_106_1_0.html,2026-10-09T16:18:21+0900
2017.02,2317,鴻海,sii,289580345,345331557,280647668,-16.14,3.18,634911902,618252845,2.69,-,https://mopsov.twse.com.tw/nas/t21/sii/t21sc03_106_2_0.html,2026-10-09T16:18:21+0900
2017.03,2317,鴻海,sii,341690438,289580345,339621426,17.99,0.60,976602340,957874271,1.95,-,https://mopsov.twse.com.tw/nas/t21/sii/t21sc03_106_3_0.html,2026-10-09T16:18:21+0900
2017.04,2317,鴻海,sii,322787873,341690438,322388621,-5.53,0.12,1299390213,1280262892,1.49,-,https://mopsov.twse.com.tw/nas/t21/sii/t21sc03_106_4_0.html,2026-10-09T16:18:21+0900
2017.05,2317,鴻海,sii,279845611,322787873,295411010,-13.30,-5.26,1579235824,1575673902,0.22,-,https://mopsov.twse.com.tw/nas/t21/sii/t21sc03_106_5_0.html,2026-10-09T16:18:21+0900
2017.06,2317,鴻海,sii,315139646,279845611,305011247,12.61,3.32,1894375470,1880685149,0.72,-,https://mopsov.twse.com.tw/nas/t21/sii/t21sc03_106_6_0.html,2026-10-09T16:18:21+0900
2017.07,2317,鴻海,sii,315057364,315139646,293000389,-0.02,7.52,2209432834,2173685538,1.64,-,https://mopsov.twse.com.tw/nas/t21/sii/t21sc03_106_7_0.html,2026-10-09T16:18:21+0900
2017.08,2317,鴻海,sii,316793293,315057364,312697365,0.55,1.30,2526226127,2486382903,1.60,-,https://mopsov.twse.com.tw/nas/t21/sii/t21sc03_106_8_0.html,2026-10-09T16:18:21+0900
2017.09,2317,鴻海,sii,451040000,316793293,468361676,42.37,-3.69,2977266126,2954744579,0.76,-,https://mopsov.twse.com.tw/nas/t21/sii/t21sc03_106_9_0.html,2026-10-09T16:18:21+0900
2017.10,2317,鴻海,sii,485457987,451040000,471933062,7.63,2.86,3462724114,3426677641,1.05,-,https://mopsov.twse.com.tw/nas/t21/sii/t21sc03_106_10_0.html,2026-10-09T16:18:21+0900
2017.11,2317,鴻海,sii,569599639,485457987,480671537,17.33,18.50,4032323753,3907349178,3.19,-,https://mopsov.twse.com.tw/nas/t21/sii/t21sc03_106_11_0.html,2026-10-09T16:18:21+0900
2017.12,2317,鴻海,sii,675141430,569599639,449639072,18.52,50.15,4707465183,4356988250,8.04,手機業務較去年同期強勁增長,https://mopsov.twse.com.tw/nas/t21/sii/t21sc03_106_12_0.html,2026-10-09T16:18:21+0900
2018.01,2317,鴻海,sii,400606784,675141430,345331557,-40.66,16.00,400606784,345331557,16.00,-,https://mopsov.twse.com.tw/nas/t21/sii/t21sc03_107_1_0.html,2026-10-09T16:18:21+0900
2018.02,2317,鴻海,sii,277815099,400606784,289580345,-30.65,-4.06,678421883,634911902,6.85,-,https://mopsov.twse.com.tw/nas/t21/sii/t21sc03_107_2_0.html,2026-10-09T16:18:21+0900
2018.03,2317,鴻海,sii,349154840,277815099,341690438,25.67,2.18,1027576723,976602340,5.21,-,https://mopsov.twse.com.tw/nas/t21/sii/t21sc03_107_3_0.html,2026-10-09T16:18:21+0900
2018.04,2317,鴻海,sii,343987825,349154840,322787873,-1.47,6.56,1371564549,1299390213,5.55,-,https://mopsov.twse.com.tw/nas/t21/sii/t21sc03_107_4_0.html,2026-10-09T16:18:21+0900
2018.05,2317,鴻海,sii,347103612,343987825,279845611,0.90,24.03,1718668161,1579235824,8.82,-,https://mopsov.twse.com.tw/nas/t21/sii/t21sc03_107_5_0.html,2026-10-09T16:18:21+0900
2018.06,2317,鴻海,sii,389889521,347103612,315139646,12.32,23.71,2108557682,1894375470,11.30,-,https://mopsov.twse.com.tw/nas/t21/sii/t21sc03_107_6_0.html,2026-10-09T16:18:21+0900
2018.07,2317,鴻海,sii,395590580,389889521,315057364,1.46,25.56,2504148262,2209432834,13.33,-,https://mopsov.twse.com.tw/nas/t21/sii/t21sc03_107_7_0.html,2026-10-09T16:18:21+0900
2018.08,2317,鴻海,sii,396784599,395590580,316793293,0.30,25.25,2900932860,2526226127,14.83,-,https://mopsov.twse.com.tw/nas/t21/sii/t21sc03_107_8_0.html,2026-10-09T16:18:21+0900
2018.09,2317,鴻海,sii,584929050,396784599,451040000,47.41,29.68,3485861910,2977266126,17.08,-,https://mopsov.twse.com.tw/nas/t21/sii/t21sc03_107_9_0.html,2026-10-09T16:18:21+0900
2018.10,2317,鴻海,sii,589734622,584929050,485457987,0.82,21.48,4075596532,3462724114,17.69,-,https://mopsov.twse.com.tw/nas/t21/sii/t21sc03_107_10_0.html,2026-10-09T16:18:21+0900
2018.11,2317,鴻海,sii,601441398,589734622,569599639,1.98,5.59,4677037929,4032323753,15.98,-,https://mopsov.twse.com.tw/nas/t21/sii/t21sc03_107_11_0.html,2026-10-09T16:18:21+0900
2018.12,2317,鴻海,sii,619315527,601441398,675141430,2.97,-8.26,5296353456,4707465183,12.50,-,https://mopsov.twse.com.tw/nas/t21/sii/t21sc03_107_12_0.html,2026-10-09T16:18:21+0900
2019.01,2317,鴻海,sii,414095017,619315527,400606784,-33.13,3.36,414095017,400606784,3.36,-,https://mopsov.twse.com.tw/nas/t21/sii/t21sc03_108_1_0.html,2026-10-09T16:18:21+0900
2019.02,2317,鴻海,sii,265632525,414095017,277815099,-35.85,-4.38,679727542,678421883,0.19,-,https://mopsov.twse.com.tw/nas/t21/sii/t21sc03_108_2_0.html,2026-10-09T16:18:21+0900
2019.03,2317,鴻海,sii,376604602,265632525,349154840,41.77,7.86,1056332144,1027576723,2.79,-,https://mopsov.twse.com.tw/nas/t21/sii/t21sc03_108_3_0.html,2026-10-09T16:18:21+0900
2019.04,2317,鴻海,sii,379786358,376604602,343987825,0.84,10.40,1436118502,1371564549,4.70,-,https://mopsov.twse.com.tw/nas/t21/sii/t21sc03_108_4_0.html,2026-10-09T16:18:21+0900
2019.05,2317,鴻海,sii,384217278,379786358,347103612,1.16,10.69,1820335781,1718668161,5.91,-,https://mopsov.twse.com.tw/nas/t21/sii/t21sc03_108_5_0.html,2026-10-09T16:18:21+0900
2019.06,2317,鴻海,sii,396537313,384217278,389889521,3.20,1.70,2216873093,2108557682,5.13,-,https://mopsov.twse.com.tw/nas/t21/sii/t21sc03_108_6_0.html,2026-10-09T16:18:21+0900
2019.07,2317,鴻海,sii,398012063,396537313,395590580,0.37,0.61,2614885156,2504148262,4.42,-,https://mopsov.twse.com.tw/nas/t21/sii/t21sc03_108_7_0.html,2026-10-09T16:18:21+0900
2019.08,2317,鴻海,sii,398815197,398012063,396784599,0.20,0.51,3013700353,2900932860,3.88,-,https://mopsov.twse.com.tw/nas/t21/sii/t21sc03_108_8_0.html,2026-10-09T16:18:21+0900
2019.09,2317,鴻海,sii,587790037,398815197,584929050,47.38,0.48,3601490390,3485861910,3.31,-,https://mopsov.twse.com.tw/nas/t21/sii/t21sc03_108_9_0.html,2026-10-09T16:18:21+0900
2019.10,2317,鴻海,sii,595882399,587790037,589734622,1.37,1.04,4197372789,4075596532,2.98,-,https://mopsov.twse.com.tw/nas/t21/sii/t21sc03_108_10_0.html,2026-10-09T16:18:21+0900
2019.11,2317,鴻海,sii,602646218,595882399,601441398,1.13,0.20,4800019007,4677037929,2.62,-,https://mopsov.twse.com.tw/nas/t21/sii/t21sc03_108_11_0.html,2026-10-09T16:18:21+0900
2019.12,2317,鴻海,sii,539507164,602646218,619315527,-10.47,-12.88,5339526171,5296353456,0.81,-,https://mopsov.twse.com.tw/nas/t21/sii/t21sc03_108_12_0.html,2026-10-09T16:18:21+0900
2020.01,2317,鴻海,sii,364565505,539507164,414095017,-32.42,-11.96,364565505,414095017,-11.96,-,https://mopsov.twse.com.tw/nas/t21/sii/t21sc03_109_1_0.html,2026-10-09T16:18:21+0900
2020.02,2317,鴻海,sii,217460379,364565505,265632525,-40.35,-18.13,582025884,679727542,-14.37,-,https://mopsov.twse.com.tw/nas/t21/sii/t21sc03_109_2_0.html,2026-10-09T16:18:21+0900
2020.03,2317,鴻海,sii,347654242,217460379,376604602,59.87,-7.68,929680127,1056332144,-11.98,-,https://mopsov.twse.com.tw/nas/t21/sii/t21sc03_109_3_0.html,2026-10-09T16:18:21+0900
2020.04,2317,鴻海,sii,380925137,347654242,379786358,9.57,0.29,1310605263,1436118502,-8.73,-,https://mopsov.twse.com.tw/nas/t21/sii/t21sc03_109_4_0.html,2026-10-09T16:18:21+0900
2020.05,2317,鴻海,sii,386980506,380925137,384217278,1.58,0.71,1697585769,1820335781,-6.74,-,https://mopsov.twse.com.tw/nas/t21/sii/t21sc03_109_5_0.html,2026-10-09T16:18:21+0900
2020.06,2317,鴻海,sii,360531936,386980506,396537313,-6.83,-9.07,2058117705,2216873093,-7.16,-,https://mopsov.twse.com.tw/nas/t21/sii/t21sc03_109_6_0.html,2026-10-09T16:18:21+0900
2020.07,2317,鴻海,sii,403325650,360531936,398012063,11.86,1.33,2461443355,2614885156,-5.86,-,https://mopsov.twse.com.tw/nas/t21/sii/t21sc03_109_7_0.html,2026-10-09T16:18:21+0900
2020.08,2317,鴻海,sii,420545724,403325650,398815197,4.26,5.44,2881989079,3013700353,-4.37,-,https://mopsov.twse.com.tw/nas/t21/sii/t21sc03_109_8_0.html,2026-10-09T16:18:21+0900
2020.09,2317,鴻海,sii,466362634,420545724,587790037,10.89,-20.65,3348351713,3601490390,-7.02,-,https://mopsov.twse.com.tw/nas/t21/sii/t21sc03_109_9_0.html,2026-10-09T16:18:21+0900
2020.10,2317,鴻海,sii,612553870,466362634,595882399,31.34,2.79,3960905583,4197372789,-5.63,-,https://mopsov.twse.com.tw/nas/t21/sii/t21sc03_109_10_0.html,2026-10-09T16:18:21+0900
2020.11,2317,鴻海,sii,681375475,612553870,602646218,11.23,13.06,4642281058,4800019007,-3.28,-,https://mopsov.twse.com.tw/nas/t21/sii/t21sc03_109_11_0.html,2026-10-09T16:18:21+0900
2020.12,2317,鴻海,sii,713780191,681375475,539507164,4.75,32.30,5356061249,5339526171,0.30,-,https://mopsov.twse.com.tw/nas/t21/sii/t21sc03_109_12_0.html,2026-10-09T16:18:21+0900
2021.01,2317,鴻海,sii,500218095,713780191,364565505,-29.91,37.20,500218095,364565505,37.20,-,https://mopsov.twse.com.tw/nas/t21/sii/t21sc03_110_1_0.html,2026-10-09T16:18:21+0900
2021.02,2317,鴻海,sii,401893348,500218095,217460379,-19.65,84.81,902111442,582025884,54.99,受疫情影響,https://mopsov.twse.com.tw/nas/t21/sii/t21sc03_110_2_0.html,2026-10-09T16:18:21+0900
2021.03,2317,鴻海,sii,441217054,401893348,347654242,9.78,26.91,1343328496,929680127,44.49,-,https://mopsov.twse.com.tw/nas/t21/sii/t21sc03_110_3_0.html,2026-10-09T16:18:21+0900
2021.04,2317,鴻海,sii,500490784,441217054,380925137,13.43,31.38,1843819281,1310605263,40.68,-,https://mopsov.twse.com.tw/nas/t21/sii/t21sc03_110_4_0.html,2026-10-09T16:18:21+0900
2021.05,2317,鴻海,sii,455034482,500490784,386980506,-9.08,17.58,2298853763,1697585769,35.41,-,https://mopsov.twse.com.tw/nas/t21/sii/t21sc03_110_5_0.html,2026-10-09T16:18:21+0900
2021.06,2317,鴻海,sii,401616787,455034482,360531936,-11.73,11.39,2700470550,2058117705,31.21,-,https://mopsov.twse.com.tw/nas/t21/sii/t21sc03_110_6_0.html,2026-10-09T16:18:21+0900
2021.07,2317,鴻海,sii,418015118,401616787,403325650,4.08,3.64,3118485668,2461443355,26.69,-,https://mopsov.twse.com.tw/nas/t21/sii/t21sc03_110_7_0.html,2026-10-09T16:18:21+0900
2021.08,2317,鴻海,sii,400048695,418015118,420545724,-4.29,-4.87,3518534363,2881989079,22.08,-,https://mopsov.twse.com.tw/nas/t21/sii/t21sc03_110_8_0.html,2026-10-09T16:18:21+0900
2021.09,2317,鴻海,sii,585731112,400048695,466362634,46.41,25.59,4104265475,3348351713,22.57,-,https://mopsov.twse.com.tw/nas/t21/sii/t21sc03_110_9_0.html,2026-10-09T16:18:21+0900
2021.10,2317,鴻海,sii,550890889,585731112,612553870,-5.94,-10.06,4655156364,3960905583,17.52,-,https://mopsov.twse.com.tw/nas/t21/sii/t21sc03_110_10_0.html,2026-10-09T16:18:21+0900
2021.11,2317,鴻海,sii,621713098,550890889,681375475,12.85,-8.75,5276869462,4642281058,13.66,-,https://mopsov.twse.com.tw/nas/t21/sii/t21sc03_110_11_0.html,2026-10-09T16:18:21+0900
2021.12,2317,鴻海,sii,717583317,621713098,713780191,15.42,0.53,5994452779,5356061249,11.91,-,https://mopsov.twse.com.tw/nas/t21/sii/t21sc03_110_12_0.html,2026-10-09T16:18:21+0900
2022.01,2317,鴻海,sii,445750368,717583317,500218095,-37.88,-10.88,445750368,500218095,-10.88,-,https://mopsov.twse.com.tw/nas/t21/sii/t21sc03_111_1_0.html,2026-10-09T15:39:43+0900
2022.02,2317,鴻海,sii,455025496,445750368,401893348,2.08,13.22,900775864,902111442,-0.14,-,https://mopsov.twse.com.tw/nas/t21/sii/t21sc03_111_2_0.html,2026-10-09T15:39:43+0900
2022.03,2317,鴻海,sii,507394648,455025496,441217054,11.50,14.99,1408170512,1343328496,4.82,-,https://mopsov.twse.com.tw/nas/t21/sii/t21sc03_111_3_0.html,2026-10-09T15:39:43+0900
2022.04,2317,鴻海,sii,486464046,507394648,500490784,-4.12,-2.80,1894634558,1843819281,2.75,-,https://mopsov.twse.com.tw/nas/t21/sii/t21sc03_111_4_0.html,2026-10-09T15:39:43+0900
2022.05,2317,鴻海,sii,497774765,486464046,455034482,2.32,9.39,2392409323,2298853763,4.06,-,https://mopsov.twse.com.tw/nas/t21/sii/t21sc03_111_5_0.html,2026-10-09T15:39:43+0900
2022.06,2317,鴻海,sii,526195533,497774765,401616787,5.70,31.01,2918604856,2700470550,8.07,-,https://mopsov.twse.com.tw/nas/t21/sii/t21sc03_111_6_0.html,2026-10-09T15:39:43+0900
2022.07,2317,鴻海,sii,475099076,526195533,418015118,-9.71,13.65,3393703932,3118485668,8.82,-,https://mopsov.twse.com.tw/nas/t21/sii/t21sc03_111_7_0.html,2026-10-09T15:39:43+0900
2022.08,2317,鴻海,sii,448906316,475099076,400048695,-5.51,12.21,3842610248,3518534363,9.21,-,https://mopsov.twse.com.tw/nas/t21/sii/t21sc03_111_8_0.html,2026-10-09T15:39:43+0900
2022.09,2317,鴻海,sii,822323447,448906316,585731112,83.18,40.39,4664933695,4104265475,13.66,-,https://mopsov.twse.com.tw/nas/t21/sii/t21sc03_111_9_0.html,2026-10-09T15:39:43+0900
2022.10,2317,鴻海,sii,776576519,822323447,550890889,-5.56,40.96,5441510214,4655156364,16.89,對本季原為審慎樂觀，因疫情影響，公司將下調第四季展望。河南省也表示一如既往全力支持鴻海，盡快撲滅疫情，並恢復滿產能生產。,https://mopsov.twse.com.tw/nas/t21/sii/t21sc03_111_10_0.html,2026-10-09T15:39:43+0900
2022.11,2317,鴻海,sii,551092114,776576519,621713098,-29.03,-11.35,5992602327,5276869462,13.56,-,https://mopsov.twse.com.tw/nas/t21/sii/t21sc03_111_11_0.html,2026-10-09T15:39:43+0900
2022.12,2317,鴻海,sii,629339433,551092114,717583317,14.19,-12.29,6621941760,5994452779,10.46,-,https://mopsov.twse.com.tw/nas/t21/sii/t21sc03_111_12_0.html,2026-10-09T15:39:43+0900
2023.01,2317,鴻海,sii,660363151,629339433,445750368,4.92,48.14,660363151,445750368,48.14,-,https://mopsov.twse.com.tw/nas/t21/sii/t21sc03_112_1_0.html,2026-10-09T15:39:43+0900
2023.02,2317,鴻海,sii,402035366,660363151,455025496,-39.11,-11.64,1062398516,900775864,17.94,-,https://mopsov.twse.com.tw/nas/t21/sii/t21sc03_112_2_0.html,2026-10-09T15:39:43+0900
2023.03,2317,鴻海,sii,400293029,402035366,507394648,-0.43,-21.10,1462691545,1408170512,3.87,-,https://mopsov.twse.com.tw/nas/t21/sii/t21sc03_112_3_0.html,2026-10-09T15:39:43+0900
2023.04,2317,鴻海,sii,429219228,400293029,486464046,7.22,-11.76,1891910773,1894634558,-0.14,-,https://mopsov.twse.com.tw/nas/t21/sii/t21sc03_112_4_0.html,2026-10-09T15:39:43+0900
2023.05,2317,鴻海,sii,450725682,429219228,497774765,5.01,-9.45,2342636455,2392409323,-2.08,-,https://mopsov.twse.com.tw/nas/t21/sii/t21sc03_112_5_0.html,2026-10-09T15:39:43+0900
2023.06,2317,鴻海,sii,422774983,450725682,526195533,-6.20,-19.65,2765411438,2918604856,-5.24,-,https://mopsov.twse.com.tw/nas/t21/sii/t21sc03_112_6_0.html,2026-10-09T15:39:43+0900
2023.07,2317,鴻海,sii,469234396,422774983,475099076,10.98,-1.23,3234645835,3393703932,-4.68,-,https://mopsov.twse.com.tw/nas/t21/sii/t21sc03_112_7_0.html,2026-10-09T15:39:43+0900
2023.08,2317,鴻海,sii,412838898,469234396,448906316,-12.01,-8.03,3647484732,3842610248,-5.07,-,https://mopsov.twse.com.tw/nas/t21/sii/t21sc03_112_8_0.html,2026-10-09T15:39:43+0900
2023.09,2317,鴻海,sii,660740414,412838898,822323447,60.04,-19.64,4308225147,4664933695,-7.64,-,https://mopsov.twse.com.tw/nas/t21/sii/t21sc03_112_9_0.html,2026-10-09T15:39:43+0900
2023.10,2317,鴻海,sii,741200306,660740414,776576519,12.17,-4.55,5049425453,5441510214,-7.20,-,https://mopsov.twse.com.tw/nas/t21/sii/t21sc03_112_10_0.html,2026-10-09T15:39:43+0900
2023.11,2317,鴻海,sii,650021114,741200306,551092114,-12.30,17.95,5699446567,5992602327,-4.89,-,https://mopsov.twse.com.tw/nas/t21/sii/t21sc03_112_11_0.html,2026-10-09T15:39:43+0900
2023.12,2317,鴻海,sii,460124625,650021114,629339433,-29.21,-26.88,6159571192,6621941760,-6.98,-,https://mopsov.twse.com.tw/nas/t21/sii/t21sc03_112_12_0.html,2026-10-09T15:39:43+0900
2024.01,2317,鴻海,sii,522141475,460124625,660363151,13.47,-20.93,522141475,660363151,-20.93,-,https://mopsov.twse.com.tw/nas/t21/sii/t21sc03_113_1_0.html,2026-10-09T15:39:43+0900
2024.02,2317,鴻海,sii,352480676,522141475,402035366,-32.49,-12.32,874622150,1062398516,-17.67,-,https://mopsov.twse.com.tw/nas/t21/sii/t21sc03_113_2_0.html,2026-10-09T15:39:43+0900
2024.03,2317,鴻海,sii,447540564,352480676,400293029,26.96,11.80,1322162714,1462691545,-9.60,-,https://mopsov.twse.com.tw/nas/t21/sii/t21sc03_113_3_0.html,2026-10-09T15:39:43+0900
2024.04,2317,鴻海,sii,510896397,447540564,429219228,14.15,19.02,1833059111,1891910773,-3.11,-,https://mopsov.twse.com.tw/nas/t21/sii/t21sc03_113_4_0.html,2026-10-09T15:39:43+0900
2024.05,2317,鴻海,sii,550157241,510896397,450725682,7.68,22.06,2383216352,2342636455,1.73,-,https://mopsov.twse.com.tw/nas/t21/sii/t21sc03_113_5_0.html,2026-10-09T15:39:43+0900
2024.06,2317,鴻海,sii,490725274,550157241,422774983,-10.80,16.07,2873941626,2765411438,3.92,-,https://mopsov.twse.com.tw/nas/t21/sii/t21sc03_113_6_0.html,2026-10-09T15:39:43+0900
2024.07,2317,鴻海,sii,572351867,490725274,469234396,16.63,21.97,3446293492,3234645835,6.54,-,https://mopsov.twse.com.tw/nas/t21/sii/t21sc03_113_7_0.html,2026-10-09T15:39:43+0900
2024.08,2317,鴻海,sii,548311941,572351867,412838898,-4.20,32.81,3994605433,3647484732,9.51,-,https://mopsov.twse.com.tw/nas/t21/sii/t21sc03_113_8_0.html,2026-10-09T15:39:43+0900
2024.09,2317,鴻海,sii,733023957,548311941,660740414,33.68,10.93,4727629390,4308225147,9.73,-,https://mopsov.twse.com.tw/nas/t21/sii/t21sc03_113_9_0.html,2026-10-09T15:39:43+0900
2024.10,2317,鴻海,sii,804847646,733023957,741200306,9.79,8.58,5532477036,5049425453,9.56,-,https://mopsov.twse.com.tw/nas/t21/sii/t21sc03_113_10_0.html,2026-10-09T15:39:43+0900
2024.11,2317,鴻海,sii,672585341,804847646,650021114,-16.43,3.47,6205062377,5699446567,8.87,-,https://mopsov.twse.com.tw/nas/t21/sii/t21sc03_113_11_0.html,2026-10-09T15:39:43+0900
2024.12,2317,鴻海,sii,654825418,672585341,460124625,-2.64,42.31,6859887796,6159571192,11.36,-,https://mopsov.twse.com.tw/nas/t21/sii/t21sc03_113_12_0.html,2026-10-09T15:39:43+0900
2025.01,2317,鴻海,sii,538665759,654825418,522141475,-17.73,3.16,538665759,522141475,3.16,-,https://mopsov.twse.com.tw/nas/t21/sii/t21sc03_114_1_0.html,2026-10-09T15:39:43+0900
2025.02,2317,鴻海,sii,551382882,538665759,352480676,2.36,56.42,1090048641,874622150,24.63,去年同期受農曆春節假期影響基數較低，另本月受惠於AI帶動的訂單與客戶新機上市，致營收同比增加達56%。,https://mopsov.twse.com.tw/nas/t21/sii/t21sc03_114_2_0.html,2026-10-09T15:39:43+0900
2025.03,2317,鴻海,sii,552124573,551382882,447540564,0.13,23.36,1642173213,1322162714,24.20,-,https://mopsov.twse.com.tw/nas/t21/sii/t21sc03_114_3_0.html,2026-10-09T15:39:43+0900
2025.04,2317,鴻海,sii,641365597,552124573,510896397,16.16,25.53,2283538810,1833059111,24.57,-,https://mopsov.twse.com.tw/nas/t21/sii/t21sc03_114_4_0.html,2026-10-09T15:39:43+0900
2025.05,2317,鴻海,sii,615744933,641365597,550157241,-3.99,11.92,2899283743,2383216352,21.65,-,https://mopsov.twse.com.tw/nas/t21/sii/t21sc03_114_5_0.html,2026-10-09T15:39:43+0900
2025.06,2317,鴻海,sii,540236697,615744933,490725274,-12.26,10.08,3439520440,2873941626,19.67,-,https://mopsov.twse.com.tw/nas/t21/sii/t21sc03_114_6_0.html,2026-10-09T15:39:43+0900
2025.07,2317,鴻海,sii,613864601,540236697,572351867,13.62,7.25,4053385041,3446293492,17.61,-,https://mopsov.twse.com.tw/nas/t21/sii/t21sc03_114_7_0.html,2026-10-09T15:39:43+0900
2025.08,2317,鴻海,sii,606512275,613864601,548311941,-1.19,10.61,4659897316,3994605433,16.65,-,https://mopsov.twse.com.tw/nas/t21/sii/t21sc03_114_8_0.html,2026-10-09T15:39:43+0900
2025.09,2317,鴻海,sii,837067572,606512275,733023957,38.01,14.19,5496964888,4727629390,16.27,-,https://mopsov.twse.com.tw/nas/t21/sii/t21sc03_114_9_0.html,2026-10-09T15:39:43+0900
2025.10,2317,鴻海,sii,895708525,837067572,804847646,7.00,11.28,6392673413,5532477036,15.54,-,https://mopsov.twse.com.tw/nas/t21/sii/t21sc03_114_10_0.html,2026-10-09T15:39:43+0900
2025.11,2317,鴻海,sii,844275843,895708525,672585341,-5.74,25.52,7236949256,6205062377,16.62,-,https://mopsov.twse.com.tw/nas/t21/sii/t21sc03_114_11_0.html,2026-10-09T15:39:43+0900
2025.12,2317,鴻海,sii,862861362,844275843,654825418,2.20,31.76,8099810618,6859887796,18.07,-,https://mopsov.twse.com.tw/nas/t21/sii/t21sc03_114_12_0.html,2026-10-09T15:39:43+0900
2026.01,2317,鴻海,sii,730039420,862861362,538665759,-15.39,35.52,730039420,538665759,35.52,-,https://mopsov.twse.com.tw/nas/t21/sii/t21sc03_115_1_0.html,2026-10-09T15:39:43+0900
2026.02,2317,鴻海,sii,595813348,730039420,551382882,-18.38,8.05,1325852767,1090048641,21.63,-,https://mopsov.twse.com.tw/nas/t21/sii/t21sc03_115_2_0.html,2026-10-09T15:39:43+0900
2026.03,2317,鴻海,sii,803737716,595813348,552124573,34.89,45.57,2129590483,1642173213,29.68,-,https://mopsov.twse.com.tw/nas/t21/sii/t21sc03_115_3_0.html,2026-10-09T15:39:43+0900
2026.04,2317,鴻海,sii,832097956,803737716,641365597,3.52,29.73,2961688439,2283538810,29.69,-,https://mopsov.twse.com.tw/nas/t21/sii/t21sc03_115_4_0.html,2026-10-09T15:39:43+0900
2026.05,2317,鴻海,sii,859409333,832097956,615744933,3.28,39.57,3821097773,2899283743,31.79,-,https://mopsov.twse.com.tw/nas/t21/sii/t21sc03_115_5_0.html,2026-10-09T15:39:43+0900
2026.06,2317,鴻海,sii,821762936,859409333,540236697,-4.38,52.11,4642860708,3439520440,34.98,1.主要受惠於伺服器出貨增加　2.消費智能新產品出貨優於去年同期,https://mopsov.twse.com.tw/nas/t21/sii/t21sc03_115_6_0.html,2026-10-09T15:39:43+0900
2026.07,2317,鴻海,sii,946512543,821762936,613864601,15.18,54.18,5589373251,4053385041,37.89,主要受惠於伺服器產品需求提升及出貨成長所致,https://mopsov.twse.com.tw/nas/t21/sii/t21sc03_115_7_0.html,2026-10-09T16:18:21+0900
2026.08,2317,鴻海,sii,921766023,946512543,606512275,-2.61,51.97,6511139274,4659897316,39.72,主要受惠於伺服器產品出貨持續成長，帶動營收較去年同期增加。,https://mopsov.twse.com.tw/nas/t21/sii/t21sc03_115_8_0.html,2026-10-09T16:18:21+0900
2026.09,2317,鴻海,sii,1158633235,921766023,837067572,25.69,38.41,7669772510,5496964888,39.52,-,https://mopsov.twse.com.tw/nas/t21/sii/t21sc03_115_9_0.html,2026-10-09T16:18:21+0900
2015.01,2327,國巨*,sii,2580499,1946342,2358001,32.58,9.43,2580499,2358001,9.43,-,https://mopsov.twse.com.tw/nas/t21/sii/t21sc03_104_1_0.html,2026-10-09T16:18:21+0900
2015.02,2327,國巨*,sii,1840383,2580499,1852655,-28.68,-0.66,4420882,4210656,4.99,-,https://mopsov.twse.com.tw/nas/t21/sii/t21sc03_104_2_0.html,2026-10-09T16:18:21+0900
2015.03,2327,國巨*,sii,2510560,1840383,2337456,36.41,7.40,6931442,6548112,5.85,-,https://mopsov.twse.com.tw/nas/t21/sii/t21sc03_104_3_0.html,2026-10-09T16:18:21+0900
2015.04,2327,國巨*,sii,2383610,2510560,2400394,-5.05,-0.69,9315052,8948506,4.09,-,https://mopsov.twse.com.tw/nas/t21/sii/t21sc03_104_4_0.html,2026-10-09T16:18:21+0900
2015.05,2327,國巨*,sii,2309706,2383610,2409766,-3.10,-4.15,11624758,11358272,2.34,-,https://mopsov.twse.com.tw/nas/t21/sii/t21sc03_104_5_0.html,2026-10-09T16:18:21+0900
2015.06,2327,國巨*,sii,2239257,2309706,2284141,-3.05,-1.96,13864015,13642413,1.62,-,https://mopsov.twse.com.tw/nas/t21/sii/t21sc03_104_6_0.html,2026-10-09T16:18:21+0900
2015.07,2327,國巨*,sii,2281519,2239257,2341334,1.88,-2.55,16145534,15983747,1.01,-,https://mopsov.twse.com.tw/nas/t21/sii/t21sc03_104_7_0.html,2026-10-09T16:18:21+0900
2015.08,2327,國巨*,sii,2348365,2281519,2372080,2.92,-0.99,18493899,18355827,0.75,-,https://mopsov.twse.com.tw/nas/t21/sii/t21sc03_104_8_0.html,2026-10-09T16:18:21+0900
2015.09,2327,國巨*,sii,2483793,2348365,2450358,5.76,1.36,20977692,20806185,0.82,-,https://mopsov.twse.com.tw/nas/t21/sii/t21sc03_104_9_0.html,2026-10-09T16:18:21+0900
2015.10,2327,國巨*,sii,2259411,2483793,2121348,-9.03,6.50,23237103,22927533,1.35,-,https://mopsov.twse.com.tw/nas/t21/sii/t21sc03_104_10_0.html,2026-10-09T16:18:21+0900
2015.11,2327,國巨*,sii,2306021,2259411,2152866,2.06,7.11,25543124,25080399,1.84,-,https://mopsov.twse.com.tw/nas/t21/sii/t21sc03_104_11_0.html,2026-10-09T16:18:21+0900
2015.12,2327,國巨*,sii,1969889,2306021,1946342,-14.57,1.20,27513013,27026741,1.79,-,https://mopsov.twse.com.tw/nas/t21/sii/t21sc03_104_12_0.html,2026-10-09T16:18:21+0900
2016.01,2327,國巨*,sii,2728289,1969889,2580499,38.49,5.72,2728289,2580499,5.72,-,https://mopsov.twse.com.tw/nas/t21/sii/t21sc03_105_1_0.html,2026-10-09T16:18:21+0900
2016.02,2327,國巨*,sii,1962502,2728289,1840383,-28.06,6.63,4690791,4420882,6.10,-,https://mopsov.twse.com.tw/nas/t21/sii/t21sc03_105_2_0.html,2026-10-09T16:18:21+0900
2016.03,2327,國巨*,sii,2621626,1962502,2510560,33.58,4.42,7312417,6931442,5.49,-,https://mopsov.twse.com.tw/nas/t21/sii/t21sc03_105_3_0.html,2026-10-09T16:18:21+0900
2016.04,2327,國巨*,sii,2509346,2621626,2383610,-4.28,5.27,9821763,9315052,5.43,-,https://mopsov.twse.com.tw/nas/t21/sii/t21sc03_105_4_0.html,2026-10-09T16:18:21+0900
2016.05,2327,國巨*,sii,2527459,2509346,2309706,0.72,9.42,12349222,11624758,6.23,-,https://mopsov.twse.com.tw/nas/t21/sii/t21sc03_105_5_0.html,2026-10-09T16:18:21+0900
2016.06,2327,國巨*,sii,2451790,2527459,2239257,-2.99,9.49,14801012,13864015,6.75,-,https://mopsov.twse.com.tw/nas/t21/sii/t21sc03_105_6_0.html,2026-10-09T16:18:21+0900
2016.07,2327,國巨*,sii,2499661,2451790,2281519,1.95,9.56,17300673,16145534,7.15,-,https://mopsov.twse.com.tw/nas/t21/sii/t21sc03_105_7_0.html,2026-10-09T16:18:21+0900
2016.08,2327,國巨*,sii,2540110,2499661,2348365,1.61,8.16,19840783,18493899,7.28,-,https://mopsov.twse.com.tw/nas/t21/sii/t21sc03_105_8_0.html,2026-10-09T16:18:21+0900
2016.09,2327,國巨*,sii,2587594,2540110,2483793,1.86,4.17,22428377,20977692,6.91,-,https://mopsov.twse.com.tw/nas/t21/sii/t21sc03_105_9_0.html,2026-10-09T16:18:21+0900
2016.10,2327,國巨*,sii,2399838,2587594,2259411,-7.25,6.21,24828215,23237103,6.84,-,https://mopsov.twse.com.tw/nas/t21/sii/t21sc03_105_10_0.html,2026-10-09T16:18:21+0900
2016.11,2327,國巨*,sii,2512415,2399838,2306021,4.69,8.95,27340630,25543124,7.03,-,https://mopsov.twse.com.tw/nas/t21/sii/t21sc03_105_11_0.html,2026-10-09T16:18:21+0900
2016.12,2327,國巨*,sii,2276576,2512415,1969889,-9.38,15.56,29617206,27513013,7.64,-,https://mopsov.twse.com.tw/nas/t21/sii/t21sc03_105_12_0.html,2026-10-09T16:18:21+0900
2017.01,2327,國巨*,sii,2634324,2276576,2728289,15.71,-3.44,2634324,2728289,-3.44,-,https://mopsov.twse.com.tw/nas/t21/sii/t21sc03_106_1_0.html,2026-10-09T16:18:21+0900
2017.02,2327,國巨*,sii,2165698,2634324,1962502,-17.78,10.35,4800022,4690791,2.32,-,https://mopsov.twse.com.tw/nas/t21/sii/t21sc03_106_2_0.html,2026-10-09T16:18:21+0900
2017.03,2327,國巨*,sii,2546785,2165698,2621626,17.59,-2.85,7346807,7312417,0.47,-,https://mopsov.twse.com.tw/nas/t21/sii/t21sc03_106_3_0.html,2026-10-09T16:18:21+0900
2017.04,2327,國巨*,sii,2603534,2546785,2509346,2.22,3.75,9950341,9821763,1.30,-,https://mopsov.twse.com.tw/nas/t21/sii/t21sc03_106_4_0.html,2026-10-09T16:18:21+0900
2017.05,2327,國巨*,sii,2701024,2603534,2527459,3.74,6.86,12651365,12349222,2.44,-,https://mopsov.twse.com.tw/nas/t21/sii/t21sc03_106_5_0.html,2026-10-09T16:18:21+0900
2017.06,2327,國巨*,sii,2630475,2701024,2451790,-2.61,7.28,15281840,14801012,3.24,-,https://mopsov.twse.com.tw/nas/t21/sii/t21sc03_106_6_0.html,2026-10-09T16:18:21+0900
2017.07,2327,國巨*,sii,2740248,2630475,2499661,4.17,9.62,18022088,17300673,4.16,-,https://mopsov.twse.com.tw/nas/t21/sii/t21sc03_106_7_0.html,2026-10-09T16:18:21+0900
2017.08,2327,國巨*,sii,2802139,2740248,2540110,2.25,10.31,19605497,19840783,-1.18,因已出售飛磁事業部，自本月起重編本年累計、去年同期及去年累計營收。去年同期及去年累計數，增加百分比分別為16.75%及5.47%。,https://mopsov.twse.com.tw/nas/t21/sii/t21sc03_106_8_0.html,2026-10-09T16:18:21+0900
2017.09,2327,國巨*,sii,3001435,2802139,2587594,7.11,15.99,22606932,22428377,0.79,出售飛磁，重編後去年同期及去年累計數分別為24.34億及210.23億，本月增加百分比23.3%及本年增加百分比7.5%,https://mopsov.twse.com.tw/nas/t21/sii/t21sc03_106_9_0.html,2026-10-09T16:18:21+0900
2017.10,2327,國巨*,sii,3033118,3001435,2399838,1.05,26.38,25640050,24828215,3.26,出售飛磁，重編後去年同期及去年累計數分別為22.52億及232.75億，本月增加百分比34.7%及本年增加百分比10.2%,https://mopsov.twse.com.tw/nas/t21/sii/t21sc03_106_10_0.html,2026-10-09T16:18:21+0900
2017.11,2327,國巨*,sii,3266327,3033118,2512415,7.68,30.00,28906377,27340630,5.72,出售飛磁，重編後去年同期及去年累計數分別為23.55億及256.30億，本月增加百分比38.7%及本年增加百分比12.8%,https://mopsov.twse.com.tw/nas/t21/sii/t21sc03_106_11_0.html,2026-10-09T16:18:21+0900
2017.12,2327,國巨*,sii,3348932,3266327,2276576,2.52,47.10,32255309,29617206,8.90,出售飛磁，重編後去年同期及去年累計數分別為21.55億及277.85億，本月增加百分比55.4%及本年增加百分比16.1%,https://mopsov.twse.com.tw/nas/t21/sii/t21sc03_106_12_0.html,2026-10-09T16:18:21+0900
2018.01,2327,國巨*,sii,3538314,3348932,2444045,5.65,44.77,3538314,2444045,44.77,-,https://mopsov.twse.com.tw/nas/t21/sii/t21sc03_107_1_0.html,2026-10-09T16:18:21+0900
2018.02,2327,國巨*,sii,3215461,3538314,2001697,-9.12,60.63,6753775,4445742,51.91,受惠於高單價車用電子及工規產品出貨比重大幅提升、高端客戶需求顯著成長、利基型產品擴產效益顯現、公司整體產品組合持續優化。,https://mopsov.twse.com.tw/nas/t21/sii/t21sc03_107_2_0.html,2026-10-09T16:18:21+0900
2018.03,2327,國巨*,sii,4271440,3215461,2372143,32.84,80.06,11025215,6817885,61.71,去年同期之合併營收比較基期較低，且客戶端需求持續成長、利基型產品擴產效益逐步顯現，公司整體產品組合持續優化。,https://mopsov.twse.com.tw/nas/t21/sii/t21sc03_107_3_0.html,2026-10-09T16:18:21+0900
2018.04,2327,國巨*,sii,4838082,4271440,2431090,13.26,99.00,15863297,9248975,71.51,由於利基型新產能陸續開出、客戶端需求持續成長、大中華區高階智慧型手機動能開始拉升。,https://mopsov.twse.com.tw/nas/t21/sii/t21sc03_107_4_0.html,2026-10-09T16:18:21+0900
2018.05,2327,國巨*,sii,6351721,4838082,2530449,31.28,151.01,22215018,11779424,88.59,由於利基型新產能陸續開出、客戶端需求持續成長、大中華區高階智慧型手機動能穩定拉升。,https://mopsov.twse.com.tw/nas/t21/sii/t21sc03_107_5_0.html,2026-10-09T16:18:21+0900
2018.06,2327,國巨*,sii,8053763,6351721,2457894,26.79,227.66,30268781,14237318,112.60,由於利基型新產能陸續開出、用戶端需求持續成長、大中華區高階智慧型手機動能穩定拉升,https://mopsov.twse.com.tw/nas/t21/sii/t21sc03_107_6_0.html,2026-10-09T16:18:21+0900
2018.07,2327,國巨*,sii,9811895,8053763,2566040,21.82,282.37,40080676,16803358,138.52,受惠於利基型車用電子及工規產品出貨比重提升、高階客戶需求強勁、利基型產品擴產效益顯現及高階智慧型手機拉貨暢旺,https://mopsov.twse.com.tw/nas/t21/sii/t21sc03_107_7_0.html,2026-10-09T16:18:21+0900
2018.08,2327,國巨*,sii,10602437,9811895,2802139,8.05,278.36,50683113,19605497,158.51,由於5G、汽車電子化、工規及其它新興運用對電阻電容需求仍持續增長,https://mopsov.twse.com.tw/nas/t21/sii/t21sc03_107_8_0.html,2026-10-09T16:18:21+0900
2018.09,2327,國巨*,sii,10253869,10602437,3001435,-3.28,241.63,60936982,22606932,169.54,新產能陸續開出、及高階產品如高容、高壓、車用工規電容、金屬電流感測電阻、精密電阻等出貨比重增加,https://mopsov.twse.com.tw/nas/t21/sii/t21sc03_107_9_0.html,2026-10-09T16:18:21+0900
2018.10,2327,國巨*,sii,6315190,10253869,3033118,-38.41,108.20,67252172,25640050,162.29,較去年同期增加係因高階產品如高容、高壓、車用工規電容、金屬電流感測電阻、精密電阻等出貨比重增加。,https://mopsov.twse.com.tw/nas/t21/sii/t21sc03_107_10_0.html,2026-10-09T16:18:21+0900
2018.11,2327,國巨*,sii,5377967,6315190,3266327,-14.84,64.64,72630139,28906377,151.25,較去年同期增加係因高階產品如高容、高壓、車用工規電容、金屬電流感測電阻、精密電阻等出貨比重增加。,https://mopsov.twse.com.tw/nas/t21/sii/t21sc03_107_11_0.html,2026-10-09T16:18:21+0900
2018.12,2327,國巨*,sii,4534415,5377967,3348932,-15.68,35.39,77164554,32255309,139.23,較去年同期增加係因高階產品如高容、高壓、車用工規電容、金屬電流感測電阻、精密電阻等出貨比重增加。,https://mopsov.twse.com.tw/nas/t21/sii/t21sc03_107_12_0.html,2026-10-09T16:18:21+0900
2019.01,2327,國巨*,sii,4774961,4534415,3538314,5.30,34.95,4774961,3538314,34.95,-,https://mopsov.twse.com.tw/nas/t21/sii/t21sc03_108_1_0.html,2026-10-09T16:18:21+0900
2019.02,2327,國巨*,sii,3100543,4774961,3215461,-35.06,-3.57,7875504,6753775,16.60,-,https://mopsov.twse.com.tw/nas/t21/sii/t21sc03_108_2_0.html,2026-10-09T16:18:21+0900
2019.03,2327,國巨*,sii,3515278,3100543,4271440,13.37,-17.70,11390782,11025215,3.31,-,https://mopsov.twse.com.tw/nas/t21/sii/t21sc03_108_3_0.html,2026-10-09T16:18:21+0900
2019.04,2327,國巨*,sii,3251353,3515278,4838082,-7.50,-32.79,14642135,15863297,-7.69,-,https://mopsov.twse.com.tw/nas/t21/sii/t21sc03_108_4_0.html,2026-10-09T16:18:21+0900
2019.05,2327,國巨*,sii,3260438,3251353,6351721,0.27,-48.66,17902573,22215018,-19.41,-,https://mopsov.twse.com.tw/nas/t21/sii/t21sc03_108_5_0.html,2026-10-09T16:18:21+0900
2019.06,2327,國巨*,sii,3067780,3260438,8053763,-5.90,-61.90,20970353,30268781,-30.71,營收減少主因中美貿易爭端的不確定性高以致終端需求疲弱。,https://mopsov.twse.com.tw/nas/t21/sii/t21sc03_108_6_0.html,2026-10-09T16:18:21+0900
2019.07,2327,國巨*,sii,3380044,3067780,9811895,10.17,-65.55,24350397,40080676,-39.24,本月較去年同期營收減少主因中美貿易爭端的不確定性高以致終端需求疲弱。,https://mopsov.twse.com.tw/nas/t21/sii/t21sc03_108_7_0.html,2026-10-09T16:18:21+0900
2019.08,2327,國巨*,sii,3414724,3380044,10602437,1.02,-67.79,27765121,50683113,-45.21,本月較去年同期營收減少主因中美貿易爭端的不確定性高以致終端需求疲弱。,https://mopsov.twse.com.tw/nas/t21/sii/t21sc03_108_8_0.html,2026-10-09T16:18:21+0900
2019.09,2327,國巨*,sii,3517544,3414724,10253869,3.01,-65.69,31282665,60936982,-48.66,本月營收較上月增加係因大中華區及亞太其他地區需求回升;累計較去年同期減少主因中美貿易爭端造成需求及價格下降所致。,https://mopsov.twse.com.tw/nas/t21/sii/t21sc03_108_9_0.html,2026-10-09T16:18:21+0900
2019.10,2327,國巨*,sii,3222832,3517544,6315190,-8.37,-48.96,34505497,67252172,-48.69,-,https://mopsov.twse.com.tw/nas/t21/sii/t21sc03_108_10_0.html,2026-10-09T16:18:21+0900
2019.11,2327,國巨*,sii,3520339,3222832,5377967,9.23,-34.54,38025836,72630139,-47.64,-,https://mopsov.twse.com.tw/nas/t21/sii/t21sc03_108_11_0.html,2026-10-09T16:18:21+0900
2019.12,2327,國巨*,sii,3260058,3520339,4534415,-7.39,-28.10,41285894,77164554,-46.49,-,https://mopsov.twse.com.tw/nas/t21/sii/t21sc03_108_12_0.html,2026-10-09T16:18:21+0900
2020.01,2327,國巨*,sii,3301746,3260058,4774961,1.27,-30.85,3301746,4774961,-30.85,-,https://mopsov.twse.com.tw/nas/t21/sii/t21sc03_109_1_0.html,2026-10-09T16:18:21+0900
2020.02,2327,國巨*,sii,2683455,3301746,3100543,-18.72,-13.45,5985201,7875504,-24.00,-,https://mopsov.twse.com.tw/nas/t21/sii/t21sc03_109_2_0.html,2026-10-09T16:18:21+0900
2020.03,2327,國巨*,sii,4034955,2683455,3515278,50.36,14.78,10020156,11390782,-12.03,-,https://mopsov.twse.com.tw/nas/t21/sii/t21sc03_109_3_0.html,2026-10-09T16:18:21+0900
2020.04,2327,國巨*,sii,4440896,4034955,3251353,10.06,36.58,14461052,14642135,-1.23,-,https://mopsov.twse.com.tw/nas/t21/sii/t21sc03_109_4_0.html,2026-10-09T16:18:21+0900
2020.05,2327,國巨*,sii,4485885,4440896,3260438,1.01,37.58,18946937,17902573,5.83,-,https://mopsov.twse.com.tw/nas/t21/sii/t21sc03_109_5_0.html,2026-10-09T16:18:21+0900
2020.06,2327,國巨*,sii,4539758,4485885,3067780,1.20,47.98,23486695,20970353,11.99,-,https://mopsov.twse.com.tw/nas/t21/sii/t21sc03_109_6_0.html,2026-10-09T16:18:21+0900
2020.07,2327,國巨*,sii,7009693,4539758,3380044,54.40,107.38,30496388,24350397,25.23,營收大幅增加主因基美(KEMET)已開始完整併入合併財報，且中國廠區的復工及產能利用率已逐步改善，客戶訂單需求穩健所致,https://mopsov.twse.com.tw/nas/t21/sii/t21sc03_109_7_0.html,2026-10-09T16:18:21+0900
2020.08,2327,國巨*,sii,7295595,7009693,3414724,4.07,113.65,37791983,27765121,36.11,8月份營收增加，主要是客戶訂單需求穩健增溫、生產廠區的產能及庫存逐步改善所致,https://mopsov.twse.com.tw/nas/t21/sii/t21sc03_109_8_0.html,2026-10-09T16:18:21+0900
2020.09,2327,國巨*,sii,7662169,7295595,3517544,5.02,117.82,45454152,31282665,45.30,9月份營收增加，主要是終端需求穩健及生產廠區的產能逐步改善所致。,https://mopsov.twse.com.tw/nas/t21/sii/t21sc03_109_9_0.html,2026-10-09T16:18:21+0900
2020.10,2327,國巨*,sii,7201405,7662169,3222832,-6.01,123.44,52655557,34505497,52.60,與去年同期比較營收增加，主要是因終端需求穩健。,https://mopsov.twse.com.tw/nas/t21/sii/t21sc03_109_10_0.html,2026-10-09T16:18:21+0900
2020.11,2327,國巨*,sii,7669599,7201405,3520339,6.50,117.86,60325156,38025836,58.64,與去年同期比較營收增加，主要是因歐美市場需求強勁所致。,https://mopsov.twse.com.tw/nas/t21/sii/t21sc03_109_11_0.html,2026-10-09T16:18:21+0900
2020.12,2327,國巨*,sii,7327819,7669599,3260058,-4.45,124.77,67652975,41285894,63.86,與去年同期比較營收增加，主要是因終端需求動能穩定增加所致。,https://mopsov.twse.com.tw/nas/t21/sii/t21sc03_109_12_0.html,2026-10-09T16:18:21+0900
2021.01,2327,國巨*,sii,8012179,7327819,3301746,9.33,142.66,8012179,3301746,142.66,與去年同期比較營收增加，主要是因歐美市場需求強勁及大中華區客戶於農曆年前增加備貨所致。。,https://mopsov.twse.com.tw/nas/t21/sii/t21sc03_110_1_0.html,2026-10-09T16:18:21+0900
2021.02,2327,國巨*,sii,7005577,8012179,2683455,-12.56,161.06,15017756,5985201,150.91,與去年同期比較營收增加，主要是因終端市場的強勁需求所致。,https://mopsov.twse.com.tw/nas/t21/sii/t21sc03_110_2_0.html,2026-10-09T16:18:21+0900
2021.03,2327,國巨*,sii,8726347,7005577,4034955,24.56,116.26,23744103,10020156,136.96,與去年同期比較營收增加，主要是因終端市場的強勁需求所致。,https://mopsov.twse.com.tw/nas/t21/sii/t21sc03_110_3_0.html,2026-10-09T16:18:21+0900
2021.04,2327,國巨*,sii,9017470,8726347,4440896,3.33,103.05,32761573,14461052,126.55,與去年同期比較營收增加，主要是因終端市場的強勁需求所致。,https://mopsov.twse.com.tw/nas/t21/sii/t21sc03_110_4_0.html,2026-10-09T16:18:21+0900
2021.05,2327,國巨*,sii,9201889,9017470,4485885,2.04,105.12,41963462,18946937,121.47,與去年同期比較營收增加，主要是因終端市場的強勁需求所致。,https://mopsov.twse.com.tw/nas/t21/sii/t21sc03_110_5_0.html,2026-10-09T16:18:21+0900
2021.06,2327,國巨*,sii,9505026,9201889,4539758,3.29,109.37,51468488,23486695,119.13,與去年同期比較營收增加，主要是因終端市場的強勁需求所致。,https://mopsov.twse.com.tw/nas/t21/sii/t21sc03_110_6_0.html,2026-10-09T16:18:21+0900
2021.07,2327,國巨*,sii,9771285,9505026,7009693,2.80,39.39,61239773,30496388,100.80,與去年同期比較營收增加，主要是因終端市場的強勁需求所致。,https://mopsov.twse.com.tw/nas/t21/sii/t21sc03_110_7_0.html,2026-10-09T16:18:21+0900
2021.08,2327,國巨*,sii,9804555,9771285,7295595,0.34,34.39,71044328,37791983,87.98,與去年同期比較營收增加，主要是因終端市場的強勁需求所致。,https://mopsov.twse.com.tw/nas/t21/sii/t21sc03_110_8_0.html,2026-10-09T16:18:21+0900
2021.09,2327,國巨*,sii,9810200,9804555,7662169,0.05,28.03,80854528,45454152,77.88,與去年同期比較營收增加，主要是因終端市場的強勁需求所致。,https://mopsov.twse.com.tw/nas/t21/sii/t21sc03_110_9_0.html,2026-10-09T16:18:21+0900
2021.10,2327,國巨*,sii,8605409,9810200,7201405,-12.28,19.49,89459937,52655557,69.89,與去年同期比較營收增加，主要是因終端市場的強勁需求所致。,https://mopsov.twse.com.tw/nas/t21/sii/t21sc03_110_10_0.html,2026-10-09T16:18:21+0900
2021.11,2327,國巨*,sii,8863293,8605409,7669599,2.99,15.56,98323230,60325156,62.98,與去年同期比較營收增加，主要是因合併基美效益所致。,https://mopsov.twse.com.tw/nas/t21/sii/t21sc03_110_11_0.html,2026-10-09T16:18:21+0900
2021.12,2327,國巨*,sii,8220533,8863293,7327819,-7.25,12.18,106543763,67652975,57.48,與去年同期比較營收增加，主要是因合併基美效益所致。,https://mopsov.twse.com.tw/nas/t21/sii/t21sc03_110_12_0.html,2026-10-09T16:18:21+0900
2022.01,2327,國巨*,sii,10256336,8220533,8012179,24.76,28.00,10256336,8012179,28.00,-,https://mopsov.twse.com.tw/nas/t21/sii/t21sc03_111_1_0.html,2026-10-09T15:39:43+0900
2022.02,2327,國巨*,sii,9247395,10256336,7005577,-9.83,32.00,19503731,15017756,29.87,-,https://mopsov.twse.com.tw/nas/t21/sii/t21sc03_111_2_0.html,2026-10-09T15:39:43+0900
2022.03,2327,國巨*,sii,10625424,9247395,8726347,14.90,21.76,30129155,23744103,26.89,-,https://mopsov.twse.com.tw/nas/t21/sii/t21sc03_111_3_0.html,2026-10-09T15:39:43+0900
2022.04,2327,國巨*,sii,10145203,10625424,9017470,-4.51,12.50,40274358,32761573,22.93,-,https://mopsov.twse.com.tw/nas/t21/sii/t21sc03_111_4_0.html,2026-10-09T15:39:43+0900
2022.05,2327,國巨*,sii,10530099,10145203,9201889,3.79,14.43,50804457,41963462,21.06,-,https://mopsov.twse.com.tw/nas/t21/sii/t21sc03_111_5_0.html,2026-10-09T15:39:43+0900
2022.06,2327,國巨*,sii,10688753,10530099,9505026,1.50,12.45,61493210,51468488,19.47,-,https://mopsov.twse.com.tw/nas/t21/sii/t21sc03_111_6_0.html,2026-10-09T15:39:43+0900
2022.07,2327,國巨*,sii,10410213,10688753,9771285,-2.60,6.53,71903423,61239773,17.41,-,https://mopsov.twse.com.tw/nas/t21/sii/t21sc03_111_7_0.html,2026-10-09T15:39:43+0900
2022.08,2327,國巨*,sii,10175610,10410213,9804555,-2.25,3.78,82079033,71044328,15.53,-,https://mopsov.twse.com.tw/nas/t21/sii/t21sc03_111_8_0.html,2026-10-09T15:39:43+0900
2022.09,2327,國巨*,sii,10181382,10175610,9810200,0.05,3.78,92260415,80854528,14.10,-,https://mopsov.twse.com.tw/nas/t21/sii/t21sc03_111_9_0.html,2026-10-09T15:39:43+0900
2022.10,2327,國巨*,sii,9805000,10181382,8605409,-3.69,13.93,102065415,89459937,14.09,-,https://mopsov.twse.com.tw/nas/t21/sii/t21sc03_111_10_0.html,2026-10-09T15:39:43+0900
2022.11,2327,國巨*,sii,10002992,9805000,8863293,2.01,12.85,112068407,98323230,13.97,-,https://mopsov.twse.com.tw/nas/t21/sii/t21sc03_111_11_0.html,2026-10-09T15:39:43+0900
2022.12,2327,國巨*,sii,9000510,10002992,8220533,-10.02,9.48,121068917,106543763,13.63,-,https://mopsov.twse.com.tw/nas/t21/sii/t21sc03_111_12_0.html,2026-10-09T15:39:43+0900
2023.01,2327,國巨*,sii,8503077,9000510,10256336,-5.52,-17.09,8503077,10256336,-17.09,-,https://mopsov.twse.com.tw/nas/t21/sii/t21sc03_112_1_0.html,2026-10-09T15:39:43+0900
2023.02,2327,國巨*,sii,8588046,8503077,9247395,0.99,-7.13,17091123,19503731,-12.36,-,https://mopsov.twse.com.tw/nas/t21/sii/t21sc03_112_2_0.html,2026-10-09T15:39:43+0900
2023.03,2327,國巨*,sii,9005794,8588046,10625424,4.86,-15.24,26096917,30129155,-13.38,-,https://mopsov.twse.com.tw/nas/t21/sii/t21sc03_112_3_0.html,2026-10-09T15:39:43+0900
2023.04,2327,國巨*,sii,9009805,9005794,10145203,0.04,-11.19,35106722,40274358,-12.83,-,https://mopsov.twse.com.tw/nas/t21/sii/t21sc03_112_4_0.html,2026-10-09T15:39:43+0900
2023.05,2327,國巨*,sii,9007164,9009805,10530099,-0.02,-14.46,44113886,50804457,-13.16,-,https://mopsov.twse.com.tw/nas/t21/sii/t21sc03_112_5_0.html,2026-10-09T15:39:43+0900
2023.06,2327,國巨*,sii,8773334,9007164,10688753,-2.59,-17.91,52887220,61493210,-13.99,-,https://mopsov.twse.com.tw/nas/t21/sii/t21sc03_112_6_0.html,2026-10-09T15:39:43+0900
2023.07,2327,國巨*,sii,8888464,8773334,10410213,1.31,-14.61,61775684,71903423,-14.08,-,https://mopsov.twse.com.tw/nas/t21/sii/t21sc03_112_7_0.html,2026-10-09T15:39:43+0900
2023.08,2327,國巨*,sii,9009640,8888464,10175610,1.36,-11.45,70785324,82079033,-13.75,-,https://mopsov.twse.com.tw/nas/t21/sii/t21sc03_112_8_0.html,2026-10-09T15:39:43+0900
2023.09,2327,國巨*,sii,9460962,9009640,10181382,5.00,-7.07,80246286,92260415,-13.02,-,https://mopsov.twse.com.tw/nas/t21/sii/t21sc03_112_9_0.html,2026-10-09T15:39:43+0900
2023.10,2327,國巨*,sii,9061774,9460962,9805000,-4.21,-7.58,89308060,102065415,-12.49,-,https://mopsov.twse.com.tw/nas/t21/sii/t21sc03_112_10_0.html,2026-10-09T15:39:43+0900
2023.11,2327,國巨*,sii,9350393,9061774,10002992,3.18,-6.52,98658453,112068407,-11.96,-,https://mopsov.twse.com.tw/nas/t21/sii/t21sc03_112_11_0.html,2026-10-09T15:39:43+0900
2023.12,2327,國巨*,sii,8948352,9350393,9000510,-4.29,-0.57,107606805,121068917,-11.11,-,https://mopsov.twse.com.tw/nas/t21/sii/t21sc03_112_12_0.html,2026-10-09T15:39:43+0900
2024.01,2327,國巨*,sii,10020808,8948352,8503077,11.98,17.84,10020808,8503077,17.84,-,https://mopsov.twse.com.tw/nas/t21/sii/t21sc03_113_1_0.html,2026-10-09T15:39:43+0900
2024.02,2327,國巨*,sii,8460627,10020808,8588046,-15.56,-1.48,18481435,17091123,8.13,-,https://mopsov.twse.com.tw/nas/t21/sii/t21sc03_113_2_0.html,2026-10-09T15:39:43+0900
2024.03,2327,國巨*,sii,10023146,8460627,9005794,18.46,11.29,28504581,26096917,9.22,-,https://mopsov.twse.com.tw/nas/t21/sii/t21sc03_113_3_0.html,2026-10-09T15:39:43+0900
2024.04,2327,國巨*,sii,10703166,10023146,9009805,6.78,18.79,39207747,35106722,11.68,-,https://mopsov.twse.com.tw/nas/t21/sii/t21sc03_113_4_0.html,2026-10-09T15:39:43+0900
2024.05,2327,國巨*,sii,10711943,10703166,9007164,0.08,18.92,49919690,44113886,13.16,-,https://mopsov.twse.com.tw/nas/t21/sii/t21sc03_113_5_0.html,2026-10-09T15:39:43+0900
2024.06,2327,國巨*,sii,10003610,10711943,8773334,-6.61,14.02,59923300,52887220,13.30,-,https://mopsov.twse.com.tw/nas/t21/sii/t21sc03_113_6_0.html,2026-10-09T15:39:43+0900
2024.07,2327,國巨*,sii,11005022,10003610,8888464,10.01,23.81,70928322,61775684,14.81,-,https://mopsov.twse.com.tw/nas/t21/sii/t21sc03_113_7_0.html,2026-10-09T15:39:43+0900
2024.08,2327,國巨*,sii,10317720,11005022,9009640,-6.24,14.51,81246042,70785324,14.77,-,https://mopsov.twse.com.tw/nas/t21/sii/t21sc03_113_8_0.html,2026-10-09T15:39:43+0900
2024.09,2327,國巨*,sii,10415225,10317720,9460962,0.94,10.08,91661267,80246286,14.22,-,https://mopsov.twse.com.tw/nas/t21/sii/t21sc03_113_9_0.html,2026-10-09T15:39:43+0900
2024.10,2327,國巨*,sii,10465920,10415225,9061774,0.48,15.49,102127187,89308060,14.35,-,https://mopsov.twse.com.tw/nas/t21/sii/t21sc03_113_10_0.html,2026-10-09T15:39:43+0900
2024.11,2327,國巨*,sii,10020442,10465920,9350393,-4.25,7.16,112147629,98658453,13.67,-,https://mopsov.twse.com.tw/nas/t21/sii/t21sc03_113_11_0.html,2026-10-09T15:39:43+0900
2024.12,2327,國巨*,sii,9519583,10020442,8948352,-4.99,6.38,121667212,107606805,13.06,-,https://mopsov.twse.com.tw/nas/t21/sii/t21sc03_113_12_0.html,2026-10-09T15:39:43+0900
2025.01,2327,國巨*,sii,10249471,9519583,10020808,7.66,2.28,10249471,10020808,2.28,-,https://mopsov.twse.com.tw/nas/t21/sii/t21sc03_114_1_0.html,2026-10-09T15:39:43+0900
2025.02,2327,國巨*,sii,9752950,10249471,8460627,-4.84,15.27,20002421,18481435,8.22,-,https://mopsov.twse.com.tw/nas/t21/sii/t21sc03_114_2_0.html,2026-10-09T15:39:43+0900
2025.03,2327,國巨*,sii,11101274,9752950,10023146,13.82,10.75,31103695,28504581,9.11,-,https://mopsov.twse.com.tw/nas/t21/sii/t21sc03_114_3_0.html,2026-10-09T15:39:43+0900
2025.04,2327,國巨*,sii,11503407,11101274,10703166,3.62,7.47,42607102,39207747,8.67,-,https://mopsov.twse.com.tw/nas/t21/sii/t21sc03_114_4_0.html,2026-10-09T15:39:43+0900
2025.05,2327,國巨*,sii,10211491,11503407,10711943,-11.23,-4.67,52818593,49919690,5.80,-,https://mopsov.twse.com.tw/nas/t21/sii/t21sc03_114_5_0.html,2026-10-09T15:39:43+0900
2025.06,2327,國巨*,sii,11056490,10211491,10003610,8.27,10.52,63875083,59923300,6.59,-,https://mopsov.twse.com.tw/nas/t21/sii/t21sc03_114_6_0.html,2026-10-09T15:39:43+0900
2025.07,2327,國巨*,sii,10646791,11056490,11005022,-3.70,-3.25,74521874,70928322,5.06,-,https://mopsov.twse.com.tw/nas/t21/sii/t21sc03_114_7_0.html,2026-10-09T15:39:43+0900
2025.08,2327,國巨*,sii,10759050,10646791,10317720,1.05,4.27,85280924,81246042,4.96,-,https://mopsov.twse.com.tw/nas/t21/sii/t21sc03_114_8_0.html,2026-10-09T15:39:43+0900
2025.09,2327,國巨*,sii,11680869,10759050,10415225,8.56,12.15,96961793,91661267,5.78,-,https://mopsov.twse.com.tw/nas/t21/sii/t21sc03_114_9_0.html,2026-10-09T15:39:43+0900
2025.10,2327,國巨*,sii,11352460,11680869,10465920,-2.81,8.47,108314253,102127187,6.05,-,https://mopsov.twse.com.tw/nas/t21/sii/t21sc03_114_10_0.html,2026-10-09T15:39:43+0900
2025.11,2327,國巨*,sii,12264829,11352460,10020442,8.03,22.39,120579082,112147629,7.51,-,https://mopsov.twse.com.tw/nas/t21/sii/t21sc03_114_11_0.html,2026-10-09T15:39:43+0900
2025.12,2327,國巨*,sii,12350934,12264829,9519583,0.70,29.74,132930016,121667212,9.25,-,https://mopsov.twse.com.tw/nas/t21/sii/t21sc03_114_12_0.html,2026-10-09T15:39:43+0900
2026.01,2327,國巨*,sii,13030129,12350934,10249471,5.49,27.12,13030129,10249471,27.12,-,https://mopsov.twse.com.tw/nas/t21/sii/t21sc03_115_1_0.html,2026-10-09T15:39:43+0900
2026.02,2327,國巨*,sii,11505323,13030129,9752950,-11.70,17.96,24535452,20002421,22.66,-,https://mopsov.twse.com.tw/nas/t21/sii/t21sc03_115_2_0.html,2026-10-09T15:39:43+0900
2026.03,2327,國巨*,sii,13630196,11505323,11101274,18.46,22.78,38165648,31103695,22.70,-,https://mopsov.twse.com.tw/nas/t21/sii/t21sc03_115_3_0.html,2026-10-09T15:39:43+0900
2026.04,2327,國巨*,sii,14039098,13630196,11503407,2.99,22.04,52204746,42607102,22.52,-,https://mopsov.twse.com.tw/nas/t21/sii/t21sc03_115_4_0.html,2026-10-09T15:39:43+0900
2026.05,2327,國巨*,sii,15058220,14039098,10211491,7.25,47.46,67262966,52818593,27.34,-,https://mopsov.twse.com.tw/nas/t21/sii/t21sc03_115_5_0.html,2026-10-09T15:39:43+0900
2026.06,2327,國巨*,sii,15359009,15058220,11056490,1.99,38.91,82621975,63875083,29.34,-,https://mopsov.twse.com.tw/nas/t21/sii/t21sc03_115_6_0.html,2026-10-09T15:39:43+0900
2026.07,2327,國巨*,sii,16131188,15359009,10646791,5.02,51.51,98753163,74521874,32.51,主要係因客戶需求強勁,https://mopsov.twse.com.tw/nas/t21/sii/t21sc03_115_7_0.html,2026-10-09T16:18:21+0900
2026.08,2327,國巨*,sii,16332196,16131188,10759050,1.24,51.79,115085359,85280924,34.94,主要係因客戶需求強勁,https://mopsov.twse.com.tw/nas/t21/sii/t21sc03_115_8_0.html,2026-10-09T16:18:21+0900
2026.09,2327,國巨*,sii,17068153,16332196,11680869,4.50,46.12,132153512,96961793,36.29,-,https://mopsov.twse.com.tw/nas/t21/sii/t21sc03_115_9_0.html,2026-10-09T16:18:21+0900
2015.01,2330,台積電,sii,87120068,69510190,51429993,25.33,69.39,87120068,51429993,69.39,-,https://mopsov.twse.com.tw/nas/t21/sii/t21sc03_104_1_0.html,2026-10-09T16:18:21+0900
2015.02,2330,台積電,sii,62645075,87120068,46829051,-28.09,33.77,149765143,98259044,52.41,-,https://mopsov.twse.com.tw/nas/t21/sii/t21sc03_104_2_0.html,2026-10-09T16:18:21+0900
2015.03,2330,台積電,sii,72269001,62645075,49956128,15.36,44.66,222034144,148215172,49.80,-,https://mopsov.twse.com.tw/nas/t21/sii/t21sc03_104_3_0.html,2026-10-09T16:18:21+0900
2015.04,2330,台積電,sii,75329510,72269001,61887391,4.23,21.72,297363654,210102563,41.53,-,https://mopsov.twse.com.tw/nas/t21/sii/t21sc03_104_4_0.html,2026-10-09T16:18:21+0900
2015.05,2330,台積電,sii,70154763,75329510,60789137,-6.86,15.40,367518417,270891700,35.66,-,https://mopsov.twse.com.tw/nas/t21/sii/t21sc03_104_5_0.html,2026-10-09T16:18:21+0900
2015.06,2330,台積電,sii,59955479,70154763,60343956,-14.53,-0.64,427473896,331235656,29.05,-,https://mopsov.twse.com.tw/nas/t21/sii/t21sc03_104_6_0.html,2026-10-09T16:18:21+0900
2015.07,2330,台積電,sii,80952810,59955479,64924870,35.02,24.68,508426706,396160526,28.33,-,https://mopsov.twse.com.tw/nas/t21/sii/t21sc03_104_7_0.html,2026-10-09T16:18:21+0900
2015.08,2330,台積電,sii,67038016,80952810,69278551,-17.18,-3.23,575464722,465439077,23.63,-,https://mopsov.twse.com.tw/nas/t21/sii/t21sc03_104_8_0.html,2026-10-09T16:18:21+0900
2015.09,2330,台積電,sii,64514083,67038016,74846313,-3.76,-13.80,639978805,540285390,18.45,-,https://mopsov.twse.com.tw/nas/t21/sii/t21sc03_104_9_0.html,2026-10-09T16:18:21+0900
2015.10,2330,台積電,sii,81743395,64514083,80736353,26.70,1.24,721722200,621021743,16.21,-,https://mopsov.twse.com.tw/nas/t21/sii/t21sc03_104_10_0.html,2026-10-09T16:18:21+0900
2015.11,2330,台積電,sii,63428163,81743395,72274532,-22.40,-12.23,785150363,693296275,13.24,-,https://mopsov.twse.com.tw/nas/t21/sii/t21sc03_104_11_0.html,2026-10-09T16:18:21+0900
2015.12,2330,台積電,sii,58347005,63428163,69510190,-8.01,-16.05,843497368,762806465,10.57,-,https://mopsov.twse.com.tw/nas/t21/sii/t21sc03_104_12_0.html,2026-10-09T16:18:21+0900
2016.01,2330,台積電,sii,70855235,58347005,87120068,21.43,-18.66,70855235,87120068,-18.66,-,https://mopsov.twse.com.tw/nas/t21/sii/t21sc03_105_1_0.html,2026-10-09T16:18:21+0900
2016.02,2330,台積電,sii,59551321,70855235,62645075,-15.95,-4.93,130406556,149765143,-12.92,-,https://mopsov.twse.com.tw/nas/t21/sii/t21sc03_105_2_0.html,2026-10-09T16:18:21+0900
2016.03,2330,台積電,sii,73088805,59551321,72269001,22.73,1.13,203495361,222034144,-8.34,-,https://mopsov.twse.com.tw/nas/t21/sii/t21sc03_105_3_0.html,2026-10-09T16:18:21+0900
2016.04,2330,台積電,sii,66843310,73088805,75329510,-8.54,-11.26,270338671,297363654,-9.08,-,https://mopsov.twse.com.tw/nas/t21/sii/t21sc03_105_4_0.html,2026-10-09T16:18:21+0900
2016.05,2330,台積電,sii,73575784,66843310,70154763,10.07,4.87,343914455,367518417,-6.42,-,https://mopsov.twse.com.tw/nas/t21/sii/t21sc03_105_5_0.html,2026-10-09T16:18:21+0900
2016.06,2330,台積電,sii,81390752,73575784,59955479,10.62,35.75,425305207,427473896,-0.50,-,https://mopsov.twse.com.tw/nas/t21/sii/t21sc03_105_6_0.html,2026-10-09T16:18:21+0900
2016.07,2330,台積電,sii,76391654,81390752,80952810,-6.14,-5.63,501696861,508426706,-1.32,-,https://mopsov.twse.com.tw/nas/t21/sii/t21sc03_105_7_0.html,2026-10-09T16:18:21+0900
2016.08,2330,台積電,sii,94311424,76391654,67038016,23.45,40.68,596008285,575464722,3.56,-,https://mopsov.twse.com.tw/nas/t21/sii/t21sc03_105_8_0.html,2026-10-09T16:18:21+0900
2016.09,2330,台積電,sii,89702807,94311424,64514083,-4.88,39.04,685711092,639978805,7.14,-,https://mopsov.twse.com.tw/nas/t21/sii/t21sc03_105_9_0.html,2026-10-09T16:18:21+0900
2016.10,2330,台積電,sii,91085318,89702807,81743395,1.54,11.42,776796410,721722200,7.63,-,https://mopsov.twse.com.tw/nas/t21/sii/t21sc03_105_10_0.html,2026-10-09T16:18:21+0900
2016.11,2330,台積電,sii,93029912,91085318,63428163,2.13,46.66,869826322,785150363,10.78,-,https://mopsov.twse.com.tw/nas/t21/sii/t21sc03_105_11_0.html,2026-10-09T16:18:21+0900
2016.12,2330,台積電,sii,78112022,93029912,58347005,-16.03,33.87,947938344,843497368,12.38,-,https://mopsov.twse.com.tw/nas/t21/sii/t21sc03_105_12_0.html,2026-10-09T16:18:21+0900
2017.01,2330,台積電,sii,76616258,78112022,70855235,-1.91,8.13,76616258,70855235,8.13,-,https://mopsov.twse.com.tw/nas/t21/sii/t21sc03_106_1_0.html,2026-10-09T16:18:21+0900
2017.02,2330,台積電,sii,71422961,76616258,59551321,-6.77,19.93,148039219,130406556,13.52,-,https://mopsov.twse.com.tw/nas/t21/sii/t21sc03_106_2_0.html,2026-10-09T16:18:21+0900
2017.03,2330,台積電,sii,85875181,71422961,73088805,20.23,17.49,233914400,203495361,14.94,-,https://mopsov.twse.com.tw/nas/t21/sii/t21sc03_106_3_0.html,2026-10-09T16:18:21+0900
2017.04,2330,台積電,sii,56871933,85875181,66843310,-33.77,-14.91,290786333,270338671,7.56,-,https://mopsov.twse.com.tw/nas/t21/sii/t21sc03_106_4_0.html,2026-10-09T16:18:21+0900
2017.05,2330,台積電,sii,72795974,56871933,73575784,27.99,-1.05,363582307,343914455,5.71,-,https://mopsov.twse.com.tw/nas/t21/sii/t21sc03_106_5_0.html,2026-10-09T16:18:21+0900
2017.06,2330,台積電,sii,84187305,72795974,81390752,15.64,3.43,447769612,425305207,5.28,-,https://mopsov.twse.com.tw/nas/t21/sii/t21sc03_106_6_0.html,2026-10-09T16:18:21+0900
2017.07,2330,台積電,sii,71611190,84187305,76391654,-14.93,-6.25,519380802,501696861,3.52,-,https://mopsov.twse.com.tw/nas/t21/sii/t21sc03_106_7_0.html,2026-10-09T16:18:21+0900
2017.08,2330,台積電,sii,91917167,71611190,94311424,28.35,-2.53,611297969,596008285,2.56,-,https://mopsov.twse.com.tw/nas/t21/sii/t21sc03_106_8_0.html,2026-10-09T16:18:21+0900
2017.09,2330,台積電,sii,88578988,91917167,89702807,-3.63,-1.25,699876957,685711092,2.06,-,https://mopsov.twse.com.tw/nas/t21/sii/t21sc03_106_9_0.html,2026-10-09T16:18:21+0900
2017.10,2330,台積電,sii,94519722,88578988,91085318,6.70,3.77,794396679,776796410,2.26,-,https://mopsov.twse.com.tw/nas/t21/sii/t21sc03_106_10_0.html,2026-10-09T16:18:21+0900
2017.11,2330,台積電,sii,93153310,94519722,93029912,-1.44,0.13,887549989,869826322,2.03,-,https://mopsov.twse.com.tw/nas/t21/sii/t21sc03_106_11_0.html,2026-10-09T16:18:21+0900
2017.12,2330,台積電,sii,89897252,93153310,78112022,-3.49,15.08,977447241,947938344,3.11,-,https://mopsov.twse.com.tw/nas/t21/sii/t21sc03_106_12_0.html,2026-10-09T16:18:21+0900
2018.01,2330,台積電,sii,79740672,89897252,76616258,-11.29,4.07,79740672,76616258,4.07,-,https://mopsov.twse.com.tw/nas/t21/sii/t21sc03_107_1_0.html,2026-10-09T16:18:21+0900
2018.02,2330,台積電,sii,64640562,79740672,71422961,-18.93,-9.49,144381234,148039219,-2.47,-,https://mopsov.twse.com.tw/nas/t21/sii/t21sc03_107_2_0.html,2026-10-09T16:18:21+0900
2018.03,2330,台積電,sii,103697437,64640562,85875181,60.42,20.75,248078671,233914400,6.05,-,https://mopsov.twse.com.tw/nas/t21/sii/t21sc03_107_3_0.html,2026-10-09T16:18:21+0900
2018.04,2330,台積電,sii,81869781,103697437,56871933,-21.04,43.95,329948452,290786333,13.46,-,https://mopsov.twse.com.tw/nas/t21/sii/t21sc03_107_4_0.html,2026-10-09T16:18:21+0900
2018.05,2330,台積電,sii,80968732,81869781,72795974,-1.10,11.22,410917184,363582307,13.01,-,https://mopsov.twse.com.tw/nas/t21/sii/t21sc03_107_5_0.html,2026-10-09T16:18:21+0900
2018.06,2330,台積電,sii,70438298,80968732,84187305,-13.00,-16.33,481355482,447769612,7.50,-,https://mopsov.twse.com.tw/nas/t21/sii/t21sc03_107_6_0.html,2026-10-09T16:18:21+0900
2018.07,2330,台積電,sii,74370924,70438298,71611190,5.58,3.85,555726406,519380802,6.99,-,https://mopsov.twse.com.tw/nas/t21/sii/t21sc03_107_7_0.html,2026-10-09T16:18:21+0900
2018.08,2330,台積電,sii,91055038,74370924,91917167,22.43,-0.93,646781444,611297969,5.80,-,https://mopsov.twse.com.tw/nas/t21/sii/t21sc03_107_8_0.html,2026-10-09T16:18:21+0900
2018.09,2330,台積電,sii,94921920,91055038,88578988,4.24,7.16,741703364,699876957,5.97,-,https://mopsov.twse.com.tw/nas/t21/sii/t21sc03_107_9_0.html,2026-10-09T16:18:21+0900
2018.10,2330,台積電,sii,101550181,94921920,94519722,6.98,7.43,843253545,794396679,6.15,-,https://mopsov.twse.com.tw/nas/t21/sii/t21sc03_107_10_0.html,2026-10-09T16:18:21+0900
2018.11,2330,台積電,sii,98389414,101550181,93153310,-3.11,5.62,941642959,887549989,6.09,-,https://mopsov.twse.com.tw/nas/t21/sii/t21sc03_107_11_0.html,2026-10-09T16:18:21+0900
2018.12,2330,台積電,sii,89830598,98389414,89897252,-8.69,-0.07,1031473557,977447241,5.52,-,https://mopsov.twse.com.tw/nas/t21/sii/t21sc03_107_12_0.html,2026-10-09T16:18:21+0900
2019.01,2330,台積電,sii,78093827,89830598,79740672,-13.06,-2.06,78093827,79740672,-2.06,-,https://mopsov.twse.com.tw/nas/t21/sii/t21sc03_108_1_0.html,2026-10-09T16:18:21+0900
2019.02,2330,台積電,sii,60889055,78093827,64640562,-22.03,-5.80,138982882,144381234,-3.73,-,https://mopsov.twse.com.tw/nas/t21/sii/t21sc03_108_2_0.html,2026-10-09T16:18:21+0900
2019.03,2330,台積電,sii,79721587,60889055,103697437,30.92,-23.12,218704469,248078671,-11.84,-,https://mopsov.twse.com.tw/nas/t21/sii/t21sc03_108_3_0.html,2026-10-09T16:18:21+0900
2019.04,2330,台積電,sii,74693615,79721587,81869781,-6.30,-8.76,293398084,329948452,-11.07,-,https://mopsov.twse.com.tw/nas/t21/sii/t21sc03_108_4_0.html,2026-10-09T16:18:21+0900
2019.05,2330,台積電,sii,80436931,74693615,80968732,7.68,-0.65,373835015,410917184,-9.02,-,https://mopsov.twse.com.tw/nas/t21/sii/t21sc03_108_5_0.html,2026-10-09T16:18:21+0900
2019.06,2330,台積電,sii,85867929,80436931,70438298,6.75,21.90,459702944,481355482,-4.49,-,https://mopsov.twse.com.tw/nas/t21/sii/t21sc03_108_6_0.html,2026-10-09T16:18:21+0900
2019.07,2330,台積電,sii,84757724,85867929,74370924,-1.29,13.96,544460668,555726406,-2.02,-,https://mopsov.twse.com.tw/nas/t21/sii/t21sc03_108_7_0.html,2026-10-09T16:18:21+0900
2019.08,2330,台積電,sii,106117619,84757724,91055038,25.20,16.54,650578287,646781444,0.58,-,https://mopsov.twse.com.tw/nas/t21/sii/t21sc03_108_8_0.html,2026-10-09T16:18:21+0900
2019.09,2330,台積電,sii,102170096,106117619,94921920,-3.71,7.63,752748383,741703364,1.48,-,https://mopsov.twse.com.tw/nas/t21/sii/t21sc03_108_9_0.html,2026-10-09T16:18:21+0900
2019.10,2330,台積電,sii,106039531,102170096,101550181,3.78,4.42,858787914,843253545,1.84,-,https://mopsov.twse.com.tw/nas/t21/sii/t21sc03_108_10_0.html,2026-10-09T16:18:21+0900
2019.11,2330,台積電,sii,107884396,106039531,98389414,1.73,9.65,966672310,941642959,2.65,-,https://mopsov.twse.com.tw/nas/t21/sii/t21sc03_108_11_0.html,2026-10-09T16:18:21+0900
2019.12,2330,台積電,sii,103313138,107884396,89830598,-4.23,15.00,1069985448,1031473557,3.73,-,https://mopsov.twse.com.tw/nas/t21/sii/t21sc03_108_12_0.html,2026-10-09T16:18:21+0900
2020.01,2330,台積電,sii,103683135,103313138,78093827,0.35,32.76,103683135,78093827,32.76,-,https://mopsov.twse.com.tw/nas/t21/sii/t21sc03_109_1_0.html,2026-10-09T16:18:21+0900
2020.02,2330,台積電,sii,93394449,103683135,60889055,-9.92,53.38,197077584,138982882,41.79,因客戶需求增加所致。,https://mopsov.twse.com.tw/nas/t21/sii/t21sc03_109_2_0.html,2026-10-09T16:18:21+0900
2020.03,2330,台積電,sii,113519599,93394449,79721587,21.54,42.39,310597183,218704469,42.01,-,https://mopsov.twse.com.tw/nas/t21/sii/t21sc03_109_3_0.html,2026-10-09T16:18:21+0900
2020.04,2330,台積電,sii,96001572,113519599,74693615,-15.43,28.52,406598755,293398084,38.58,-,https://mopsov.twse.com.tw/nas/t21/sii/t21sc03_109_4_0.html,2026-10-09T16:18:21+0900
2020.05,2330,台積電,sii,93819010,96001572,80436931,-2.27,16.63,500417765,373835015,33.86,-,https://mopsov.twse.com.tw/nas/t21/sii/t21sc03_109_5_0.html,2026-10-09T16:18:21+0900
2020.06,2330,台積電,sii,120877785,93819010,85867929,28.84,40.77,621295550,459702944,35.15,無。,https://mopsov.twse.com.tw/nas/t21/sii/t21sc03_109_6_0.html,2026-10-09T16:18:21+0900
2020.07,2330,台積電,sii,105963468,120877785,84757724,-12.33,25.01,727259018,544460668,33.57,-,https://mopsov.twse.com.tw/nas/t21/sii/t21sc03_109_7_0.html,2026-10-09T16:18:21+0900
2020.08,2330,台積電,sii,122878244,105963468,106117619,15.96,15.79,850137262,650578287,30.67,無,https://mopsov.twse.com.tw/nas/t21/sii/t21sc03_109_8_0.html,2026-10-09T16:18:21+0900
2020.09,2330,台積電,sii,127584492,122878244,102170096,3.83,24.87,977721754,752748383,29.88,-,https://mopsov.twse.com.tw/nas/t21/sii/t21sc03_109_9_0.html,2026-10-09T16:18:21+0900
2020.10,2330,台積電,sii,119302707,127584492,106039531,-6.49,12.50,1097024461,858787914,27.74,-,https://mopsov.twse.com.tw/nas/t21/sii/t21sc03_109_10_0.html,2026-10-09T16:18:21+0900
2020.11,2330,台積電,sii,124865438,119302707,107884396,4.66,15.74,1221889899,966672310,26.40,無,https://mopsov.twse.com.tw/nas/t21/sii/t21sc03_109_11_0.html,2026-10-09T16:18:21+0900
2020.12,2330,台積電,sii,117364912,124865438,103313138,-6.00,13.60,1339254811,1069985448,25.16,-,https://mopsov.twse.com.tw/nas/t21/sii/t21sc03_109_12_0.html,2026-10-09T16:18:21+0900
2021.01,2330,台積電,sii,126749152,117364912,103683135,7.99,22.24,126749152,103683135,22.24,-,https://mopsov.twse.com.tw/nas/t21/sii/t21sc03_110_1_0.html,2026-10-09T16:18:21+0900
2021.02,2330,台積電,sii,106533690,126749152,93394449,-15.94,14.06,233282842,197077584,18.37,無,https://mopsov.twse.com.tw/nas/t21/sii/t21sc03_110_2_0.html,2026-10-09T16:18:21+0900
2021.03,2330,台積電,sii,129127388,106533690,113519599,21.20,13.74,362410230,310597183,16.68,-,https://mopsov.twse.com.tw/nas/t21/sii/t21sc03_110_3_0.html,2026-10-09T16:18:21+0900
2021.04,2330,台積電,sii,111314794,129127388,96001572,-13.79,15.95,473725024,406598755,16.50,無,https://mopsov.twse.com.tw/nas/t21/sii/t21sc03_110_4_0.html,2026-10-09T16:18:21+0900
2021.05,2330,台積電,sii,112359668,111314794,93819010,0.93,19.76,586084692,500417765,17.11,無。,https://mopsov.twse.com.tw/nas/t21/sii/t21sc03_110_5_0.html,2026-10-09T16:18:21+0900
2021.06,2330,台積電,sii,148470660,112359668,120877785,32.13,22.82,734555352,621295550,18.22,無。,https://mopsov.twse.com.tw/nas/t21/sii/t21sc03_110_6_0.html,2026-10-09T16:18:21+0900
2021.07,2330,台積電,sii,124557799,148470660,105963468,-16.10,17.54,859113151,727259018,18.13,無。,https://mopsov.twse.com.tw/nas/t21/sii/t21sc03_110_7_0.html,2026-10-09T16:18:21+0900
2021.08,2330,台積電,sii,137427162,124557799,122878244,10.33,11.84,996540313,850137262,17.22,無,https://mopsov.twse.com.tw/nas/t21/sii/t21sc03_110_8_0.html,2026-10-09T16:18:21+0900
2021.09,2330,台積電,sii,152685418,137427162,127584492,11.10,19.67,1149225731,977721754,17.54,無,https://mopsov.twse.com.tw/nas/t21/sii/t21sc03_110_9_0.html,2026-10-09T16:18:21+0900
2021.10,2330,台積電,sii,134539477,152685418,119302707,-11.88,12.77,1283765208,1097024461,17.02,無。,https://mopsov.twse.com.tw/nas/t21/sii/t21sc03_110_10_0.html,2026-10-09T16:18:21+0900
2021.11,2330,台積電,sii,148267599,134539477,124865438,10.20,18.74,1432032807,1221889899,17.19,無。,https://mopsov.twse.com.tw/nas/t21/sii/t21sc03_110_11_0.html,2026-10-09T16:18:21+0900
2021.12,2330,台積電,sii,155382230,148267599,117364912,4.79,32.39,1587415037,1339254811,18.52,無。,https://mopsov.twse.com.tw/nas/t21/sii/t21sc03_110_12_0.html,2026-10-09T16:18:21+0900
2022.01,2330,台積電,sii,172176110,155382230,126749152,10.80,35.84,172176110,126749152,35.84,無,https://mopsov.twse.com.tw/nas/t21/sii/t21sc03_111_1_0.html,2026-10-09T15:39:43+0900
2022.02,2330,台積電,sii,146933238,172176110,106533690,-14.66,37.92,319109348,233282842,36.79,無。,https://mopsov.twse.com.tw/nas/t21/sii/t21sc03_111_2_0.html,2026-10-09T15:39:43+0900
2022.03,2330,台積電,sii,171966525,146933238,129127388,17.03,33.17,491075873,362410230,35.50,無。,https://mopsov.twse.com.tw/nas/t21/sii/t21sc03_111_3_0.html,2026-10-09T15:39:43+0900
2022.04,2330,台積電,sii,172561382,171966525,111314794,0.34,55.02,663637255,473725024,40.08,無。,https://mopsov.twse.com.tw/nas/t21/sii/t21sc03_111_4_0.html,2026-10-09T15:39:43+0900
2022.05,2330,台積電,sii,185705425,172561382,112359668,7.61,65.27,849342680,586084692,44.91,無。,https://mopsov.twse.com.tw/nas/t21/sii/t21sc03_111_5_0.html,2026-10-09T15:39:43+0900
2022.06,2330,台積電,sii,175874001,185705425,148470660,-5.29,18.45,1025216681,734555352,39.56,-,https://mopsov.twse.com.tw/nas/t21/sii/t21sc03_111_6_0.html,2026-10-09T15:39:43+0900
2022.07,2330,台積電,sii,186762689,175874001,124557799,6.19,49.94,1211979370,859113151,41.07,無。,https://mopsov.twse.com.tw/nas/t21/sii/t21sc03_111_7_0.html,2026-10-09T15:39:43+0900
2022.08,2330,台積電,sii,218132391,186762689,137427162,16.79,58.72,1430111761,996540313,43.50,無。,https://mopsov.twse.com.tw/nas/t21/sii/t21sc03_111_8_0.html,2026-10-09T15:39:43+0900
2022.09,2330,台積電,sii,208247663,218132391,152685418,-4.53,36.39,1638359424,1149225731,42.56,無。,https://mopsov.twse.com.tw/nas/t21/sii/t21sc03_111_9_0.html,2026-10-09T15:39:43+0900
2022.10,2330,台積電,sii,210265633,208247663,134539477,0.96,56.28,1848625057,1283765208,44.00,無。,https://mopsov.twse.com.tw/nas/t21/sii/t21sc03_111_10_0.html,2026-10-09T15:39:43+0900
2022.11,2330,台積電,sii,222705993,210265633,148267599,5.91,50.20,2071331050,1432032807,44.64,因先進製程產品需求增加所致。,https://mopsov.twse.com.tw/nas/t21/sii/t21sc03_111_11_0.html,2026-10-09T15:39:43+0900
2022.12,2330,台積電,sii,192560242,222705993,155382230,-13.53,23.92,2263891292,1587415037,42.61,無。,https://mopsov.twse.com.tw/nas/t21/sii/t21sc03_111_12_0.html,2026-10-09T15:39:43+0900
2023.01,2330,台積電,sii,200050544,192560242,172176110,3.88,16.18,200050544,172176110,16.18,無。,https://mopsov.twse.com.tw/nas/t21/sii/t21sc03_112_1_0.html,2026-10-09T15:39:43+0900
2023.02,2330,台積電,sii,163174097,200050544,146933238,-18.43,11.05,363224641,319109348,13.82,無。,https://mopsov.twse.com.tw/nas/t21/sii/t21sc03_112_2_0.html,2026-10-09T15:39:43+0900
2023.03,2330,台積電,sii,145408332,163174097,171966525,-10.88,-15.44,508632973,491075873,3.57,-,https://mopsov.twse.com.tw/nas/t21/sii/t21sc03_112_3_0.html,2026-10-09T15:39:43+0900
2023.04,2330,台積電,sii,147899735,145408332,172561382,1.71,-14.29,656532708,663637255,-1.07,無。,https://mopsov.twse.com.tw/nas/t21/sii/t21sc03_112_4_0.html,2026-10-09T15:39:43+0900
2023.05,2330,台積電,sii,176537345,147899735,185705425,19.36,-4.93,833070053,849342680,-1.91,-,https://mopsov.twse.com.tw/nas/t21/sii/t21sc03_112_5_0.html,2026-10-09T15:39:43+0900
2023.06,2330,台積電,sii,156404174,176537345,175874001,-11.40,-11.07,989474227,1025216681,-3.48,-,https://mopsov.twse.com.tw/nas/t21/sii/t21sc03_112_6_0.html,2026-10-09T15:39:43+0900
2023.07,2330,台積電,sii,177616220,156404174,186762689,13.56,-4.89,1167090447,1211979370,-3.70,-,https://mopsov.twse.com.tw/nas/t21/sii/t21sc03_112_7_0.html,2026-10-09T15:39:43+0900
2023.08,2330,台積電,sii,188686256,177616220,218132391,6.23,-13.49,1355776703,1430111761,-5.19,-,https://mopsov.twse.com.tw/nas/t21/sii/t21sc03_112_8_0.html,2026-10-09T15:39:43+0900
2023.09,2330,台積電,sii,180430282,188686256,208247663,-4.37,-13.35,1536206985,1638359424,-6.23,-,https://mopsov.twse.com.tw/nas/t21/sii/t21sc03_112_9_0.html,2026-10-09T15:39:43+0900
2023.10,2330,台積電,sii,243202811,180430282,210265633,34.79,15.66,1779409796,1848625057,-3.74,無。,https://mopsov.twse.com.tw/nas/t21/sii/t21sc03_112_10_0.html,2026-10-09T15:39:43+0900
2023.11,2330,台積電,sii,206026179,243202811,222705993,-15.28,-7.48,1985435975,2071331050,-4.14,-,https://mopsov.twse.com.tw/nas/t21/sii/t21sc03_112_11_0.html,2026-10-09T15:39:43+0900
2023.12,2330,台積電,sii,176299866,206026179,192560242,-14.42,-8.44,2161735841,2263891292,-4.51,-,https://mopsov.twse.com.tw/nas/t21/sii/t21sc03_112_12_0.html,2026-10-09T15:39:43+0900
2024.01,2330,台積電,sii,215785127,176299866,200050544,22.39,7.86,215785127,200050544,7.86,無。,https://mopsov.twse.com.tw/nas/t21/sii/t21sc03_113_1_0.html,2026-10-09T15:39:43+0900
2024.02,2330,台積電,sii,181648270,215785127,163174097,-15.81,11.32,397433397,363224641,9.41,-,https://mopsov.twse.com.tw/nas/t21/sii/t21sc03_113_2_0.html,2026-10-09T15:39:43+0900
2024.03,2330,台積電,sii,195210804,181648270,145408332,7.46,34.25,592644201,508632973,16.51,-,https://mopsov.twse.com.tw/nas/t21/sii/t21sc03_113_3_0.html,2026-10-09T15:39:43+0900
2024.04,2330,台積電,sii,236021112,195210804,147899735,20.90,59.58,828665313,656532708,26.21,因先進製程產品需求增加所致。,https://mopsov.twse.com.tw/nas/t21/sii/t21sc03_113_4_0.html,2026-10-09T15:39:43+0900
2024.05,2330,台積電,sii,229620372,236021112,176537345,-2.71,30.06,1058285685,833070053,27.03,-,https://mopsov.twse.com.tw/nas/t21/sii/t21sc03_113_5_0.html,2026-10-09T15:39:43+0900
2024.06,2330,台積電,sii,207868693,229620372,156404174,-9.47,32.90,1266154378,989474227,27.96,-,https://mopsov.twse.com.tw/nas/t21/sii/t21sc03_113_6_0.html,2026-10-09T15:39:43+0900
2024.07,2330,台積電,sii,256953058,207868693,177616220,23.61,44.66,1523107436,1167090447,30.50,-,https://mopsov.twse.com.tw/nas/t21/sii/t21sc03_113_7_0.html,2026-10-09T15:39:43+0900
2024.08,2330,台積電,sii,250866368,256953058,188686256,-2.36,32.95,1773973804,1355776703,30.84,-,https://mopsov.twse.com.tw/nas/t21/sii/t21sc03_113_8_0.html,2026-10-09T15:39:43+0900
2024.09,2330,台積電,sii,251872717,250866368,180430282,0.40,39.59,2025846521,1536206985,31.87,-,https://mopsov.twse.com.tw/nas/t21/sii/t21sc03_113_9_0.html,2026-10-09T15:39:43+0900
2024.10,2330,台積電,sii,314239713,251872717,243202811,24.76,29.20,2340086234,1779409796,31.50,-,https://mopsov.twse.com.tw/nas/t21/sii/t21sc03_113_10_0.html,2026-10-09T15:39:43+0900
2024.11,2330,台積電,sii,276058358,314239713,206026179,-12.15,33.99,2616144592,1985435975,31.76,-,https://mopsov.twse.com.tw/nas/t21/sii/t21sc03_113_11_0.html,2026-10-09T15:39:43+0900
2024.12,2330,台積電,sii,278163107,276058358,176299866,0.76,57.77,2894307699,2161735841,33.88,因先進製程產品需求增加所致。,https://mopsov.twse.com.tw/nas/t21/sii/t21sc03_113_12_0.html,2026-10-09T15:39:43+0900
2025.01,2330,台積電,sii,293288038,278163107,215785127,5.43,35.91,293288038,215785127,35.91,-,https://mopsov.twse.com.tw/nas/t21/sii/t21sc03_114_1_0.html,2026-10-09T15:39:43+0900
2025.02,2330,台積電,sii,260008796,293288038,181648270,-11.34,43.13,553296834,397433397,39.21,-,https://mopsov.twse.com.tw/nas/t21/sii/t21sc03_114_2_0.html,2026-10-09T15:39:43+0900
2025.03,2330,台積電,sii,285956830,260008796,195210804,9.97,46.48,839253664,592644201,41.61,-,https://mopsov.twse.com.tw/nas/t21/sii/t21sc03_114_3_0.html,2026-10-09T15:39:43+0900
2025.04,2330,台積電,sii,349566940,285956830,236021112,22.24,48.10,1188820604,828665313,43.46,-,https://mopsov.twse.com.tw/nas/t21/sii/t21sc03_114_4_0.html,2026-10-09T15:39:43+0900
2025.05,2330,台積電,sii,320515951,349566940,229620372,-8.31,39.58,1509336555,1058285685,42.62,-,https://mopsov.twse.com.tw/nas/t21/sii/t21sc03_114_5_0.html,2026-10-09T15:39:43+0900
2025.06,2330,台積電,sii,263708978,320515951,207868693,-17.72,26.86,1773045533,1266154378,40.03,-,https://mopsov.twse.com.tw/nas/t21/sii/t21sc03_114_6_0.html,2026-10-09T15:39:43+0900
2025.07,2330,台積電,sii,323165707,263708978,256953058,22.54,25.76,2096211240,1523107436,37.62,-,https://mopsov.twse.com.tw/nas/t21/sii/t21sc03_114_7_0.html,2026-10-09T15:39:43+0900
2025.08,2330,台積電,sii,335771691,323165707,250866368,3.90,33.84,2431982931,1773973804,37.09,-,https://mopsov.twse.com.tw/nas/t21/sii/t21sc03_114_8_0.html,2026-10-09T15:39:43+0900
2025.09,2330,台積電,sii,330980920,335771691,251872717,-1.42,31.40,2762963851,2025846521,36.38,-,https://mopsov.twse.com.tw/nas/t21/sii/t21sc03_114_9_0.html,2026-10-09T15:39:43+0900
2025.10,2330,台積電,sii,367473051,330980920,314239713,11.02,16.94,3130436902,2340086234,33.77,-,https://mopsov.twse.com.tw/nas/t21/sii/t21sc03_114_10_0.html,2026-10-09T15:39:43+0900
2025.11,2330,台積電,sii,343613802,367473051,276058358,-6.49,24.47,3474050704,2616144592,32.79,-,https://mopsov.twse.com.tw/nas/t21/sii/t21sc03_114_11_0.html,2026-10-09T15:39:43+0900
2025.12,2330,台積電,sii,335003568,343613802,278163107,-2.50,20.43,3809054272,2894307699,31.60,-,https://mopsov.twse.com.tw/nas/t21/sii/t21sc03_114_12_0.html,2026-10-09T15:39:43+0900
2026.01,2330,台積電,sii,401255128,335003568,293288038,19.77,36.81,401255128,293288038,36.81,-,https://mopsov.twse.com.tw/nas/t21/sii/t21sc03_115_1_0.html,2026-10-09T15:39:43+0900
2026.02,2330,台積電,sii,317656613,401255128,260008796,-20.83,22.17,718911741,553296834,29.93,-,https://mopsov.twse.com.tw/nas/t21/sii/t21sc03_115_2_0.html,2026-10-09T15:39:43+0900
2026.03,2330,台積電,sii,415191699,317656613,285956830,30.70,45.19,1134103440,839253664,35.13,-,https://mopsov.twse.com.tw/nas/t21/sii/t21sc03_115_3_0.html,2026-10-09T15:39:43+0900
2026.04,2330,台積電,sii,410725118,415191699,349566940,-1.07,17.49,1544828558,1188820604,29.94,-,https://mopsov.twse.com.tw/nas/t21/sii/t21sc03_115_4_0.html,2026-10-09T15:39:43+0900
2026.05,2330,台積電,sii,416975163,410725118,320515951,1.52,30.09,1961803721,1509336555,29.97,-,https://mopsov.twse.com.tw/nas/t21/sii/t21sc03_115_5_0.html,2026-10-09T15:39:43+0900
2026.06,2330,台積電,sii,442679969,416975163,263708978,6.16,67.86,2404483690,1773045533,35.61,因先進製程產品需求增加所致。,https://mopsov.twse.com.tw/nas/t21/sii/t21sc03_115_6_0.html,2026-10-09T15:39:43+0900
2026.07,2330,台積電,sii,467580548,442679969,323165707,5.62,44.68,2872064238,2096211240,37.01,-,https://mopsov.twse.com.tw/nas/t21/sii/t21sc03_115_7_0.html,2026-10-09T16:18:21+0900
2026.08,2330,台積電,sii,514805337,467580548,335771691,10.09,53.32,3386869575,2431982931,39.26,因先進製程產品需求增加所致。,https://mopsov.twse.com.tw/nas/t21/sii/t21sc03_115_8_0.html,2026-10-09T16:18:21+0900
2026.09,2330,台積電,sii,511857399,514805337,330980920,-0.57,54.64,3898726974,2762963851,41.10,因先進製程產品需求增加所致。,https://mopsov.twse.com.tw/nas/t21/sii/t21sc03_115_9_0.html,2026-10-09T16:18:21+0900
2015.01,2344,華邦電,sii,3417507,3139235,2950948,8.86,15.81,3417507,2950948,15.81,-,https://mopsov.twse.com.tw/nas/t21/sii/t21sc03_104_1_0.html,2026-10-09T16:18:21+0900
2015.02,2344,華邦電,sii,3041434,3417507,2817128,-11.00,7.96,6458941,5768076,11.97,-,https://mopsov.twse.com.tw/nas/t21/sii/t21sc03_104_2_0.html,2026-10-09T16:18:21+0900
2015.03,2344,華邦電,sii,3264885,3041434,2982946,7.34,9.45,9723826,8751022,11.11,-,https://mopsov.twse.com.tw/nas/t21/sii/t21sc03_104_3_0.html,2026-10-09T16:18:21+0900
2015.04,2344,華邦電,sii,3161087,3264885,3169832,-3.17,-0.27,12884913,11920854,8.08,-,https://mopsov.twse.com.tw/nas/t21/sii/t21sc03_104_4_0.html,2026-10-09T16:18:21+0900
2015.05,2344,華邦電,sii,3078646,3161087,3259108,-2.60,-5.53,15963559,15179962,5.16,-,https://mopsov.twse.com.tw/nas/t21/sii/t21sc03_104_5_0.html,2026-10-09T16:18:21+0900
2015.06,2344,華邦電,sii,3012396,3078646,3313414,-2.15,-9.08,18975955,18493376,2.60,-,https://mopsov.twse.com.tw/nas/t21/sii/t21sc03_104_6_0.html,2026-10-09T16:18:21+0900
2015.07,2344,華邦電,sii,3094742,3012396,3337870,2.73,-7.28,22070697,21831246,1.09,-,https://mopsov.twse.com.tw/nas/t21/sii/t21sc03_104_7_0.html,2026-10-09T16:18:21+0900
2015.08,2344,華邦電,sii,3216363,3094742,3264684,3.92,-1.48,25287060,25095930,0.76,-,https://mopsov.twse.com.tw/nas/t21/sii/t21sc03_104_8_0.html,2026-10-09T16:18:21+0900
2015.09,2344,華邦電,sii,3222822,3216363,3328894,0.20,-3.18,28509882,28424824,0.29,-,https://mopsov.twse.com.tw/nas/t21/sii/t21sc03_104_9_0.html,2026-10-09T16:18:21+0900
2015.10,2344,華邦電,sii,3385067,3222822,3202817,5.03,5.69,31894949,31627641,0.84,-,https://mopsov.twse.com.tw/nas/t21/sii/t21sc03_104_10_0.html,2026-10-09T16:18:21+0900
2015.11,2344,華邦電,sii,3307924,3385067,3222784,-2.27,2.64,35202873,34850425,1.01,-,https://mopsov.twse.com.tw/nas/t21/sii/t21sc03_104_11_0.html,2026-10-09T16:18:21+0900
2015.12,2344,華邦電,sii,3147442,3307924,3139235,-4.85,0.26,38350315,37989660,0.94,-,https://mopsov.twse.com.tw/nas/t21/sii/t21sc03_104_12_0.html,2026-10-09T16:18:21+0900
2016.01,2344,華邦電,sii,3457360,3147442,3417507,9.84,1.16,3457360,3417507,1.16,-,https://mopsov.twse.com.tw/nas/t21/sii/t21sc03_105_1_0.html,2026-10-09T16:18:21+0900
2016.02,2344,華邦電,sii,3204513,3457360,3041434,-7.31,5.36,6661873,6458941,3.14,-,https://mopsov.twse.com.tw/nas/t21/sii/t21sc03_105_2_0.html,2026-10-09T16:18:21+0900
2016.03,2344,華邦電,sii,3425071,3204513,3264885,6.88,4.90,10086944,9723826,3.73,-,https://mopsov.twse.com.tw/nas/t21/sii/t21sc03_105_3_0.html,2026-10-09T16:18:21+0900
2016.04,2344,華邦電,sii,3521142,3425071,3161087,2.80,11.39,13608086,12884913,5.61,-,https://mopsov.twse.com.tw/nas/t21/sii/t21sc03_105_4_0.html,2026-10-09T16:18:21+0900
2016.05,2344,華邦電,sii,3454832,3521142,3078646,-1.88,12.21,17062918,15963559,6.88,-,https://mopsov.twse.com.tw/nas/t21/sii/t21sc03_105_5_0.html,2026-10-09T16:18:21+0900
2016.06,2344,華邦電,sii,3520914,3454832,3012396,1.91,16.88,20583832,18975955,8.47,-,https://mopsov.twse.com.tw/nas/t21/sii/t21sc03_105_6_0.html,2026-10-09T16:18:21+0900
2016.07,2344,華邦電,sii,3526997,3520914,3094742,0.17,13.96,24110829,22070697,9.24,-,https://mopsov.twse.com.tw/nas/t21/sii/t21sc03_105_7_0.html,2026-10-09T16:18:21+0900
2016.08,2344,華邦電,sii,3574056,3526997,3216363,1.33,11.12,27684885,25287060,9.48,-,https://mopsov.twse.com.tw/nas/t21/sii/t21sc03_105_8_0.html,2026-10-09T16:18:21+0900
2016.09,2344,華邦電,sii,3631663,3574056,3222822,1.61,12.68,31316548,28509882,9.84,-,https://mopsov.twse.com.tw/nas/t21/sii/t21sc03_105_9_0.html,2026-10-09T16:18:21+0900
2016.10,2344,華邦電,sii,3709883,3631663,3385067,2.15,9.59,35026431,31894949,9.81,-,https://mopsov.twse.com.tw/nas/t21/sii/t21sc03_105_10_0.html,2026-10-09T16:18:21+0900
2016.11,2344,華邦電,sii,3572948,3709883,3307924,-3.69,8.01,38599379,35202873,9.64,-,https://mopsov.twse.com.tw/nas/t21/sii/t21sc03_105_11_0.html,2026-10-09T16:18:21+0900
2016.12,2344,華邦電,sii,3492330,3572948,3147442,-2.25,10.95,42091709,38350315,9.75,-,https://mopsov.twse.com.tw/nas/t21/sii/t21sc03_105_12_0.html,2026-10-09T16:18:21+0900
2017.01,2344,華邦電,sii,3422038,3492330,3457360,-2.01,-1.02,3422038,3457360,-1.02,-,https://mopsov.twse.com.tw/nas/t21/sii/t21sc03_106_1_0.html,2026-10-09T16:18:21+0900
2017.02,2344,華邦電,sii,3351191,3422038,3204513,-2.07,4.57,6773229,6661873,1.67,-,https://mopsov.twse.com.tw/nas/t21/sii/t21sc03_106_2_0.html,2026-10-09T16:18:21+0900
2017.03,2344,華邦電,sii,3651734,3351191,3425071,8.96,6.61,10424963,10086944,3.35,-,https://mopsov.twse.com.tw/nas/t21/sii/t21sc03_106_3_0.html,2026-10-09T16:18:21+0900
2017.04,2344,華邦電,sii,3636762,3651734,3521142,-0.40,3.28,14061725,13608086,3.33,-,https://mopsov.twse.com.tw/nas/t21/sii/t21sc03_106_4_0.html,2026-10-09T16:18:21+0900
2017.05,2344,華邦電,sii,3798958,3636762,3454832,4.45,9.96,17860683,17062918,4.67,-,https://mopsov.twse.com.tw/nas/t21/sii/t21sc03_106_5_0.html,2026-10-09T16:18:21+0900
2017.06,2344,華邦電,sii,3975557,3798958,3520914,4.64,12.91,21836240,20583832,6.08,-,https://mopsov.twse.com.tw/nas/t21/sii/t21sc03_106_6_0.html,2026-10-09T16:18:21+0900
2017.07,2344,華邦電,sii,3999305,3975557,3526997,0.59,13.39,25835545,24110829,7.15,-,https://mopsov.twse.com.tw/nas/t21/sii/t21sc03_106_7_0.html,2026-10-09T16:18:21+0900
2017.08,2344,華邦電,sii,4234814,3999305,3574056,5.88,18.48,30070359,27684885,8.61,-,https://mopsov.twse.com.tw/nas/t21/sii/t21sc03_106_8_0.html,2026-10-09T16:18:21+0900
2017.09,2344,華邦電,sii,4315784,4234814,3631663,1.91,18.83,34386143,31316548,9.80,-,https://mopsov.twse.com.tw/nas/t21/sii/t21sc03_106_9_0.html,2026-10-09T16:18:21+0900
2017.10,2344,華邦電,sii,4491255,4315784,3709883,4.06,21.06,38877398,35026431,10.99,-,https://mopsov.twse.com.tw/nas/t21/sii/t21sc03_106_10_0.html,2026-10-09T16:18:21+0900
2017.11,2344,華邦電,sii,4474010,4491255,3572948,-0.38,25.21,43351408,38599379,12.31,-,https://mopsov.twse.com.tw/nas/t21/sii/t21sc03_106_11_0.html,2026-10-09T16:18:21+0900
2017.12,2344,華邦電,sii,4240384,4474010,3492330,-5.22,21.41,47591792,42091709,13.06,-,https://mopsov.twse.com.tw/nas/t21/sii/t21sc03_106_12_0.html,2026-10-09T16:18:21+0900
2018.01,2344,華邦電,sii,4145678,4240384,3422038,-2.23,21.14,4145678,3422038,21.14,-,https://mopsov.twse.com.tw/nas/t21/sii/t21sc03_107_1_0.html,2026-10-09T16:18:21+0900
2018.02,2344,華邦電,sii,3828924,4145678,3351191,-7.64,14.25,7974602,6773229,17.73,-,https://mopsov.twse.com.tw/nas/t21/sii/t21sc03_107_2_0.html,2026-10-09T16:18:21+0900
2018.03,2344,華邦電,sii,4181581,3828924,3651734,9.21,14.50,12156183,10424963,16.60,-,https://mopsov.twse.com.tw/nas/t21/sii/t21sc03_107_3_0.html,2026-10-09T16:18:21+0900
2018.04,2344,華邦電,sii,4488725,4181581,3636762,7.34,23.42,16644908,14061725,18.37,-,https://mopsov.twse.com.tw/nas/t21/sii/t21sc03_107_4_0.html,2026-10-09T16:18:21+0900
2018.05,2344,華邦電,sii,4489086,4488725,3798958,0.00,18.16,21133994,17860683,18.32,-,https://mopsov.twse.com.tw/nas/t21/sii/t21sc03_107_5_0.html,2026-10-09T16:18:21+0900
2018.06,2344,華邦電,sii,4507412,4489086,3975557,0.40,13.37,25641406,21836240,17.42,-,https://mopsov.twse.com.tw/nas/t21/sii/t21sc03_107_6_0.html,2026-10-09T16:18:21+0900
2018.07,2344,華邦電,sii,4597513,4507412,3999305,1.99,14.95,30238919,25835545,17.04,-,https://mopsov.twse.com.tw/nas/t21/sii/t21sc03_107_7_0.html,2026-10-09T16:18:21+0900
2018.08,2344,華邦電,sii,4764276,4597513,4234814,3.62,12.50,35003195,30070359,16.40,-,https://mopsov.twse.com.tw/nas/t21/sii/t21sc03_107_8_0.html,2026-10-09T16:18:21+0900
2018.09,2344,華邦電,sii,4318864,4764276,4315784,-9.34,0.07,39322059,34386143,14.35,-,https://mopsov.twse.com.tw/nas/t21/sii/t21sc03_107_9_0.html,2026-10-09T16:18:21+0900
2018.10,2344,華邦電,sii,4155215,4318864,4491255,-3.78,-7.48,43477274,38877398,11.83,-,https://mopsov.twse.com.tw/nas/t21/sii/t21sc03_107_10_0.html,2026-10-09T16:18:21+0900
2018.11,2344,華邦電,sii,4021231,4155215,4474010,-3.22,-10.12,47498505,43351408,9.56,-,https://mopsov.twse.com.tw/nas/t21/sii/t21sc03_107_11_0.html,2026-10-09T16:18:21+0900
2018.12,2344,華邦電,sii,3691818,4021231,4240384,-8.19,-12.93,51190323,47591792,7.56,-,https://mopsov.twse.com.tw/nas/t21/sii/t21sc03_107_12_0.html,2026-10-09T16:18:21+0900
2019.01,2344,華邦電,sii,3876792,3691818,4145678,5.01,-6.48,3876792,4145678,-6.48,-,https://mopsov.twse.com.tw/nas/t21/sii/t21sc03_108_1_0.html,2026-10-09T16:18:21+0900
2019.02,2344,華邦電,sii,3275804,3876792,3828924,-15.50,-14.44,7152596,7974602,-10.30,-,https://mopsov.twse.com.tw/nas/t21/sii/t21sc03_108_2_0.html,2026-10-09T16:18:21+0900
2019.03,2344,華邦電,sii,3734172,3275804,4181581,13.99,-10.69,10886768,12156183,-10.44,-,https://mopsov.twse.com.tw/nas/t21/sii/t21sc03_108_3_0.html,2026-10-09T16:18:21+0900
2019.04,2344,華邦電,sii,3903846,3734172,4488725,4.54,-13.02,14790614,16644908,-11.14,-,https://mopsov.twse.com.tw/nas/t21/sii/t21sc03_108_4_0.html,2026-10-09T16:18:21+0900
2019.05,2344,華邦電,sii,4012937,3903846,4489086,2.79,-10.60,18803551,21133994,-11.02,-,https://mopsov.twse.com.tw/nas/t21/sii/t21sc03_108_5_0.html,2026-10-09T16:18:21+0900
2019.06,2344,華邦電,sii,4094886,4012937,4507412,2.04,-9.15,22898437,25641406,-10.69,-,https://mopsov.twse.com.tw/nas/t21/sii/t21sc03_108_6_0.html,2026-10-09T16:18:21+0900
2019.07,2344,華邦電,sii,4327483,4094886,4597513,5.68,-5.87,27225920,30238919,-9.96,-,https://mopsov.twse.com.tw/nas/t21/sii/t21sc03_108_7_0.html,2026-10-09T16:18:21+0900
2019.08,2344,華邦電,sii,4463022,4327483,4764276,3.13,-6.32,31688942,35003195,-9.46,-,https://mopsov.twse.com.tw/nas/t21/sii/t21sc03_108_8_0.html,2026-10-09T16:18:21+0900
2019.09,2344,華邦電,sii,4629824,4463022,4318864,3.73,7.20,36318766,39322059,-7.63,-,https://mopsov.twse.com.tw/nas/t21/sii/t21sc03_108_9_0.html,2026-10-09T16:18:21+0900
2019.10,2344,華邦電,sii,4321150,4629824,4155215,-6.66,3.99,40639916,43477274,-6.52,-,https://mopsov.twse.com.tw/nas/t21/sii/t21sc03_108_10_0.html,2026-10-09T16:18:21+0900
2019.11,2344,華邦電,sii,4057424,4321150,4021231,-6.10,0.90,44697340,47498505,-5.89,-,https://mopsov.twse.com.tw/nas/t21/sii/t21sc03_108_11_0.html,2026-10-09T16:18:21+0900
2019.12,2344,華邦電,sii,4074094,4057424,3691818,0.41,10.35,48771434,51190323,-4.72,-,https://mopsov.twse.com.tw/nas/t21/sii/t21sc03_108_12_0.html,2026-10-09T16:18:21+0900
2020.01,2344,華邦電,sii,3682717,4074094,3876792,-9.60,-5.00,3682717,3876792,-5.00,-,https://mopsov.twse.com.tw/nas/t21/sii/t21sc03_109_1_0.html,2026-10-09T16:18:21+0900
2020.02,2344,華邦電,sii,3725519,3682717,3275804,1.16,13.72,7408236,7152596,3.57,-,https://mopsov.twse.com.tw/nas/t21/sii/t21sc03_109_2_0.html,2026-10-09T16:18:21+0900
2020.03,2344,華邦電,sii,4140767,3725519,3734172,11.14,10.88,11549003,10886768,6.08,-,https://mopsov.twse.com.tw/nas/t21/sii/t21sc03_109_3_0.html,2026-10-09T16:18:21+0900
2020.04,2344,華邦電,sii,4348589,4140767,3903846,5.01,11.39,15897592,14790614,7.48,-,https://mopsov.twse.com.tw/nas/t21/sii/t21sc03_109_4_0.html,2026-10-09T16:18:21+0900
2020.05,2344,華邦電,sii,4273412,4348589,4012937,-1.72,6.49,20171004,18803551,7.27,-,https://mopsov.twse.com.tw/nas/t21/sii/t21sc03_109_5_0.html,2026-10-09T16:18:21+0900
2020.06,2344,華邦電,sii,4130594,4273412,4094886,-3.34,0.87,24301598,22898437,6.12,-,https://mopsov.twse.com.tw/nas/t21/sii/t21sc03_109_6_0.html,2026-10-09T16:18:21+0900
2020.07,2344,華邦電,sii,4124163,4130594,4327483,-0.15,-4.69,28425761,27225920,4.40,-,https://mopsov.twse.com.tw/nas/t21/sii/t21sc03_109_7_0.html,2026-10-09T16:18:21+0900
2020.08,2344,華邦電,sii,4432501,4124163,4463022,7.47,-0.68,32858262,31688942,3.68,-,https://mopsov.twse.com.tw/nas/t21/sii/t21sc03_109_8_0.html,2026-10-09T16:18:21+0900
2020.09,2344,華邦電,sii,7477057,4432501,4629824,68.68,61.49,40335319,36318766,11.05,本公司之子公司新唐科技109/9/1完成對日本Panasonic Corporation半導體相關事業之併購，自完成日起該事業併入本公司合併財報,https://mopsov.twse.com.tw/nas/t21/sii/t21sc03_109_9_0.html,2026-10-09T16:18:21+0900
2020.10,2344,華邦電,sii,6864511,7477057,4321150,-8.19,58.85,47199830,40639916,16.14,本公司之子公司新唐科技109/9/1完成對日本Panasonic Corporation半導體相關事業之併購，自完成日起該事業併入本公司合併財報,https://mopsov.twse.com.tw/nas/t21/sii/t21sc03_109_10_0.html,2026-10-09T16:18:21+0900
2020.11,2344,華邦電,sii,6675073,6864511,4057424,-2.75,64.51,53874903,44697340,20.53,本公司之子公司新唐科技109/9/1完成對日本Panasonic Corporation半導體相關事業之併購，自完成日起該事業併入本公司合併財報,https://mopsov.twse.com.tw/nas/t21/sii/t21sc03_109_11_0.html,2026-10-09T16:18:21+0900
2020.12,2344,華邦電,sii,6808268,6675073,4074094,1.99,67.11,60683171,48771434,24.42,本公司之子公司新唐科技109/9/1完成對日本Panasonic Corporation半導體相關事業之併購，自完成日起該事業併入本公司合併財報,https://mopsov.twse.com.tw/nas/t21/sii/t21sc03_109_12_0.html,2026-10-09T16:18:21+0900
2021.01,2344,華邦電,sii,6903387,6808268,3682717,1.39,87.45,6903387,3682717,87.45,本公司之子公司新唐科技109/9/1完成對日本Panasonic Corporation半導體相關事業之併購，自完成日起該事業併入本公司合併財報,https://mopsov.twse.com.tw/nas/t21/sii/t21sc03_110_1_0.html,2026-10-09T16:18:21+0900
2021.02,2344,華邦電,sii,6454634,6903387,3725519,-6.50,73.25,13358021,7408236,80.31,本公司之子公司新唐科技109/9/1完成對日本Panasonic Corporation半導體相關事業之併購，自完成日起該事業併入本公司合併財報,https://mopsov.twse.com.tw/nas/t21/sii/t21sc03_110_2_0.html,2026-10-09T16:18:21+0900
2021.03,2344,華邦電,sii,7967337,6454634,4140767,23.43,92.41,21325358,11549003,84.65,本公司之子公司新唐科技109/9/1完成對日本Panasonic Corporation半導體相關事業之併購，自完成日起該事業併入本公司合併財報,https://mopsov.twse.com.tw/nas/t21/sii/t21sc03_110_3_0.html,2026-10-09T16:18:21+0900
2021.04,2344,華邦電,sii,8304909,7967337,4348589,4.23,90.97,29630267,15897592,86.38,本公司之子公司新唐科技109/9/1完成對日本Panasonic Corporation半導體相關事業之併購，自完成日起該事業併入本公司合併財報,https://mopsov.twse.com.tw/nas/t21/sii/t21sc03_110_4_0.html,2026-10-09T16:18:21+0900
2021.05,2344,華邦電,sii,8207005,8304909,4273412,-1.17,92.04,37837272,20171004,87.58,本公司之子公司新唐科技109/9/1完成對日本Panasonic Corporation半導體相關事業之併購，自完成日起該事業併入本公司合併財報,https://mopsov.twse.com.tw/nas/t21/sii/t21sc03_110_5_0.html,2026-10-09T16:18:21+0900
2021.06,2344,華邦電,sii,8722245,8207005,4130594,6.27,111.16,46559517,24301598,91.59,本公司之子公司新唐科技109/9/1完成對日本Panasonic Corporation半導體相關事業之併購，自完成日起該事業併入本公司合併財報,https://mopsov.twse.com.tw/nas/t21/sii/t21sc03_110_6_0.html,2026-10-09T16:18:21+0900
2021.07,2344,華邦電,sii,9089871,8722245,4124163,4.21,120.40,55649388,28425761,95.77,本公司之子公司新唐科技109/9/1完成對日本Panasonic Corporation半導體相關事業之併購，自完成日起該事業併入本公司合併財報,https://mopsov.twse.com.tw/nas/t21/sii/t21sc03_110_7_0.html,2026-10-09T16:18:21+0900
2021.08,2344,華邦電,sii,8816083,9089871,4432501,-3.01,98.89,64465471,32858262,96.19,本公司之子公司新唐科技109/9/1完成對日本Panasonic Corporation半導體相關事業之併購，自完成日起該事業併入本公司合併財報,https://mopsov.twse.com.tw/nas/t21/sii/t21sc03_110_8_0.html,2026-10-09T16:18:21+0900
2021.09,2344,華邦電,sii,9108776,8816083,7477057,3.31,21.82,73574247,40335319,82.40,本公司之子公司新唐科技109/9/1完成對日本Panasonic Corporation半導體相關事業之併購，自完成日起該事業併入本公司合併財報,https://mopsov.twse.com.tw/nas/t21/sii/t21sc03_110_9_0.html,2026-10-09T16:18:21+0900
2021.10,2344,華邦電,sii,8829275,9108776,6864511,-3.06,28.62,82403522,47199830,74.58,本公司之子公司新唐科技109/9/1完成對日本Panasonic Corporation半導體相關事業之併購，自完成日起該事業併入本公司合併財報,https://mopsov.twse.com.tw/nas/t21/sii/t21sc03_110_10_0.html,2026-10-09T16:18:21+0900
2021.11,2344,華邦電,sii,8559401,8829275,6675073,-3.05,28.22,90962923,53874903,68.84,本公司之子公司新唐科技109/9/1完成對日本Panasonic Corporation半導體相關事業之併購，自完成日起該事業併入本公司合併財報,https://mopsov.twse.com.tw/nas/t21/sii/t21sc03_110_11_0.html,2026-10-09T16:18:21+0900
2021.12,2344,華邦電,sii,8607001,8559401,6808268,0.55,26.41,99569924,60683171,64.08,本公司之子公司新唐科技109/9/1完成對日本Panasonic Corporation半導體相關事業之併購，自完成日起該事業併入本公司合併財報,https://mopsov.twse.com.tw/nas/t21/sii/t21sc03_110_12_0.html,2026-10-09T16:18:21+0900
2022.01,2344,華邦電,sii,8690488,8607001,6903387,0.96,25.88,8690488,6903387,25.88,-,https://mopsov.twse.com.tw/nas/t21/sii/t21sc03_111_1_0.html,2026-10-09T15:39:43+0900
2022.02,2344,華邦電,sii,8606056,8690488,6454634,-0.97,33.33,17296544,13358021,29.48,-,https://mopsov.twse.com.tw/nas/t21/sii/t21sc03_111_2_0.html,2026-10-09T15:39:43+0900
2022.03,2344,華邦電,sii,9217307,8606056,7967337,7.10,15.68,26513851,21325358,24.33,-,https://mopsov.twse.com.tw/nas/t21/sii/t21sc03_111_3_0.html,2026-10-09T15:39:43+0900
2022.04,2344,華邦電,sii,8923615,9217307,8304909,-3.18,7.44,35437466,29630267,19.59,-,https://mopsov.twse.com.tw/nas/t21/sii/t21sc03_111_4_0.html,2026-10-09T15:39:43+0900
2022.05,2344,華邦電,sii,8820001,8923615,8207005,-1.16,7.46,44257467,37837272,16.96,-,https://mopsov.twse.com.tw/nas/t21/sii/t21sc03_111_5_0.html,2026-10-09T15:39:43+0900
2022.06,2344,華邦電,sii,8903080,8820001,8722245,0.94,2.07,53160547,46559517,14.17,-,https://mopsov.twse.com.tw/nas/t21/sii/t21sc03_111_6_0.html,2026-10-09T15:39:43+0900
2022.07,2344,華邦電,sii,7390832,8903080,9089871,-16.98,-18.69,60551379,55649388,8.80,-,https://mopsov.twse.com.tw/nas/t21/sii/t21sc03_111_7_0.html,2026-10-09T15:39:43+0900
2022.08,2344,華邦電,sii,7402743,7390832,8816083,0.16,-16.03,67954122,64465471,5.41,-,https://mopsov.twse.com.tw/nas/t21/sii/t21sc03_111_8_0.html,2026-10-09T15:39:43+0900
2022.09,2344,華邦電,sii,7351855,7402743,9108776,-0.68,-19.28,75305977,73574247,2.35,-,https://mopsov.twse.com.tw/nas/t21/sii/t21sc03_111_9_0.html,2026-10-09T15:39:43+0900
2022.10,2344,華邦電,sii,6226159,7351855,8829275,-15.31,-29.48,81532136,82403522,-1.05,-,https://mopsov.twse.com.tw/nas/t21/sii/t21sc03_111_10_0.html,2026-10-09T15:39:43+0900
2022.11,2344,華邦電,sii,6519979,6226159,8559401,4.71,-23.82,88052115,90962923,-3.19,-,https://mopsov.twse.com.tw/nas/t21/sii/t21sc03_111_11_0.html,2026-10-09T15:39:43+0900
2022.12,2344,華邦電,sii,6477675,6519979,8607001,-0.64,-24.73,94529790,99569924,-5.06,-,https://mopsov.twse.com.tw/nas/t21/sii/t21sc03_111_12_0.html,2026-10-09T15:39:43+0900
2023.01,2344,華邦電,sii,4885570,6477675,8690488,-24.57,-43.78,4885570,8690488,-43.78,-,https://mopsov.twse.com.tw/nas/t21/sii/t21sc03_112_1_0.html,2026-10-09T15:39:43+0900
2023.02,2344,華邦電,sii,5746016,4885570,8606056,17.61,-33.23,10631586,17296544,-38.53,-,https://mopsov.twse.com.tw/nas/t21/sii/t21sc03_112_2_0.html,2026-10-09T15:39:43+0900
2023.03,2344,華邦電,sii,6884141,5746016,9217307,19.80,-25.31,17515727,26513851,-33.93,-,https://mopsov.twse.com.tw/nas/t21/sii/t21sc03_112_3_0.html,2026-10-09T15:39:43+0900
2023.04,2344,華邦電,sii,5684046,6884141,8923615,-17.43,-36.30,23199773,35437466,-34.53,-,https://mopsov.twse.com.tw/nas/t21/sii/t21sc03_112_4_0.html,2026-10-09T15:39:43+0900
2023.05,2344,華邦電,sii,6137916,5684046,8820001,7.98,-30.40,29337689,44257467,-33.71,-,https://mopsov.twse.com.tw/nas/t21/sii/t21sc03_112_5_0.html,2026-10-09T15:39:43+0900
2023.06,2344,華邦電,sii,6988905,6137916,8903080,13.86,-21.50,36326594,53160547,-31.66,-,https://mopsov.twse.com.tw/nas/t21/sii/t21sc03_112_6_0.html,2026-10-09T15:39:43+0900
2023.07,2344,華邦電,sii,6314838,6988905,7390832,-9.64,-14.55,42641432,60551379,-29.57,-,https://mopsov.twse.com.tw/nas/t21/sii/t21sc03_112_7_0.html,2026-10-09T15:39:43+0900
2023.08,2344,華邦電,sii,6424643,6314838,7402743,1.73,-13.21,49066075,67954122,-27.79,-,https://mopsov.twse.com.tw/nas/t21/sii/t21sc03_112_8_0.html,2026-10-09T15:39:43+0900
2023.09,2344,華邦電,sii,6766334,6424643,7351855,5.31,-7.96,55832409,75305977,-25.85,-,https://mopsov.twse.com.tw/nas/t21/sii/t21sc03_112_9_0.html,2026-10-09T15:39:43+0900
2023.10,2344,華邦電,sii,6297972,6766334,6226159,-6.92,1.15,62130381,81532136,-23.79,-,https://mopsov.twse.com.tw/nas/t21/sii/t21sc03_112_10_0.html,2026-10-09T15:39:43+0900
2023.11,2344,華邦電,sii,6368389,6297972,6519979,1.11,-2.32,68498770,88052115,-22.20,-,https://mopsov.twse.com.tw/nas/t21/sii/t21sc03_112_11_0.html,2026-10-09T15:39:43+0900
2023.12,2344,華邦電,sii,6507308,6368389,6477675,2.18,0.45,75006078,94529790,-20.65,-,https://mopsov.twse.com.tw/nas/t21/sii/t21sc03_112_12_0.html,2026-10-09T15:39:43+0900
2024.01,2344,華邦電,sii,6402586,6507308,4885570,-1.60,31.05,6402586,4885570,31.05,-,https://mopsov.twse.com.tw/nas/t21/sii/t21sc03_113_1_0.html,2026-10-09T15:39:43+0900
2024.02,2344,華邦電,sii,6207435,6402586,5746016,-3.04,8.03,12610021,10631586,18.60,-,https://mopsov.twse.com.tw/nas/t21/sii/t21sc03_113_2_0.html,2026-10-09T15:39:43+0900
2024.03,2344,華邦電,sii,7511330,6207435,6884141,21.00,9.11,20121351,17515727,14.87,-,https://mopsov.twse.com.tw/nas/t21/sii/t21sc03_113_3_0.html,2026-10-09T15:39:43+0900
2024.04,2344,華邦電,sii,6981267,7511330,5684046,-7.05,22.82,27102618,23199773,16.82,-,https://mopsov.twse.com.tw/nas/t21/sii/t21sc03_113_4_0.html,2026-10-09T15:39:43+0900
2024.05,2344,華邦電,sii,7125163,6981267,6137916,2.06,16.08,34227781,29337689,16.66,-,https://mopsov.twse.com.tw/nas/t21/sii/t21sc03_113_5_0.html,2026-10-09T15:39:43+0900
2024.06,2344,華邦電,sii,7377553,7125163,6988905,3.54,5.56,41605334,36326594,14.53,-,https://mopsov.twse.com.tw/nas/t21/sii/t21sc03_113_6_0.html,2026-10-09T15:39:43+0900
2024.07,2344,華邦電,sii,7083403,7377553,6314838,-3.98,12.17,48688737,42641432,14.18,-,https://mopsov.twse.com.tw/nas/t21/sii/t21sc03_113_7_0.html,2026-10-09T15:39:43+0900
2024.08,2344,華邦電,sii,6997545,7083403,6424643,-1.21,8.91,55686282,49066075,13.49,-,https://mopsov.twse.com.tw/nas/t21/sii/t21sc03_113_8_0.html,2026-10-09T15:39:43+0900
2024.09,2344,華邦電,sii,7231483,6997545,6766334,3.34,6.87,62917765,55832409,12.69,-,https://mopsov.twse.com.tw/nas/t21/sii/t21sc03_113_9_0.html,2026-10-09T15:39:43+0900
2024.10,2344,華邦電,sii,6097945,7231483,6297972,-15.67,-3.17,69015710,62130381,11.08,-,https://mopsov.twse.com.tw/nas/t21/sii/t21sc03_113_10_0.html,2026-10-09T15:39:43+0900
2024.11,2344,華邦電,sii,6221805,6097945,6368389,2.03,-2.30,75237515,68498770,9.83,-,https://mopsov.twse.com.tw/nas/t21/sii/t21sc03_113_11_0.html,2026-10-09T15:39:43+0900
2024.12,2344,華邦電,sii,6372253,6221805,6507308,2.41,-2.07,81609768,75006078,8.80,-,https://mopsov.twse.com.tw/nas/t21/sii/t21sc03_113_12_0.html,2026-10-09T15:39:43+0900
2025.01,2344,華邦電,sii,6066312,6372253,6402586,-4.80,-5.25,6066312,6402586,-5.25,-,https://mopsov.twse.com.tw/nas/t21/sii/t21sc03_114_1_0.html,2026-10-09T15:39:43+0900
2025.02,2344,華邦電,sii,6353503,6066312,6207435,4.73,2.35,12419815,12610021,-1.50,-,https://mopsov.twse.com.tw/nas/t21/sii/t21sc03_114_2_0.html,2026-10-09T15:39:43+0900
2025.03,2344,華邦電,sii,7572802,6353503,7511330,19.19,0.81,19992617,20121351,-0.63,-,https://mopsov.twse.com.tw/nas/t21/sii/t21sc03_114_3_0.html,2026-10-09T15:39:43+0900
2025.04,2344,華邦電,sii,6819077,7572802,6981267,-9.95,-2.32,26811694,27102618,-1.07,-,https://mopsov.twse.com.tw/nas/t21/sii/t21sc03_114_4_0.html,2026-10-09T15:39:43+0900
2025.05,2344,華邦電,sii,7093516,6819077,7125163,4.02,-0.44,33905210,34227781,-0.94,-,https://mopsov.twse.com.tw/nas/t21/sii/t21sc03_114_5_0.html,2026-10-09T15:39:43+0900
2025.06,2344,華邦電,sii,7105364,7093516,7377553,0.16,-3.68,41010574,41605334,-1.42,-,https://mopsov.twse.com.tw/nas/t21/sii/t21sc03_114_6_0.html,2026-10-09T15:39:43+0900
2025.07,2344,華邦電,sii,6837785,7105364,7083403,-3.76,-3.46,47848359,48688737,-1.72,-,https://mopsov.twse.com.tw/nas/t21/sii/t21sc03_114_7_0.html,2026-10-09T15:39:43+0900
2025.08,2344,華邦電,sii,7012528,6837785,6997545,2.55,0.21,54860887,55686282,-1.48,-,https://mopsov.twse.com.tw/nas/t21/sii/t21sc03_114_8_0.html,2026-10-09T15:39:43+0900
2025.09,2344,華邦電,sii,7920210,7012528,7231483,12.94,9.52,62781097,62917765,-0.21,-,https://mopsov.twse.com.tw/nas/t21/sii/t21sc03_114_9_0.html,2026-10-09T15:39:43+0900
2025.10,2344,華邦電,sii,8225204,7920210,6097945,3.85,34.88,71006301,69015710,2.88,-,https://mopsov.twse.com.tw/nas/t21/sii/t21sc03_114_10_0.html,2026-10-09T15:39:43+0900
2025.11,2344,華邦電,sii,8629567,8225204,6221805,4.91,38.69,79635868,75237515,5.84,-,https://mopsov.twse.com.tw/nas/t21/sii/t21sc03_114_11_0.html,2026-10-09T15:39:43+0900
2025.12,2344,華邦電,sii,9770303,8629567,6372253,13.21,53.32,89406171,81609768,9.55,受市場供需影響,https://mopsov.twse.com.tw/nas/t21/sii/t21sc03_114_12_0.html,2026-10-09T15:39:43+0900
2026.01,2344,華邦電,sii,11778411,9770303,6066312,20.55,94.16,11778411,6066312,94.16,受市場供需影響。,https://mopsov.twse.com.tw/nas/t21/sii/t21sc03_115_1_0.html,2026-10-09T15:39:43+0900
2026.02,2344,華邦電,sii,11973254,11778411,6353503,1.65,88.45,23751665,12419815,91.24,受市場供需影響。,https://mopsov.twse.com.tw/nas/t21/sii/t21sc03_115_2_0.html,2026-10-09T15:39:43+0900
2026.03,2344,華邦電,sii,14501399,11973254,7572802,21.11,91.49,38253064,19992617,91.33,受市場供需影響。,https://mopsov.twse.com.tw/nas/t21/sii/t21sc03_115_3_0.html,2026-10-09T15:39:43+0900
2026.04,2344,華邦電,sii,19245022,14501399,6819077,32.71,182.22,57498086,26811694,114.45,受市場供需影響。,https://mopsov.twse.com.tw/nas/t21/sii/t21sc03_115_4_0.html,2026-10-09T15:39:43+0900
2026.05,2344,華邦電,sii,20001444,19245022,7093516,3.93,181.96,77499530,33905210,128.57,受市場供需影響。,https://mopsov.twse.com.tw/nas/t21/sii/t21sc03_115_5_0.html,2026-10-09T15:39:43+0900
2026.06,2344,華邦電,sii,20596799,20001444,7105364,2.97,189.87,98096329,41010574,139.19,受市場供需影響。,https://mopsov.twse.com.tw/nas/t21/sii/t21sc03_115_6_0.html,2026-10-09T15:39:43+0900
2026.07,2344,華邦電,sii,26773179,20596799,6837785,29.98,291.54,124869508,47848359,160.96,受市場供需影響。,https://mopsov.twse.com.tw/nas/t21/sii/t21sc03_115_7_0.html,2026-10-09T16:18:21+0900
2026.08,2344,華邦電,sii,27308717,26773179,7012528,2.00,289.42,152178225,54860887,177.38,受市場供需影響。,https://mopsov.twse.com.tw/nas/t21/sii/t21sc03_115_8_0.html,2026-10-09T16:18:21+0900
2026.09,2344,華邦電,sii,28248909,27308717,7920210,3.44,256.66,180427134,62781097,187.39,受市場供需影響。,https://mopsov.twse.com.tw/nas/t21/sii/t21sc03_115_9_0.html,2026-10-09T16:18:21+0900
2015.01,2368,金像電,sii,1999950,2109683,1482812,-5.20,34.87,1999950,1482812,34.87,-,https://mopsov.twse.com.tw/nas/t21/sii/t21sc03_104_1_0.html,2026-10-09T16:18:21+0900
2015.02,2368,金像電,sii,1592282,1999950,1200567,-20.38,32.62,3592232,2683379,33.86,-,https://mopsov.twse.com.tw/nas/t21/sii/t21sc03_104_2_0.html,2026-10-09T16:18:21+0900
2015.03,2368,金像電,sii,1664947,1592282,1362240,4.56,22.22,5257179,4045619,29.94,-,https://mopsov.twse.com.tw/nas/t21/sii/t21sc03_104_3_0.html,2026-10-09T16:18:21+0900
2015.04,2368,金像電,sii,1607662,1664947,1550635,-3.44,3.67,6864841,5596254,22.66,-,https://mopsov.twse.com.tw/nas/t21/sii/t21sc03_104_4_0.html,2026-10-09T16:18:21+0900
2015.05,2368,金像電,sii,1428710,1607662,1541930,-11.13,-7.34,8293552,7138184,16.18,-,https://mopsov.twse.com.tw/nas/t21/sii/t21sc03_104_5_0.html,2026-10-09T16:18:21+0900
2015.06,2368,金像電,sii,1552291,1428710,1581950,8.64,-1.87,9845843,8720133,12.90,-,https://mopsov.twse.com.tw/nas/t21/sii/t21sc03_104_6_0.html,2026-10-09T16:18:21+0900
2015.07,2368,金像電,sii,1585093,1552291,1779982,2.11,-10.94,11430936,10514432,8.71,-,https://mopsov.twse.com.tw/nas/t21/sii/t21sc03_104_7_0.html,2026-10-09T16:18:21+0900
2015.08,2368,金像電,sii,1610700,1585093,1790477,1.61,-10.04,13041636,12304909,5.98,-,https://mopsov.twse.com.tw/nas/t21/sii/t21sc03_104_8_0.html,2026-10-09T16:18:21+0900
2015.09,2368,金像電,sii,1643710,1610700,1928645,2.04,-14.77,14685346,14233554,3.17,-,https://mopsov.twse.com.tw/nas/t21/sii/t21sc03_104_9_0.html,2026-10-09T16:18:21+0900
2015.10,2368,金像電,sii,1655123,1643710,1913690,0.69,-13.51,16340469,16147244,1.19,-,https://mopsov.twse.com.tw/nas/t21/sii/t21sc03_104_10_0.html,2026-10-09T16:18:21+0900
2015.11,2368,金像電,sii,1559172,1655123,1879335,-5.79,-17.03,17899641,18026579,-0.70,-,https://mopsov.twse.com.tw/nas/t21/sii/t21sc03_104_11_0.html,2026-10-09T16:18:21+0900
2015.12,2368,金像電,sii,1478102,1559172,2071944,-5.19,-28.66,19377744,20084206,-3.51,-,https://mopsov.twse.com.tw/nas/t21/sii/t21sc03_104_12_0.html,2026-10-09T16:18:21+0900
2016.01,2368,金像電,sii,1437911,1478102,1999950,-2.71,-28.10,1437911,1999950,-28.10,-,https://mopsov.twse.com.tw/nas/t21/sii/t21sc03_105_1_0.html,2026-10-09T16:18:21+0900
2016.02,2368,金像電,sii,1018718,1437911,1592282,-29.15,-36.02,2456629,3592232,-31.61,-,https://mopsov.twse.com.tw/nas/t21/sii/t21sc03_105_2_0.html,2026-10-09T16:18:21+0900
2016.03,2368,金像電,sii,1477336,1018718,1561621,45.01,-5.39,3933966,5153853,-23.66,-,https://mopsov.twse.com.tw/nas/t21/sii/t21sc03_105_3_0.html,2026-10-09T16:18:21+0900
2016.04,2368,金像電,sii,1475473,1477336,1607662,-0.12,-8.22,5409323,6761515,-19.99,-,https://mopsov.twse.com.tw/nas/t21/sii/t21sc03_105_4_0.html,2026-10-09T16:18:21+0900
2016.05,2368,金像電,sii,1683174,1475473,1428711,14.07,17.81,7092613,8293552,-14.48,-,https://mopsov.twse.com.tw/nas/t21/sii/t21sc03_105_5_0.html,2026-10-09T16:18:21+0900
2016.06,2368,金像電,sii,1771672,1683174,1444478,5.25,22.65,8864286,9634704,-7.99,-,https://mopsov.twse.com.tw/nas/t21/sii/t21sc03_105_6_0.html,2026-10-09T16:18:21+0900
2016.07,2368,金像電,sii,1966838,1771672,1585093,11.01,24.08,10831124,11219797,-3.46,-,https://mopsov.twse.com.tw/nas/t21/sii/t21sc03_105_7_0.html,2026-10-09T16:18:21+0900
2016.08,2368,金像電,sii,1830794,1966838,1610700,-6.91,13.66,12661917,12830497,-1.31,-,https://mopsov.twse.com.tw/nas/t21/sii/t21sc03_105_8_0.html,2026-10-09T16:18:21+0900
2016.09,2368,金像電,sii,1626575,1830794,1652466,-11.15,-1.56,14288493,14482963,-1.34,-,https://mopsov.twse.com.tw/nas/t21/sii/t21sc03_105_9_0.html,2026-10-09T16:18:21+0900
2016.10,2368,金像電,sii,1757929,1626575,1655123,8.07,6.21,15875575,16138086,-1.62,-,https://mopsov.twse.com.tw/nas/t21/sii/t21sc03_105_10_0.html,2026-10-09T16:18:21+0900
2016.11,2368,金像電,sii,1771125,1757929,1559172,0.75,13.59,17646700,17697258,-0.28,-,https://mopsov.twse.com.tw/nas/t21/sii/t21sc03_105_11_0.html,2026-10-09T16:18:21+0900
2016.12,2368,金像電,sii,1645719,1771125,1443849,-7.08,13.98,19292420,19141107,0.79,-,https://mopsov.twse.com.tw/nas/t21/sii/t21sc03_105_12_0.html,2026-10-09T16:18:21+0900
2017.01,2368,金像電,sii,1412079,1645719,1437911,-14.19,-1.79,1412079,1437911,-1.79,-,https://mopsov.twse.com.tw/nas/t21/sii/t21sc03_106_1_0.html,2026-10-09T16:18:21+0900
2017.02,2368,金像電,sii,1400959,1412079,1018718,-0.78,37.52,2813038,2456630,14.50,-,https://mopsov.twse.com.tw/nas/t21/sii/t21sc03_106_2_0.html,2026-10-09T16:18:21+0900
2017.03,2368,金像電,sii,1563028,1400959,1477336,11.56,5.80,4376066,3933966,11.23,-,https://mopsov.twse.com.tw/nas/t21/sii/t21sc03_106_3_0.html,2026-10-09T16:18:21+0900
2017.04,2368,金像電,sii,1483488,1563028,1475473,-5.08,0.54,5859554,5409439,8.32,-,https://mopsov.twse.com.tw/nas/t21/sii/t21sc03_106_4_0.html,2026-10-09T16:18:21+0900
2017.05,2368,金像電,sii,1603892,1483488,1683174,8.11,-4.71,7463446,7092613,5.22,-,https://mopsov.twse.com.tw/nas/t21/sii/t21sc03_106_5_0.html,2026-10-09T16:18:21+0900
2017.06,2368,金像電,sii,1681314,1603892,1600826,4.82,5.02,9144760,8963440,2.02,-,https://mopsov.twse.com.tw/nas/t21/sii/t21sc03_106_6_0.html,2026-10-09T16:18:21+0900
2017.07,2368,金像電,sii,1696287,1681314,1966838,0.89,-13.75,10841047,10660278,1.69,-,https://mopsov.twse.com.tw/nas/t21/sii/t21sc03_106_7_0.html,2026-10-09T16:18:21+0900
2017.08,2368,金像電,sii,1617759,1696287,1830794,-4.62,-11.63,12458806,12491071,-0.25,-,https://mopsov.twse.com.tw/nas/t21/sii/t21sc03_106_8_0.html,2026-10-09T16:18:21+0900
2017.09,2368,金像電,sii,1755347,1617759,1582759,8.50,10.90,14214152,14073830,0.99,-,https://mopsov.twse.com.tw/nas/t21/sii/t21sc03_106_9_0.html,2026-10-09T16:18:21+0900
2017.10,2368,金像電,sii,1576673,1755347,1757929,-10.17,-10.31,15790826,15831759,-0.25,-,https://mopsov.twse.com.tw/nas/t21/sii/t21sc03_106_10_0.html,2026-10-09T16:18:21+0900
2017.11,2368,金像電,sii,1710841,1576673,1771125,8.50,-3.40,17501667,17602884,-0.57,-,https://mopsov.twse.com.tw/nas/t21/sii/t21sc03_106_11_0.html,2026-10-09T16:18:21+0900
2017.12,2368,金像電,sii,1621884,1710841,1593312,-5.19,1.79,19123551,19196196,-0.37,-,https://mopsov.twse.com.tw/nas/t21/sii/t21sc03_106_12_0.html,2026-10-09T16:18:21+0900
2018.01,2368,金像電,sii,1659262,1621884,1412079,2.30,17.50,1659262,1412079,17.50,-,https://mopsov.twse.com.tw/nas/t21/sii/t21sc03_107_1_0.html,2026-10-09T16:18:21+0900
2018.02,2368,金像電,sii,1334536,1659262,1400959,-19.57,-4.74,2993798,2813038,6.42,-,https://mopsov.twse.com.tw/nas/t21/sii/t21sc03_107_2_0.html,2026-10-09T16:18:21+0900
2018.03,2368,金像電,sii,1684855,1334536,1509114,26.25,11.64,4678653,4322152,8.24,-,https://mopsov.twse.com.tw/nas/t21/sii/t21sc03_107_3_0.html,2026-10-09T16:18:21+0900
2018.04,2368,金像電,sii,1688652,1684855,1483488,0.22,13.82,6367305,5859554,8.66,-,https://mopsov.twse.com.tw/nas/t21/sii/t21sc03_107_4_0.html,2026-10-09T16:18:21+0900
2018.05,2368,金像電,sii,1738893,1688652,1603892,2.97,8.41,8106197,7463446,8.61,-,https://mopsov.twse.com.tw/nas/t21/sii/t21sc03_107_5_0.html,2026-10-09T16:18:21+0900
2018.06,2368,金像電,sii,1698608,1738893,1635502,-2.31,3.85,9804805,9098948,7.75,-,https://mopsov.twse.com.tw/nas/t21/sii/t21sc03_107_6_0.html,2026-10-09T16:18:21+0900
2018.07,2368,金像電,sii,1957585,1698608,1696287,15.24,15.40,11762390,10841047,8.49,-,https://mopsov.twse.com.tw/nas/t21/sii/t21sc03_107_7_0.html,2026-10-09T16:18:21+0900
2018.08,2368,金像電,sii,1923774,1957585,1617759,-1.72,18.91,13686163,12225821,11.94,-,https://mopsov.twse.com.tw/nas/t21/sii/t21sc03_107_8_0.html,2026-10-09T16:18:21+0900
2018.09,2368,金像電,sii,1851234,1923774,1795053,-3.77,3.12,15537397,14253858,9.00,-,https://mopsov.twse.com.tw/nas/t21/sii/t21sc03_107_9_0.html,2026-10-09T16:18:21+0900
2018.10,2368,金像電,sii,1764750,1851234,1536967,-4.67,14.82,17302148,15790826,9.57,-,https://mopsov.twse.com.tw/nas/t21/sii/t21sc03_107_10_0.html,2026-10-09T16:18:21+0900
2018.11,2368,金像電,sii,1704478,1764750,1710841,-3.41,-0.37,19006626,17501667,8.59,-,https://mopsov.twse.com.tw/nas/t21/sii/t21sc03_107_11_0.html,2026-10-09T16:18:21+0900
2018.12,2368,金像電,sii,1600715,1704478,1664453,-6.08,-3.82,20607340,19166120,7.51,-,https://mopsov.twse.com.tw/nas/t21/sii/t21sc03_107_12_0.html,2026-10-09T16:18:21+0900
2019.01,2368,金像電,sii,1711375,1600715,1659262,6.91,3.14,1711375,1659262,3.14,-,https://mopsov.twse.com.tw/nas/t21/sii/t21sc03_108_1_0.html,2026-10-09T16:18:21+0900
2019.02,2368,金像電,sii,1122486,1711375,1334536,-34.41,-15.88,2833860,2993798,-5.34,-,https://mopsov.twse.com.tw/nas/t21/sii/t21sc03_108_2_0.html,2026-10-09T16:18:21+0900
2019.03,2368,金像電,sii,1508154,1122486,1684855,34.35,-10.48,4342014,4678653,-7.19,-,https://mopsov.twse.com.tw/nas/t21/sii/t21sc03_108_3_0.html,2026-10-09T16:18:21+0900
2019.04,2368,金像電,sii,1346241,1508154,1688652,-10.73,-20.27,5688256,6367305,-10.66,-,https://mopsov.twse.com.tw/nas/t21/sii/t21sc03_108_4_0.html,2026-10-09T16:18:21+0900
2019.05,2368,金像電,sii,1374362,1346241,1738893,2.08,-20.96,7062618,8106197,-12.87,-,https://mopsov.twse.com.tw/nas/t21/sii/t21sc03_108_5_0.html,2026-10-09T16:18:21+0900
2019.06,2368,金像電,sii,1545898,1374362,1698608,12.48,-8.99,8608516,9804805,-12.20,-,https://mopsov.twse.com.tw/nas/t21/sii/t21sc03_108_6_0.html,2026-10-09T16:18:21+0900
2019.07,2368,金像電,sii,1532168,1545898,1957585,-0.88,-21.73,10140683,11762390,-13.78,-,https://mopsov.twse.com.tw/nas/t21/sii/t21sc03_108_7_0.html,2026-10-09T16:18:21+0900
2019.08,2368,金像電,sii,1547274,1532168,1923774,0.98,-19.57,11687958,13686163,-14.60,-,https://mopsov.twse.com.tw/nas/t21/sii/t21sc03_108_8_0.html,2026-10-09T16:18:21+0900
2019.09,2368,金像電,sii,1711480,1547274,1851234,10.61,-7.54,13399438,15537397,-13.76,-,https://mopsov.twse.com.tw/nas/t21/sii/t21sc03_108_9_0.html,2026-10-09T16:18:21+0900
2019.10,2368,金像電,sii,1753220,1711480,1764750,2.43,-0.65,15152657,17302148,-12.42,-,https://mopsov.twse.com.tw/nas/t21/sii/t21sc03_108_10_0.html,2026-10-09T16:18:21+0900
2019.11,2368,金像電,sii,1838886,1753220,1704478,4.88,7.88,16991544,19006626,-10.60,-,https://mopsov.twse.com.tw/nas/t21/sii/t21sc03_108_11_0.html,2026-10-09T16:18:21+0900
2019.12,2368,金像電,sii,2028342,1838886,1589793,10.30,27.58,19019886,20596419,-7.65,-,https://mopsov.twse.com.tw/nas/t21/sii/t21sc03_108_12_0.html,2026-10-09T16:18:21+0900
2020.01,2368,金像電,sii,1445719,2028342,1711375,-28.72,-15.52,1445719,1711375,-15.52,-,https://mopsov.twse.com.tw/nas/t21/sii/t21sc03_109_1_0.html,2026-10-09T16:18:21+0900
2020.02,2368,金像電,sii,1669437,1445719,1122486,15.47,48.72,3115156,2833860,9.92,-,https://mopsov.twse.com.tw/nas/t21/sii/t21sc03_109_2_0.html,2026-10-09T16:18:21+0900
2020.03,2368,金像電,sii,1946745,1669437,1508154,16.61,29.08,5061901,4342014,16.57,-,https://mopsov.twse.com.tw/nas/t21/sii/t21sc03_109_3_0.html,2026-10-09T16:18:21+0900
2020.04,2368,金像電,sii,2233286,1946745,1346241,14.71,65.89,7295187,5688256,28.24,全球疫情影響，居家辦公及遠距教學帶動伺服器及筆電需求成長,https://mopsov.twse.com.tw/nas/t21/sii/t21sc03_109_4_0.html,2026-10-09T16:18:21+0900
2020.05,2368,金像電,sii,2145345,2233286,1374362,-3.93,56.09,9440533,7062618,33.66,全球疫情影響，居家辦公及遠距教學帶動伺服器及筆電需求成長,https://mopsov.twse.com.tw/nas/t21/sii/t21sc03_109_5_0.html,2026-10-09T16:18:21+0900
2020.06,2368,金像電,sii,1944573,2145345,1545898,-9.35,25.78,11385106,8608516,32.25,-,https://mopsov.twse.com.tw/nas/t21/sii/t21sc03_109_6_0.html,2026-10-09T16:18:21+0900
2020.07,2368,金像電,sii,2147302,1944573,1532168,10.42,40.14,13532407,10140683,33.44,-,https://mopsov.twse.com.tw/nas/t21/sii/t21sc03_109_7_0.html,2026-10-09T16:18:21+0900
2020.08,2368,金像電,sii,2196404,2147302,1547274,2.28,41.95,15728812,11687958,34.57,-,https://mopsov.twse.com.tw/nas/t21/sii/t21sc03_109_8_0.html,2026-10-09T16:18:21+0900
2020.09,2368,金像電,sii,2066798,2196404,1711480,-5.90,20.76,17795609,13399438,32.80,-,https://mopsov.twse.com.tw/nas/t21/sii/t21sc03_109_9_0.html,2026-10-09T16:18:21+0900
2020.10,2368,金像電,sii,1792222,2066798,1753220,-13.28,2.22,19587831,15152657,29.26,-,https://mopsov.twse.com.tw/nas/t21/sii/t21sc03_109_10_0.html,2026-10-09T16:18:21+0900
2020.11,2368,金像電,sii,1854114,1792222,1838886,3.45,0.82,21441945,16991544,26.19,-,https://mopsov.twse.com.tw/nas/t21/sii/t21sc03_109_11_0.html,2026-10-09T16:18:21+0900
2020.12,2368,金像電,sii,1950808,1854114,2028342,5.21,-3.82,23392753,19019886,22.99,-,https://mopsov.twse.com.tw/nas/t21/sii/t21sc03_109_12_0.html,2026-10-09T16:18:21+0900
2021.01,2368,金像電,sii,2050494,1950808,1445719,5.10,41.83,2050494,1445719,41.83,-,https://mopsov.twse.com.tw/nas/t21/sii/t21sc03_110_1_0.html,2026-10-09T16:18:21+0900
2021.02,2368,金像電,sii,1569582,2050494,1669437,-23.45,-5.98,3620076,3115156,16.20,-,https://mopsov.twse.com.tw/nas/t21/sii/t21sc03_110_2_0.html,2026-10-09T16:18:21+0900
2021.03,2368,金像電,sii,2164805,1569582,1946745,37.92,11.20,5784881,5061901,14.28,-,https://mopsov.twse.com.tw/nas/t21/sii/t21sc03_110_3_0.html,2026-10-09T16:18:21+0900
2021.04,2368,金像電,sii,2128600,2164805,2233286,-1.67,-4.68,7913481,7295187,8.47,-,https://mopsov.twse.com.tw/nas/t21/sii/t21sc03_110_4_0.html,2026-10-09T16:18:21+0900
2021.05,2368,金像電,sii,2222799,2128600,2145345,4.42,3.61,10136280,9440533,7.36,-,https://mopsov.twse.com.tw/nas/t21/sii/t21sc03_110_5_0.html,2026-10-09T16:18:21+0900
2021.06,2368,金像電,sii,2028098,2222799,1944573,-8.75,4.29,12164378,11385106,6.84,-,https://mopsov.twse.com.tw/nas/t21/sii/t21sc03_110_6_0.html,2026-10-09T16:18:21+0900
2021.07,2368,金像電,sii,2318359,2028098,2147302,14.31,7.96,14482736,13532407,7.02,-,https://mopsov.twse.com.tw/nas/t21/sii/t21sc03_110_7_0.html,2026-10-09T16:18:21+0900
2021.08,2368,金像電,sii,2444041,2318359,2196404,5.42,11.27,16926777,15728812,7.61,-,https://mopsov.twse.com.tw/nas/t21/sii/t21sc03_110_8_0.html,2026-10-09T16:18:21+0900
2021.09,2368,金像電,sii,2305843,2444041,2066798,-5.65,11.56,19232620,17795609,8.07,-,https://mopsov.twse.com.tw/nas/t21/sii/t21sc03_110_9_0.html,2026-10-09T16:18:21+0900
2021.10,2368,金像電,sii,2367977,2305843,1792222,2.69,32.12,21600598,19587831,10.27,-,https://mopsov.twse.com.tw/nas/t21/sii/t21sc03_110_10_0.html,2026-10-09T16:18:21+0900
2021.11,2368,金像電,sii,2575231,2367977,1854114,8.75,38.89,24175829,21441945,12.75,-,https://mopsov.twse.com.tw/nas/t21/sii/t21sc03_110_11_0.html,2026-10-09T16:18:21+0900
2021.12,2368,金像電,sii,2442409,2575231,1950808,-5.15,25.19,26618238,23392753,13.78,-,https://mopsov.twse.com.tw/nas/t21/sii/t21sc03_110_12_0.html,2026-10-09T16:18:21+0900
2022.01,2368,金像電,sii,2430382,2442409,2050494,-0.49,18.52,2430382,2050494,18.52,-,https://mopsov.twse.com.tw/nas/t21/sii/t21sc03_111_1_0.html,2026-10-09T15:39:43+0900
2022.02,2368,金像電,sii,2158842,2430382,1569582,-11.17,37.54,4589223,3620076,26.77,-,https://mopsov.twse.com.tw/nas/t21/sii/t21sc03_111_2_0.html,2026-10-09T15:39:43+0900
2022.03,2368,金像電,sii,2629456,2158842,2164805,21.79,21.46,7218680,5784881,24.78,-,https://mopsov.twse.com.tw/nas/t21/sii/t21sc03_111_3_0.html,2026-10-09T15:39:43+0900
2022.04,2368,金像電,sii,2544437,2629456,2128600,-3.23,19.53,9763116,7913481,23.37,-,https://mopsov.twse.com.tw/nas/t21/sii/t21sc03_111_4_0.html,2026-10-09T15:39:43+0900
2022.05,2368,金像電,sii,3056457,2544437,2222799,20.12,37.50,12819573,10136280,26.47,-,https://mopsov.twse.com.tw/nas/t21/sii/t21sc03_111_5_0.html,2026-10-09T15:39:43+0900
2022.06,2368,金像電,sii,2909277,3056457,2028098,-4.81,43.44,15728850,12164378,29.30,-,https://mopsov.twse.com.tw/nas/t21/sii/t21sc03_111_6_0.html,2026-10-09T15:39:43+0900
2022.07,2368,金像電,sii,2667513,2909277,2318359,-8.31,15.06,18396362,14482736,27.02,-,https://mopsov.twse.com.tw/nas/t21/sii/t21sc03_111_7_0.html,2026-10-09T15:39:43+0900
2022.08,2368,金像電,sii,2960443,2667513,2444041,10.98,21.12,21356806,16926777,26.17,-,https://mopsov.twse.com.tw/nas/t21/sii/t21sc03_111_8_0.html,2026-10-09T15:39:43+0900
2022.09,2368,金像電,sii,2977499,2960443,2305843,0.57,29.12,24334305,19232620,26.52,-,https://mopsov.twse.com.tw/nas/t21/sii/t21sc03_111_9_0.html,2026-10-09T15:39:43+0900
2022.10,2368,金像電,sii,2982689,2977499,2367977,0.17,25.95,27316994,21600598,26.46,-,https://mopsov.twse.com.tw/nas/t21/sii/t21sc03_111_10_0.html,2026-10-09T15:39:43+0900
2022.11,2368,金像電,sii,2910006,2982689,2575231,-2.43,12.99,30227000,24175829,25.02,-,https://mopsov.twse.com.tw/nas/t21/sii/t21sc03_111_11_0.html,2026-10-09T15:39:43+0900
2022.12,2368,金像電,sii,2607969,2910006,2442409,-10.37,6.77,32834969,26618238,23.35,-,https://mopsov.twse.com.tw/nas/t21/sii/t21sc03_111_12_0.html,2026-10-09T15:39:43+0900
2023.01,2368,金像電,sii,2014987,2607969,2430382,-22.73,-17.09,2014987,2430382,-17.09,-,https://mopsov.twse.com.tw/nas/t21/sii/t21sc03_112_1_0.html,2026-10-09T15:39:43+0900
2023.02,2368,金像電,sii,1886089,2014987,2158842,-6.39,-12.63,3901076,4589223,-14.99,-,https://mopsov.twse.com.tw/nas/t21/sii/t21sc03_112_2_0.html,2026-10-09T15:39:43+0900
2023.03,2368,金像電,sii,2411281,1886089,2629456,27.84,-8.29,6312356,7218680,-12.55,-,https://mopsov.twse.com.tw/nas/t21/sii/t21sc03_112_3_0.html,2026-10-09T15:39:43+0900
2023.04,2368,金像電,sii,2380168,2411281,2544437,-1.29,-6.45,8692524,9763116,-10.96,-,https://mopsov.twse.com.tw/nas/t21/sii/t21sc03_112_4_0.html,2026-10-09T15:39:43+0900
2023.05,2368,金像電,sii,2304981,2380168,3056457,-3.15,-24.58,10997505,12819573,-14.21,-,https://mopsov.twse.com.tw/nas/t21/sii/t21sc03_112_5_0.html,2026-10-09T15:39:43+0900
2023.06,2368,金像電,sii,2293656,2304981,2909277,-0.49,-21.16,13291162,15728850,-15.49,-,https://mopsov.twse.com.tw/nas/t21/sii/t21sc03_112_6_0.html,2026-10-09T15:39:43+0900
2023.07,2368,金像電,sii,2618597,2293656,2667513,14.16,-1.83,15909758,18396362,-13.51,-,https://mopsov.twse.com.tw/nas/t21/sii/t21sc03_112_7_0.html,2026-10-09T15:39:43+0900
2023.08,2368,金像電,sii,2749636,2618597,2960443,5.00,-7.12,18659395,21356806,-12.63,-,https://mopsov.twse.com.tw/nas/t21/sii/t21sc03_112_8_0.html,2026-10-09T15:39:43+0900
2023.09,2368,金像電,sii,2854546,2749636,2977499,3.81,-4.12,21513941,24334305,-11.59,-,https://mopsov.twse.com.tw/nas/t21/sii/t21sc03_112_9_0.html,2026-10-09T15:39:43+0900
2023.10,2368,金像電,sii,2952286,2854546,2982689,3.42,-1.01,24466227,27316994,-10.43,-,https://mopsov.twse.com.tw/nas/t21/sii/t21sc03_112_10_0.html,2026-10-09T15:39:43+0900
2023.11,2368,金像電,sii,3022816,2952286,2910006,2.38,3.87,27489042,30227000,-9.05,-,https://mopsov.twse.com.tw/nas/t21/sii/t21sc03_112_11_0.html,2026-10-09T15:39:43+0900
2023.12,2368,金像電,sii,2579324,3022816,2607969,-14.67,-1.09,30068366,32834969,-8.42,-,https://mopsov.twse.com.tw/nas/t21/sii/t21sc03_112_12_0.html,2026-10-09T15:39:43+0900
2024.01,2368,金像電,sii,3404058,2579324,2014987,31.97,68.93,3404058,2014987,68.93,接單量增加,https://mopsov.twse.com.tw/nas/t21/sii/t21sc03_113_1_0.html,2026-10-09T15:39:43+0900
2024.02,2368,金像電,sii,2621670,3404058,1886089,-22.98,39.00,6025728,3901076,54.46,接單量增加,https://mopsov.twse.com.tw/nas/t21/sii/t21sc03_113_2_0.html,2026-10-09T15:39:43+0900
2024.03,2368,金像電,sii,2995750,2621670,2411281,14.26,24.23,9021479,6312356,42.91,-,https://mopsov.twse.com.tw/nas/t21/sii/t21sc03_113_3_0.html,2026-10-09T15:39:43+0900
2024.04,2368,金像電,sii,2947257,2995750,2380168,-1.61,23.82,11968736,8692524,37.68,-,https://mopsov.twse.com.tw/nas/t21/sii/t21sc03_113_4_0.html,2026-10-09T15:39:43+0900
2024.05,2368,金像電,sii,3370290,2947257,2304981,14.35,46.21,15339025,10997505,39.47,-,https://mopsov.twse.com.tw/nas/t21/sii/t21sc03_113_5_0.html,2026-10-09T15:39:43+0900
2024.06,2368,金像電,sii,3171100,3370290,2293656,-5.91,38.25,18510125,13291162,39.26,-,https://mopsov.twse.com.tw/nas/t21/sii/t21sc03_113_6_0.html,2026-10-09T15:39:43+0900
2024.07,2368,金像電,sii,3535734,3171100,2618597,11.49,35.02,22045859,15909758,38.56,-,https://mopsov.twse.com.tw/nas/t21/sii/t21sc03_113_7_0.html,2026-10-09T15:39:43+0900
2024.08,2368,金像電,sii,3571863,3535734,2749636,1.02,29.90,25617721,18659395,37.29,-,https://mopsov.twse.com.tw/nas/t21/sii/t21sc03_113_8_0.html,2026-10-09T15:39:43+0900
2024.09,2368,金像電,sii,3333418,3571863,2854546,-6.67,16.77,28951140,21513941,34.56,-,https://mopsov.twse.com.tw/nas/t21/sii/t21sc03_113_9_0.html,2026-10-09T15:39:43+0900
2024.10,2368,金像電,sii,3064037,3333418,2952286,-8.08,3.78,32015177,24466227,30.85,-,https://mopsov.twse.com.tw/nas/t21/sii/t21sc03_113_10_0.html,2026-10-09T15:39:43+0900
2024.11,2368,金像電,sii,3179688,3064037,3022816,3.77,5.18,35194865,27489042,28.03,-,https://mopsov.twse.com.tw/nas/t21/sii/t21sc03_113_11_0.html,2026-10-09T15:39:43+0900
2024.12,2368,金像電,sii,3584929,3179688,2579324,12.74,38.98,38779794,30068366,28.97,-,https://mopsov.twse.com.tw/nas/t21/sii/t21sc03_113_12_0.html,2026-10-09T15:39:43+0900
2025.01,2368,金像電,sii,3569192,3584929,3404058,-0.43,4.85,3569192,3404058,4.85,-,https://mopsov.twse.com.tw/nas/t21/sii/t21sc03_114_1_0.html,2026-10-09T15:39:43+0900
2025.02,2368,金像電,sii,3860588,3569192,2621670,8.16,47.25,7429780,6025728,23.30,-,https://mopsov.twse.com.tw/nas/t21/sii/t21sc03_114_2_0.html,2026-10-09T15:39:43+0900
2025.03,2368,金像電,sii,4526585,3860588,2995750,17.25,51.10,11956364,9021479,32.53,接單量增加,https://mopsov.twse.com.tw/nas/t21/sii/t21sc03_114_3_0.html,2026-10-09T15:39:43+0900
2025.04,2368,金像電,sii,4601880,4526585,2947257,1.66,56.14,16558244,11968736,38.34,接單量增加,https://mopsov.twse.com.tw/nas/t21/sii/t21sc03_114_4_0.html,2026-10-09T15:39:43+0900
2025.05,2368,金像電,sii,4684086,4601880,3370290,1.78,38.98,21242331,15339025,38.48,-,https://mopsov.twse.com.tw/nas/t21/sii/t21sc03_114_5_0.html,2026-10-09T15:39:43+0900
2025.06,2368,金像電,sii,4631945,4684086,3171100,-1.11,46.06,25874276,18510125,39.78,-,https://mopsov.twse.com.tw/nas/t21/sii/t21sc03_114_6_0.html,2026-10-09T15:39:43+0900
2025.07,2368,金像電,sii,5645777,4631945,3535734,21.88,59.67,31520053,22045859,42.97,接單量增加,https://mopsov.twse.com.tw/nas/t21/sii/t21sc03_114_7_0.html,2026-10-09T15:39:43+0900
2025.08,2368,金像電,sii,5886997,5645777,3571863,4.27,64.81,37407050,25617721,46.02,接單量增加,https://mopsov.twse.com.tw/nas/t21/sii/t21sc03_114_8_0.html,2026-10-09T15:39:43+0900
2025.09,2368,金像電,sii,5994877,5886997,3333418,1.83,79.84,43401927,28951140,49.91,接單量增加,https://mopsov.twse.com.tw/nas/t21/sii/t21sc03_114_9_0.html,2026-10-09T15:39:43+0900
2025.10,2368,金像電,sii,5626636,5994877,3064037,-6.14,83.63,49028562,32015177,53.14,接單量增加,https://mopsov.twse.com.tw/nas/t21/sii/t21sc03_114_10_0.html,2026-10-09T15:39:43+0900
2025.11,2368,金像電,sii,5453347,5626636,3179688,-3.07,71.50,54481909,35194865,54.80,接單量增加,https://mopsov.twse.com.tw/nas/t21/sii/t21sc03_114_11_0.html,2026-10-09T15:39:43+0900
2025.12,2368,金像電,sii,5246301,5453347,3584929,-3.79,46.34,59728210,38779794,54.01,接單量增加,https://mopsov.twse.com.tw/nas/t21/sii/t21sc03_114_12_0.html,2026-10-09T15:39:43+0900
2026.01,2368,金像電,sii,6015659,5246301,3569192,14.66,68.54,6015659,3569192,68.54,接單量增加,https://mopsov.twse.com.tw/nas/t21/sii/t21sc03_115_1_0.html,2026-10-09T15:39:43+0900
2026.02,2368,金像電,sii,5941712,6015659,3860588,-1.22,53.90,11957370,7429780,60.93,接單量增加,https://mopsov.twse.com.tw/nas/t21/sii/t21sc03_115_2_0.html,2026-10-09T15:39:43+0900
2026.03,2368,金像電,sii,7384878,5941712,4526585,24.28,63.14,19342248,11956364,61.77,接單量增加,https://mopsov.twse.com.tw/nas/t21/sii/t21sc03_115_3_0.html,2026-10-09T15:39:43+0900
2026.04,2368,金像電,sii,7289761,7384878,4601880,-1.28,58.40,26632009,16558244,60.83,接單量增加,https://mopsov.twse.com.tw/nas/t21/sii/t21sc03_115_4_0.html,2026-10-09T15:39:43+0900
2026.05,2368,金像電,sii,8773229,7289761,4684086,20.35,87.29,35405238,21242331,66.67,接單量增加,https://mopsov.twse.com.tw/nas/t21/sii/t21sc03_115_5_0.html,2026-10-09T15:39:43+0900
2026.06,2368,金像電,sii,8255188,8773229,4631945,-5.90,78.22,43660426,25874276,68.74,接單量增加,https://mopsov.twse.com.tw/nas/t21/sii/t21sc03_115_6_0.html,2026-10-09T15:39:43+0900
2026.07,2368,金像電,sii,10014527,8255188,5645777,21.31,77.38,53674953,31520053,70.28,接單量增加,https://mopsov.twse.com.tw/nas/t21/sii/t21sc03_115_7_0.html,2026-10-09T16:18:21+0900
2026.08,2368,金像電,sii,10383971,10014527,5886997,3.68,76.38,64058925,37407050,71.24,接單量增加,https://mopsov.twse.com.tw/nas/t21/sii/t21sc03_115_8_0.html,2026-10-09T16:18:21+0900
2026.09,2368,金像電,sii,9319805,10383971,5994877,-10.24,55.46,73378730,43401927,69.06,接單量增加,https://mopsov.twse.com.tw/nas/t21/sii/t21sc03_115_9_0.html,2026-10-09T16:18:21+0900
2015.01,2382,廣達,sii,70127148,88842940,72037983,-21.06,-2.65,70127148,72037983,-2.65,-,https://mopsov.twse.com.tw/nas/t21/sii/t21sc03_104_1_0.html,2026-10-09T16:18:21+0900
2015.02,2382,廣達,sii,55015163,70127148,69320853,-21.54,-20.63,125142311,141358836,-11.47,-,https://mopsov.twse.com.tw/nas/t21/sii/t21sc03_104_2_0.html,2026-10-09T16:18:21+0900
2015.03,2382,廣達,sii,80051081,55015163,74475438,45.50,7.48,205193392,215834274,-4.93,-,https://mopsov.twse.com.tw/nas/t21/sii/t21sc03_104_3_0.html,2026-10-09T16:18:21+0900
2015.04,2382,廣達,sii,67522610,80051081,72586262,-15.65,-6.97,272716002,288420536,-5.44,-,https://mopsov.twse.com.tw/nas/t21/sii/t21sc03_104_4_0.html,2026-10-09T16:18:21+0900
2015.05,2382,廣達,sii,77033671,67522610,70114566,14.08,9.86,349749673,358535102,-2.45,-,https://mopsov.twse.com.tw/nas/t21/sii/t21sc03_104_5_0.html,2026-10-09T16:18:21+0900
2015.06,2382,廣達,sii,106452778,77033671,71803142,38.18,48.25,456202451,430338244,6.01,-,https://mopsov.twse.com.tw/nas/t21/sii/t21sc03_104_6_0.html,2026-10-09T16:18:21+0900
2015.07,2382,廣達,sii,83640045,106452778,77927545,-21.42,7.33,539842496,508265789,6.21,-,https://mopsov.twse.com.tw/nas/t21/sii/t21sc03_104_7_0.html,2026-10-09T16:18:21+0900
2015.08,2382,廣達,sii,90927621,83640045,81250639,8.71,11.91,630770117,589516428,6.99,-,https://mopsov.twse.com.tw/nas/t21/sii/t21sc03_104_8_0.html,2026-10-09T16:18:21+0900
2015.09,2382,廣達,sii,101329571,90927621,85154583,11.43,18.99,732099688,674671011,8.51,-,https://mopsov.twse.com.tw/nas/t21/sii/t21sc03_104_9_0.html,2026-10-09T16:18:21+0900
2015.10,2382,廣達,sii,89858088,101329571,81983317,-11.32,9.60,821957776,756654328,8.63,-,https://mopsov.twse.com.tw/nas/t21/sii/t21sc03_104_10_0.html,2026-10-09T16:18:21+0900
2015.11,2382,廣達,sii,87928304,89858088,80830388,-2.14,8.78,909886080,837484716,8.64,-,https://mopsov.twse.com.tw/nas/t21/sii/t21sc03_104_11_0.html,2026-10-09T16:18:21+0900
2015.12,2382,廣達,sii,97388763,87928304,88842940,10.75,9.61,1007274843,926327656,8.73,-,https://mopsov.twse.com.tw/nas/t21/sii/t21sc03_104_12_0.html,2026-10-09T16:18:21+0900
2016.01,2382,廣達,sii,60073198,97388763,70127148,-38.31,-14.33,60073198,70127148,-14.33,-,https://mopsov.twse.com.tw/nas/t21/sii/t21sc03_105_1_0.html,2026-10-09T16:18:21+0900
2016.02,2382,廣達,sii,62109312,60073198,55015163,3.38,12.89,122182510,125142311,-2.36,-,https://mopsov.twse.com.tw/nas/t21/sii/t21sc03_105_2_0.html,2026-10-09T16:18:21+0900
2016.03,2382,廣達,sii,75180285,62109312,80051081,21.04,-6.08,197362795,205193392,-3.81,-,https://mopsov.twse.com.tw/nas/t21/sii/t21sc03_105_3_0.html,2026-10-09T16:18:21+0900
2016.04,2382,廣達,sii,68181633,75180285,67522610,-9.30,0.97,265544428,272716002,-2.62,-,https://mopsov.twse.com.tw/nas/t21/sii/t21sc03_105_4_0.html,2026-10-09T16:18:21+0900
2016.05,2382,廣達,sii,70047516,68181633,77033671,2.73,-9.06,335591944,349749673,-4.04,-,https://mopsov.twse.com.tw/nas/t21/sii/t21sc03_105_5_0.html,2026-10-09T16:18:21+0900
2016.06,2382,廣達,sii,69445711,70047516,106452778,-0.85,-34.76,405037655,456202451,-11.21,-,https://mopsov.twse.com.tw/nas/t21/sii/t21sc03_105_6_0.html,2026-10-09T16:18:21+0900
2016.07,2382,廣達,sii,72178445,69445711,83640045,3.93,-13.70,477216100,539842496,-11.60,-,https://mopsov.twse.com.tw/nas/t21/sii/t21sc03_105_7_0.html,2026-10-09T16:18:21+0900
2016.08,2382,廣達,sii,72929361,72178445,90927621,1.04,-19.79,550145461,630770117,-12.78,-,https://mopsov.twse.com.tw/nas/t21/sii/t21sc03_105_8_0.html,2026-10-09T16:18:21+0900
2016.09,2382,廣達,sii,78591591,72929361,101329571,7.76,-22.43,628737052,732099688,-14.11,-,https://mopsov.twse.com.tw/nas/t21/sii/t21sc03_105_9_0.html,2026-10-09T16:18:21+0900
2016.10,2382,廣達,sii,67738570,78591591,89858088,-13.80,-24.61,696475622,821957776,-15.26,-,https://mopsov.twse.com.tw/nas/t21/sii/t21sc03_105_10_0.html,2026-10-09T16:18:21+0900
2016.11,2382,廣達,sii,92546556,67738570,87928304,36.62,5.25,789022178,909886080,-13.28,-,https://mopsov.twse.com.tw/nas/t21/sii/t21sc03_105_11_0.html,2026-10-09T16:18:21+0900
2016.12,2382,廣達,sii,104969547,92546556,97388763,13.42,7.78,893991725,1007274843,-11.24,-,https://mopsov.twse.com.tw/nas/t21/sii/t21sc03_105_12_0.html,2026-10-09T16:18:21+0900
2017.01,2382,廣達,sii,79962117,104969547,60073198,-23.82,33.10,79962117,60073198,33.10,-,https://mopsov.twse.com.tw/nas/t21/sii/t21sc03_106_1_0.html,2026-10-09T16:18:21+0900
2017.02,2382,廣達,sii,74144824,79962117,62109312,-7.27,19.37,154106941,122182510,26.12,-,https://mopsov.twse.com.tw/nas/t21/sii/t21sc03_106_2_0.html,2026-10-09T16:18:21+0900
2017.03,2382,廣達,sii,73808939,74144824,75180285,-0.45,-1.82,227915880,197362795,15.48,-,https://mopsov.twse.com.tw/nas/t21/sii/t21sc03_106_3_0.html,2026-10-09T16:18:21+0900
2017.04,2382,廣達,sii,69189930,73808939,68181633,-6.25,1.47,297105810,265544428,11.88,-,https://mopsov.twse.com.tw/nas/t21/sii/t21sc03_106_4_0.html,2026-10-09T16:18:21+0900
2017.05,2382,廣達,sii,74310437,69189930,70047516,7.40,6.08,371416247,335591944,10.67,-,https://mopsov.twse.com.tw/nas/t21/sii/t21sc03_106_5_0.html,2026-10-09T16:18:21+0900
2017.06,2382,廣達,sii,91864639,74310437,69445711,23.62,32.28,463280886,405037655,14.37,-,https://mopsov.twse.com.tw/nas/t21/sii/t21sc03_106_6_0.html,2026-10-09T16:18:21+0900
2017.07,2382,廣達,sii,85959858,91864639,72178445,-6.42,19.09,549240744,477216100,15.09,-,https://mopsov.twse.com.tw/nas/t21/sii/t21sc03_106_7_0.html,2026-10-09T16:18:21+0900
2017.08,2382,廣達,sii,91243288,85959858,72929361,6.14,25.11,640484032,550145461,16.42,-,https://mopsov.twse.com.tw/nas/t21/sii/t21sc03_106_8_0.html,2026-10-09T16:18:21+0900
2017.09,2382,廣達,sii,98980367,91243288,78591591,8.47,25.94,739464399,628737052,17.61,-,https://mopsov.twse.com.tw/nas/t21/sii/t21sc03_106_9_0.html,2026-10-09T16:18:21+0900
2017.10,2382,廣達,sii,100465732,98980367,67738570,1.50,48.31,839930131,696475622,20.59,-,https://mopsov.twse.com.tw/nas/t21/sii/t21sc03_106_10_0.html,2026-10-09T16:18:21+0900
2017.11,2382,廣達,sii,94710534,100465732,92546556,-5.72,2.33,934640665,789022178,18.45,-,https://mopsov.twse.com.tw/nas/t21/sii/t21sc03_106_11_0.html,2026-10-09T16:18:21+0900
2017.12,2382,廣達,sii,86740848,94710534,104969547,-8.41,-17.36,1021381513,893991725,14.24,-,https://mopsov.twse.com.tw/nas/t21/sii/t21sc03_106_12_0.html,2026-10-09T16:18:21+0900
2018.01,2382,廣達,sii,84784358,86740848,79962117,-2.25,6.03,84784358,79962117,6.03,-,https://mopsov.twse.com.tw/nas/t21/sii/t21sc03_107_1_0.html,2026-10-09T16:18:21+0900
2018.02,2382,廣達,sii,64293676,84784358,74144824,-24.16,-13.28,149078034,154106941,-3.26,-,https://mopsov.twse.com.tw/nas/t21/sii/t21sc03_107_2_0.html,2026-10-09T16:18:21+0900
2018.03,2382,廣達,sii,71849616,64293676,73808939,11.75,-2.65,220927650,227915880,-3.06,-,https://mopsov.twse.com.tw/nas/t21/sii/t21sc03_107_3_0.html,2026-10-09T16:18:21+0900
2018.04,2382,廣達,sii,69242981,71849616,69189930,-3.62,0.07,290170631,297105810,-2.33,-,https://mopsov.twse.com.tw/nas/t21/sii/t21sc03_107_4_0.html,2026-10-09T16:18:21+0900
2018.05,2382,廣達,sii,73233165,69242981,74310437,5.76,-1.44,363403796,371416247,-2.15,-,https://mopsov.twse.com.tw/nas/t21/sii/t21sc03_107_5_0.html,2026-10-09T16:18:21+0900
2018.06,2382,廣達,sii,65750707,73233165,91864639,-10.21,-28.42,429154503,463280886,-7.36,-,https://mopsov.twse.com.tw/nas/t21/sii/t21sc03_107_6_0.html,2026-10-09T16:18:21+0900
2018.07,2382,廣達,sii,89646221,65750707,85959858,36.34,4.28,518800724,549240744,-5.54,-,https://mopsov.twse.com.tw/nas/t21/sii/t21sc03_107_7_0.html,2026-10-09T16:18:21+0900
2018.08,2382,廣達,sii,99320156,89646221,91243288,10.79,8.85,618120880,640484032,-3.49,-,https://mopsov.twse.com.tw/nas/t21/sii/t21sc03_107_8_0.html,2026-10-09T16:18:21+0900
2018.09,2382,廣達,sii,93185972,99320156,98980367,-6.17,-5.85,711306852,739464399,-3.80,-,https://mopsov.twse.com.tw/nas/t21/sii/t21sc03_107_9_0.html,2026-10-09T16:18:21+0900
2018.10,2382,廣達,sii,103206520,93185972,100465732,10.75,2.72,814513372,839930131,-3.02,-,https://mopsov.twse.com.tw/nas/t21/sii/t21sc03_107_10_0.html,2026-10-09T16:18:21+0900
2018.11,2382,廣達,sii,110820014,103206520,94710534,7.37,17.00,925333386,934640665,-0.99,-,https://mopsov.twse.com.tw/nas/t21/sii/t21sc03_107_11_0.html,2026-10-09T16:18:21+0900
2018.12,2382,廣達,sii,102657652,110820014,86740848,-7.36,18.34,1027991038,1021381513,0.64,-,https://mopsov.twse.com.tw/nas/t21/sii/t21sc03_107_12_0.html,2026-10-09T16:18:21+0900
2019.01,2382,廣達,sii,84925212,102657652,84784358,-17.27,0.16,84925212,84784358,0.16,-,https://mopsov.twse.com.tw/nas/t21/sii/t21sc03_108_1_0.html,2026-10-09T16:18:21+0900
2019.02,2382,廣達,sii,62862271,84925212,64293676,-25.97,-2.22,147787483,149078034,-0.86,-,https://mopsov.twse.com.tw/nas/t21/sii/t21sc03_108_2_0.html,2026-10-09T16:18:21+0900
2019.03,2382,廣達,sii,73542812,62862271,71849616,16.99,2.35,221330295,220927650,0.18,-,https://mopsov.twse.com.tw/nas/t21/sii/t21sc03_108_3_0.html,2026-10-09T16:18:21+0900
2019.04,2382,廣達,sii,78126788,73542812,69242981,6.23,12.82,299457083,290170631,3.20,-,https://mopsov.twse.com.tw/nas/t21/sii/t21sc03_108_4_0.html,2026-10-09T16:18:21+0900
2019.05,2382,廣達,sii,88677935,78126788,73233165,13.50,21.08,388135018,363403796,6.80,-,https://mopsov.twse.com.tw/nas/t21/sii/t21sc03_108_5_0.html,2026-10-09T16:18:21+0900
2019.06,2382,廣達,sii,78935998,88677935,65750707,-10.98,20.05,467071016,429154503,8.83,-,https://mopsov.twse.com.tw/nas/t21/sii/t21sc03_108_6_0.html,2026-10-09T16:18:21+0900
2019.07,2382,廣達,sii,82994433,78935998,89646221,5.14,-7.42,550065449,518800724,6.02,-,https://mopsov.twse.com.tw/nas/t21/sii/t21sc03_108_7_0.html,2026-10-09T16:18:21+0900
2019.08,2382,廣達,sii,91868918,82994433,99320156,10.69,-7.50,641934367,618120880,3.85,-,https://mopsov.twse.com.tw/nas/t21/sii/t21sc03_108_8_0.html,2026-10-09T16:18:21+0900
2019.09,2382,廣達,sii,90278563,91868918,93185972,-1.73,-3.12,732212930,711306852,2.93,-,https://mopsov.twse.com.tw/nas/t21/sii/t21sc03_108_9_0.html,2026-10-09T16:18:21+0900
2019.10,2382,廣達,sii,95753560,90278563,103206520,6.06,-7.22,827966490,814513372,1.65,-,https://mopsov.twse.com.tw/nas/t21/sii/t21sc03_108_10_0.html,2026-10-09T16:18:21+0900
2019.11,2382,廣達,sii,108749736,95753560,110820014,13.57,-1.86,936716226,925333386,1.23,-,https://mopsov.twse.com.tw/nas/t21/sii/t21sc03_108_11_0.html,2026-10-09T16:18:21+0900
2019.12,2382,廣達,sii,92881861,108749736,102657652,-14.59,-9.52,1029598087,1027991038,0.15,-,https://mopsov.twse.com.tw/nas/t21/sii/t21sc03_108_12_0.html,2026-10-09T16:18:21+0900
2020.01,2382,廣達,sii,62958366,92881861,84925212,-32.21,-25.86,62958366,84925212,-25.86,-,https://mopsov.twse.com.tw/nas/t21/sii/t21sc03_109_1_0.html,2026-10-09T16:18:21+0900
2020.02,2382,廣達,sii,49194067,62958366,62862271,-21.86,-21.74,112152433,147787483,-24.11,-,https://mopsov.twse.com.tw/nas/t21/sii/t21sc03_109_2_0.html,2026-10-09T16:18:21+0900
2020.03,2382,廣達,sii,78111605,49194067,73542812,58.78,6.21,190264038,221330295,-14.03,-,https://mopsov.twse.com.tw/nas/t21/sii/t21sc03_109_3_0.html,2026-10-09T16:18:21+0900
2020.04,2382,廣達,sii,83397185,78111605,78126788,6.76,6.74,273661223,299457083,-8.61,-,https://mopsov.twse.com.tw/nas/t21/sii/t21sc03_109_4_0.html,2026-10-09T16:18:21+0900
2020.05,2382,廣達,sii,93347803,83397185,88677935,11.93,5.26,367009026,388135018,-5.44,-,https://mopsov.twse.com.tw/nas/t21/sii/t21sc03_109_5_0.html,2026-10-09T16:18:21+0900
2020.06,2382,廣達,sii,93471203,93347803,78935998,0.13,18.41,460480229,467071016,-1.41,-,https://mopsov.twse.com.tw/nas/t21/sii/t21sc03_109_6_0.html,2026-10-09T16:18:21+0900
2020.07,2382,廣達,sii,108927559,93471203,82994433,16.53,31.24,569407788,550065449,3.51,-,https://mopsov.twse.com.tw/nas/t21/sii/t21sc03_109_7_0.html,2026-10-09T16:18:21+0900
2020.08,2382,廣達,sii,106045918,108927559,91868918,-2.64,15.43,675453706,641934367,5.22,-,https://mopsov.twse.com.tw/nas/t21/sii/t21sc03_109_8_0.html,2026-10-09T16:18:21+0900
2020.09,2382,廣達,sii,112374677,106045918,90278563,5.96,24.47,787828383,732212930,7.59,-,https://mopsov.twse.com.tw/nas/t21/sii/t21sc03_109_9_0.html,2026-10-09T16:18:21+0900
2020.10,2382,廣達,sii,90339020,112374677,95753560,-19.60,-5.65,878167403,827966490,6.06,-,https://mopsov.twse.com.tw/nas/t21/sii/t21sc03_109_10_0.html,2026-10-09T16:18:21+0900
2020.11,2382,廣達,sii,102876360,90339020,108749736,13.87,-5.40,981043763,936716226,4.73,-,https://mopsov.twse.com.tw/nas/t21/sii/t21sc03_109_11_0.html,2026-10-09T16:18:21+0900
2020.12,2382,廣達,sii,109820328,102876360,92881861,6.74,18.23,1090864091,1029598087,5.95,-,https://mopsov.twse.com.tw/nas/t21/sii/t21sc03_109_12_0.html,2026-10-09T16:18:21+0900
2021.01,2382,廣達,sii,94354473,109820328,62958366,-14.08,49.86,94354473,62958366,49.86,-,https://mopsov.twse.com.tw/nas/t21/sii/t21sc03_110_1_0.html,2026-10-09T16:18:21+0900
2021.02,2382,廣達,sii,80146858,94354473,49194067,-15.05,62.91,174501331,112152433,55.59,去年同期因疫情影響，工廠延後開工，導致營收基期較低,https://mopsov.twse.com.tw/nas/t21/sii/t21sc03_110_2_0.html,2026-10-09T16:18:21+0900
2021.03,2382,廣達,sii,94452281,80146858,78111605,17.84,20.91,268953612,190264038,41.35,-,https://mopsov.twse.com.tw/nas/t21/sii/t21sc03_110_3_0.html,2026-10-09T16:18:21+0900
2021.04,2382,廣達,sii,84836851,94452281,83397185,-10.18,1.72,353790463,273661223,29.28,-,https://mopsov.twse.com.tw/nas/t21/sii/t21sc03_110_4_0.html,2026-10-09T16:18:21+0900
2021.05,2382,廣達,sii,85052076,84836851,93347803,0.25,-8.88,438842539,367009026,19.57,-,https://mopsov.twse.com.tw/nas/t21/sii/t21sc03_110_5_0.html,2026-10-09T16:18:21+0900
2021.06,2382,廣達,sii,90388641,85052076,93471203,6.27,-3.29,529231180,460480229,14.93,-,https://mopsov.twse.com.tw/nas/t21/sii/t21sc03_110_6_0.html,2026-10-09T16:18:21+0900
2021.07,2382,廣達,sii,94756709,90388641,108927559,4.83,-13.00,623987889,569407788,9.58,-,https://mopsov.twse.com.tw/nas/t21/sii/t21sc03_110_7_0.html,2026-10-09T16:18:21+0900
2021.08,2382,廣達,sii,84717518,94756709,106045918,-10.59,-20.11,708705407,675453706,4.92,-,https://mopsov.twse.com.tw/nas/t21/sii/t21sc03_110_8_0.html,2026-10-09T16:18:21+0900
2021.09,2382,廣達,sii,82114318,84717518,112374677,-3.07,-26.92,790819725,787828383,0.37,-,https://mopsov.twse.com.tw/nas/t21/sii/t21sc03_110_9_0.html,2026-10-09T16:18:21+0900
2021.10,2382,廣達,sii,100643704,82114318,90339020,22.56,11.40,891463429,878167403,1.51,-,https://mopsov.twse.com.tw/nas/t21/sii/t21sc03_110_10_0.html,2026-10-09T16:18:21+0900
2021.11,2382,廣達,sii,113245197,100643704,102876360,12.52,10.07,1004708626,981043763,2.41,-,https://mopsov.twse.com.tw/nas/t21/sii/t21sc03_110_11_0.html,2026-10-09T16:18:21+0900
2021.12,2382,廣達,sii,124746019,113245197,109820328,10.15,13.59,1129454645,1090864091,3.53,-,https://mopsov.twse.com.tw/nas/t21/sii/t21sc03_110_12_0.html,2026-10-09T16:18:21+0900
2022.01,2382,廣達,sii,100800443,124746019,94354473,-19.19,6.83,100800443,94354473,6.83,-,https://mopsov.twse.com.tw/nas/t21/sii/t21sc03_111_1_0.html,2026-10-09T15:39:43+0900
2022.02,2382,廣達,sii,90692342,100800443,80146858,-10.02,13.15,191492785,174501331,9.73,-,https://mopsov.twse.com.tw/nas/t21/sii/t21sc03_111_2_0.html,2026-10-09T15:39:43+0900
2022.03,2382,廣達,sii,110288470,90692342,94452281,21.60,16.76,301781255,268953612,12.20,-,https://mopsov.twse.com.tw/nas/t21/sii/t21sc03_111_3_0.html,2026-10-09T15:39:43+0900
2022.04,2382,廣達,sii,66728103,110288470,84836851,-39.49,-21.34,368509358,353790463,4.16,-,https://mopsov.twse.com.tw/nas/t21/sii/t21sc03_111_4_0.html,2026-10-09T15:39:43+0900
2022.05,2382,廣達,sii,79955154,66728103,85052076,19.82,-5.99,448464512,438842539,2.19,-,https://mopsov.twse.com.tw/nas/t21/sii/t21sc03_111_5_0.html,2026-10-09T15:39:43+0900
2022.06,2382,廣達,sii,123784105,79955154,90388641,54.81,36.94,572248617,529231180,8.12,-,https://mopsov.twse.com.tw/nas/t21/sii/t21sc03_111_6_0.html,2026-10-09T15:39:43+0900
2022.07,2382,廣達,sii,129459679,123784105,94756709,4.58,36.62,701708296,623987889,12.45,-,https://mopsov.twse.com.tw/nas/t21/sii/t21sc03_111_7_0.html,2026-10-09T15:39:43+0900
2022.08,2382,廣達,sii,131869030,129459679,84717518,1.86,55.65,833577326,708705407,17.61,與去年同期相較，本期由於產品組合差異，高單價產品出貨比重顯著提升，使月營收年增幅度逾5成，並續創史上新高。,https://mopsov.twse.com.tw/nas/t21/sii/t21sc03_111_8_0.html,2026-10-09T15:39:43+0900
2022.09,2382,廣達,sii,120746508,131869030,82114318,-8.43,47.04,954323834,790819725,20.67,-,https://mopsov.twse.com.tw/nas/t21/sii/t21sc03_111_9_0.html,2026-10-09T15:39:43+0900
2022.10,2382,廣達,sii,108790516,120746508,100643704,-9.90,8.09,1063114350,891463429,19.25,-,https://mopsov.twse.com.tw/nas/t21/sii/t21sc03_111_10_0.html,2026-10-09T15:39:43+0900
2022.11,2382,廣達,sii,112096960,108790516,113245197,3.03,-1.01,1175211310,1004708626,16.97,-,https://mopsov.twse.com.tw/nas/t21/sii/t21sc03_111_11_0.html,2026-10-09T15:39:43+0900
2022.12,2382,廣達,sii,106329239,112096960,124746019,-5.14,-14.76,1281564549,1129454645,13.46,-,https://mopsov.twse.com.tw/nas/t21/sii/t21sc03_111_12_0.html,2026-10-09T15:39:43+0900
2023.01,2382,廣達,sii,90070736,106329239,100800443,-15.29,-10.64,90070736,100800443,-10.64,-,https://mopsov.twse.com.tw/nas/t21/sii/t21sc03_112_1_0.html,2026-10-09T15:39:43+0900
2023.02,2382,廣達,sii,83351194,90070736,90692342,-7.46,-8.09,173421930,191492785,-9.43,-,https://mopsov.twse.com.tw/nas/t21/sii/t21sc03_112_2_0.html,2026-10-09T15:39:43+0900
2023.03,2382,廣達,sii,92759020,83351194,110288470,11.28,-15.89,266180950,301781255,-11.79,-,https://mopsov.twse.com.tw/nas/t21/sii/t21sc03_112_3_0.html,2026-10-09T15:39:43+0900
2023.04,2382,廣達,sii,77840570,92759020,66728103,-16.08,16.65,344021520,368509358,-6.64,-,https://mopsov.twse.com.tw/nas/t21/sii/t21sc03_112_4_0.html,2026-10-09T15:39:43+0900
2023.05,2382,廣達,sii,77011355,77840570,79955154,-1.06,-3.68,421032875,448464512,-6.11,-,https://mopsov.twse.com.tw/nas/t21/sii/t21sc03_112_5_0.html,2026-10-09T15:39:43+0900
2023.06,2382,廣達,sii,90177487,77011355,123784105,17.09,-27.14,511210362,572248617,-10.66,-,https://mopsov.twse.com.tw/nas/t21/sii/t21sc03_112_6_0.html,2026-10-09T15:39:43+0900
2023.07,2382,廣達,sii,86891131,90177487,129459679,-3.64,-32.88,598101493,701708296,-14.76,-,https://mopsov.twse.com.tw/nas/t21/sii/t21sc03_112_7_0.html,2026-10-09T15:39:43+0900
2023.08,2382,廣達,sii,101355120,86891131,131869030,16.64,-23.13,699456613,833577326,-16.08,-,https://mopsov.twse.com.tw/nas/t21/sii/t21sc03_112_8_0.html,2026-10-09T15:39:43+0900
2023.09,2382,廣達,sii,98258338,101355120,120746508,-3.05,-18.62,797714951,954323834,-16.41,-,https://mopsov.twse.com.tw/nas/t21/sii/t21sc03_112_9_0.html,2026-10-09T15:39:43+0900
2023.10,2382,廣達,sii,91392610,98258338,108790516,-6.98,-15.99,889107561,1063114350,-16.36,-,https://mopsov.twse.com.tw/nas/t21/sii/t21sc03_112_10_0.html,2026-10-09T15:39:43+0900
2023.11,2382,廣達,sii,103600595,91392610,112096960,13.35,-7.57,992708156,1175211310,-15.52,-,https://mopsov.twse.com.tw/nas/t21/sii/t21sc03_112_11_0.html,2026-10-09T15:39:43+0900
2023.12,2382,廣達,sii,92902893,103600595,106329239,-10.32,-12.62,1085611049,1281540549,-15.28,-,https://mopsov.twse.com.tw/nas/t21/sii/t21sc03_112_12_0.html,2026-10-09T15:39:43+0900
2024.01,2382,廣達,sii,72936574,92902893,90070736,-21.49,-19.02,72936574,90070736,-19.02,-,https://mopsov.twse.com.tw/nas/t21/sii/t21sc03_113_1_0.html,2026-10-09T15:39:43+0900
2024.02,2382,廣達,sii,84293471,72936574,83351194,15.57,1.13,157230045,173421930,-9.33,-,https://mopsov.twse.com.tw/nas/t21/sii/t21sc03_113_2_0.html,2026-10-09T15:39:43+0900
2024.03,2382,廣達,sii,101709333,84293471,92759020,20.66,9.64,258939378,266180950,-2.72,-,https://mopsov.twse.com.tw/nas/t21/sii/t21sc03_113_3_0.html,2026-10-09T15:39:43+0900
2024.04,2382,廣達,sii,97337441,101709333,77840570,-4.29,25.04,356276819,344021520,3.56,-,https://mopsov.twse.com.tw/nas/t21/sii/t21sc03_113_4_0.html,2026-10-09T15:39:43+0900
2024.05,2382,廣達,sii,101298511,97337441,77011355,4.06,31.53,457575330,421032875,8.67,-,https://mopsov.twse.com.tw/nas/t21/sii/t21sc03_113_5_0.html,2026-10-09T15:39:43+0900
2024.06,2382,廣達,sii,111318180,101298511,90177487,9.89,23.44,568893510,511210362,11.28,-,https://mopsov.twse.com.tw/nas/t21/sii/t21sc03_113_6_0.html,2026-10-09T15:39:43+0900
2024.07,2382,廣達,sii,124262620,111318180,86891131,11.62,43.00,693156130,598101493,15.89,-,https://mopsov.twse.com.tw/nas/t21/sii/t21sc03_113_7_0.html,2026-10-09T15:39:43+0900
2024.08,2382,廣達,sii,145176833,124262620,101355120,16.83,43.23,838332963,699456613,19.85,-,https://mopsov.twse.com.tw/nas/t21/sii/t21sc03_113_8_0.html,2026-10-09T15:39:43+0900
2024.09,2382,廣達,sii,155109787,145176833,98258338,6.84,57.85,993442750,797714951,24.53,接單暢旺且適逢季節性需求上揚，使營收增加,https://mopsov.twse.com.tw/nas/t21/sii/t21sc03_113_9_0.html,2026-10-09T15:39:43+0900
2024.10,2382,廣達,sii,135893235,155109787,91392610,-12.38,48.69,1129335985,889107561,27.01,-,https://mopsov.twse.com.tw/nas/t21/sii/t21sc03_113_10_0.html,2026-10-09T15:39:43+0900
2024.11,2382,廣達,sii,141353606,135893235,103600595,4.01,36.44,1270689591,992708156,28.00,-,https://mopsov.twse.com.tw/nas/t21/sii/t21sc03_113_11_0.html,2026-10-09T15:39:43+0900
2024.12,2382,廣達,sii,138415569,141353606,92902893,-2.07,48.98,1409105160,1085611049,29.79,-,https://mopsov.twse.com.tw/nas/t21/sii/t21sc03_113_12_0.html,2026-10-09T15:39:43+0900
2025.01,2382,廣達,sii,142560447,138415569,72936574,2.99,95.45,142560447,72936574,95.45,產品組合變更,https://mopsov.twse.com.tw/nas/t21/sii/t21sc03_114_1_0.html,2026-10-09T15:39:43+0900
2025.02,2382,廣達,sii,150564741,142560447,84293471,5.61,78.61,293125188,157230045,86.43,產品組合變更,https://mopsov.twse.com.tw/nas/t21/sii/t21sc03_114_2_0.html,2026-10-09T15:39:43+0900
2025.03,2382,廣達,sii,192546802,150564741,101709333,27.88,89.31,485671990,258939378,87.56,產品組合變更,https://mopsov.twse.com.tw/nas/t21/sii/t21sc03_114_3_0.html,2026-10-09T15:39:43+0900
2025.04,2382,廣達,sii,154010874,192546802,97337441,-20.01,58.22,639682864,356276819,79.54,接單暢旺且適逢季節性需求上揚，使營收增加,https://mopsov.twse.com.tw/nas/t21/sii/t21sc03_114_4_0.html,2026-10-09T15:39:43+0900
2025.05,2382,廣達,sii,160242327,154010874,101298511,4.04,58.18,799925191,457575330,74.81,接單暢旺且適逢季節性需求上揚，使營收增加,https://mopsov.twse.com.tw/nas/t21/sii/t21sc03_114_5_0.html,2026-10-09T15:39:43+0900
2025.06,2382,廣達,sii,189868451,160242327,111318180,18.48,70.56,989793642,568893510,73.98,產品組合變更,https://mopsov.twse.com.tw/nas/t21/sii/t21sc03_114_6_0.html,2026-10-09T15:39:43+0900
2025.07,2382,廣達,sii,158342022,189868451,124262620,-16.60,27.42,1148135664,693156130,65.63,產品組合變更,https://mopsov.twse.com.tw/nas/t21/sii/t21sc03_114_7_0.html,2026-10-09T15:39:43+0900
2025.08,2382,廣達,sii,152807846,158342022,145176833,-3.49,5.25,1300943510,838332963,55.18,產品組合變更,https://mopsov.twse.com.tw/nas/t21/sii/t21sc03_114_8_0.html,2026-10-09T15:39:43+0900
2025.09,2382,廣達,sii,184108513,152807846,155109787,20.48,18.69,1485052023,993442750,49.48,-,https://mopsov.twse.com.tw/nas/t21/sii/t21sc03_114_9_0.html,2026-10-09T15:39:43+0900
2025.10,2382,廣達,sii,173195793,184108513,135893235,-5.92,27.44,1658247816,1129335985,46.83,-,https://mopsov.twse.com.tw/nas/t21/sii/t21sc03_114_10_0.html,2026-10-09T15:39:43+0900
2025.11,2382,廣達,sii,192946811,173195793,141353606,11.40,36.49,1851194627,1270689591,45.68,-,https://mopsov.twse.com.tw/nas/t21/sii/t21sc03_114_11_0.html,2026-10-09T15:39:43+0900
2025.12,2382,廣達,sii,272494820,192946811,140066068,41.22,94.54,2123689447,1410755659,50.53,產品組合變更,https://mopsov.twse.com.tw/nas/t21/sii/t21sc03_114_12_0.html,2026-10-09T15:39:43+0900
2026.01,2382,廣達,sii,230834858,272494820,142560447,-15.28,61.92,230834858,142560447,61.92,產品組合變更,https://mopsov.twse.com.tw/nas/t21/sii/t21sc03_115_1_0.html,2026-10-09T15:39:43+0900
2026.02,2382,廣達,sii,215583149,230834858,150564741,-6.60,43.18,446418007,293125188,52.29,產品組合變更,https://mopsov.twse.com.tw/nas/t21/sii/t21sc03_115_2_0.html,2026-10-09T15:39:43+0900
2026.03,2382,廣達,sii,362803048,215583149,192546802,68.28,88.42,809221055,485671990,66.61,產品組合變更,https://mopsov.twse.com.tw/nas/t21/sii/t21sc03_115_3_0.html,2026-10-09T15:39:43+0900
2026.04,2382,廣達,sii,339921315,362803048,154010874,-6.30,120.71,1149142370,639682864,79.64,產品組合變更,https://mopsov.twse.com.tw/nas/t21/sii/t21sc03_115_4_0.html,2026-10-09T15:39:43+0900
2026.05,2382,廣達,sii,311481017,339921315,160242327,-8.36,94.38,1460623387,799925191,82.59,產品組合變更,https://mopsov.twse.com.tw/nas/t21/sii/t21sc03_115_5_0.html,2026-10-09T15:39:43+0900
2026.06,2382,廣達,sii,385190820,311481017,189868451,23.66,102.87,1845814207,989793642,86.48,產品組合變更,https://mopsov.twse.com.tw/nas/t21/sii/t21sc03_115_6_0.html,2026-10-09T15:39:43+0900
2026.07,2382,廣達,sii,366274080,385190820,158342022,-4.91,131.31,2212087847,1148135664,92.66,產品組合變更,https://mopsov.twse.com.tw/nas/t21/sii/t21sc03_115_7_0.html,2026-10-09T16:18:21+0900
2026.08,2382,廣達,sii,423970932,366274080,152807846,15.75,177.45,2636058779,1300943510,102.62,產品組合變更,https://mopsov.twse.com.tw/nas/t21/sii/t21sc03_115_8_0.html,2026-10-09T16:18:21+0900
2026.09,2382,廣達,sii,325299509,423970932,184108513,-23.27,76.68,2961358288,1485052023,99.41,產品組合變更,https://mopsov.twse.com.tw/nas/t21/sii/t21sc03_115_9_0.html,2026-10-09T16:18:21+0900
2015.01,2383,台光電,sii,1794432,1783967,1479727,0.58,21.26,1794432,1479727,21.26,-,https://mopsov.twse.com.tw/nas/t21/sii/t21sc03_104_1_0.html,2026-10-09T16:18:21+0900
2015.02,2383,台光電,sii,1476119,1794432,1245119,-17.73,18.55,3270551,2724846,20.02,-,https://mopsov.twse.com.tw/nas/t21/sii/t21sc03_104_2_0.html,2026-10-09T16:18:21+0900
2015.03,2383,台光電,sii,1692045,1476119,1464741,14.62,15.51,4962596,4189587,18.45,-,https://mopsov.twse.com.tw/nas/t21/sii/t21sc03_104_3_0.html,2026-10-09T16:18:21+0900
2015.04,2383,台光電,sii,1669619,1692045,1479782,-1.32,12.82,6632214,5669368,16.98,-,https://mopsov.twse.com.tw/nas/t21/sii/t21sc03_104_4_0.html,2026-10-09T16:18:21+0900
2015.05,2383,台光電,sii,1617205,1669619,1459767,-3.13,10.78,8249420,7129135,15.71,-,https://mopsov.twse.com.tw/nas/t21/sii/t21sc03_104_5_0.html,2026-10-09T16:18:21+0900
2015.06,2383,台光電,sii,1586245,1617205,1419160,-1.91,11.77,9835665,8548295,15.05,-,https://mopsov.twse.com.tw/nas/t21/sii/t21sc03_104_6_0.html,2026-10-09T16:18:21+0900
2015.07,2383,台光電,sii,1890243,1586245,1662268,19.16,13.71,11725908,10210563,14.84,-,https://mopsov.twse.com.tw/nas/t21/sii/t21sc03_104_7_0.html,2026-10-09T16:18:21+0900
2015.08,2383,台光電,sii,2017145,1890243,1646292,6.71,22.52,13743053,11856855,15.90,-,https://mopsov.twse.com.tw/nas/t21/sii/t21sc03_104_8_0.html,2026-10-09T16:18:21+0900
2015.09,2383,台光電,sii,2100558,2017145,1786953,4.13,17.54,15843611,13643809,16.12,-,https://mopsov.twse.com.tw/nas/t21/sii/t21sc03_104_9_0.html,2026-10-09T16:18:21+0900
2015.10,2383,台光電,sii,1819818,2100558,1762733,-13.36,3.23,17663429,15406542,14.64,-,https://mopsov.twse.com.tw/nas/t21/sii/t21sc03_104_10_0.html,2026-10-09T16:18:21+0900
2015.11,2383,台光電,sii,1559396,1819818,1694258,-14.31,-7.95,19222825,17100800,12.40,-,https://mopsov.twse.com.tw/nas/t21/sii/t21sc03_104_11_0.html,2026-10-09T16:18:21+0900
2015.12,2383,台光電,sii,1646626,1559396,1783967,5.59,-7.69,20869451,18884768,10.50,-,https://mopsov.twse.com.tw/nas/t21/sii/t21sc03_104_12_0.html,2026-10-09T16:18:21+0900
2016.01,2383,台光電,sii,1725465,1646626,1794432,4.78,-3.84,1725465,1794432,-3.84,-,https://mopsov.twse.com.tw/nas/t21/sii/t21sc03_105_1_0.html,2026-10-09T16:18:21+0900
2016.02,2383,台光電,sii,1361804,1725465,1476119,-21.07,-7.74,3087269,3270551,-5.60,-,https://mopsov.twse.com.tw/nas/t21/sii/t21sc03_105_2_0.html,2026-10-09T16:18:21+0900
2016.03,2383,台光電,sii,1733810,1361804,1692045,27.31,2.46,4821079,4962596,-2.85,-,https://mopsov.twse.com.tw/nas/t21/sii/t21sc03_105_3_0.html,2026-10-09T16:18:21+0900
2016.04,2383,台光電,sii,1775575,1733810,1669619,2.40,6.34,6596654,6632214,-0.53,-,https://mopsov.twse.com.tw/nas/t21/sii/t21sc03_105_4_0.html,2026-10-09T16:18:21+0900
2016.05,2383,台光電,sii,1790294,1775575,1617205,0.82,10.70,8386948,8249420,1.66,-,https://mopsov.twse.com.tw/nas/t21/sii/t21sc03_105_5_0.html,2026-10-09T16:18:21+0900
2016.06,2383,台光電,sii,1702388,1790294,1586245,-4.91,7.32,10089336,9835665,2.57,-,https://mopsov.twse.com.tw/nas/t21/sii/t21sc03_105_6_0.html,2026-10-09T16:18:21+0900
2016.07,2383,台光電,sii,1878718,1702388,1890243,10.35,-0.60,11968054,11725908,2.06,-,https://mopsov.twse.com.tw/nas/t21/sii/t21sc03_105_7_0.html,2026-10-09T16:18:21+0900
2016.08,2383,台光電,sii,2127988,1878718,2017145,13.26,5.49,14096042,13743053,2.56,-,https://mopsov.twse.com.tw/nas/t21/sii/t21sc03_105_8_0.html,2026-10-09T16:18:21+0900
2016.09,2383,台光電,sii,2096305,2127988,2100558,-1.48,-0.20,16192347,15843611,2.20,-,https://mopsov.twse.com.tw/nas/t21/sii/t21sc03_105_9_0.html,2026-10-09T16:18:21+0900
2016.10,2383,台光電,sii,1932178,2096305,1819818,-7.82,6.17,18124525,17663429,2.61,-,https://mopsov.twse.com.tw/nas/t21/sii/t21sc03_105_10_0.html,2026-10-09T16:18:21+0900
2016.11,2383,台光電,sii,2028694,1932178,1559396,4.99,30.09,20153220,19222825,4.84,-,https://mopsov.twse.com.tw/nas/t21/sii/t21sc03_105_11_0.html,2026-10-09T16:18:21+0900
2016.12,2383,台光電,sii,1924402,2028694,1646626,-5.14,16.86,22077622,20869451,5.78,-,https://mopsov.twse.com.tw/nas/t21/sii/t21sc03_105_12_0.html,2026-10-09T16:18:21+0900
2017.01,2383,台光電,sii,1889538,1924402,1725465,-1.81,9.50,1889538,1725465,9.50,-,https://mopsov.twse.com.tw/nas/t21/sii/t21sc03_106_1_0.html,2026-10-09T16:18:21+0900
2017.02,2383,台光電,sii,1783312,1889538,1361804,-5.62,30.95,3672850,3087269,18.96,-,https://mopsov.twse.com.tw/nas/t21/sii/t21sc03_106_2_0.html,2026-10-09T16:18:21+0900
2017.03,2383,台光電,sii,2093822,1783312,1733810,17.41,20.76,5766672,4821079,19.61,-,https://mopsov.twse.com.tw/nas/t21/sii/t21sc03_106_3_0.html,2026-10-09T16:18:21+0900
2017.04,2383,台光電,sii,1975698,2093822,1775575,-5.64,11.27,7742370,6596654,17.36,-,https://mopsov.twse.com.tw/nas/t21/sii/t21sc03_106_4_0.html,2026-10-09T16:18:21+0900
2017.05,2383,台光電,sii,2027812,1975698,1790294,2.63,13.26,9770182,8386948,16.49,-,https://mopsov.twse.com.tw/nas/t21/sii/t21sc03_106_5_0.html,2026-10-09T16:18:21+0900
2017.06,2383,台光電,sii,1978043,2027812,1702388,-2.45,16.19,11748225,10089336,16.44,-,https://mopsov.twse.com.tw/nas/t21/sii/t21sc03_106_6_0.html,2026-10-09T16:18:21+0900
2017.07,2383,台光電,sii,1958901,1978043,1878718,-0.96,4.26,13707126,11968054,14.53,-,https://mopsov.twse.com.tw/nas/t21/sii/t21sc03_106_7_0.html,2026-10-09T16:18:21+0900
2017.08,2383,台光電,sii,2111395,1958901,2127988,7.78,-0.77,15818521,14096042,12.21,-,https://mopsov.twse.com.tw/nas/t21/sii/t21sc03_106_8_0.html,2026-10-09T16:18:21+0900
2017.09,2383,台光電,sii,2070716,2111395,2096305,-1.92,-1.22,17889237,16192347,10.47,-,https://mopsov.twse.com.tw/nas/t21/sii/t21sc03_106_9_0.html,2026-10-09T16:18:21+0900
2017.10,2383,台光電,sii,1929801,2070716,1932178,-6.80,-0.12,19819038,18124525,9.34,-,https://mopsov.twse.com.tw/nas/t21/sii/t21sc03_106_10_0.html,2026-10-09T16:18:21+0900
2017.11,2383,台光電,sii,1912856,1929801,2028694,-0.87,-5.70,21731894,20153220,7.83,-,https://mopsov.twse.com.tw/nas/t21/sii/t21sc03_106_11_0.html,2026-10-09T16:18:21+0900
2017.12,2383,台光電,sii,1878232,1912856,1924402,-1.81,-2.39,23610127,22077622,6.94,-,https://mopsov.twse.com.tw/nas/t21/sii/t21sc03_106_12_0.html,2026-10-09T16:18:21+0900
2018.01,2383,台光電,sii,1981125,1878232,1889538,5.47,4.84,1981125,1889538,4.84,-,https://mopsov.twse.com.tw/nas/t21/sii/t21sc03_107_1_0.html,2026-10-09T16:18:21+0900
2018.02,2383,台光電,sii,1519210,1981125,1783312,-23.31,-14.80,3500335,3672850,-4.69,-,https://mopsov.twse.com.tw/nas/t21/sii/t21sc03_107_2_0.html,2026-10-09T16:18:21+0900
2018.03,2383,台光電,sii,1812070,1519210,2093822,19.27,-13.45,5312404,5766672,-7.87,-,https://mopsov.twse.com.tw/nas/t21/sii/t21sc03_107_3_0.html,2026-10-09T16:18:21+0900
2018.04,2383,台光電,sii,1892606,1812070,1975698,4.44,-4.20,7205011,7742370,-6.94,-,https://mopsov.twse.com.tw/nas/t21/sii/t21sc03_107_4_0.html,2026-10-09T16:18:21+0900
2018.05,2383,台光電,sii,1926080,1892606,2027812,1.76,-5.01,9131091,9770182,-6.54,-,https://mopsov.twse.com.tw/nas/t21/sii/t21sc03_107_5_0.html,2026-10-09T16:18:21+0900
2018.06,2383,台光電,sii,1897243,1926080,1978043,-1.49,-4.08,11028334,11748225,-6.12,-,https://mopsov.twse.com.tw/nas/t21/sii/t21sc03_107_6_0.html,2026-10-09T16:18:21+0900
2018.07,2383,台光電,sii,2084744,1897243,1958901,9.88,6.42,13113078,13707126,-4.33,-,https://mopsov.twse.com.tw/nas/t21/sii/t21sc03_107_7_0.html,2026-10-09T16:18:21+0900
2018.08,2383,台光電,sii,2258610,2084744,2111395,8.33,6.97,15371688,15818521,-2.82,-,https://mopsov.twse.com.tw/nas/t21/sii/t21sc03_107_8_0.html,2026-10-09T16:18:21+0900
2018.09,2383,台光電,sii,2115630,2258610,2070716,-6.33,2.16,17487318,17889237,-2.24,-,https://mopsov.twse.com.tw/nas/t21/sii/t21sc03_107_9_0.html,2026-10-09T16:18:21+0900
2018.10,2383,台光電,sii,2003586,2115630,1929801,-5.29,3.82,19490903,19819038,-1.65,-,https://mopsov.twse.com.tw/nas/t21/sii/t21sc03_107_10_0.html,2026-10-09T16:18:21+0900
2018.11,2383,台光電,sii,1774136,2003586,1912856,-11.45,-7.25,21265039,21731894,-2.14,-,https://mopsov.twse.com.tw/nas/t21/sii/t21sc03_107_11_0.html,2026-10-09T16:18:21+0900
2018.12,2383,台光電,sii,1625888,1774136,1878232,-8.35,-13.43,22890927,23610127,-3.04,-,https://mopsov.twse.com.tw/nas/t21/sii/t21sc03_107_12_0.html,2026-10-09T16:18:21+0900
2019.01,2383,台光電,sii,1843221,1625888,1981125,13.36,-6.96,1843221,1981125,-6.96,-,https://mopsov.twse.com.tw/nas/t21/sii/t21sc03_108_1_0.html,2026-10-09T16:18:21+0900
2019.02,2383,台光電,sii,1399657,1843221,1519210,-24.06,-7.86,3242878,3500335,-7.35,-,https://mopsov.twse.com.tw/nas/t21/sii/t21sc03_108_2_0.html,2026-10-09T16:18:21+0900
2019.03,2383,台光電,sii,1828801,1399657,1812070,30.66,0.92,5071679,5312404,-4.53,-,https://mopsov.twse.com.tw/nas/t21/sii/t21sc03_108_3_0.html,2026-10-09T16:18:21+0900
2019.04,2383,台光電,sii,1995528,1828801,1892606,9.11,5.43,7067206,7205011,-1.91,-,https://mopsov.twse.com.tw/nas/t21/sii/t21sc03_108_4_0.html,2026-10-09T16:18:21+0900
2019.05,2383,台光電,sii,2025372,1995528,1926080,1.49,5.15,9092578,9131091,-0.42,-,https://mopsov.twse.com.tw/nas/t21/sii/t21sc03_108_5_0.html,2026-10-09T16:18:21+0900
2019.06,2383,台光電,sii,2017430,2025372,1897243,-0.39,6.33,11110008,11028334,0.74,-,https://mopsov.twse.com.tw/nas/t21/sii/t21sc03_108_6_0.html,2026-10-09T16:18:21+0900
2019.07,2383,台光電,sii,2299975,2017430,2084744,14.00,10.32,13409983,13113078,2.26,-,https://mopsov.twse.com.tw/nas/t21/sii/t21sc03_108_7_0.html,2026-10-09T16:18:21+0900
2019.08,2383,台光電,sii,2360996,2299975,2258610,2.65,4.53,15770980,15371688,2.59,-,https://mopsov.twse.com.tw/nas/t21/sii/t21sc03_108_8_0.html,2026-10-09T16:18:21+0900
2019.09,2383,台光電,sii,2312071,2360996,2115630,-2.07,9.28,18083051,17487318,3.40,-,https://mopsov.twse.com.tw/nas/t21/sii/t21sc03_108_9_0.html,2026-10-09T16:18:21+0900
2019.10,2383,台光電,sii,2311130,2312071,2003586,-0.04,15.34,20394181,19490903,4.63,-,https://mopsov.twse.com.tw/nas/t21/sii/t21sc03_108_10_0.html,2026-10-09T16:18:21+0900
2019.11,2383,台光電,sii,2236388,2311130,1774136,-3.23,26.05,22630569,21265039,6.42,-,https://mopsov.twse.com.tw/nas/t21/sii/t21sc03_108_11_0.html,2026-10-09T16:18:21+0900
2019.12,2383,台光電,sii,2235083,2236388,1625888,-0.05,37.46,24865652,22890927,8.62,-,https://mopsov.twse.com.tw/nas/t21/sii/t21sc03_108_12_0.html,2026-10-09T16:18:21+0900
2020.01,2383,台光電,sii,1964414,2235083,1843221,-12.11,6.57,1964414,1843221,6.57,-,https://mopsov.twse.com.tw/nas/t21/sii/t21sc03_109_1_0.html,2026-10-09T16:18:21+0900
2020.02,2383,台光電,sii,1776101,1964414,1399657,-9.58,26.89,3740516,3242878,15.34,-,https://mopsov.twse.com.tw/nas/t21/sii/t21sc03_109_2_0.html,2026-10-09T16:18:21+0900
2020.03,2383,台光電,sii,2168471,1776101,1828801,22.09,18.57,5908987,5071679,16.50,-,https://mopsov.twse.com.tw/nas/t21/sii/t21sc03_109_3_0.html,2026-10-09T16:18:21+0900
2020.04,2383,台光電,sii,2227024,2168471,1995528,2.70,11.60,8136011,7067206,15.12,-,https://mopsov.twse.com.tw/nas/t21/sii/t21sc03_109_4_0.html,2026-10-09T16:18:21+0900
2020.05,2383,台光電,sii,2028377,2227024,2025372,-8.91,0.14,10164388,9092578,11.78,-,https://mopsov.twse.com.tw/nas/t21/sii/t21sc03_109_5_0.html,2026-10-09T16:18:21+0900
2020.06,2383,台光電,sii,2045256,2028377,2017430,0.83,1.37,12209643,11110008,9.89,-,https://mopsov.twse.com.tw/nas/t21/sii/t21sc03_109_6_0.html,2026-10-09T16:18:21+0900
2020.07,2383,台光電,sii,2269456,2045256,2299975,10.96,-1.32,14479099,13409983,7.97,-,https://mopsov.twse.com.tw/nas/t21/sii/t21sc03_109_7_0.html,2026-10-09T16:18:21+0900
2020.08,2383,台光電,sii,2589601,2269456,2360996,14.10,9.68,17068700,15770980,8.22,-,https://mopsov.twse.com.tw/nas/t21/sii/t21sc03_109_8_0.html,2026-10-09T16:18:21+0900
2020.09,2383,台光電,sii,2614778,2589601,2312071,0.97,13.09,19683478,18083051,8.85,-,https://mopsov.twse.com.tw/nas/t21/sii/t21sc03_109_9_0.html,2026-10-09T16:18:21+0900
2020.10,2383,台光電,sii,2475833,2614778,2311130,-5.31,7.12,22159310,20394181,8.65,-,https://mopsov.twse.com.tw/nas/t21/sii/t21sc03_109_10_0.html,2026-10-09T16:18:21+0900
2020.11,2383,台光電,sii,2552457,2475833,2236388,3.09,14.13,24711767,22630569,9.19,-,https://mopsov.twse.com.tw/nas/t21/sii/t21sc03_109_11_0.html,2026-10-09T16:18:21+0900
2020.12,2383,台光電,sii,2472491,2552457,2235083,-3.13,10.62,27184258,24865652,9.32,-,https://mopsov.twse.com.tw/nas/t21/sii/t21sc03_109_12_0.html,2026-10-09T16:18:21+0900
2021.01,2383,台光電,sii,2750004,2472491,1964414,11.22,39.99,2750004,1964414,39.99,-,https://mopsov.twse.com.tw/nas/t21/sii/t21sc03_110_1_0.html,2026-10-09T16:18:21+0900
2021.02,2383,台光電,sii,2435365,2750004,1776101,-11.44,37.11,5185368,3740516,38.62,-,https://mopsov.twse.com.tw/nas/t21/sii/t21sc03_110_2_0.html,2026-10-09T16:18:21+0900
2021.03,2383,台光電,sii,2818344,2435365,2168471,15.72,29.96,8003712,5908987,35.44,-,https://mopsov.twse.com.tw/nas/t21/sii/t21sc03_110_3_0.html,2026-10-09T16:18:21+0900
2021.04,2383,台光電,sii,2951523,2818344,2227024,4.72,32.53,10955235,8136011,34.65,-,https://mopsov.twse.com.tw/nas/t21/sii/t21sc03_110_4_0.html,2026-10-09T16:18:21+0900
2021.05,2383,台光電,sii,3220597,2951523,2028377,9.11,58.77,14175832,10164388,39.46,去年5月:黃石廠產能30萬張.各廠尚未全能生產及銷售。今年5月:黃石廠產能60萬張.各廠全能生產及銷售;售價調整及產品組合更佳。,https://mopsov.twse.com.tw/nas/t21/sii/t21sc03_110_5_0.html,2026-10-09T16:18:21+0900
2021.06,2383,台光電,sii,3385779,3220597,2045256,5.12,65.54,17561611,12209643,43.83,去年同期:黃石廠產能30萬張.各廠尚未全能生產及銷售。今年:黃石廠產能60萬張.各廠全能生產及銷售;售價調整及產品組合更佳。,https://mopsov.twse.com.tw/nas/t21/sii/t21sc03_110_6_0.html,2026-10-09T16:18:21+0900
2021.07,2383,台光電,sii,3555634,3385779,2269456,5.01,56.67,21117245,14479099,45.84,去年同期:黃石廠產能30萬張.各廠尚未全能生產及銷售。今年:黃石廠產能60萬張.各廠全能生產及銷售;售價調整及產品組合更佳。,https://mopsov.twse.com.tw/nas/t21/sii/t21sc03_110_7_0.html,2026-10-09T16:18:21+0900
2021.08,2383,台光電,sii,3682303,3555634,2589601,3.56,42.19,24799549,17068700,45.29,-,https://mopsov.twse.com.tw/nas/t21/sii/t21sc03_110_8_0.html,2026-10-09T16:18:21+0900
2021.09,2383,台光電,sii,3538580,3682303,2614778,-3.90,35.33,28338128,19683478,43.96,-,https://mopsov.twse.com.tw/nas/t21/sii/t21sc03_110_9_0.html,2026-10-09T16:18:21+0900
2021.10,2383,台光電,sii,3501202,3538580,2475833,-1.05,41.41,31839331,22159310,43.68,-,https://mopsov.twse.com.tw/nas/t21/sii/t21sc03_110_10_0.html,2026-10-09T16:18:21+0900
2021.11,2383,台光電,sii,3393849,3501202,2552457,-3.06,32.96,35233180,24711767,42.57,-,https://mopsov.twse.com.tw/nas/t21/sii/t21sc03_110_11_0.html,2026-10-09T16:18:21+0900
2021.12,2383,台光電,sii,3272872,3393849,2489018,-3.56,31.49,38506052,27200785,41.56,-,https://mopsov.twse.com.tw/nas/t21/sii/t21sc03_110_12_0.html,2026-10-09T16:18:21+0900
2022.01,2383,台光電,sii,3557817,3272872,2750004,8.70,29.37,3557817,2750004,29.37,-,https://mopsov.twse.com.tw/nas/t21/sii/t21sc03_111_1_0.html,2026-10-09T15:39:43+0900
2022.02,2383,台光電,sii,2917766,3557817,2435365,-17.98,19.80,6475583,5185368,24.88,-,https://mopsov.twse.com.tw/nas/t21/sii/t21sc03_111_2_0.html,2026-10-09T15:39:43+0900
2022.03,2383,台光電,sii,3442956,2917766,2818344,17.99,22.16,9918539,8003712,23.92,-,https://mopsov.twse.com.tw/nas/t21/sii/t21sc03_111_3_0.html,2026-10-09T15:39:43+0900
2022.04,2383,台光電,sii,3071772,3442956,2951523,-10.78,4.07,12990311,10955235,18.57,-,https://mopsov.twse.com.tw/nas/t21/sii/t21sc03_111_4_0.html,2026-10-09T15:39:43+0900
2022.05,2383,台光電,sii,3484638,3071772,3220597,13.44,8.19,16474949,14175832,16.21,-,https://mopsov.twse.com.tw/nas/t21/sii/t21sc03_111_5_0.html,2026-10-09T15:39:43+0900
2022.06,2383,台光電,sii,3427066,3484638,3385779,-1.65,1.21,19902015,17561611,13.32,-,https://mopsov.twse.com.tw/nas/t21/sii/t21sc03_111_6_0.html,2026-10-09T15:39:43+0900
2022.07,2383,台光電,sii,3295478,3427066,3555634,-3.83,-7.31,23197493,21117245,9.85,-,https://mopsov.twse.com.tw/nas/t21/sii/t21sc03_111_7_0.html,2026-10-09T15:39:43+0900
2022.08,2383,台光電,sii,3233476,3295478,3682303,-1.88,-12.18,26430969,24799549,6.57,-,https://mopsov.twse.com.tw/nas/t21/sii/t21sc03_111_8_0.html,2026-10-09T15:39:43+0900
2022.09,2383,台光電,sii,3353900,3233476,3538580,3.72,-5.21,29784870,28338128,5.10,-,https://mopsov.twse.com.tw/nas/t21/sii/t21sc03_111_9_0.html,2026-10-09T15:39:43+0900
2022.10,2383,台光電,sii,3144165,3353900,3501202,-6.25,-10.19,32929035,31839331,3.42,-,https://mopsov.twse.com.tw/nas/t21/sii/t21sc03_111_10_0.html,2026-10-09T15:39:43+0900
2022.11,2383,台光電,sii,3026947,3144165,3393849,-3.72,-10.81,35955982,35233180,2.05,-,https://mopsov.twse.com.tw/nas/t21/sii/t21sc03_111_11_0.html,2026-10-09T15:39:43+0900
2022.12,2383,台光電,sii,2716460,3026947,3266872,-10.25,-16.84,38672442,38500052,0.44,-,https://mopsov.twse.com.tw/nas/t21/sii/t21sc03_111_12_0.html,2026-10-09T15:39:43+0900
2023.01,2383,台光電,sii,2197369,2716460,3557817,-19.10,-38.23,2197369,3557817,-38.23,-,https://mopsov.twse.com.tw/nas/t21/sii/t21sc03_112_1_0.html,2026-10-09T15:39:43+0900
2023.02,2383,台光電,sii,2365259,2197369,2917766,7.64,-18.93,4562629,6475583,-29.54,-,https://mopsov.twse.com.tw/nas/t21/sii/t21sc03_112_2_0.html,2026-10-09T15:39:43+0900
2023.03,2383,台光電,sii,2796687,2365259,3442956,18.24,-18.77,7359316,9918539,-25.80,-,https://mopsov.twse.com.tw/nas/t21/sii/t21sc03_112_3_0.html,2026-10-09T15:39:43+0900
2023.04,2383,台光電,sii,2803603,2796687,3071772,0.24,-8.73,10162919,12990311,-21.76,-,https://mopsov.twse.com.tw/nas/t21/sii/t21sc03_112_4_0.html,2026-10-09T15:39:43+0900
2023.05,2383,台光電,sii,3150805,2803603,3484638,12.38,-9.58,13313724,16474949,-19.18,-,https://mopsov.twse.com.tw/nas/t21/sii/t21sc03_112_5_0.html,2026-10-09T15:39:43+0900
2023.06,2383,台光電,sii,3225606,3150805,3427066,2.37,-5.87,16539330,19902015,-16.89,-,https://mopsov.twse.com.tw/nas/t21/sii/t21sc03_112_6_0.html,2026-10-09T15:39:43+0900
2023.07,2383,台光電,sii,3645947,3225606,3295478,13.03,10.63,20185277,23197493,-12.98,-,https://mopsov.twse.com.tw/nas/t21/sii/t21sc03_112_7_0.html,2026-10-09T15:39:43+0900
2023.08,2383,台光電,sii,3891346,3645947,3233476,6.73,20.34,24076624,26430969,-8.90,-,https://mopsov.twse.com.tw/nas/t21/sii/t21sc03_112_8_0.html,2026-10-09T15:39:43+0900
2023.09,2383,台光電,sii,4337243,3891346,3353900,11.45,29.31,28413867,29784870,-4.60,-,https://mopsov.twse.com.tw/nas/t21/sii/t21sc03_112_9_0.html,2026-10-09T15:39:43+0900
2023.10,2383,台光電,sii,4348694,4337243,3144165,0.26,38.30,32762561,32929035,-0.50,-,https://mopsov.twse.com.tw/nas/t21/sii/t21sc03_112_10_0.html,2026-10-09T15:39:43+0900
2023.11,2383,台光電,sii,4224837,4348694,3026947,-2.84,39.57,36987398,35955982,2.86,-,https://mopsov.twse.com.tw/nas/t21/sii/t21sc03_112_11_0.html,2026-10-09T15:39:43+0900
2023.12,2383,台光電,sii,4307784,4224837,2716460,1.96,58.58,41295182,38672442,6.78,受惠於AI伺服器成長力道,https://mopsov.twse.com.tw/nas/t21/sii/t21sc03_112_12_0.html,2026-10-09T15:39:43+0900
2024.01,2383,台光電,sii,4484687,4307784,2197369,4.10,104.09,4484687,2197369,104.09,受惠於AI伺服器成長力道,https://mopsov.twse.com.tw/nas/t21/sii/t21sc03_113_1_0.html,2026-10-09T15:39:43+0900
2024.02,2383,台光電,sii,3764058,4484687,2365259,-16.06,59.13,8248745,4562629,80.78,受惠於AI伺服器成長力道,https://mopsov.twse.com.tw/nas/t21/sii/t21sc03_113_2_0.html,2026-10-09T15:39:43+0900
2024.03,2383,台光電,sii,4653730,3764058,2796687,23.63,66.40,12902475,7359316,75.32,受惠於AI伺服器成長力道,https://mopsov.twse.com.tw/nas/t21/sii/t21sc03_113_3_0.html,2026-10-09T15:39:43+0900
2024.04,2383,台光電,sii,5060127,4653730,2803603,8.73,80.48,17962601,10162919,76.74,受惠於AI伺服器成長力道,https://mopsov.twse.com.tw/nas/t21/sii/t21sc03_113_4_0.html,2026-10-09T15:39:43+0900
2024.05,2383,台光電,sii,5141963,5060127,3150805,1.61,63.19,23104564,13313724,73.53,受惠於AI伺服器成長力道,https://mopsov.twse.com.tw/nas/t21/sii/t21sc03_113_5_0.html,2026-10-09T15:39:43+0900
2024.06,2383,台光電,sii,5246479,5141963,3225606,2.03,62.65,28351043,16539330,71.41,受惠於AI伺服器成長力道,https://mopsov.twse.com.tw/nas/t21/sii/t21sc03_113_6_0.html,2026-10-09T15:39:43+0900
2024.07,2383,台光電,sii,5781766,5246479,3645947,10.20,58.58,34132808,20185277,69.09,受惠於AI伺服器成長力道,https://mopsov.twse.com.tw/nas/t21/sii/t21sc03_113_7_0.html,2026-10-09T15:39:43+0900
2024.08,2383,台光電,sii,5741209,5781766,3891346,-0.70,47.53,39874018,24076624,65.61,受惠於AI伺服器成長力道,https://mopsov.twse.com.tw/nas/t21/sii/t21sc03_113_8_0.html,2026-10-09T15:39:43+0900
2024.09,2383,台光電,sii,5940565,5741209,4337243,3.47,36.96,45814583,28413867,61.24,受惠於AI伺服器成長力道,https://mopsov.twse.com.tw/nas/t21/sii/t21sc03_113_9_0.html,2026-10-09T15:39:43+0900
2024.10,2383,台光電,sii,5817800,5940565,4348694,-2.06,33.78,51632383,32762561,57.59,受惠於AI伺服器成長力道,https://mopsov.twse.com.tw/nas/t21/sii/t21sc03_113_10_0.html,2026-10-09T15:39:43+0900
2024.11,2383,台光電,sii,6336270,5817800,4224837,8.91,49.97,57968653,36987398,56.72,受惠於AI伺服器成長力道,https://mopsov.twse.com.tw/nas/t21/sii/t21sc03_113_11_0.html,2026-10-09T15:39:43+0900
2024.12,2383,台光電,sii,6410246,6336270,4307784,1.16,48.80,64378899,41295182,55.89,受惠於AI伺服器成長力道,https://mopsov.twse.com.tw/nas/t21/sii/t21sc03_113_12_0.html,2026-10-09T15:39:43+0900
2025.01,2383,台光電,sii,6986221,6410246,4484687,8.98,55.77,6986221,4484687,55.77,受惠於AI伺服器成長力道,https://mopsov.twse.com.tw/nas/t21/sii/t21sc03_114_1_0.html,2026-10-09T15:39:43+0900
2025.02,2383,台光電,sii,7029925,6986221,3764058,0.62,86.76,14016146,8248745,69.91,受惠於AI伺服器成長力道,https://mopsov.twse.com.tw/nas/t21/sii/t21sc03_114_2_0.html,2026-10-09T15:39:43+0900
2025.03,2383,台光電,sii,7668109,7029925,4653730,9.07,64.77,21684255,12902475,68.06,受惠於AI伺服器成長力道,https://mopsov.twse.com.tw/nas/t21/sii/t21sc03_114_3_0.html,2026-10-09T15:39:43+0900
2025.04,2383,台光電,sii,7191345,7668109,5060127,-6.21,42.11,28875600,17962601,60.75,受惠於AI伺服器成長力道,https://mopsov.twse.com.tw/nas/t21/sii/t21sc03_114_4_0.html,2026-10-09T15:39:43+0900
2025.05,2383,台光電,sii,7277046,7191345,5141963,1.19,41.52,36152646,23104564,56.47,受惠於AI伺服器成長力道,https://mopsov.twse.com.tw/nas/t21/sii/t21sc03_114_5_0.html,2026-10-09T15:39:43+0900
2025.06,2383,台光電,sii,8035115,7277046,5246479,10.41,53.15,44187761,28351043,55.85,受惠於AI伺服器成長力道,https://mopsov.twse.com.tw/nas/t21/sii/t21sc03_114_6_0.html,2026-10-09T15:39:43+0900
2025.07,2383,台光電,sii,8372495,8035115,5781766,4.19,44.80,52560257,34132808,53.98,受惠於AI伺服器成長力道,https://mopsov.twse.com.tw/nas/t21/sii/t21sc03_114_7_0.html,2026-10-09T15:39:43+0900
2025.08,2383,台光電,sii,8764793,8372495,5741209,4.68,52.66,61325050,39874018,53.79,受惠於AI伺服器成長力道,https://mopsov.twse.com.tw/nas/t21/sii/t21sc03_114_8_0.html,2026-10-09T15:39:43+0900
2025.09,2383,台光電,sii,8008332,8764793,5940565,-8.63,34.80,69333382,45814583,51.33,受惠於AI伺服器成長力道,https://mopsov.twse.com.tw/nas/t21/sii/t21sc03_114_9_0.html,2026-10-09T15:39:43+0900
2025.10,2383,台光電,sii,8074815,8008332,5817800,0.83,38.79,77408197,51632383,49.92,-,https://mopsov.twse.com.tw/nas/t21/sii/t21sc03_114_10_0.html,2026-10-09T15:39:43+0900
2025.11,2383,台光電,sii,8129128,8074815,6336270,0.67,28.29,85537325,57968653,47.55,-,https://mopsov.twse.com.tw/nas/t21/sii/t21sc03_114_11_0.html,2026-10-09T15:39:43+0900
2025.12,2383,台光電,sii,8704662,8129128,6410246,7.07,35.79,94241987,64378899,46.38,-,https://mopsov.twse.com.tw/nas/t21/sii/t21sc03_114_12_0.html,2026-10-09T15:39:43+0900
2026.01,2383,台光電,sii,10862602,8704662,6986221,24.79,55.48,10862602,6986221,55.48,受惠於AI伺服器成長力道,https://mopsov.twse.com.tw/nas/t21/sii/t21sc03_115_1_0.html,2026-10-09T15:39:43+0900
2026.02,2383,台光電,sii,10193772,10862602,7029925,-6.15,45.00,21056375,14016146,50.22,受惠於AI伺服器成長力道,https://mopsov.twse.com.tw/nas/t21/sii/t21sc03_115_2_0.html,2026-10-09T15:39:43+0900
2026.03,2383,台光電,sii,12010861,10193772,7668109,17.82,56.63,33067236,21684255,52.49,受惠於AI伺服器成長力道,https://mopsov.twse.com.tw/nas/t21/sii/t21sc03_115_3_0.html,2026-10-09T15:39:43+0900
2026.04,2383,台光電,sii,13923687,12010861,7191345,15.92,93.61,46990923,28875600,62.73,受惠於AI伺服器成長力道,https://mopsov.twse.com.tw/nas/t21/sii/t21sc03_115_4_0.html,2026-10-09T15:39:43+0900
2026.05,2383,台光電,sii,15618565,13923687,7277046,12.17,114.62,62609488,36152646,73.18,受惠於AI伺服器成長力道,https://mopsov.twse.com.tw/nas/t21/sii/t21sc03_115_5_0.html,2026-10-09T15:39:43+0900
2026.06,2383,台光電,sii,17732956,15618565,8035115,13.53,120.69,80342444,44187761,81.82,受惠於AI伺服器成長力道,https://mopsov.twse.com.tw/nas/t21/sii/t21sc03_115_6_0.html,2026-10-09T15:39:43+0900
2026.07,2383,台光電,sii,19206698,17732956,8372495,8.31,129.40,99549142,52560257,89.40,受惠於AI伺服器成長力道,https://mopsov.twse.com.tw/nas/t21/sii/t21sc03_115_7_0.html,2026-10-09T16:18:21+0900
2026.08,2383,台光電,sii,20145589,19206698,8764793,4.88,129.84,119694731,61325050,95.18,受惠於AI伺服器成長力道,https://mopsov.twse.com.tw/nas/t21/sii/t21sc03_115_8_0.html,2026-10-09T16:18:21+0900
2026.09,2383,台光電,sii,21532230,20145589,8008332,6.88,168.87,141226961,69333382,103.69,受惠於AI伺服器成長力道,https://mopsov.twse.com.tw/nas/t21/sii/t21sc03_115_9_0.html,2026-10-09T16:18:21+0900
2015.01,2408,南亞科,sii,3983798,4159574,4165035,-4.22,-4.35,3983798,4165035,-4.35,-,https://mopsov.twse.com.tw/nas/t21/sii/t21sc03_104_1_0.html,2026-10-09T16:18:21+0900
2015.02,2408,南亞科,sii,3965430,3983798,3754520,-0.46,5.61,7949228,7919555,0.37,-,https://mopsov.twse.com.tw/nas/t21/sii/t21sc03_104_2_0.html,2026-10-09T16:18:21+0900
2015.03,2408,南亞科,sii,4078715,3965430,3771957,2.85,8.13,12027943,11691512,2.87,-,https://mopsov.twse.com.tw/nas/t21/sii/t21sc03_104_3_0.html,2026-10-09T16:18:21+0900
2015.04,2408,南亞科,sii,3913630,4078715,3687352,-4.04,6.13,15941573,15378864,3.65,-,https://mopsov.twse.com.tw/nas/t21/sii/t21sc03_104_4_0.html,2026-10-09T16:18:21+0900
2015.05,2408,南亞科,sii,3797674,3913630,4155060,-2.96,-8.60,19739247,19533924,1.05,-,https://mopsov.twse.com.tw/nas/t21/sii/t21sc03_104_5_0.html,2026-10-09T16:18:21+0900
2015.06,2408,南亞科,sii,3444472,3797674,4074011,-9.30,-15.45,23183719,23607935,-1.79,-,https://mopsov.twse.com.tw/nas/t21/sii/t21sc03_104_6_0.html,2026-10-09T16:18:21+0900
2015.07,2408,南亞科,sii,3528150,3444472,4392528,2.42,-19.67,26711869,28000463,-4.60,-,https://mopsov.twse.com.tw/nas/t21/sii/t21sc03_104_7_0.html,2026-10-09T16:18:21+0900
2015.08,2408,南亞科,sii,3596388,3528150,4457165,1.93,-19.31,30308257,32457628,-6.62,-,https://mopsov.twse.com.tw/nas/t21/sii/t21sc03_104_8_0.html,2026-10-09T16:18:21+0900
2015.09,2408,南亞科,sii,3212782,3596388,4240880,-10.66,-24.24,33521039,36698508,-8.65,-,https://mopsov.twse.com.tw/nas/t21/sii/t21sc03_104_9_0.html,2026-10-09T16:18:21+0900
2015.10,2408,南亞科,sii,3414112,3212782,4154888,6.26,-17.82,36935151,40853396,-9.59,-,https://mopsov.twse.com.tw/nas/t21/sii/t21sc03_104_10_0.html,2026-10-09T16:18:21+0900
2015.11,2408,南亞科,sii,3373228,3414112,4093420,-1.19,-17.59,40308379,44946816,-10.31,-,https://mopsov.twse.com.tw/nas/t21/sii/t21sc03_104_11_0.html,2026-10-09T16:18:21+0900
2015.12,2408,南亞科,sii,3560928,3373228,4160806,5.56,-14.41,43869307,49107622,-10.66,-,https://mopsov.twse.com.tw/nas/t21/sii/t21sc03_104_12_0.html,2026-10-09T16:18:21+0900
2016.01,2408,南亞科,sii,3757519,3560928,3983798,5.52,-5.67,3757519,3983798,-5.67,-,https://mopsov.twse.com.tw/nas/t21/sii/t21sc03_105_1_0.html,2026-10-09T16:18:21+0900
2016.02,2408,南亞科,sii,3339604,3757519,3965430,-11.12,-15.78,7097123,7949228,-10.71,-,https://mopsov.twse.com.tw/nas/t21/sii/t21sc03_105_2_0.html,2026-10-09T16:18:21+0900
2016.03,2408,南亞科,sii,3300432,3339604,4078715,-1.17,-19.08,10397555,12027943,-13.55,-,https://mopsov.twse.com.tw/nas/t21/sii/t21sc03_105_3_0.html,2026-10-09T16:18:21+0900
2016.04,2408,南亞科,sii,2975131,3300432,3913630,-9.85,-23.98,13372686,15941573,-16.11,-,https://mopsov.twse.com.tw/nas/t21/sii/t21sc03_105_4_0.html,2026-10-09T16:18:21+0900
2016.05,2408,南亞科,sii,2896748,2975131,3797674,-2.63,-23.72,16269434,19739247,-17.57,-,https://mopsov.twse.com.tw/nas/t21/sii/t21sc03_105_5_0.html,2026-10-09T16:18:21+0900
2016.06,2408,南亞科,sii,3061215,2896748,3444472,5.67,-11.12,19330649,23183719,-16.61,-,https://mopsov.twse.com.tw/nas/t21/sii/t21sc03_105_6_0.html,2026-10-09T16:18:21+0900
2016.07,2408,南亞科,sii,3251880,3061215,3528150,6.22,-7.83,22582530,26711869,-15.45,-,https://mopsov.twse.com.tw/nas/t21/sii/t21sc03_105_7_0.html,2026-10-09T16:18:21+0900
2016.08,2408,南亞科,sii,3455658,3251880,3596388,6.26,-3.91,26038188,30308257,-14.08,-,https://mopsov.twse.com.tw/nas/t21/sii/t21sc03_105_8_0.html,2026-10-09T16:18:21+0900
2016.09,2408,南亞科,sii,3496357,3455658,3212782,1.17,8.82,29534545,33521039,-11.89,-,https://mopsov.twse.com.tw/nas/t21/sii/t21sc03_105_9_0.html,2026-10-09T16:18:21+0900
2016.10,2408,南亞科,sii,3821452,3496357,3414112,9.29,11.93,33355997,36935151,-9.69,-,https://mopsov.twse.com.tw/nas/t21/sii/t21sc03_105_10_0.html,2026-10-09T16:18:21+0900
2016.11,2408,南亞科,sii,4011853,3821452,3373228,4.98,18.93,37367850,40308379,-7.29,-,https://mopsov.twse.com.tw/nas/t21/sii/t21sc03_105_11_0.html,2026-10-09T16:18:21+0900
2016.12,2408,南亞科,sii,4263045,4011853,3567526,6.26,19.49,41630895,43875905,-5.11,-,https://mopsov.twse.com.tw/nas/t21/sii/t21sc03_105_12_0.html,2026-10-09T16:18:21+0900
2017.01,2408,南亞科,sii,4067460,4263045,3757519,-4.58,8.24,4067460,3757519,8.24,-,https://mopsov.twse.com.tw/nas/t21/sii/t21sc03_106_1_0.html,2026-10-09T16:18:21+0900
2017.02,2408,南亞科,sii,3969931,4067460,3339604,-2.39,18.87,8037391,7097123,13.24,-,https://mopsov.twse.com.tw/nas/t21/sii/t21sc03_106_2_0.html,2026-10-09T16:18:21+0900
2017.03,2408,南亞科,sii,4193183,3969931,3300432,5.62,27.04,12230574,10397555,17.62,-,https://mopsov.twse.com.tw/nas/t21/sii/t21sc03_106_3_0.html,2026-10-09T16:18:21+0900
2017.04,2408,南亞科,sii,4317144,4193183,2975131,2.95,45.10,16547718,13372686,23.74,-,https://mopsov.twse.com.tw/nas/t21/sii/t21sc03_106_4_0.html,2026-10-09T16:18:21+0900
2017.05,2408,南亞科,sii,4115025,4317144,2896748,-4.68,42.05,20662743,16269434,27.00,-,https://mopsov.twse.com.tw/nas/t21/sii/t21sc03_106_5_0.html,2026-10-09T16:18:21+0900
2017.06,2408,南亞科,sii,4193333,4115025,3061215,1.90,36.98,24856076,19330649,28.58,-,https://mopsov.twse.com.tw/nas/t21/sii/t21sc03_106_6_0.html,2026-10-09T16:18:21+0900
2017.07,2408,南亞科,sii,4296911,4193333,3251880,2.47,32.13,29152987,22582530,29.09,-,https://mopsov.twse.com.tw/nas/t21/sii/t21sc03_106_7_0.html,2026-10-09T16:18:21+0900
2017.08,2408,南亞科,sii,4352252,4296911,3455658,1.28,25.94,33505239,26038188,28.67,-,https://mopsov.twse.com.tw/nas/t21/sii/t21sc03_106_8_0.html,2026-10-09T16:18:21+0900
2017.09,2408,南亞科,sii,4644199,4352252,3496357,6.70,32.82,38149438,29534545,29.16,-,https://mopsov.twse.com.tw/nas/t21/sii/t21sc03_106_9_0.html,2026-10-09T16:18:21+0900
2017.10,2408,南亞科,sii,5072100,4644199,3821452,9.21,32.72,43221538,33355997,29.57,-,https://mopsov.twse.com.tw/nas/t21/sii/t21sc03_106_10_0.html,2026-10-09T16:18:21+0900
2017.11,2408,南亞科,sii,5744613,5072100,4011853,13.25,43.19,48966151,37367850,31.03,-,https://mopsov.twse.com.tw/nas/t21/sii/t21sc03_106_11_0.html,2026-10-09T16:18:21+0900
2017.12,2408,南亞科,sii,5966623,5744613,4264655,3.86,39.90,54932774,41632505,31.94,-,https://mopsov.twse.com.tw/nas/t21/sii/t21sc03_106_12_0.html,2026-10-09T16:18:21+0900
2018.01,2408,南亞科,sii,6147637,5966623,4067460,3.03,51.14,6147637,4067460,51.14,107年01月價格及量較106年01月增加,https://mopsov.twse.com.tw/nas/t21/sii/t21sc03_107_1_0.html,2026-10-09T16:18:21+0900
2018.02,2408,南亞科,sii,5927141,6147637,3969931,-3.58,49.30,12074778,8037391,50.23,107年02月價格及量較106年01月增加,https://mopsov.twse.com.tw/nas/t21/sii/t21sc03_107_2_0.html,2026-10-09T16:18:21+0900
2018.03,2408,南亞科,sii,6722661,5927141,4193183,13.42,60.32,18797439,12230574,53.69,107年03月價格及量較106年03月增加,https://mopsov.twse.com.tw/nas/t21/sii/t21sc03_107_3_0.html,2026-10-09T16:18:21+0900
2018.04,2408,南亞科,sii,7680634,6722661,4317144,14.24,77.91,26478073,16547718,60.01,107年04月價格及量較106年04月增加,https://mopsov.twse.com.tw/nas/t21/sii/t21sc03_107_4_0.html,2026-10-09T16:18:21+0900
2018.05,2408,南亞科,sii,8326045,7680634,4115025,8.40,102.33,34804118,20662743,68.43,107年05月價格及量較106年05月增加,https://mopsov.twse.com.tw/nas/t21/sii/t21sc03_107_5_0.html,2026-10-09T16:18:21+0900
2018.06,2408,南亞科,sii,8585538,8326045,4193333,3.11,104.74,43389656,24856076,74.56,107年06月價格及量較106年06月增加,https://mopsov.twse.com.tw/nas/t21/sii/t21sc03_107_6_0.html,2026-10-09T16:18:21+0900
2018.07,2408,南亞科,sii,8162217,8585538,4296911,-4.93,89.95,51551873,29152987,76.83,107年07月價格及量較106年07月增加,https://mopsov.twse.com.tw/nas/t21/sii/t21sc03_107_7_0.html,2026-10-09T16:18:21+0900
2018.08,2408,南亞科,sii,8233012,8162217,4352252,0.86,89.16,59784885,33505239,78.43,107年08月價格及量較106年08月增加,https://mopsov.twse.com.tw/nas/t21/sii/t21sc03_107_8_0.html,2026-10-09T16:18:21+0900
2018.09,2408,南亞科,sii,7979357,8233012,4644199,-3.08,71.81,67764242,38149438,77.62,107年09月價格及量較106年09月增加,https://mopsov.twse.com.tw/nas/t21/sii/t21sc03_107_9_0.html,2026-10-09T16:18:21+0900
2018.10,2408,南亞科,sii,6725607,7979357,5072100,-15.71,32.60,74489849,43221538,72.34,107年10月價格及量較106年10月增加,https://mopsov.twse.com.tw/nas/t21/sii/t21sc03_107_10_0.html,2026-10-09T16:18:21+0900
2018.11,2408,南亞科,sii,5402984,6725607,5744613,-19.66,-5.94,79892833,48966151,63.15,累計至107年11月價格及量較累計至106年11月增加,https://mopsov.twse.com.tw/nas/t21/sii/t21sc03_107_11_0.html,2026-10-09T16:18:21+0900
2018.12,2408,南亞科,sii,4828971,5402984,5952073,-10.62,-18.86,84721804,54918224,54.26,107年度價與量較106年度增加,https://mopsov.twse.com.tw/nas/t21/sii/t21sc03_107_12_0.html,2026-10-09T16:18:21+0900
2019.01,2408,南亞科,sii,4258227,4828971,6147637,-11.81,-30.73,4258227,6147637,-30.73,-,https://mopsov.twse.com.tw/nas/t21/sii/t21sc03_108_1_0.html,2026-10-09T16:18:21+0900
2019.02,2408,南亞科,sii,3394786,4258227,5927141,-20.27,-42.72,7653013,12074778,-36.61,-,https://mopsov.twse.com.tw/nas/t21/sii/t21sc03_108_2_0.html,2026-10-09T16:18:21+0900
2019.03,2408,南亞科,sii,3718792,3394786,6722661,9.54,-44.68,11371805,18797439,-39.50,-,https://mopsov.twse.com.tw/nas/t21/sii/t21sc03_108_3_0.html,2026-10-09T16:18:21+0900
2019.04,2408,南亞科,sii,4110913,3718792,7680634,10.54,-46.47,15482718,26478073,-41.52,-,https://mopsov.twse.com.tw/nas/t21/sii/t21sc03_108_4_0.html,2026-10-09T16:18:21+0900
2019.05,2408,南亞科,sii,4244222,4110913,8326045,3.24,-49.02,19726940,34804118,-43.32,-,https://mopsov.twse.com.tw/nas/t21/sii/t21sc03_108_5_0.html,2026-10-09T16:18:21+0900
2019.06,2408,南亞科,sii,4085655,4244222,8585538,-3.73,-52.41,23812595,43389656,-45.11,108年06月價格及量較107年6月減少,https://mopsov.twse.com.tw/nas/t21/sii/t21sc03_108_6_0.html,2026-10-09T16:18:21+0900
2019.07,2408,南亞科,sii,4575989,4085655,8162217,12.00,-43.93,28388584,51551873,-44.93,-,https://mopsov.twse.com.tw/nas/t21/sii/t21sc03_108_7_0.html,2026-10-09T16:18:21+0900
2019.08,2408,南亞科,sii,5222016,4575989,8233012,14.11,-36.57,33610600,59784885,-43.78,-,https://mopsov.twse.com.tw/nas/t21/sii/t21sc03_108_8_0.html,2026-10-09T16:18:21+0900
2019.09,2408,南亞科,sii,5001349,5222016,7979357,-4.22,-37.32,38611949,67764242,-43.02,-,https://mopsov.twse.com.tw/nas/t21/sii/t21sc03_108_9_0.html,2026-10-09T16:18:21+0900
2019.10,2408,南亞科,sii,4522071,5001349,6725607,-9.58,-32.76,43134020,74489849,-42.09,-,https://mopsov.twse.com.tw/nas/t21/sii/t21sc03_108_10_0.html,2026-10-09T16:18:21+0900
2019.11,2408,南亞科,sii,4262907,4522071,5402984,-5.73,-21.10,47396927,79892833,-40.67,-,https://mopsov.twse.com.tw/nas/t21/sii/t21sc03_108_11_0.html,2026-10-09T16:18:21+0900
2019.12,2408,南亞科,sii,4330531,4262907,4828971,1.58,-10.32,51727458,84721804,-38.94,-,https://mopsov.twse.com.tw/nas/t21/sii/t21sc03_108_12_0.html,2026-10-09T16:18:21+0900
2020.01,2408,南亞科,sii,4500238,4330531,4258227,3.91,5.68,4500238,4258227,5.68,-,https://mopsov.twse.com.tw/nas/t21/sii/t21sc03_109_1_0.html,2026-10-09T16:18:21+0900
2020.02,2408,南亞科,sii,4563039,4500238,3394786,1.39,34.41,9063277,7653013,18.42,-,https://mopsov.twse.com.tw/nas/t21/sii/t21sc03_109_2_0.html,2026-10-09T16:18:21+0900
2020.03,2408,南亞科,sii,5355593,4563039,3718792,17.36,44.01,14418870,11371805,26.79,-,https://mopsov.twse.com.tw/nas/t21/sii/t21sc03_109_3_0.html,2026-10-09T16:18:21+0900
2020.04,2408,南亞科,sii,5619678,5355593,4110913,4.93,36.70,20038548,15482718,29.42,-,https://mopsov.twse.com.tw/nas/t21/sii/t21sc03_109_4_0.html,2026-10-09T16:18:21+0900
2020.05,2408,南亞科,sii,5549926,5619678,4244222,-1.24,30.76,25588474,19726940,29.71,-,https://mopsov.twse.com.tw/nas/t21/sii/t21sc03_109_5_0.html,2026-10-09T16:18:21+0900
2020.06,2408,南亞科,sii,5319753,5549926,4085655,-4.14,30.20,30908227,23812595,29.79,-,https://mopsov.twse.com.tw/nas/t21/sii/t21sc03_109_6_0.html,2026-10-09T16:18:21+0900
2020.07,2408,南亞科,sii,4906905,5319753,4575989,-7.76,7.23,35815132,28388584,26.16,-,https://mopsov.twse.com.tw/nas/t21/sii/t21sc03_109_7_0.html,2026-10-09T16:18:21+0900
2020.08,2408,南亞科,sii,4870327,4906905,5222016,-0.74,-6.73,40685459,33610600,21.04,-,https://mopsov.twse.com.tw/nas/t21/sii/t21sc03_109_8_0.html,2026-10-09T16:18:21+0900
2020.09,2408,南亞科,sii,5546635,4870327,5001349,13.88,10.90,46232094,38611949,19.73,-,https://mopsov.twse.com.tw/nas/t21/sii/t21sc03_109_9_0.html,2026-10-09T16:18:21+0900
2020.10,2408,南亞科,sii,4798034,5546635,4522071,-13.49,6.10,51030128,43134020,18.30,-,https://mopsov.twse.com.tw/nas/t21/sii/t21sc03_109_10_0.html,2026-10-09T16:18:21+0900
2020.11,2408,南亞科,sii,4898221,4798034,4262907,2.08,14.90,55928349,47396927,17.99,-,https://mopsov.twse.com.tw/nas/t21/sii/t21sc03_109_11_0.html,2026-10-09T16:18:21+0900
2020.12,2408,南亞科,sii,5077165,4898221,4330531,3.65,17.24,61005514,51727458,17.93,-,https://mopsov.twse.com.tw/nas/t21/sii/t21sc03_109_12_0.html,2026-10-09T16:18:21+0900
2021.01,2408,南亞科,sii,5532161,5077165,4500238,8.96,22.93,5532161,4500238,22.93,-,https://mopsov.twse.com.tw/nas/t21/sii/t21sc03_110_1_0.html,2026-10-09T16:18:21+0900
2021.02,2408,南亞科,sii,5790836,5532161,4563039,4.67,26.90,11322997,9063277,24.93,-,https://mopsov.twse.com.tw/nas/t21/sii/t21sc03_110_2_0.html,2026-10-09T16:18:21+0900
2021.03,2408,南亞科,sii,6407616,5790836,5355593,10.65,19.64,17730613,14418870,22.96,-,https://mopsov.twse.com.tw/nas/t21/sii/t21sc03_110_3_0.html,2026-10-09T16:18:21+0900
2021.04,2408,南亞科,sii,7394273,6407616,5619678,15.39,31.57,25124886,20038548,25.38,-,https://mopsov.twse.com.tw/nas/t21/sii/t21sc03_110_4_0.html,2026-10-09T16:18:21+0900
2021.05,2408,南亞科,sii,7604264,7394273,5549926,2.83,37.01,32729150,25588474,27.90,-,https://mopsov.twse.com.tw/nas/t21/sii/t21sc03_110_5_0.html,2026-10-09T16:18:21+0900
2021.06,2408,南亞科,sii,7638931,7604264,5319753,0.45,43.59,40368081,30908227,30.60,-,https://mopsov.twse.com.tw/nas/t21/sii/t21sc03_110_6_0.html,2026-10-09T16:18:21+0900
2021.07,2408,南亞科,sii,7950469,7638931,4906905,4.07,62.02,48318550,35815132,34.91,110年7月價格及量較109年7月增加,https://mopsov.twse.com.tw/nas/t21/sii/t21sc03_110_7_0.html,2026-10-09T16:18:21+0900
2021.08,2408,南亞科,sii,8209899,7950469,4870327,3.26,68.56,56528449,40685459,38.94,110年8月價格及量較109年8月增加,https://mopsov.twse.com.tw/nas/t21/sii/t21sc03_110_8_0.html,2026-10-09T16:18:21+0900
2021.09,2408,南亞科,sii,7676760,8209899,5546635,-6.49,38.40,64205209,46232094,38.87,-,https://mopsov.twse.com.tw/nas/t21/sii/t21sc03_110_9_0.html,2026-10-09T16:18:21+0900
2021.10,2408,南亞科,sii,7205480,7676760,4798034,-6.13,50.17,71410689,51030128,39.93,110年10月價格較109年10月增加,https://mopsov.twse.com.tw/nas/t21/sii/t21sc03_110_10_0.html,2026-10-09T16:18:21+0900
2021.11,2408,南亞科,sii,7256877,7205480,4898221,0.71,48.15,78667566,55928349,40.65,-,https://mopsov.twse.com.tw/nas/t21/sii/t21sc03_110_11_0.html,2026-10-09T16:18:21+0900
2021.12,2408,南亞科,sii,6936592,7256877,5077165,-4.41,36.62,85604158,61005514,40.32,-,https://mopsov.twse.com.tw/nas/t21/sii/t21sc03_110_12_0.html,2026-10-09T16:18:21+0900
2022.01,2408,南亞科,sii,6772211,6936592,5532161,-2.36,22.41,6772211,5532161,22.41,-,https://mopsov.twse.com.tw/nas/t21/sii/t21sc03_111_1_0.html,2026-10-09T15:39:43+0900
2022.02,2408,南亞科,sii,6433273,6772211,5790836,-5.00,11.09,13205484,11322997,16.62,-,https://mopsov.twse.com.tw/nas/t21/sii/t21sc03_111_2_0.html,2026-10-09T15:39:43+0900
2022.03,2408,南亞科,sii,6740841,6433273,6407616,4.78,5.20,19946325,17730613,12.49,-,https://mopsov.twse.com.tw/nas/t21/sii/t21sc03_111_3_0.html,2026-10-09T15:39:43+0900
2022.04,2408,南亞科,sii,6598295,6740841,7394273,-2.11,-10.76,26544620,25124886,5.65,-,https://mopsov.twse.com.tw/nas/t21/sii/t21sc03_111_4_0.html,2026-10-09T15:39:43+0900
2022.05,2408,南亞科,sii,6197459,6598295,7604264,-6.07,-18.50,32742079,32729150,0.03,-,https://mopsov.twse.com.tw/nas/t21/sii/t21sc03_111_5_0.html,2026-10-09T15:39:43+0900
2022.06,2408,南亞科,sii,5234918,6197459,7638931,-15.53,-31.47,37976997,40368081,-5.92,-,https://mopsov.twse.com.tw/nas/t21/sii/t21sc03_111_6_0.html,2026-10-09T15:39:43+0900
2022.07,2408,南亞科,sii,4396393,5234918,7950469,-16.01,-44.70,42373390,48318550,-12.30,-,https://mopsov.twse.com.tw/nas/t21/sii/t21sc03_111_7_0.html,2026-10-09T15:39:43+0900
2022.08,2408,南亞科,sii,3419118,4396393,8209899,-22.22,-58.35,45792508,56528449,-18.99,111年8月價格及量較110年8月減少,https://mopsov.twse.com.tw/nas/t21/sii/t21sc03_111_8_0.html,2026-10-09T15:39:43+0900
2022.09,2408,南亞科,sii,3206214,3419118,7676760,-6.22,-58.23,48998722,64205209,-23.68,111年9月價格及量較110年9月減少,https://mopsov.twse.com.tw/nas/t21/sii/t21sc03_111_9_0.html,2026-10-09T15:39:43+0900
2022.10,2408,南亞科,sii,2782167,3206214,7205480,-13.22,-61.38,51780889,71410689,-27.48,111年10月價格及量較110年10月減少,https://mopsov.twse.com.tw/nas/t21/sii/t21sc03_111_10_0.html,2026-10-09T15:39:43+0900
2022.11,2408,南亞科,sii,2771137,2782167,7256877,-0.39,-61.81,54552026,78667566,-30.65,111年11月價格及量較110年11月減少,https://mopsov.twse.com.tw/nas/t21/sii/t21sc03_111_11_0.html,2026-10-09T15:39:43+0900
2022.12,2408,南亞科,sii,2400249,2771137,6936592,-13.38,-65.39,56952275,85604158,-33.47,因俄烏戰爭、全球通膨、中國封控、升息造成記憶體市場景氣下滑,https://mopsov.twse.com.tw/nas/t21/sii/t21sc03_111_12_0.html,2026-10-09T15:39:43+0900
2023.01,2408,南亞科,sii,2251364,2400249,6772211,-6.20,-66.75,2251364,6772211,-66.75,因俄烏戰爭、高通膨、疫情影響供應鏈及中國內需走弱、全球高利息等，造成記憶體景氣下滑。,https://mopsov.twse.com.tw/nas/t21/sii/t21sc03_112_1_0.html,2026-10-09T15:39:43+0900
2023.02,2408,南亞科,sii,2026426,2251364,6433273,-9.99,-68.50,4277790,13205484,-67.60,因俄烏戰爭、高通膨及升息等影響，全球性總體經濟走緩，記憶體市場需求不佳。,https://mopsov.twse.com.tw/nas/t21/sii/t21sc03_112_2_0.html,2026-10-09T15:39:43+0900
2023.03,2408,南亞科,sii,2147093,2026426,6740841,5.95,-68.14,6424883,19946325,-67.78,因俄烏戰爭、高通膨及升息等影響，全球性總體經濟走緩，記憶體市場需求不佳。,https://mopsov.twse.com.tw/nas/t21/sii/t21sc03_112_3_0.html,2026-10-09T15:39:43+0900
2023.04,2408,南亞科,sii,2260020,2147093,6598295,5.25,-65.74,8684903,26544620,-67.28,因俄烏戰爭、高通膨及升息等影響，全球性總體經濟走緩，記憶體市場需求不佳。,https://mopsov.twse.com.tw/nas/t21/sii/t21sc03_112_4_0.html,2026-10-09T15:39:43+0900
2023.05,2408,南亞科,sii,2309037,2260020,6197459,2.16,-62.74,10993940,32742079,-66.42,因俄烏戰爭、高通膨及升息等影響，全球性總體經濟走緩，記憶體市場需求不佳。,https://mopsov.twse.com.tw/nas/t21/sii/t21sc03_112_5_0.html,2026-10-09T15:39:43+0900
2023.06,2408,南亞科,sii,2458014,2309037,5234918,6.45,-53.04,13451954,37976997,-64.57,因俄烏戰爭、高通膨及升息等影響，全球性總體經濟走緩，記憶體市場需求不佳。,https://mopsov.twse.com.tw/nas/t21/sii/t21sc03_112_6_0.html,2026-10-09T15:39:43+0900
2023.07,2408,南亞科,sii,2437193,2458014,4396393,-0.84,-44.56,15889147,42373390,-62.50,因俄烏戰爭、高通膨等影響，全球性總體經濟走緩，記憶體市場需求不佳。,https://mopsov.twse.com.tw/nas/t21/sii/t21sc03_112_7_0.html,2026-10-09T15:39:43+0900
2023.08,2408,南亞科,sii,2574894,2437193,3419118,5.64,-24.69,18464041,45792508,-59.67,因地緣政治影響，全球性總體經濟走緩，記憶體市場需求不佳。,https://mopsov.twse.com.tw/nas/t21/sii/t21sc03_112_8_0.html,2026-10-09T15:39:43+0900
2023.09,2408,南亞科,sii,2724287,2574894,3206214,5.80,-15.03,21188328,48998722,-56.75,因地緣政治影響，全球性總體經濟走緩，記憶體市場需求不佳。,https://mopsov.twse.com.tw/nas/t21/sii/t21sc03_112_9_0.html,2026-10-09T15:39:43+0900
2023.10,2408,南亞科,sii,2668030,2724287,2782167,-2.06,-4.10,23856358,51780889,-53.92,因地緣政治影響，全球性總體經濟走緩，記憶體市場需求不佳。,https://mopsov.twse.com.tw/nas/t21/sii/t21sc03_112_10_0.html,2026-10-09T15:39:43+0900
2023.11,2408,南亞科,sii,2874000,2668030,2771137,7.71,3.71,26730358,54552026,-51.00,因地緣政治影響，全球性總體經濟走緩，記憶體市場需求不佳。,https://mopsov.twse.com.tw/nas/t21/sii/t21sc03_112_11_0.html,2026-10-09T15:39:43+0900
2023.12,2408,南亞科,sii,3161948,2874000,2400249,10.01,31.73,29892306,56952275,-47.51,-,https://mopsov.twse.com.tw/nas/t21/sii/t21sc03_112_12_0.html,2026-10-09T15:39:43+0900
2024.01,2408,南亞科,sii,3060645,3161948,2251364,-3.20,35.94,3060645,2251364,35.94,-,https://mopsov.twse.com.tw/nas/t21/sii/t21sc03_113_1_0.html,2026-10-09T15:39:43+0900
2024.02,2408,南亞科,sii,3050934,3060645,2026426,-0.31,50.55,6111579,4277790,42.86,113年2月營收較去年同期增加50.56%，主要是因出貨量較去年同期增加所致。,https://mopsov.twse.com.tw/nas/t21/sii/t21sc03_113_2_0.html,2026-10-09T15:39:43+0900
2024.03,2408,南亞科,sii,3391358,3050934,2147093,11.15,57.95,9502937,6424883,47.90,113年3月營收較去年同期增加57.95%，主要是因出貨量較去年同期增加所致。,https://mopsov.twse.com.tw/nas/t21/sii/t21sc03_113_3_0.html,2026-10-09T15:39:43+0900
2024.04,2408,南亞科,sii,3206471,3391358,2260020,-5.45,41.87,12709408,8684903,46.33,-,https://mopsov.twse.com.tw/nas/t21/sii/t21sc03_113_4_0.html,2026-10-09T15:39:43+0900
2024.05,2408,南亞科,sii,3351375,3206471,2309037,4.51,45.14,16060783,10993940,46.08,-,https://mopsov.twse.com.tw/nas/t21/sii/t21sc03_113_5_0.html,2026-10-09T15:39:43+0900
2024.06,2408,南亞科,sii,3363197,3351375,2458014,0.35,36.82,19423980,13451954,44.39,-,https://mopsov.twse.com.tw/nas/t21/sii/t21sc03_113_6_0.html,2026-10-09T15:39:43+0900
2024.07,2408,南亞科,sii,2745416,3363197,2437193,-18.36,12.64,22169396,15889147,39.52,-,https://mopsov.twse.com.tw/nas/t21/sii/t21sc03_113_7_0.html,2026-10-09T15:39:43+0900
2024.08,2408,南亞科,sii,2802250,2745416,2574894,2.07,8.82,24971646,18464041,35.24,-,https://mopsov.twse.com.tw/nas/t21/sii/t21sc03_113_8_0.html,2026-10-09T15:39:43+0900
2024.09,2408,南亞科,sii,2584927,2802250,2724287,-7.75,-5.11,27556573,21188328,30.05,-,https://mopsov.twse.com.tw/nas/t21/sii/t21sc03_113_9_0.html,2026-10-09T15:39:43+0900
2024.10,2408,南亞科,sii,2182240,2584927,2668030,-15.57,-18.20,29738813,23856358,24.65,-,https://mopsov.twse.com.tw/nas/t21/sii/t21sc03_113_10_0.html,2026-10-09T15:39:43+0900
2024.11,2408,南亞科,sii,2187326,2182240,2874000,0.23,-23.89,31926139,26730358,19.43,-,https://mopsov.twse.com.tw/nas/t21/sii/t21sc03_113_11_0.html,2026-10-09T15:39:43+0900
2024.12,2408,南亞科,sii,2205531,2187326,3161948,0.83,-30.24,34131670,29892306,14.18,-,https://mopsov.twse.com.tw/nas/t21/sii/t21sc03_113_12_0.html,2026-10-09T15:39:43+0900
2025.01,2408,南亞科,sii,2162373,2205531,3060645,-1.95,-29.34,2162373,3060645,-29.34,-,https://mopsov.twse.com.tw/nas/t21/sii/t21sc03_114_1_0.html,2026-10-09T15:39:43+0900
2025.02,2408,南亞科,sii,2272734,2162373,3050934,5.10,-25.50,4435107,6111579,-27.43,-,https://mopsov.twse.com.tw/nas/t21/sii/t21sc03_114_2_0.html,2026-10-09T15:39:43+0900
2025.03,2408,南亞科,sii,2752833,2272734,3391358,21.12,-18.82,7187940,9502937,-24.36,-,https://mopsov.twse.com.tw/nas/t21/sii/t21sc03_114_3_0.html,2026-10-09T15:39:43+0900
2025.04,2408,南亞科,sii,3118820,2752833,3206471,13.29,-2.73,10306760,12709408,-18.90,-,https://mopsov.twse.com.tw/nas/t21/sii/t21sc03_114_4_0.html,2026-10-09T15:39:43+0900
2025.05,2408,南亞科,sii,3333121,3118820,3351375,6.87,-0.54,13639881,16060783,-15.07,-,https://mopsov.twse.com.tw/nas/t21/sii/t21sc03_114_5_0.html,2026-10-09T15:39:43+0900
2025.06,2408,南亞科,sii,4074153,3333121,3363197,22.23,21.13,17714034,19423980,-8.80,-,https://mopsov.twse.com.tw/nas/t21/sii/t21sc03_114_6_0.html,2026-10-09T15:39:43+0900
2025.07,2408,南亞科,sii,5352227,4074153,2745416,31.37,94.95,23066261,22169396,4.04,受市場需求改善影響。,https://mopsov.twse.com.tw/nas/t21/sii/t21sc03_114_7_0.html,2026-10-09T15:39:43+0900
2025.08,2408,南亞科,sii,6762501,5352227,2802250,26.34,141.32,29828762,24971646,19.45,受市場需求復甦影響。,https://mopsov.twse.com.tw/nas/t21/sii/t21sc03_114_8_0.html,2026-10-09T15:39:43+0900
2025.09,2408,南亞科,sii,6664140,6762501,2584927,-1.45,157.80,36492902,27556573,32.42,受市場需求復甦影響。,https://mopsov.twse.com.tw/nas/t21/sii/t21sc03_114_9_0.html,2026-10-09T15:39:43+0900
2025.10,2408,南亞科,sii,7907729,6664140,2182240,18.66,262.36,44400631,29738813,49.30,受市場需求復甦影響。,https://mopsov.twse.com.tw/nas/t21/sii/t21sc03_114_10_0.html,2026-10-09T15:39:43+0900
2025.11,2408,南亞科,sii,10168737,7907729,2187326,28.59,364.89,54569368,31926139,70.92,受市場需求復甦影響。,https://mopsov.twse.com.tw/nas/t21/sii/t21sc03_114_11_0.html,2026-10-09T15:39:43+0900
2025.12,2408,南亞科,sii,12017152,10168737,2205528,18.17,444.86,66586520,34131667,95.08,受市場需求復甦影響。,https://mopsov.twse.com.tw/nas/t21/sii/t21sc03_114_12_0.html,2026-10-09T15:39:43+0900
2026.01,2408,南亞科,sii,15309988,12017152,2162373,27.40,608.01,15309988,2162373,608.01,受市場需求復甦影響。,https://mopsov.twse.com.tw/nas/t21/sii/t21sc03_115_1_0.html,2026-10-09T15:39:43+0900
2026.02,2408,南亞科,sii,15607184,15309988,2272734,1.94,586.71,30917172,4435107,597.10,受市場需求復甦影響。,https://mopsov.twse.com.tw/nas/t21/sii/t21sc03_115_2_0.html,2026-10-09T15:39:43+0900
2026.03,2408,南亞科,sii,18169760,15607184,2752833,16.41,560.03,49086932,7187940,582.90,受市場需求復甦影響。,https://mopsov.twse.com.tw/nas/t21/sii/t21sc03_115_3_0.html,2026-10-09T15:39:43+0900
2026.04,2408,南亞科,sii,25491201,18169760,3118820,40.29,717.33,74578133,10306760,623.58,受市場需求成長影響。,https://mopsov.twse.com.tw/nas/t21/sii/t21sc03_115_4_0.html,2026-10-09T15:39:43+0900
2026.05,2408,南亞科,sii,27669563,25491201,3333121,8.54,730.13,102247696,13639881,649.62,受市場需求成長影響。,https://mopsov.twse.com.tw/nas/t21/sii/t21sc03_115_5_0.html,2026-10-09T15:39:43+0900
2026.06,2408,南亞科,sii,29388309,27669563,4074153,6.21,621.33,131636005,17714034,643.11,受市場需求成長影響。,https://mopsov.twse.com.tw/nas/t21/sii/t21sc03_115_6_0.html,2026-10-09T15:39:43+0900
2026.07,2408,南亞科,sii,43867609,29388309,5352227,49.26,719.61,175503614,23066261,660.86,受市場需求成長影響。,https://mopsov.twse.com.tw/nas/t21/sii/t21sc03_115_7_0.html,2026-10-09T16:18:21+0900
2026.08,2408,南亞科,sii,44690268,43867609,6762501,1.87,560.85,220193882,29828762,638.19,受市場需求成長影響。,https://mopsov.twse.com.tw/nas/t21/sii/t21sc03_115_8_0.html,2026-10-09T16:18:21+0900
2026.09,2408,南亞科,sii,45091089,44690268,6664140,0.89,576.62,265284971,36492902,626.94,受市場需求成長影響。,https://mopsov.twse.com.tw/nas/t21/sii/t21sc03_115_9_0.html,2026-10-09T16:18:21+0900
2015.01,2454,聯發科,sii,17463667,17074870,12843836,2.27,35.96,17463667,12843836,35.96,海外子公司之營收係以當月平均匯率換算之,https://mopsov.twse.com.tw/nas/t21/sii/t21sc03_104_1_0.html,2026-10-09T16:18:21+0900
2015.02,2454,聯發科,sii,9671259,17463667,15731675,-44.62,-38.52,27134926,28575511,-5.04,海外子公司之營收係以當月平均匯率換算之,https://mopsov.twse.com.tw/nas/t21/sii/t21sc03_104_2_0.html,2026-10-09T16:18:21+0900
2015.03,2454,聯發科,sii,20401294,9671259,17429491,110.94,17.05,47536221,46005001,3.32,海外子公司之營收係以當月平均匯率換算之,https://mopsov.twse.com.tw/nas/t21/sii/t21sc03_104_3_0.html,2026-10-09T16:18:21+0900
2015.04,2454,聯發科,sii,15113621,20401294,19096972,-25.91,-20.85,62649841,65101974,-3.76,海外子公司之營收係以當月平均匯率換算之,https://mopsov.twse.com.tw/nas/t21/sii/t21sc03_104_4_0.html,2026-10-09T16:18:21+0900
2015.05,2454,聯發科,sii,15314278,15113621,19329908,1.32,-20.77,77964119,84431881,-7.66,海外子公司之營收係以當月平均匯率換算之,https://mopsov.twse.com.tw/nas/t21/sii/t21sc03_104_5_0.html,2026-10-09T16:18:21+0900
2015.06,2454,聯發科,sii,16616158,15314278,15706168,8.50,5.79,94580277,100138049,-5.55,海外子公司之營收係以當月平均匯率換算之,https://mopsov.twse.com.tw/nas/t21/sii/t21sc03_104_6_0.html,2026-10-09T16:18:21+0900
2015.07,2454,聯發科,sii,17912254,16616158,19270385,7.80,-7.04,112492531,119408435,-5.79,海外子公司之營收係以當月平均匯率換算之,https://mopsov.twse.com.tw/nas/t21/sii/t21sc03_104_7_0.html,2026-10-09T16:18:21+0900
2015.08,2454,聯發科,sii,19009152,17912254,19656145,6.12,-3.29,131501683,139064580,-5.43,海外子公司之營收係以當月平均匯率換算之,https://mopsov.twse.com.tw/nas/t21/sii/t21sc03_104_8_0.html,2026-10-09T16:18:21+0900
2015.09,2454,聯發科,sii,20040638,19009152,18545617,5.42,8.06,151542321,157610197,-3.84,海外子公司之營收係以當月平均匯率換算之,https://mopsov.twse.com.tw/nas/t21/sii/t21sc03_104_9_0.html,2026-10-09T16:18:21+0900
2015.10,2454,聯發科,sii,22236948,20040638,21604369,10.95,2.92,173779269,179214566,-3.03,海外子公司之營收係以當月平均匯率換算之,https://mopsov.twse.com.tw/nas/t21/sii/t21sc03_104_10_0.html,2026-10-09T16:18:21+0900
2015.11,2454,聯發科,sii,20955528,22236948,16773480,-5.76,24.93,194734797,195988046,-0.63,海外子公司之營收係以當月平均匯率換算之,https://mopsov.twse.com.tw/nas/t21/sii/t21sc03_104_11_0.html,2026-10-09T16:18:21+0900
2015.12,2454,聯發科,sii,18520443,20955528,17074870,-11.62,8.46,213255240,213062916,0.09,海外子公司之營收係以當月平均匯率換算之,https://mopsov.twse.com.tw/nas/t21/sii/t21sc03_104_12_0.html,2026-10-09T16:18:21+0900
2016.01,2454,聯發科,sii,21325720,18520443,17463667,15.14,22.11,21325720,17463667,22.11,海外子公司之營收係以當月平均匯率換算之,https://mopsov.twse.com.tw/nas/t21/sii/t21sc03_105_1_0.html,2026-10-09T16:18:21+0900
2016.02,2454,聯發科,sii,13242410,21325720,9671259,-37.90,36.92,34568130,27134926,27.39,海外子公司之營收係以當月平均匯率換算之,https://mopsov.twse.com.tw/nas/t21/sii/t21sc03_105_2_0.html,2026-10-09T16:18:21+0900
2016.03,2454,聯發科,sii,21337356,13242410,20401294,61.12,4.58,55905486,47536221,17.60,海外子公司之營收係以當月平均匯率換算之,https://mopsov.twse.com.tw/nas/t21/sii/t21sc03_105_3_0.html,2026-10-09T16:18:21+0900
2016.04,2454,聯發科,sii,23021602,21337356,15113621,7.89,52.32,78927088,62649841,25.98,海外子公司之營收係以當月平均匯率換算之,https://mopsov.twse.com.tw/nas/t21/sii/t21sc03_105_4_0.html,2026-10-09T16:18:21+0900
2016.05,2454,聯發科,sii,24636105,23021602,15314278,7.01,60.87,103563193,77964119,32.83,海外子公司之營收係以當月平均匯率換算之,https://mopsov.twse.com.tw/nas/t21/sii/t21sc03_105_5_0.html,2026-10-09T16:18:21+0900
2016.06,2454,聯發科,sii,24869604,24636105,16616158,0.94,49.67,128432797,94580277,35.79,海外子公司之營收係以當月平均匯率換算之,https://mopsov.twse.com.tw/nas/t21/sii/t21sc03_105_6_0.html,2026-10-09T16:18:21+0900
2016.07,2454,聯發科,sii,24818864,24869604,17912254,-0.20,38.55,153251661,112492531,36.23,海外子公司之營收係以當月平均匯率換算之,https://mopsov.twse.com.tw/nas/t21/sii/t21sc03_105_7_0.html,2026-10-09T16:18:21+0900
2016.08,2454,聯發科,sii,25870296,24818864,19009152,4.23,36.09,179121957,131501683,36.21,海外子公司之營收係以當月平均匯率換算之,https://mopsov.twse.com.tw/nas/t21/sii/t21sc03_105_8_0.html,2026-10-09T16:18:21+0900
2016.09,2454,聯發科,sii,27714331,25870296,20040638,7.12,38.29,206836288,151542321,36.48,海外子公司之營收係以當月平均匯率換算之,https://mopsov.twse.com.tw/nas/t21/sii/t21sc03_105_9_0.html,2026-10-09T16:18:21+0900
2016.10,2454,聯發科,sii,23805366,27714331,22236948,-14.10,7.05,230641654,173779269,32.72,海外子公司之營收係以當月平均匯率換算之,https://mopsov.twse.com.tw/nas/t21/sii/t21sc03_105_10_0.html,2026-10-09T16:18:21+0900
2016.11,2454,聯發科,sii,23516040,23805366,20955528,-1.21,12.21,254157694,194734797,30.51,海外子公司之營收係以當月平均匯率換算之,https://mopsov.twse.com.tw/nas/t21/sii/t21sc03_105_11_0.html,2026-10-09T16:18:21+0900
2016.12,2454,聯發科,sii,21354019,23516040,18520443,-9.19,15.29,275511714,213255240,29.19,海外子公司之營收係以當月平均匯率換算之,https://mopsov.twse.com.tw/nas/t21/sii/t21sc03_105_12_0.html,2026-10-09T16:18:21+0900
2017.01,2454,聯發科,sii,18313922,21354019,21325720,-14.23,-14.12,18313922,21325720,-14.12,海外子公司之營收係以當月平均匯率換算之,https://mopsov.twse.com.tw/nas/t21/sii/t21sc03_106_1_0.html,2026-10-09T16:18:21+0900
2017.02,2454,聯發科,sii,16950610,18313922,13242410,-7.44,28.00,35264532,34568130,2.01,海外子公司之營收係以當月平均匯率換算之,https://mopsov.twse.com.tw/nas/t21/sii/t21sc03_106_2_0.html,2026-10-09T16:18:21+0900
2017.03,2454,聯發科,sii,20818189,16950610,21337356,22.81,-2.43,56082721,55905486,0.31,海外子公司之營收係以當月平均匯率換算之,https://mopsov.twse.com.tw/nas/t21/sii/t21sc03_106_3_0.html,2026-10-09T16:18:21+0900
2017.04,2454,聯發科,sii,17747750,20818189,23021602,-14.74,-22.90,73830471,78927088,-6.45,海外子公司之營收係以當月平均匯率換算之,https://mopsov.twse.com.tw/nas/t21/sii/t21sc03_106_4_0.html,2026-10-09T16:18:21+0900
2017.05,2454,聯發科,sii,18437404,17747750,24636105,3.88,-25.16,92267875,103563193,-10.90,海外子公司之營收係以當月平均匯率換算之,https://mopsov.twse.com.tw/nas/t21/sii/t21sc03_106_5_0.html,2026-10-09T16:18:21+0900
2017.06,2454,聯發科,sii,21893635,18437404,24869604,18.74,-11.96,114161510,128432797,-11.11,海外子公司之營收係以當月平均匯率換算之,https://mopsov.twse.com.tw/nas/t21/sii/t21sc03_106_6_0.html,2026-10-09T16:18:21+0900
2017.07,2454,聯發科,sii,18969298,21893635,24818864,-13.35,-23.56,133130808,153251661,-13.12,海外子公司之營收係以當月平均匯率換算之,https://mopsov.twse.com.tw/nas/t21/sii/t21sc03_106_7_0.html,2026-10-09T16:18:21+0900
2017.08,2454,聯發科,sii,22495998,18969298,25870296,18.59,-13.04,155626805,179121957,-13.11,海外子公司之營收係以當月平均匯率換算之,https://mopsov.twse.com.tw/nas/t21/sii/t21sc03_106_8_0.html,2026-10-09T16:18:21+0900
2017.09,2454,聯發科,sii,22186112,22495998,27714331,-1.37,-19.94,177812918,206836288,-14.03,海外子公司之營收係以當月平均匯率換算之,https://mopsov.twse.com.tw/nas/t21/sii/t21sc03_106_9_0.html,2026-10-09T16:18:21+0900
2017.10,2454,聯發科,sii,21011596,22186112,23805366,-5.29,-11.73,198824514,230641654,-13.79,海外子公司之營收係以當月平均匯率換算之,https://mopsov.twse.com.tw/nas/t21/sii/t21sc03_106_10_0.html,2026-10-09T16:18:21+0900
2017.11,2454,聯發科,sii,20739411,21011596,23516040,-1.29,-11.80,219563925,254157694,-13.61,海外子公司之營收係以當月平均匯率換算之,https://mopsov.twse.com.tw/nas/t21/sii/t21sc03_106_11_0.html,2026-10-09T16:18:21+0900
2017.12,2454,聯發科,sii,18652393,20739411,21354019,-10.06,-12.65,238216318,275511714,-13.53,海外子公司之營收係以當月平均匯率換算之,https://mopsov.twse.com.tw/nas/t21/sii/t21sc03_106_12_0.html,2026-10-09T16:18:21+0900
2018.01,2454,聯發科,sii,16835151,18652393,18313922,-9.74,-8.07,16835151,18313922,-8.07,海外子公司之營收係以當月平均匯率換算之,https://mopsov.twse.com.tw/nas/t21/sii/t21sc03_107_1_0.html,2026-10-09T16:18:21+0900
2018.02,2454,聯發科,sii,12708432,16835151,16950610,-24.51,-25.02,29543583,35264532,-16.22,海外子公司之營收係以當月平均匯率換算之,https://mopsov.twse.com.tw/nas/t21/sii/t21sc03_107_2_0.html,2026-10-09T16:18:21+0900
2018.03,2454,聯發科,sii,20110404,12708432,20818189,58.24,-3.39,49653987,56082721,-11.46,海外子公司之營收係以當月平均匯率換算之,https://mopsov.twse.com.tw/nas/t21/sii/t21sc03_107_3_0.html,2026-10-09T16:18:21+0900
2018.04,2454,聯發科,sii,19014978,20110404,17747750,-5.44,7.14,68668965,73830471,-6.99,海外子公司之營收係以當月平均匯率換算之,https://mopsov.twse.com.tw/nas/t21/sii/t21sc03_107_4_0.html,2026-10-09T16:18:21+0900
2018.05,2454,聯發科,sii,20406052,19014978,18437404,7.31,10.67,89075017,92267875,-3.46,海外子公司之營收係以當月平均匯率換算之,https://mopsov.twse.com.tw/nas/t21/sii/t21sc03_107_5_0.html,2026-10-09T16:18:21+0900
2018.06,2454,聯發科,sii,21060302,20406052,21893635,3.20,-3.80,110135319,114161510,-3.52,海外子公司之營收係以當月平均匯率換算之,https://mopsov.twse.com.tw/nas/t21/sii/t21sc03_107_6_0.html,2026-10-09T16:18:21+0900
2018.07,2454,聯發科,sii,20423891,21060302,18969298,-3.02,7.66,130559210,133130808,-1.93,海外子公司之營收係以當月平均匯率換算之,https://mopsov.twse.com.tw/nas/t21/sii/t21sc03_107_7_0.html,2026-10-09T16:18:21+0900
2018.08,2454,聯發科,sii,23502372,20423891,22495998,15.07,4.47,154061582,155626805,-1.00,海外子公司之營收係以當月平均匯率換算之,https://mopsov.twse.com.tw/nas/t21/sii/t21sc03_107_8_0.html,2026-10-09T16:18:21+0900
2018.09,2454,聯發科,sii,23103883,23502372,22186112,-1.69,4.13,177165465,177812918,-0.36,海外子公司之營收係以當月平均匯率換算之,https://mopsov.twse.com.tw/nas/t21/sii/t21sc03_107_9_0.html,2026-10-09T16:18:21+0900
2018.10,2454,聯發科,sii,20835525,23103883,21011596,-9.81,-0.83,198000990,198824514,-0.41,海外子公司之營收係以當月平均匯率換算之,https://mopsov.twse.com.tw/nas/t21/sii/t21sc03_107_10_0.html,2026-10-09T16:18:21+0900
2018.11,2454,聯發科,sii,18669239,20835525,20739411,-10.39,-9.98,216670229,219563925,-1.31,海外子公司之營收係以當月平均匯率換算之,https://mopsov.twse.com.tw/nas/t21/sii/t21sc03_107_11_0.html,2026-10-09T16:18:21+0900
2018.12,2454,聯發科,sii,21387117,18669239,18652393,14.55,14.66,238057346,238216318,-0.06,海外子公司之營收係以當月平均匯率換算之,https://mopsov.twse.com.tw/nas/t21/sii/t21sc03_107_12_0.html,2026-10-09T16:18:21+0900
2019.01,2454,聯發科,sii,16242046,21387117,16835151,-24.05,-3.52,16242046,16835151,-3.52,海外子公司之營收係以當月平均匯率換算之,https://mopsov.twse.com.tw/nas/t21/sii/t21sc03_108_1_0.html,2026-10-09T16:18:21+0900
2019.02,2454,聯發科,sii,14161182,16242046,12708432,-12.81,11.43,30403228,29543583,2.90,海外子公司之營收係以當月平均匯率換算之,https://mopsov.twse.com.tw/nas/t21/sii/t21sc03_108_2_0.html,2026-10-09T16:18:21+0900
2019.03,2454,聯發科,sii,22318664,14161182,20110404,57.60,10.98,52721892,49653987,6.17,海外子公司之營收係以當月平均匯率換算之,https://mopsov.twse.com.tw/nas/t21/sii/t21sc03_108_3_0.html,2026-10-09T16:18:21+0900
2019.04,2454,聯發科,sii,21553235,22318664,19014978,-3.42,13.34,74275128,68668965,8.16,海外子公司之營收係以當月平均匯率換算之,https://mopsov.twse.com.tw/nas/t21/sii/t21sc03_108_4_0.html,2026-10-09T16:18:21+0900
2019.05,2454,聯發科,sii,19120819,21553235,20406052,-11.28,-6.29,93395946,89075017,4.85,海外子公司之營收係以當月平均匯率換算之,https://mopsov.twse.com.tw/nas/t21/sii/t21sc03_108_5_0.html,2026-10-09T16:18:21+0900
2019.06,2454,聯發科,sii,20893052,19120819,21060302,9.26,-0.79,114288998,110135319,3.77,海外子公司之營收係以當月平均匯率換算之,https://mopsov.twse.com.tw/nas/t21/sii/t21sc03_108_6_0.html,2026-10-09T16:18:21+0900
2019.07,2454,聯發科,sii,20687841,20893052,20423891,-0.98,1.29,134976839,130559210,3.38,海外子公司之營收係以當月平均匯率換算之,https://mopsov.twse.com.tw/nas/t21/sii/t21sc03_108_7_0.html,2026-10-09T16:18:21+0900
2019.08,2454,聯發科,sii,23043007,20687841,23502372,11.38,-1.95,158019846,154061582,2.56,海外子公司之營收係以當月平均匯率換算之,https://mopsov.twse.com.tw/nas/t21/sii/t21sc03_108_8_0.html,2026-10-09T16:18:21+0900
2019.09,2454,聯發科,sii,23493506,23043007,23103883,1.95,1.68,181513352,177165465,2.45,海外子公司之營收係以當月平均匯率換算之,https://mopsov.twse.com.tw/nas/t21/sii/t21sc03_108_9_0.html,2026-10-09T16:18:21+0900
2019.10,2454,聯發科,sii,22002624,23493506,20835525,-6.34,5.60,203515976,198000990,2.78,海外子公司之營收係以當月平均匯率換算之,https://mopsov.twse.com.tw/nas/t21/sii/t21sc03_108_10_0.html,2026-10-09T16:18:21+0900
2019.11,2454,聯發科,sii,20616426,22002624,18669239,-6.30,10.42,224132402,216670229,3.44,海外子公司之營收係以當月平均匯率換算之,https://mopsov.twse.com.tw/nas/t21/sii/t21sc03_108_11_0.html,2026-10-09T16:18:21+0900
2019.12,2454,聯發科,sii,22089329,20616426,21387117,7.14,3.28,246221731,238057346,3.42,海外子公司之營收係以當月平均匯率換算之,https://mopsov.twse.com.tw/nas/t21/sii/t21sc03_108_12_0.html,2026-10-09T16:18:21+0900
2020.01,2454,聯發科,sii,19817777,22089329,16242046,-10.28,22.01,19817777,16242046,22.01,海外子公司之營收係以當月平均匯率換算之,https://mopsov.twse.com.tw/nas/t21/sii/t21sc03_109_1_0.html,2026-10-09T16:18:21+0900
2020.02,2454,聯發科,sii,18220837,19817777,14161182,-8.05,28.66,38038614,30403228,25.11,海外子公司之營收係以當月平均匯率換算之,https://mopsov.twse.com.tw/nas/t21/sii/t21sc03_109_2_0.html,2026-10-09T16:18:21+0900
2020.03,2454,聯發科,sii,22824361,18220837,22318664,25.26,2.26,60862975,52721892,15.44,海外子公司之營收係以當月平均匯率換算之,https://mopsov.twse.com.tw/nas/t21/sii/t21sc03_109_3_0.html,2026-10-09T16:18:21+0900
2020.04,2454,聯發科,sii,20545910,22824361,21553235,-9.98,-4.67,81408885,74275128,9.60,海外子公司之營收係以當月平均匯率換算之,https://mopsov.twse.com.tw/nas/t21/sii/t21sc03_109_4_0.html,2026-10-09T16:18:21+0900
2020.05,2454,聯發科,sii,21777663,20545910,19120819,5.99,13.89,103186548,93395946,10.48,海外子公司之營收係以當月平均匯率換算之,https://mopsov.twse.com.tw/nas/t21/sii/t21sc03_109_5_0.html,2026-10-09T16:18:21+0900
2020.06,2454,聯發科,sii,25279480,21777663,20893052,16.07,20.99,128466028,114288998,12.40,海外子公司之營收係以當月平均匯率換算之,https://mopsov.twse.com.tw/nas/t21/sii/t21sc03_109_6_0.html,2026-10-09T16:18:21+0900
2020.07,2454,聯發科,sii,26692397,25279480,20687841,5.58,29.02,155158425,134976839,14.95,海外子公司之營收係以當月平均匯率換算之,https://mopsov.twse.com.tw/nas/t21/sii/t21sc03_109_7_0.html,2026-10-09T16:18:21+0900
2020.08,2454,聯發科,sii,32716126,26692397,23043007,22.56,41.97,187874551,158019846,18.89,海外子公司之營收係以當月平均匯率換算之,https://mopsov.twse.com.tw/nas/t21/sii/t21sc03_109_8_0.html,2026-10-09T16:18:21+0900
2020.09,2454,聯發科,sii,37866211,32716126,23493506,15.74,61.17,225740762,181513352,24.36,(1)差異原因說明：物聯網、行動運算及智慧家庭平台皆成長。(2)海外子公司之營收係以當月平均匯率換算之。,https://mopsov.twse.com.tw/nas/t21/sii/t21sc03_109_9_0.html,2026-10-09T16:18:21+0900
2020.10,2454,聯發科,sii,30438836,37866211,22002624,-19.61,38.34,256179598,203515976,25.87,海外子公司之營收係以當月平均匯率換算之,https://mopsov.twse.com.tw/nas/t21/sii/t21sc03_109_10_0.html,2026-10-09T16:18:21+0900
2020.11,2454,聯發科,sii,33537766,30438836,20616426,10.18,62.67,289717364,224132402,29.26,(1)差異原因說明：物聯網、行動運算及智慧家庭平台皆成長。(2)海外子公司之營收係以當月平均匯率換算之。,https://mopsov.twse.com.tw/nas/t21/sii/t21sc03_109_11_0.html,2026-10-09T16:18:21+0900
2020.12,2454,聯發科,sii,32428624,33537766,22089329,-3.30,46.80,322145988,246221731,30.83,(1)差異原因說明：物聯網、行動運算及智慧家庭平台皆成長。(2)海外子公司之營收係以當月平均匯率換算之。,https://mopsov.twse.com.tw/nas/t21/sii/t21sc03_109_12_0.html,2026-10-09T16:18:21+0900
2021.01,2454,聯發科,sii,35333330,32428624,19817777,8.95,78.29,35333330,19817777,78.29,(1)差異原因說明：物聯網、行動運算及智慧家庭平台皆成長。(2)海外子公司之營收係以當月平均匯率換算之。,https://mopsov.twse.com.tw/nas/t21/sii/t21sc03_110_1_0.html,2026-10-09T16:18:21+0900
2021.02,2454,聯發科,sii,32552975,35333330,18220837,-7.86,78.65,67886305,38038614,78.46,(1)差異原因說明：物聯網與行動運算平台皆成長。(2)海外子公司之營收係以當月平均匯率換算之。,https://mopsov.twse.com.tw/nas/t21/sii/t21sc03_110_2_0.html,2026-10-09T16:18:21+0900
2021.03,2454,聯發科,sii,40146677,32552975,22824361,23.32,75.89,108032982,60862975,77.50,(1)差異原因說明：主要產品線如智慧型手機、物聯網與電視晶片皆成長。(2)海外子公司之營收係以當月平均匯率換算之。,https://mopsov.twse.com.tw/nas/t21/sii/t21sc03_110_3_0.html,2026-10-09T16:18:21+0900
2021.04,2454,聯發科,sii,36571590,40146677,20545910,-8.90,77.99,144604572,81408885,77.62,(1)差異原因說明：主要產品線如智慧型手機、物聯網與電視晶片皆成長。(2)海外子公司之營收係以當月平均匯率換算之。,https://mopsov.twse.com.tw/nas/t21/sii/t21sc03_110_4_0.html,2026-10-09T16:18:21+0900
2021.05,2454,聯發科,sii,41325915,36571590,21777663,13.00,89.76,185930487,103186548,80.18,(1)差異原因說明：主要產品線如智慧型手機、物聯網與電視晶片皆成長。(2)海外子公司之營收係以當月平均匯率換算之。,https://mopsov.twse.com.tw/nas/t21/sii/t21sc03_110_5_0.html,2026-10-09T16:18:21+0900
2021.06,2454,聯發科,sii,47755898,41325915,25279480,15.55,88.91,233686385,128466028,81.90,(1)差異原因說明：主要產品線如智慧型手機、物聯網與電視晶片皆成長。(2)海外子公司之營收係以當月平均匯率換算之。,https://mopsov.twse.com.tw/nas/t21/sii/t21sc03_110_6_0.html,2026-10-09T16:18:21+0900
2021.07,2454,聯發科,sii,40359813,47755898,26692397,-15.48,51.20,274046198,155158425,76.62,(1)差異原因說明：主要因智慧型手機營收大幅成長。(2)海外子公司之營收係以當月平均匯率換算之。,https://mopsov.twse.com.tw/nas/t21/sii/t21sc03_110_7_0.html,2026-10-09T16:18:21+0900
2021.08,2454,聯發科,sii,42808189,40359813,32716126,6.06,30.84,316854387,187874551,68.65,(1)差異原因說明：主要因智慧型手機營收大幅成長。(2)海外子公司之營收係以當月平均匯率換算之。,https://mopsov.twse.com.tw/nas/t21/sii/t21sc03_110_8_0.html,2026-10-09T16:18:21+0900
2021.09,2454,聯發科,sii,47906318,42808189,37866211,11.90,26.51,364760705,225740762,61.58,(1)差異原因說明：本年度主要產品線如智慧型手機、物聯網與電視晶片皆成長。(2)海外子公司之營收係以當月平均匯率換算之。,https://mopsov.twse.com.tw/nas/t21/sii/t21sc03_110_9_0.html,2026-10-09T16:18:21+0900
2021.10,2454,聯發科,sii,37412195,47906318,30438836,-21.90,22.90,402172900,256179598,56.98,(1)差異原因說明：本年度主要產品線如智慧型手機、物聯網與電視晶片皆成長。(2)海外子公司之營收係以當月平均匯率換算之。,https://mopsov.twse.com.tw/nas/t21/sii/t21sc03_110_10_0.html,2026-10-09T16:18:21+0900
2021.11,2454,聯發科,sii,45039216,37412195,33537766,20.38,34.29,447212116,289717364,54.36,(1)差異原因說明：本年度主要產品線如智慧型手機、物聯網與電視晶片皆成長。(2)海外子公司之營收係以當月平均匯率換算之。,https://mopsov.twse.com.tw/nas/t21/sii/t21sc03_110_11_0.html,2026-10-09T16:18:21+0900
2021.12,2454,聯發科,sii,46202466,45039216,32428624,2.58,42.47,493414582,322145988,53.16,(1)差異原因說明：本年度主要產品線如智慧型手機、物聯網與電視晶片皆成長。(2)海外子公司之營收係以當月平均匯率換算之。,https://mopsov.twse.com.tw/nas/t21/sii/t21sc03_110_12_0.html,2026-10-09T16:18:21+0900
2022.01,2454,聯發科,sii,43502342,46202466,35333330,-5.84,23.11,43502342,35333330,23.11,海外子公司之營收係以當月平均匯率換算之。,https://mopsov.twse.com.tw/nas/t21/sii/t21sc03_111_1_0.html,2026-10-09T15:39:43+0900
2022.02,2454,聯發科,sii,40028948,43502342,32552975,-7.98,22.96,83531290,67886305,23.04,海外子公司之營收係以當月平均匯率換算之。,https://mopsov.twse.com.tw/nas/t21/sii/t21sc03_111_2_0.html,2026-10-09T15:39:43+0900
2022.03,2454,聯發科,sii,59179559,40028948,40146677,47.84,47.40,142710849,108032982,32.09,海外子公司之營收係以當月平均匯率換算之。,https://mopsov.twse.com.tw/nas/t21/sii/t21sc03_111_3_0.html,2026-10-09T15:39:43+0900
2022.04,2454,聯發科,sii,52624634,59179559,36571590,-11.07,43.89,195335483,144604572,35.08,海外子公司之營收係以當月平均匯率換算之。,https://mopsov.twse.com.tw/nas/t21/sii/t21sc03_111_4_0.html,2026-10-09T15:39:43+0900
2022.05,2454,聯發科,sii,52076120,52624634,41325915,-1.04,26.01,247411603,185930487,33.06,海外子公司之營收係以當月平均匯率換算之。,https://mopsov.twse.com.tw/nas/t21/sii/t21sc03_111_5_0.html,2026-10-09T15:39:43+0900
2022.06,2454,聯發科,sii,51029067,52076120,47755898,-2.01,6.85,298440670,233686385,27.70,海外子公司之營收係以當月平均匯率換算之。,https://mopsov.twse.com.tw/nas/t21/sii/t21sc03_111_6_0.html,2026-10-09T15:39:43+0900
2022.07,2454,聯發科,sii,40890418,51029067,40359813,-19.86,1.31,339331088,274046198,23.82,海外子公司之營收係以當月平均匯率換算之。,https://mopsov.twse.com.tw/nas/t21/sii/t21sc03_111_7_0.html,2026-10-09T15:39:43+0900
2022.08,2454,聯發科,sii,44699654,40890418,42808189,9.31,4.41,384030742,316854387,21.20,海外子公司之營收係以當月平均匯率換算之。,https://mopsov.twse.com.tw/nas/t21/sii/t21sc03_111_8_0.html,2026-10-09T15:39:43+0900
2022.09,2454,聯發科,sii,56571204,44699654,47906318,26.55,18.08,440601946,364760705,20.79,海外子公司之營收係以當月平均匯率換算之。,https://mopsov.twse.com.tw/nas/t21/sii/t21sc03_111_9_0.html,2026-10-09T15:39:43+0900
2022.10,2454,聯發科,sii,33384225,56571204,37412195,-40.98,-10.76,473986171,402172900,17.85,海外子公司之營收係以當月平均匯率換算之。,https://mopsov.twse.com.tw/nas/t21/sii/t21sc03_111_10_0.html,2026-10-09T15:39:43+0900
2022.11,2454,聯發科,sii,36124647,33384225,45039216,8.20,-19.79,510110818,447212116,14.06,海外子公司之營收係以當月平均匯率換算之。,https://mopsov.twse.com.tw/nas/t21/sii/t21sc03_111_11_0.html,2026-10-09T15:39:43+0900
2022.12,2454,聯發科,sii,38685212,36124647,46202466,7.08,-16.27,548796030,493414582,11.22,海外子公司之營收係以當月平均匯率換算之。,https://mopsov.twse.com.tw/nas/t21/sii/t21sc03_111_12_0.html,2026-10-09T15:39:43+0900
2023.01,2454,聯發科,sii,22383397,38685212,43502342,-42.13,-48.54,22383397,43502342,-48.54,海外子公司之營收係以當月平均匯率換算之。,https://mopsov.twse.com.tw/nas/t21/sii/t21sc03_112_1_0.html,2026-10-09T15:39:43+0900
2023.02,2454,聯發科,sii,30309642,22383397,40028948,35.41,-24.28,52693039,83531290,-36.91,海外子公司之營收係以當月平均匯率換算之。,https://mopsov.twse.com.tw/nas/t21/sii/t21sc03_112_2_0.html,2026-10-09T15:39:43+0900
2023.03,2454,聯發科,sii,42958473,30309642,59179559,41.73,-27.40,95651512,142710849,-32.97,海外子公司之營收係以當月平均匯率換算之。,https://mopsov.twse.com.tw/nas/t21/sii/t21sc03_112_3_0.html,2026-10-09T15:39:43+0900
2023.04,2454,聯發科,sii,28349722,42958473,52624634,-34.00,-46.12,124001234,195335483,-36.51,海外子公司之營收係以當月平均匯率換算之。,https://mopsov.twse.com.tw/nas/t21/sii/t21sc03_112_4_0.html,2026-10-09T15:39:43+0900
2023.05,2454,聯發科,sii,31566805,28349722,52076120,11.34,-39.38,155568039,247411603,-37.12,海外子公司之營收係以當月平均匯率換算之。,https://mopsov.twse.com.tw/nas/t21/sii/t21sc03_112_5_0.html,2026-10-09T15:39:43+0900
2023.06,2454,聯發科,sii,38218758,31566805,51029067,21.07,-25.10,193786797,298440670,-35.06,海外子公司之營收係以當月平均匯率換算之。,https://mopsov.twse.com.tw/nas/t21/sii/t21sc03_112_6_0.html,2026-10-09T15:39:43+0900
2023.07,2454,聯發科,sii,31763135,38218758,40890418,-16.89,-22.32,225549932,339331088,-33.53,海外子公司之營收係以當月平均匯率換算之。,https://mopsov.twse.com.tw/nas/t21/sii/t21sc03_112_7_0.html,2026-10-09T15:39:43+0900
2023.08,2454,聯發科,sii,42256360,31763135,44699654,33.03,-5.46,267806292,384030742,-30.26,海外子公司之營收係以當月平均匯率換算之。,https://mopsov.twse.com.tw/nas/t21/sii/t21sc03_112_8_0.html,2026-10-09T15:39:43+0900
2023.09,2454,聯發科,sii,36078033,42256360,56571204,-14.62,-36.22,303884325,440601946,-31.02,海外子公司之營收係以當月平均匯率換算之。,https://mopsov.twse.com.tw/nas/t21/sii/t21sc03_112_9_0.html,2026-10-09T15:39:43+0900
2023.10,2454,聯發科,sii,42810847,36078033,33384225,18.66,28.23,346695172,473986171,-26.85,海外子公司之營收係以當月平均匯率換算之。,https://mopsov.twse.com.tw/nas/t21/sii/t21sc03_112_10_0.html,2026-10-09T15:39:43+0900
2023.11,2454,聯發科,sii,43071172,42810847,36124647,0.60,19.22,389766344,510110818,-23.59,海外子公司之營收係以當月平均匯率換算之。,https://mopsov.twse.com.tw/nas/t21/sii/t21sc03_112_11_0.html,2026-10-09T15:39:43+0900
2023.12,2454,聯發科,sii,43679986,43071172,38685212,1.41,12.91,433446330,548796030,-21.01,海外子公司之營收係以當月平均匯率換算之。,https://mopsov.twse.com.tw/nas/t21/sii/t21sc03_112_12_0.html,2026-10-09T15:39:43+0900
2024.01,2454,聯發科,sii,44496290,43679986,22383397,1.86,98.79,44496290,22383397,98.79,主要因去年同期適逢春節假期，工作天數較少，加上本期手機營收因市場需求回溫較去年同期大幅成長。,https://mopsov.twse.com.tw/nas/t21/sii/t21sc03_113_1_0.html,2026-10-09T15:39:43+0900
2024.02,2454,聯發科,sii,38481870,44496290,30309642,-13.51,26.96,82978160,52693039,57.47,主要為本期手機營收因客戶需求較去年同期大幅成長。,https://mopsov.twse.com.tw/nas/t21/sii/t21sc03_113_2_0.html,2026-10-09T15:39:43+0900
2024.03,2454,聯發科,sii,50479987,38481870,42958473,31.17,17.50,133458147,95651512,39.52,海外子公司之營收係以當月平均匯率換算之,https://mopsov.twse.com.tw/nas/t21/sii/t21sc03_113_3_0.html,2026-10-09T15:39:43+0900
2024.04,2454,聯發科,sii,42027887,50479987,28349722,-16.74,48.24,175486034,124001234,41.51,海外子公司之營收係以當月平均匯率換算之,https://mopsov.twse.com.tw/nas/t21/sii/t21sc03_113_4_0.html,2026-10-09T15:39:43+0900
2024.05,2454,聯發科,sii,42151178,42027887,31566805,0.29,33.53,217637212,155568039,39.89,海外子公司之營收係以當月平均匯率換算之,https://mopsov.twse.com.tw/nas/t21/sii/t21sc03_113_5_0.html,2026-10-09T15:39:43+0900
2024.06,2454,聯發科,sii,43092056,42151178,38218758,2.23,12.75,260729268,193786797,34.54,海外子公司之營收係以當月平均匯率換算之,https://mopsov.twse.com.tw/nas/t21/sii/t21sc03_113_6_0.html,2026-10-09T15:39:43+0900
2024.07,2454,聯發科,sii,45609723,43092056,31763135,5.84,43.59,306338991,225549932,35.81,海外子公司之營收係以當月平均匯率換算之,https://mopsov.twse.com.tw/nas/t21/sii/t21sc03_113_7_0.html,2026-10-09T15:39:43+0900
2024.08,2454,聯發科,sii,41527835,45609723,42256360,-8.94,-1.72,347866826,267806292,29.89,海外子公司之營收係以當月平均匯率換算之,https://mopsov.twse.com.tw/nas/t21/sii/t21sc03_113_8_0.html,2026-10-09T15:39:43+0900
2024.09,2454,聯發科,sii,44675936,41527835,36078033,7.58,23.83,392542762,303884325,29.17,海外子公司之營收係以當月平均匯率換算之,https://mopsov.twse.com.tw/nas/t21/sii/t21sc03_113_9_0.html,2026-10-09T15:39:43+0900
2024.10,2454,聯發科,sii,51117348,44675936,42810847,14.41,19.40,443660110,346695172,27.96,海外子公司之營收係以當月平均匯率換算之,https://mopsov.twse.com.tw/nas/t21/sii/t21sc03_113_10_0.html,2026-10-09T15:39:43+0900
2024.11,2454,聯發科,sii,45242346,51117348,43071172,-11.49,5.04,488902456,389766344,25.43,海外子公司之營收係以當月平均匯率換算之,https://mopsov.twse.com.tw/nas/t21/sii/t21sc03_113_11_0.html,2026-10-09T15:39:43+0900
2024.12,2454,聯發科,sii,41683430,45242346,43679986,-7.86,-4.57,530585886,433446330,22.41,海外子公司之營收係以當月平均匯率換算之,https://mopsov.twse.com.tw/nas/t21/sii/t21sc03_113_12_0.html,2026-10-09T15:39:43+0900
2025.01,2454,聯發科,sii,51144288,41683430,44496290,22.69,14.94,51144288,44496290,14.94,海外子公司之營收係以當月平均匯率換算之,https://mopsov.twse.com.tw/nas/t21/sii/t21sc03_114_1_0.html,2026-10-09T15:39:43+0900
2025.02,2454,聯發科,sii,46171723,51144288,38481870,-9.72,19.98,97316011,82978160,17.27,海外子公司之營收係以當月平均匯率換算之,https://mopsov.twse.com.tw/nas/t21/sii/t21sc03_114_2_0.html,2026-10-09T15:39:43+0900
2025.03,2454,聯發科,sii,55996226,46171723,50479987,21.27,10.92,153312237,133458147,14.87,海外子公司之營收係以當月平均匯率換算之,https://mopsov.twse.com.tw/nas/t21/sii/t21sc03_114_3_0.html,2026-10-09T15:39:43+0900
2025.04,2454,聯發科,sii,48754424,55996226,42027887,-12.93,16.00,202066661,175486034,15.14,海外子公司之營收係以當月平均匯率換算之,https://mopsov.twse.com.tw/nas/t21/sii/t21sc03_114_4_0.html,2026-10-09T15:39:43+0900
2025.05,2454,聯發科,sii,45180526,48754424,42151178,-7.33,7.18,247247187,217637212,13.60,海外子公司之營收係以當月平均匯率換算之,https://mopsov.twse.com.tw/nas/t21/sii/t21sc03_114_5_0.html,2026-10-09T15:39:43+0900
2025.06,2454,聯發科,sii,56433621,45180526,43092056,24.90,30.96,303680808,260729268,16.47,海外子公司之營收係以當月平均匯率換算之,https://mopsov.twse.com.tw/nas/t21/sii/t21sc03_114_6_0.html,2026-10-09T15:39:43+0900
2025.07,2454,聯發科,sii,43220164,56433621,45609723,-23.41,-5.23,346900972,306338991,13.24,海外子公司之營收係以當月平均匯率換算之,https://mopsov.twse.com.tw/nas/t21/sii/t21sc03_114_7_0.html,2026-10-09T15:39:43+0900
2025.08,2454,聯發科,sii,44546643,43220164,41527835,3.06,7.26,391447615,347866826,12.52,海外子公司之營收係以當月平均匯率換算之,https://mopsov.twse.com.tw/nas/t21/sii/t21sc03_114_8_0.html,2026-10-09T15:39:43+0900
2025.09,2454,聯發科,sii,54330057,44546643,44675936,21.96,21.60,445777672,392542762,13.56,海外子公司之營收係以當月平均匯率換算之,https://mopsov.twse.com.tw/nas/t21/sii/t21sc03_114_9_0.html,2026-10-09T15:39:43+0900
2025.10,2454,聯發科,sii,52026251,54330057,51117348,-4.24,1.77,497803923,443660110,12.20,海外子公司之營收係以當月平均匯率換算之,https://mopsov.twse.com.tw/nas/t21/sii/t21sc03_114_10_0.html,2026-10-09T15:39:43+0900
2025.11,2454,聯發科,sii,46895680,52026251,45242346,-9.86,3.65,544699603,488902456,11.41,海外子公司之營收係以當月平均匯率換算之,https://mopsov.twse.com.tw/nas/t21/sii/t21sc03_114_11_0.html,2026-10-09T15:39:43+0900
2025.12,2454,聯發科,sii,51266079,46895680,41683430,9.31,22.98,595965682,530585886,12.32,海外子公司之營收係以當月平均匯率換算之,https://mopsov.twse.com.tw/nas/t21/sii/t21sc03_114_12_0.html,2026-10-09T15:39:43+0900
2026.01,2454,聯發科,sii,46977055,51266079,51144288,-8.36,-8.14,46977055,51144288,-8.14,海外子公司之營收係以當月平均匯率換算之,https://mopsov.twse.com.tw/nas/t21/sii/t21sc03_115_1_0.html,2026-10-09T15:39:43+0900
2026.02,2454,聯發科,sii,38954271,46977055,46171723,-17.07,-15.63,85931326,97316011,-11.69,海外子公司之營收係以當月平均匯率換算之,https://mopsov.twse.com.tw/nas/t21/sii/t21sc03_115_2_0.html,2026-10-09T15:39:43+0900
2026.03,2454,聯發科,sii,63219184,38954271,55996226,62.29,12.89,149150510,153312237,-2.71,海外子公司之營收係以當月平均匯率換算之,https://mopsov.twse.com.tw/nas/t21/sii/t21sc03_115_3_0.html,2026-10-09T15:39:43+0900
2026.04,2454,聯發科,sii,46736664,63219184,48754424,-26.07,-4.13,195887174,202066661,-3.05,海外子公司之營收係以當月平均匯率換算之,https://mopsov.twse.com.tw/nas/t21/sii/t21sc03_115_4_0.html,2026-10-09T15:39:43+0900
2026.05,2454,聯發科,sii,47434191,46736664,45180526,1.49,4.98,243321365,247247187,-1.58,海外子公司之營收係以當月平均匯率換算之,https://mopsov.twse.com.tw/nas/t21/sii/t21sc03_115_5_0.html,2026-10-09T15:39:43+0900
2026.06,2454,聯發科,sii,58011756,47434191,56433621,22.29,2.79,301333121,303680808,-0.77,海外子公司之營收係以當月平均匯率換算之,https://mopsov.twse.com.tw/nas/t21/sii/t21sc03_115_6_0.html,2026-10-09T15:39:43+0900
2026.07,2454,聯發科,sii,48474930,58011756,43220164,-16.43,12.15,349808051,346900972,0.83,海外子公司之營收係以當月平均匯率換算之,https://mopsov.twse.com.tw/nas/t21/sii/t21sc03_115_7_0.html,2026-10-09T16:18:21+0900
2026.08,2454,聯發科,sii,64183361,48474930,44546643,32.40,44.08,413991412,391447615,5.75,海外子公司之營收係以當月平均匯率換算之,https://mopsov.twse.com.tw/nas/t21/sii/t21sc03_115_8_0.html,2026-10-09T16:18:21+0900
2026.09,2454,聯發科,sii,55399497,64183361,54330057,-13.68,1.96,469390909,445777672,5.29,海外子公司之營收係以當月平均匯率換算之,https://mopsov.twse.com.tw/nas/t21/sii/t21sc03_115_9_0.html,2026-10-09T16:18:21+0900
2015.01,3037,欣興,sii,4700223,5270132,4514108,-10.81,4.12,4700223,4514108,4.12,-,https://mopsov.twse.com.tw/nas/t21/sii/t21sc03_104_1_0.html,2026-10-09T16:18:21+0900
2015.02,3037,欣興,sii,3902101,4700223,4029743,-16.98,-3.16,8602324,8543851,0.68,-,https://mopsov.twse.com.tw/nas/t21/sii/t21sc03_104_2_0.html,2026-10-09T16:18:21+0900
2015.03,3037,欣興,sii,4820846,3902101,5011672,23.54,-3.80,13423170,13555523,-0.97,-,https://mopsov.twse.com.tw/nas/t21/sii/t21sc03_104_3_0.html,2026-10-09T16:18:21+0900
2015.04,3037,欣興,sii,4874066,4820846,4901490,1.10,-0.55,18297236,18457013,-0.86,-,https://mopsov.twse.com.tw/nas/t21/sii/t21sc03_104_4_0.html,2026-10-09T16:18:21+0900
2015.05,3037,欣興,sii,5483439,4874066,5190848,12.50,5.63,23780675,23647862,0.56,-,https://mopsov.twse.com.tw/nas/t21/sii/t21sc03_104_5_0.html,2026-10-09T16:18:21+0900
2015.06,3037,欣興,sii,5886306,5483439,4996020,7.34,17.81,29666981,28643881,3.57,-,https://mopsov.twse.com.tw/nas/t21/sii/t21sc03_104_6_0.html,2026-10-09T16:18:21+0900
2015.07,3037,欣興,sii,5354820,5886306,5354490,-9.02,0.00,35021801,33998372,3.01,-,https://mopsov.twse.com.tw/nas/t21/sii/t21sc03_104_7_0.html,2026-10-09T16:18:21+0900
2015.08,3037,欣興,sii,5507908,5354820,5484585,2.85,0.42,40529709,39482957,2.65,-,https://mopsov.twse.com.tw/nas/t21/sii/t21sc03_104_8_0.html,2026-10-09T16:18:21+0900
2015.09,3037,欣興,sii,6532638,5507908,5641412,18.60,15.79,47062347,45124369,4.29,-,https://mopsov.twse.com.tw/nas/t21/sii/t21sc03_104_9_0.html,2026-10-09T16:18:21+0900
2015.10,3037,欣興,sii,6070963,6532638,5844257,-7.06,3.87,53133310,50968626,4.24,-,https://mopsov.twse.com.tw/nas/t21/sii/t21sc03_104_10_0.html,2026-10-09T16:18:21+0900
2015.11,3037,欣興,sii,5999505,6070963,5516349,-1.17,8.75,59132815,56484975,4.68,-,https://mopsov.twse.com.tw/nas/t21/sii/t21sc03_104_11_0.html,2026-10-09T16:18:21+0900
2015.12,3037,欣興,sii,5517030,5999505,5270132,-8.04,4.68,64649845,61755106,4.68,-,https://mopsov.twse.com.tw/nas/t21/sii/t21sc03_104_12_0.html,2026-10-09T16:18:21+0900
2016.01,3037,欣興,sii,5443446,5517030,4700223,-1.33,15.81,5443446,4700223,15.81,-,https://mopsov.twse.com.tw/nas/t21/sii/t21sc03_105_1_0.html,2026-10-09T16:18:21+0900
2016.02,3037,欣興,sii,4315423,5443446,3902101,-20.72,10.59,9758869,8602324,13.44,-,https://mopsov.twse.com.tw/nas/t21/sii/t21sc03_105_2_0.html,2026-10-09T16:18:21+0900
2016.03,3037,欣興,sii,5569589,4315423,4820846,29.06,15.53,15328459,13423170,14.19,-,https://mopsov.twse.com.tw/nas/t21/sii/t21sc03_105_3_0.html,2026-10-09T16:18:21+0900
2016.04,3037,欣興,sii,5133933,5569589,4874066,-7.82,5.33,20462392,18297236,11.83,-,https://mopsov.twse.com.tw/nas/t21/sii/t21sc03_105_4_0.html,2026-10-09T16:18:21+0900
2016.05,3037,欣興,sii,5061508,5133933,5483439,-1.41,-7.69,25523900,23780675,7.33,-,https://mopsov.twse.com.tw/nas/t21/sii/t21sc03_105_5_0.html,2026-10-09T16:18:21+0900
2016.06,3037,欣興,sii,4796772,5061508,5886306,-5.23,-18.50,30320672,29666981,2.20,-,https://mopsov.twse.com.tw/nas/t21/sii/t21sc03_105_6_0.html,2026-10-09T16:18:21+0900
2016.07,3037,欣興,sii,5113233,4796772,5354820,6.59,-4.51,35433905,35021801,1.17,-,https://mopsov.twse.com.tw/nas/t21/sii/t21sc03_105_7_0.html,2026-10-09T16:18:21+0900
2016.08,3037,欣興,sii,5383078,5113233,5507908,5.27,-2.26,40816983,40529709,0.70,-,https://mopsov.twse.com.tw/nas/t21/sii/t21sc03_105_8_0.html,2026-10-09T16:18:21+0900
2016.09,3037,欣興,sii,5366258,5383078,6532638,-0.31,-17.85,46183240,47062347,-1.86,-,https://mopsov.twse.com.tw/nas/t21/sii/t21sc03_105_9_0.html,2026-10-09T16:18:21+0900
2016.10,3037,欣興,sii,5538994,5366258,6070963,3.21,-8.76,51722234,53133310,-2.65,-,https://mopsov.twse.com.tw/nas/t21/sii/t21sc03_105_10_0.html,2026-10-09T16:18:21+0900
2016.11,3037,欣興,sii,5488146,5538994,5999505,-0.91,-8.52,57210380,59132815,-3.25,-,https://mopsov.twse.com.tw/nas/t21/sii/t21sc03_105_11_0.html,2026-10-09T16:18:21+0900
2016.12,3037,欣興,sii,5427901,5488146,5517030,-1.09,-1.61,62638281,64649845,-3.11,-,https://mopsov.twse.com.tw/nas/t21/sii/t21sc03_105_12_0.html,2026-10-09T16:18:21+0900
2017.01,3037,欣興,sii,4992106,5427901,5443446,-8.02,-8.29,4992106,5443446,-8.29,-,https://mopsov.twse.com.tw/nas/t21/sii/t21sc03_106_1_0.html,2026-10-09T16:18:21+0900
2017.02,3037,欣興,sii,4742459,4992106,4315423,-5.00,9.89,9734565,9758869,-0.24,-,https://mopsov.twse.com.tw/nas/t21/sii/t21sc03_106_2_0.html,2026-10-09T16:18:21+0900
2017.03,3037,欣興,sii,4926378,4742459,5569589,3.87,-11.54,14660943,15328459,-4.35,-,https://mopsov.twse.com.tw/nas/t21/sii/t21sc03_106_3_0.html,2026-10-09T16:18:21+0900
2017.04,3037,欣興,sii,4584319,4926378,5133933,-6.94,-10.70,19245262,20462392,-5.94,-,https://mopsov.twse.com.tw/nas/t21/sii/t21sc03_106_4_0.html,2026-10-09T16:18:21+0900
2017.05,3037,欣興,sii,4832089,4584319,5061508,5.40,-4.53,24077351,25523900,-5.66,-,https://mopsov.twse.com.tw/nas/t21/sii/t21sc03_106_5_0.html,2026-10-09T16:18:21+0900
2017.06,3037,欣興,sii,5107322,4832089,4796772,5.69,6.47,29184674,30320672,-3.74,-,https://mopsov.twse.com.tw/nas/t21/sii/t21sc03_106_6_0.html,2026-10-09T16:18:21+0900
2017.07,3037,欣興,sii,4906466,5107322,5113233,-3.93,-4.04,34091139,35433905,-3.78,-,https://mopsov.twse.com.tw/nas/t21/sii/t21sc03_106_7_0.html,2026-10-09T16:18:21+0900
2017.08,3037,欣興,sii,5739649,4906466,5383078,16.98,6.62,39830788,40816983,-2.41,-,https://mopsov.twse.com.tw/nas/t21/sii/t21sc03_106_8_0.html,2026-10-09T16:18:21+0900
2017.09,3037,欣興,sii,6298209,5739649,5366258,9.73,17.36,46128997,46183240,-0.11,-,https://mopsov.twse.com.tw/nas/t21/sii/t21sc03_106_9_0.html,2026-10-09T16:18:21+0900
2017.10,3037,欣興,sii,6406734,6298209,5538994,1.72,15.66,52535731,51722234,1.57,-,https://mopsov.twse.com.tw/nas/t21/sii/t21sc03_106_10_0.html,2026-10-09T16:18:21+0900
2017.11,3037,欣興,sii,6224527,6406734,5488146,-2.84,13.41,58760258,57210380,2.70,-,https://mopsov.twse.com.tw/nas/t21/sii/t21sc03_106_11_0.html,2026-10-09T16:18:21+0900
2017.12,3037,欣興,sii,6232500,6224527,5427901,0.12,14.82,64992758,62638281,3.75,-,https://mopsov.twse.com.tw/nas/t21/sii/t21sc03_106_12_0.html,2026-10-09T16:18:21+0900
2018.01,3037,欣興,sii,6176269,6232500,4992106,-0.90,23.72,6176269,4992106,23.72,-,https://mopsov.twse.com.tw/nas/t21/sii/t21sc03_107_1_0.html,2026-10-09T16:18:21+0900
2018.02,3037,欣興,sii,4943313,6176269,4742459,-19.96,4.23,11119582,9734565,14.22,-,https://mopsov.twse.com.tw/nas/t21/sii/t21sc03_107_2_0.html,2026-10-09T16:18:21+0900
2018.03,3037,欣興,sii,5441602,4943313,4926378,10.08,10.45,16561184,14660943,12.96,-,https://mopsov.twse.com.tw/nas/t21/sii/t21sc03_107_3_0.html,2026-10-09T16:18:21+0900
2018.04,3037,欣興,sii,5674671,5441602,4584319,4.28,23.78,22235855,19245262,15.53,無,https://mopsov.twse.com.tw/nas/t21/sii/t21sc03_107_4_0.html,2026-10-09T16:18:21+0900
2018.05,3037,欣興,sii,5600348,5674671,4832089,-1.30,15.89,27836202,24077351,15.61,-,https://mopsov.twse.com.tw/nas/t21/sii/t21sc03_107_5_0.html,2026-10-09T16:18:21+0900
2018.06,3037,欣興,sii,6029328,5600348,5107322,7.65,18.05,33865531,29184674,16.03,-,https://mopsov.twse.com.tw/nas/t21/sii/t21sc03_107_6_0.html,2026-10-09T16:18:21+0900
2018.07,3037,欣興,sii,6786233,6029328,4906466,12.55,38.31,40651764,34091139,19.24,-,https://mopsov.twse.com.tw/nas/t21/sii/t21sc03_107_7_0.html,2026-10-09T16:18:21+0900
2018.08,3037,欣興,sii,7380830,6786233,5739649,8.76,28.59,48032594,39830788,20.59,-,https://mopsov.twse.com.tw/nas/t21/sii/t21sc03_107_8_0.html,2026-10-09T16:18:21+0900
2018.09,3037,欣興,sii,7219988,7380830,6298209,-2.17,14.63,55252582,46128997,19.77,-,https://mopsov.twse.com.tw/nas/t21/sii/t21sc03_107_9_0.html,2026-10-09T16:18:21+0900
2018.10,3037,欣興,sii,7559384,7219988,6406734,4.70,17.99,62811966,52535731,19.56,-,https://mopsov.twse.com.tw/nas/t21/sii/t21sc03_107_10_0.html,2026-10-09T16:18:21+0900
2018.11,3037,欣興,sii,7100317,7559384,6224527,-6.07,14.06,69912282,58760258,18.97,-,https://mopsov.twse.com.tw/nas/t21/sii/t21sc03_107_11_0.html,2026-10-09T16:18:21+0900
2018.12,3037,欣興,sii,5820497,7100317,6232500,-18.02,-6.61,75732780,64992758,16.52,-,https://mopsov.twse.com.tw/nas/t21/sii/t21sc03_107_12_0.html,2026-10-09T16:18:21+0900
2019.01,3037,欣興,sii,6154166,5820497,6176269,5.73,-0.35,6154166,6176269,-0.35,-,https://mopsov.twse.com.tw/nas/t21/sii/t21sc03_108_1_0.html,2026-10-09T16:18:21+0900
2019.02,3037,欣興,sii,5160203,6154166,4943313,-16.15,4.38,11314369,11119582,1.75,-,https://mopsov.twse.com.tw/nas/t21/sii/t21sc03_108_2_0.html,2026-10-09T16:18:21+0900
2019.03,3037,欣興,sii,5958509,5160203,5441602,15.47,9.49,17272878,16561184,4.29,-,https://mopsov.twse.com.tw/nas/t21/sii/t21sc03_108_3_0.html,2026-10-09T16:18:21+0900
2019.04,3037,欣興,sii,6323970,5958509,5674671,6.13,11.44,23596848,22235855,6.12,-,https://mopsov.twse.com.tw/nas/t21/sii/t21sc03_108_4_0.html,2026-10-09T16:18:21+0900
2019.05,3037,欣興,sii,6873638,6323970,5600348,8.69,22.73,30470486,27836202,9.46,-,https://mopsov.twse.com.tw/nas/t21/sii/t21sc03_108_5_0.html,2026-10-09T16:18:21+0900
2019.06,3037,欣興,sii,6543502,6873638,6029328,-4.80,8.52,37013988,33865531,9.29,-,https://mopsov.twse.com.tw/nas/t21/sii/t21sc03_108_6_0.html,2026-10-09T16:18:21+0900
2019.07,3037,欣興,sii,7204068,6543502,6786233,10.09,6.15,44218056,40651764,8.77,-,https://mopsov.twse.com.tw/nas/t21/sii/t21sc03_108_7_0.html,2026-10-09T16:18:21+0900
2019.08,3037,欣興,sii,7966058,7204068,7380830,10.57,7.92,52184114,48032594,8.64,-,https://mopsov.twse.com.tw/nas/t21/sii/t21sc03_108_8_0.html,2026-10-09T16:18:21+0900
2019.09,3037,欣興,sii,7778986,7966058,7219988,-2.34,7.74,59963100,55252582,8.52,-,https://mopsov.twse.com.tw/nas/t21/sii/t21sc03_108_9_0.html,2026-10-09T16:18:21+0900
2019.10,3037,欣興,sii,7829826,7778986,7559384,0.65,3.57,67792926,62811966,7.92,-,https://mopsov.twse.com.tw/nas/t21/sii/t21sc03_108_10_0.html,2026-10-09T16:18:21+0900
2019.11,3037,欣興,sii,7519177,7829826,7100317,-3.96,5.89,75312103,69912282,7.72,-,https://mopsov.twse.com.tw/nas/t21/sii/t21sc03_108_11_0.html,2026-10-09T16:18:21+0900
2019.12,3037,欣興,sii,7223450,7519177,5820497,-3.93,24.10,82535553,75732780,8.98,-,https://mopsov.twse.com.tw/nas/t21/sii/t21sc03_108_12_0.html,2026-10-09T16:18:21+0900
2020.01,3037,欣興,sii,6806543,7223450,6154166,-5.77,10.60,6806543,6154166,10.60,-,https://mopsov.twse.com.tw/nas/t21/sii/t21sc03_109_1_0.html,2026-10-09T16:18:21+0900
2020.02,3037,欣興,sii,6230713,6806543,5160203,-8.45,20.74,13037256,11314369,15.22,-,https://mopsov.twse.com.tw/nas/t21/sii/t21sc03_109_2_0.html,2026-10-09T16:18:21+0900
2020.03,3037,欣興,sii,7530036,6230713,5958509,20.85,26.37,20567292,17272878,19.07,-,https://mopsov.twse.com.tw/nas/t21/sii/t21sc03_109_3_0.html,2026-10-09T16:18:21+0900
2020.04,3037,欣興,sii,7309384,7530036,6323970,-2.93,15.58,27876676,23596848,18.13,-,https://mopsov.twse.com.tw/nas/t21/sii/t21sc03_109_4_0.html,2026-10-09T16:18:21+0900
2020.05,3037,欣興,sii,7382381,7309384,6873638,0.99,7.40,35259057,30470486,15.71,-,https://mopsov.twse.com.tw/nas/t21/sii/t21sc03_109_5_0.html,2026-10-09T16:18:21+0900
2020.06,3037,欣興,sii,7018232,7382381,6543502,-4.93,7.25,42277289,37013988,14.21,-,https://mopsov.twse.com.tw/nas/t21/sii/t21sc03_109_6_0.html,2026-10-09T16:18:21+0900
2020.07,3037,欣興,sii,7635849,7018232,7204068,8.80,5.99,49913138,44218056,12.87,-,https://mopsov.twse.com.tw/nas/t21/sii/t21sc03_109_7_0.html,2026-10-09T16:18:21+0900
2020.08,3037,欣興,sii,7478052,7635849,7966058,-2.06,-6.12,57391190,52184114,9.97,-,https://mopsov.twse.com.tw/nas/t21/sii/t21sc03_109_8_0.html,2026-10-09T16:18:21+0900
2020.09,3037,欣興,sii,7924868,7478052,7778986,5.97,1.87,65316058,59963100,8.92,-,https://mopsov.twse.com.tw/nas/t21/sii/t21sc03_109_9_0.html,2026-10-09T16:18:21+0900
2020.10,3037,欣興,sii,7936563,7924868,7829826,0.14,1.36,73252621,67792926,8.05,-,https://mopsov.twse.com.tw/nas/t21/sii/t21sc03_109_10_0.html,2026-10-09T16:18:21+0900
2020.11,3037,欣興,sii,7248783,7936563,7519177,-8.66,-3.59,80501404,75312103,6.89,-,https://mopsov.twse.com.tw/nas/t21/sii/t21sc03_109_11_0.html,2026-10-09T16:18:21+0900
2020.12,3037,欣興,sii,7391417,7248783,7223450,1.96,2.32,87892821,82535553,6.49,-,https://mopsov.twse.com.tw/nas/t21/sii/t21sc03_109_12_0.html,2026-10-09T16:18:21+0900
2021.01,3037,欣興,sii,7448265,7391417,6806543,0.76,9.42,7448265,6806543,9.42,-,https://mopsov.twse.com.tw/nas/t21/sii/t21sc03_110_1_0.html,2026-10-09T16:18:21+0900
2021.02,3037,欣興,sii,6612569,7448265,6230713,-11.22,6.12,14060834,13037256,7.85,-,https://mopsov.twse.com.tw/nas/t21/sii/t21sc03_110_2_0.html,2026-10-09T16:18:21+0900
2021.03,3037,欣興,sii,7762344,6612569,7530036,17.38,3.08,21823178,20567292,6.10,-,https://mopsov.twse.com.tw/nas/t21/sii/t21sc03_110_3_0.html,2026-10-09T16:18:21+0900
2021.04,3037,欣興,sii,7866654,7762344,7309384,1.34,7.62,29689832,27876676,6.50,-,https://mopsov.twse.com.tw/nas/t21/sii/t21sc03_110_4_0.html,2026-10-09T16:18:21+0900
2021.05,3037,欣興,sii,8025993,7866654,7382381,2.02,8.71,37715825,35259057,6.96,-,https://mopsov.twse.com.tw/nas/t21/sii/t21sc03_110_5_0.html,2026-10-09T16:18:21+0900
2021.06,3037,欣興,sii,8138026,8025993,7018232,1.39,15.95,45853851,42277289,8.45,-,https://mopsov.twse.com.tw/nas/t21/sii/t21sc03_110_6_0.html,2026-10-09T16:18:21+0900
2021.07,3037,欣興,sii,9118304,8138026,7635849,12.04,19.41,54972155,49913138,10.13,-,https://mopsov.twse.com.tw/nas/t21/sii/t21sc03_110_7_0.html,2026-10-09T16:18:21+0900
2021.08,3037,欣興,sii,9571010,9118304,7478052,4.96,27.98,64543165,57391190,12.46,-,https://mopsov.twse.com.tw/nas/t21/sii/t21sc03_110_8_0.html,2026-10-09T16:18:21+0900
2021.09,3037,欣興,sii,9455287,9571010,7924868,-1.20,19.31,73998452,65316058,13.29,-,https://mopsov.twse.com.tw/nas/t21/sii/t21sc03_110_9_0.html,2026-10-09T16:18:21+0900
2021.10,3037,欣興,sii,10049041,9455287,7936563,6.27,26.61,84047493,73252621,14.73,-,https://mopsov.twse.com.tw/nas/t21/sii/t21sc03_110_10_0.html,2026-10-09T16:18:21+0900
2021.11,3037,欣興,sii,10275831,10049041,7248783,2.25,41.75,94323324,80501404,17.16,-,https://mopsov.twse.com.tw/nas/t21/sii/t21sc03_110_11_0.html,2026-10-09T16:18:21+0900
2021.12,3037,欣興,sii,10239423,10275831,7391417,-0.35,38.53,104562747,87892821,18.96,-,https://mopsov.twse.com.tw/nas/t21/sii/t21sc03_110_12_0.html,2026-10-09T16:18:21+0900
2022.01,3037,欣興,sii,10477001,10239423,7448265,2.32,40.66,10477001,7448265,40.66,-,https://mopsov.twse.com.tw/nas/t21/sii/t21sc03_111_1_0.html,2026-10-09T15:39:43+0900
2022.02,3037,欣興,sii,9553281,10477001,6612569,-8.81,44.47,20030282,14060834,42.45,-,https://mopsov.twse.com.tw/nas/t21/sii/t21sc03_111_2_0.html,2026-10-09T15:39:43+0900
2022.03,3037,欣興,sii,10680711,9553281,7762344,11.80,37.59,30710993,21823178,40.72,-,https://mopsov.twse.com.tw/nas/t21/sii/t21sc03_111_3_0.html,2026-10-09T15:39:43+0900
2022.04,3037,欣興,sii,11157451,10680711,7866654,4.46,41.83,41868444,29689832,41.01,-,https://mopsov.twse.com.tw/nas/t21/sii/t21sc03_111_4_0.html,2026-10-09T15:39:43+0900
2022.05,3037,欣興,sii,12155699,11157451,8025993,8.94,51.45,54024143,37715825,43.23,產能及客戶需求增加,https://mopsov.twse.com.tw/nas/t21/sii/t21sc03_111_5_0.html,2026-10-09T15:39:43+0900
2022.06,3037,欣興,sii,12321838,12155699,8138026,1.36,51.41,66345981,45853851,44.69,產能及客戶需求增加,https://mopsov.twse.com.tw/nas/t21/sii/t21sc03_111_6_0.html,2026-10-09T15:39:43+0900
2022.07,3037,欣興,sii,11779291,12321838,9118304,-4.40,29.18,78125272,54972155,42.11,-,https://mopsov.twse.com.tw/nas/t21/sii/t21sc03_111_7_0.html,2026-10-09T15:39:43+0900
2022.08,3037,欣興,sii,12131465,11779291,9571010,2.98,26.75,90256737,64543165,39.83,-,https://mopsov.twse.com.tw/nas/t21/sii/t21sc03_111_8_0.html,2026-10-09T15:39:43+0900
2022.09,3037,欣興,sii,13542749,12131465,9455287,11.63,43.22,103799486,73998452,40.27,-,https://mopsov.twse.com.tw/nas/t21/sii/t21sc03_111_9_0.html,2026-10-09T15:39:43+0900
2022.10,3037,欣興,sii,13375688,13542749,10049041,-1.23,33.10,117175174,84047493,39.41,-,https://mopsov.twse.com.tw/nas/t21/sii/t21sc03_111_10_0.html,2026-10-09T15:39:43+0900
2022.11,3037,欣興,sii,12663834,13375688,10275831,-5.32,23.23,129839008,94323324,37.65,-,https://mopsov.twse.com.tw/nas/t21/sii/t21sc03_111_11_0.html,2026-10-09T15:39:43+0900
2022.12,3037,欣興,sii,10650164,12663834,10239423,-15.90,4.01,140489172,104562747,34.35,-,https://mopsov.twse.com.tw/nas/t21/sii/t21sc03_111_12_0.html,2026-10-09T15:39:43+0900
2023.01,3037,欣興,sii,9830489,10650164,10477001,-7.69,-6.17,9830489,10477001,-6.17,-,https://mopsov.twse.com.tw/nas/t21/sii/t21sc03_112_1_0.html,2026-10-09T15:39:43+0900
2023.02,3037,欣興,sii,8071853,9830489,9553281,-17.88,-15.50,17902342,20030282,-10.62,-,https://mopsov.twse.com.tw/nas/t21/sii/t21sc03_112_2_0.html,2026-10-09T15:39:43+0900
2023.03,3037,欣興,sii,8663864,8071853,10680711,7.33,-18.88,26566206,30710993,-13.49,-,https://mopsov.twse.com.tw/nas/t21/sii/t21sc03_112_3_0.html,2026-10-09T15:39:43+0900
2023.04,3037,欣興,sii,8368776,8663864,11157451,-3.40,-24.99,34934982,41868444,-16.56,-,https://mopsov.twse.com.tw/nas/t21/sii/t21sc03_112_4_0.html,2026-10-09T15:39:43+0900
2023.05,3037,欣興,sii,8598334,8368776,12155699,2.74,-29.26,43533316,54024143,-19.41,-,https://mopsov.twse.com.tw/nas/t21/sii/t21sc03_112_5_0.html,2026-10-09T15:39:43+0900
2023.06,3037,欣興,sii,8267797,8598334,12321838,-3.84,-32.90,51801113,66345981,-21.92,-,https://mopsov.twse.com.tw/nas/t21/sii/t21sc03_112_6_0.html,2026-10-09T15:39:43+0900
2023.07,3037,欣興,sii,8568959,8267797,11779291,3.64,-27.25,60370072,78125272,-22.72,-,https://mopsov.twse.com.tw/nas/t21/sii/t21sc03_112_7_0.html,2026-10-09T15:39:43+0900
2023.08,3037,欣興,sii,9217841,8568959,12131465,7.57,-24.01,69587913,90256737,-22.90,-,https://mopsov.twse.com.tw/nas/t21/sii/t21sc03_112_8_0.html,2026-10-09T15:39:43+0900
2023.09,3037,欣興,sii,8758856,9217841,13542749,-4.97,-35.32,78346769,103799486,-24.52,-,https://mopsov.twse.com.tw/nas/t21/sii/t21sc03_112_9_0.html,2026-10-09T15:39:43+0900
2023.10,3037,欣興,sii,8789447,8758856,13375688,0.34,-34.28,87136216,117175174,-25.63,-,https://mopsov.twse.com.tw/nas/t21/sii/t21sc03_112_10_0.html,2026-10-09T15:39:43+0900
2023.11,3037,欣興,sii,8715320,8789447,12663834,-0.84,-31.17,95851536,129839008,-26.17,-,https://mopsov.twse.com.tw/nas/t21/sii/t21sc03_112_11_0.html,2026-10-09T15:39:43+0900
2023.12,3037,欣興,sii,8184615,8715320,10650164,-6.08,-23.15,104036151,140489172,-25.94,-,https://mopsov.twse.com.tw/nas/t21/sii/t21sc03_112_12_0.html,2026-10-09T15:39:43+0900
2024.01,3037,欣興,sii,9222048,8184615,9830489,12.67,-6.18,9222048,9830489,-6.18,-,https://mopsov.twse.com.tw/nas/t21/sii/t21sc03_113_1_0.html,2026-10-09T15:39:43+0900
2024.02,3037,欣興,sii,8279814,9222048,8071853,-10.21,2.57,17501862,17902342,-2.23,-,https://mopsov.twse.com.tw/nas/t21/sii/t21sc03_113_2_0.html,2026-10-09T15:39:43+0900
2024.03,3037,欣興,sii,8900957,8279814,8663864,7.50,2.73,26402819,26566206,-0.61,-,https://mopsov.twse.com.tw/nas/t21/sii/t21sc03_113_3_0.html,2026-10-09T15:39:43+0900
2024.04,3037,欣興,sii,9361971,8900957,8368776,5.17,11.86,35764790,34934982,2.37,-,https://mopsov.twse.com.tw/nas/t21/sii/t21sc03_113_4_0.html,2026-10-09T15:39:43+0900
2024.05,3037,欣興,sii,9643831,9361971,8598334,3.01,12.15,45408621,43533316,4.30,-,https://mopsov.twse.com.tw/nas/t21/sii/t21sc03_113_5_0.html,2026-10-09T15:39:43+0900
2024.06,3037,欣興,sii,8871595,9643831,8267797,-8.00,7.30,54280216,51801113,4.78,-,https://mopsov.twse.com.tw/nas/t21/sii/t21sc03_113_6_0.html,2026-10-09T15:39:43+0900
2024.07,3037,欣興,sii,10051113,8871595,8568959,13.29,17.29,64331329,60370072,6.56,-,https://mopsov.twse.com.tw/nas/t21/sii/t21sc03_113_7_0.html,2026-10-09T15:39:43+0900
2024.08,3037,欣興,sii,10823395,10051113,9217841,7.68,17.41,75154724,69587913,7.99,-,https://mopsov.twse.com.tw/nas/t21/sii/t21sc03_113_8_0.html,2026-10-09T15:39:43+0900
2024.09,3037,欣興,sii,10837646,10823395,8758856,0.13,23.73,85992370,78346769,9.75,-,https://mopsov.twse.com.tw/nas/t21/sii/t21sc03_113_9_0.html,2026-10-09T15:39:43+0900
2024.10,3037,欣興,sii,10479818,10837646,8789447,-3.30,19.23,96472188,87136216,10.71,-,https://mopsov.twse.com.tw/nas/t21/sii/t21sc03_113_10_0.html,2026-10-09T15:39:43+0900
2024.11,3037,欣興,sii,9583655,10479818,8715320,-8.55,9.96,106055843,95851536,10.64,-,https://mopsov.twse.com.tw/nas/t21/sii/t21sc03_113_11_0.html,2026-10-09T15:39:43+0900
2024.12,3037,欣興,sii,9317439,9583655,8184615,-2.77,13.84,115373282,104036151,10.89,-,https://mopsov.twse.com.tw/nas/t21/sii/t21sc03_113_12_0.html,2026-10-09T15:39:43+0900
2025.01,3037,欣興,sii,9493871,9317439,9222048,1.89,2.94,9493871,9222048,2.94,-,https://mopsov.twse.com.tw/nas/t21/sii/t21sc03_114_1_0.html,2026-10-09T15:39:43+0900
2025.02,3037,欣興,sii,9985276,9493871,8279814,5.17,20.59,19479147,17501862,11.29,-,https://mopsov.twse.com.tw/nas/t21/sii/t21sc03_114_2_0.html,2026-10-09T15:39:43+0900
2025.03,3037,欣興,sii,10610385,9985276,8900957,6.26,19.20,30089532,26402819,13.96,-,https://mopsov.twse.com.tw/nas/t21/sii/t21sc03_114_3_0.html,2026-10-09T15:39:43+0900
2025.04,3037,欣興,sii,10915988,10610385,9361971,2.88,16.59,41005520,35764790,14.65,-,https://mopsov.twse.com.tw/nas/t21/sii/t21sc03_114_4_0.html,2026-10-09T15:39:43+0900
2025.05,3037,欣興,sii,10621322,10915988,9643831,-2.69,10.13,51626842,45408621,13.69,-,https://mopsov.twse.com.tw/nas/t21/sii/t21sc03_114_5_0.html,2026-10-09T15:39:43+0900
2025.06,3037,欣興,sii,10928735,10621322,8871595,2.89,23.18,62555577,54280216,15.24,-,https://mopsov.twse.com.tw/nas/t21/sii/t21sc03_114_6_0.html,2026-10-09T15:39:43+0900
2025.07,3037,欣興,sii,11311474,10928735,10051113,3.50,12.53,73867051,64331329,14.82,-,https://mopsov.twse.com.tw/nas/t21/sii/t21sc03_114_7_0.html,2026-10-09T15:39:43+0900
2025.08,3037,欣興,sii,11356606,11311474,10823395,0.39,4.92,85223657,75154724,13.39,-,https://mopsov.twse.com.tw/nas/t21/sii/t21sc03_114_8_0.html,2026-10-09T15:39:43+0900
2025.09,3037,欣興,sii,11326339,11356606,10837646,-0.26,4.50,96549996,85992370,12.27,-,https://mopsov.twse.com.tw/nas/t21/sii/t21sc03_114_9_0.html,2026-10-09T15:39:43+0900
2025.10,3037,欣興,sii,11327098,11326339,10479818,0.00,8.08,107877094,96472188,11.82,-,https://mopsov.twse.com.tw/nas/t21/sii/t21sc03_114_10_0.html,2026-10-09T15:39:43+0900
2025.11,3037,欣興,sii,11541416,11327098,9583655,1.89,20.42,119418510,106055843,12.59,-,https://mopsov.twse.com.tw/nas/t21/sii/t21sc03_114_11_0.html,2026-10-09T15:39:43+0900
2025.12,3037,欣興,sii,11822372,11541416,9317439,2.43,26.88,131240882,115373282,13.75,-,https://mopsov.twse.com.tw/nas/t21/sii/t21sc03_114_12_0.html,2026-10-09T15:39:43+0900
2026.01,3037,欣興,sii,12766959,11822372,9493871,7.98,34.47,12766959,9493871,34.47,-,https://mopsov.twse.com.tw/nas/t21/sii/t21sc03_115_1_0.html,2026-10-09T15:39:43+0900
2026.02,3037,欣興,sii,11600477,12766959,9985276,-9.13,16.17,24367436,19479147,25.09,-,https://mopsov.twse.com.tw/nas/t21/sii/t21sc03_115_2_0.html,2026-10-09T15:39:43+0900
2026.03,3037,欣興,sii,13079019,11600477,10610385,12.74,23.26,37446455,30089532,24.45,-,https://mopsov.twse.com.tw/nas/t21/sii/t21sc03_115_3_0.html,2026-10-09T15:39:43+0900
2026.04,3037,欣興,sii,13932815,13079019,10915988,6.52,27.63,51379270,41005520,25.29,-,https://mopsov.twse.com.tw/nas/t21/sii/t21sc03_115_4_0.html,2026-10-09T15:39:43+0900
2026.05,3037,欣興,sii,14059973,13932815,10621322,0.91,32.37,65439243,51626842,26.75,-,https://mopsov.twse.com.tw/nas/t21/sii/t21sc03_115_5_0.html,2026-10-09T15:39:43+0900
2026.06,3037,欣興,sii,14897030,14059973,10928735,5.95,36.31,80336273,62555577,28.42,-,https://mopsov.twse.com.tw/nas/t21/sii/t21sc03_115_6_0.html,2026-10-09T15:39:43+0900
2026.07,3037,欣興,sii,16253637,14897030,11311474,9.10,43.69,96589910,73867051,30.76,-,https://mopsov.twse.com.tw/nas/t21/sii/t21sc03_115_7_0.html,2026-10-09T16:18:21+0900
2026.08,3037,欣興,sii,17745519,16253637,11356606,9.17,56.25,114335429,85223657,34.15,產能及客戶需求增加,https://mopsov.twse.com.tw/nas/t21/sii/t21sc03_115_8_0.html,2026-10-09T16:18:21+0900
2026.09,3037,欣興,sii,18650679,17745519,11326339,5.10,64.66,132986108,96549996,37.73,產能及客戶需求增加,https://mopsov.twse.com.tw/nas/t21/sii/t21sc03_115_9_0.html,2026-10-09T16:18:21+0900
2015.01,3189,景碩,sii,1896636,1826632,2021027,3.83,-6.15,1896636,2021027,-6.15,-,https://mopsov.twse.com.tw/nas/t21/sii/t21sc03_104_1_0.html,2026-10-09T16:18:21+0900
2015.02,3189,景碩,sii,1456384,1896636,1655017,-23.21,-12.00,3353020,3676044,-8.78,-,https://mopsov.twse.com.tw/nas/t21/sii/t21sc03_104_2_0.html,2026-10-09T16:18:21+0900
2015.03,3189,景碩,sii,1993201,1456384,2120755,36.85,-6.01,5346221,5796799,-7.77,-,https://mopsov.twse.com.tw/nas/t21/sii/t21sc03_104_3_0.html,2026-10-09T16:18:21+0900
2015.04,3189,景碩,sii,1939994,1993201,2306370,-2.66,-15.88,7286215,8103169,-10.08,-,https://mopsov.twse.com.tw/nas/t21/sii/t21sc03_104_4_0.html,2026-10-09T16:18:21+0900
2015.05,3189,景碩,sii,1677346,1939994,2218757,-13.53,-24.40,8963561,10321926,-13.15,-,https://mopsov.twse.com.tw/nas/t21/sii/t21sc03_104_5_0.html,2026-10-09T16:18:21+0900
2015.06,3189,景碩,sii,1815326,1677346,2259070,8.22,-19.64,10778887,12580996,-14.32,-,https://mopsov.twse.com.tw/nas/t21/sii/t21sc03_104_6_0.html,2026-10-09T16:18:21+0900
2015.07,3189,景碩,sii,1890959,1815326,2376911,4.16,-20.44,12669846,14957907,-15.29,-,https://mopsov.twse.com.tw/nas/t21/sii/t21sc03_104_7_0.html,2026-10-09T16:18:21+0900
2015.08,3189,景碩,sii,1861462,1890959,2215460,-1.55,-15.97,14531308,17173367,-15.38,-,https://mopsov.twse.com.tw/nas/t21/sii/t21sc03_104_8_0.html,2026-10-09T16:18:21+0900
2015.09,3189,景碩,sii,2235391,1861462,2141217,20.08,4.39,16766699,19314584,-13.19,-,https://mopsov.twse.com.tw/nas/t21/sii/t21sc03_104_9_0.html,2026-10-09T16:18:21+0900
2015.10,3189,景碩,sii,2127632,2235391,2028815,-4.82,4.87,18894331,21343399,-11.47,-,https://mopsov.twse.com.tw/nas/t21/sii/t21sc03_104_10_0.html,2026-10-09T16:18:21+0900
2015.11,3189,景碩,sii,2133335,2127632,1773803,0.26,20.26,21027666,23117202,-9.03,-,https://mopsov.twse.com.tw/nas/t21/sii/t21sc03_104_11_0.html,2026-10-09T16:18:21+0900
2015.12,3189,景碩,sii,2033645,2133335,1826632,-4.67,11.33,23061311,24943834,-7.54,-,https://mopsov.twse.com.tw/nas/t21/sii/t21sc03_104_12_0.html,2026-10-09T16:18:21+0900
2016.01,3189,景碩,sii,1875931,2033645,1896636,-7.75,-1.09,1875931,1896636,-1.09,-,https://mopsov.twse.com.tw/nas/t21/sii/t21sc03_105_1_0.html,2026-10-09T16:18:21+0900
2016.02,3189,景碩,sii,1546434,1875931,1456384,-17.56,6.18,3422365,3353020,2.06,-,https://mopsov.twse.com.tw/nas/t21/sii/t21sc03_105_2_0.html,2026-10-09T16:18:21+0900
2016.03,3189,景碩,sii,1947791,1546434,1993201,25.95,-2.27,5370156,5346221,0.44,-,https://mopsov.twse.com.tw/nas/t21/sii/t21sc03_105_3_0.html,2026-10-09T16:18:21+0900
2016.04,3189,景碩,sii,1847924,1947791,1939994,-5.12,-4.74,7218080,7286215,-0.93,-,https://mopsov.twse.com.tw/nas/t21/sii/t21sc03_105_4_0.html,2026-10-09T16:18:21+0900
2016.05,3189,景碩,sii,1924030,1847924,1677346,4.11,14.70,9142110,8963561,1.99,-,https://mopsov.twse.com.tw/nas/t21/sii/t21sc03_105_5_0.html,2026-10-09T16:18:21+0900
2016.06,3189,景碩,sii,2004309,1924030,1815326,4.17,10.41,11146419,10778887,3.40,-,https://mopsov.twse.com.tw/nas/t21/sii/t21sc03_105_6_0.html,2026-10-09T16:18:21+0900
2016.07,3189,景碩,sii,2043448,2004309,1890959,1.95,8.06,13189867,12669846,4.10,-,https://mopsov.twse.com.tw/nas/t21/sii/t21sc03_105_7_0.html,2026-10-09T16:18:21+0900
2016.08,3189,景碩,sii,2198948,2043448,1861462,7.60,18.13,15388815,14531308,5.90,-,https://mopsov.twse.com.tw/nas/t21/sii/t21sc03_105_8_0.html,2026-10-09T16:18:21+0900
2016.09,3189,景碩,sii,2088660,2198948,2235391,-5.01,-6.56,17477475,16766699,4.23,-,https://mopsov.twse.com.tw/nas/t21/sii/t21sc03_105_9_0.html,2026-10-09T16:18:21+0900
2016.10,3189,景碩,sii,1965738,2088660,2127632,-5.88,-7.60,19443213,18894331,2.90,-,https://mopsov.twse.com.tw/nas/t21/sii/t21sc03_105_10_0.html,2026-10-09T16:18:21+0900
2016.11,3189,景碩,sii,1982767,1965738,2133335,0.86,-7.05,21425980,21027666,1.89,-,https://mopsov.twse.com.tw/nas/t21/sii/t21sc03_105_11_0.html,2026-10-09T16:18:21+0900
2016.12,3189,景碩,sii,1739086,1982767,2033645,-12.28,-14.48,23165066,23061311,0.44,-,https://mopsov.twse.com.tw/nas/t21/sii/t21sc03_105_12_0.html,2026-10-09T16:18:21+0900
2017.01,3189,景碩,sii,1739205,1739086,1875931,0.00,-7.28,1739205,1875931,-7.28,-,https://mopsov.twse.com.tw/nas/t21/sii/t21sc03_106_1_0.html,2026-10-09T16:18:21+0900
2017.02,3189,景碩,sii,1521665,1739205,1546434,-12.50,-1.60,3260870,3422365,-4.71,-,https://mopsov.twse.com.tw/nas/t21/sii/t21sc03_106_2_0.html,2026-10-09T16:18:21+0900
2017.03,3189,景碩,sii,1709474,1521665,1947791,12.34,-12.23,4970344,5370156,-7.44,-,https://mopsov.twse.com.tw/nas/t21/sii/t21sc03_106_3_0.html,2026-10-09T16:18:21+0900
2017.04,3189,景碩,sii,1676770,1709474,1847924,-1.91,-9.26,6647114,7218080,-7.91,-,https://mopsov.twse.com.tw/nas/t21/sii/t21sc03_106_4_0.html,2026-10-09T16:18:21+0900
2017.05,3189,景碩,sii,1617235,1676770,1924030,-3.55,-15.94,8264349,9142110,-9.60,-,https://mopsov.twse.com.tw/nas/t21/sii/t21sc03_106_5_0.html,2026-10-09T16:18:21+0900
2017.06,3189,景碩,sii,1626273,1617235,2004309,0.55,-18.86,9890622,11146419,-11.26,-,https://mopsov.twse.com.tw/nas/t21/sii/t21sc03_106_6_0.html,2026-10-09T16:18:21+0900
2017.07,3189,景碩,sii,1790873,1626273,2043448,10.12,-12.36,11681495,13189867,-11.43,-,https://mopsov.twse.com.tw/nas/t21/sii/t21sc03_106_7_0.html,2026-10-09T16:18:21+0900
2017.08,3189,景碩,sii,2108433,1790873,2198948,17.73,-4.11,13789928,15388815,-10.38,-,https://mopsov.twse.com.tw/nas/t21/sii/t21sc03_106_8_0.html,2026-10-09T16:18:21+0900
2017.09,3189,景碩,sii,2252564,2108433,2088660,6.83,7.84,16042492,17477475,-8.21,-,https://mopsov.twse.com.tw/nas/t21/sii/t21sc03_106_9_0.html,2026-10-09T16:18:21+0900
2017.10,3189,景碩,sii,2484554,2252564,1965738,10.29,26.39,18527046,19443213,-4.71,-,https://mopsov.twse.com.tw/nas/t21/sii/t21sc03_106_10_0.html,2026-10-09T16:18:21+0900
2017.11,3189,景碩,sii,2073660,2484554,1982767,-16.53,4.58,20600706,21425980,-3.85,-,https://mopsov.twse.com.tw/nas/t21/sii/t21sc03_106_11_0.html,2026-10-09T16:18:21+0900
2017.12,3189,景碩,sii,1734780,2073660,1739086,-16.34,-0.24,22335486,23165066,-3.58,-,https://mopsov.twse.com.tw/nas/t21/sii/t21sc03_106_12_0.html,2026-10-09T16:18:21+0900
2018.01,3189,景碩,sii,2056636,1734780,1739205,18.55,18.25,2056636,1739205,18.25,-,https://mopsov.twse.com.tw/nas/t21/sii/t21sc03_107_1_0.html,2026-10-09T16:18:21+0900
2018.02,3189,景碩,sii,1397628,2056636,1521665,-32.04,-8.15,3454264,3260870,5.93,-,https://mopsov.twse.com.tw/nas/t21/sii/t21sc03_107_2_0.html,2026-10-09T16:18:21+0900
2018.03,3189,景碩,sii,1797493,1397628,1709474,28.61,5.14,5251757,4970344,5.66,-,https://mopsov.twse.com.tw/nas/t21/sii/t21sc03_107_3_0.html,2026-10-09T16:18:21+0900
2018.04,3189,景碩,sii,1836374,1797493,1676770,2.16,9.51,7088131,6647114,6.63,-,https://mopsov.twse.com.tw/nas/t21/sii/t21sc03_107_4_0.html,2026-10-09T16:18:21+0900
2018.05,3189,景碩,sii,2060568,1836374,1617235,12.20,27.41,9148699,8264349,10.70,-,https://mopsov.twse.com.tw/nas/t21/sii/t21sc03_107_5_0.html,2026-10-09T16:18:21+0900
2018.06,3189,景碩,sii,1905397,2060568,1626273,-7.53,17.16,11054096,9890622,11.76,-,https://mopsov.twse.com.tw/nas/t21/sii/t21sc03_107_6_0.html,2026-10-09T16:18:21+0900
2018.07,3189,景碩,sii,2186086,1905397,1790873,14.73,22.06,13240182,11681495,13.34,-,https://mopsov.twse.com.tw/nas/t21/sii/t21sc03_107_7_0.html,2026-10-09T16:18:21+0900
2018.08,3189,景碩,sii,2199227,2186086,2108433,0.60,4.30,15439409,13789928,11.96,-,https://mopsov.twse.com.tw/nas/t21/sii/t21sc03_107_8_0.html,2026-10-09T16:18:21+0900
2018.09,3189,景碩,sii,2029655,2199227,2252564,-7.71,-9.89,17469064,16042492,8.89,-,https://mopsov.twse.com.tw/nas/t21/sii/t21sc03_107_9_0.html,2026-10-09T16:18:21+0900
2018.10,3189,景碩,sii,2191449,2029655,2484554,7.97,-11.79,19660513,18527046,6.11,-,https://mopsov.twse.com.tw/nas/t21/sii/t21sc03_107_10_0.html,2026-10-09T16:18:21+0900
2018.11,3189,景碩,sii,2017333,2191449,2073660,-7.94,-2.71,21677846,20600706,5.22,-,https://mopsov.twse.com.tw/nas/t21/sii/t21sc03_107_11_0.html,2026-10-09T16:18:21+0900
2018.12,3189,景碩,sii,2050083,2017333,1734780,1.62,18.17,23727929,22335486,6.23,-,https://mopsov.twse.com.tw/nas/t21/sii/t21sc03_107_12_0.html,2026-10-09T16:18:21+0900
2019.01,3189,景碩,sii,2122169,2050083,2056636,3.51,3.18,2122169,2056636,3.18,-,https://mopsov.twse.com.tw/nas/t21/sii/t21sc03_108_1_0.html,2026-10-09T16:18:21+0900
2019.02,3189,景碩,sii,1160504,2122169,1397628,-45.31,-16.96,3282673,3454264,-4.96,-,https://mopsov.twse.com.tw/nas/t21/sii/t21sc03_108_2_0.html,2026-10-09T16:18:21+0900
2019.03,3189,景碩,sii,1636398,1160504,1797493,41.00,-8.96,4919071,5251757,-6.33,-,https://mopsov.twse.com.tw/nas/t21/sii/t21sc03_108_3_0.html,2026-10-09T16:18:21+0900
2019.04,3189,景碩,sii,1865849,1636398,1836374,14.02,1.60,6784920,7088131,-4.27,-,https://mopsov.twse.com.tw/nas/t21/sii/t21sc03_108_4_0.html,2026-10-09T16:18:21+0900
2019.05,3189,景碩,sii,1636696,1865849,2060568,-12.28,-20.57,8421616,9148699,-7.94,-,https://mopsov.twse.com.tw/nas/t21/sii/t21sc03_108_5_0.html,2026-10-09T16:18:21+0900
2019.06,3189,景碩,sii,1672101,1636696,1905397,2.16,-12.24,10093717,11054096,-8.68,-,https://mopsov.twse.com.tw/nas/t21/sii/t21sc03_108_6_0.html,2026-10-09T16:18:21+0900
2019.07,3189,景碩,sii,1976693,1672101,2186086,18.21,-9.57,12070410,13240182,-8.83,-,https://mopsov.twse.com.tw/nas/t21/sii/t21sc03_108_7_0.html,2026-10-09T16:18:21+0900
2019.08,3189,景碩,sii,2018886,1976693,2199227,2.13,-8.20,14089296,15439409,-8.74,-,https://mopsov.twse.com.tw/nas/t21/sii/t21sc03_108_8_0.html,2026-10-09T16:18:21+0900
2019.09,3189,景碩,sii,2001917,2018886,2029655,-0.84,-1.36,16091213,17469064,-7.88,-,https://mopsov.twse.com.tw/nas/t21/sii/t21sc03_108_9_0.html,2026-10-09T16:18:21+0900
2019.10,3189,景碩,sii,1997005,2001917,2191449,-0.24,-8.87,18088218,19660513,-7.99,-,https://mopsov.twse.com.tw/nas/t21/sii/t21sc03_108_10_0.html,2026-10-09T16:18:21+0900
2019.11,3189,景碩,sii,2055084,1997005,2017333,2.90,1.87,20143302,21677846,-7.07,-,https://mopsov.twse.com.tw/nas/t21/sii/t21sc03_108_11_0.html,2026-10-09T16:18:21+0900
2019.12,3189,景碩,sii,2184108,2055084,2050083,6.27,6.53,22327410,23727929,-5.90,-,https://mopsov.twse.com.tw/nas/t21/sii/t21sc03_108_12_0.html,2026-10-09T16:18:21+0900
2020.01,3189,景碩,sii,1888752,2184108,2122169,-13.52,-10.99,1888752,2122169,-10.99,-,https://mopsov.twse.com.tw/nas/t21/sii/t21sc03_109_1_0.html,2026-10-09T16:18:21+0900
2020.02,3189,景碩,sii,1812898,1888752,1160504,-4.01,56.21,3701650,3282673,12.76,108年2月工作天數較少,https://mopsov.twse.com.tw/nas/t21/sii/t21sc03_109_2_0.html,2026-10-09T16:18:21+0900
2020.03,3189,景碩,sii,2190683,1812898,1636398,20.83,33.87,5892333,4919071,19.78,-,https://mopsov.twse.com.tw/nas/t21/sii/t21sc03_109_3_0.html,2026-10-09T16:18:21+0900
2020.04,3189,景碩,sii,2061186,2190683,1865849,-5.91,10.46,7953519,6784920,17.22,-,https://mopsov.twse.com.tw/nas/t21/sii/t21sc03_109_4_0.html,2026-10-09T16:18:21+0900
2020.05,3189,景碩,sii,2350465,2061186,1636696,14.03,43.61,10303984,8421616,22.35,-,https://mopsov.twse.com.tw/nas/t21/sii/t21sc03_109_5_0.html,2026-10-09T16:18:21+0900
2020.06,3189,景碩,sii,2374534,2350465,1672101,1.02,42.00,12678518,10093717,25.60,-,https://mopsov.twse.com.tw/nas/t21/sii/t21sc03_109_6_0.html,2026-10-09T16:18:21+0900
2020.07,3189,景碩,sii,2361708,2374534,1976693,-0.54,19.47,15040226,12070410,24.60,-,https://mopsov.twse.com.tw/nas/t21/sii/t21sc03_109_7_0.html,2026-10-09T16:18:21+0900
2020.08,3189,景碩,sii,2232816,2361708,2018886,-5.45,10.59,17273042,14089296,22.59,-,https://mopsov.twse.com.tw/nas/t21/sii/t21sc03_109_8_0.html,2026-10-09T16:18:21+0900
2020.09,3189,景碩,sii,2277410,2232816,2001917,1.99,13.76,19550452,16091213,21.49,-,https://mopsov.twse.com.tw/nas/t21/sii/t21sc03_109_9_0.html,2026-10-09T16:18:21+0900
2020.10,3189,景碩,sii,2462001,2277410,1997005,8.10,23.28,22012453,18088218,21.69,-,https://mopsov.twse.com.tw/nas/t21/sii/t21sc03_109_10_0.html,2026-10-09T16:18:21+0900
2020.11,3189,景碩,sii,2563195,2462001,2055084,4.11,24.72,24575648,20143302,22.00,-,https://mopsov.twse.com.tw/nas/t21/sii/t21sc03_109_11_0.html,2026-10-09T16:18:21+0900
2020.12,3189,景碩,sii,2522826,2563195,2184108,-1.57,15.50,27098474,22327410,21.36,-,https://mopsov.twse.com.tw/nas/t21/sii/t21sc03_109_12_0.html,2026-10-09T16:18:21+0900
2021.01,3189,景碩,sii,2512811,2522826,1888752,-0.39,33.04,2512811,1888752,33.04,-,https://mopsov.twse.com.tw/nas/t21/sii/t21sc03_110_1_0.html,2026-10-09T16:18:21+0900
2021.02,3189,景碩,sii,2032859,2512811,1812898,-19.10,12.13,4545670,3701650,22.80,-,https://mopsov.twse.com.tw/nas/t21/sii/t21sc03_110_2_0.html,2026-10-09T16:18:21+0900
2021.03,3189,景碩,sii,2680316,2032859,2190683,31.84,22.35,7225986,5892333,22.63,-,https://mopsov.twse.com.tw/nas/t21/sii/t21sc03_110_3_0.html,2026-10-09T16:18:21+0900
2021.04,3189,景碩,sii,2732110,2680316,2061186,1.93,32.55,9958096,7953519,25.20,-,https://mopsov.twse.com.tw/nas/t21/sii/t21sc03_110_4_0.html,2026-10-09T16:18:21+0900
2021.05,3189,景碩,sii,2874588,2732110,2350465,5.21,22.29,12832684,10303984,24.54,-,https://mopsov.twse.com.tw/nas/t21/sii/t21sc03_110_5_0.html,2026-10-09T16:18:21+0900
2021.06,3189,景碩,sii,3118657,2874588,2374534,8.49,31.33,15951341,12678518,25.81,-,https://mopsov.twse.com.tw/nas/t21/sii/t21sc03_110_6_0.html,2026-10-09T16:18:21+0900
2021.07,3189,景碩,sii,3117895,3118657,2361708,-0.02,32.01,19069236,15040226,26.78,-,https://mopsov.twse.com.tw/nas/t21/sii/t21sc03_110_7_0.html,2026-10-09T16:18:21+0900
2021.08,3189,景碩,sii,3297724,3117895,2232816,5.76,47.69,22366960,17273042,29.49,-,https://mopsov.twse.com.tw/nas/t21/sii/t21sc03_110_8_0.html,2026-10-09T16:18:21+0900
2021.09,3189,景碩,sii,3352064,3297724,2277410,1.64,47.18,25719024,19550452,31.55,-,https://mopsov.twse.com.tw/nas/t21/sii/t21sc03_110_9_0.html,2026-10-09T16:18:21+0900
2021.10,3189,景碩,sii,3288757,3352064,2462001,-1.88,33.58,29007781,22012453,31.77,-,https://mopsov.twse.com.tw/nas/t21/sii/t21sc03_110_10_0.html,2026-10-09T16:18:21+0900
2021.11,3189,景碩,sii,3494658,3288757,2563195,6.26,36.33,32502439,24575648,32.25,-,https://mopsov.twse.com.tw/nas/t21/sii/t21sc03_110_11_0.html,2026-10-09T16:18:21+0900
2021.12,3189,景碩,sii,3170512,3494658,2522826,-9.27,25.67,35672951,27098474,31.64,-,https://mopsov.twse.com.tw/nas/t21/sii/t21sc03_110_12_0.html,2026-10-09T16:18:21+0900
2022.01,3189,景碩,sii,3359365,3170512,2512811,5.95,33.68,3359365,2512811,33.68,-,https://mopsov.twse.com.tw/nas/t21/sii/t21sc03_111_1_0.html,2026-10-09T15:39:43+0900
2022.02,3189,景碩,sii,2910102,3359365,2032859,-13.37,43.15,6269467,4545670,37.92,-,https://mopsov.twse.com.tw/nas/t21/sii/t21sc03_111_2_0.html,2026-10-09T15:39:43+0900
2022.03,3189,景碩,sii,3744849,2910102,2680316,28.68,39.71,10014316,7225986,38.58,-,https://mopsov.twse.com.tw/nas/t21/sii/t21sc03_111_3_0.html,2026-10-09T15:39:43+0900
2022.04,3189,景碩,sii,3748155,3744849,2732110,0.08,37.18,13762471,9958096,38.20,-,https://mopsov.twse.com.tw/nas/t21/sii/t21sc03_111_4_0.html,2026-10-09T15:39:43+0900
2022.05,3189,景碩,sii,3795162,3748155,2874588,1.25,32.02,17557633,12832684,36.81,-,https://mopsov.twse.com.tw/nas/t21/sii/t21sc03_111_5_0.html,2026-10-09T15:39:43+0900
2022.06,3189,景碩,sii,3910237,3795162,3118657,3.03,25.38,21467870,15951341,34.58,-,https://mopsov.twse.com.tw/nas/t21/sii/t21sc03_111_6_0.html,2026-10-09T15:39:43+0900
2022.07,3189,景碩,sii,3762744,3910237,3117895,-3.77,20.68,25230614,19069236,32.31,-,https://mopsov.twse.com.tw/nas/t21/sii/t21sc03_111_7_0.html,2026-10-09T15:39:43+0900
2022.08,3189,景碩,sii,3868932,3762744,3297724,2.82,17.32,29099546,22366960,30.10,-,https://mopsov.twse.com.tw/nas/t21/sii/t21sc03_111_8_0.html,2026-10-09T15:39:43+0900
2022.09,3189,景碩,sii,3912745,3868932,3352064,1.13,16.72,33012291,25719024,28.35,-,https://mopsov.twse.com.tw/nas/t21/sii/t21sc03_111_9_0.html,2026-10-09T15:39:43+0900
2022.10,3189,景碩,sii,3604587,3912745,3288757,-7.87,9.60,36616878,29007781,26.23,-,https://mopsov.twse.com.tw/nas/t21/sii/t21sc03_111_10_0.html,2026-10-09T15:39:43+0900
2022.11,3189,景碩,sii,3001962,3604587,3494658,-16.71,-14.09,39618840,32502439,21.89,-,https://mopsov.twse.com.tw/nas/t21/sii/t21sc03_111_11_0.html,2026-10-09T15:39:43+0900
2022.12,3189,景碩,sii,2822214,3001962,3170324,-5.98,-10.98,42441054,35672763,18.97,-,https://mopsov.twse.com.tw/nas/t21/sii/t21sc03_111_12_0.html,2026-10-09T15:39:43+0900
2023.01,3189,景碩,sii,2122589,2822214,3359365,-24.78,-36.81,2122589,3359365,-36.81,-,https://mopsov.twse.com.tw/nas/t21/sii/t21sc03_112_1_0.html,2026-10-09T15:39:43+0900
2023.02,3189,景碩,sii,2109799,2122589,2910102,-0.60,-27.50,4232388,6269467,-32.49,-,https://mopsov.twse.com.tw/nas/t21/sii/t21sc03_112_2_0.html,2026-10-09T15:39:43+0900
2023.03,3189,景碩,sii,2601940,2109799,3744849,23.32,-30.51,6834328,10014316,-31.75,-,https://mopsov.twse.com.tw/nas/t21/sii/t21sc03_112_3_0.html,2026-10-09T15:39:43+0900
2023.04,3189,景碩,sii,2163452,2601940,3748155,-16.85,-42.27,8997780,13762471,-34.62,-,https://mopsov.twse.com.tw/nas/t21/sii/t21sc03_112_4_0.html,2026-10-09T15:39:43+0900
2023.05,3189,景碩,sii,2280752,2163452,3795162,5.42,-39.90,11278532,17557633,-35.76,-,https://mopsov.twse.com.tw/nas/t21/sii/t21sc03_112_5_0.html,2026-10-09T15:39:43+0900
2023.06,3189,景碩,sii,2018021,2280752,3910237,-11.51,-48.39,13296553,21467870,-38.06,-,https://mopsov.twse.com.tw/nas/t21/sii/t21sc03_112_6_0.html,2026-10-09T15:39:43+0900
2023.07,3189,景碩,sii,1935157,2018021,3762744,-4.10,-48.57,15231710,25230614,-39.63,-,https://mopsov.twse.com.tw/nas/t21/sii/t21sc03_112_7_0.html,2026-10-09T15:39:43+0900
2023.08,3189,景碩,sii,2132605,1935157,3868932,10.20,-44.87,17364315,29099546,-40.32,-,https://mopsov.twse.com.tw/nas/t21/sii/t21sc03_112_8_0.html,2026-10-09T15:39:43+0900
2023.09,3189,景碩,sii,1978409,2132605,3912745,-7.23,-49.43,19342724,33012291,-41.40,-,https://mopsov.twse.com.tw/nas/t21/sii/t21sc03_112_9_0.html,2026-10-09T15:39:43+0900
2023.10,3189,景碩,sii,2508336,1978409,3604587,26.78,-30.41,21851060,36616878,-40.32,-,https://mopsov.twse.com.tw/nas/t21/sii/t21sc03_112_10_0.html,2026-10-09T15:39:43+0900
2023.11,3189,景碩,sii,2530422,2508336,3001962,0.88,-15.70,24381482,39618840,-38.45,-,https://mopsov.twse.com.tw/nas/t21/sii/t21sc03_112_11_0.html,2026-10-09T15:39:43+0900
2023.12,3189,景碩,sii,2450705,2530422,2822214,-3.15,-13.16,26832187,42441054,-36.77,-,https://mopsov.twse.com.tw/nas/t21/sii/t21sc03_112_12_0.html,2026-10-09T15:39:43+0900
2024.01,3189,景碩,sii,2313032,2450705,2122589,-5.61,8.97,2313032,2122589,8.97,-,https://mopsov.twse.com.tw/nas/t21/sii/t21sc03_113_1_0.html,2026-10-09T15:39:43+0900
2024.02,3189,景碩,sii,2238258,2313032,2109799,-3.23,6.08,4551290,4232388,7.53,-,https://mopsov.twse.com.tw/nas/t21/sii/t21sc03_113_2_0.html,2026-10-09T15:39:43+0900
2024.03,3189,景碩,sii,2443094,2238258,2601940,9.15,-6.10,6994384,6834328,2.34,-,https://mopsov.twse.com.tw/nas/t21/sii/t21sc03_113_3_0.html,2026-10-09T15:39:43+0900
2024.04,3189,景碩,sii,2388468,2443094,2163452,-2.23,10.40,9382852,8997780,4.27,-,https://mopsov.twse.com.tw/nas/t21/sii/t21sc03_113_4_0.html,2026-10-09T15:39:43+0900
2024.05,3189,景碩,sii,2511206,2388468,2280752,5.13,10.10,11894058,11278532,5.45,-,https://mopsov.twse.com.tw/nas/t21/sii/t21sc03_113_5_0.html,2026-10-09T15:39:43+0900
2024.06,3189,景碩,sii,2400808,2511206,2018021,-4.39,18.96,14294866,13296553,7.50,-,https://mopsov.twse.com.tw/nas/t21/sii/t21sc03_113_6_0.html,2026-10-09T15:39:43+0900
2024.07,3189,景碩,sii,2692121,2400808,1935157,12.13,39.11,16986987,15231710,11.52,-,https://mopsov.twse.com.tw/nas/t21/sii/t21sc03_113_7_0.html,2026-10-09T15:39:43+0900
2024.08,3189,景碩,sii,2858462,2692121,2132605,6.17,34.03,19845449,17364315,14.28,-,https://mopsov.twse.com.tw/nas/t21/sii/t21sc03_113_8_0.html,2026-10-09T15:39:43+0900
2024.09,3189,景碩,sii,2646537,2858462,1978409,-7.41,33.77,22491986,19342724,16.28,-,https://mopsov.twse.com.tw/nas/t21/sii/t21sc03_113_9_0.html,2026-10-09T15:39:43+0900
2024.10,3189,景碩,sii,2576678,2646537,2508336,-2.63,2.72,25068664,21851060,14.72,-,https://mopsov.twse.com.tw/nas/t21/sii/t21sc03_113_10_0.html,2026-10-09T15:39:43+0900
2024.11,3189,景碩,sii,2520732,2576678,2530422,-2.17,-0.38,27589396,24381482,13.15,-,https://mopsov.twse.com.tw/nas/t21/sii/t21sc03_113_11_0.html,2026-10-09T15:39:43+0900
2024.12,3189,景碩,sii,2945583,2520732,2450705,16.85,20.19,30534979,26832187,13.79,-,https://mopsov.twse.com.tw/nas/t21/sii/t21sc03_113_12_0.html,2026-10-09T15:39:43+0900
2025.01,3189,景碩,sii,2556530,2945583,2313032,-13.20,10.52,2556530,2313032,10.52,-,https://mopsov.twse.com.tw/nas/t21/sii/t21sc03_114_1_0.html,2026-10-09T15:39:43+0900
2025.02,3189,景碩,sii,2913173,2556530,2238258,13.95,30.15,5469703,4551290,20.17,-,https://mopsov.twse.com.tw/nas/t21/sii/t21sc03_114_2_0.html,2026-10-09T15:39:43+0900
2025.03,3189,景碩,sii,3150041,2913173,2443094,8.13,28.93,8619744,6994384,23.23,-,https://mopsov.twse.com.tw/nas/t21/sii/t21sc03_114_3_0.html,2026-10-09T15:39:43+0900
2025.04,3189,景碩,sii,3212841,3150041,2388468,1.99,34.51,11832585,9382852,26.10,-,https://mopsov.twse.com.tw/nas/t21/sii/t21sc03_114_4_0.html,2026-10-09T15:39:43+0900
2025.05,3189,景碩,sii,3157305,3212841,2511206,-1.72,25.72,14989890,11894058,26.02,-,https://mopsov.twse.com.tw/nas/t21/sii/t21sc03_114_5_0.html,2026-10-09T15:39:43+0900
2025.06,3189,景碩,sii,3193580,3157305,2400808,1.14,33.02,18183470,14294866,27.20,-,https://mopsov.twse.com.tw/nas/t21/sii/t21sc03_114_6_0.html,2026-10-09T15:39:43+0900
2025.07,3189,景碩,sii,3348367,3193580,2692121,4.84,24.37,21531837,16986987,26.75,-,https://mopsov.twse.com.tw/nas/t21/sii/t21sc03_114_7_0.html,2026-10-09T15:39:43+0900
2025.08,3189,景碩,sii,3421382,3348367,2858462,2.18,19.69,24953219,19845449,25.73,-,https://mopsov.twse.com.tw/nas/t21/sii/t21sc03_114_8_0.html,2026-10-09T15:39:43+0900
2025.09,3189,景碩,sii,3586439,3421382,2646537,4.82,35.51,28539658,22491986,26.88,-,https://mopsov.twse.com.tw/nas/t21/sii/t21sc03_114_9_0.html,2026-10-09T15:39:43+0900
2025.10,3189,景碩,sii,3601222,3586439,2576678,0.41,39.76,32140880,25068664,28.21,-,https://mopsov.twse.com.tw/nas/t21/sii/t21sc03_114_10_0.html,2026-10-09T15:39:43+0900
2025.11,3189,景碩,sii,3521383,3601222,2520732,-2.21,39.69,35662263,27589396,29.26,-,https://mopsov.twse.com.tw/nas/t21/sii/t21sc03_114_11_0.html,2026-10-09T15:39:43+0900
2025.12,3189,景碩,sii,3688833,3521383,2945583,4.75,25.23,39351096,30534979,28.87,-,https://mopsov.twse.com.tw/nas/t21/sii/t21sc03_114_12_0.html,2026-10-09T15:39:43+0900
2026.01,3189,景碩,sii,3961154,3688833,2556530,7.38,54.94,3961154,2556530,54.94,主係因客戶訂單需求增加所致,https://mopsov.twse.com.tw/nas/t21/sii/t21sc03_115_1_0.html,2026-10-09T15:39:43+0900
2026.02,3189,景碩,sii,3204487,3961154,2913173,-19.10,9.99,7165641,5469703,31.00,-,https://mopsov.twse.com.tw/nas/t21/sii/t21sc03_115_2_0.html,2026-10-09T15:39:43+0900
2026.03,3189,景碩,sii,3939324,3204487,3150041,22.93,25.05,11104965,8619744,28.83,-,https://mopsov.twse.com.tw/nas/t21/sii/t21sc03_115_3_0.html,2026-10-09T15:39:43+0900
2026.04,3189,景碩,sii,4072319,3939324,3212841,3.37,26.75,15177284,11832585,28.26,-,https://mopsov.twse.com.tw/nas/t21/sii/t21sc03_115_4_0.html,2026-10-09T15:39:43+0900
2026.05,3189,景碩,sii,4199867,4072319,3157305,3.13,33.02,19377151,14989890,29.26,-,https://mopsov.twse.com.tw/nas/t21/sii/t21sc03_115_5_0.html,2026-10-09T15:39:43+0900
2026.06,3189,景碩,sii,4224069,4199867,3193580,0.57,32.26,23601220,18183470,29.79,-,https://mopsov.twse.com.tw/nas/t21/sii/t21sc03_115_6_0.html,2026-10-09T15:39:43+0900
2026.07,3189,景碩,sii,4548833,4224069,3348367,7.68,35.85,28150053,21531837,30.73,-,https://mopsov.twse.com.tw/nas/t21/sii/t21sc03_115_7_0.html,2026-10-09T16:18:21+0900
2026.08,3189,景碩,sii,4809631,4548833,3421382,5.73,40.57,32959684,24953219,32.08,-,https://mopsov.twse.com.tw/nas/t21/sii/t21sc03_115_8_0.html,2026-10-09T16:18:21+0900
2026.09,3189,景碩,sii,5181276,4809631,3586439,7.72,44.46,38140960,28539658,33.64,-,https://mopsov.twse.com.tw/nas/t21/sii/t21sc03_115_9_0.html,2026-10-09T16:18:21+0900
2018.04,3711,日月光投控,sii,0,0,0,,,0,0,,本公司於107年4月30日成立，尚無營收產生,https://mopsov.twse.com.tw/nas/t21/sii/t21sc03_107_4_0.html,2026-10-09T16:18:21+0900
2018.05,3711,日月光投控,sii,30981596,0,0,,,30981596,0,,本公司於107年4月30日成立，上月份無營收產生,https://mopsov.twse.com.tw/nas/t21/sii/t21sc03_107_5_0.html,2026-10-09T16:18:21+0900
2018.06,3711,日月光投控,sii,31033826,30981596,0,0.16,,62015422,0,,本公司於107年4月30日成立，上年度無營收產生,https://mopsov.twse.com.tw/nas/t21/sii/t21sc03_107_6_0.html,2026-10-09T16:18:21+0900
2018.07,3711,日月光投控,sii,32736056,31033826,0,5.48,,94751478,0,,本公司於107年4月30日成立，上年度無營收產生,https://mopsov.twse.com.tw/nas/t21/sii/t21sc03_107_7_0.html,2026-10-09T16:18:21+0900
2018.08,3711,日月光投控,sii,35585341,32736056,0,8.70,,130336819,0,,本公司於107年4月30日成立，上年度無營收產生,https://mopsov.twse.com.tw/nas/t21/sii/t21sc03_107_8_0.html,2026-10-09T16:18:21+0900
2018.09,3711,日月光投控,sii,39275883,35585341,0,10.37,,169612702,0,,本公司於107年4月30日成立，上年度無營收產生,https://mopsov.twse.com.tw/nas/t21/sii/t21sc03_107_9_0.html,2026-10-09T16:18:21+0900
2018.10,3711,日月光投控,sii,39138605,39275883,0,-0.34,,208751307,0,,本公司於107年4月30日成立，上年度無營收產生,https://mopsov.twse.com.tw/nas/t21/sii/t21sc03_107_10_0.html,2026-10-09T16:18:21+0900
2018.11,3711,日月光投控,sii,37945671,39138605,0,-3.04,,246696978,0,,本公司於107年4月30日成立，上年度無營收產生,https://mopsov.twse.com.tw/nas/t21/sii/t21sc03_107_11_0.html,2026-10-09T16:18:21+0900
2018.12,3711,日月光投控,sii,36944079,37945671,0,-2.63,,283641057,0,,本公司於107年4月30日成立，上年度無營收產生,https://mopsov.twse.com.tw/nas/t21/sii/t21sc03_107_12_0.html,2026-10-09T16:18:21+0900
2019.01,3711,日月光投控,sii,33055773,36944079,0,-10.52,,33055773,0,,本公司於107年4月30日成立，上年度無營收產生,https://mopsov.twse.com.tw/nas/t21/sii/t21sc03_108_1_0.html,2026-10-09T16:18:21+0900
2019.02,3711,日月光投控,sii,26239644,33055773,0,-20.62,,59295417,0,,本公司於107年4月30日成立，上年度無營收產生,https://mopsov.twse.com.tw/nas/t21/sii/t21sc03_108_2_0.html,2026-10-09T16:18:21+0900
2019.03,3711,日月光投控,sii,29566029,26239644,0,12.67,,88861446,0,,本公司於107年4月30日成立，上年度無營收產生,https://mopsov.twse.com.tw/nas/t21/sii/t21sc03_108_3_0.html,2026-10-09T16:18:21+0900
2019.04,3711,日月光投控,sii,29051464,29566029,0,-1.74,,117912910,0,,本公司於107年4月30日成立，上年度無營收產生,https://mopsov.twse.com.tw/nas/t21/sii/t21sc03_108_4_0.html,2026-10-09T16:18:21+0900
2019.05,3711,日月光投控,sii,30118129,29051464,30981596,3.67,-2.78,148031039,30981596,377.80,本公司於107年4月30日成立，上年度1-4月無營收產生,https://mopsov.twse.com.tw/nas/t21/sii/t21sc03_108_5_0.html,2026-10-09T16:18:21+0900
2019.06,3711,日月光投控,sii,31571316,30118129,31033826,4.82,1.73,179602355,62015422,189.60,本公司於107年4月30日成立，上年度1-4月無營收產生,https://mopsov.twse.com.tw/nas/t21/sii/t21sc03_108_6_0.html,2026-10-09T16:18:21+0900
2019.07,3711,日月光投控,sii,36376356,31571316,32736056,15.21,11.12,215978711,94751478,127.94,本公司於107年4月30日成立，上年度1-4月無營收產生,https://mopsov.twse.com.tw/nas/t21/sii/t21sc03_108_7_0.html,2026-10-09T16:18:21+0900
2019.08,3711,日月光投控,sii,40039028,36376356,35585341,10.06,12.51,256017739,130336819,96.42,本公司於107年4月30日成立，上年度1-4月無營收產生,https://mopsov.twse.com.tw/nas/t21/sii/t21sc03_108_8_0.html,2026-10-09T16:18:21+0900
2019.09,3711,日月光投控,sii,41141924,40039028,39275883,2.75,4.75,297159663,169612702,75.19,本公司於107年4月30日成立，上年度1-4月無營收產生,https://mopsov.twse.com.tw/nas/t21/sii/t21sc03_108_9_0.html,2026-10-09T16:18:21+0900
2019.10,3711,日月光投控,sii,38784584,41141924,39138605,-5.72,-0.90,335944247,208751307,60.93,本公司於107年4月30日成立，上年度1-4月無營收產生,https://mopsov.twse.com.tw/nas/t21/sii/t21sc03_108_10_0.html,2026-10-09T16:18:21+0900
2019.11,3711,日月光投控,sii,38456363,38784584,37945671,-0.84,1.34,374400610,246696978,51.76,本公司於107年4月30日成立，上年度1-4月無營收產生,https://mopsov.twse.com.tw/nas/t21/sii/t21sc03_108_11_0.html,2026-10-09T16:18:21+0900
2019.12,3711,日月光投控,sii,38781574,38456363,36944079,0.84,4.97,413182184,283641057,45.67,本公司於107年4月30日成立，上年度1-4月無營收產生,https://mopsov.twse.com.tw/nas/t21/sii/t21sc03_108_12_0.html,2026-10-09T16:18:21+0900
2020.01,3711,日月光投控,sii,31337455,38781574,33055773,-19.19,-5.19,31337455,33055773,-5.19,-,https://mopsov.twse.com.tw/nas/t21/sii/t21sc03_109_1_0.html,2026-10-09T16:18:21+0900
2020.02,3711,日月光投控,sii,28135554,31337455,26239644,-10.21,7.22,59473009,59295417,0.29,-,https://mopsov.twse.com.tw/nas/t21/sii/t21sc03_109_2_0.html,2026-10-09T16:18:21+0900
2020.03,3711,日月光投控,sii,37884146,28135554,29566029,34.64,28.13,97357155,88861446,9.56,-,https://mopsov.twse.com.tw/nas/t21/sii/t21sc03_109_3_0.html,2026-10-09T16:18:21+0900
2020.04,3711,日月光投控,sii,35303249,37884146,29051464,-6.81,21.51,132660404,117912910,12.50,-,https://mopsov.twse.com.tw/nas/t21/sii/t21sc03_109_4_0.html,2026-10-09T16:18:21+0900
2020.05,3711,日月光投控,sii,35788001,35303249,30118129,1.37,18.82,168448405,148031039,13.79,-,https://mopsov.twse.com.tw/nas/t21/sii/t21sc03_109_5_0.html,2026-10-09T16:18:21+0900
2020.06,3711,日月光投控,sii,36457523,35788001,31571316,1.87,15.47,204905928,179602355,14.08,-,https://mopsov.twse.com.tw/nas/t21/sii/t21sc03_109_6_0.html,2026-10-09T16:18:21+0900
2020.07,3711,日月光投控,sii,37325504,36457523,36376356,2.38,2.60,242231432,215978711,12.15,-,https://mopsov.twse.com.tw/nas/t21/sii/t21sc03_109_7_0.html,2026-10-09T16:18:21+0900
2020.08,3711,日月光投控,sii,41944147,37325504,40039028,12.37,4.75,284175579,256017739,10.99,-,https://mopsov.twse.com.tw/nas/t21/sii/t21sc03_109_8_0.html,2026-10-09T16:18:21+0900
2020.09,3711,日月光投控,sii,43925748,41944147,41141924,4.72,6.76,328101327,297159663,10.41,-,https://mopsov.twse.com.tw/nas/t21/sii/t21sc03_109_9_0.html,2026-10-09T16:18:21+0900
2020.10,3711,日月光投控,sii,47914576,43925748,38784584,9.08,23.54,376015903,335944247,11.92,-,https://mopsov.twse.com.tw/nas/t21/sii/t21sc03_109_10_0.html,2026-10-09T16:18:21+0900
2020.11,3711,日月光投控,sii,50664618,47914576,38456363,5.73,31.74,426680521,374400610,13.96,-,https://mopsov.twse.com.tw/nas/t21/sii/t21sc03_109_11_0.html,2026-10-09T16:18:21+0900
2020.12,3711,日月光投控,sii,50298189,50664618,38781574,-0.72,29.69,476978710,413182184,15.44,-,https://mopsov.twse.com.tw/nas/t21/sii/t21sc03_109_12_0.html,2026-10-09T16:18:21+0900
2021.01,3711,日月光投控,sii,40847914,50298189,31337455,-18.78,30.34,40847914,31337455,30.34,-,https://mopsov.twse.com.tw/nas/t21/sii/t21sc03_110_1_0.html,2026-10-09T16:18:21+0900
2021.02,3711,日月光投控,sii,36620343,40847914,28135554,-10.34,30.15,77468257,59473009,30.25,-,https://mopsov.twse.com.tw/nas/t21/sii/t21sc03_110_2_0.html,2026-10-09T16:18:21+0900
2021.03,3711,日月光投控,sii,42001527,36620343,37884146,14.69,10.86,119469784,97357155,22.71,-,https://mopsov.twse.com.tw/nas/t21/sii/t21sc03_110_3_0.html,2026-10-09T16:18:21+0900
2021.04,3711,日月光投控,sii,41333449,42001527,35303249,-1.59,17.08,160803233,132660404,21.21,-,https://mopsov.twse.com.tw/nas/t21/sii/t21sc03_110_4_0.html,2026-10-09T16:18:21+0900
2021.05,3711,日月光投控,sii,42267016,41333449,35788001,2.25,18.10,203070249,168448405,20.55,-,https://mopsov.twse.com.tw/nas/t21/sii/t21sc03_110_5_0.html,2026-10-09T16:18:21+0900
2021.06,3711,日月光投控,sii,43325882,42267016,36457523,2.50,18.83,246396131,204905928,20.24,-,https://mopsov.twse.com.tw/nas/t21/sii/t21sc03_110_6_0.html,2026-10-09T16:18:21+0900
2021.07,3711,日月光投控,sii,46479676,43325882,37325504,7.27,24.52,292875807,242231432,20.90,-,https://mopsov.twse.com.tw/nas/t21/sii/t21sc03_110_7_0.html,2026-10-09T16:18:21+0900
2021.08,3711,日月光投控,sii,50449730,46479676,41944147,8.54,20.27,343325537,284175579,20.81,-,https://mopsov.twse.com.tw/nas/t21/sii/t21sc03_110_8_0.html,2026-10-09T16:18:21+0900
2021.09,3711,日月光投控,sii,53735410,50449730,43925748,6.51,22.33,397060947,328101327,21.01,-,https://mopsov.twse.com.tw/nas/t21/sii/t21sc03_110_9_0.html,2026-10-09T16:18:21+0900
2021.10,3711,日月光投控,sii,52748353,53735410,47914576,-1.83,10.08,449809300,376015903,19.62,-,https://mopsov.twse.com.tw/nas/t21/sii/t21sc03_110_10_0.html,2026-10-09T16:18:21+0900
2021.11,3711,日月光投控,sii,60522891,52748353,50664618,14.73,19.45,510332191,426680521,19.60,-,https://mopsov.twse.com.tw/nas/t21/sii/t21sc03_110_11_0.html,2026-10-09T16:18:21+0900
2021.12,3711,日月光投控,sii,59664942,60522891,50298189,-1.41,18.62,569997133,476978710,19.50,-,https://mopsov.twse.com.tw/nas/t21/sii/t21sc03_110_12_0.html,2026-10-09T16:18:21+0900
2022.01,3711,日月光投控,sii,48573947,59664942,40847914,-18.58,18.91,48573947,40847914,18.91,-,https://mopsov.twse.com.tw/nas/t21/sii/t21sc03_111_1_0.html,2026-10-09T15:39:43+0900
2022.02,3711,日月光投控,sii,43830549,48573947,36620343,-9.76,19.68,92404496,77468257,19.28,-,https://mopsov.twse.com.tw/nas/t21/sii/t21sc03_111_2_0.html,2026-10-09T15:39:43+0900
2022.03,3711,日月光投控,sii,51986331,43830549,42001527,18.60,23.77,144390827,119469784,20.85,-,https://mopsov.twse.com.tw/nas/t21/sii/t21sc03_111_3_0.html,2026-10-09T15:39:43+0900
2022.04,3711,日月光投控,sii,48642595,51986331,41333449,-6.43,17.68,193033422,160803233,20.04,-,https://mopsov.twse.com.tw/nas/t21/sii/t21sc03_111_4_0.html,2026-10-09T15:39:43+0900
2022.05,3711,日月光投控,sii,53798666,48642595,42267016,10.59,27.28,246832088,203070249,21.55,-,https://mopsov.twse.com.tw/nas/t21/sii/t21sc03_111_5_0.html,2026-10-09T15:39:43+0900
2022.06,3711,日月光投控,sii,57997759,53798666,43325882,7.80,33.86,304829847,246396131,23.71,-,https://mopsov.twse.com.tw/nas/t21/sii/t21sc03_111_6_0.html,2026-10-09T15:39:43+0900
2022.07,3711,日月光投控,sii,58167105,57997759,46479676,0.29,25.14,362996952,292875807,23.94,-,https://mopsov.twse.com.tw/nas/t21/sii/t21sc03_111_7_0.html,2026-10-09T15:39:43+0900
2022.08,3711,日月光投控,sii,63806883,58167105,50449730,9.69,26.47,426803835,343325537,24.31,-,https://mopsov.twse.com.tw/nas/t21/sii/t21sc03_111_8_0.html,2026-10-09T15:39:43+0900
2022.09,3711,日月光投控,sii,66651569,63806883,53735410,4.45,24.03,493455404,397060947,24.27,-,https://mopsov.twse.com.tw/nas/t21/sii/t21sc03_111_9_0.html,2026-10-09T15:39:43+0900
2022.10,3711,日月光投控,sii,64171459,66651569,52748353,-3.72,21.65,557626863,449809300,23.96,-,https://mopsov.twse.com.tw/nas/t21/sii/t21sc03_111_10_0.html,2026-10-09T15:39:43+0900
2022.11,3711,日月光投控,sii,60106891,64171459,60522891,-6.33,-0.68,617733754,510332191,21.04,-,https://mopsov.twse.com.tw/nas/t21/sii/t21sc03_111_11_0.html,2026-10-09T15:39:43+0900
2022.12,3711,日月光投控,sii,53138889,60106891,59664942,-11.59,-10.93,670872643,569997133,17.69,-,https://mopsov.twse.com.tw/nas/t21/sii/t21sc03_111_12_0.html,2026-10-09T15:39:43+0900
2023.01,3711,日月光投控,sii,45131358,53138889,48573947,-15.06,-7.08,45131358,48573947,-7.08,-,https://mopsov.twse.com.tw/nas/t21/sii/t21sc03_112_1_0.html,2026-10-09T15:39:43+0900
2023.02,3711,日月光投控,sii,39984571,45131358,43830549,-11.40,-8.77,85115929,92404496,-7.88,-,https://mopsov.twse.com.tw/nas/t21/sii/t21sc03_112_2_0.html,2026-10-09T15:39:43+0900
2023.03,3711,日月光投控,sii,45775144,39984571,51986331,14.48,-11.94,130891073,144390827,-9.34,-,https://mopsov.twse.com.tw/nas/t21/sii/t21sc03_112_3_0.html,2026-10-09T15:39:43+0900
2023.04,3711,日月光投控,sii,43314938,45775144,48642595,-5.37,-10.95,174206011,193033422,-9.75,-,https://mopsov.twse.com.tw/nas/t21/sii/t21sc03_112_4_0.html,2026-10-09T15:39:43+0900
2023.05,3711,日月光投控,sii,46238791,43314938,53798666,6.75,-14.05,220444802,246832088,-10.69,-,https://mopsov.twse.com.tw/nas/t21/sii/t21sc03_112_5_0.html,2026-10-09T15:39:43+0900
2023.06,3711,日月光投控,sii,46721623,46238791,57997759,1.04,-19.44,267166425,304829847,-12.35,-,https://mopsov.twse.com.tw/nas/t21/sii/t21sc03_112_6_0.html,2026-10-09T15:39:43+0900
2023.07,3711,日月光投控,sii,48353336,46721623,58167105,3.49,-16.87,315519761,362996952,-13.07,-,https://mopsov.twse.com.tw/nas/t21/sii/t21sc03_112_7_0.html,2026-10-09T15:39:43+0900
2023.08,3711,日月光投控,sii,52278801,48353336,63806883,8.11,-18.06,367798562,426803835,-13.82,-,https://mopsov.twse.com.tw/nas/t21/sii/t21sc03_112_8_0.html,2026-10-09T15:39:43+0900
2023.09,3711,日月光投控,sii,53534708,52278801,66651569,2.40,-19.67,421333270,493455404,-14.61,-,https://mopsov.twse.com.tw/nas/t21/sii/t21sc03_112_9_0.html,2026-10-09T15:39:43+0900
2023.10,3711,日月光投控,sii,56166613,53534708,64171459,4.91,-12.47,477499883,557626863,-14.36,-,https://mopsov.twse.com.tw/nas/t21/sii/t21sc03_112_10_0.html,2026-10-09T15:39:43+0900
2023.11,3711,日月光投控,sii,54509085,56166613,60106891,-2.95,-9.31,532008968,617733754,-13.87,-,https://mopsov.twse.com.tw/nas/t21/sii/t21sc03_112_11_0.html,2026-10-09T15:39:43+0900
2023.12,3711,日月光投控,sii,49905503,54509085,53138889,-8.44,-6.08,581914471,670872643,-13.26,-,https://mopsov.twse.com.tw/nas/t21/sii/t21sc03_112_12_0.html,2026-10-09T15:39:43+0900
2024.01,3711,日月光投控,sii,47390354,49905503,45131358,-5.03,5.00,47390354,45131358,5.00,-,https://mopsov.twse.com.tw/nas/t21/sii/t21sc03_113_1_0.html,2026-10-09T15:39:43+0900
2024.02,3711,日月光投控,sii,39751076,47390354,39984571,-16.11,-0.58,87141430,85115929,2.37,-,https://mopsov.twse.com.tw/nas/t21/sii/t21sc03_113_2_0.html,2026-10-09T15:39:43+0900
2024.03,3711,日月光投控,sii,45661425,39751076,45775144,14.86,-0.24,132802855,130891073,1.46,-,https://mopsov.twse.com.tw/nas/t21/sii/t21sc03_113_3_0.html,2026-10-09T15:39:43+0900
2024.04,3711,日月光投控,sii,45819887,45661425,43314938,0.34,5.78,178622742,174206011,2.53,-,https://mopsov.twse.com.tw/nas/t21/sii/t21sc03_113_4_0.html,2026-10-09T15:39:43+0900
2024.05,3711,日月光投控,sii,47492772,45819887,46238791,3.65,2.71,226115514,220444802,2.57,-,https://mopsov.twse.com.tw/nas/t21/sii/t21sc03_113_5_0.html,2026-10-09T15:39:43+0900
2024.06,3711,日月光投控,sii,46925404,47492772,46721623,-1.19,0.43,273040918,267166425,2.19,-,https://mopsov.twse.com.tw/nas/t21/sii/t21sc03_113_6_0.html,2026-10-09T15:39:43+0900
2024.07,3711,日月光投控,sii,51595954,46925404,48353336,9.95,6.70,324636872,315519761,2.88,-,https://mopsov.twse.com.tw/nas/t21/sii/t21sc03_113_7_0.html,2026-10-09T15:39:43+0900
2024.08,3711,日月光投控,sii,52929761,51595954,52278801,2.58,1.24,377566633,367798562,2.65,-,https://mopsov.twse.com.tw/nas/t21/sii/t21sc03_113_8_0.html,2026-10-09T15:39:43+0900
2024.09,3711,日月光投控,sii,55579391,52929761,53534708,5.00,3.81,433146024,421333270,2.80,-,https://mopsov.twse.com.tw/nas/t21/sii/t21sc03_113_9_0.html,2026-10-09T15:39:43+0900
2024.10,3711,日月光投控,sii,56425583,55579391,56166613,1.52,0.46,489571607,477499883,2.52,-,https://mopsov.twse.com.tw/nas/t21/sii/t21sc03_113_10_0.html,2026-10-09T15:39:43+0900
2024.11,3711,日月光投控,sii,52933333,56425583,54509085,-6.18,-2.89,542504940,532008968,1.97,-,https://mopsov.twse.com.tw/nas/t21/sii/t21sc03_113_11_0.html,2026-10-09T15:39:43+0900
2024.12,3711,日月光投控,sii,52904645,52933333,49905503,-0.05,6.00,595409585,581914471,2.31,-,https://mopsov.twse.com.tw/nas/t21/sii/t21sc03_113_12_0.html,2026-10-09T15:39:43+0900
2025.01,3711,日月光投控,sii,49444261,52904645,47390354,-6.54,4.33,49444261,47390354,4.33,-,https://mopsov.twse.com.tw/nas/t21/sii/t21sc03_114_1_0.html,2026-10-09T15:39:43+0900
2025.02,3711,日月光投控,sii,44960788,49444261,39751076,-9.06,13.10,94405049,87141430,8.33,-,https://mopsov.twse.com.tw/nas/t21/sii/t21sc03_114_2_0.html,2026-10-09T15:39:43+0900
2025.03,3711,日月光投控,sii,53748213,44960788,45661425,19.54,17.71,148153262,132802855,11.55,-,https://mopsov.twse.com.tw/nas/t21/sii/t21sc03_114_3_0.html,2026-10-09T15:39:43+0900
2025.04,3711,日月光投控,sii,52210767,53748213,45819887,-2.86,13.94,200364029,178622742,12.17,-,https://mopsov.twse.com.tw/nas/t21/sii/t21sc03_114_4_0.html,2026-10-09T15:39:43+0900
2025.05,3711,日月光投控,sii,49026935,52210767,47492772,-6.09,3.23,249390964,226115514,10.29,-,https://mopsov.twse.com.tw/nas/t21/sii/t21sc03_114_5_0.html,2026-10-09T15:39:43+0900
2025.06,3711,日月光投控,sii,49512621,49026935,46925404,0.99,5.51,298903585,273040918,9.47,-,https://mopsov.twse.com.tw/nas/t21/sii/t21sc03_114_6_0.html,2026-10-09T15:39:43+0900
2025.07,3711,日月光投控,sii,51542033,49512621,51595954,4.09,-0.10,350445618,324636872,7.95,-,https://mopsov.twse.com.tw/nas/t21/sii/t21sc03_114_7_0.html,2026-10-09T15:39:43+0900
2025.08,3711,日月光投控,sii,56465628,51542033,52929761,9.55,6.68,406911246,377566633,7.77,-,https://mopsov.twse.com.tw/nas/t21/sii/t21sc03_114_8_0.html,2026-10-09T15:39:43+0900
2025.09,3711,日月光投控,sii,60561227,56465628,55579391,7.25,8.96,467472473,433146024,7.92,-,https://mopsov.twse.com.tw/nas/t21/sii/t21sc03_114_9_0.html,2026-10-09T15:39:43+0900
2025.10,3711,日月光投控,sii,60231106,60561227,56425583,-0.54,6.74,527703579,489571607,7.78,-,https://mopsov.twse.com.tw/nas/t21/sii/t21sc03_114_10_0.html,2026-10-09T15:39:43+0900
2025.11,3711,日月光投控,sii,58819584,60231106,52933333,-2.34,11.12,586523163,542504940,8.11,-,https://mopsov.twse.com.tw/nas/t21/sii/t21sc03_114_11_0.html,2026-10-09T15:39:43+0900
2025.12,3711,日月光投控,sii,58864547,58819584,52904645,0.07,11.26,645387710,595409585,8.39,-,https://mopsov.twse.com.tw/nas/t21/sii/t21sc03_114_12_0.html,2026-10-09T15:39:43+0900
2026.01,3711,日月光投控,sii,59988631,58864547,49444261,1.90,21.32,59988631,49444261,21.32,-,https://mopsov.twse.com.tw/nas/t21/sii/t21sc03_115_1_0.html,2026-10-09T15:39:43+0900
2026.02,3711,日月光投控,sii,52096847,59988631,44960788,-13.15,15.87,112085478,94405049,18.72,-,https://mopsov.twse.com.tw/nas/t21/sii/t21sc03_115_2_0.html,2026-10-09T15:39:43+0900
2026.03,3711,日月光投控,sii,61576674,52096847,53748213,18.19,14.56,173662152,148153262,17.21,-,https://mopsov.twse.com.tw/nas/t21/sii/t21sc03_115_3_0.html,2026-10-09T15:39:43+0900
2026.04,3711,日月光投控,sii,62247107,61576674,52210767,1.08,19.22,235909259,200364029,17.74,-,https://mopsov.twse.com.tw/nas/t21/sii/t21sc03_115_4_0.html,2026-10-09T15:39:43+0900
2026.05,3711,日月光投控,sii,63033313,62247107,49026935,1.26,28.56,298942572,249390964,19.86,-,https://mopsov.twse.com.tw/nas/t21/sii/t21sc03_115_5_0.html,2026-10-09T15:39:43+0900
2026.06,3711,日月光投控,sii,65783102,63033313,49512621,4.36,32.86,364725674,298903585,22.02,-,https://mopsov.twse.com.tw/nas/t21/sii/t21sc03_115_6_0.html,2026-10-09T15:39:43+0900
2026.07,3711,日月光投控,sii,73783701,65783102,51542033,12.16,43.15,438509375,350445618,25.12,-,https://mopsov.twse.com.tw/nas/t21/sii/t21sc03_115_7_0.html,2026-10-09T16:18:21+0900
2026.08,3711,日月光投控,sii,82247374,73783701,56465628,11.47,45.65,520756749,406911246,27.97,-,https://mopsov.twse.com.tw/nas/t21/sii/t21sc03_115_8_0.html,2026-10-09T16:18:21+0900
2015.01,6488,環球晶,otc,1357712,1402485,1122209,-3.19,20.98,1357712,1122209,20.98,-,https://mopsov.twse.com.tw/nas/t21/otc/t21sc03_104_1_0.html,2026-10-09T16:18:21+0900
2015.02,6488,環球晶,otc,1306912,1357712,1243785,-3.74,5.07,2664624,2365995,12.62,-,https://mopsov.twse.com.tw/nas/t21/otc/t21sc03_104_2_0.html,2026-10-09T16:18:21+0900
2015.03,6488,環球晶,otc,1379686,1306912,1332791,5.56,3.51,4044311,3698786,9.34,-,https://mopsov.twse.com.tw/nas/t21/otc/t21sc03_104_3_0.html,2026-10-09T16:18:21+0900
2015.04,6488,環球晶,otc,1350379,1379686,1290348,-2.12,4.65,5394689,4989135,8.12,-,https://mopsov.twse.com.tw/nas/t21/otc/t21sc03_104_4_0.html,2026-10-09T16:18:21+0900
2015.05,6488,環球晶,otc,1315765,1350379,1324743,-2.56,-0.67,6710455,6313877,6.28,-,https://mopsov.twse.com.tw/nas/t21/otc/t21sc03_104_5_0.html,2026-10-09T16:18:21+0900
2015.06,6488,環球晶,otc,1316776,1315765,1446852,0.07,-8.99,8027230,7760730,3.43,-,https://mopsov.twse.com.tw/nas/t21/otc/t21sc03_104_6_0.html,2026-10-09T16:18:21+0900
2015.07,6488,環球晶,otc,1260234,1316776,1274375,-4.29,-1.10,9287465,9035105,2.79,-,https://mopsov.twse.com.tw/nas/t21/otc/t21sc03_104_7_0.html,2026-10-09T16:18:21+0900
2015.08,6488,環球晶,otc,1226641,1260234,1400773,-2.66,-12.43,10514105,10435878,0.74,-,https://mopsov.twse.com.tw/nas/t21/otc/t21sc03_104_8_0.html,2026-10-09T16:18:21+0900
2015.09,6488,環球晶,otc,1277603,1226641,1538291,4.15,-16.94,11791709,11974169,-1.52,-,https://mopsov.twse.com.tw/nas/t21/otc/t21sc03_104_9_0.html,2026-10-09T16:18:21+0900
2015.10,6488,環球晶,otc,1174036,1277603,1303010,-8.10,-9.89,12965745,13277179,-2.34,-,https://mopsov.twse.com.tw/nas/t21/otc/t21sc03_104_10_0.html,2026-10-09T16:18:21+0900
2015.11,6488,環球晶,otc,1175601,1174036,1303783,0.13,-9.83,14141346,14580962,-3.01,-,https://mopsov.twse.com.tw/nas/t21/otc/t21sc03_104_11_0.html,2026-10-09T16:18:21+0900
2015.12,6488,環球晶,otc,1169116,1175601,1402485,-0.55,-16.63,15310462,15983447,-4.21,-,https://mopsov.twse.com.tw/nas/t21/otc/t21sc03_104_12_0.html,2026-10-09T16:18:21+0900
2016.01,6488,環球晶,otc,1207013,1169116,1357712,3.24,-11.09,1207013,1357712,-11.09,-,https://mopsov.twse.com.tw/nas/t21/otc/t21sc03_105_1_0.html,2026-10-09T16:18:21+0900
2016.02,6488,環球晶,otc,1212494,1207013,1306912,0.45,-7.22,2419508,2664624,-9.19,-,https://mopsov.twse.com.tw/nas/t21/otc/t21sc03_105_2_0.html,2026-10-09T16:18:21+0900
2016.03,6488,環球晶,otc,1227806,1212494,1379686,1.26,-11.00,3647314,4044311,-9.81,-,https://mopsov.twse.com.tw/nas/t21/otc/t21sc03_105_3_0.html,2026-10-09T16:18:21+0900
2016.04,6488,環球晶,otc,1242510,1227806,1350379,1.19,-7.98,4889824,5394689,-9.35,-,https://mopsov.twse.com.tw/nas/t21/otc/t21sc03_105_4_0.html,2026-10-09T16:18:21+0900
2016.05,6488,環球晶,otc,1321046,1242510,1315765,6.32,0.40,6210870,6710455,-7.44,-,https://mopsov.twse.com.tw/nas/t21/otc/t21sc03_105_5_0.html,2026-10-09T16:18:21+0900
2016.06,6488,環球晶,otc,1339565,1321046,1316776,1.40,1.73,7550435,8027230,-5.93,-,https://mopsov.twse.com.tw/nas/t21/otc/t21sc03_105_6_0.html,2026-10-09T16:18:21+0900
2016.07,6488,環球晶,otc,1413004,1339565,1260234,5.48,12.12,8963439,9287465,-3.48,-,https://mopsov.twse.com.tw/nas/t21/otc/t21sc03_105_7_0.html,2026-10-09T16:18:21+0900
2016.08,6488,環球晶,otc,1424513,1413004,1226641,0.81,16.13,10387953,10514105,-1.19,-,https://mopsov.twse.com.tw/nas/t21/otc/t21sc03_105_8_0.html,2026-10-09T16:18:21+0900
2016.09,6488,環球晶,otc,1428278,1424513,1277603,0.26,11.79,11816231,11791709,0.20,-,https://mopsov.twse.com.tw/nas/t21/otc/t21sc03_105_9_0.html,2026-10-09T16:18:21+0900
2016.10,6488,環球晶,otc,1430040,1428278,1174036,0.12,21.80,13246271,12965745,2.16,-,https://mopsov.twse.com.tw/nas/t21/otc/t21sc03_105_10_0.html,2026-10-09T16:18:21+0900
2016.11,6488,環球晶,otc,1490071,1430040,1175601,4.19,26.74,14736342,14141346,4.20,-,https://mopsov.twse.com.tw/nas/t21/otc/t21sc03_105_11_0.html,2026-10-09T16:18:21+0900
2016.12,6488,環球晶,otc,3690608,1490071,1169116,147.68,215.67,18426950,15310462,20.35,主係併購Sum Edison Semi,https://mopsov.twse.com.tw/nas/t21/otc/t21sc03_105_12_0.html,2026-10-09T16:18:21+0900
2017.01,6488,環球晶,otc,3164595,3690608,1207013,-14.25,162.18,3164595,1207013,162.18,"201612月併購美國Sunedison,營收較去年增加",https://mopsov.twse.com.tw/nas/t21/otc/t21sc03_106_1_0.html,2026-10-09T16:18:21+0900
2017.02,6488,環球晶,otc,3339663,3164595,1212494,5.53,175.43,6504258,2419508,168.82,因去年12月併購Sunedison,https://mopsov.twse.com.tw/nas/t21/otc/t21sc03_106_2_0.html,2026-10-09T16:18:21+0900
2017.03,6488,環球晶,otc,4077102,3339663,1227806,22.08,232.06,10581360,3647314,190.11,去年12月併購SunEdison,https://mopsov.twse.com.tw/nas/t21/otc/t21sc03_106_3_0.html,2026-10-09T16:18:21+0900
2017.04,6488,環球晶,otc,3407136,4077102,1242510,-16.43,174.21,13988496,4889824,186.07,去年12月因併購SunEdison,https://mopsov.twse.com.tw/nas/t21/otc/t21sc03_106_4_0.html,2026-10-09T16:18:21+0900
2017.05,6488,環球晶,otc,3669916,3407136,1321046,7.71,177.80,17658412,6210870,184.31,因去年12月併購SunEdison,https://mopsov.twse.com.tw/nas/t21/otc/t21sc03_106_5_0.html,2026-10-09T16:18:21+0900
2017.06,6488,環球晶,otc,4128016,3669916,1339565,12.48,208.16,21786428,7550435,188.54,因去年12月併購SunEdison,https://mopsov.twse.com.tw/nas/t21/otc/t21sc03_106_6_0.html,2026-10-09T16:18:21+0900
2017.07,6488,環球晶,otc,3809800,4128016,1413004,-7.70,169.62,25596228,8963439,185.56,因去年年底併購SunEdison,https://mopsov.twse.com.tw/nas/t21/otc/t21sc03_106_7_0.html,2026-10-09T16:18:21+0900
2017.08,6488,環球晶,otc,3980171,3809800,1424513,4.47,179.40,29576399,10387953,184.71,因去年年底併購SunEdison,https://mopsov.twse.com.tw/nas/t21/otc/t21sc03_106_8_0.html,2026-10-09T16:18:21+0900
2017.09,6488,環球晶,otc,4188468,3980171,1428278,5.23,193.25,33764867,11816231,185.74,因去年12月併購SunEdison,https://mopsov.twse.com.tw/nas/t21/otc/t21sc03_106_9_0.html,2026-10-09T16:18:21+0900
2017.10,6488,環球晶,otc,3942253,4188468,1430040,-5.87,175.67,37707120,13246271,184.66,因去年併購SunEdison,https://mopsov.twse.com.tw/nas/t21/otc/t21sc03_106_10_0.html,2026-10-09T16:18:21+0900
2017.11,6488,環球晶,otc,4207269,3942253,1490071,6.72,182.35,41914389,14736342,184.42,因去年併購SunEdison,https://mopsov.twse.com.tw/nas/t21/otc/t21sc03_106_11_0.html,2026-10-09T16:18:21+0900
2017.12,6488,環球晶,otc,4298213,4207269,3690608,2.16,16.46,46212601,18426950,150.78,因去年12月併購SunEdison,https://mopsov.twse.com.tw/nas/t21/otc/t21sc03_106_12_0.html,2026-10-09T16:18:21+0900
2018.01,6488,環球晶,otc,4737400,4298213,3164595,10.21,49.70,4737400,3164595,49.70,-,https://mopsov.twse.com.tw/nas/t21/otc/t21sc03_107_1_0.html,2026-10-09T16:18:21+0900
2018.02,6488,環球晶,otc,4294905,4737400,3339663,-9.34,28.60,9032306,6504258,38.86,-,https://mopsov.twse.com.tw/nas/t21/otc/t21sc03_107_2_0.html,2026-10-09T16:18:21+0900
2018.03,6488,環球晶,otc,4877652,4294905,4077102,13.56,19.63,13909958,10581360,31.45,-,https://mopsov.twse.com.tw/nas/t21/otc/t21sc03_107_3_0.html,2026-10-09T16:18:21+0900
2018.04,6488,環球晶,otc,4583035,4877652,3407136,-6.04,34.51,18492993,13988496,32.20,-,https://mopsov.twse.com.tw/nas/t21/otc/t21sc03_107_4_0.html,2026-10-09T16:18:21+0900
2018.05,6488,環球晶,otc,4779119,4583035,3669916,4.27,30.22,23272112,17658412,31.79,-,https://mopsov.twse.com.tw/nas/t21/otc/t21sc03_107_5_0.html,2026-10-09T16:18:21+0900
2018.06,6488,環球晶,otc,5005839,4779119,4128016,4.74,21.26,28277951,21786428,29.79,-,https://mopsov.twse.com.tw/nas/t21/otc/t21sc03_107_6_0.html,2026-10-09T16:18:21+0900
2018.07,6488,環球晶,otc,4962388,5005839,3809800,-0.86,30.25,33240339,25596228,29.86,-,https://mopsov.twse.com.tw/nas/t21/otc/t21sc03_107_7_0.html,2026-10-09T16:18:21+0900
2018.08,6488,環球晶,otc,5191354,4962388,3980171,4.61,30.43,38431693,29576399,29.94,-,https://mopsov.twse.com.tw/nas/t21/otc/t21sc03_107_8_0.html,2026-10-09T16:18:21+0900
2018.09,6488,環球晶,otc,5007874,5191354,4188468,-3.53,19.56,43439567,33764867,28.65,-,https://mopsov.twse.com.tw/nas/t21/otc/t21sc03_107_9_0.html,2026-10-09T16:18:21+0900
2018.10,6488,環球晶,otc,5282606,5007874,3942253,5.48,33.99,48722172,37707120,29.21,-,https://mopsov.twse.com.tw/nas/t21/otc/t21sc03_107_10_0.html,2026-10-09T16:18:21+0900
2018.11,6488,環球晶,otc,5142916,5282606,4207269,-2.64,22.23,53865088,41914389,28.51,-,https://mopsov.twse.com.tw/nas/t21/otc/t21sc03_107_11_0.html,2026-10-09T16:18:21+0900
2018.12,6488,環球晶,otc,5198422,5142916,4298213,1.07,20.94,59063510,46212601,27.80,-,https://mopsov.twse.com.tw/nas/t21/otc/t21sc03_107_12_0.html,2026-10-09T16:18:21+0900
2019.01,6488,環球晶,otc,5197318,5198422,4737400,-0.02,9.70,5197318,4737400,9.70,-,https://mopsov.twse.com.tw/nas/t21/otc/t21sc03_108_1_0.html,2026-10-09T16:18:21+0900
2019.02,6488,環球晶,otc,4727252,5197318,4294905,-9.04,10.06,9924570,9032306,9.87,-,https://mopsov.twse.com.tw/nas/t21/otc/t21sc03_108_2_0.html,2026-10-09T16:18:21+0900
2019.03,6488,環球晶,otc,5666531,4727252,4877652,19.86,16.17,15591100,13909958,12.08,-,https://mopsov.twse.com.tw/nas/t21/otc/t21sc03_108_3_0.html,2026-10-09T16:18:21+0900
2019.04,6488,環球晶,otc,4656680,5666531,4583035,-17.82,1.60,20247781,18492993,9.48,-,https://mopsov.twse.com.tw/nas/t21/otc/t21sc03_108_4_0.html,2026-10-09T16:18:21+0900
2019.05,6488,環球晶,otc,4912675,4656680,4779119,5.49,2.79,25160456,23272112,8.11,-,https://mopsov.twse.com.tw/nas/t21/otc/t21sc03_108_5_0.html,2026-10-09T16:18:21+0900
2019.06,6488,環球晶,otc,5124549,4912675,5005839,4.31,2.37,30285005,28277951,7.09,-,https://mopsov.twse.com.tw/nas/t21/otc/t21sc03_108_6_0.html,2026-10-09T16:18:21+0900
2019.07,6488,環球晶,otc,4477318,5124549,4962388,-12.63,-9.77,34762323,33240339,4.57,-,https://mopsov.twse.com.tw/nas/t21/otc/t21sc03_108_7_0.html,2026-10-09T16:18:21+0900
2019.08,6488,環球晶,otc,4775574,4477318,5191354,6.66,-8.00,39537897,38431693,2.87,-,https://mopsov.twse.com.tw/nas/t21/otc/t21sc03_108_8_0.html,2026-10-09T16:18:21+0900
2019.09,6488,環球晶,otc,5050270,4775574,5007874,5.75,0.84,44588167,43439567,2.64,-,https://mopsov.twse.com.tw/nas/t21/otc/t21sc03_108_9_0.html,2026-10-09T16:18:21+0900
2019.10,6488,環球晶,otc,4421469,5050270,5282606,-12.45,-16.30,49009636,48722172,0.59,-,https://mopsov.twse.com.tw/nas/t21/otc/t21sc03_108_10_0.html,2026-10-09T16:18:21+0900
2019.11,6488,環球晶,otc,4344402,4421469,5142916,-1.74,-15.52,53354038,53865088,-0.94,-,https://mopsov.twse.com.tw/nas/t21/otc/t21sc03_108_11_0.html,2026-10-09T16:18:21+0900
2019.12,6488,環球晶,otc,4740293,4344402,5198422,9.11,-8.81,58094331,59063510,-1.64,-,https://mopsov.twse.com.tw/nas/t21/otc/t21sc03_108_12_0.html,2026-10-09T16:18:21+0900
2020.01,6488,環球晶,otc,4188896,4740293,5197318,-11.63,-19.40,4188896,5197318,-19.40,-,https://mopsov.twse.com.tw/nas/t21/otc/t21sc03_109_1_0.html,2026-10-09T16:18:21+0900
2020.02,6488,環球晶,otc,4278809,4188896,4727252,2.14,-9.48,8467705,9924570,-14.67,-,https://mopsov.twse.com.tw/nas/t21/otc/t21sc03_109_2_0.html,2026-10-09T16:18:21+0900
2020.03,6488,環球晶,otc,5047034,4278809,5666531,17.95,-10.93,13514739,15591100,-13.31,-,https://mopsov.twse.com.tw/nas/t21/otc/t21sc03_109_3_0.html,2026-10-09T16:18:21+0900
2020.04,6488,環球晶,otc,4306214,5047034,4656680,-14.67,-7.52,17820952,20247781,-11.98,-,https://mopsov.twse.com.tw/nas/t21/otc/t21sc03_109_4_0.html,2026-10-09T16:18:21+0900
2020.05,6488,環球晶,otc,4332757,4306214,4912675,0.61,-11.80,22153710,25160456,-11.95,-,https://mopsov.twse.com.tw/nas/t21/otc/t21sc03_109_5_0.html,2026-10-09T16:18:21+0900
2020.06,6488,環球晶,otc,5061949,4332757,5124549,16.82,-1.22,27215659,30285005,-10.13,-,https://mopsov.twse.com.tw/nas/t21/otc/t21sc03_109_6_0.html,2026-10-09T16:18:21+0900
2020.07,6488,環球晶,otc,4353462,5061949,4477318,-13.99,-2.76,31569121,34762323,-9.18,-,https://mopsov.twse.com.tw/nas/t21/otc/t21sc03_109_7_0.html,2026-10-09T16:18:21+0900
2020.08,6488,環球晶,otc,4555613,4353462,4775574,4.64,-4.60,36124733,39537897,-8.63,-,https://mopsov.twse.com.tw/nas/t21/otc/t21sc03_109_8_0.html,2026-10-09T16:18:21+0900
2020.09,6488,環球晶,otc,5097062,4555613,5050270,11.88,0.92,41221795,44588167,-7.54,-,https://mopsov.twse.com.tw/nas/t21/otc/t21sc03_109_9_0.html,2026-10-09T16:18:21+0900
2020.10,6488,環球晶,otc,4523213,5097062,4421469,-11.25,2.30,45745008,49009636,-6.66,-,https://mopsov.twse.com.tw/nas/t21/otc/t21sc03_109_10_0.html,2026-10-09T16:18:21+0900
2020.11,6488,環球晶,otc,4686974,4523213,4344402,3.62,7.88,50431983,53354038,-5.47,-,https://mopsov.twse.com.tw/nas/t21/otc/t21sc03_109_11_0.html,2026-10-09T16:18:21+0900
2020.12,6488,環球晶,otc,4926806,4686974,4740293,5.11,3.93,55358788,58094331,-4.70,-,https://mopsov.twse.com.tw/nas/t21/otc/t21sc03_109_12_0.html,2026-10-09T16:18:21+0900
2021.01,6488,環球晶,otc,4549073,4926806,4188896,-7.66,8.59,4549073,4188896,8.59,-,https://mopsov.twse.com.tw/nas/t21/otc/t21sc03_110_1_0.html,2026-10-09T16:18:21+0900
2021.02,6488,環球晶,otc,4553253,4549073,4278809,0.09,6.41,9102326,8467705,7.49,-,https://mopsov.twse.com.tw/nas/t21/otc/t21sc03_110_2_0.html,2026-10-09T16:18:21+0900
2021.03,6488,環球晶,otc,5702505,4553253,5047034,25.24,12.98,14805831,13514739,9.55,-,https://mopsov.twse.com.tw/nas/t21/otc/t21sc03_110_3_0.html,2026-10-09T16:18:21+0900
2021.04,6488,環球晶,otc,4996406,5702505,4306214,-12.38,16.02,19802237,17820952,11.11,-,https://mopsov.twse.com.tw/nas/t21/otc/t21sc03_110_4_0.html,2026-10-09T16:18:21+0900
2021.05,6488,環球晶,otc,4805163,4996406,4332757,-3.82,10.90,24607400,22153710,11.07,-,https://mopsov.twse.com.tw/nas/t21/otc/t21sc03_110_5_0.html,2026-10-09T16:18:21+0900
2021.06,6488,環球晶,otc,5406898,4805163,5061949,12.52,6.81,30014298,27215659,10.28,-,https://mopsov.twse.com.tw/nas/t21/otc/t21sc03_110_6_0.html,2026-10-09T16:18:21+0900
2021.07,6488,環球晶,otc,4831866,5406898,4353462,-10.63,10.98,34846164,31569121,10.38,-,https://mopsov.twse.com.tw/nas/t21/otc/t21sc03_110_7_0.html,2026-10-09T16:18:21+0900
2021.08,6488,環球晶,otc,5147501,4831866,4555613,6.53,12.99,39993665,36124733,10.70,-,https://mopsov.twse.com.tw/nas/t21/otc/t21sc03_110_8_0.html,2026-10-09T16:18:21+0900
2021.09,6488,環球晶,otc,5384481,5147501,5097062,4.60,5.63,45378147,41221795,10.08,-,https://mopsov.twse.com.tw/nas/t21/otc/t21sc03_110_9_0.html,2026-10-09T16:18:21+0900
2021.10,6488,環球晶,otc,4964011,5384481,4523213,-7.80,9.74,50342158,45745008,10.04,-,https://mopsov.twse.com.tw/nas/t21/otc/t21sc03_110_10_0.html,2026-10-09T16:18:21+0900
2021.11,6488,環球晶,otc,5490074,4964011,4686974,10.59,17.13,55832232,50431983,10.70,-,https://mopsov.twse.com.tw/nas/t21/otc/t21sc03_110_11_0.html,2026-10-09T16:18:21+0900
2021.12,6488,環球晶,otc,5298360,5490074,4926806,-3.49,7.54,61130592,55358788,10.42,-,https://mopsov.twse.com.tw/nas/t21/otc/t21sc03_110_12_0.html,2026-10-09T16:18:21+0900
2022.01,6488,環球晶,otc,5216323,5298360,4549073,-1.54,14.66,5216323,4549073,14.66,-,https://mopsov.twse.com.tw/nas/t21/otc/t21sc03_111_1_0.html,2026-10-09T15:39:43+0900
2022.02,6488,環球晶,otc,5356182,5216323,4553253,2.68,17.63,10572505,9102326,16.15,-,https://mopsov.twse.com.tw/nas/t21/otc/t21sc03_111_2_0.html,2026-10-09T15:39:43+0900
2022.03,6488,環球晶,otc,5734020,5356182,5702505,7.05,0.55,16306525,14805831,10.13,-,https://mopsov.twse.com.tw/nas/t21/otc/t21sc03_111_3_0.html,2026-10-09T15:39:43+0900
2022.04,6488,環球晶,otc,5257838,5734020,4996406,-8.30,5.23,21564364,19802237,8.89,-,https://mopsov.twse.com.tw/nas/t21/otc/t21sc03_111_4_0.html,2026-10-09T15:39:43+0900
2022.05,6488,環球晶,otc,6042621,5257838,4805163,14.92,25.75,27606985,24607400,12.18,-,https://mopsov.twse.com.tw/nas/t21/otc/t21sc03_111_5_0.html,2026-10-09T15:39:43+0900
2022.06,6488,環球晶,otc,6239323,6042621,5406898,3.25,15.39,33846308,30014298,12.76,-,https://mopsov.twse.com.tw/nas/t21/otc/t21sc03_111_6_0.html,2026-10-09T15:39:43+0900
2022.07,6488,環球晶,otc,5719525,6239323,4831866,-8.33,18.37,39565834,34846164,13.54,-,https://mopsov.twse.com.tw/nas/t21/otc/t21sc03_111_7_0.html,2026-10-09T15:39:43+0900
2022.08,6488,環球晶,otc,6270252,5719525,5147501,9.62,21.81,45836086,39993665,14.60,-,https://mopsov.twse.com.tw/nas/t21/otc/t21sc03_111_8_0.html,2026-10-09T15:39:43+0900
2022.09,6488,環球晶,otc,6063013,6270252,5384481,-3.30,12.60,51899099,45378147,14.37,-,https://mopsov.twse.com.tw/nas/t21/otc/t21sc03_111_9_0.html,2026-10-09T15:39:43+0900
2022.10,6488,環球晶,otc,6294046,6063013,4964011,3.81,26.79,58193146,50342158,15.59,-,https://mopsov.twse.com.tw/nas/t21/otc/t21sc03_111_10_0.html,2026-10-09T15:39:43+0900
2022.11,6488,環球晶,otc,6045651,6294046,5490074,-3.94,10.11,64238796,55832232,15.05,-,https://mopsov.twse.com.tw/nas/t21/otc/t21sc03_111_11_0.html,2026-10-09T15:39:43+0900
2022.12,6488,環球晶,otc,6048075,6045651,5298360,0.04,14.14,70286871,61130592,14.97,-,https://mopsov.twse.com.tw/nas/t21/otc/t21sc03_111_12_0.html,2026-10-09T15:39:43+0900
2023.01,6488,環球晶,otc,5929796,6048075,5216323,-1.95,13.67,5929796,5216323,13.67,-,https://mopsov.twse.com.tw/nas/t21/otc/t21sc03_112_1_0.html,2026-10-09T15:39:43+0900
2023.02,6488,環球晶,otc,5981182,5929796,5356182,0.86,11.66,11910978,10572505,12.65,-,https://mopsov.twse.com.tw/nas/t21/otc/t21sc03_112_2_0.html,2026-10-09T15:39:43+0900
2023.03,6488,環球晶,otc,6705176,5981182,5734020,12.10,16.93,18616154,16306525,14.16,-,https://mopsov.twse.com.tw/nas/t21/otc/t21sc03_112_3_0.html,2026-10-09T15:39:43+0900
2023.04,6488,環球晶,otc,5633539,6705176,5257838,-15.98,7.14,24249692,21564364,12.45,-,https://mopsov.twse.com.tw/nas/t21/otc/t21sc03_112_4_0.html,2026-10-09T15:39:43+0900
2023.05,6488,環球晶,otc,5957256,5633539,6042621,5.74,-1.41,30206948,27606985,9.41,-,https://mopsov.twse.com.tw/nas/t21/otc/t21sc03_112_5_0.html,2026-10-09T15:39:43+0900
2023.06,6488,環球晶,otc,6305467,5957256,6239323,5.84,1.06,36512414,33846308,7.87,-,https://mopsov.twse.com.tw/nas/t21/otc/t21sc03_112_6_0.html,2026-10-09T15:39:43+0900
2023.07,6488,環球晶,otc,5484901,6305467,5719525,-13.01,-4.10,41997316,39565834,6.14,-,https://mopsov.twse.com.tw/nas/t21/otc/t21sc03_112_7_0.html,2026-10-09T15:39:43+0900
2023.08,6488,環球晶,otc,5462083,5484901,6270252,-0.41,-12.88,47459399,45836086,3.54,-,https://mopsov.twse.com.tw/nas/t21/otc/t21sc03_112_8_0.html,2026-10-09T15:39:43+0900
2023.09,6488,環球晶,otc,6428925,5462083,6063013,17.70,6.03,53888324,51899099,3.83,-,https://mopsov.twse.com.tw/nas/t21/otc/t21sc03_112_9_0.html,2026-10-09T15:39:43+0900
2023.10,6488,環球晶,otc,5086533,6428925,6294046,-20.88,-19.18,58974858,58193146,1.34,-,https://mopsov.twse.com.tw/nas/t21/otc/t21sc03_112_10_0.html,2026-10-09T15:39:43+0900
2023.11,6488,環球晶,otc,5242965,5086533,6045651,3.07,-13.27,64217823,64238796,-0.03,-,https://mopsov.twse.com.tw/nas/t21/otc/t21sc03_112_11_0.html,2026-10-09T15:39:43+0900
2023.12,6488,環球晶,otc,6433770,5242965,6048075,22.71,6.37,70651593,70286871,0.51,-,https://mopsov.twse.com.tw/nas/t21/otc/t21sc03_112_12_0.html,2026-10-09T15:39:43+0900
2024.01,6488,環球晶,otc,4396378,6433770,5929796,-31.66,-25.85,4396378,5929796,-25.85,-,https://mopsov.twse.com.tw/nas/t21/otc/t21sc03_113_1_0.html,2026-10-09T15:39:43+0900
2024.02,6488,環球晶,otc,5028827,4396378,5981182,14.38,-15.92,9425205,11910978,-20.86,-,https://mopsov.twse.com.tw/nas/t21/otc/t21sc03_113_2_0.html,2026-10-09T15:39:43+0900
2024.03,6488,環球晶,otc,5661858,5028827,6705176,12.58,-15.55,15087063,18616154,-18.95,-,https://mopsov.twse.com.tw/nas/t21/otc/t21sc03_113_3_0.html,2026-10-09T15:39:43+0900
2024.04,6488,環球晶,otc,4784755,5661858,5633539,-15.49,-15.06,19871818,24249692,-18.05,-,https://mopsov.twse.com.tw/nas/t21/otc/t21sc03_113_4_0.html,2026-10-09T15:39:43+0900
2024.05,6488,環球晶,otc,5201311,4784755,5957256,8.70,-12.68,25073129,30206948,-16.99,-,https://mopsov.twse.com.tw/nas/t21/otc/t21sc03_113_5_0.html,2026-10-09T15:39:43+0900
2024.06,6488,環球晶,otc,5339563,5201311,6305467,2.65,-15.31,30412692,36512414,-16.70,-,https://mopsov.twse.com.tw/nas/t21/otc/t21sc03_113_6_0.html,2026-10-09T15:39:43+0900
2024.07,6488,環球晶,otc,5359023,5339563,5484901,0.36,-2.29,35771715,41997316,-14.82,-,https://mopsov.twse.com.tw/nas/t21/otc/t21sc03_113_7_0.html,2026-10-09T15:39:43+0900
2024.08,6488,環球晶,otc,5359419,5359023,5462083,0.00,-1.87,41131134,47459399,-13.33,-,https://mopsov.twse.com.tw/nas/t21/otc/t21sc03_113_8_0.html,2026-10-09T15:39:43+0900
2024.09,6488,環球晶,otc,5151536,5359419,6428925,-3.87,-19.86,46282670,53888324,-14.11,-,https://mopsov.twse.com.tw/nas/t21/otc/t21sc03_113_9_0.html,2026-10-09T15:39:43+0900
2024.10,6488,環球晶,otc,5733967,5151536,5086533,11.30,12.72,52016637,58974858,-11.79,-,https://mopsov.twse.com.tw/nas/t21/otc/t21sc03_113_10_0.html,2026-10-09T15:39:43+0900
2024.11,6488,環球晶,otc,5118181,5733967,5242965,-10.73,-2.38,57134818,64217823,-11.02,-,https://mopsov.twse.com.tw/nas/t21/otc/t21sc03_113_11_0.html,2026-10-09T15:39:43+0900
2024.12,6488,環球晶,otc,5491186,5118181,6433770,7.28,-14.65,62626004,70651593,-11.35,-,https://mopsov.twse.com.tw/nas/t21/otc/t21sc03_113_12_0.html,2026-10-09T15:39:43+0900
2025.01,6488,環球晶,otc,4829183,5491186,4396378,-12.05,9.84,4829183,4396378,9.84,-,https://mopsov.twse.com.tw/nas/t21/otc/t21sc03_114_1_0.html,2026-10-09T15:39:43+0900
2025.02,6488,環球晶,otc,5324413,4829183,5028827,10.25,5.87,10153596,9425205,7.72,-,https://mopsov.twse.com.tw/nas/t21/otc/t21sc03_114_2_0.html,2026-10-09T15:39:43+0900
2025.03,6488,環球晶,otc,5440926,5324413,5661858,2.18,-3.90,15594522,15087063,3.36,-,https://mopsov.twse.com.tw/nas/t21/otc/t21sc03_114_3_0.html,2026-10-09T15:39:43+0900
2025.04,6488,環球晶,otc,5283369,5440926,4784755,-2.89,10.42,20877891,19871818,5.06,-,https://mopsov.twse.com.tw/nas/t21/otc/t21sc03_114_4_0.html,2026-10-09T15:39:43+0900
2025.05,6488,環球晶,otc,5007206,5283369,5201311,-5.22,-3.73,25885097,25073129,3.23,-,https://mopsov.twse.com.tw/nas/t21/otc/t21sc03_114_5_0.html,2026-10-09T15:39:43+0900
2025.06,6488,環球晶,otc,5717334,5007206,5339563,14.18,7.07,31602431,30412692,3.91,-,https://mopsov.twse.com.tw/nas/t21/otc/t21sc03_114_6_0.html,2026-10-09T15:39:43+0900
2025.07,6488,環球晶,otc,4162281,5717334,5359023,-27.19,-22.33,35764712,35771715,-0.01,-,https://mopsov.twse.com.tw/nas/t21/otc/t21sc03_114_7_0.html,2026-10-09T15:39:43+0900
2025.08,6488,環球晶,otc,4427620,4162281,5359419,6.37,-17.38,40192332,41131134,-2.28,-,https://mopsov.twse.com.tw/nas/t21/otc/t21sc03_114_8_0.html,2026-10-09T15:39:43+0900
2025.09,6488,環球晶,otc,5903533,4427620,5151536,33.33,14.59,46095865,46282670,-0.40,-,https://mopsov.twse.com.tw/nas/t21/otc/t21sc03_114_9_0.html,2026-10-09T15:39:43+0900
2025.10,6488,環球晶,otc,4284634,5903533,5733967,-27.42,-25.27,50380499,52016637,-3.14,-,https://mopsov.twse.com.tw/nas/t21/otc/t21sc03_114_10_0.html,2026-10-09T15:39:43+0900
2025.11,6488,環球晶,otc,4711626,4284634,5118181,9.96,-7.94,55092125,57134818,-3.57,-,https://mopsov.twse.com.tw/nas/t21/otc/t21sc03_114_11_0.html,2026-10-09T15:39:43+0900
2025.12,6488,環球晶,otc,5505813,4711626,5491186,16.85,0.26,60597938,62626004,-3.23,-,https://mopsov.twse.com.tw/nas/t21/otc/t21sc03_114_12_0.html,2026-10-09T15:39:43+0900
2026.01,6488,環球晶,otc,4139278,5505813,4829183,-24.81,-14.28,4139278,4829183,-14.28,-,https://mopsov.twse.com.tw/nas/t21/otc/t21sc03_115_1_0.html,2026-10-09T15:39:43+0900
2026.02,6488,環球晶,otc,4399603,4139278,5324413,6.28,-17.36,8538881,10153596,-15.90,-,https://mopsov.twse.com.tw/nas/t21/otc/t21sc03_115_2_0.html,2026-10-09T15:39:43+0900
2026.03,6488,環球晶,otc,5445917,4399603,5440926,23.78,0.09,13984798,15594522,-10.32,-,https://mopsov.twse.com.tw/nas/t21/otc/t21sc03_115_3_0.html,2026-10-09T15:39:43+0900
2026.04,6488,環球晶,otc,4747927,5445917,5283369,-12.81,-10.13,18732725,20877891,-10.27,-,https://mopsov.twse.com.tw/nas/t21/otc/t21sc03_115_4_0.html,2026-10-09T15:39:43+0900
2026.05,6488,環球晶,otc,4842007,4747927,5007206,1.98,-3.29,23574732,25885097,-8.92,-,https://mopsov.twse.com.tw/nas/t21/otc/t21sc03_115_5_0.html,2026-10-09T15:39:43+0900
2026.06,6488,環球晶,otc,5624376,4842007,5717334,16.15,-1.62,29199108,31602431,-7.60,-,https://mopsov.twse.com.tw/nas/t21/otc/t21sc03_115_6_0.html,2026-10-09T15:39:43+0900
2026.07,6488,環球晶,otc,4977758,5624376,4162281,-11.49,19.59,34176866,35764712,-4.43,-,https://mopsov.twse.com.tw/nas/t21/otc/t21sc03_115_7_0.html,2026-10-09T16:18:21+0900
2026.08,6488,環球晶,otc,4764363,4977758,4427620,-4.28,7.60,38941229,40192332,-3.11,-,https://mopsov.twse.com.tw/nas/t21/otc/t21sc03_115_8_0.html,2026-10-09T16:18:21+0900
2026.09,6488,環球晶,otc,5128632,4764363,5903533,7.64,-13.12,44069861,46095865,-4.39,-,https://mopsov.twse.com.tw/nas/t21/otc/t21sc03_115_9_0.html,2026-10-09T16:18:21+0900
2016.01,6669,緯穎,sii,811631,0,721250,,12.53,811631,721250,12.53,-,https://mopsov.twse.com.tw/nas/t21/sii/t21sc03_105_1_0.html,2026-10-09T16:18:21+0900
2016.02,6669,緯穎,sii,3082100,811631,1062524,279.74,190.07,3893731,1783774,118.28,隨雲端產業蓬勃發展，帶動資料中心建置需求提升，本公司切入大型資料中心客戶，出貨量成長，故營收增加。,https://mopsov.twse.com.tw/nas/t21/sii/t21sc03_105_2_0.html,2026-10-09T16:18:21+0900
2016.03,6669,緯穎,sii,2007538,3082100,608893,-34.86,229.70,5901269,2392667,146.63,隨雲端產業蓬勃發展，帶動資料中心建置需求提升，本公司切入大型資料中心客戶，出貨量成長，故營收增加。,https://mopsov.twse.com.tw/nas/t21/sii/t21sc03_105_3_0.html,2026-10-09T16:18:21+0900
2016.04,6669,緯穎,sii,4006875,2007538,1056939,99.59,279.10,9908144,3449606,187.22,隨雲端產業蓬勃發展，帶動資料中心建置需求提升，本公司切入大型資料中心客戶，出貨量成長，故營收增加。,https://mopsov.twse.com.tw/nas/t21/sii/t21sc03_105_4_0.html,2026-10-09T16:18:21+0900
2016.05,6669,緯穎,sii,2338399,4006875,915701,-41.64,155.36,12246543,4365306,180.54,隨雲端產業蓬勃發展，帶動資料中心建置需求提升，本公司切入大型資料中心客戶，出貨量成長，故營收增加。,https://mopsov.twse.com.tw/nas/t21/sii/t21sc03_105_5_0.html,2026-10-09T16:18:21+0900
2016.06,6669,緯穎,sii,454403,2338399,390070,-80.56,16.49,12700946,4755376,167.08,隨雲端產業蓬勃發展，帶動資料中心建置需求提升，本公司切入大型資料中心客戶，出貨量成長，故營收增加。,https://mopsov.twse.com.tw/nas/t21/sii/t21sc03_105_6_0.html,2026-10-09T16:18:21+0900
2016.07,6669,緯穎,sii,1374086,454403,1264432,202.39,8.67,14075032,6019808,133.81,隨雲端產業蓬勃發展，帶動資料中心建置需求提升，本公司切入大型資料中心客戶，出貨量成長，故營收增加。,https://mopsov.twse.com.tw/nas/t21/sii/t21sc03_105_7_0.html,2026-10-09T16:18:21+0900
2016.08,6669,緯穎,sii,4196529,1374086,1517100,205.40,176.61,18271561,7536908,142.42,隨雲端產業蓬勃發展，帶動資料中心建置需求提升，本公司切入大型資料中心客戶，出貨量成長，故營收增加。,https://mopsov.twse.com.tw/nas/t21/sii/t21sc03_105_8_0.html,2026-10-09T16:18:21+0900
2016.09,6669,緯穎,sii,2169181,4196529,502619,-48.31,331.57,20440742,8039527,154.25,隨雲端產業蓬勃發展，帶動資料中心建置需求提升，本公司切入大型資料中心客戶，出貨量成長，故營收增加。,https://mopsov.twse.com.tw/nas/t21/sii/t21sc03_105_9_0.html,2026-10-09T16:18:21+0900
2016.10,6669,緯穎,sii,4309285,2169181,1004332,98.65,329.06,24750027,9043859,173.66,隨雲端產業蓬勃發展，帶動資料中心建置需求提升，本公司切入大型資料中心客戶，出貨量成長，故營收增加。,https://mopsov.twse.com.tw/nas/t21/sii/t21sc03_105_10_0.html,2026-10-09T16:18:21+0900
2016.11,6669,緯穎,sii,5036937,4309285,1011335,16.88,398.04,29786964,10055195,196.23,隨雲端產業蓬勃發展，帶動資料中心建置需求提升，本公司切入大型資料中心客戶，出貨量成長，故營收增加。,https://mopsov.twse.com.tw/nas/t21/sii/t21sc03_105_11_0.html,2026-10-09T16:18:21+0900
2016.12,6669,緯穎,sii,1953576,5036937,748233,-61.21,161.09,31740540,10803428,193.80,隨雲端產業蓬勃發展，帶動資料中心建置需求提升，本公司切入大型資料中心客戶，出貨量成長，故營收增加。,https://mopsov.twse.com.tw/nas/t21/sii/t21sc03_105_12_0.html,2026-10-09T16:18:21+0900
2017.01,6669,緯穎,sii,3174462,1953576,811631,62.49,291.12,3174462,811631,291.12,隨雲端產業蓬勃發展，帶動資料中心建置需求提升，本公司切入大型資料中心客戶，出貨量成長，故營收增加。,https://mopsov.twse.com.tw/nas/t21/sii/t21sc03_106_1_0.html,2026-10-09T16:18:21+0900
2017.02,6669,緯穎,sii,4321457,3174462,3082100,36.13,40.21,7495919,3893730,92.51,隨雲端產業蓬勃發展，帶動資料中心建置需求提升，本公司切入大型資料中心客戶，出貨量成長，故營收增加。,https://mopsov.twse.com.tw/nas/t21/sii/t21sc03_106_2_0.html,2026-10-09T16:18:21+0900
2017.03,6669,緯穎,sii,2888377,4321457,2007538,-33.16,43.87,10384296,5901268,75.96,隨雲端產業蓬勃發展，帶動資料中心建置需求提升，本公司切入大型資料中心客戶，出貨量成長，故營收增加。,https://mopsov.twse.com.tw/nas/t21/sii/t21sc03_106_3_0.html,2026-10-09T16:18:21+0900
2017.04,6669,緯穎,sii,6682173,2888377,4006875,131.34,66.76,17066470,9908144,72.24,隨雲端產業蓬勃發展，帶動資料中心建置需求提升，本公司切入大型資料中心客戶，出貨量成長，故營收增加。,https://mopsov.twse.com.tw/nas/t21/sii/t21sc03_106_4_0.html,2026-10-09T16:18:21+0900
2017.05,6669,緯穎,sii,6103762,6682173,2338399,-8.65,161.02,23170232,12246543,89.19,隨雲端產業蓬勃發展，帶動資料中心建置需求提升，本公司切入大型資料中心客戶，出貨量成長，故營收增加。,https://mopsov.twse.com.tw/nas/t21/sii/t21sc03_106_5_0.html,2026-10-09T16:18:21+0900
2017.06,6669,緯穎,sii,8426597,6103762,454403,38.05,1754.43,31596830,12700946,148.77,隨雲端產業蓬勃發展，帶動資料中心建置需求提升，本公司切入大型資料中心客戶，出貨量成長，故營收增加。,https://mopsov.twse.com.tw/nas/t21/sii/t21sc03_106_6_0.html,2026-10-09T16:18:21+0900
2017.07,6669,緯穎,sii,7397168,8426597,1374086,-12.21,438.33,38993997,14075032,177.04,隨雲端產業蓬勃發展，帶動資料中心建置需求提升，本公司切入大型資料中心客戶，出貨量成長，故營收增加。,https://mopsov.twse.com.tw/nas/t21/sii/t21sc03_106_7_0.html,2026-10-09T16:18:21+0900
2017.08,6669,緯穎,sii,9934326,7397168,4196529,34.29,136.72,48928324,18271561,167.78,隨雲端產業蓬勃發展，帶動資料中心建置需求提升，本公司切入大型資料中心客戶，出貨量成長，故營收增加。,https://mopsov.twse.com.tw/nas/t21/sii/t21sc03_106_8_0.html,2026-10-09T16:18:21+0900
2017.09,6669,緯穎,sii,5573017,9934326,2169181,-43.90,156.91,54501341,20440742,166.63,隨雲端產業蓬勃發展，帶動資料中心建置需求提升，本公司切入大型資料中心客戶，出貨量成長，故營收增加。,https://mopsov.twse.com.tw/nas/t21/sii/t21sc03_106_9_0.html,2026-10-09T16:18:21+0900
2017.10,6669,緯穎,sii,10761203,5573017,4309285,93.09,149.72,65262544,24750027,163.68,-,https://mopsov.twse.com.tw/nas/t21/sii/t21sc03_106_10_0.html,2026-10-09T16:18:21+0900
2017.11,6669,緯穎,sii,10039355,10761203,5036937,-6.70,99.31,75301899,29786964,152.80,隨雲端產業蓬勃發展，帶動資料中心建置需求提升，本公司切入大型資料中心客戶，出貨量成長，故營收增加。,https://mopsov.twse.com.tw/nas/t21/sii/t21sc03_106_11_0.html,2026-10-09T16:18:21+0900
2017.12,6669,緯穎,sii,10711800,10039355,1953576,6.69,448.31,86013699,31740540,170.99,隨雲端產業蓬勃發展，帶動資料中心建置需求提升，本公司切入大型資料中心客戶，出貨量成長，故營收增加。,https://mopsov.twse.com.tw/nas/t21/sii/t21sc03_106_12_0.html,2026-10-09T16:18:21+0900
2018.01,6669,緯穎,sii,11910254,10711800,3174462,11.18,275.18,11910254,3174462,275.18,隨雲端產業蓬勃發展，帶動資料中心建置需求提升，本公司切入大型資料中心客戶，出貨量成長，故營收增加。,https://mopsov.twse.com.tw/nas/t21/sii/t21sc03_107_1_0.html,2026-10-09T16:18:21+0900
2018.02,6669,緯穎,sii,10478056,11910254,4321457,-12.02,142.46,22388310,7495919,198.67,隨雲端產業蓬勃發展，帶動資料中心建置需求提升，本公司切入大型資料中心客戶，出貨量成長，故營收增加。,https://mopsov.twse.com.tw/nas/t21/sii/t21sc03_107_2_0.html,2026-10-09T16:18:21+0900
2018.03,6669,緯穎,sii,17038548,10478056,2888377,62.61,489.90,39426858,10384296,279.67,隨雲端產業蓬勃發展，帶動資料中心建置需求提升，本公司切入大型資料中心客戶，出貨量成長，故營收增加。,https://mopsov.twse.com.tw/nas/t21/sii/t21sc03_107_3_0.html,2026-10-09T16:18:21+0900
2018.04,6669,緯穎,sii,15985847,17038548,6682173,-6.17,139.23,55538144,17066470,225.42,隨雲端產業蓬勃發展，帶動資料中心建置需求提升，本公司切入大型資料中心客戶，出貨量成長，故營收增加。,https://mopsov.twse.com.tw/nas/t21/sii/t21sc03_107_4_0.html,2026-10-09T16:18:21+0900
2018.05,6669,緯穎,sii,16299306,15985847,6103762,1.96,167.03,71837450,23170232,210.04,隨雲端產業蓬勃發展，帶動資料中心建置需求提升，本公司切入大型資料中心客戶，出貨量成長，故營收增加。,https://mopsov.twse.com.tw/nas/t21/sii/t21sc03_107_5_0.html,2026-10-09T16:18:21+0900
2018.06,6669,緯穎,sii,14082248,16299306,8426597,-13.60,67.11,85919698,31596830,171.92,隨雲端產業蓬勃發展，帶動資料中心建置需求提升，本公司切入大型資料中心客戶，出貨量成長，故營收增加。,https://mopsov.twse.com.tw/nas/t21/sii/t21sc03_107_6_0.html,2026-10-09T16:18:21+0900
2018.07,6669,緯穎,sii,12198020,14082248,7397168,-13.38,64.90,98117719,38993997,151.62,隨雲端產業蓬勃發展，帶動資料中心建置需求提升，本公司切入大型資料中心客戶，出貨量成長，故營收增加。,https://mopsov.twse.com.tw/nas/t21/sii/t21sc03_107_7_0.html,2026-10-09T16:18:21+0900
2018.08,6669,緯穎,sii,16986462,12198020,9934326,39.25,70.98,115104180,48928324,135.25,隨雲端產業蓬勃發展，帶動資料中心建置需求提升，本公司切入大型資料中心客戶，出貨量成長，故營收增加。,https://mopsov.twse.com.tw/nas/t21/sii/t21sc03_107_8_0.html,2026-10-09T16:18:21+0900
2018.09,6669,緯穎,sii,19336348,16986462,5573017,13.83,246.96,134440528,54501341,146.67,隨雲端產業蓬勃發展，帶動資料中心建置需求提升，本公司切入大型資料中心客戶，出貨量成長，故營收增加。,https://mopsov.twse.com.tw/nas/t21/sii/t21sc03_107_9_0.html,2026-10-09T16:18:21+0900
2018.10,6669,緯穎,sii,16692443,19336348,10761203,-13.67,55.11,151132971,65262544,131.57,隨雲端產業蓬勃發展，帶動資料中心建置需求提升，本公司切入大型資料中心客戶，出貨量成長，故營收增加。,https://mopsov.twse.com.tw/nas/t21/sii/t21sc03_107_10_0.html,2026-10-09T16:18:21+0900
2018.11,6669,緯穎,sii,12876772,16692443,10039355,-22.85,28.26,164009743,75301899,117.80,隨雲端產業蓬勃發展，帶動資料中心建置需求提升，本公司切入大型資料中心客戶，出貨量成長，故營收增加。,https://mopsov.twse.com.tw/nas/t21/sii/t21sc03_107_11_0.html,2026-10-09T16:18:21+0900
2018.12,6669,緯穎,sii,17055071,12876772,10372626,32.44,64.42,181064815,85674525,111.34,隨雲端產業蓬勃發展，帶動資料中心建置需求提升，本公司切入大型資料中心客戶，出貨量成長，故營收增加。,https://mopsov.twse.com.tw/nas/t21/sii/t21sc03_107_12_0.html,2026-10-09T16:18:21+0900
2019.01,6669,緯穎,sii,15242621,17055071,11910254,-10.62,27.97,15242621,11910254,27.97,-,https://mopsov.twse.com.tw/nas/t21/sii/t21sc03_108_1_0.html,2026-10-09T16:18:21+0900
2019.02,6669,緯穎,sii,11155782,15242621,10478056,-26.81,6.46,26398403,22388310,17.91,-,https://mopsov.twse.com.tw/nas/t21/sii/t21sc03_108_2_0.html,2026-10-09T16:18:21+0900
2019.03,6669,緯穎,sii,12037937,11155782,17163987,7.90,-29.86,38436340,39552297,-2.82,-,https://mopsov.twse.com.tw/nas/t21/sii/t21sc03_108_3_0.html,2026-10-09T16:18:21+0900
2019.04,6669,緯穎,sii,12288106,12037937,15985847,2.07,-23.13,50724446,55538144,-8.66,-,https://mopsov.twse.com.tw/nas/t21/sii/t21sc03_108_4_0.html,2026-10-09T16:18:21+0900
2019.05,6669,緯穎,sii,13505690,12288106,16299306,9.90,-17.13,64230136,71837450,-10.58,-,https://mopsov.twse.com.tw/nas/t21/sii/t21sc03_108_5_0.html,2026-10-09T16:18:21+0900
2019.06,6669,緯穎,sii,16469428,13505690,14082248,21.94,16.95,80699564,85919698,-6.07,-,https://mopsov.twse.com.tw/nas/t21/sii/t21sc03_108_6_0.html,2026-10-09T16:18:21+0900
2019.07,6669,緯穎,sii,11268041,16469428,12198020,-31.58,-7.62,91967605,98117719,-6.26,-,https://mopsov.twse.com.tw/nas/t21/sii/t21sc03_108_7_0.html,2026-10-09T16:18:21+0900
2019.08,6669,緯穎,sii,11007754,11268041,16986462,-2.30,-35.19,102975359,115104180,-10.53,-,https://mopsov.twse.com.tw/nas/t21/sii/t21sc03_108_8_0.html,2026-10-09T16:18:21+0900
2019.09,6669,緯穎,sii,11265910,11007754,19336348,2.34,-41.73,114241269,134440528,-15.02,-,https://mopsov.twse.com.tw/nas/t21/sii/t21sc03_108_9_0.html,2026-10-09T16:18:21+0900
2019.10,6669,緯穎,sii,15488010,11265910,16692443,37.47,-7.21,129729279,151132971,-14.16,-,https://mopsov.twse.com.tw/nas/t21/sii/t21sc03_108_10_0.html,2026-10-09T16:18:21+0900
2019.11,6669,緯穎,sii,15697738,15488010,12876772,1.35,21.90,145427017,164009743,-11.33,-,https://mopsov.twse.com.tw/nas/t21/sii/t21sc03_108_11_0.html,2026-10-09T16:18:21+0900
2019.12,6669,緯穎,sii,18368631,15697738,17055071,17.01,7.70,163795648,181064815,-9.53,-,https://mopsov.twse.com.tw/nas/t21/sii/t21sc03_108_12_0.html,2026-10-09T16:18:21+0900
2020.01,6669,緯穎,sii,12421637,18368631,15242621,-32.37,-18.50,12421637,15242621,-18.50,-,https://mopsov.twse.com.tw/nas/t21/sii/t21sc03_109_1_0.html,2026-10-09T16:18:21+0900
2020.02,6669,緯穎,sii,11857759,12421637,11155782,-4.53,6.29,24279396,26398403,-8.02,-,https://mopsov.twse.com.tw/nas/t21/sii/t21sc03_109_2_0.html,2026-10-09T16:18:21+0900
2020.03,6669,緯穎,sii,10869031,11857759,12037937,-8.33,-9.71,35148427,38436340,-8.55,-,https://mopsov.twse.com.tw/nas/t21/sii/t21sc03_109_3_0.html,2026-10-09T16:18:21+0900
2020.04,6669,緯穎,sii,13208168,10869031,12288106,21.52,7.48,48356595,50724446,-4.66,-,https://mopsov.twse.com.tw/nas/t21/sii/t21sc03_109_4_0.html,2026-10-09T16:18:21+0900
2020.05,6669,緯穎,sii,16461603,13208168,13505690,24.63,21.88,64818198,64230136,0.91,-,https://mopsov.twse.com.tw/nas/t21/sii/t21sc03_109_5_0.html,2026-10-09T16:18:21+0900
2020.06,6669,緯穎,sii,22401161,16461603,16469428,36.08,36.01,87219359,80699564,8.07,-,https://mopsov.twse.com.tw/nas/t21/sii/t21sc03_109_6_0.html,2026-10-09T16:18:21+0900
2020.07,6669,緯穎,sii,15609333,22401161,11268041,-30.31,38.52,102828692,91967605,11.80,-,https://mopsov.twse.com.tw/nas/t21/sii/t21sc03_109_7_0.html,2026-10-09T16:18:21+0900
2020.08,6669,緯穎,sii,14782687,15609333,11007754,-5.29,34.29,117611379,102975359,14.21,-,https://mopsov.twse.com.tw/nas/t21/sii/t21sc03_109_8_0.html,2026-10-09T16:18:21+0900
2020.09,6669,緯穎,sii,16813564,14782687,11070685,13.73,51.87,134424943,114046044,17.86,隨雲端產業蓬勃發展，帶動資料中心需求提升，本公司對大型資料中心客戶出貨量成長，故營收增加。,https://mopsov.twse.com.tw/nas/t21/sii/t21sc03_109_9_0.html,2026-10-09T16:18:21+0900
2020.10,6669,緯穎,sii,19827765,16813564,15488010,17.92,28.02,154252708,129534054,19.08,-,https://mopsov.twse.com.tw/nas/t21/sii/t21sc03_109_10_0.html,2026-10-09T16:18:21+0900
2020.11,6669,緯穎,sii,17307428,19827765,15697738,-12.71,10.25,171560136,145231792,18.12,-,https://mopsov.twse.com.tw/nas/t21/sii/t21sc03_109_11_0.html,2026-10-09T16:18:21+0900
2020.12,6669,緯穎,sii,15378815,17307428,18368631,-11.14,-16.27,186938951,163600423,14.26,-,https://mopsov.twse.com.tw/nas/t21/sii/t21sc03_109_12_0.html,2026-10-09T16:18:21+0900
2021.01,6669,緯穎,sii,12324604,15378815,12421637,-19.85,-0.78,12324604,12421637,-0.78,-,https://mopsov.twse.com.tw/nas/t21/sii/t21sc03_110_1_0.html,2026-10-09T16:18:21+0900
2021.02,6669,緯穎,sii,11621199,12324604,11857759,-5.70,-1.99,23945803,24279396,-1.37,-,https://mopsov.twse.com.tw/nas/t21/sii/t21sc03_110_2_0.html,2026-10-09T16:18:21+0900
2021.03,6669,緯穎,sii,15340839,11621199,10857728,32.00,41.28,39286641,35137124,11.80,-,https://mopsov.twse.com.tw/nas/t21/sii/t21sc03_110_3_0.html,2026-10-09T16:18:21+0900
2021.04,6669,緯穎,sii,16616629,15340839,13208168,8.31,25.80,55906921,48345292,15.64,-,https://mopsov.twse.com.tw/nas/t21/sii/t21sc03_110_4_0.html,2026-10-09T16:18:21+0900
2021.05,6669,緯穎,sii,16411547,16616629,16461603,-1.23,-0.30,72314818,64806894,11.58,-,https://mopsov.twse.com.tw/nas/t21/sii/t21sc03_110_5_0.html,2026-10-09T16:18:21+0900
2021.06,6669,緯穎,sii,18168341,16411547,22401161,10.70,-18.89,90483159,87208055,3.75,-,https://mopsov.twse.com.tw/nas/t21/sii/t21sc03_110_6_0.html,2026-10-09T16:18:21+0900
2021.07,6669,緯穎,sii,14165345,18168341,15609333,-22.03,-9.25,104648504,102817388,1.78,-,https://mopsov.twse.com.tw/nas/t21/sii/t21sc03_110_7_0.html,2026-10-09T16:18:21+0900
2021.08,6669,緯穎,sii,14352012,14165345,14782687,1.31,-2.91,119000516,117600075,1.19,-,https://mopsov.twse.com.tw/nas/t21/sii/t21sc03_110_8_0.html,2026-10-09T16:18:21+0900
2021.09,6669,緯穎,sii,16746468,14352012,16813564,16.68,-0.39,135746985,134413639,0.99,-,https://mopsov.twse.com.tw/nas/t21/sii/t21sc03_110_9_0.html,2026-10-09T16:18:21+0900
2021.10,6669,緯穎,sii,14702459,16746468,19827765,-12.20,-25.84,150449444,154241404,-2.45,-,https://mopsov.twse.com.tw/nas/t21/sii/t21sc03_110_10_0.html,2026-10-09T16:18:21+0900
2021.11,6669,緯穎,sii,20549549,14702459,17307428,39.76,18.73,170998993,171548833,-0.32,-,https://mopsov.twse.com.tw/nas/t21/sii/t21sc03_110_11_0.html,2026-10-09T16:18:21+0900
2021.12,6669,緯穎,sii,21626949,20549549,15378815,5.24,40.62,192625942,186927548,3.04,-,https://mopsov.twse.com.tw/nas/t21/sii/t21sc03_110_12_0.html,2026-10-09T16:18:21+0900
2022.01,6669,緯穎,sii,12704870,21626949,12324604,-41.25,3.08,12704870,12324604,3.08,-,https://mopsov.twse.com.tw/nas/t21/sii/t21sc03_111_1_0.html,2026-10-09T15:39:43+0900
2022.02,6669,緯穎,sii,13719131,12704870,11621199,7.98,18.05,26424001,23945803,10.34,-,https://mopsov.twse.com.tw/nas/t21/sii/t21sc03_111_2_0.html,2026-10-09T15:39:43+0900
2022.03,6669,緯穎,sii,24281416,13719131,15340839,76.98,58.27,50705417,39286641,29.06,主要係客戶需求強勁所致。,https://mopsov.twse.com.tw/nas/t21/sii/t21sc03_111_3_0.html,2026-10-09T15:39:43+0900
2022.04,6669,緯穎,sii,19912809,24281416,16616629,-17.99,19.83,70618226,55906921,26.31,-,https://mopsov.twse.com.tw/nas/t21/sii/t21sc03_111_4_0.html,2026-10-09T15:39:43+0900
2022.05,6669,緯穎,sii,20240386,19912809,16411547,1.64,23.33,90858613,72314818,25.64,-,https://mopsov.twse.com.tw/nas/t21/sii/t21sc03_111_5_0.html,2026-10-09T15:39:43+0900
2022.06,6669,緯穎,sii,34904029,20240386,18168341,72.44,92.11,125762642,90483159,38.99,主要係客戶需求強勁所致,https://mopsov.twse.com.tw/nas/t21/sii/t21sc03_111_6_0.html,2026-10-09T15:39:43+0900
2022.07,6669,緯穎,sii,21822682,34904029,14165345,-37.47,54.05,147585324,104648504,41.02,主要係客戶需求強勁,https://mopsov.twse.com.tw/nas/t21/sii/t21sc03_111_7_0.html,2026-10-09T15:39:43+0900
2022.08,6669,緯穎,sii,26368154,21822682,14352012,20.82,83.72,173953479,119000516,46.17,主要係客戶需求強勁,https://mopsov.twse.com.tw/nas/t21/sii/t21sc03_111_8_0.html,2026-10-09T15:39:43+0900
2022.09,6669,緯穎,sii,31483162,26368154,16746468,19.39,87.99,205436641,135746985,51.33,主要係客戶需求強勁,https://mopsov.twse.com.tw/nas/t21/sii/t21sc03_111_9_0.html,2026-10-09T15:39:43+0900
2022.10,6669,緯穎,sii,23467573,31483162,14702459,-25.45,59.61,228904214,150449444,52.14,主要係客戶需求強勁,https://mopsov.twse.com.tw/nas/t21/sii/t21sc03_111_10_0.html,2026-10-09T15:39:43+0900
2022.11,6669,緯穎,sii,33455853,23467573,20549549,42.56,62.80,262360067,170998993,53.42,主要係客戶需求強勁,https://mopsov.twse.com.tw/nas/t21/sii/t21sc03_111_11_0.html,2026-10-09T15:39:43+0900
2022.12,6669,緯穎,sii,30515973,33455853,21626949,-8.78,41.10,292876040,192625942,52.04,主要係客戶需求強勁,https://mopsov.twse.com.tw/nas/t21/sii/t21sc03_111_12_0.html,2026-10-09T15:39:43+0900
2023.01,6669,緯穎,sii,16417154,30515973,12704870,-46.20,29.21,16417154,12704870,29.21,-,https://mopsov.twse.com.tw/nas/t21/sii/t21sc03_112_1_0.html,2026-10-09T15:39:43+0900
2023.02,6669,緯穎,sii,22994647,16417154,13719131,40.06,67.61,39411802,26424001,49.15,主要係客戶需求強勁,https://mopsov.twse.com.tw/nas/t21/sii/t21sc03_112_2_0.html,2026-10-09T15:39:43+0900
2023.03,6669,緯穎,sii,34814036,22994647,24281416,51.40,43.37,74225838,50705417,46.38,-,https://mopsov.twse.com.tw/nas/t21/sii/t21sc03_112_3_0.html,2026-10-09T15:39:43+0900
2023.04,6669,緯穎,sii,18182319,34814036,19912809,-47.77,-8.69,92408156,70618226,30.85,-,https://mopsov.twse.com.tw/nas/t21/sii/t21sc03_112_4_0.html,2026-10-09T15:39:43+0900
2023.05,6669,緯穎,sii,15518732,18182319,20240386,-14.64,-23.32,107926888,90858613,18.78,-,https://mopsov.twse.com.tw/nas/t21/sii/t21sc03_112_5_0.html,2026-10-09T15:39:43+0900
2023.06,6669,緯穎,sii,22607147,15518732,34904029,45.67,-35.23,130534034,125762642,3.79,-,https://mopsov.twse.com.tw/nas/t21/sii/t21sc03_112_6_0.html,2026-10-09T15:39:43+0900
2023.07,6669,緯穎,sii,17659345,22607147,21822682,-21.88,-19.07,148193380,147585324,0.41,-,https://mopsov.twse.com.tw/nas/t21/sii/t21sc03_112_7_0.html,2026-10-09T15:39:43+0900
2023.08,6669,緯穎,sii,19450877,17659345,26368154,10.14,-26.23,167644257,173953479,-3.62,-,https://mopsov.twse.com.tw/nas/t21/sii/t21sc03_112_8_0.html,2026-10-09T15:39:43+0900
2023.09,6669,緯穎,sii,15707027,19450877,31483162,-19.24,-50.10,183351284,205436641,-10.75,主要係去年基期較高所致,https://mopsov.twse.com.tw/nas/t21/sii/t21sc03_112_9_0.html,2026-10-09T15:39:43+0900
2023.10,6669,緯穎,sii,18942270,15707027,23467573,20.59,-19.28,202293554,228904214,-11.62,-,https://mopsov.twse.com.tw/nas/t21/sii/t21sc03_112_10_0.html,2026-10-09T15:39:43+0900
2023.11,6669,緯穎,sii,19385281,18942270,33455853,2.33,-42.05,221678835,262360067,-15.50,-,https://mopsov.twse.com.tw/nas/t21/sii/t21sc03_112_11_0.html,2026-10-09T15:39:43+0900
2023.12,6669,緯穎,sii,20222154,19385281,30515973,4.31,-33.73,241900989,292876040,-17.40,-,https://mopsov.twse.com.tw/nas/t21/sii/t21sc03_112_12_0.html,2026-10-09T15:39:43+0900
2024.01,6669,緯穎,sii,18787728,20222154,16417154,-7.09,14.43,18787728,16417154,14.43,-,https://mopsov.twse.com.tw/nas/t21/sii/t21sc03_113_1_0.html,2026-10-09T15:39:43+0900
2024.02,6669,緯穎,sii,24326337,18787728,22994647,29.47,5.79,43114066,39411802,9.39,-,https://mopsov.twse.com.tw/nas/t21/sii/t21sc03_113_2_0.html,2026-10-09T15:39:43+0900
2024.03,6669,緯穎,sii,26514171,24326337,34814036,8.99,-23.84,69628237,74225838,-6.19,-,https://mopsov.twse.com.tw/nas/t21/sii/t21sc03_113_3_0.html,2026-10-09T15:39:43+0900
2024.04,6669,緯穎,sii,21963172,26514171,18182319,-17.16,20.79,91591409,92408156,-0.88,-,https://mopsov.twse.com.tw/nas/t21/sii/t21sc03_113_4_0.html,2026-10-09T15:39:43+0900
2024.05,6669,緯穎,sii,24759583,21963172,15518732,12.73,59.54,116350992,107926888,7.80,主要係客戶需求強勁,https://mopsov.twse.com.tw/nas/t21/sii/t21sc03_113_5_0.html,2026-10-09T15:39:43+0900
2024.06,6669,緯穎,sii,30758125,24759583,22607147,24.22,36.05,147109117,130534034,12.69,-,https://mopsov.twse.com.tw/nas/t21/sii/t21sc03_113_6_0.html,2026-10-09T15:39:43+0900
2024.07,6669,緯穎,sii,31121386,30758125,17659345,1.18,76.23,178230504,148193380,20.26,主要係客戶需求強勁,https://mopsov.twse.com.tw/nas/t21/sii/t21sc03_113_7_0.html,2026-10-09T15:39:43+0900
2024.08,6669,緯穎,sii,32192450,31121386,19450877,3.44,65.50,210422954,167644257,25.51,主要係客戶需求強勁,https://mopsov.twse.com.tw/nas/t21/sii/t21sc03_113_8_0.html,2026-10-09T15:39:43+0900
2024.09,6669,緯穎,sii,34504530,32192450,15707027,7.18,119.67,244927484,183351284,33.58,主要係客戶需求強勁,https://mopsov.twse.com.tw/nas/t21/sii/t21sc03_113_9_0.html,2026-10-09T15:39:43+0900
2024.10,6669,緯穎,sii,35381437,34504530,18942270,2.54,86.78,280308921,202293554,38.56,主要係客戶需求強勁,https://mopsov.twse.com.tw/nas/t21/sii/t21sc03_113_10_0.html,2026-10-09T15:39:43+0900
2024.11,6669,緯穎,sii,37465174,35381437,19385281,5.88,93.26,317774095,221678835,43.34,主要係客戶需求強勁,https://mopsov.twse.com.tw/nas/t21/sii/t21sc03_113_11_0.html,2026-10-09T15:39:43+0900
2024.12,6669,緯穎,sii,42767009,37465174,20222154,14.15,111.48,360541104,241900989,49.04,主要係客戶需求強勁,https://mopsov.twse.com.tw/nas/t21/sii/t21sc03_113_12_0.html,2026-10-09T15:39:43+0900
2025.01,6669,緯穎,sii,37506396,42767009,18787728,-12.30,99.63,37506396,18787728,99.63,主要係客戶需求強勁,https://mopsov.twse.com.tw/nas/t21/sii/t21sc03_114_1_0.html,2026-10-09T15:39:43+0900
2025.02,6669,緯穎,sii,46516815,37506396,24326337,24.02,91.21,84023212,43114066,94.88,主要係客戶需求強勁,https://mopsov.twse.com.tw/nas/t21/sii/t21sc03_114_2_0.html,2026-10-09T15:39:43+0900
2025.03,6669,緯穎,sii,86632073,46516815,26514171,86.23,226.73,170655284,69628237,145.09,主要係客戶需求強勁,https://mopsov.twse.com.tw/nas/t21/sii/t21sc03_114_3_0.html,2026-10-09T15:39:43+0900
2025.04,6669,緯穎,sii,63802622,86632073,21963172,-26.35,190.49,234457906,91591409,155.98,主要係客戶需求強勁,https://mopsov.twse.com.tw/nas/t21/sii/t21sc03_114_4_0.html,2026-10-09T15:39:43+0900
2025.05,6669,緯穎,sii,71132658,63802622,24759583,11.48,187.29,305590564,116350992,162.64,主要係客戶需求強勁,https://mopsov.twse.com.tw/nas/t21/sii/t21sc03_114_5_0.html,2026-10-09T15:39:43+0900
2025.06,6669,緯穎,sii,85808220,71132658,30758125,20.63,178.97,391398784,147109117,166.06,主要係客戶需求強勁,https://mopsov.twse.com.tw/nas/t21/sii/t21sc03_114_6_0.html,2026-10-09T15:39:43+0900
2025.07,6669,緯穎,sii,84528726,85808220,31121386,-1.49,171.60,475927510,178230504,167.02,主要係客戶需求強勁,https://mopsov.twse.com.tw/nas/t21/sii/t21sc03_114_7_0.html,2026-10-09T15:39:43+0900
2025.08,6669,緯穎,sii,95978718,84528726,32192450,13.54,198.14,571906228,210422954,171.78,主要係客戶需求強勁,https://mopsov.twse.com.tw/nas/t21/sii/t21sc03_114_8_0.html,2026-10-09T15:39:43+0900
2025.09,6669,緯穎,sii,86316601,95978718,34504530,-10.06,150.16,658222829,244927484,168.74,主要係客戶需求強勁,https://mopsov.twse.com.tw/nas/t21/sii/t21sc03_114_9_0.html,2026-10-09T15:39:43+0900
2025.10,6669,緯穎,sii,91264205,86316601,35381437,5.73,157.94,749487034,280308921,167.37,主要係客戶需求強勁,https://mopsov.twse.com.tw/nas/t21/sii/t21sc03_114_10_0.html,2026-10-09T15:39:43+0900
2025.11,6669,緯穎,sii,96885487,91264205,37465174,6.15,158.60,846372521,317774095,166.34,主要係客戶需求強勁,https://mopsov.twse.com.tw/nas/t21/sii/t21sc03_114_11_0.html,2026-10-09T15:39:43+0900
2025.12,6669,緯穎,sii,104290789,96885487,42767009,7.64,143.85,950663310,360541104,163.67,主要係客戶需求強勁,https://mopsov.twse.com.tw/nas/t21/sii/t21sc03_114_12_0.html,2026-10-09T15:39:43+0900
2026.01,6669,緯穎,sii,83225290,104290789,37506396,-20.19,121.89,83225290,37506396,121.89,主要係客戶需求強勁,https://mopsov.twse.com.tw/nas/t21/sii/t21sc03_115_1_0.html,2026-10-09T15:39:43+0900
2026.02,6669,緯穎,sii,94633137,83225290,46516815,13.70,103.43,177858427,84023212,111.67,主要係客戶需求強勁,https://mopsov.twse.com.tw/nas/t21/sii/t21sc03_115_2_0.html,2026-10-09T15:39:43+0900
2026.03,6669,緯穎,sii,98649307,94633137,86632073,4.24,13.87,276507734,170655284,62.02,主要係客戶需求強勁,https://mopsov.twse.com.tw/nas/t21/sii/t21sc03_115_3_0.html,2026-10-09T15:39:43+0900
2026.04,6669,緯穎,sii,82730996,98649307,63802622,-16.13,29.66,359238729,234457906,53.22,主要係客戶需求強勁,https://mopsov.twse.com.tw/nas/t21/sii/t21sc03_115_4_0.html,2026-10-09T15:39:43+0900
2026.05,6669,緯穎,sii,84050473,82730996,71132658,1.59,18.16,443289203,305590564,45.05,-,https://mopsov.twse.com.tw/nas/t21/sii/t21sc03_115_5_0.html,2026-10-09T15:39:43+0900
2026.06,6669,緯穎,sii,111371123,84050473,85808220,32.50,29.79,554660326,391398784,41.71,-,https://mopsov.twse.com.tw/nas/t21/sii/t21sc03_115_6_0.html,2026-10-09T15:39:43+0900
2026.07,6669,緯穎,sii,117685530,111371123,84528726,5.66,39.22,672345856,475927510,41.27,-,https://mopsov.twse.com.tw/nas/t21/sii/t21sc03_115_7_0.html,2026-10-09T16:18:21+0900
2026.08,6669,緯穎,sii,144311808,117685530,95978718,22.62,50.35,816657663,571906228,42.79,主要係客戶需求強勁,https://mopsov.twse.com.tw/nas/t21/sii/t21sc03_115_8_0.html,2026-10-09T16:18:21+0900
2026.09,6669,緯穎,sii,172620352,144311808,86316601,19.61,99.98,989278016,658222829,50.29,主要係客戶需求強勁,https://mopsov.twse.com.tw/nas/t21/sii/t21sc03_115_9_0.html,2026-10-09T16:18:21+0900
2015.01,8046,南電,sii,2838381,2535498,2634831,11.94,7.72,2838381,2634831,7.72,-,https://mopsov.twse.com.tw/nas/t21/sii/t21sc03_104_1_0.html,2026-10-09T16:18:21+0900
2015.02,8046,南電,sii,2220687,2838381,2313830,-21.76,-4.02,5059068,4948661,2.23,-,https://mopsov.twse.com.tw/nas/t21/sii/t21sc03_104_2_0.html,2026-10-09T16:18:21+0900
2015.03,8046,南電,sii,2976590,2220687,2895777,34.03,2.79,8035658,7844438,2.43,-,https://mopsov.twse.com.tw/nas/t21/sii/t21sc03_104_3_0.html,2026-10-09T16:18:21+0900
2015.04,8046,南電,sii,2721509,2976590,3205810,-8.56,-15.10,10757167,11050248,-2.65,-,https://mopsov.twse.com.tw/nas/t21/sii/t21sc03_104_4_0.html,2026-10-09T16:18:21+0900
2015.05,8046,南電,sii,2547474,2721509,3284756,-6.39,-22.44,13304641,14335004,-7.18,-,https://mopsov.twse.com.tw/nas/t21/sii/t21sc03_104_5_0.html,2026-10-09T16:18:21+0900
2015.06,8046,南電,sii,2417119,2547474,3033774,-5.11,-20.32,15721760,17368778,-9.48,-,https://mopsov.twse.com.tw/nas/t21/sii/t21sc03_104_6_0.html,2026-10-09T16:18:21+0900
2015.07,8046,南電,sii,2289929,2417119,3164032,-5.26,-27.62,18011689,20532810,-12.27,-,https://mopsov.twse.com.tw/nas/t21/sii/t21sc03_104_7_0.html,2026-10-09T16:18:21+0900
2015.08,8046,南電,sii,2317174,2289929,3041089,1.18,-23.80,20328863,23573899,-13.76,-,https://mopsov.twse.com.tw/nas/t21/sii/t21sc03_104_8_0.html,2026-10-09T16:18:21+0900
2015.09,8046,南電,sii,2484073,2317174,3045556,7.20,-18.43,22812936,26619455,-14.29,-,https://mopsov.twse.com.tw/nas/t21/sii/t21sc03_104_9_0.html,2026-10-09T16:18:21+0900
2015.10,8046,南電,sii,2424590,2484073,3152161,-2.39,-23.08,25237526,29771616,-15.22,-,https://mopsov.twse.com.tw/nas/t21/sii/t21sc03_104_10_0.html,2026-10-09T16:18:21+0900
2015.11,8046,南電,sii,2361224,2424590,2660408,-2.61,-11.24,27598750,32432024,-14.90,-,https://mopsov.twse.com.tw/nas/t21/sii/t21sc03_104_11_0.html,2026-10-09T16:18:21+0900
2015.12,8046,南電,sii,2304089,2361224,2535498,-2.41,-9.12,29902839,34967522,-14.48,-,https://mopsov.twse.com.tw/nas/t21/sii/t21sc03_104_12_0.html,2026-10-09T16:18:21+0900
2016.01,8046,南電,sii,2785265,2304089,2838381,20.88,-1.87,2785265,2838381,-1.87,-,https://mopsov.twse.com.tw/nas/t21/sii/t21sc03_105_1_0.html,2026-10-09T16:18:21+0900
2016.02,8046,南電,sii,2184485,2785265,2220687,-21.56,-1.63,4969750,5059068,-1.76,-,https://mopsov.twse.com.tw/nas/t21/sii/t21sc03_105_2_0.html,2026-10-09T16:18:21+0900
2016.03,8046,南電,sii,2689952,2184485,2976590,23.13,-9.62,7659702,8035658,-4.67,-,https://mopsov.twse.com.tw/nas/t21/sii/t21sc03_105_3_0.html,2026-10-09T16:18:21+0900
2016.04,8046,南電,sii,2453144,2689952,2721509,-8.80,-9.86,10112846,10757167,-5.98,-,https://mopsov.twse.com.tw/nas/t21/sii/t21sc03_105_4_0.html,2026-10-09T16:18:21+0900
2016.05,8046,南電,sii,2491243,2453144,2547474,1.55,-2.20,12604089,13304641,-5.26,-,https://mopsov.twse.com.tw/nas/t21/sii/t21sc03_105_5_0.html,2026-10-09T16:18:21+0900
2016.06,8046,南電,sii,2461237,2491243,2417119,-1.20,1.82,15065326,15721760,-4.17,-,https://mopsov.twse.com.tw/nas/t21/sii/t21sc03_105_6_0.html,2026-10-09T16:18:21+0900
2016.07,8046,南電,sii,2462346,2461237,2289929,0.04,7.52,17527672,18011689,-2.68,-,https://mopsov.twse.com.tw/nas/t21/sii/t21sc03_105_7_0.html,2026-10-09T16:18:21+0900
2016.08,8046,南電,sii,2575974,2462346,2317174,4.61,11.16,20103646,20328863,-1.10,-,https://mopsov.twse.com.tw/nas/t21/sii/t21sc03_105_8_0.html,2026-10-09T16:18:21+0900
2016.09,8046,南電,sii,2384423,2575974,2484073,-7.43,-4.01,22488069,22812936,-1.42,-,https://mopsov.twse.com.tw/nas/t21/sii/t21sc03_105_9_0.html,2026-10-09T16:18:21+0900
2016.10,8046,南電,sii,2081650,2384423,2424590,-12.69,-14.14,24569719,25237526,-2.64,-,https://mopsov.twse.com.tw/nas/t21/sii/t21sc03_105_10_0.html,2026-10-09T16:18:21+0900
2016.11,8046,南電,sii,2349999,2081650,2361224,12.89,-0.47,26919718,27598750,-2.46,-,https://mopsov.twse.com.tw/nas/t21/sii/t21sc03_105_11_0.html,2026-10-09T16:18:21+0900
2016.12,8046,南電,sii,2250852,2349999,2304089,-4.21,-2.31,29170570,29902839,-2.44,-,https://mopsov.twse.com.tw/nas/t21/sii/t21sc03_105_12_0.html,2026-10-09T16:18:21+0900
2017.01,8046,南電,sii,2059906,2250852,2785265,-8.48,-26.04,2059906,2785265,-26.04,-,https://mopsov.twse.com.tw/nas/t21/sii/t21sc03_106_1_0.html,2026-10-09T16:18:21+0900
2017.02,8046,南電,sii,1865261,2059906,2184485,-9.44,-14.61,3925167,4969750,-21.01,-,https://mopsov.twse.com.tw/nas/t21/sii/t21sc03_106_2_0.html,2026-10-09T16:18:21+0900
2017.03,8046,南電,sii,2193625,1865261,2689952,17.60,-18.45,6118792,7659702,-20.11,-,https://mopsov.twse.com.tw/nas/t21/sii/t21sc03_106_3_0.html,2026-10-09T16:18:21+0900
2017.04,8046,南電,sii,2119420,2193625,2453144,-3.38,-13.60,8238212,10112846,-18.53,-,https://mopsov.twse.com.tw/nas/t21/sii/t21sc03_106_4_0.html,2026-10-09T16:18:21+0900
2017.05,8046,南電,sii,2268083,2119420,2491243,7.01,-8.95,10506295,12604089,-16.64,-,https://mopsov.twse.com.tw/nas/t21/sii/t21sc03_106_5_0.html,2026-10-09T16:18:21+0900
2017.06,8046,南電,sii,2437113,2268083,2461237,7.45,-0.98,12943408,15065326,-14.08,-,https://mopsov.twse.com.tw/nas/t21/sii/t21sc03_106_6_0.html,2026-10-09T16:18:21+0900
2017.07,8046,南電,sii,2304908,2437113,2462346,-5.42,-6.39,15248316,17527672,-13.00,-,https://mopsov.twse.com.tw/nas/t21/sii/t21sc03_106_7_0.html,2026-10-09T16:18:21+0900
2017.08,8046,南電,sii,2378193,2304908,2575974,3.17,-7.67,17626509,20103646,-12.32,-,https://mopsov.twse.com.tw/nas/t21/sii/t21sc03_106_8_0.html,2026-10-09T16:18:21+0900
2017.09,8046,南電,sii,2279434,2378193,2384423,-4.15,-4.40,19905943,22488069,-11.48,-,https://mopsov.twse.com.tw/nas/t21/sii/t21sc03_106_9_0.html,2026-10-09T16:18:21+0900
2017.10,8046,南電,sii,2304963,2279434,2081650,1.11,10.72,22210906,24569719,-9.60,-,https://mopsov.twse.com.tw/nas/t21/sii/t21sc03_106_10_0.html,2026-10-09T16:18:21+0900
2017.11,8046,南電,sii,2256984,2304963,2349999,-2.08,-3.95,24467890,26919718,-9.10,-,https://mopsov.twse.com.tw/nas/t21/sii/t21sc03_106_11_0.html,2026-10-09T16:18:21+0900
2017.12,8046,南電,sii,2155122,2256984,2250852,-4.51,-4.25,26623012,29170570,-8.73,-,https://mopsov.twse.com.tw/nas/t21/sii/t21sc03_106_12_0.html,2026-10-09T16:18:21+0900
2018.01,8046,南電,sii,2263525,2155122,2059906,5.03,9.88,2263525,2059906,9.88,-,https://mopsov.twse.com.tw/nas/t21/sii/t21sc03_107_1_0.html,2026-10-09T16:18:21+0900
2018.02,8046,南電,sii,1692573,2263525,1865261,-25.22,-9.25,3956098,3925167,0.78,-,https://mopsov.twse.com.tw/nas/t21/sii/t21sc03_107_2_0.html,2026-10-09T16:18:21+0900
2018.03,8046,南電,sii,2219797,1692573,2193625,31.14,1.19,6175895,6118792,0.93,-,https://mopsov.twse.com.tw/nas/t21/sii/t21sc03_107_3_0.html,2026-10-09T16:18:21+0900
2018.04,8046,南電,sii,2198990,2219797,2119420,-0.93,3.75,8374885,8238212,1.65,-,https://mopsov.twse.com.tw/nas/t21/sii/t21sc03_107_4_0.html,2026-10-09T16:18:21+0900
2018.05,8046,南電,sii,2385483,2198990,2268083,8.48,5.17,10760368,10506295,2.41,-,https://mopsov.twse.com.tw/nas/t21/sii/t21sc03_107_5_0.html,2026-10-09T16:18:21+0900
2018.06,8046,南電,sii,2404059,2385483,2437113,0.77,-1.35,13164427,12943408,1.70,-,https://mopsov.twse.com.tw/nas/t21/sii/t21sc03_107_6_0.html,2026-10-09T16:18:21+0900
2018.07,8046,南電,sii,2598345,2404059,2304908,8.08,12.73,15762772,15248316,3.37,-,https://mopsov.twse.com.tw/nas/t21/sii/t21sc03_107_7_0.html,2026-10-09T16:18:21+0900
2018.08,8046,南電,sii,2683443,2598345,2378193,3.27,12.83,18446215,17626509,4.65,-,https://mopsov.twse.com.tw/nas/t21/sii/t21sc03_107_8_0.html,2026-10-09T16:18:21+0900
2018.09,8046,南電,sii,2633927,2683443,2279434,-1.84,15.55,21080142,19905943,5.89,-,https://mopsov.twse.com.tw/nas/t21/sii/t21sc03_107_9_0.html,2026-10-09T16:18:21+0900
2018.10,8046,南電,sii,2770895,2633927,2304963,5.20,20.21,23851037,22210906,7.38,-,https://mopsov.twse.com.tw/nas/t21/sii/t21sc03_107_10_0.html,2026-10-09T16:18:21+0900
2018.11,8046,南電,sii,2610010,2770895,2256984,-5.80,15.64,26461047,24467890,8.14,-,https://mopsov.twse.com.tw/nas/t21/sii/t21sc03_107_11_0.html,2026-10-09T16:18:21+0900
2018.12,8046,南電,sii,2371504,2610010,2155122,-9.13,10.04,28832551,26623012,8.29,-,https://mopsov.twse.com.tw/nas/t21/sii/t21sc03_107_12_0.html,2026-10-09T16:18:21+0900
2019.01,8046,南電,sii,2457837,2371504,2263525,3.64,8.58,2457837,2263525,8.58,-,https://mopsov.twse.com.tw/nas/t21/sii/t21sc03_108_1_0.html,2026-10-09T16:18:21+0900
2019.02,8046,南電,sii,1638299,2457837,1692573,-33.34,-3.20,4096136,3956098,3.53,-,https://mopsov.twse.com.tw/nas/t21/sii/t21sc03_108_2_0.html,2026-10-09T16:18:21+0900
2019.03,8046,南電,sii,2183680,1638299,2219797,33.28,-1.62,6279816,6175895,1.68,-,https://mopsov.twse.com.tw/nas/t21/sii/t21sc03_108_3_0.html,2026-10-09T16:18:21+0900
2019.04,8046,南電,sii,2339693,2183680,2198990,7.14,6.39,8619509,8374885,2.92,-,https://mopsov.twse.com.tw/nas/t21/sii/t21sc03_108_4_0.html,2026-10-09T16:18:21+0900
2019.05,8046,南電,sii,2647574,2339693,2385483,13.15,10.98,11267083,10760368,4.70,-,https://mopsov.twse.com.tw/nas/t21/sii/t21sc03_108_5_0.html,2026-10-09T16:18:21+0900
2019.06,8046,南電,sii,2622175,2647574,2404059,-0.95,9.07,13889258,13164427,5.50,-,https://mopsov.twse.com.tw/nas/t21/sii/t21sc03_108_6_0.html,2026-10-09T16:18:21+0900
2019.07,8046,南電,sii,2776248,2622175,2598345,5.87,6.84,16665506,15762772,5.72,-,https://mopsov.twse.com.tw/nas/t21/sii/t21sc03_108_7_0.html,2026-10-09T16:18:21+0900
2019.08,8046,南電,sii,2749332,2776248,2683443,-0.96,2.45,19414838,18446215,5.25,-,https://mopsov.twse.com.tw/nas/t21/sii/t21sc03_108_8_0.html,2026-10-09T16:18:21+0900
2019.09,8046,南電,sii,2904147,2749332,2633927,5.63,10.25,22318985,21080142,5.87,-,https://mopsov.twse.com.tw/nas/t21/sii/t21sc03_108_9_0.html,2026-10-09T16:18:21+0900
2019.10,8046,南電,sii,2963669,2904147,2770895,2.04,6.95,25282654,23851037,6.00,-,https://mopsov.twse.com.tw/nas/t21/sii/t21sc03_108_10_0.html,2026-10-09T16:18:21+0900
2019.11,8046,南電,sii,2797707,2963669,2610010,-5.59,7.19,28080361,26461047,6.11,-,https://mopsov.twse.com.tw/nas/t21/sii/t21sc03_108_11_0.html,2026-10-09T16:18:21+0900
2019.12,8046,南電,sii,3013628,2797707,2371504,7.71,27.07,31093989,28832551,7.84,-,https://mopsov.twse.com.tw/nas/t21/sii/t21sc03_108_12_0.html,2026-10-09T16:18:21+0900
2020.01,8046,南電,sii,2480951,3013628,2457837,-17.67,0.94,2480951,2457837,0.94,-,https://mopsov.twse.com.tw/nas/t21/sii/t21sc03_109_1_0.html,2026-10-09T16:18:21+0900
2020.02,8046,南電,sii,2348603,2480951,1638299,-5.33,43.35,4829554,4096136,17.90,-,https://mopsov.twse.com.tw/nas/t21/sii/t21sc03_109_2_0.html,2026-10-09T16:18:21+0900
2020.03,8046,南電,sii,3087211,2348603,2183680,31.44,41.37,7916765,6279816,26.06,-,https://mopsov.twse.com.tw/nas/t21/sii/t21sc03_109_3_0.html,2026-10-09T16:18:21+0900
2020.04,8046,南電,sii,2937502,3087211,2339693,-4.84,25.55,10854267,8619509,25.92,-,https://mopsov.twse.com.tw/nas/t21/sii/t21sc03_109_4_0.html,2026-10-09T16:18:21+0900
2020.05,8046,南電,sii,2922882,2937502,2647574,-0.49,10.39,13777149,11267083,22.27,-,https://mopsov.twse.com.tw/nas/t21/sii/t21sc03_109_5_0.html,2026-10-09T16:18:21+0900
2020.06,8046,南電,sii,3243693,2922882,2622175,10.97,23.70,17020842,13889258,22.54,-,https://mopsov.twse.com.tw/nas/t21/sii/t21sc03_109_6_0.html,2026-10-09T16:18:21+0900
2020.07,8046,南電,sii,3377828,3243693,2776248,4.13,21.66,20398670,16665506,22.40,-,https://mopsov.twse.com.tw/nas/t21/sii/t21sc03_109_7_0.html,2026-10-09T16:18:21+0900
2020.08,8046,南電,sii,3636289,3377828,2749332,7.65,32.26,24034959,19414838,23.79,-,https://mopsov.twse.com.tw/nas/t21/sii/t21sc03_109_8_0.html,2026-10-09T16:18:21+0900
2020.09,8046,南電,sii,3491648,3636289,2904147,-3.97,20.22,27526607,22318985,23.33,-,https://mopsov.twse.com.tw/nas/t21/sii/t21sc03_109_9_0.html,2026-10-09T16:18:21+0900
2020.10,8046,南電,sii,3602318,3491648,2963669,3.16,21.54,31128925,25282654,23.12,-,https://mopsov.twse.com.tw/nas/t21/sii/t21sc03_109_10_0.html,2026-10-09T16:18:21+0900
2020.11,8046,南電,sii,3652584,3602318,2797707,1.39,30.55,34781509,28080361,23.86,-,https://mopsov.twse.com.tw/nas/t21/sii/t21sc03_109_11_0.html,2026-10-09T16:18:21+0900
2020.12,8046,南電,sii,3731234,3652584,3013628,2.15,23.81,38512743,31093989,23.85,-,https://mopsov.twse.com.tw/nas/t21/sii/t21sc03_109_12_0.html,2026-10-09T16:18:21+0900
2021.01,8046,南電,sii,3921811,3731234,2480951,5.10,58.07,3921811,2480951,58.07,本期電路板產品銷售量較去年同期增加影響,https://mopsov.twse.com.tw/nas/t21/sii/t21sc03_110_1_0.html,2026-10-09T16:18:21+0900
2021.02,8046,南電,sii,3067789,3921811,2348603,-21.77,30.62,6989600,4829554,44.72,-,https://mopsov.twse.com.tw/nas/t21/sii/t21sc03_110_2_0.html,2026-10-09T16:18:21+0900
2021.03,8046,南電,sii,3866219,3067789,3087211,26.02,25.23,10855819,7916765,37.12,-,https://mopsov.twse.com.tw/nas/t21/sii/t21sc03_110_3_0.html,2026-10-09T16:18:21+0900
2021.04,8046,南電,sii,4139307,3866219,2937502,7.06,40.91,14995126,10854267,38.14,-,https://mopsov.twse.com.tw/nas/t21/sii/t21sc03_110_4_0.html,2026-10-09T16:18:21+0900
2021.05,8046,南電,sii,4099461,4139307,2922882,-0.96,40.25,19094587,13777149,38.59,-,https://mopsov.twse.com.tw/nas/t21/sii/t21sc03_110_5_0.html,2026-10-09T16:18:21+0900
2021.06,8046,南電,sii,4246179,4099461,3243693,3.57,30.90,23340766,17020842,37.13,-,https://mopsov.twse.com.tw/nas/t21/sii/t21sc03_110_6_0.html,2026-10-09T16:18:21+0900
2021.07,8046,南電,sii,4881258,4246179,3377828,14.95,44.50,28222024,20398670,38.35,-,https://mopsov.twse.com.tw/nas/t21/sii/t21sc03_110_7_0.html,2026-10-09T16:18:21+0900
2021.08,8046,南電,sii,4724583,4881258,3636289,-3.20,29.92,32946607,24034959,37.07,-,https://mopsov.twse.com.tw/nas/t21/sii/t21sc03_110_8_0.html,2026-10-09T16:18:21+0900
2021.09,8046,南電,sii,4507848,4724583,3491648,-4.58,29.10,37454455,27526607,36.06,-,https://mopsov.twse.com.tw/nas/t21/sii/t21sc03_110_9_0.html,2026-10-09T16:18:21+0900
2021.10,8046,南電,sii,5102473,4507848,3602318,13.19,41.64,42556928,31128925,36.71,-,https://mopsov.twse.com.tw/nas/t21/sii/t21sc03_110_10_0.html,2026-10-09T16:18:21+0900
2021.11,8046,南電,sii,4763153,5102473,3652584,-6.65,30.40,47320081,34781509,36.04,-,https://mopsov.twse.com.tw/nas/t21/sii/t21sc03_110_11_0.html,2026-10-09T16:18:21+0900
2021.12,8046,南電,sii,4908376,4763153,3731234,3.04,31.54,52228457,38512743,35.61,-,https://mopsov.twse.com.tw/nas/t21/sii/t21sc03_110_12_0.html,2026-10-09T16:18:21+0900
2022.01,8046,南電,sii,5240240,4908376,3921811,6.76,33.61,5240240,3921811,33.61,-,https://mopsov.twse.com.tw/nas/t21/sii/t21sc03_111_1_0.html,2026-10-09T15:39:43+0900
2022.02,8046,南電,sii,4120944,5240240,3067789,-21.35,34.32,9361184,6989600,33.93,-,https://mopsov.twse.com.tw/nas/t21/sii/t21sc03_111_2_0.html,2026-10-09T15:39:43+0900
2022.03,8046,南電,sii,5200471,4120944,3866219,26.19,34.51,14561655,10855819,34.13,-,https://mopsov.twse.com.tw/nas/t21/sii/t21sc03_111_3_0.html,2026-10-09T15:39:43+0900
2022.04,8046,南電,sii,4434682,5200471,4139307,-14.72,7.13,18996337,14995126,26.68,-,https://mopsov.twse.com.tw/nas/t21/sii/t21sc03_111_4_0.html,2026-10-09T15:39:43+0900
2022.05,8046,南電,sii,5229256,4434682,4099461,17.91,27.55,24225593,19094587,26.87,-,https://mopsov.twse.com.tw/nas/t21/sii/t21sc03_111_5_0.html,2026-10-09T15:39:43+0900
2022.06,8046,南電,sii,5521777,5229256,4246179,5.59,30.04,29747370,23340766,27.44,-,https://mopsov.twse.com.tw/nas/t21/sii/t21sc03_111_6_0.html,2026-10-09T15:39:43+0900
2022.07,8046,南電,sii,5531701,5521777,4881258,0.17,13.32,35279071,28222024,25.00,-,https://mopsov.twse.com.tw/nas/t21/sii/t21sc03_111_7_0.html,2026-10-09T15:39:43+0900
2022.08,8046,南電,sii,5756589,5531701,4724583,4.06,21.84,41035660,32946607,24.55,-,https://mopsov.twse.com.tw/nas/t21/sii/t21sc03_111_8_0.html,2026-10-09T15:39:43+0900
2022.09,8046,南電,sii,5907151,5756589,4507848,2.61,31.04,46942811,37454455,25.33,-,https://mopsov.twse.com.tw/nas/t21/sii/t21sc03_111_9_0.html,2026-10-09T15:39:43+0900
2022.10,8046,南電,sii,6005418,5907151,5102473,1.66,17.69,52948229,42556928,24.41,-,https://mopsov.twse.com.tw/nas/t21/sii/t21sc03_111_10_0.html,2026-10-09T15:39:43+0900
2022.11,8046,南電,sii,5954557,6005418,4763153,-0.84,25.01,58902786,47320081,24.47,-,https://mopsov.twse.com.tw/nas/t21/sii/t21sc03_111_11_0.html,2026-10-09T15:39:43+0900
2022.12,8046,南電,sii,5744050,5954557,4908376,-3.53,17.02,64646836,52228457,23.77,-,https://mopsov.twse.com.tw/nas/t21/sii/t21sc03_111_12_0.html,2026-10-09T15:39:43+0900
2023.01,8046,南電,sii,4105697,5744050,5240240,-28.52,-21.65,4105697,5240240,-21.65,-,https://mopsov.twse.com.tw/nas/t21/sii/t21sc03_112_1_0.html,2026-10-09T15:39:43+0900
2023.02,8046,南電,sii,4109485,4105697,4120944,0.09,-0.27,8215182,9361184,-12.24,-,https://mopsov.twse.com.tw/nas/t21/sii/t21sc03_112_2_0.html,2026-10-09T15:39:43+0900
2023.03,8046,南電,sii,4365475,4109485,5200471,6.22,-16.05,12580657,14561655,-13.60,-,https://mopsov.twse.com.tw/nas/t21/sii/t21sc03_112_3_0.html,2026-10-09T15:39:43+0900
2023.04,8046,南電,sii,3709379,4365475,4434682,-15.02,-16.35,16290036,18996337,-14.24,-,https://mopsov.twse.com.tw/nas/t21/sii/t21sc03_112_4_0.html,2026-10-09T15:39:43+0900
2023.05,8046,南電,sii,3338634,3709379,5229256,-9.99,-36.15,19628670,24225593,-18.97,-,https://mopsov.twse.com.tw/nas/t21/sii/t21sc03_112_5_0.html,2026-10-09T15:39:43+0900
2023.06,8046,南電,sii,3085630,3338634,5521777,-7.57,-44.11,22714300,29747370,-23.64,-,https://mopsov.twse.com.tw/nas/t21/sii/t21sc03_112_6_0.html,2026-10-09T15:39:43+0900
2023.07,8046,南電,sii,3333511,3085630,5531701,8.03,-39.73,26047811,35279071,-26.16,-,https://mopsov.twse.com.tw/nas/t21/sii/t21sc03_112_7_0.html,2026-10-09T15:39:43+0900
2023.08,8046,南電,sii,3374154,3333511,5756589,1.21,-41.38,29421965,41035660,-28.30,-,https://mopsov.twse.com.tw/nas/t21/sii/t21sc03_112_8_0.html,2026-10-09T15:39:43+0900
2023.09,8046,南電,sii,3519719,3374154,5907151,4.31,-40.41,32941684,46942811,-29.82,-,https://mopsov.twse.com.tw/nas/t21/sii/t21sc03_112_9_0.html,2026-10-09T15:39:43+0900
2023.10,8046,南電,sii,3600237,3519719,6005418,2.28,-40.05,36541921,52948229,-30.98,-,https://mopsov.twse.com.tw/nas/t21/sii/t21sc03_112_10_0.html,2026-10-09T15:39:43+0900
2023.11,8046,南電,sii,3034064,3600237,5954557,-15.72,-49.04,39575985,58902786,-32.81,-,https://mopsov.twse.com.tw/nas/t21/sii/t21sc03_112_11_0.html,2026-10-09T15:39:43+0900
2023.12,8046,南電,sii,2676593,3034064,5744050,-11.78,-53.40,42252578,64646836,-34.64,因地緣政治影響IC載板需求，致銷售減少。,https://mopsov.twse.com.tw/nas/t21/sii/t21sc03_112_12_0.html,2026-10-09T15:39:43+0900
2024.01,8046,南電,sii,2561593,2676593,4105697,-4.29,-37.60,2561593,4105697,-37.60,-,https://mopsov.twse.com.tw/nas/t21/sii/t21sc03_113_1_0.html,2026-10-09T15:39:43+0900
2024.02,8046,南電,sii,1872631,2561593,4109485,-26.89,-54.43,4434224,8215182,-46.02,本月營收較去年同期減少達54.43%，因地緣政治影響需求，致營業額減少。,https://mopsov.twse.com.tw/nas/t21/sii/t21sc03_113_2_0.html,2026-10-09T15:39:43+0900
2024.03,8046,南電,sii,2666348,1872631,4365475,42.38,-38.92,7100572,12580657,-43.55,-,https://mopsov.twse.com.tw/nas/t21/sii/t21sc03_113_3_0.html,2026-10-09T15:39:43+0900
2024.04,8046,南電,sii,2676047,2666348,3709379,0.36,-27.85,9776619,16290036,-39.98,-,https://mopsov.twse.com.tw/nas/t21/sii/t21sc03_113_4_0.html,2026-10-09T15:39:43+0900
2024.05,8046,南電,sii,2699432,2676047,3338634,0.87,-19.14,12476051,19628670,-36.43,-,https://mopsov.twse.com.tw/nas/t21/sii/t21sc03_113_5_0.html,2026-10-09T15:39:43+0900
2024.06,8046,南電,sii,2745127,2699432,3085630,1.69,-11.03,15221178,22714300,-32.98,-,https://mopsov.twse.com.tw/nas/t21/sii/t21sc03_113_6_0.html,2026-10-09T15:39:43+0900
2024.07,8046,南電,sii,3125412,2745127,3333511,13.85,-6.24,18346590,26047811,-29.56,-,https://mopsov.twse.com.tw/nas/t21/sii/t21sc03_113_7_0.html,2026-10-09T15:39:43+0900
2024.08,8046,南電,sii,3097645,3125412,3374154,-0.88,-8.19,21444235,29421965,-27.11,-,https://mopsov.twse.com.tw/nas/t21/sii/t21sc03_113_8_0.html,2026-10-09T15:39:43+0900
2024.09,8046,南電,sii,2968814,3097645,3519719,-4.15,-15.65,24413049,32941684,-25.89,-,https://mopsov.twse.com.tw/nas/t21/sii/t21sc03_113_9_0.html,2026-10-09T15:39:43+0900
2024.10,8046,南電,sii,2616078,2968814,3600237,-11.88,-27.33,27029127,36541921,-26.03,-,https://mopsov.twse.com.tw/nas/t21/sii/t21sc03_113_10_0.html,2026-10-09T15:39:43+0900
2024.11,8046,南電,sii,2577203,2616078,3034064,-1.48,-15.05,29606330,39575985,-25.19,-,https://mopsov.twse.com.tw/nas/t21/sii/t21sc03_113_11_0.html,2026-10-09T15:39:43+0900
2024.12,8046,南電,sii,2677001,2577203,2676593,3.87,0.01,32283331,42252578,-23.59,-,https://mopsov.twse.com.tw/nas/t21/sii/t21sc03_113_12_0.html,2026-10-09T15:39:43+0900
2025.01,8046,南電,sii,2566125,2677001,2561593,-4.14,0.17,2566125,2561593,0.17,-,https://mopsov.twse.com.tw/nas/t21/sii/t21sc03_114_1_0.html,2026-10-09T15:39:43+0900
2025.02,8046,南電,sii,2805847,2566125,1872631,9.34,49.83,5371972,4434224,21.14,-,https://mopsov.twse.com.tw/nas/t21/sii/t21sc03_114_2_0.html,2026-10-09T15:39:43+0900
2025.03,8046,南電,sii,3086060,2805847,2666348,9.98,15.74,8458032,7100572,19.11,-,https://mopsov.twse.com.tw/nas/t21/sii/t21sc03_114_3_0.html,2026-10-09T15:39:43+0900
2025.04,8046,南電,sii,3191344,3086060,2676047,3.41,19.25,11649376,9776619,19.15,-,https://mopsov.twse.com.tw/nas/t21/sii/t21sc03_114_4_0.html,2026-10-09T15:39:43+0900
2025.05,8046,南電,sii,3269216,3191344,2699432,2.44,21.10,14918592,12476051,19.57,-,https://mopsov.twse.com.tw/nas/t21/sii/t21sc03_114_5_0.html,2026-10-09T15:39:43+0900
2025.06,8046,南電,sii,3122359,3269216,2745127,-4.49,13.74,18040951,15221178,18.52,-,https://mopsov.twse.com.tw/nas/t21/sii/t21sc03_114_6_0.html,2026-10-09T15:39:43+0900
2025.07,8046,南電,sii,3620679,3122359,3125412,15.95,15.84,21661630,18346590,18.06,-,https://mopsov.twse.com.tw/nas/t21/sii/t21sc03_114_7_0.html,2026-10-09T15:39:43+0900
2025.08,8046,南電,sii,3807312,3620679,3097645,5.15,22.90,25468942,21444235,18.76,-,https://mopsov.twse.com.tw/nas/t21/sii/t21sc03_114_8_0.html,2026-10-09T15:39:43+0900
2025.09,8046,南電,sii,3539459,3807312,2968814,-7.03,19.22,29008401,24413049,18.82,-,https://mopsov.twse.com.tw/nas/t21/sii/t21sc03_114_9_0.html,2026-10-09T15:39:43+0900
2025.10,8046,南電,sii,3706423,3539459,2616078,4.71,41.67,32714824,27029127,21.03,-,https://mopsov.twse.com.tw/nas/t21/sii/t21sc03_114_10_0.html,2026-10-09T15:39:43+0900
2025.11,8046,南電,sii,3534352,3706423,2577203,-4.64,37.13,36249176,29606330,22.43,-,https://mopsov.twse.com.tw/nas/t21/sii/t21sc03_114_11_0.html,2026-10-09T15:39:43+0900
2025.12,8046,南電,sii,3923814,3534352,2677001,11.01,46.57,40172990,32283331,24.43,-,https://mopsov.twse.com.tw/nas/t21/sii/t21sc03_114_12_0.html,2026-10-09T15:39:43+0900
2026.01,8046,南電,sii,3720425,3923814,2566125,-5.18,44.98,3720425,2566125,44.98,-,https://mopsov.twse.com.tw/nas/t21/sii/t21sc03_115_1_0.html,2026-10-09T15:39:43+0900
2026.02,8046,南電,sii,3166126,3720425,2805847,-14.89,12.84,6886551,5371972,28.19,-,https://mopsov.twse.com.tw/nas/t21/sii/t21sc03_115_2_0.html,2026-10-09T15:39:43+0900
2026.03,8046,南電,sii,4290690,3166126,3086060,35.51,39.03,11177241,8458032,32.14,-,https://mopsov.twse.com.tw/nas/t21/sii/t21sc03_115_3_0.html,2026-10-09T15:39:43+0900
2026.04,8046,南電,sii,4450857,4290690,3191344,3.73,39.46,15628098,11649376,34.15,-,https://mopsov.twse.com.tw/nas/t21/sii/t21sc03_115_4_0.html,2026-10-09T15:39:43+0900
2026.05,8046,南電,sii,4440287,4450857,3269216,-0.23,35.82,20068385,14918592,34.51,-,https://mopsov.twse.com.tw/nas/t21/sii/t21sc03_115_5_0.html,2026-10-09T15:39:43+0900
2026.06,8046,南電,sii,4684331,4440287,3122359,5.49,50.02,24752716,18040951,37.20,因受市場需求成長影響。,https://mopsov.twse.com.tw/nas/t21/sii/t21sc03_115_6_0.html,2026-10-09T15:39:43+0900
2026.07,8046,南電,sii,5439751,4684331,3620679,16.12,50.24,30192467,21661630,39.38,因受市場需求成長影響,https://mopsov.twse.com.tw/nas/t21/sii/t21sc03_115_7_0.html,2026-10-09T16:18:21+0900
2026.08,8046,南電,sii,5352700,5439751,3807312,-1.60,40.59,35545167,25468942,39.56,-,https://mopsov.twse.com.tw/nas/t21/sii/t21sc03_115_8_0.html,2026-10-09T16:18:21+0900
2026.09,8046,南電,sii,5585816,5352700,3539459,4.35,57.81,41130983,29008401,41.78,因受市場需求成長影響。,https://mopsov.twse.com.tw/nas/t21/sii/t21sc03_115_9_0.html,2026-10-09T16:18:21+0900
